Institución,Nombre del establecimiento,Clasificación,Departamento,Provincia,Distrito,UBIGEO,Categoria,CAMAS,Estado
GOBIERNO REGIONAL,SAN PABLO,PUESTOS DE SALUD O POSTAS DE SALUD,PIURA,TALARA,LA BREA,200703,I-1,,ACTIVADO
ESSALUD,POSTA MEDICA NEGRITOS,PUESTOS DE SALUD O POSTAS DE SALUD,PIURA,TALARA,LA BREA,200703,Sin Categoría,,ACTIVADO
GOBIERNO REGIONAL,NEGRITOS,CENTROS DE SALUD O CENTROS MEDICOS,PIURA,TALARA,LA BREA,200703,I-3,,ACTIVADO
GOBIERNO REGIONAL,LOBITOS,PUESTOS DE SALUD O POSTAS DE SALUD,PIURA,TALARA,LOBITOS,200704,I-2,,ACTIVADO
ESSALUD,HOSPITAL II ESSALUD TALARA,HOSPITALES O CLINICAS DE ATENCION GENERAL,PIURA,TALARA,PARIÑAS,200701,II-1,35.0,ACTIVADO
GOBIERNO REGIONAL,TALARA II,CENTROS DE SALUD CON CAMAS DE INTERNAMIENTO,PIURA,TALARA,PARIÑAS,200701,I-4,,ACTIVADO
GOBIERNO REGIONAL,JOSE ABELARDO QUINONES,CENTROS DE SALUD O CENTROS MEDICOS,PIURA,TALARA,PARIÑAS,200701,I-3,,ACTIVADO
GOBIERNO REGIONAL,CABO BLANCO,PUESTOS DE SALUD O POSTAS DE SALUD,PIURA,TALARA,EL ALTO,200702,I-1,,ACTIVADO
GOBIERNO REGIONAL,EL ALTO,PUESTOS DE SALUD O POSTAS DE SALUD,PIURA,TALARA,EL ALTO,200702,I-2,,ACTIVADO
ESSALUD,CENTRO MEDICO EL ALTO,CENTROS DE SALUD O CENTROS MEDICOS,PIURA,TALARA,EL ALTO,200702,Sin Categoría,,ACTIVADO
GOBIERNO REGIONAL,LA ISLILLA,PUESTOS DE SALUD O POSTAS DE SALUD,PIURA,PAITA,PAITA,200501,I-2,,ACTIVADO
GOBIERNO REGIONAL,FELIPE SANTIAGO SALAVERRY,PUESTOS DE SALUD O POSTAS DE SALUD,PIURA,TALARA,PARIÑAS,200701,I-2,,ACTIVADO
GOBIERNO REGIONAL,YACILA,PUESTOS DE SALUD O POSTAS DE SALUD,PIURA,PAITA,PAITA,200501,I-2,,ACTIVADO
GOBIERNO REGIONAL,EL ÑURO,PUESTOS DE SALUD O POSTAS DE SALUD,PIURA,TALARA,LOS ORGANOS,200705,I-1,,ACTIVADO
GOBIERNO REGIONAL,LOS ORGANOS,CENTROS DE SALUD O CENTROS MEDICOS,PIURA,TALARA,LOS ORGANOS,200705,I-3,,ACTIVADO
ESSALUD,POSTA MEDICA LOS ORGANOS - ESSALUD,PUESTOS DE SALUD O POSTAS DE SALUD,PIURA,TALARA,LOS ORGANOS,200705,Sin Categoría,,ACTIVADO
GOBIERNO REGIONAL,P.S LA TORTUGA,CENTROS DE SALUD O CENTROS MEDICOS,PIURA,PAITA,PAITA,200501,I-2,,ACTIVADO
GOBIERNO REGIONAL,LA ISLA SAN LORENZO,PUESTOS DE SALUD O POSTAS DE SALUD,PIURA,PAITA,VICHAYAL,200507,I-2,,ACTIVADO
GOBIERNO REGIONAL,MIRAMAR,PUESTOS DE SALUD O POSTAS DE SALUD,PIURA,PAITA,VICHAYAL,200507,I-2,,ACTIVADO
ESSALUD,HOSPITAL I MIGUEL CRUZADO VERA - PAITA,CENTROS DE SALUD CON CAMAS DE INTERNAMIENTO,PIURA,PAITA,PAITA,200501,Sin Categoría,12.0,ACTIVADO
GOBIERNO REGIONAL,HOSPITAL  LAS MERCEDES-PAITA,HOSPITALES O CLINICAS DE ATENCION GENERAL,PIURA,PAITA,PAITA,200501,II-1,79.0,ACTIVADO
GOBIERNO REGIONAL,VICHAYAL,CENTROS DE SALUD O CENTROS MEDICOS,PIURA,PAITA,VICHAYAL,200507,I-3,,ACTIVADO
GOBIERNO REGIONAL,SAN LUCAS DE COLAN,PUESTOS DE SALUD O POSTAS DE SALUD,PIURA,PAITA,PAITA,200501,I-2,,ACTIVADO
GOBIERNO REGIONAL,PUEBLO NUEVO DE COLAN,CENTROS DE SALUD CON CAMAS DE INTERNAMIENTO,PIURA,PAITA,COLAN,200504,I-4,,ACTIVADO
GOBIERNO REGIONAL,MANCORA,CENTROS DE SALUD O CENTROS MEDICOS,PIURA,TALARA,MANCORA,200706,I-3,,ACTIVADO
GOBIERNO REGIONAL,P.S PUERTO RICO,PUESTOS DE SALUD O POSTAS DE SALUD,PIURA,SECHURA,SECHURA,200801,I-1,,ACTIVADO
GOBIERNO REGIONAL,EL ARENAL,CENTROS DE SALUD O CENTROS MEDICOS,PIURA,PAITA,ARENAL,200503,I-3,,ACTIVADO
GOBIERNO REGIONAL,AMOTAPE,PUESTOS DE SALUD O POSTAS DE SALUD,PIURA,PAITA,AMOTAPE,200502,I-2,,ACTIVADO
GOBIERNO REGIONAL,EL TAMBO,PUESTOS DE SALUD O POSTAS DE SALUD,PIURA,PAITA,AMOTAPE,200502,I-2,,ACTIVADO
GOBIERNO REGIONAL,TAMARINDO,CENTROS DE SALUD O CENTROS MEDICOS,PIURA,PAITA,TAMARINDO,200506,I-3,,ACTIVADO
GOBIERNO REGIONAL,BARRANCOS.,PUESTOS DE SALUD O POSTAS DE SALUD,TUMBES,CONTRALMIRANTE VILLAR,CANOAS DE PUNTA SAL,240203,I-1,,ACTIVADO
GOBIERNO REGIONAL,LA HUACA,CENTROS DE SALUD O CENTROS MEDICOS,PIURA,PAITA,LA HUACA,200505,I-3,,ACTIVADO
GOBIERNO REGIONAL,CANCAS,CENTROS DE SALUD O CENTROS MEDICOS,TUMBES,CONTRALMIRANTE VILLAR,CANOAS DE PUNTA SAL,240203,I-3,,ACTIVADO
GOBIERNO REGIONAL,MONTELIMA,PUESTOS DE SALUD O POSTAS DE SALUD,PIURA,SULLANA,IGNACIO ESCUDERO,200603,I-1,,ACTIVADO
GOBIERNO REGIONAL,VIVIATE,CENTROS DE SALUD O CENTROS MEDICOS,PIURA,PAITA,LA HUACA,200505,I-3,,ACTIVADO
GOBIERNO REGIONAL,SAN MIGUEL,PUESTOS DE SALUD O POSTAS DE SALUD,PIURA,SULLANA,IGNACIO ESCUDERO,200603,I-1,,ACTIVADO
GOBIERNO REGIONAL,PAJARITOS,PUESTOS DE SALUD O POSTAS DE SALUD,TUMBES,CONTRALMIRANTE VILLAR,CANOAS DE PUNTA SAL,240203,I-1,,ACTIVADO
GOBIERNO REGIONAL,NOMARA,PUESTOS DE SALUD O POSTAS DE SALUD,PIURA,PAITA,LA HUACA,200505,I-1,,ACTIVADO
GOBIERNO REGIONAL,IGNACIO ESCUDERO,CENTROS DE SALUD O CENTROS MEDICOS,PIURA,SULLANA,IGNACIO ESCUDERO,200603,I-3,,ACTIVADO
ESSALUD,POSTA MEDICA IGNACIO ESCUDERO,PUESTOS DE SALUD O POSTAS DE SALUD,PIURA,SULLANA,IGNACIO ESCUDERO,200603,Sin Categoría,,ACTIVADO
GOBIERNO REGIONAL,P.S LA BOCANA (DE SECHURA),PUESTOS DE SALUD O POSTAS DE SALUD,PIURA,SECHURA,SECHURA,200801,I-1,,ACTIVADO
GOBIERNO REGIONAL,P.S PARACHIQUE,PUESTOS DE SALUD O POSTAS DE SALUD,PIURA,SECHURA,SECHURA,200801,I-2,,ACTIVADO
GOBIERNO REGIONAL,MACACARA,PUESTOS DE SALUD O POSTAS DE SALUD,PIURA,PAITA,LA HUACA,200505,I-2,,ACTIVADO
GOBIERNO REGIONAL,CONSTANTE,PUESTOS DE SALUD O POSTAS DE SALUD,PIURA,SECHURA,SECHURA,200801,I-1,,ACTIVADO
GOBIERNO REGIONAL,SAN JUAN DE LA VIRGEN,PUESTOS DE SALUD O POSTAS DE SALUD,PIURA,SULLANA,IGNACIO ESCUDERO,200603,I-2,,ACTIVADO
GOBIERNO REGIONAL,SANTA SOFIA,PUESTOS DE SALUD O POSTAS DE SALUD,PIURA,SULLANA,IGNACIO ESCUDERO,200603,I-2,,ACTIVADO
GOBIERNO REGIONAL,TANGARARA,PUESTOS DE SALUD O POSTAS DE SALUD,PIURA,SULLANA,MARCAVELICA,200605,I-2,,ACTIVADO
GOBIERNO REGIONAL,C.S SECHURA,CENTROS DE SALUD CON CAMAS DE INTERNAMIENTO,PIURA,SECHURA,SECHURA,200801,I-4,,ACTIVADO
GOBIERNO REGIONAL,P.S CHUSIS,PUESTOS DE SALUD O POSTAS DE SALUD,PIURA,SECHURA,SECHURA,200801,I-1,,ACTIVADO
GOBIERNO REGIONAL,MIGUEL CHECA,CENTROS DE SALUD O CENTROS MEDICOS,PIURA,SULLANA,MIGUEL CHECA,200606,I-3,,ACTIVADO
GOBIERNO REGIONAL,P.S I-2 BECARA,PUESTOS DE SALUD O POSTAS DE SALUD,PIURA,SECHURA,VICE,200805,I-2,,ACTIVADO
GOBIERNO REGIONAL,P.S I-2 LETIRA,PUESTOS DE SALUD O POSTAS DE SALUD,PIURA,SECHURA,VICE,200805,I-2,,ACTIVADO
GOBIERNO REGIONAL,MONTERON,PUESTOS DE SALUD O POSTAS DE SALUD,PIURA,SULLANA,MARCAVELICA,200605,I-2,,ACTIVADO
GOBIERNO REGIONAL,P.S TAJAMAR,PUESTOS DE SALUD O POSTAS DE SALUD,PIURA,SECHURA,SECHURA,200801,I-1,,ACTIVADO
GOBIERNO REGIONAL,LA GOLONDRINA,PUESTOS DE SALUD O POSTAS DE SALUD,PIURA,SULLANA,MARCAVELICA,200605,I-2,,ACTIVADO
GOBIERNO REGIONAL,P.S LOMA NEGRA,PUESTOS DE SALUD O POSTAS DE SALUD,PIURA,PIURA,LA ARENA,200109,I-1,,ACTIVADO
GOBIERNO REGIONAL,C.S VICE,CENTROS DE SALUD O CENTROS MEDICOS,PIURA,SECHURA,VICE,200805,I-3,,ACTIVADO
GOBIERNO REGIONAL,P.S SANCHEZ,PUESTOS DE SALUD O POSTAS DE SALUD,PIURA,SECHURA,VICE,200805,I-1,,ACTIVADO
GOBIERNO REGIONAL,P.S YAPATO,PUESTOS DE SALUD O POSTAS DE SALUD,PIURA,PIURA,LA UNION,200110,I-1,,ACTIVADO
GOBIERNO REGIONAL,MALLARES,PUESTOS DE SALUD O POSTAS DE SALUD,PIURA,SULLANA,MARCAVELICA,200605,I-2,,ACTIVADO
GOBIERNO REGIONAL,P.S TABLAZO NORTE,PUESTOS DE SALUD O POSTAS DE SALUD,PIURA,PIURA,LA UNION,200110,I-2,,ACTIVADO
GOBIERNO REGIONAL,ACAPULCO.,PUESTOS DE SALUD O POSTAS DE SALUD,TUMBES,CONTRALMIRANTE VILLAR,ZORRITOS,240201,I-2,,ACTIVADO
GOBIERNO REGIONAL,P.S RINCONADA LLICUAR,PUESTOS DE SALUD O POSTAS DE SALUD,PIURA,SECHURA,RINCONADA-LLICUAR,200806,I-2,,ACTIVADO
GOBIERNO REGIONAL,SAMAN,PUESTOS DE SALUD O POSTAS DE SALUD,PIURA,SULLANA,MARCAVELICA,200605,I-2,,ACTIVADO
GOBIERNO REGIONAL,P.S CHALACO (DE VICE),PUESTOS DE SALUD O POSTAS DE SALUD,PIURA,SECHURA,VICE,200805,I-1,,ACTIVADO
GOBIERNO REGIONAL,P.S CASA GRANDE,PUESTOS DE SALUD O POSTAS DE SALUD,PIURA,PIURA,LA ARENA,200109,I-2,,ACTIVADO
GOBIERNO REGIONAL,C.S BELLAVISTA,CENTROS DE SALUD O CENTROS MEDICOS,PIURA,SECHURA,BELLAVISTA DE LA UNION,200802,I-3,,ACTIVADO
GOBIERNO REGIONAL,C.S LA UNION,CENTROS DE SALUD CON CAMAS DE INTERNAMIENTO,PIURA,PIURA,LA UNION,200110,I-4,15.0,ACTIVADO
ESSALUD,"CENTRO MEDICO ""LEONCIO AMAYA TUME""",CENTROS DE SALUD O CENTROS MEDICOS,PIURA,PIURA,LA UNION,200110,Sin Categoría,,ACTIVADO
GOBIERNO REGIONAL,JIBITO,PUESTOS DE SALUD O POSTAS DE SALUD,PIURA,SULLANA,MIGUEL CHECA,200606,I-2,,ACTIVADO
GOBIERNO REGIONAL,P.S CUMBIBIRA,PUESTOS DE SALUD O POSTAS DE SALUD,PIURA,PIURA,CATACAOS,200105,I-1,,ACTIVADO
GOBIERNO REGIONAL,E.S. I 4  BERNAL,CENTROS DE SALUD CON CAMAS DE INTERNAMIENTO,PIURA,SECHURA,BERNAL,200803,I-4,,ACTIVADO
GOBIERNO REGIONAL,LA NORIA,PUESTOS DE SALUD O POSTAS DE SALUD,PIURA,SULLANA,MARCAVELICA,200605,I-1,,ACTIVADO
GOBIERNO REGIONAL,P.S CRISTO NOS VALGA,PUESTOS DE SALUD O POSTAS DE SALUD,PIURA,SECHURA,CRISTO NOS VALGA,200804,I-2,,ACTIVADO
GOBIERNO REGIONAL,P.S SAN CLEMENTE,PUESTOS DE SALUD O POSTAS DE SALUD,PIURA,SECHURA,BELLAVISTA DE LA UNION,200802,I-2,,ACTIVADO
GOBIERNO REGIONAL,VISTA FLORIDA,PUESTOS DE SALUD O POSTAS DE SALUD,PIURA,SULLANA,MARCAVELICA,200605,I-1,,ACTIVADO
GOBIERNO REGIONAL,P.S RIO VIEJO,PUESTOS DE SALUD O POSTAS DE SALUD,PIURA,PIURA,LA ARENA,200109,I-1,,ACTIVADO
GOBIERNO REGIONAL,LA QUINTA,PUESTOS DE SALUD O POSTAS DE SALUD,PIURA,SULLANA,MARCAVELICA,200605,I-1,,ACTIVADO
GOBIERNO REGIONAL,NUEVO SULLANA,CENTROS DE SALUD O CENTROS MEDICOS,PIURA,SULLANA,SULLANA,200601,I-3,,ACTIVADO
GOBIERNO REGIONAL,P.S LAS MALVINAS,PUESTOS DE SALUD O POSTAS DE SALUD,PIURA,PIURA,LA ARENA,200109,I-1,,ACTIVADO
GOBIERNO REGIONAL,BOCAPAN.,PUESTOS DE SALUD O POSTAS DE SALUD,TUMBES,CONTRALMIRANTE VILLAR,ZORRITOS,240201,I-1,,ACTIVADO
GOBIERNO REGIONAL,MALLARITOS,PUESTOS DE SALUD O POSTAS DE SALUD,PIURA,SULLANA,MARCAVELICA,200605,I-2,,ACTIVADO
GOBIERNO REGIONAL,P.S MONTE CASTILLO,PUESTOS DE SALUD O POSTAS DE SALUD,PIURA,PIURA,CATACAOS,200105,I-2,,ACTIVADO
GOBIERNO REGIONAL,C.S LA ARENA,CENTROS DE SALUD O CENTROS MEDICOS,PIURA,PIURA,LA ARENA,200109,I-3,,ACTIVADO
GOBIERNO REGIONAL,VILLA PRIMAVERA,CENTROS DE SALUD O CENTROS MEDICOS,PIURA,SULLANA,SULLANA,200601,I-3,,ACTIVADO
GOBIERNO REGIONAL,P.S MONTE REDONDO,PUESTOS DE SALUD O POSTAS DE SALUD,PIURA,PIURA,LA UNION,200110,I-1,,ACTIVADO
GOBIERNO REGIONAL,MARCAVELICA,CENTROS DE SALUD O CENTROS MEDICOS,PIURA,SULLANA,MARCAVELICA,200605,I-3,,ACTIVADO
GOBIERNO REGIONAL,P.S PAREDONES,PUESTOS DE SALUD O POSTAS DE SALUD,PIURA,PIURA,CATACAOS,200105,I-1,,ACTIVADO
GOBIERNO REGIONAL,P.S ALTO DE LOS MORES,PUESTOS DE SALUD O POSTAS DE SALUD,PIURA,PIURA,LA ARENA,200109,I-1,,ACTIVADO
GOBIERNO REGIONAL,P.S CANIZAL CHICO,PUESTOS DE SALUD O POSTAS DE SALUD,PIURA,PIURA,LA UNION,200110,I-1,,ACTIVADO
GOBIERNO REGIONAL,P.S CHATITO,PUESTOS DE SALUD O POSTAS DE SALUD,PIURA,PIURA,LA ARENA,200109,I-2,,ACTIVADO
GOBIERNO REGIONAL,P.S LAS VEGAS DE CIENEGUILLO,PUESTOS DE SALUD O POSTAS DE SALUD,PIURA,PIURA,VEINTISEIS DE OCTUBRE,200115,I-2,,ACTIVADO
GOBIERNO REGIONAL,P.S MONTEGRANDE,PUESTOS DE SALUD O POSTAS DE SALUD,PIURA,PIURA,LA ARENA,200109,I-1,,ACTIVADO
GOBIERNO REGIONAL,HOSPITAL DE APOYO II-SULLANA,HOSPITALES O CLINICAS DE ATENCION GENERAL,PIURA,SULLANA,SULLANA,200601,II-2,184.0,ACTIVADO
GOBIERNO REGIONAL,COMUNIDAD SALUDABLE,CENTROS DE SALUD O CENTROS MEDICOS,PIURA,SULLANA,SULLANA,200601,I-3,,ACTIVADO
GOBIERNO REGIONAL,LABORATORIO REFERENCIAL SUB REGIONAL DE SALUD LCC,PATOLOGIA CLINICA,PIURA,SULLANA,SULLANA,200601,Sin Categoría,,ACTIVADO
ESSALUD,HOSPITAL I ESSALUD- SULLANA,HOSPITALES O CLINICAS DE ATENCION GENERAL,PIURA,SULLANA,SULLANA,200601,Sin Categoría,20.0,ACTIVADO
GOBIERNO REGIONAL,MIRAFLORES,PUESTOS DE SALUD O POSTAS DE SALUD,PIURA,SULLANA,SALITRAL,200608,I-1,,ACTIVADO
GOBIERNO REGIONAL,P.S. I-1 NARIHUALA,PUESTOS DE SALUD O POSTAS DE SALUD,PIURA,PIURA,CATACAOS,200105,I-1,,ACTIVADO
GOBIERNO REGIONAL,CANAL MOCHO-CIENEG.SUR,PUESTOS DE SALUD O POSTAS DE SALUD,PIURA,SULLANA,SULLANA,200601,I-2,,ACTIVADO
GOBIERNO REGIONAL,P.S PEDREGAL GRANDE,PUESTOS DE SALUD O POSTAS DE SALUD,PIURA,PIURA,CATACAOS,200105,I-2,,ACTIVADO
GOBIERNO REGIONAL,SALITRAL,CENTROS DE SALUD O CENTROS MEDICOS,PIURA,SULLANA,SALITRAL,200608,I-3,,ACTIVADO
GOBIERNO REGIONAL,EL OBRERO,CENTROS DE SALUD O CENTROS MEDICOS,PIURA,SULLANA,SULLANA,200601,I-3,,ACTIVADO
GOBIERNO REGIONAL,P.S SAN SEBASTIAN,PUESTOS DE SALUD O POSTAS DE SALUD,PIURA,PIURA,VEINTISEIS DE OCTUBRE,200115,I-2,,ACTIVADO
GOBIERNO REGIONAL,P.S MONTE SULLON,PUESTOS DE SALUD O POSTAS DE SALUD,PIURA,PIURA,CATACAOS,200105,I-2,,ACTIVADO
GOBIERNO REGIONAL,CS I-2  EL TALLAN,CENTROS DE SALUD O CENTROS MEDICOS,PIURA,PIURA,EL TALLAN,200108,I-2,,ACTIVADO
GOBIERNO REGIONAL,ZORRITOS,CENTROS DE SALUD CON CAMAS DE INTERNAMIENTO,TUMBES,CONTRALMIRANTE VILLAR,ZORRITOS,240201,I-4,18.0,ACTIVADO
ESSALUD,POSTA MEDICA ZORRITOS,PUESTOS DE SALUD O POSTAS DE SALUD,TUMBES,CONTRALMIRANTE VILLAR,ZORRITOS,240201,Sin Categoría,,ACTIVADO
GOBIERNO REGIONAL,P.S SANTA ROSA,PUESTOS DE SALUD O POSTAS DE SALUD,PIURA,PIURA,CURA MORI,200107,I-1,,ACTIVADO
GOBIERNO REGIONAL,SANTA TERESITA,CENTROS DE SALUD O CENTROS MEDICOS,PIURA,SULLANA,SULLANA,200601,I-3,,ACTIVADO
GOBIERNO REGIONAL,C.S MICAELA BASTIDAS,CENTROS DE SALUD O CENTROS MEDICOS,PIURA,PIURA,VEINTISEIS DE OCTUBRE,200115,I-3,,ACTIVADO
ESSALUD,CENTRO DE ATENCION PRIMARIA-CAP III CATACAOS,CENTROS DE SALUD O CENTROS MEDICOS,PIURA,PIURA,CATACAOS,200105,Sin Categoría,,ACTIVADO
GOBIERNO REGIONAL,NUEVE DE OCTUBRE,CENTROS DE SALUD O CENTROS MEDICOS,PIURA,SULLANA,SULLANA,200601,I-3,,ACTIVADO
GOBIERNO REGIONAL,TRIGAL,PUESTOS DE SALUD O POSTAS DE SALUD,TUMBES,CONTRALMIRANTE VILLAR,CASITAS,240202,I-1,,ACTIVADO
GOBIERNO REGIONAL,CENTRO DE SALUD MATERNO INFANTIL-CATACAOS,CENTROS DE SALUD CON CAMAS DE INTERNAMIENTO,PIURA,PIURA,CATACAOS,200105,I-4,,ACTIVADO
GOBIERNO REGIONAL,P.S I - 1 SAN JACINTO,PUESTOS DE SALUD O POSTAS DE SALUD,PIURA,PIURA,CATACAOS,200105,I-1,,ACTIVADO
GOBIERNO REGIONAL,BELLAVISTA,CENTROS DE SALUD CON CAMAS DE INTERNAMIENTO,PIURA,SULLANA,BELLAVISTA,200602,I-4,,ACTIVADO
GOBIERNO REGIONAL,P.S CIENEGUILLO SUR,PUESTOS DE SALUD O POSTAS DE SALUD,PIURA,PIURA,VEINTISEIS DE OCTUBRE,200115,I-2,,ACTIVADO
GOBIERNO REGIONAL,E.S. I-3 CURA MORI,CENTROS DE SALUD O CENTROS MEDICOS,PIURA,PIURA,CURA MORI,200107,I-3,,ACTIVADO
GOBIERNO REGIONAL,HOSPITAL DE LA AMISTAD PERU - COREA SANTA ROSA II-2,HOSPITALES O CLINICAS DE ATENCION GENERAL,PIURA,PIURA,VEINTISEIS DE OCTUBRE,200115,II-2,102.0,ACTIVADO
GOBIERNO REGIONAL,LA CHOZA,PUESTOS DE SALUD O POSTAS DE SALUD,TUMBES,CONTRALMIRANTE VILLAR,CASITAS,240202,I-2,,ACTIVADO
GOBIERNO REGIONAL,C.S NUEVA ESPERANZA,CENTROS DE SALUD O CENTROS MEDICOS,PIURA,PIURA,VEINTISEIS DE OCTUBRE,200115,I-3,,ACTIVADO
GOBIERNO REGIONAL,CIENEGUILLO CENTRO,PUESTOS DE SALUD O POSTAS DE SALUD,PIURA,SULLANA,SULLANA,200601,I-2,,ACTIVADO
GOBIERNO REGIONAL,EL CUCHO,PUESTOS DE SALUD O POSTAS DE SALUD,PIURA,SULLANA,BELLAVISTA,200602,I-1,,ACTIVADO
GOBIERNO REGIONAL,P.S LA LEGUA,PUESTOS DE SALUD O POSTAS DE SALUD,PIURA,PIURA,CATACAOS,200105,I-3,,ACTIVADO
GOBIERNO REGIONAL,C.S SANTA JULIA,CENTROS DE SALUD CON CAMAS DE INTERNAMIENTO,PIURA,PIURA,VEINTISEIS DE OCTUBRE,200115,I-4,,ACTIVADO
GOBIERNO REGIONAL,P.S POZO DE LOS RAMOS,PUESTOS DE SALUD O POSTAS DE SALUD,PIURA,PIURA,CURA MORI,200107,I-2,,ACTIVADO
GOBIERNO REGIONAL,P.S SIMBILA,PUESTOS DE SALUD O POSTAS DE SALUD,PIURA,PIURA,CATACAOS,200105,I-2,,ACTIVADO
GOBIERNO REGIONAL,CAÑAVERAL,CENTROS DE SALUD O CENTROS MEDICOS,TUMBES,CONTRALMIRANTE VILLAR,CASITAS,240202,I-3,,ACTIVADO
GOBIERNO REGIONAL,CENTRO DE INVESTIGACION Y CAPACITACION EN ENTOMOLOGIA Y ENFERMEDADES TRASMISIBLES,PATOLOGIA CLINICA,PIURA,SULLANA,QUERECOTILLO,200607,Sin Categoría,,ACTIVADO
GOBIERNO REGIONAL,LOS ALGARROBOS,CENTROS DE SALUD CON CAMAS DE INTERNAMIENTO,PIURA,PIURA,PIURA,200101,I-4,,ACTIVADO
GOBIERNO REGIONAL,C.S SAN JOSE,CENTROS DE SALUD O CENTROS MEDICOS,PIURA,PIURA,VEINTISEIS DE OCTUBRE,200115,I-3,,ACTIVADO
GOBIERNO REGIONAL,CLAS QUERECOTILLO,CENTROS DE SALUD CON CAMAS DE INTERNAMIENTO,PIURA,SULLANA,QUERECOTILLO,200607,I-4,,ACTIVADO
GOBIERNO REGIONAL,CONSUELO DE VELASCO,CENTROS DE SALUD CON CAMAS DE INTERNAMIENTO,PIURA,PIURA,VEINTISEIS DE OCTUBRE,200115,I-4,,ACTIVADO
GOBIERNO REGIONAL,C.S SAN PEDRO,CENTROS DE SALUD CON CAMAS DE INTERNAMIENTO,PIURA,PIURA,PIURA,200101,I-4,,ACTIVADO
GOBIERNO REGIONAL,P.S VICTOR RAUL HAYA DE LA TORRE,CENTROS DE SALUD O CENTROS MEDICOS,PIURA,PIURA,PIURA,200101,I-3,,ACTIVADO
ESSALUD,HOSPITAL II JORGE REATEGUI DELGADO,HOSPITALES O CLINICAS DE ATENCION GENERAL,PIURA,PIURA,PIURA,200101,Sin Categoría,95.0,ACTIVADO
GOBIERNO REGIONAL,LA MARGARITA,PUESTOS DE SALUD O POSTAS DE SALUD,PIURA,SULLANA,QUERECOTILLO,200607,I-2,,ACTIVADO
GOBIERNO REGIONAL,C.S PACHITEA,CENTROS DE SALUD CON CAMAS DE INTERNAMIENTO,PIURA,PIURA,PIURA,200101,I-4,8.0,ACTIVADO
GOBIERNO REGIONAL,GRAU,PUESTOS DE SALUD O POSTAS DE SALUD,TUMBES,CONTRALMIRANTE VILLAR,ZORRITOS,240201,I-1,,ACTIVADO
GOBIERNO REGIONAL,C.S CHICLAYITO,CENTROS DE SALUD O CENTROS MEDICOS,PIURA,PIURA,CASTILLA,200104,I-3,,ACTIVADO
ESSALUD,CENTRO DE ATENCIÓN PRIMARIA CAP III METROPOLITANO,POLICLINICOS,PIURA,PIURA,PIURA,200101,Sin Categoría,0.0,ACTIVADO
ESSALUD,HOSPITAL III JOSE CAYETANO HEREDIA,HOSPITALES O CLINICAS DE ATENCION ESPECIALIZADA,PIURA,PIURA,CASTILLA,200104,III-1,189.0,ACTIVADO
ESSALUD,INSTITUTO PERUANO DE OFTALMOLOGIA,INSTITUTOS DE SALUD ESPECIALIZADOS,PIURA,PIURA,CASTILLA,200104,Sin Categoría,6.0,ACTIVADO
GOBIERNO REGIONAL,SANTA CRUZ,PUESTOS DE SALUD O POSTAS DE SALUD,PIURA,SULLANA,QUERECOTILLO,200607,I-2,,ACTIVADO
GOBIERNO REGIONAL,C.S EL INDIO,CENTROS DE SALUD O CENTROS MEDICOS,PIURA,PIURA,CASTILLA,200104,I-3,,ACTIVADO
GOBIERNO REGIONAL,P.S. LAGRIMAS DE CURUMUY,PUESTOS DE SALUD O POSTAS DE SALUD,PIURA,PIURA,PIURA,200101,I-2,,ACTIVADO
ESSALUD,CAP III CASTILLA,CENTROS DE SALUD O CENTROS MEDICOS,PIURA,PIURA,CASTILLA,200104,I-2,,ACTIVADO
GOBIERNO REGIONAL,E.S. I-4 CASTILLA,CENTROS DE SALUD CON CAMAS DE INTERNAMIENTO,PIURA,PIURA,CASTILLA,200104,I-4,,ACTIVADO
GOBIERNO REGIONAL,P.S SAN PABLO,PUESTOS DE SALUD O POSTAS DE SALUD,PIURA,PIURA,CATACAOS,200105,I-1,,ACTIVADO
GOBIERNO REGIONAL,P.S ALMIRANTE GRAU EX CHATO CHICO,PUESTOS DE SALUD O POSTAS DE SALUD,PIURA,PIURA,CURA MORI,200107,I-1,,ACTIVADO
GOBIERNO REGIONAL,PUENTE DE LOS SERRANOS,PUESTOS DE SALUD O POSTAS DE SALUD,PIURA,SULLANA,QUERECOTILLO,200607,I-2,,ACTIVADO
GOBIERNO REGIONAL,P.S NVO. TALLAN,PUESTOS DE SALUD O POSTAS DE SALUD,PIURA,PIURA,EL TALLAN,200108,I-2,,ACTIVADO
GOBIERNO REGIONAL,C. S. MARIA GORETTI,CENTROS DE SALUD O CENTROS MEDICOS,PIURA,PIURA,CASTILLA,200104,I-3,,ACTIVADO
GOBIERNO REGIONAL,P.S EL PAPAYO,PUESTOS DE SALUD O POSTAS DE SALUD,PIURA,PIURA,CASTILLA,200104,I-1,,ACTIVADO
GOBIERNO REGIONAL,P.S CHAPAIRA,PUESTOS DE SALUD O POSTAS DE SALUD,PIURA,PIURA,CASTILLA,200104,I-1,,ACTIVADO
GOBIERNO REGIONAL,HUANGALA,PUESTOS DE SALUD O POSTAS DE SALUD,PIURA,SULLANA,BELLAVISTA,200602,I-2,,ACTIVADO
GOBIERNO REGIONAL,P.S MALA VIDA,PUESTOS DE SALUD O POSTAS DE SALUD,PIURA,SECHURA,CRISTO NOS VALGA,200804,I-1,,ACTIVADO
GOBIERNO REGIONAL,CASAS QUEMADAS,PUESTOS DE SALUD O POSTAS DE SALUD,PIURA,SULLANA,LANCONES,200604,I-1,,ACTIVADO
GOBIERNO REGIONAL,C.S TACALA,CENTROS DE SALUD O CENTROS MEDICOS,PIURA,PIURA,CASTILLA,200104,I-3,,ACTIVADO
GOBIERNO REGIONAL,P.S TERELA,PUESTOS DE SALUD O POSTAS DE SALUD,PIURA,PIURA,CASTILLA,200104,I-1,,ACTIVADO
GOBIERNO REGIONAL,CLAS LA CRUZ,CENTROS DE SALUD O CENTROS MEDICOS,TUMBES,TUMBES,LA CRUZ,240103,I-3,,ACTIVADO
GOBIERNO REGIONAL,P.S SAN RAFAEL,PUESTOS DE SALUD O POSTAS DE SALUD,PIURA,PIURA,CASTILLA,200104,I-2,,ACTIVADO
GOBIERNO REGIONAL,LA PEÑA - LA HORCA,PUESTOS DE SALUD O POSTAS DE SALUD,PIURA,SULLANA,QUERECOTILLO,200607,I-2,,ACTIVADO
GOBIERNO REGIONAL,SAN VICENTE DE PIEDRA RODADA,PUESTOS DE SALUD O POSTAS DE SALUD,PIURA,SULLANA,BELLAVISTA,200602,I-1,,ACTIVADO
GOBIERNO REGIONAL,STA. ROSA DE PIEDRA RODADA,PUESTOS DE SALUD O POSTAS DE SALUD,PIURA,SULLANA,BELLAVISTA,200602,I-1,,ACTIVADO
GOBIERNO REGIONAL,SAN FRANCISCO CHOCAN,PUESTOS DE SALUD O POSTAS DE SALUD,PIURA,SULLANA,QUERECOTILLO,200607,I-2,,ACTIVADO
GOBIERNO REGIONAL,P.S LA OBRILLA,PUESTOS DE SALUD O POSTAS DE SALUD,PIURA,PIURA,CASTILLA,200104,I-1,,ACTIVADO
GOBIERNO REGIONAL,CHALACALA,PUESTOS DE SALUD O POSTAS DE SALUD,PIURA,SULLANA,BELLAVISTA,200602,I-1,,ACTIVADO
GOBIERNO REGIONAL,SANTA VICTORIA,PUESTOS DE SALUD O POSTAS DE SALUD,PIURA,SULLANA,QUERECOTILLO,200607,I-2,,ACTIVADO
GOBIERNO REGIONAL,CHALACALA ALTA,PUESTOS DE SALUD O POSTAS DE SALUD,PIURA,SULLANA,BELLAVISTA,200602,I-1,,ACTIVADO
GOBIERNO REGIONAL,LANCONES,CENTROS DE SALUD O CENTROS MEDICOS,PIURA,SULLANA,LANCONES,200604,I-3,,ACTIVADO
GOBIERNO REGIONAL,SOMATE BAJO,PUESTOS DE SALUD O POSTAS DE SALUD,PIURA,SULLANA,BELLAVISTA,200602,I-2,,ACTIVADO
GOBIERNO REGIONAL,LA PEÑITA,PUESTOS DE SALUD O POSTAS DE SALUD,PIURA,PIURA,TAMBO GRANDE,200114,I-1,,ACTIVADO
GOBIERNO REGIONAL,QUEBRADA SECA,PUESTOS DE SALUD O POSTAS DE SALUD,PIURA,SULLANA,LANCONES,200604,I-1,,ACTIVADO
GOBIERNO REGIONAL,SOMATE CENTRO DE SERVICIOS,PUESTOS DE SALUD O POSTAS DE SALUD,PIURA,SULLANA,BELLAVISTA,200602,I-1,,ACTIVADO
GOBIERNO REGIONAL,PROGRESO BAJO,PUESTOS DE SALUD O POSTAS DE SALUD,PIURA,PIURA,TAMBO GRANDE,200114,I-2,,ACTIVADO
GOBIERNO REGIONAL,PAPAYO - ALGARROBO,PUESTOS DE SALUD O POSTAS DE SALUD,PIURA,PIURA,TAMBO GRANDE,200114,I-2,,ACTIVADO
GOBIERNO REGIONAL,SAN ISIDRO,PUESTOS DE SALUD O POSTAS DE SALUD,TUMBES,TUMBES,CORRALES,240102,I-2,,ACTIVADO
GOBIERNO REGIONAL,JAHUAY NEGRO,PUESTOS DE SALUD O POSTAS DE SALUD,PIURA,SULLANA,LANCONES,200604,I-1,,ACTIVADO
GOBIERNO REGIONAL,ENCUENTRO DE PILARES,PUESTOS DE SALUD O POSTAS DE SALUD,PIURA,SULLANA,LANCONES,200604,I-1,,ACTIVADO
GOBIERNO REGIONAL,RICA PLAYA,PUESTOS DE SALUD O POSTAS DE SALUD,TUMBES,TUMBES,SAN JACINTO,240105,I-1,,ACTIVADO
GOBIERNO REGIONAL,CAPITAN HOYLE  *,PUESTOS DE SALUD O POSTAS DE SALUD,TUMBES,TUMBES,SAN JACINTO,240105,I-1,,ACTIVADO
GOBIERNO REGIONAL,CHILACO PELADOS,PUESTOS DE SALUD O POSTAS DE SALUD,PIURA,SULLANA,LANCONES,200604,I-2,,ACTIVADO
GOBIERNO REGIONAL,CLAS CORRALES,CENTROS DE SALUD CON CAMAS DE INTERNAMIENTO,TUMBES,TUMBES,CORRALES,240102,I-4,12.0,ACTIVADO
GOBIERNO REGIONAL,VENADOS,PUESTOS DE SALUD O POSTAS DE SALUD,PIURA,SULLANA,LANCONES,200604,I-1,,ACTIVADO
GOBIERNO REGIONAL,JOSE OLAYA,PUESTOS DE SALUD O POSTAS DE SALUD,PIURA,SULLANA,BELLAVISTA,200602,I-1,,ACTIVADO
GOBIERNO REGIONAL,MALVAL,PUESTOS DE SALUD O POSTAS DE SALUD,TUMBES,TUMBES,CORRALES,240102,I-2,,ACTIVADO
GOBIERNO REGIONAL,OIDOR.,PUESTOS DE SALUD O POSTAS DE SALUD,TUMBES,TUMBES,SAN JACINTO,240105,I-1,,ACTIVADO
GOBIERNO REGIONAL,SAÚL GARRIDO ROSILLO,HOSPITALES O CLINICAS DE ATENCION ESPECIALIZADA,TUMBES,TUMBES,TUMBES,240101,II-1,118.0,ACTIVADO
GOBIERNO REGIONAL,HOSPITAL REGIONAL JOSE ALFREDO MENDOZA OLAVARRIA JAMO II-2,HOSPITALES O CLINICAS DE ATENCION ESPECIALIZADA,TUMBES,TUMBES,TUMBES,240101,II-2,133.0,ACTIVADO
GOBIERNO REGIONAL,CASA BLANQUEADA,PUESTOS DE SALUD O POSTAS DE SALUD,TUMBES,TUMBES,SAN JACINTO,240105,I-2,,ACTIVADO
GOBIERNO REGIONAL,SANTA ANA,PUESTOS DE SALUD O POSTAS DE SALUD,PIURA,PIURA,TAMBO GRANDE,200114,I-1,,ACTIVADO
GOBIERNO REGIONAL,VAQUERIA,PUESTOS DE SALUD O POSTAS DE SALUD,TUMBES,TUMBES,SAN JACINTO,240105,I-2,,ACTIVADO
GOBIERNO REGIONAL,HUASIMAL DE LA SOLANA,PUESTOS DE SALUD O POSTAS DE SALUD,PIURA,SULLANA,LANCONES,200604,I-1,,ACTIVADO
GOBIERNO REGIONAL,SAN JACINTO,CENTROS DE SALUD O CENTROS MEDICOS,TUMBES,TUMBES,SAN JACINTO,240105,I-3,,ACTIVADO
ESSALUD,CARLOS ALBERTO CORTEZ JIMENEZ,HOSPITALES O CLINICAS DE ATENCION GENERAL,TUMBES,TUMBES,TUMBES,240101,II-1,34.0,ACTIVADO
GOBIERNO REGIONAL,EL LIMON,PUESTOS DE SALUD O POSTAS DE SALUD,TUMBES,TUMBES,PAMPAS DE HOSPITAL,240104,I-1,,ACTIVADO
GOBIERNO REGIONAL,PAMPAS DE HOSPITAL,"CENTROS DE SALUD O CENTROS MEDICOS,CENTROS DE SALUD O CENTROS MEDICOS",TUMBES,TUMBES,PAMPAS DE HOSPITAL,240104,I-3,,ACTIVADO
GOBIERNO REGIONAL,CABUYAL,PUESTOS DE SALUD O POSTAS DE SALUD,TUMBES,TUMBES,PAMPAS DE HOSPITAL,240104,I-2,,ACTIVADO
GOBIERNO REGIONAL,PILARES,PUESTOS DE SALUD O POSTAS DE SALUD,PIURA,SULLANA,LANCONES,200604,I-1,,ACTIVADO
GOBIERNO REGIONAL,SINCHI ROCA,PUESTOS DE SALUD O POSTAS DE SALUD,PIURA,PIURA,TAMBO GRANDE,200114,I-2,,ACTIVADO
GOBIERNO REGIONAL,CLAS SAN JUAN DE LA VIRGEN,CENTROS DE SALUD O CENTROS MEDICOS,TUMBES,TUMBES,SAN JUAN DE LA VIRGEN,240106,I-3,,ACTIVADO
GOBIERNO REGIONAL,GARBANZAL,PUESTOS DE SALUD O POSTAS DE SALUD,TUMBES,TUMBES,SAN JUAN DE LA VIRGEN,240106,I-1,,ACTIVADO
GOBIERNO REGIONAL,SOMATE ALTO,PUESTOS DE SALUD O POSTAS DE SALUD,PIURA,SULLANA,BELLAVISTA,200602,I-1,,ACTIVADO
GOBIERNO REGIONAL,CLAS ANDRES ARAUJO MORAN,CENTROS DE SALUD O CENTROS MEDICOS,TUMBES,TUMBES,TUMBES,240101,I-3,,ACTIVADO
GOBIERNO REGIONAL,CERRO BLANCO,PUESTOS DE SALUD O POSTAS DE SALUD,TUMBES,TUMBES,SAN JUAN DE LA VIRGEN,240106,I-1,,ACTIVADO
GOBIERNO REGIONAL,LABORATORIO REFERENCIAL DE SALUD PUBLICA,"PATOLOGIA CLINICA,DIAGNOSTICO POR IMAGENES",TUMBES,TUMBES,TUMBES,240101,Sin Categoría,,ACTIVADO
GOBIERNO REGIONAL,SANTA ELENA - LAS LOMAS,PUESTOS DE SALUD O POSTAS DE SALUD,PIURA,PIURA,LAS LOMAS,200111,I-1,,ACTIVADO
GOBIERNO REGIONAL,YAHUAR HUACA,PUESTOS DE SALUD O POSTAS DE SALUD,PIURA,PIURA,TAMBO GRANDE,200114,I-1,,ACTIVADO
GOBIERNO REGIONAL,PAMPA GRANDE,CENTROS DE SALUD CON CAMAS DE INTERNAMIENTO,TUMBES,TUMBES,TUMBES,240101,I-4,9.0,ACTIVADO
GOBIERNO REGIONAL,CRUZ BLANCA.,PUESTOS DE SALUD O POSTAS DE SALUD,TUMBES,TUMBES,PAMPAS DE HOSPITAL,240104,I-1,,ACTIVADO
GOBIERNO REGIONAL,CHICA ALTA,PUESTOS DE SALUD O POSTAS DE SALUD,PIURA,PIURA,TAMBO GRANDE,200114,I-1,,ACTIVADO
GOBIERNO REGIONAL,CHORRERA  DE PULGUERAS,PUESTOS DE SALUD O POSTAS DE SALUD,PIURA,SULLANA,LANCONES,200604,I-1,,ACTIVADO
GOBIERNO REGIONAL,EL ALAMOR,PUESTOS DE SALUD O POSTAS DE SALUD,PIURA,SULLANA,LANCONES,200604,I-2,,ACTIVADO
GOBIERNO REGIONAL,P.S CRUZ DE CAÑA,PUESTOS DE SALUD O POSTAS DE SALUD,PIURA,PIURA,CASTILLA,200104,I-1,,ACTIVADO
GOBIERNO REGIONAL,PUERTO PIZARRO,PUESTOS DE SALUD O POSTAS DE SALUD,TUMBES,TUMBES,TUMBES,240101,I-2,,ACTIVADO
GOBIERNO REGIONAL,OCOTO ALTO,PUESTOS DE SALUD O POSTAS DE SALUD,PIURA,PIURA,TAMBO GRANDE,200114,I-1,,ACTIVADO
GOBIERNO REGIONAL,LA PEÑITA,PUESTOS DE SALUD O POSTAS DE SALUD,PIURA,SULLANA,LANCONES,200604,I-1,,ACTIVADO
GOBIERNO REGIONAL,EL PITAYO,PUESTOS DE SALUD O POSTAS DE SALUD,PIURA,SULLANA,LANCONES,200604,I-1,,ACTIVADO
GOBIERNO REGIONAL,PEDREGAL,PUESTOS DE SALUD O POSTAS DE SALUD,PIURA,PIURA,TAMBO GRANDE,200114,I-1,,ACTIVADO
GOBIERNO REGIONAL,LLOQUE YUPANQUI,PUESTOS DE SALUD O POSTAS DE SALUD,PIURA,PIURA,TAMBO GRANDE,200114,I-1,,ACTIVADO
GOBIERNO REGIONAL,BLAS,PUESTOS DE SALUD O POSTAS DE SALUD,PIURA,SULLANA,LANCONES,200604,I-1,,ACTIVADO
GOBIERNO REGIONAL,PICHONES BAJO,PUESTOS DE SALUD O POSTAS DE SALUD,PIURA,PIURA,LAS LOMAS,200111,I-1,,ACTIVADO
GOBIERNO REGIONAL,CP3-SAN MARTIN,PUESTOS DE SALUD O POSTAS DE SALUD,PIURA,PIURA,TAMBO GRANDE,200114,I-1,,ACTIVADO
ESSALUD,CENTRO MEDICO ESSALUD TAMBOGRANDE,CENTROS DE SALUD O CENTROS MEDICOS,PIURA,PIURA,TAMBO GRANDE,200114,Sin Categoría,,ACTIVADO
GOBIERNO REGIONAL,LA GREDA,PUESTOS DE SALUD O POSTAS DE SALUD,PIURA,PIURA,TAMBO GRANDE,200114,I-1,,ACTIVADO
GOBIERNO REGIONAL,TAMBOGRANDE,CENTROS DE SALUD CON CAMAS DE INTERNAMIENTO,PIURA,PIURA,TAMBO GRANDE,200114,I-4,,ACTIVADO
GOBIERNO REGIONAL,CP4,PUESTOS DE SALUD O POSTAS DE SALUD,PIURA,PIURA,TAMBO GRANDE,200114,I-1,,ACTIVADO
GOBIERNO REGIONAL,PLAYAS DE ROMERO,PUESTOS DE SALUD O POSTAS DE SALUD,PIURA,SULLANA,LANCONES,200604,I-1,,ACTIVADO
GOBIERNO REGIONAL,CP5,PUESTOS DE SALUD O POSTAS DE SALUD,PIURA,PIURA,LAS LOMAS,200111,I-1,,ACTIVADO
GOBIERNO REGIONAL,PELINGARA,PUESTOS DE SALUD O POSTAS DE SALUD,PIURA,PIURA,LAS LOMAS,200111,I-1,,ACTIVADO
GOBIERNO REGIONAL,LA RITA,PUESTOS DE SALUD O POSTAS DE SALUD,PIURA,PIURA,TAMBO GRANDE,200114,I-2,,ACTIVADO
GOBIERNO REGIONAL,EL PORVENIR,PUESTOS DE SALUD O POSTAS DE SALUD,PIURA,PIURA,TAMBO GRANDE,200114,I-1,,ACTIVADO
GOBIERNO REGIONAL,ENCUENTRO DE ROMEROS,PUESTOS DE SALUD O POSTAS DE SALUD,PIURA,SULLANA,LANCONES,200604,I-1,,ACTIVADO
GOBIERNO REGIONAL,LAS MONICAS,PUESTOS DE SALUD O POSTAS DE SALUD,PIURA,PIURA,TAMBO GRANDE,200114,I-1,,ACTIVADO
GOBIERNO REGIONAL,EL PARTIDOR,CENTROS DE SALUD O CENTROS MEDICOS,PIURA,PIURA,LAS LOMAS,200111,I-3,,ACTIVADO
GOBIERNO REGIONAL,SAN ISIDRO,CENTROS DE SALUD O CENTROS MEDICOS,PIURA,PIURA,TAMBO GRANDE,200114,I-3,,ACTIVADO
GOBIERNO REGIONAL,ZARUMILLA,CENTROS DE SALUD CON CAMAS DE INTERNAMIENTO,TUMBES,ZARUMILLA,ZARUMILLA,240301,I-4,20.0,ACTIVADO
GOBIERNO REGIONAL,CRUCETA,PUESTOS DE SALUD O POSTAS DE SALUD,PIURA,PIURA,TAMBO GRANDE,200114,I-2,,ACTIVADO
GOBIERNO REGIONAL,CLAS AGUAS VERDES,CENTROS DE SALUD O CENTROS MEDICOS,TUMBES,ZARUMILLA,AGUAS VERDES,240302,I-3,,ACTIVADO
GOBIERNO REGIONAL,MALINGUITAS,PUESTOS DE SALUD O POSTAS DE SALUD,PIURA,PIURA,TAMBO GRANDE,200114,I-1,,ACTIVADO
GOBIERNO REGIONAL,PALOMINOS,PUESTOS DE SALUD O POSTAS DE SALUD,PIURA,PIURA,TAMBO GRANDE,200114,I-2,,ACTIVADO
GOBIERNO REGIONAL,MALINGAS,PUESTOS DE SALUD O POSTAS DE SALUD,PIURA,PIURA,TAMBO GRANDE,200114,I-2,,ACTIVADO
GOBIERNO REGIONAL,LAS LOMAS,"CENTROS DE SALUD O CENTROS MEDICOS,CENTROS DE SALUD O CENTROS MEDICOS",PIURA,PIURA,LAS LOMAS,200111,I-3,,ACTIVADO
GOBIERNO REGIONAL,LA TIENDA,PUESTOS DE SALUD O POSTAS DE SALUD,PIURA,AYABACA,SUYO,200210,I-2,,ACTIVADO
GOBIERNO REGIONAL,POCITOS,PUESTOS DE SALUD O POSTAS DE SALUD,TUMBES,ZARUMILLA,AGUAS VERDES,240302,I-1,,ACTIVADO
GOBIERNO REGIONAL,CUCHARETA BAJA,PUESTOS DE SALUD O POSTAS DE SALUD,TUMBES,ZARUMILLA,AGUAS VERDES,240302,I-2,,ACTIVADO
GOBIERNO REGIONAL,C.S. PAPAYAL,CENTROS DE SALUD O CENTROS MEDICOS,TUMBES,ZARUMILLA,PAPAYAL,240304,I-3,,ACTIVADO
GOBIERNO REGIONAL,UÑA DE GATO,PUESTOS DE SALUD O POSTAS DE SALUD,TUMBES,ZARUMILLA,PAPAYAL,240304,I-2,,ACTIVADO
GOBIERNO REGIONAL,EL PORVENIR.,PUESTOS DE SALUD O POSTAS DE SALUD,TUMBES,ZARUMILLA,PAPAYAL,240304,I-1,,ACTIVADO
GOBIERNO REGIONAL,LOMA SAAVEDRA,PUESTOS DE SALUD O POSTAS DE SALUD,TUMBES,ZARUMILLA,AGUAS VERDES,240302,I-1,,ACTIVADO
GOBIERNO REGIONAL,P.S PACCHA,CENTROS DE SALUD O CENTROS MEDICOS,PIURA,MORROPON,CHULUCANAS,200401,I-3,,ACTIVADO
GOBIERNO REGIONAL,TEJEDORES,PUESTOS DE SALUD O POSTAS DE SALUD,PIURA,PIURA,TAMBO GRANDE,200114,I-1,,ACTIVADO
GOBIERNO REGIONAL,LA PALMA,PUESTOS DE SALUD O POSTAS DE SALUD,TUMBES,ZARUMILLA,PAPAYAL,240304,I-2,,ACTIVADO
GOBIERNO REGIONAL,GUARAGUAOS,PUESTOS DE SALUD O POSTAS DE SALUD,PIURA,PIURA,TAMBO GRANDE,200114,I-1,,ACTIVADO
GOBIERNO REGIONAL,C.S MATAPALO,CENTROS DE SALUD O CENTROS MEDICOS,TUMBES,ZARUMILLA,MATAPALO,240303,I-3,,ACTIVADO
GOBIERNO REGIONAL,P.S  I - 2 LA ENCANTADA,PUESTOS DE SALUD O POSTAS DE SALUD,PIURA,MORROPON,CHULUCANAS,200401,I-1,,ACTIVADO
GOBIERNO REGIONAL,LECHUGAL,PUESTOS DE SALUD O POSTAS DE SALUD,TUMBES,ZARUMILLA,PAPAYAL,240304,I-1,,ACTIVADO
GOBIERNO REGIONAL,P.S SOL SOL,PUESTOS DE SALUD O POSTAS DE SALUD,PIURA,MORROPON,CHULUCANAS,200401,I-1,,ACTIVADO
GOBIERNO REGIONAL,PUERTA PULACHE,PUESTOS DE SALUD O POSTAS DE SALUD,PIURA,PIURA,LAS LOMAS,200111,I-1,,ACTIVADO
GOBIERNO REGIONAL,P.S KM 50,PUESTOS DE SALUD O POSTAS DE SALUD,PIURA,MORROPON,CHULUCANAS,200401,I-2,,ACTIVADO
GOBIERNO REGIONAL,HOSPITAL DE APOYO CHULUCANAS,HOSPITALES O CLINICAS DE ATENCION GENERAL,PIURA,MORROPON,CHULUCANAS,200401,II-1,68.0,ACTIVADO
ESSALUD,POSTA MEDICA  ESSALUD MORROPON,PUESTOS DE SALUD O POSTAS DE SALUD,PIURA,MORROPON,MORROPON,200405,Sin Categoría,,ACTIVADO
ESSALUD,CAP II CHULUCANAS,CENTROS DE SALUD O CENTROS MEDICOS,PIURA,MORROPON,CHULUCANAS,200401,Sin Categoría,,ACTIVADO
GOBIERNO REGIONAL,HUACHUMA ALTA,PUESTOS DE SALUD O POSTAS DE SALUD,PIURA,PIURA,LAS LOMAS,200111,I-1,,ACTIVADO
GOBIERNO REGIONAL,PAMPA ELERA BAJA,PUESTOS DE SALUD O POSTAS DE SALUD,PIURA,PIURA,LAS LOMAS,200111,I-1,,ACTIVADO
GOBIERNO REGIONAL,PAMPA  LARGA-GUITARRAS,PUESTOS DE SALUD O POSTAS DE SALUD,PIURA,AYABACA,SUYO,200210,I-2,,ACTIVADO
GOBIERNO REGIONAL,P.S YAPATERA,CENTROS DE SALUD O CENTROS MEDICOS,PIURA,MORROPON,CHULUCANAS,200401,I-3,,ACTIVADO
GOBIERNO REGIONAL,CHIPILLICO,PUESTOS DE SALUD O POSTAS DE SALUD,PIURA,PIURA,LAS LOMAS,200111,I-2,,ACTIVADO
GOBIERNO REGIONAL,P.S BATANES,PUESTOS DE SALUD O POSTAS DE SALUD,PIURA,MORROPON,CHULUCANAS,200401,I-2,,ACTIVADO
GOBIERNO REGIONAL,P.S PAPELILLO,PUESTOS DE SALUD O POSTAS DE SALUD,PIURA,MORROPON,CHULUCANAS,200401,I-2,,ACTIVADO
GOBIERNO REGIONAL,FICUAR,PUESTOS DE SALUD O POSTAS DE SALUD,LAMBAYEQUE,LAMBAYEQUE,OLMOS,140308,I-1,,ACTIVADO
GOBIERNO REGIONAL,LA MENTA,PUESTOS DE SALUD O POSTAS DE SALUD,PIURA,PIURA,LAS LOMAS,200111,I-1,,ACTIVADO
GOBIERNO REGIONAL,POTRERILLO,PUESTOS DE SALUD O POSTAS DE SALUD,PIURA,PIURA,LAS LOMAS,200111,I-2,,ACTIVADO
GOBIERNO REGIONAL,P.S LA MATANZA,CENTROS DE SALUD O CENTROS MEDICOS,PIURA,MORROPON,LA MATANZA,200404,I-3,,ACTIVADO
GOBIERNO REGIONAL,P.S  I-2  LA BOCANA,PUESTOS DE SALUD O POSTAS DE SALUD,PIURA,MORROPON,LA MATANZA,200404,I-1,,ACTIVADO
GOBIERNO REGIONAL,GARABATOS,PUESTOS DE SALUD O POSTAS DE SALUD,PIURA,PIURA,LAS LOMAS,200111,I-1,,ACTIVADO
GOBIERNO REGIONAL,EL SAUCE-LAS LOMAS,PUESTOS DE SALUD O POSTAS DE SALUD,PIURA,PIURA,LAS LOMAS,200111,I-1,,ACTIVADO
GOBIERNO REGIONAL,P.S   I-1 PIURA LA VIEJA,PUESTOS DE SALUD O POSTAS DE SALUD,PIURA,MORROPON,LA MATANZA,200404,I-1,,ACTIVADO
GOBIERNO REGIONAL,SANTA ANA DE QUIROZ,PUESTOS DE SALUD O POSTAS DE SALUD,PIURA,AYABACA,SUYO,200210,I-2,,ACTIVADO
GOBIERNO REGIONAL,LA SAUCHA,PUESTOS DE SALUD O POSTAS DE SALUD,PIURA,AYABACA,PAIMAS,200207,I-1,,ACTIVADO
GOBIERNO REGIONAL,LAS CUEVAS,PUESTOS DE SALUD O POSTAS DE SALUD,PIURA,AYABACA,FRIAS,200202,I-1,,ACTIVADO
GOBIERNO REGIONAL,SAN FRANCISCO DE PAMPA ELERA,PUESTOS DE SALUD O POSTAS DE SALUD,PIURA,PIURA,LAS LOMAS,200111,I-1,,ACTIVADO
GOBIERNO REGIONAL,P.S TALANDRACAS,PUESTOS DE SALUD O POSTAS DE SALUD,PIURA,MORROPON,CHULUCANAS,200401,I-1,,ACTIVADO
GOBIERNO REGIONAL,P.S LAYNAS,PUESTOS DE SALUD O POSTAS DE SALUD,PIURA,MORROPON,LA MATANZA,200404,I-1,,ACTIVADO
GOBIERNO REGIONAL,P.S TERNIQUE,PUESTOS DE SALUD O POSTAS DE SALUD,PIURA,MORROPON,LA MATANZA,200404,I-1,,ACTIVADO
GOBIERNO REGIONAL,E.S FRANCO,PUESTOS DE SALUD O POSTAS DE SALUD,PIURA,MORROPON,MORROPON,200405,I-1,,ACTIVADO
GOBIERNO REGIONAL,ANCOL CHICO,PUESTOS DE SALUD O POSTAS DE SALUD,LAMBAYEQUE,LAMBAYEQUE,OLMOS,140308,I-2,,ACTIVADO
GOBIERNO REGIONAL,P.S SAN PEDRO,PUESTOS DE SALUD O POSTAS DE SALUD,PIURA,MORROPON,CHULUCANAS,200401,I-2,,ACTIVADO
GOBIERNO REGIONAL,P.S CARRASQUILLO,PUESTOS DE SALUD O POSTAS DE SALUD,PIURA,MORROPON,BUENOS AIRES,200402,I-1,,ACTIVADO
GOBIERNO REGIONAL,P.S SILAHUA,PUESTOS DE SALUD O POSTAS DE SALUD,PIURA,AYABACA,FRIAS,200202,I-1,,ACTIVADO
GOBIERNO REGIONAL,MORROPE,CENTROS DE SALUD O CENTROS MEDICOS,LAMBAYEQUE,LAMBAYEQUE,MORROPE,140306,I-3,6.0,ACTIVADO
GOBIERNO REGIONAL,P.S GERALDO,PUESTOS DE SALUD O POSTAS DE SALUD,PIURA,AYABACA,FRIAS,200202,I-1,,ACTIVADO
GOBIERNO REGIONAL,EL ROMERO,PUESTOS DE SALUD O POSTAS DE SALUD,LAMBAYEQUE,LAMBAYEQUE,MORROPE,140306,I-2,,ACTIVADO
GOBIERNO REGIONAL,E.S. I-1  LA HUAQUILLA,PUESTOS DE SALUD O POSTAS DE SALUD,PIURA,MORROPON,MORROPON,200405,I-1,,ACTIVADO
GOBIERNO REGIONAL,ANNAPE,PUESTOS DE SALUD O POSTAS DE SALUD,LAMBAYEQUE,LAMBAYEQUE,MORROPE,140306,I-1,,ACTIVADO
GOBIERNO REGIONAL,SUYO,CENTROS DE SALUD O CENTROS MEDICOS,PIURA,AYABACA,SUYO,200210,I-3,,ACTIVADO
GOBIERNO REGIONAL,COLETAS-CHACHACOMAL,PUESTOS DE SALUD O POSTAS DE SALUD,PIURA,AYABACA,SAPILLICA,200208,I-1,,ACTIVADO
GOBIERNO REGIONAL,SANTA ROSA (OLMOS),PUESTOS DE SALUD O POSTAS DE SALUD,LAMBAYEQUE,LAMBAYEQUE,OLMOS,140308,I-1,,ACTIVADO
GOBIERNO REGIONAL,LA COLORADA,PUESTOS DE SALUD O POSTAS DE SALUD,LAMBAYEQUE,LAMBAYEQUE,MORROPE,140306,I-2,,ACTIVADO
GOBIERNO REGIONAL,TASAJERAS,PUESTOS DE SALUD O POSTAS DE SALUD,PIURA,AYABACA,SAPILLICA,200208,I-1,,ACTIVADO
GOBIERNO REGIONAL,P.S TIERRAS DURAS DEL VIRREY,PUESTOS DE SALUD O POSTAS DE SALUD,PIURA,MORROPON,LA MATANZA,200404,I-1,,ACTIVADO
GOBIERNO REGIONAL,P.S PUEBLO NUEVO,PUESTOS DE SALUD O POSTAS DE SALUD,PIURA,MORROPON,BUENOS AIRES,200402,I-1,,ACTIVADO
GOBIERNO REGIONAL,SANTA ROSA LAS PAMPAS,PUESTOS DE SALUD O POSTAS DE SALUD,LAMBAYEQUE,LAMBAYEQUE,MORROPE,140306,I-1,,ACTIVADO
GOBIERNO REGIONAL,EL SAUCE-SAPILLICA,PUESTOS DE SALUD O POSTAS DE SALUD,PIURA,AYABACA,SAPILLICA,200208,I-1,,ACTIVADO
GOBIERNO REGIONAL,SAPILLLICA,CENTROS DE SALUD O CENTROS MEDICOS,PIURA,AYABACA,SAPILLICA,200208,I-3,,ACTIVADO
GOBIERNO REGIONAL,ELVIRREY,PUESTOS DE SALUD O POSTAS DE SALUD,LAMBAYEQUE,LAMBAYEQUE,OLMOS,140308,I-2,,ACTIVADO
GOBIERNO REGIONAL,QUEMAZON,PUESTOS DE SALUD O POSTAS DE SALUD,LAMBAYEQUE,LAMBAYEQUE,MORROPE,140306,I-1,,ACTIVADO
GOBIERNO REGIONAL,SAN CARLOS,PUESTOS DE SALUD O POSTAS DE SALUD,LAMBAYEQUE,LAMBAYEQUE,SAN JOSE,140311,I-1,,ACTIVADO
GOBIERNO REGIONAL,ARBOLSOL,PUESTOS DE SALUD O POSTAS DE SALUD,LAMBAYEQUE,LAMBAYEQUE,MORROPE,140306,I-2,,ACTIVADO
GOBIERNO REGIONAL,P.S PARIHUANAS,PUESTOS DE SALUD O POSTAS DE SALUD,PIURA,AYABACA,FRIAS,200202,I-1,,ACTIVADO
GOBIERNO REGIONAL,C.S BUENOS AIRES,CENTROS DE SALUD CON CAMAS DE INTERNAMIENTO,PIURA,MORROPON,BUENOS AIRES,200402,I-4,,ACTIVADO
GOBIERNO REGIONAL,C.S I  -4  MORROPON,CENTROS DE SALUD CON CAMAS DE INTERNAMIENTO,PIURA,MORROPON,MORROPON,200405,I-4,8.0,ACTIVADO
GOBIERNO REGIONAL,LA  GARTERA,PUESTOS DE SALUD O POSTAS DE SALUD,LAMBAYEQUE,LAMBAYEQUE,MORROPE,140306,I-2,,ACTIVADO
GOBIERNO REGIONAL,SAN JOSE,PUESTOS DE SALUD O POSTAS DE SALUD,LAMBAYEQUE,LAMBAYEQUE,SAN JOSE,140311,I-2,,ACTIVADO
GOBIERNO REGIONAL,FANUPE BARRIO NUEVO,PUESTOS DE SALUD O POSTAS DE SALUD,LAMBAYEQUE,LAMBAYEQUE,MORROPE,140306,I-1,,ACTIVADO
GOBIERNO REGIONAL,PUENTE INTERNACIONAL,PUESTOS DE SALUD O POSTAS DE SALUD,PIURA,AYABACA,SUYO,200210,I-2,,ACTIVADO
GOBIERNO REGIONAL,SANTA ISABEL,PUESTOS DE SALUD O POSTAS DE SALUD,LAMBAYEQUE,LAMBAYEQUE,MORROPE,140306,I-2,,ACTIVADO
GOBIERNO REGIONAL,CRUZ DEL MEDANO,CENTROS DE SALUD O CENTROS MEDICOS,LAMBAYEQUE,LAMBAYEQUE,MORROPE,140306,I-3,,ACTIVADO
GOBIERNO REGIONAL,P.S SAN JORGE,PUESTOS DE SALUD O POSTAS DE SALUD,PIURA,AYABACA,FRIAS,200202,I-1,,ACTIVADO
GOBIERNO REGIONAL,MONTE HERMOZO,PUESTOS DE SALUD O POSTAS DE SALUD,LAMBAYEQUE,LAMBAYEQUE,MORROPE,140306,I-1,,ACTIVADO
GOBIERNO REGIONAL,CRUZ DE PAREDONES,PUESTOS DE SALUD O POSTAS DE SALUD,LAMBAYEQUE,LAMBAYEQUE,MORROPE,140306,I-1,,ACTIVADO
GOBIERNO REGIONAL,BODEGONES,PUESTOS DE SALUD O POSTAS DE SALUD,LAMBAYEQUE,LAMBAYEQUE,SAN JOSE,140311,I-1,,ACTIVADO
GOBIERNO REGIONAL,P.S POCLUS,PUESTOS DE SALUD O POSTAS DE SALUD,PIURA,AYABACA,FRIAS,200202,I-1,,ACTIVADO
GOBIERNO REGIONAL,CARACUCHO,PUESTOS DE SALUD O POSTAS DE SALUD,LAMBAYEQUE,LAMBAYEQUE,MORROPE,140306,I-2,,ACTIVADO
GOBIERNO REGIONAL,CHIRINOS,PUESTOS DE SALUD O POSTAS DE SALUD,PIURA,AYABACA,SUYO,200210,I-2,,ACTIVADO
GOBIERNO REGIONAL,PAIMAS,CENTROS DE SALUD CON CAMAS DE INTERNAMIENTO,PIURA,AYABACA,PAIMAS,200207,I-4,,ACTIVADO
GOBIERNO REGIONAL,PAREDONES MUY FINCA,PUESTOS DE SALUD O POSTAS DE SALUD,LAMBAYEQUE,LAMBAYEQUE,MOCHUMI,140305,I-1,,ACTIVADO
GOBIERNO REGIONAL,LAGUNAS (MORROPE),PUESTOS DE SALUD O POSTAS DE SALUD,LAMBAYEQUE,LAMBAYEQUE,MORROPE,140306,I-2,,ACTIVADO
GOBIERNO REGIONAL,P.S LA PILCA,PUESTOS DE SALUD O POSTAS DE SALUD,PIURA,MORROPON,BUENOS AIRES,200402,I-1,,ACTIVADO
GOBIERNO REGIONAL,TRANCA FANUPE,PUESTOS DE SALUD O POSTAS DE SALUD,LAMBAYEQUE,LAMBAYEQUE,MORROPE,140306,I-2,,ACTIVADO
GOBIERNO REGIONAL,JAMBUR,PUESTOS DE SALUD O POSTAS DE SALUD,PIURA,AYABACA,PAIMAS,200207,I-1,,ACTIVADO
GOBIERNO REGIONAL,P.S EL INGENIO,PUESTOS DE SALUD O POSTAS DE SALUD,PIURA,MORROPON,BUENOS AIRES,200402,I-1,,ACTIVADO
GOBIERNO REGIONAL,CHEPITO,PUESTOS DE SALUD O POSTAS DE SALUD,LAMBAYEQUE,LAMBAYEQUE,MORROPE,140306,I-2,,ACTIVADO
GOBIERNO REGIONAL,C.S FRIAS,CENTROS DE SALUD O CENTROS MEDICOS,PIURA,AYABACA,FRIAS,200202,I-3,,ACTIVADO
GOBIERNO REGIONAL,SEQUION,PUESTOS DE SALUD O POSTAS DE SALUD,LAMBAYEQUE,LAMBAYEQUE,MORROPE,140306,I-1,,ACTIVADO
GOBIERNO REGIONAL,HUACA DE BARRO,PUESTOS DE SALUD O POSTAS DE SALUD,LAMBAYEQUE,LAMBAYEQUE,MORROPE,140306,I-2,,ACTIVADO
GOBIERNO REGIONAL,LA TINA,PUESTOS DE SALUD O POSTAS DE SALUD,PIURA,AYABACA,SUYO,200210,I-1,,ACTIVADO
GOBIERNO REGIONAL,E.S I-1 PIEDRA DEL TORO,PUESTOS DE SALUD O POSTAS DE SALUD,PIURA,MORROPON,MORROPON,200405,I-1,,ACTIVADO
GOBIERNO REGIONAL,SARAYUYO,PUESTOS DE SALUD O POSTAS DE SALUD,PIURA,AYABACA,SUYO,200210,I-1,,ACTIVADO
GOBIERNO REGIONAL,PIMENTEL,CENTROS DE SALUD CON CAMAS DE INTERNAMIENTO,LAMBAYEQUE,CHICLAYO,PIMENTEL,140112,I-4,,ACTIVADO
GOBIERNO REGIONAL,SURPAMPA,PUESTOS DE SALUD O POSTAS DE SALUD,PIURA,AYABACA,SUYO,200210,I-2,,ACTIVADO
GOBIERNO REGIONAL,P.S SIMIRIS,PUESTOS DE SALUD O POSTAS DE SALUD,PIURA,MORROPON,SANTO DOMINGO,200409,I-1,,ACTIVADO
GOBIERNO REGIONAL,POSITOS,PUESTOS DE SALUD O POSTAS DE SALUD,LAMBAYEQUE,LAMBAYEQUE,MORROPE,140306,I-2,,ACTIVADO
GOBIERNO REGIONAL,HUACA TRAPICHE DE BRONCE,PUESTOS DE SALUD O POSTAS DE SALUD,LAMBAYEQUE,LAMBAYEQUE,MORROPE,140306,I-1,,ACTIVADO
GOBIERNO REGIONAL,CIUDAD DE DIOS - JUAN TOMIS STACK,PUESTOS DE SALUD O POSTAS DE SALUD,LAMBAYEQUE,LAMBAYEQUE,SAN JOSE,140311,I-2,,ACTIVADO
GOBIERNO REGIONAL,P.S JACANACAS,PUESTOS DE SALUD O POSTAS DE SALUD,PIURA,MORROPON,SANTO DOMINGO,200409,I-1,,ACTIVADO
GOBIERNO REGIONAL,SANTA ROSA,CENTROS DE SALUD O CENTROS MEDICOS,LAMBAYEQUE,CHICLAYO,SANTA ROSA,140114,I-3,,ACTIVADO
GOBIERNO REGIONAL,MUYFINCA-PUNTO 09,PUESTOS DE SALUD O POSTAS DE SALUD,LAMBAYEQUE,LAMBAYEQUE,LAMBAYEQUE,140301,I-1,,ACTIVADO
GOBIERNO REGIONAL,LOS BANCES,PUESTOS DE SALUD O POSTAS DE SALUD,LAMBAYEQUE,LAMBAYEQUE,TUCUME,140312,I-2,,ACTIVADO
GOBIERNO REGIONAL,PILLO,PUESTOS DE SALUD O POSTAS DE SALUD,PIURA,AYABACA,LAGUNAS,200204,I-1,,ACTIVADO
GOBIERNO REGIONAL,SAN MARTIN,CENTROS DE SALUD O CENTROS MEDICOS,LAMBAYEQUE,LAMBAYEQUE,LAMBAYEQUE,140301,I-3,,ACTIVADO
GOBIERNO REGIONAL,EL LUCUMO,PUESTOS DE SALUD O POSTAS DE SALUD,PIURA,AYABACA,LAGUNAS,200204,I-1,,ACTIVADO
GOBIERNO REGIONAL,TORIBIA CASTRO,CENTROS DE SALUD CON CAMAS DE INTERNAMIENTO,LAMBAYEQUE,LAMBAYEQUE,LAMBAYEQUE,140301,I-4,6.0,ACTIVADO
GOBIERNO REGIONAL,QUEBRADA DE AGUA,PUESTOS DE SALUD O POSTAS DE SALUD,PIURA,AYABACA,MONTERO,200205,I-1,,ACTIVADO
GOBIERNO REGIONAL,P.S CULCAS,PUESTOS DE SALUD O POSTAS DE SALUD,PIURA,AYABACA,FRIAS,200202,I-1,,ACTIVADO
GOBIERNO REGIONAL,ÑAUPE,PUESTOS DE SALUD O POSTAS DE SALUD,LAMBAYEQUE,LAMBAYEQUE,OLMOS,140308,I-2,,ACTIVADO
GOBIERNO REGIONAL,HOSPITAL PROVINCIAL DOCENTE BELEN-LAMBAYEQUE,HOSPITALES O CLINICAS DE ATENCION GENERAL,LAMBAYEQUE,LAMBAYEQUE,LAMBAYEQUE,140301,II-1,,ACTIVADO
GOBIERNO REGIONAL,GRANJA SASAPE,PUESTOS DE SALUD O POSTAS DE SALUD,LAMBAYEQUE,LAMBAYEQUE,TUCUME,140312,I-1,,ACTIVADO
GOBIERNO REGIONAL,MARAVILLAS,PUESTOS DE SALUD O POSTAS DE SALUD,LAMBAYEQUE,LAMBAYEQUE,MOCHUMI,140305,I-1,,ACTIVADO
GOBIERNO REGIONAL,VALLE HERMOSO,PUESTOS DE SALUD O POSTAS DE SALUD,LAMBAYEQUE,CHICLAYO,MONSEFU,140108,I-1,,ACTIVADO
GOBIERNO REGIONAL,P.S PUEBLO NUEVO DE MARAY,PUESTOS DE SALUD O POSTAS DE SALUD,PIURA,MORROPON,SANTA CATALINA DE MOSSA,200408,I-2,,ACTIVADO
GOBIERNO REGIONAL,LAS FLORES DE LA PRADERA,PUESTOS DE SALUD O POSTAS DE SALUD,LAMBAYEQUE,CHICLAYO,PIMENTEL,140112,I-2,,ACTIVADO
GOBIERNO REGIONAL,P.S PALTASHACO,PUESTOS DE SALUD O POSTAS DE SALUD,PIURA,MORROPON,SANTA CATALINA DE MOSSA,200408,I-2,,ACTIVADO
GOBIERNO REGIONAL,QUERPON,PUESTOS DE SALUD O POSTAS DE SALUD,LAMBAYEQUE,LAMBAYEQUE,OLMOS,140308,I-1,,ACTIVADO
GOBIERNO REGIONAL,EL PUENTE,PUESTOS DE SALUD O POSTAS DE SALUD,LAMBAYEQUE,LAMBAYEQUE,OLMOS,140308,I-2,,ACTIVADO
GOBIERNO REGIONAL,CAPILLA CENTRAL,PUESTOS DE SALUD O POSTAS DE SALUD,LAMBAYEQUE,LAMBAYEQUE,OLMOS,140308,I-1,,ACTIVADO
GOBIERNO REGIONAL,SAN PEDRO SASAPE,PUESTOS DE SALUD O POSTAS DE SALUD,LAMBAYEQUE,LAMBAYEQUE,ILLIMO,140303,I-2,,ACTIVADO
GOBIERNO REGIONAL,CALERA SANTA ROSA,PUESTOS DE SALUD O POSTAS DE SALUD,LAMBAYEQUE,LAMBAYEQUE,OLMOS,140308,I-1,,ACTIVADO
ESSALUD,HOSPITAL II LUIS HEYSEN INCHAUSTEGUI,HOSPITALES O CLINICAS DE ATENCION ESPECIALIZADA,LAMBAYEQUE,CHICLAYO,PIMENTEL,140112,II-1,117.0,ACTIVADO
GOBIERNO REGIONAL,CHIRIMOYO,PUESTOS DE SALUD O POSTAS DE SALUD,LAMBAYEQUE,LAMBAYEQUE,ILLIMO,140303,I-2,,ACTIVADO
GOBIERNO REGIONAL,C.S SANTO DOMINGO,CENTROS DE SALUD CON CAMAS DE INTERNAMIENTO,PIURA,MORROPON,SANTO DOMINGO,200409,I-4,,ACTIVADO
GOBIERNO REGIONAL,PUNTO CUATRO,PUESTOS DE SALUD O POSTAS DE SALUD,LAMBAYEQUE,LAMBAYEQUE,MOCHUMI,140305,I-2,,ACTIVADO
GOBIERNO REGIONAL,P.S PAMBARUMBE,PUESTOS DE SALUD O POSTAS DE SALUD,PIURA,MORROPON,SANTA CATALINA DE MOSSA,200408,I-1,,ACTIVADO
GOBIERNO REGIONAL,CRUZ DE LA ESPERANZA,PUESTOS DE SALUD O POSTAS DE SALUD,LAMBAYEQUE,CHICLAYO,CHICLAYO,140101,I-2,,ACTIVADO
GOBIERNO REGIONAL,SAN JUAN DE LAGUNAS,PUESTOS DE SALUD O POSTAS DE SALUD,PIURA,AYABACA,LAGUNAS,200204,I-2,,ACTIVADO
GOBIERNO REGIONAL,POMAPE,PUESTOS DE SALUD O POSTAS DE SALUD,LAMBAYEQUE,CHICLAYO,MONSEFU,140108,I-1,,ACTIVADO
GOBIERNO REGIONAL,MONSEFU,CENTROS DE SALUD CON CAMAS DE INTERNAMIENTO,LAMBAYEQUE,CHICLAYO,MONSEFU,140108,I-4,,ACTIVADO
GOBIERNO REGIONAL,CERROPON,CENTROS DE SALUD O CENTROS MEDICOS,LAMBAYEQUE,CHICLAYO,CHICLAYO,140101,I-3,,ACTIVADO
GOBIERNO REGIONAL,PUERTO ETEN,PUESTOS DE SALUD O POSTAS DE SALUD,LAMBAYEQUE,CHICLAYO,ETEN PUERTO,140104,I-2,,ACTIVADO
GOBIERNO REGIONAL,JOSE QUIÑONEZ GONZALES,PUESTOS DE SALUD O POSTAS DE SALUD,LAMBAYEQUE,CHICLAYO,CHICLAYO,140101,I-2,,ACTIVADO
GOBIERNO REGIONAL,P.S SANTIAGO,PUESTOS DE SALUD O POSTAS DE SALUD,PIURA,MORROPON,CHALACO,200403,I-1,,ACTIVADO
GOBIERNO REGIONAL,SIALUPE HUAMANTANGA,PUESTOS DE SALUD O POSTAS DE SALUD,LAMBAYEQUE,LAMBAYEQUE,LAMBAYEQUE,140301,I-1,,ACTIVADO
GOBIERNO REGIONAL,P.S QUINCHAYO GRANDE,PUESTOS DE SALUD O POSTAS DE SALUD,PIURA,MORROPON,SANTO DOMINGO,200409,I-1,,ACTIVADO
GOBIERNO REGIONAL,UMAEPE - UNIDAD MOVIL DE ATENCION ESPECIALIZADA A PABLACION EXCLUIDA,"PATOLOGIA CLINICA,DIAGNOSTICO POR IMAGENES",LAMBAYEQUE,CHICLAYO,CHICLAYO,140101,Sin Categoría,,ACTIVADO
GOBIERNO REGIONAL,LABORATORIO DE REFERENCIA REGIONAL EN SALUD PUBLICA,PATOLOGIA CLINICA,LAMBAYEQUE,CHICLAYO,CHICLAYO,140101,Sin Categoría,,ACTIVADO
GOBIERNO REGIONAL,MOCHUMI,CENTROS DE SALUD O CENTROS MEDICOS,LAMBAYEQUE,LAMBAYEQUE,MOCHUMI,140305,I-3,,ACTIVADO
GOBIERNO REGIONAL,HOSPITAL REGIONAL LAMBAYEQUE,HOSPITALES O CLINICAS DE ATENCION ESPECIALIZADA,LAMBAYEQUE,CHICLAYO,CHICLAYO,140101,III-1,175.0,ACTIVADO
ESSALUD,POLICLINICO CHICLAYO OESTE,POLICLINICOS,LAMBAYEQUE,CHICLAYO,CHICLAYO,140101,Sin Categoría,,ACTIVADO
GOBIERNO REGIONAL,INSCULAS,PUESTOS DE SALUD O POSTAS DE SALUD,LAMBAYEQUE,LAMBAYEQUE,OLMOS,140308,I-2,,ACTIVADO
GOBIERNO REGIONAL,CIUDAD ETEN,CENTROS DE SALUD O CENTROS MEDICOS,LAMBAYEQUE,CHICLAYO,ETEN,140103,I-3,,ACTIVADO
GOBIERNO REGIONAL,TUCUME,PUESTOS DE SALUD O POSTAS DE SALUD,LAMBAYEQUE,LAMBAYEQUE,TUCUME,140312,I-2,,ACTIVADO
GOBIERNO REGIONAL,P.S MOSSA,PUESTOS DE SALUD O POSTAS DE SALUD,PIURA,MORROPON,SANTA CATALINA DE MOSSA,200408,I-1,,ACTIVADO
GOBIERNO REGIONAL,P.S MALACASI,PUESTOS DE SALUD O POSTAS DE SALUD,PIURA,MORROPON,SALITRAL,200406,I-2,,ACTIVADO
GOBIERNO REGIONAL,TONDOPA,PUESTOS DE SALUD O POSTAS DE SALUD,PIURA,AYABACA,PAIMAS,200207,I-1,,ACTIVADO
GOBIERNO REGIONAL,TUPAC AMARU,CENTROS DE SALUD O CENTROS MEDICOS,LAMBAYEQUE,CHICLAYO,CHICLAYO,140101,I-3,,ACTIVADO
GOBIERNO REGIONAL,ILLIMO,CENTROS DE SALUD O CENTROS MEDICOS,LAMBAYEQUE,LAMBAYEQUE,ILLIMO,140303,I-3,,ACTIVADO
GOBIERNO REGIONAL,JOSE OLAYA,CENTROS DE SALUD CON CAMAS DE INTERNAMIENTO,LAMBAYEQUE,CHICLAYO,CHICLAYO,140101,I-4,8.0,ACTIVADO
GOBIERNO REGIONAL,PAUL HARRIS,CENTROS DE SALUD O CENTROS MEDICOS,LAMBAYEQUE,CHICLAYO,JOSE LEONARDO ORTIZ,140105,I-3,8.0,ACTIVADO
GOBIERNO REGIONAL,P.S ARENALES,PUESTOS DE SALUD O POSTAS DE SALUD,PIURA,AYABACA,FRIAS,200202,I-2,,ACTIVADO
GOBIERNO REGIONAL,SANTA ANA,PUESTOS DE SALUD O POSTAS DE SALUD,LAMBAYEQUE,CHICLAYO,JOSE LEONARDO ORTIZ,140105,I-2,,ACTIVADO
GOBIERNO REGIONAL,ANTONIO RAYMONDI,PUESTOS DE SALUD O POSTAS DE SALUD,LAMBAYEQUE,CHICLAYO,LA VICTORIA,140106,I-2,,ACTIVADO
GOBIERNO REGIONAL,CULPON,PUESTOS DE SALUD O POSTAS DE SALUD,LAMBAYEQUE,CHICLAYO,JOSE LEONARDO ORTIZ,140105,I-2,,ACTIVADO
GOBIERNO REGIONAL,LA VICTORIA SECTOR I,PUESTOS DE SALUD O POSTAS DE SALUD,LAMBAYEQUE,CHICLAYO,LA VICTORIA,140106,I-2,,ACTIVADO
GOBIERNO REGIONAL,LAGUNAS,CENTROS DE SALUD O CENTROS MEDICOS,PIURA,AYABACA,LAGUNAS,200204,I-3,,ACTIVADO
GOBIERNO REGIONAL,CUCUYAS,PUESTOS DE SALUD O POSTAS DE SALUD,PIURA,AYABACA,JILILI,200203,I-2,,ACTIVADO
GOBIERNO REGIONAL,MARMAS ALTO,PUESTOS DE SALUD O POSTAS DE SALUD,PIURA,AYABACA,MONTERO,200205,I-1,,ACTIVADO
GOBIERNO REGIONAL,HOSPITAL REGIONAL DOCENTE LAS MERCEDES,HOSPITALES O CLINICAS DE ATENCION ESPECIALIZADA,LAMBAYEQUE,CHICLAYO,CHICLAYO,140101,II-2,214.0,ACTIVADO
GOBIERNO REGIONAL,LAS LOMAS,PUESTOS DE SALUD O POSTAS DE SALUD,LAMBAYEQUE,FERREÑAFE,PUEBLO NUEVO,140206,I-1,,ACTIVADO
ESSALUD,HOSPITAL I NAYLAMP,HOSPITALES O CLINICAS DE ATENCION GENERAL,LAMBAYEQUE,CHICLAYO,CHICLAYO,140101,Sin Categoría,,ACTIVADO
ESSALUD,CARLOS CASTAÑEDA IPARRAGUIRRE,POLICLINICOS,LAMBAYEQUE,CHICLAYO,LA VICTORIA,140106,I-3,,ACTIVADO
GOBIERNO REGIONAL,PACORA,CENTROS DE SALUD O CENTROS MEDICOS,LAMBAYEQUE,LAMBAYEQUE,PACORA,140309,I-3,,ACTIVADO
GOBIERNO REGIONAL,JOSE LEONARDO ORTIZ,CENTROS DE SALUD CON CAMAS DE INTERNAMIENTO,LAMBAYEQUE,CHICLAYO,JOSE LEONARDO ORTIZ,140105,I-3,4.0,ACTIVADO
ESSALUD,"CENTRO DE ATENCION PRIMARIA III ""MANUEL MANRRIQUE NEVADO""",POLICLINICOS,LAMBAYEQUE,CHICLAYO,JOSE LEONARDO ORTIZ,140105,I-3,,ACTIVADO
GOBIERNO REGIONAL,EL BOSQUE,CENTROS DE SALUD CON CAMAS DE INTERNAMIENTO,LAMBAYEQUE,CHICLAYO,LA VICTORIA,140106,I-4,6.0,ACTIVADO
GOBIERNO REGIONAL,LA RAYA,PUESTOS DE SALUD O POSTAS DE SALUD,LAMBAYEQUE,LAMBAYEQUE,TUCUME,140312,I-2,,ACTIVADO
ESSALUD,MODULO BASICO DE REHABILITACION,"MEDICINA FISICA,REHABILITACION",LAMBAYEQUE,CHICLAYO,CHICLAYO,140101,Sin Categoría,,ACTIVADO
GOBIERNO REGIONAL,MOCAPE,PUESTOS DE SALUD O POSTAS DE SALUD,LAMBAYEQUE,LAMBAYEQUE,OLMOS,140308,I-1,,ACTIVADO
GOBIERNO REGIONAL,TUCUME VIEJO,PUESTOS DE SALUD O POSTAS DE SALUD,LAMBAYEQUE,LAMBAYEQUE,TUCUME,140312,I-1,,ACTIVADO
GOBIERNO REGIONAL,P.S ÑOMA,PUESTOS DE SALUD O POSTAS DE SALUD,PIURA,MORROPON,SANTO DOMINGO,200409,I-1,,ACTIVADO
GOBIERNO REGIONAL,LOS SANCHEZ,PUESTOS DE SALUD O POSTAS DE SALUD,LAMBAYEQUE,LAMBAYEQUE,TUCUME,140312,I-1,,ACTIVADO
GOBIERNO REGIONAL,C.S SALITRAL,CENTROS DE SALUD CON CAMAS DE INTERNAMIENTO,PIURA,MORROPON,SALITRAL,200406,I-4,,ACTIVADO
GOBIERNO REGIONAL,LA VICTORIA SECTOR II - MARIA JESUS,CENTROS DE SALUD O CENTROS MEDICOS,LAMBAYEQUE,CHICLAYO,LA VICTORIA,140106,I-3,,ACTIVADO
GOBIERNO REGIONAL,CORRAL DE ARENA,PUESTOS DE SALUD O POSTAS DE SALUD,LAMBAYEQUE,LAMBAYEQUE,OLMOS,140308,I-2,,ACTIVADO
GOBIERNO REGIONAL,P.S CULEBREROS,PUESTOS DE SALUD O POSTAS DE SALUD,PIURA,MORROPON,SANTA CATALINA DE MOSSA,200408,I-1,,ACTIVADO
ESSALUD,HOSPITAL NACIONAL ALMANZOR AGUINAGA ASENJO,HOSPITALES O CLINICAS DE ATENCION ESPECIALIZADA,LAMBAYEQUE,CHICLAYO,CHICLAYO,140101,III-1,384.0,ACTIVADO
GOBIERNO REGIONAL,CHOSICA DEL NORTE,CENTROS DE SALUD O CENTROS MEDICOS,LAMBAYEQUE,CHICLAYO,LA VICTORIA,140106,I-3,,ACTIVADO
GOBIERNO REGIONAL,LAS NORIAS,PUESTOS DE SALUD O POSTAS DE SALUD,LAMBAYEQUE,LAMBAYEQUE,OLMOS,140308,I-1,,ACTIVADO
GOBIERNO REGIONAL,SAN ANTONIO,CENTROS DE SALUD O CENTROS MEDICOS,LAMBAYEQUE,CHICLAYO,CHICLAYO,140101,I-3,,ACTIVADO
GOBIERNO REGIONAL,VILLA HERMOSA,PUESTOS DE SALUD O POSTAS DE SALUD,LAMBAYEQUE,CHICLAYO,JOSE LEONARDO ORTIZ,140105,I-2,,ACTIVADO
GOBIERNO REGIONAL,PEDRO PABLO ATUSPARIAS,CENTROS DE SALUD O CENTROS MEDICOS,LAMBAYEQUE,CHICLAYO,JOSE LEONARDO ORTIZ,140105,I-3,4.0,ACTIVADO
GOBIERNO REGIONAL,P.S LA RINCONADA,PUESTOS DE SALUD O POSTAS DE SALUD,PIURA,MORROPON,CHALACO,200403,I-1,,ACTIVADO
GOBIERNO REGIONAL,MONTERO,CENTROS DE SALUD O CENTROS MEDICOS,PIURA,AYABACA,MONTERO,200205,I-3,,ACTIVADO
GOBIERNO REGIONAL,HUACA RIVERA,PUESTOS DE SALUD O POSTAS DE SALUD,LAMBAYEQUE,LAMBAYEQUE,PACORA,140309,I-1,,ACTIVADO
GOBIERNO REGIONAL,LAS DELICIAS - JUAN AITA VALLE,PUESTOS DE SALUD O POSTAS DE SALUD,LAMBAYEQUE,CHICLAYO,REQUE,140113,I-1,,ACTIVADO
GOBIERNO REGIONAL,JORGE CHAVEZ,CENTROS DE SALUD O CENTROS MEDICOS,LAMBAYEQUE,CHICLAYO,CHICLAYO,140101,I-3,,ACTIVADO
GOBIERNO REGIONAL,SALVIA,PUESTOS DE SALUD O POSTAS DE SALUD,PIURA,AYABACA,LAGUNAS,200204,I-1,,ACTIVADO
GOBIERNO REGIONAL,P.S LA ALBERCA,PUESTOS DE SALUD O POSTAS DE SALUD,PIURA,MORROPON,SALITRAL,200406,I-1,,ACTIVADO
GOBIERNO REGIONAL,JAYANCA,CENTROS DE SALUD O CENTROS MEDICOS,LAMBAYEQUE,LAMBAYEQUE,JAYANCA,140304,I-3,,ACTIVADO
GOBIERNO REGIONAL,REQUE,CENTROS DE SALUD O CENTROS MEDICOS,LAMBAYEQUE,CHICLAYO,REQUE,140113,I-3,,ACTIVADO
GOBIERNO REGIONAL,SAN LUIS,PUESTOS DE SALUD O POSTAS DE SALUD,LAMBAYEQUE,CHICLAYO,POMALCA,140118,I-1,,ACTIVADO
GOBIERNO REGIONAL,CAPOTE,PUESTOS DE SALUD O POSTAS DE SALUD,LAMBAYEQUE,CHICLAYO,PICSI,140111,I-2,,ACTIVADO
GOBIERNO REGIONAL,CALLANCA,PUESTOS DE SALUD O POSTAS DE SALUD,LAMBAYEQUE,CHICLAYO,MONSEFU,140108,I-2,,ACTIVADO
GOBIERNO REGIONAL,P.S SILAHUA,PUESTOS DE SALUD O POSTAS DE SALUD,PIURA,MORROPON,CHALACO,200403,I-1,,ACTIVADO
GOBIERNO REGIONAL,PASABAR ASERRADERO,PUESTOS DE SALUD O POSTAS DE SALUD,LAMBAYEQUE,LAMBAYEQUE,OLMOS,140308,I-1,,ACTIVADO
GOBIERNO REGIONAL,CACHINCHE,PUESTOS DE SALUD O POSTAS DE SALUD,LAMBAYEQUE,FERREÑAFE,PITIPO,140205,I-1,,ACTIVADO
GOBIERNO REGIONAL,SICACATE,PUESTOS DE SALUD O POSTAS DE SALUD,PIURA,AYABACA,MONTERO,200205,I-1,,ACTIVADO
GOBIERNO REGIONAL,LA ESTANCIA,PUESTOS DE SALUD O POSTAS DE SALUD,LAMBAYEQUE,LAMBAYEQUE,OLMOS,140308,I-2,,ACTIVADO
GOBIERNO REGIONAL,P.S PISCAN,PUESTOS DE SALUD O POSTAS DE SALUD,PIURA,MORROPON,YAMANGO,200410,I-1,,ACTIVADO
GOBIERNO REGIONAL,P.S SAN LORENZO,PUESTOS DE SALUD O POSTAS DE SALUD,PIURA,MORROPON,CHALACO,200403,I-1,,ACTIVADO
GOBIERNO REGIONAL,ANCHALAY,PUESTOS DE SALUD O POSTAS DE SALUD,PIURA,AYABACA,JILILI,200203,I-1,,ACTIVADO
GOBIERNO REGIONAL,JILILI,CENTROS DE SALUD O CENTROS MEDICOS,PIURA,AYABACA,JILILI,200203,I-3,,ACTIVADO
GOBIERNO REGIONAL,SIME,PUESTOS DE SALUD O POSTAS DE SALUD,LAMBAYEQUE,FERREÑAFE,PITIPO,140205,I-1,,ACTIVADO
GOBIERNO REGIONAL,C.S.PUEBLO NUEVO,CENTROS DE SALUD O CENTROS MEDICOS,LAMBAYEQUE,FERREÑAFE,PUEBLO NUEVO,140206,I-3,,ACTIVADO
GOBIERNO REGIONAL,CHINCHIN,PUESTOS DE SALUD O POSTAS DE SALUD,PIURA,AYABACA,AYABACA,200201,I-1,,ACTIVADO
GOBIERNO REGIONAL,P.S CHALACO,CENTROS DE SALUD CON CAMAS DE INTERNAMIENTO,PIURA,MORROPON,CHALACO,200403,I-4,,ACTIVADO
GOBIERNO REGIONAL,MONTEGRANDE,PUESTOS DE SALUD O POSTAS DE SALUD,LAMBAYEQUE,CHICLAYO,REQUE,140113,I-1,,ACTIVADO
GOBIERNO REGIONAL,HOSPITAL REFERENCIAL FERREÑAFE,HOSPITALES O CLINICAS DE ATENCION ESPECIALIZADA,LAMBAYEQUE,FERREÑAFE,FERREÑAFE,140201,II-1,37.0,ACTIVADO
GOBIERNO REGIONAL,SEÑOR DE LA JUSTICIA,PUESTOS DE SALUD O POSTAS DE SALUD,LAMBAYEQUE,FERREÑAFE,FERREÑAFE,140201,I-2,3.0,ACTIVADO
GOBIERNO REGIONAL,P.S SAN JUAN DE BIGOTE,CENTROS DE SALUD O CENTROS MEDICOS,PIURA,MORROPON,SAN JUAN DE BIGOTE,200407,I-3,,ACTIVADO
GOBIERNO REGIONAL,OXAHUAY,PUESTOS DE SALUD O POSTAS DE SALUD,PIURA,AYABACA,SICCHEZ,200209,I-2,,ACTIVADO
GOBIERNO REGIONAL,PITIPO,CENTROS DE SALUD O CENTROS MEDICOS,LAMBAYEQUE,FERREÑAFE,PITIPO,140205,I-3,,ACTIVADO
GOBIERNO REGIONAL,P.S SERRAN,PUESTOS DE SALUD O POSTAS DE SALUD,PIURA,MORROPON,SALITRAL,200406,I-2,,ACTIVADO
GOBIERNO REGIONAL,P.S NARANJO,PUESTOS DE SALUD O POSTAS DE SALUD,PIURA,MORROPON,CHALACO,200403,I-1,,ACTIVADO
GOBIERNO REGIONAL,ARREYPITE - PINGOLA,PUESTOS DE SALUD O POSTAS DE SALUD,PIURA,AYABACA,AYABACA,200201,I-1,,ACTIVADO
GOBIERNO REGIONAL,SAN ANTONIO (POMALCA),PUESTOS DE SALUD O POSTAS DE SALUD,LAMBAYEQUE,CHICLAYO,POMALCA,140118,I-2,,ACTIVADO
GOBIERNO REGIONAL,P.S TAMBOYA,PUESTOS DE SALUD O POSTAS DE SALUD,PIURA,MORROPON,YAMANGO,200410,I-1,,ACTIVADO
GOBIERNO REGIONAL,POMALCA,PUESTOS DE SALUD O POSTAS DE SALUD,LAMBAYEQUE,CHICLAYO,POMALCA,140118,I-2,,ACTIVADO
GOBIERNO REGIONAL,CASERIO PLAYA DE CASCAJAL,PUESTOS DE SALUD O POSTAS DE SALUD,LAMBAYEQUE,LAMBAYEQUE,OLMOS,140308,I-1,,ACTIVADO
GOBIERNO REGIONAL,PICSI,CENTROS DE SALUD O CENTROS MEDICOS,LAMBAYEQUE,CHICLAYO,PICSI,140111,I-3,,ACTIVADO
GOBIERNO REGIONAL,LA VIÑA (JAYANCA),PUESTOS DE SALUD O POSTAS DE SALUD,LAMBAYEQUE,LAMBAYEQUE,JAYANCA,140304,I-2,,ACTIVADO
GOBIERNO REGIONAL,SICCHEZ,CENTROS DE SALUD O CENTROS MEDICOS,PIURA,AYABACA,SICCHEZ,200209,I-3,,ACTIVADO
GOBIERNO REGIONAL,HUACHUMA,PUESTOS DE SALUD O POSTAS DE SALUD,PIURA,AYABACA,AYABACA,200201,I-1,,ACTIVADO
GOBIERNO REGIONAL,SAUSAL DEL QUIROZ,PUESTOS DE SALUD O POSTAS DE SALUD,PIURA,AYABACA,AYABACA,200201,I-1,,ACTIVADO
GOBIERNO REGIONAL,P.S NANGAY MATALACAS,PUESTOS DE SALUD O POSTAS DE SALUD,PIURA,AYABACA,PACAIPAMPA,200206,I-2,,ACTIVADO
GOBIERNO REGIONAL,C.S YAMANGO,CENTROS DE SALUD O CENTROS MEDICOS,PIURA,MORROPON,YAMANGO,200410,I-3,,ACTIVADO
GOBIERNO REGIONAL,P.S PORTACHUELO,PUESTOS DE SALUD O POSTAS DE SALUD,PIURA,MORROPON,CHALACO,200403,I-1,,ACTIVADO
GOBIERNO REGIONAL,AMBASAL,PUESTOS DE SALUD O POSTAS DE SALUD,PIURA,AYABACA,SICCHEZ,200209,I-2,,ACTIVADO
GOBIERNO REGIONAL,OLMOS,CENTROS DE SALUD O CENTROS MEDICOS,LAMBAYEQUE,LAMBAYEQUE,OLMOS,140308,I-3,,ACTIVADO
GOBIERNO REGIONAL,P.S LAS HUACAS,PUESTOS DE SALUD O POSTAS DE SALUD,PIURA,HUANCABAMBA,SAN MIGUEL DE EL FAIQUE,200306,I-1,,ACTIVADO
GOBIERNO REGIONAL,ANCHOVIRA,PUESTOS DE SALUD O POSTAS DE SALUD,LAMBAYEQUE,LAMBAYEQUE,MOTUPE,140307,I-1,,ACTIVADO
GOBIERNO REGIONAL,LAGUNAS,PUESTOS DE SALUD O POSTAS DE SALUD,LAMBAYEQUE,CHICLAYO,LAGUNAS,140107,I-1,,ACTIVADO
GOBIERNO REGIONAL,MESONES MURO,CENTROS DE SALUD O CENTROS MEDICOS,LAMBAYEQUE,FERREÑAFE,MANUEL ANTONIO MESONES MURO,140204,I-3,,ACTIVADO
GOBIERNO REGIONAL,P.S LA PAREJA,PUESTOS DE SALUD O POSTAS DE SALUD,PIURA,MORROPON,SAN JUAN DE BIGOTE,200407,I-1,,ACTIVADO
GOBIERNO REGIONAL,P.S LAJOS,PUESTOS DE SALUD O POSTAS DE SALUD,PIURA,MORROPON,YAMANGO,200410,I-1,,ACTIVADO
GOBIERNO REGIONAL,LA ZARANDA,PUESTOS DE SALUD O POSTAS DE SALUD,LAMBAYEQUE,FERREÑAFE,PITIPO,140205,I-2,,ACTIVADO
GOBIERNO REGIONAL,P.S TABLONES,PUESTOS DE SALUD O POSTAS DE SALUD,PIURA,MORROPON,YAMANGO,200410,I-1,,ACTIVADO
GOBIERNO REGIONAL,P.S PAGAY,PUESTOS DE SALUD O POSTAS DE SALUD,PIURA,MORROPON,YAMANGO,200410,I-1,,ACTIVADO
GOBIERNO REGIONAL,EL PUEBLITO,PUESTOS DE SALUD O POSTAS DE SALUD,LAMBAYEQUE,LAMBAYEQUE,OLMOS,140308,I-1,,ACTIVADO
GOBIERNO REGIONAL,P.S LA QUEMAZON,PUESTOS DE SALUD O POSTAS DE SALUD,PIURA,MORROPON,SAN JUAN DE BIGOTE,200407,I-1,,ACTIVADO
GOBIERNO REGIONAL,MOTUPE,CENTROS DE SALUD O CENTROS MEDICOS,LAMBAYEQUE,LAMBAYEQUE,MOTUPE,140307,I-3,,ACTIVADO
ESSALUD,POSTA MÉDICA AYABACA,PUESTOS DE SALUD O POSTAS DE SALUD,PIURA,AYABACA,AYABACA,200201,Sin Categoría,,ACTIVADO
GOBIERNO REGIONAL,AYABACA,CENTROS DE SALUD CON CAMAS DE INTERNAMIENTO,PIURA,AYABACA,AYABACA,200201,I-4,,ACTIVADO
GOBIERNO REGIONAL,TRES BATANES,PUESTOS DE SALUD O POSTAS DE SALUD,LAMBAYEQUE,LAMBAYEQUE,OLMOS,140308,I-2,,ACTIVADO
GOBIERNO REGIONAL,SANTA CLARA,PUESTOS DE SALUD O POSTAS DE SALUD,LAMBAYEQUE,FERREÑAFE,PITIPO,140205,I-2,,ACTIVADO
GOBIERNO REGIONAL,P.S CHANRRO,PUESTOS DE SALUD O POSTAS DE SALUD,PIURA,HUANCABAMBA,SAN MIGUEL DE EL FAIQUE,200306,I-1,,ACTIVADO
GOBIERNO REGIONAL,CHOCAN,PUESTOS DE SALUD O POSTAS DE SALUD,PIURA,AYABACA,AYABACA,200201,I-2,,ACTIVADO
GOBIERNO REGIONAL,P.S HUALCAS,PUESTOS DE SALUD O POSTAS DE SALUD,PIURA,MORROPON,SALITRAL,200406,I-1,,ACTIVADO
GOBIERNO REGIONAL,TUMAN,PUESTOS DE SALUD O POSTAS DE SALUD,LAMBAYEQUE,CHICLAYO,TUMAN,140120,I-2,,ACTIVADO
GOBIERNO REGIONAL,P.S CHIGNIA BAJA,PUESTOS DE SALUD O POSTAS DE SALUD,PIURA,HUANCABAMBA,HUARMACA,200304,I-2,,ACTIVADO
GOBIERNO REGIONAL,P.S EL TULMAN,PUESTOS DE SALUD O POSTAS DE SALUD,PIURA,AYABACA,PACAIPAMPA,200206,I-1,,ACTIVADO
GOBIERNO REGIONAL,P.S SAN LORENZO,PUESTOS DE SALUD O POSTAS DE SALUD,PIURA,HUANCABAMBA,LALAQUIZ,200305,I-1,,ACTIVADO
GOBIERNO REGIONAL,HUMEDADES,PUESTOS DE SALUD O POSTAS DE SALUD,LAMBAYEQUE,LAMBAYEQUE,SALAS,140310,I-2,,ACTIVADO
GOBIERNO REGIONAL,TUPAC AMARU,PUESTOS DE SALUD O POSTAS DE SALUD,LAMBAYEQUE,CHICLAYO,LAGUNAS,140107,I-2,,ACTIVADO
GOBIERNO REGIONAL,P.S SABILA,PUESTOS DE SALUD O POSTAS DE SALUD,PIURA,HUANCABAMBA,HUARMACA,200304,I-1,,ACTIVADO
GOBIERNO REGIONAL,GICLAS,PUESTOS DE SALUD O POSTAS DE SALUD,PIURA,AYABACA,AYABACA,200201,I-1,,ACTIVADO
GOBIERNO REGIONAL,PUESTO DE SALUD JORAS,PUESTOS DE SALUD O POSTAS DE SALUD,PIURA,AYABACA,AYABACA,200201,I-1,,ACTIVADO
GOBIERNO REGIONAL,C.S EL TUNAL,CENTROS DE SALUD CON CAMAS DE INTERNAMIENTO,PIURA,HUANCABAMBA,LALAQUIZ,200305,I-4,,ACTIVADO
GOBIERNO REGIONAL,TONGORRAPE,PUESTOS DE SALUD O POSTAS DE SALUD,LAMBAYEQUE,LAMBAYEQUE,MOTUPE,140307,I-2,,ACTIVADO
GOBIERNO REGIONAL,P.S LOMA LARGA,PUESTOS DE SALUD O POSTAS DE SALUD,PIURA,HUANCABAMBA,SAN MIGUEL DE EL FAIQUE,200306,I-1,,ACTIVADO
GOBIERNO REGIONAL,P.S CHOCO,PUESTOS DE SALUD O POSTAS DE SALUD,PIURA,MORROPON,YAMANGO,200410,I-1,,ACTIVADO
GOBIERNO REGIONAL,HUIRIQUINGUE,PUESTOS DE SALUD O POSTAS DE SALUD,PIURA,AYABACA,AYABACA,200201,I-1,,ACTIVADO
GOBIERNO REGIONAL,C.S PACAIPAMPA,CENTROS DE SALUD CON CAMAS DE INTERNAMIENTO,PIURA,AYABACA,PACAIPAMPA,200206,I-4,,ACTIVADO
GOBIERNO REGIONAL,EL ARROZAL,PUESTOS DE SALUD O POSTAS DE SALUD,LAMBAYEQUE,LAMBAYEQUE,MOTUPE,140307,I-1,,ACTIVADO
GOBIERNO REGIONAL,PUESTO DE SALUD SOCCHABAMBA,PUESTOS DE SALUD O POSTAS DE SALUD,PIURA,AYABACA,AYABACA,200201,I-1,,ACTIVADO
GOBIERNO REGIONAL,PATIVILCA,PUESTOS DE SALUD O POSTAS DE SALUD,LAMBAYEQUE,FERREÑAFE,PITIPO,140205,I-2,,ACTIVADO
GOBIERNO REGIONAL,PUEBLO LIBRE,PUESTOS DE SALUD O POSTAS DE SALUD,LAMBAYEQUE,CHICLAYO,LAGUNAS,140107,I-1,,ACTIVADO
GOBIERNO REGIONAL,P.S SANTA ROSA,PUESTOS DE SALUD O POSTAS DE SALUD,PIURA,AYABACA,PACAIPAMPA,200206,I-1,,ACTIVADO
GOBIERNO REGIONAL,BATANGRANDE,PUESTOS DE SALUD O POSTAS DE SALUD,LAMBAYEQUE,FERREÑAFE,PITIPO,140205,I-2,,ACTIVADO
GOBIERNO REGIONAL,MOCUPE NUEVO,PUESTOS DE SALUD O POSTAS DE SALUD,LAMBAYEQUE,CHICLAYO,LAGUNAS,140107,I-2,,ACTIVADO
GOBIERNO REGIONAL,ANDURCO,PUESTOS DE SALUD O POSTAS DE SALUD,PIURA,AYABACA,AYABACA,200201,I-1,,ACTIVADO
GOBIERNO REGIONAL,P.S CILIA,PUESTOS DE SALUD O POSTAS DE SALUD,PIURA,HUANCABAMBA,CANCHAQUE,200302,I-1,,ACTIVADO
GOBIERNO REGIONAL,LA LAGUNA,PUESTOS DE SALUD O POSTAS DE SALUD,PIURA,AYABACA,SUYO,200210,I-1,,ACTIVADO
GOBIERNO REGIONAL,P.S LA LAGUNA,PUESTOS DE SALUD O POSTAS DE SALUD,PIURA,HUANCABAMBA,LALAQUIZ,200305,I-1,,ACTIVADO
GOBIERNO REGIONAL,P.S SAN FRANCISCO,PUESTOS DE SALUD O POSTAS DE SALUD,PIURA,HUANCABAMBA,CANCHAQUE,200302,I-1,,ACTIVADO
GOBIERNO REGIONAL,CHOCHOPE,PUESTOS DE SALUD O POSTAS DE SALUD,LAMBAYEQUE,LAMBAYEQUE,CHOCHOPE,140302,I-2,,ACTIVADO
GOBIERNO REGIONAL,P.S LOS RANCHOS,PUESTOS DE SALUD O POSTAS DE SALUD,PIURA,HUANCABAMBA,CANCHAQUE,200302,I-2,,ACTIVADO
GOBIERNO REGIONAL,SAUSAL,PUESTOS DE SALUD O POSTAS DE SALUD,PIURA,AYABACA,AYABACA,200201,I-1,,ACTIVADO
GOBIERNO REGIONAL,P.S MARAYPAMPA,PUESTOS DE SALUD O POSTAS DE SALUD,PIURA,HUANCABAMBA,CANCHAQUE,200302,I-1,,ACTIVADO
ESSALUD,CENTRO DE ATENCION PRIMARIA II PATAPO,CENTROS DE SALUD O CENTROS MEDICOS,LAMBAYEQUE,CHICLAYO,PATAPO,140117,I-3,,ACTIVADO
GOBIERNO REGIONAL,SALTUR,PUESTOS DE SALUD O POSTAS DE SALUD,LAMBAYEQUE,CHICLAYO,SAÑA,140115,I-2,,ACTIVADO
GOBIERNO REGIONAL,POSOPE ALTO,CENTROS DE SALUD O CENTROS MEDICOS,LAMBAYEQUE,CHICLAYO,PATAPO,140117,I-3,,ACTIVADO
GOBIERNO REGIONAL,ARAGOTO,PUESTOS DE SALUD O POSTAS DE SALUD,PIURA,AYABACA,AYABACA,200201,I-2,,ACTIVADO
GOBIERNO REGIONAL,MARRIPON,PUESTOS DE SALUD O POSTAS DE SALUD,LAMBAYEQUE,LAMBAYEQUE,MOTUPE,140307,I-2,,ACTIVADO
GOBIERNO REGIONAL,P.S MAYLAND,PUESTOS DE SALUD O POSTAS DE SALUD,PIURA,HUANCABAMBA,LALAQUIZ,200305,I-1,,ACTIVADO
GOBIERNO REGIONAL,P.S HUALQUIRO,PUESTOS DE SALUD O POSTAS DE SALUD,PIURA,HUANCABAMBA,HUARMACA,200304,I-1,,ACTIVADO
GOBIERNO REGIONAL,P.S SAN MARTIN DE CONGOÑA,PUESTOS DE SALUD O POSTAS DE SALUD,PIURA,HUANCABAMBA,HUARMACA,200304,I-2,,ACTIVADO
GOBIERNO REGIONAL,P.S CUMBICUS,PUESTOS DE SALUD O POSTAS DE SALUD,PIURA,AYABACA,PACAIPAMPA,200206,I-1,,ACTIVADO
GOBIERNO REGIONAL,OLLEROS,PUESTOS DE SALUD O POSTAS DE SALUD,PIURA,AYABACA,AYABACA,200201,I-2,,ACTIVADO
GOBIERNO REGIONAL,CHARAN,PUESTOS DE SALUD O POSTAS DE SALUD,PIURA,AYABACA,AYABACA,200201,I-1,,ACTIVADO
GOBIERNO REGIONAL,MOCUPE TRADICIONAL,PUESTOS DE SALUD O POSTAS DE SALUD,LAMBAYEQUE,CHICLAYO,LAGUNAS,140107,I-2,,ACTIVADO
GOBIERNO REGIONAL,PUESTO DE SALUD RODEOPAMPA,PUESTOS DE SALUD O POSTAS DE SALUD,PIURA,AYABACA,AYABACA,200201,I-1,,ACTIVADO
GOBIERNO REGIONAL,P.S COYONA,CENTROS DE SALUD CON CAMAS DE INTERNAMIENTO,PIURA,HUANCABAMBA,CANCHAQUE,200302,I-4,,ACTIVADO
GOBIERNO REGIONAL,E.S I-2  LA LOMA,PUESTOS DE SALUD O POSTAS DE SALUD,PIURA,HUANCABAMBA,HUARMACA,200304,I-2,,ACTIVADO
GOBIERNO REGIONAL,PUESTO DE SALUD HUALCUY,PUESTOS DE SALUD O POSTAS DE SALUD,PIURA,AYABACA,AYABACA,200201,I-1,,ACTIVADO
GOBIERNO REGIONAL,P.S EL TAMBO,PUESTOS DE SALUD O POSTAS DE SALUD,PIURA,HUANCABAMBA,SAN MIGUEL DE EL FAIQUE,200306,I-1,,ACTIVADO
GOBIERNO REGIONAL,SALAS,CENTROS DE SALUD O CENTROS MEDICOS,LAMBAYEQUE,LAMBAYEQUE,SALAS,140310,I-3,,ACTIVADO
GOBIERNO REGIONAL,PUCALA,CENTROS DE SALUD O CENTROS MEDICOS,LAMBAYEQUE,CHICLAYO,PUCALA,140119,I-3,,ACTIVADO
GOBIERNO REGIONAL,MOTUPILLO,PUESTOS DE SALUD O POSTAS DE SALUD,LAMBAYEQUE,FERREÑAFE,PITIPO,140205,I-2,,ACTIVADO
GOBIERNO REGIONAL,C.S EL FAIQUE,CENTROS DE SALUD CON CAMAS DE INTERNAMIENTO,PIURA,HUANCABAMBA,SAN MIGUEL DE EL FAIQUE,200306,I-4,,ACTIVADO
ESSALUD,POSTA MEDICA CANCHAQUE,PUESTOS DE SALUD O POSTAS DE SALUD,PIURA,HUANCABAMBA,CANCHAQUE,200302,Sin Categoría,,ACTIVADO
GOBIERNO REGIONAL,SIPAN,PUESTOS DE SALUD O POSTAS DE SALUD,LAMBAYEQUE,CHICLAYO,SAÑA,140115,I-2,,ACTIVADO
GOBIERNO REGIONAL,C.S CANCHAQUE,CENTROS DE SALUD CON CAMAS DE INTERNAMIENTO,PIURA,HUANCABAMBA,CANCHAQUE,200302,I-4,7.0,ACTIVADO
GOBIERNO REGIONAL,P.S EL HIGUERON,PUESTOS DE SALUD O POSTAS DE SALUD,PIURA,HUANCABAMBA,SAN MIGUEL DE EL FAIQUE,200306,I-1,,ACTIVADO
GOBIERNO REGIONAL,P.S HUAYABO,PUESTOS DE SALUD O POSTAS DE SALUD,PIURA,HUANCABAMBA,SAN MIGUEL DE EL FAIQUE,200306,I-1,,ACTIVADO
GOBIERNO REGIONAL,YANCHALA,PUESTOS DE SALUD O POSTAS DE SALUD,PIURA,AYABACA,AYABACA,200201,I-2,,ACTIVADO
GOBIERNO REGIONAL,PORTACHUELO DE YANTA,PUESTOS DE SALUD O POSTAS DE SALUD,PIURA,AYABACA,AYABACA,200201,I-2,,ACTIVADO
GOBIERNO REGIONAL,ZAÑA,CENTROS DE SALUD O CENTROS MEDICOS,LAMBAYEQUE,CHICLAYO,SAÑA,140115,I-3,,ACTIVADO
GOBIERNO REGIONAL,REMOLINOS,PUESTOS DE SALUD O POSTAS DE SALUD,PIURA,AYABACA,AYABACA,200201,I-1,,ACTIVADO
GOBIERNO REGIONAL,SAN IDELFONSO,PUESTOS DE SALUD O POSTAS DE SALUD,LA LIBERTAD,CHEPEN,PUEBLO NUEVO,130403,I-2,,ACTIVADO
GOBIERNO REGIONAL,E.S I-2  HINTON,PUESTOS DE SALUD O POSTAS DE SALUD,PIURA,HUANCABAMBA,HUARMACA,200304,I-2,,ACTIVADO
GOBIERNO REGIONAL,P.S EL PUERTO,PUESTOS DE SALUD O POSTAS DE SALUD,PIURA,AYABACA,PACAIPAMPA,200206,I-1,,ACTIVADO
GOBIERNO REGIONAL,P.S PASAPAMPA,PUESTOS DE SALUD O POSTAS DE SALUD,PIURA,HUANCABAMBA,HUANCABAMBA,200301,I-1,,ACTIVADO
GOBIERNO REGIONAL,VIRGEN DE LAS MERCEDES LA OTRA BANDA,PUESTOS DE SALUD O POSTAS DE SALUD,LAMBAYEQUE,CHICLAYO,SAÑA,140115,I-1,,ACTIVADO
GOBIERNO REGIONAL,E.S I-1 SAN ANTONIO DE SUCCHIRCA,PUESTOS DE SALUD O POSTAS DE SALUD,PIURA,HUANCABAMBA,HUARMACA,200304,I-1,,ACTIVADO
GOBIERNO REGIONAL,E.S  I - 2  SUCCHIRCA,PUESTOS DE SALUD O POSTAS DE SALUD,PIURA,HUANCABAMBA,HUARMACA,200304,I-2,,ACTIVADO
GOBIERNO REGIONAL,P.S CALLANCAS,PUESTOS DE SALUD O POSTAS DE SALUD,PIURA,HUANCABAMBA,HUARMACA,200304,I-2,,ACTIVADO
GOBIERNO REGIONAL,GIGANTE,PUESTOS DE SALUD O POSTAS DE SALUD,PIURA,AYABACA,AYABACA,200201,I-1,,ACTIVADO
GOBIERNO REGIONAL,DISTRITAL DE PACASMAYO,HOSPITALES O CLINICAS DE ATENCION GENERAL,LA LIBERTAD,PACASMAYO,PACASMAYO,130704,II-1,8.0,ACTIVADO
ESSALUD,HOSPITAL I - PACASMAYO,HOSPITALES O CLINICAS DE ATENCION GENERAL,LA LIBERTAD,PACASMAYO,PACASMAYO,130704,II-1,12.0,ACTIVADO
GOBIERNO REGIONAL,JEQUETEPEQUE,CENTROS DE SALUD O CENTROS MEDICOS,LA LIBERTAD,PACASMAYO,JEQUETEPEQUE,130703,I-3,4.0,ACTIVADO
GOBIERNO REGIONAL,COLLIQUE,PUESTOS DE SALUD O POSTAS DE SALUD,LAMBAYEQUE,CHICLAYO,SAÑA,140115,I-2,,ACTIVADO
ESSALUD,CENTRO MEDICO CAYALTI,CENTROS DE SALUD O CENTROS MEDICOS,LAMBAYEQUE,CHICLAYO,CAYALTI,140116,I-3,,ACTIVADO
GOBIERNO REGIONAL,CAYALTI,CENTROS DE SALUD O CENTROS MEDICOS,LAMBAYEQUE,CHICLAYO,CAYALTI,140116,I-3,,ACTIVADO
GOBIERNO REGIONAL,P.S NARANJO DE SAN MIGUEL DE EL FAIQUE,PUESTOS DE SALUD O POSTAS DE SALUD,PIURA,HUANCABAMBA,SAN MIGUEL DE EL FAIQUE,200306,I-1,,ACTIVADO
GOBIERNO REGIONAL,P.S CACHIACO,PUESTOS DE SALUD O POSTAS DE SALUD,PIURA,AYABACA,PACAIPAMPA,200206,I-1,,ACTIVADO
GOBIERNO REGIONAL,SANTA ROSA,PUESTOS DE SALUD O POSTAS DE SALUD,LA LIBERTAD,CHEPEN,PUEBLO NUEVO,130403,I-2,,ACTIVADO
GOBIERNO REGIONAL,TAPAL,PUESTOS DE SALUD O POSTAS DE SALUD,PIURA,AYABACA,AYABACA,200201,I-2,,ACTIVADO
GOBIERNO REGIONAL,LAGUNAS DE CANGLY,PUESTOS DE SALUD O POSTAS DE SALUD,PIURA,AYABACA,AYABACA,200201,I-1,,ACTIVADO
GOBIERNO REGIONAL,EL SAUCE,PUESTOS DE SALUD O POSTAS DE SALUD,LAMBAYEQUE,LAMBAYEQUE,SALAS,140310,I-2,,ACTIVADO
GOBIERNO REGIONAL,P.S TUNAS,PUESTOS DE SALUD O POSTAS DE SALUD,PIURA,HUANCABAMBA,HUARMACA,200304,I-2,,ACTIVADO
GOBIERNO REGIONAL,P.S HUANCACARPA BAJO,PUESTOS DE SALUD O POSTAS DE SALUD,PIURA,HUANCABAMBA,HUANCABAMBA,200301,I-2,,ACTIVADO
GOBIERNO REGIONAL,PAMPA LA VICTORIA,PUESTOS DE SALUD O POSTAS DE SALUD,LAMBAYEQUE,CHICLAYO,PATAPO,140117,I-2,,ACTIVADO
GOBIERNO REGIONAL,C.S LIMON DE PORCUYA,CENTROS DE SALUD O CENTROS MEDICOS,PIURA,HUANCABAMBA,HUARMACA,200304,I-3,,ACTIVADO
GOBIERNO REGIONAL,LA RAMADA,PUESTOS DE SALUD O POSTAS DE SALUD,LAMBAYEQUE,LAMBAYEQUE,SALAS,140310,I-2,,ACTIVADO
GOBIERNO REGIONAL,P.S TALANEO,PUESTOS DE SALUD O POSTAS DE SALUD,PIURA,HUANCABAMBA,EL CARMEN DE LA FRONTERA,200303,I-2,,ACTIVADO
GOBIERNO REGIONAL,P.S TOLINGAS,PUESTOS DE SALUD O POSTAS DE SALUD,PIURA,HUANCABAMBA,HUARMACA,200304,I-1,,ACTIVADO
GOBIERNO REGIONAL,P.S JACOCHA,PUESTOS DE SALUD O POSTAS DE SALUD,PIURA,HUANCABAMBA,HUANCABAMBA,200301,I-1,,ACTIVADO
GOBIERNO REGIONAL,P.S LAGUNAS DE SAN PABLO,PUESTOS DE SALUD O POSTAS DE SALUD,PIURA,AYABACA,PACAIPAMPA,200206,I-1,,ACTIVADO
GOBIERNO REGIONAL,SAMANGUILLA,PUESTOS DE SALUD O POSTAS DE SALUD,PIURA,AYABACA,AYABACA,200201,I-1,,ACTIVADO
GOBIERNO REGIONAL,P.S TAMBILLO,PUESTOS DE SALUD O POSTAS DE SALUD,PIURA,HUANCABAMBA,EL CARMEN DE LA FRONTERA,200303,I-1,,ACTIVADO
GOBIERNO REGIONAL,E.S I-2 SANTA TERESA,PUESTOS DE SALUD O POSTAS DE SALUD,PIURA,HUANCABAMBA,HUARMACA,200304,I-2,,ACTIVADO
GOBIERNO REGIONAL,CALVAS DE SAMANGA,PUESTOS DE SALUD O POSTAS DE SALUD,PIURA,AYABACA,AYABACA,200201,I-1,,ACTIVADO
GOBIERNO REGIONAL,E.S. I-4 HUARMACA,CENTROS DE SALUD CON CAMAS DE INTERNAMIENTO,PIURA,HUANCABAMBA,HUARMACA,200304,I-4,,ACTIVADO
GOBIERNO REGIONAL,HIERBA BUENA,PUESTOS DE SALUD O POSTAS DE SALUD,LAMBAYEQUE,FERREÑAFE,CAÑARIS,140202,I-2,,ACTIVADO
GOBIERNO REGIONAL,ANIA,PUESTOS DE SALUD O POSTAS DE SALUD,PIURA,AYABACA,AYABACA,200201,I-1,,ACTIVADO
GOBIERNO REGIONAL,PUEBLO NUEVO,CENTROS DE SALUD O CENTROS MEDICOS,LA LIBERTAD,CHEPEN,PUEBLO NUEVO,130403,I-3,,ACTIVADO
GOBIERNO REGIONAL,P.S EL SAUCE,PUESTOS DE SALUD O POSTAS DE SALUD,PIURA,HUANCABAMBA,HUARMACA,200304,I-1,,ACTIVADO
GOBIERNO REGIONAL,E.S I-2 CASCAMACHE,PUESTOS DE SALUD O POSTAS DE SALUD,PIURA,HUANCABAMBA,HUANCABAMBA,200301,I-1,,ACTIVADO
GOBIERNO REGIONAL,TALLAPAMPA,PUESTOS DE SALUD O POSTAS DE SALUD,LAMBAYEQUE,LAMBAYEQUE,SALAS,140310,I-1,,ACTIVADO
GOBIERNO REGIONAL,EL TOLDO,PUESTOS DE SALUD O POSTAS DE SALUD,PIURA,AYABACA,AYABACA,200201,I-1,,ACTIVADO
GOBIERNO REGIONAL,KERGUER,PUESTOS DE SALUD O POSTAS DE SALUD,LAMBAYEQUE,LAMBAYEQUE,SALAS,140310,I-2,,ACTIVADO
GOBIERNO REGIONAL,COLAYA,CENTROS DE SALUD O CENTROS MEDICOS,LAMBAYEQUE,LAMBAYEQUE,SALAS,140310,I-3,,ACTIVADO
GOBIERNO REGIONAL,SANTA CATALINA,CENTROS DE SALUD CON CAMAS DE INTERNAMIENTO,LA LIBERTAD,PACASMAYO,SAN PEDRO DE LLOC,130701,I-4,19.0,ACTIVADO
GOBIERNO REGIONAL,P.S JICATE BAJO,PUESTOS DE SALUD O POSTAS DE SALUD,PIURA,HUANCABAMBA,HUANCABAMBA,200301,I-1,,ACTIVADO
GOBIERNO REGIONAL,PUESTO DE SALUD HUILCO,PUESTOS DE SALUD O POSTAS DE SALUD,PIURA,AYABACA,AYABACA,200201,I-1,,ACTIVADO
GOBIERNO REGIONAL,P.S TALLAPAMPA,PUESTOS DE SALUD O POSTAS DE SALUD,PIURA,HUANCABAMBA,SAN MIGUEL DE EL FAIQUE,200306,I-1,,ACTIVADO
GOBIERNO REGIONAL,P.S ULPAMACHE,PUESTOS DE SALUD O POSTAS DE SALUD,PIURA,HUANCABAMBA,SONDORILLO,200308,I-2,,ACTIVADO
GOBIERNO REGIONAL,GUAYAQUIL,PUESTOS DE SALUD O POSTAS DE SALUD,LAMBAYEQUE,CHICLAYO,CAYALTI,140116,I-1,,ACTIVADO
GOBIERNO REGIONAL,CHOCOFAN,PUESTOS DE SALUD O POSTAS DE SALUD,LA LIBERTAD,PACASMAYO,SAN PEDRO DE LLOC,130701,I-2,,ACTIVADO
GOBIERNO REGIONAL,SAN MARTIN DE PORRES,PUESTOS DE SALUD O POSTAS DE SALUD,LA LIBERTAD,PACASMAYO,SAN JOSE,130705,I-2,2.0,ACTIVADO
GOBIERNO REGIONAL,PUCHACA,PUESTOS DE SALUD O POSTAS DE SALUD,LAMBAYEQUE,FERREÑAFE,INCAHUASI,140203,I-2,,ACTIVADO
GOBIERNO REGIONAL,PACANGA,CENTROS DE SALUD O CENTROS MEDICOS,LA LIBERTAD,CHEPEN,PACANGA,130402,I-3,,ACTIVADO
GOBIERNO REGIONAL,PAMPA GRANDE,CENTROS DE SALUD O CENTROS MEDICOS,LAMBAYEQUE,CHICLAYO,CHONGOYAPE,140102,I-3,,ACTIVADO
GOBIERNO REGIONAL,LAGUNA HUANAMA,PUESTOS DE SALUD O POSTAS DE SALUD,LAMBAYEQUE,LAMBAYEQUE,SALAS,140310,I-1,,ACTIVADO
GOBIERNO REGIONAL,CIUDAD DE DIOS,CENTROS DE SALUD O CENTROS MEDICOS,LA LIBERTAD,PACASMAYO,GUADALUPE,130702,I-3,2.0,ACTIVADO
GOBIERNO REGIONAL,E.S I-2 UCHUPATA,PUESTOS DE SALUD O POSTAS DE SALUD,PIURA,HUANCABAMBA,SONDORILLO,200308,I-1,,ACTIVADO
GOBIERNO REGIONAL,ESPINDOLA,PUESTOS DE SALUD O POSTAS DE SALUD,PIURA,AYABACA,AYABACA,200201,I-2,,ACTIVADO
GOBIERNO REGIONAL,MAZANCA,PUESTOS DE SALUD O POSTAS DE SALUD,LA LIBERTAD,PACASMAYO,SAN PEDRO DE LLOC,130701,I-2,,ACTIVADO
GOBIERNO REGIONAL,HOSPITAL DE APOYO TOMAS LAFORA,HOSPITALES O CLINICAS DE ATENCION GENERAL,LA LIBERTAD,PACASMAYO,GUADALUPE,130702,II-1,10.0,ACTIVADO
GOBIERNO REGIONAL,PENACHI,PUESTOS DE SALUD O POSTAS DE SALUD,LAMBAYEQUE,LAMBAYEQUE,SALAS,140310,I-2,,ACTIVADO
GOBIERNO REGIONAL,EE.SS I-2 JUZGARA,PUESTOS DE SALUD O POSTAS DE SALUD,PIURA,HUANCABAMBA,HUANCABAMBA,200301,I-1,,ACTIVADO
GOBIERNO REGIONAL,CHIÑAMA,PUESTOS DE SALUD O POSTAS DE SALUD,LAMBAYEQUE,FERREÑAFE,CAÑARIS,140202,I-2,,ACTIVADO
GOBIERNO REGIONAL,CORRAL DE PIEDRA,PUESTOS DE SALUD O POSTAS DE SALUD,LAMBAYEQUE,LAMBAYEQUE,SALAS,140310,I-2,,ACTIVADO
GOBIERNO REGIONAL,P.S SALALA,PUESTOS DE SALUD O POSTAS DE SALUD,PIURA,HUANCABAMBA,EL CARMEN DE LA FRONTERA,200303,I-2,,ACTIVADO
GOBIERNO REGIONAL,E.S I-1 HUAYLAS,PUESTOS DE SALUD O POSTAS DE SALUD,PIURA,HUANCABAMBA,SONDORILLO,200308,I-1,,ACTIVADO
GOBIERNO REGIONAL,LA VIÑA DE NUEVA ARICA,PUESTOS DE SALUD O POSTAS DE SALUD,LAMBAYEQUE,CHICLAYO,NUEVA ARICA,140109,I-1,,ACTIVADO
GOBIERNO REGIONAL,E. S. I - 1 LACCHAN,PUESTOS DE SALUD O POSTAS DE SALUD,PIURA,HUANCABAMBA,SONDORILLO,200308,I-1,,ACTIVADO
GOBIERNO REGIONAL,SAN JOSE,CENTROS DE SALUD O CENTROS MEDICOS,LA LIBERTAD,PACASMAYO,SAN JOSE,130705,I-3,0.0,ACTIVADO
GOBIERNO REGIONAL,P.S SAN ANTONIO,PUESTOS DE SALUD O POSTAS DE SALUD,PIURA,HUANCABAMBA,EL CARMEN DE LA FRONTERA,200303,I-1,,ACTIVADO
GOBIERNO REGIONAL,E.S.I-4  HUANCABAMBA JESUS GUERRERO CRUZ,CENTROS DE SALUD CON CAMAS DE INTERNAMIENTO,PIURA,HUANCABAMBA,HUANCABAMBA,200301,I-4,,ACTIVADO
GOBIERNO REGIONAL,P.S SAN ISIDRO,PUESTOS DE SALUD O POSTAS DE SALUD,PIURA,HUANCABAMBA,HUARMACA,200304,I-1,,ACTIVADO
GOBIERNO REGIONAL,P.S ÑANGALI,PUESTOS DE SALUD O POSTAS DE SALUD,PIURA,HUANCABAMBA,HUANCABAMBA,200301,I-1,,ACTIVADO
GOBIERNO REGIONAL,PACANGUILLA,CENTROS DE SALUD O CENTROS MEDICOS,LA LIBERTAD,CHEPEN,PACANGA,130402,I-3,,ACTIVADO
GOBIERNO REGIONAL,P.S TRIGAL,PUESTOS DE SALUD O POSTAS DE SALUD,PIURA,HUANCABAMBA,HUARMACA,200304,I-1,,ACTIVADO
GOBIERNO REGIONAL,P.S CUSE,PUESTOS DE SALUD O POSTAS DE SALUD,PIURA,HUANCABAMBA,SONDORILLO,200308,I-1,,ACTIVADO
GOBIERNO REGIONAL,P.S NUEVO HUALAPAMPA,PUESTOS DE SALUD O POSTAS DE SALUD,PIURA,HUANCABAMBA,HUARMACA,200304,I-2,,ACTIVADO
GOBIERNO REGIONAL,RAZURI,CENTROS DE SALUD O CENTROS MEDICOS,LA LIBERTAD,ASCOPE,RAZURI,130206,I-3,,ACTIVADO
GOBIERNO REGIONAL,HOSPITAL DE APOYO CHEPEN,HOSPITALES O CLINICAS DE ATENCION GENERAL,LA LIBERTAD,CHEPEN,CHEPEN,130401,II-1,109.0,ACTIVADO
GOBIERNO REGIONAL,E.S I-2 RODEOPAMPA,PUESTOS DE SALUD O POSTAS DE SALUD,PIURA,HUANCABAMBA,HUARMACA,200304,I-2,,ACTIVADO
GOBIERNO REGIONAL,E.S I-3 SAPALACHE,CENTROS DE SALUD O CENTROS MEDICOS,PIURA,HUANCABAMBA,EL CARMEN DE LA FRONTERA,200303,I-3,,ACTIVADO
GOBIERNO REGIONAL,C.S SONDORILLO,CENTROS DE SALUD O CENTROS MEDICOS,PIURA,HUANCABAMBA,SONDORILLO,200308,I-3,,ACTIVADO
GOBIERNO REGIONAL,E.S I-1 CAJAS SHAPAYA,PUESTOS DE SALUD O POSTAS DE SALUD,PIURA,HUANCABAMBA,EL CARMEN DE LA FRONTERA,200303,I-1,,ACTIVADO
GOBIERNO REGIONAL,E.S I-2 LOMA GRANDE,PUESTOS DE SALUD O POSTAS DE SALUD,PIURA,HUANCABAMBA,HUARMACA,200304,I-1,,ACTIVADO
GOBIERNO REGIONAL,E.S.  I -1  CASHACOTO,PUESTOS DE SALUD O POSTAS DE SALUD,PIURA,HUANCABAMBA,SONDOR,200307,I-1,,ACTIVADO
GOBIERNO REGIONAL,VILLA SAN ISIDRO,PUESTOS DE SALUD O POSTAS DE SALUD,LA LIBERTAD,PACASMAYO,GUADALUPE,130702,I-2,0.0,ACTIVADO
ESSALUD,POSTA MEDICA LIMONCARRO,PUESTOS DE SALUD O POSTAS DE SALUD,LA LIBERTAD,PACASMAYO,GUADALUPE,130702,Sin Categoría,,ACTIVADO
GOBIERNO REGIONAL,CHEQUEN,PUESTOS DE SALUD O POSTAS DE SALUD,LA LIBERTAD,CHEPEN,CHEPEN,130401,I-2,,ACTIVADO
GOBIERNO REGIONAL,C.S SONDOR,CENTROS DE SALUD O CENTROS MEDICOS,PIURA,HUANCABAMBA,SONDOR,200307,I-3,,ACTIVADO
GOBIERNO REGIONAL,MARISCAL CASTILLA,PUESTOS DE SALUD O POSTAS DE SALUD,LA LIBERTAD,PACASMAYO,GUADALUPE,130702,I-2,0.0,ACTIVADO
GOBIERNO REGIONAL,LAS COLMENAS,PUESTOS DE SALUD O POSTAS DE SALUD,LAMBAYEQUE,CHICLAYO,CHONGOYAPE,140102,I-1,,ACTIVADO
GOBIERNO REGIONAL,LA SUCCHA,PUESTOS DE SALUD O POSTAS DE SALUD,LAMBAYEQUE,FERREÑAFE,CAÑARIS,140202,I-2,,ACTIVADO
GOBIERNO REGIONAL,HUAYABAMBA,PUESTOS DE SALUD O POSTAS DE SALUD,LAMBAYEQUE,FERREÑAFE,CAÑARIS,140202,I-2,,ACTIVADO
GOBIERNO REGIONAL,PUQUIOPAMPA,PUESTOS DE SALUD O POSTAS DE SALUD,CAJAMARCA,CHOTA,MIRACOSTA,60412,I-1,,ACTIVADO
GOBIERNO REGIONAL,VICTOR ENRIQUE TIRADO BONILLA,CENTROS DE SALUD O CENTROS MEDICOS,LAMBAYEQUE,CHICLAYO,CHONGOYAPE,140102,I-3,8.0,ACTIVADO
GOBIERNO REGIONAL,P.S JACAPAMPA,PUESTOS DE SALUD O POSTAS DE SALUD,PIURA,HUANCABAMBA,HUARMACA,200304,I-1,,ACTIVADO
GOBIERNO REGIONAL,SAULACA,PUESTOS DE SALUD O POSTAS DE SALUD,CAJAMARCA,JAEN,SALLIQUE,60809,I-1,,ACTIVADO
GOBIERNO REGIONAL,E.S I.2 MANCUCUR,PUESTOS DE SALUD O POSTAS DE SALUD,PIURA,HUANCABAMBA,SONDOR,200307,I-1,,ACTIVADO
GOBIERNO REGIONAL,TOCMOCHE,CENTROS DE SALUD O CENTROS MEDICOS,CAJAMARCA,CHOTA,TOCMOCHE,60418,I-3,,ACTIVADO
GOBIERNO REGIONAL,MACABI BAJO,PUESTOS DE SALUD O POSTAS DE SALUD,LA LIBERTAD,ASCOPE,PAIJAN,130205,I-2,,ACTIVADO
GOBIERNO REGIONAL,ANGUYACU,PUESTOS DE SALUD O POSTAS DE SALUD,CAJAMARCA,CHOTA,MIRACOSTA,60412,I-1,,ACTIVADO
GOBIERNO REGIONAL,LA COMPUERTA,PUESTOS DE SALUD O POSTAS DE SALUD,LAMBAYEQUE,CHICLAYO,OYOTUN,140110,I-2,,ACTIVADO
GOBIERNO REGIONAL,E.S. I - 2 TULUCE,PUESTOS DE SALUD O POSTAS DE SALUD,PIURA,HUANCABAMBA,SONDOR,200307,I-2,,ACTIVADO
GOBIERNO REGIONAL,MAZIN,PUESTOS DE SALUD O POSTAS DE SALUD,CAJAMARCA,JAEN,SALLIQUE,60809,I-1,,ACTIVADO
GOBIERNO REGIONAL,NUEVA ARICA,PUESTOS DE SALUD O POSTAS DE SALUD,LAMBAYEQUE,CHICLAYO,NUEVA ARICA,140109,I-2,,ACTIVADO
GOBIERNO REGIONAL,HUANABAL,PUESTOS DE SALUD O POSTAS DE SALUD,CAJAMARCA,CHOTA,LLAMA,60411,I-2,,ACTIVADO
GOBIERNO REGIONAL,QUIRICHIMA,PUESTOS DE SALUD O POSTAS DE SALUD,LAMBAYEQUE,FERREÑAFE,CAÑARIS,140202,I-2,,ACTIVADO
GOBIERNO REGIONAL,GUAYABO,PUESTOS DE SALUD O POSTAS DE SALUD,CAJAMARCA,CHOTA,MIRACOSTA,60412,I-1,,ACTIVADO
GOBIERNO REGIONAL,P.S EL CARMEN,PUESTOS DE SALUD O POSTAS DE SALUD,PIURA,HUANCABAMBA,EL CARMEN DE LA FRONTERA,200303,I-2,,ACTIVADO
GOBIERNO REGIONAL,PIQUIJACA,PUESTOS DE SALUD O POSTAS DE SALUD,CAJAMARCA,JAEN,SAN FELIPE,60810,I-2,,ACTIVADO
GOBIERNO REGIONAL,CAFETAL,PUESTOS DE SALUD O POSTAS DE SALUD,CAJAMARCA,CONTUMAZA,YONAN,60508,I-1,,ACTIVADO
GOBIERNO REGIONAL,E.S I-2 ROSARIOS BAJO,PUESTOS DE SALUD O POSTAS DE SALUD,PIURA,HUANCABAMBA,EL CARMEN DE LA FRONTERA,200303,I-1,,ACTIVADO
GOBIERNO REGIONAL,CHALANMACHE,PUESTOS DE SALUD O POSTAS DE SALUD,CAJAMARCA,JAEN,SALLIQUE,60809,I-1,,ACTIVADO
GOBIERNO REGIONAL,LA UNION,PUESTOS DE SALUD O POSTAS DE SALUD,CAJAMARCA,JAEN,SALLIQUE,60809,I-2,,ACTIVADO
GOBIERNO REGIONAL,INKAWASI,CENTROS DE SALUD O CENTROS MEDICOS,LAMBAYEQUE,FERREÑAFE,INCAHUASI,140203,I-3,,ACTIVADO
GOBIERNO REGIONAL,SALLIQUE,CENTROS DE SALUD O CENTROS MEDICOS,CAJAMARCA,JAEN,SALLIQUE,60809,I-3,,ACTIVADO
GOBIERNO REGIONAL,SAN FELIPE,CENTROS DE SALUD O CENTROS MEDICOS,CAJAMARCA,JAEN,SAN FELIPE,60810,I-3,,ACTIVADO
GOBIERNO REGIONAL,PALAMBE,PUESTOS DE SALUD O POSTAS DE SALUD,CAJAMARCA,JAEN,SALLIQUE,60809,I-2,,ACTIVADO
GOBIERNO REGIONAL,MAMAGPAMPA,PUESTOS DE SALUD O POSTAS DE SALUD,LAMBAYEQUE,FERREÑAFE,CAÑARIS,140202,I-2,,ACTIVADO
GOBIERNO REGIONAL,OYOTUN,CENTROS DE SALUD O CENTROS MEDICOS,LAMBAYEQUE,CHICLAYO,OYOTUN,140110,I-3,,ACTIVADO
GOBIERNO REGIONAL,LA RAMADA DE LLAMA,CENTROS DE SALUD O CENTROS MEDICOS,CAJAMARCA,CHOTA,LLAMA,60411,I-3,,ACTIVADO
GOBIERNO REGIONAL,SANGANA,CENTROS DE SALUD O CENTROS MEDICOS,CAJAMARCA,CHOTA,MIRACOSTA,60412,I-3,,ACTIVADO
GOBIERNO REGIONAL,C.S. PAIJAN,CENTROS DE SALUD CON CAMAS DE INTERNAMIENTO,LA LIBERTAD,ASCOPE,PAIJAN,130205,I-4,,ACTIVADO
GOBIERNO REGIONAL,MAGDALENA DE CAO,CENTROS DE SALUD O CENTROS MEDICOS,LA LIBERTAD,ASCOPE,MAGDALENA DE CAO,130204,I-3,,ACTIVADO
GOBIERNO REGIONAL,MIRACOSTA,PUESTOS DE SALUD O POSTAS DE SALUD,CAJAMARCA,CHOTA,MIRACOSTA,60412,I-2,,ACTIVADO
GOBIERNO REGIONAL,TABACONAS,PUESTOS DE SALUD O POSTAS DE SALUD,CAJAMARCA,SAN IGNACIO,TABACONAS,60907,I-2,,ACTIVADO
GOBIERNO REGIONAL,SAN JUAN DE UNICAN,PUESTOS DE SALUD O POSTAS DE SALUD,CAJAMARCA,CHOTA,MIRACOSTA,60412,I-1,,ACTIVADO
GOBIERNO REGIONAL,CASA BLANCA,PUESTOS DE SALUD O POSTAS DE SALUD,CAJAMARCA,SAN MIGUEL,SAN GREGORIO,61110,I-2,,ACTIVADO
GOBIERNO REGIONAL,MOLINOS DE CAJANLEQUE,PUESTOS DE SALUD O POSTAS DE SALUD,LA LIBERTAD,ASCOPE,CHOCOPE,130203,I-2,,ACTIVADO
GOBIERNO REGIONAL,SAN CARLOS EL ALTO,PUESTOS DE SALUD O POSTAS DE SALUD,CAJAMARCA,CHOTA,LLAMA,60411,I-1,,ACTIVADO
GOBIERNO REGIONAL,PAN DE AZUCAR,PUESTOS DE SALUD O POSTAS DE SALUD,LAMBAYEQUE,CHICLAYO,OYOTUN,140110,I-1,,ACTIVADO
GOBIERNO REGIONAL,KAÑARIS,CENTROS DE SALUD O CENTROS MEDICOS,LAMBAYEQUE,FERREÑAFE,CAÑARIS,140202,I-3,,ACTIVADO
GOBIERNO REGIONAL,VENTANILLA,PUESTOS DE SALUD O POSTAS DE SALUD,CAJAMARCA,CONTUMAZA,YONAN,60508,I-1,,ACTIVADO
GOBIERNO REGIONAL,LAS PAMPAS,PUESTOS DE SALUD O POSTAS DE SALUD,CAJAMARCA,CHOTA,SAN JUAN DE LICUPIS,60416,I-1,,ACTIVADO
MINSA,CESARA,PUESTOS DE SALUD O POSTAS DE SALUD,CAJAMARCA,SAN IGNACIO,NAMBALLE,60905,I-2,,ACTIVADO
GOBIERNO REGIONAL,SAN JUAN DE LICUPIS,PUESTOS DE SALUD O POSTAS DE SALUD,CAJAMARCA,CHOTA,SAN JUAN DE LICUPIS,60416,I-2,,ACTIVADO
GOBIERNO REGIONAL,MOCAN,PUESTOS DE SALUD O POSTAS DE SALUD,LA LIBERTAD,ASCOPE,CASA GRANDE,130208,I-2,,ACTIVADO
GOBIERNO REGIONAL,NANCHOC,CENTROS DE SALUD O CENTROS MEDICOS,CAJAMARCA,SAN MIGUEL,NANCHOC,61108,I-3,,ACTIVADO
ESSALUD,CENTRO DE ATENCION PRIMARIA I SANTIAGO DE CAO,PUESTOS DE SALUD O POSTAS DE SALUD,LA LIBERTAD,ASCOPE,SANTIAGO DE CAO,130207,Sin Categoría,,ACTIVADO
GOBIERNO REGIONAL,SANTIAGO DE CAO,CENTROS DE SALUD O CENTROS MEDICOS,LA LIBERTAD,ASCOPE,SANTIAGO DE CAO,130207,I-3,,ACTIVADO
GOBIERNO REGIONAL,PAY PAY,PUESTOS DE SALUD O POSTAS DE SALUD,CAJAMARCA,CONTUMAZA,YONAN,60508,I-1,,ACTIVADO
GOBIERNO REGIONAL,POMAHUACA,CENTROS DE SALUD O CENTROS MEDICOS,CAJAMARCA,JAEN,POMAHUACA,60807,I-3,,ACTIVADO
GOBIERNO REGIONAL,CHOCOPE,CENTROS DE SALUD O CENTROS MEDICOS,LA LIBERTAD,ASCOPE,CHOCOPE,130203,I-3,,ACTIVADO
ESSALUD,HOSPITAL II CHOCOPE,HOSPITALES O CLINICAS DE ATENCION GENERAL,LA LIBERTAD,ASCOPE,CHOCOPE,130203,II-2,74.0,ACTIVADO
GOBIERNO REGIONAL,P. S. SANTA ROSA DE CARTAVIO,PUESTOS DE SALUD O POSTAS DE SALUD,LA LIBERTAD,ASCOPE,SANTIAGO DE CAO,130207,I-2,,ACTIVADO
GOBIERNO REGIONAL,E.S I-2 HORMIGUEROS,PUESTOS DE SALUD O POSTAS DE SALUD,PIURA,HUANCABAMBA,EL CARMEN DE LA FRONTERA,200303,I-2,,ACTIVADO
GOBIERNO REGIONAL,COLAGUAY,PUESTOS DE SALUD O POSTAS DE SALUD,CAJAMARCA,JAEN,POMAHUACA,60807,I-1,,ACTIVADO
GOBIERNO REGIONAL,SAN JOSE,PUESTOS DE SALUD O POSTAS DE SALUD,CAJAMARCA,SAN MIGUEL,BOLIVAR,61102,I-1,,ACTIVADO
GOBIERNO REGIONAL,PALO BLANCO,PUESTOS DE SALUD O POSTAS DE SALUD,CAJAMARCA,CHOTA,SAN JUAN DE LICUPIS,60416,I-1,,ACTIVADO
MINSA,CHIMARA,PUESTOS DE SALUD O POSTAS DE SALUD,CAJAMARCA,SAN IGNACIO,NAMBALLE,60905,I-2,,ACTIVADO
GOBIERNO REGIONAL,POTRERILLO,PUESTOS DE SALUD O POSTAS DE SALUD,CAJAMARCA,CHOTA,LLAMA,60411,I-1,,ACTIVADO
GOBIERNO REGIONAL,CHILASQUE,PUESTOS DE SALUD O POSTAS DE SALUD,LAMBAYEQUE,FERREÑAFE,CAÑARIS,140202,I-2,,ACTIVADO
GOBIERNO REGIONAL,EL ESPINAL,PUESTOS DE SALUD O POSTAS DE SALUD,LAMBAYEQUE,CHICLAYO,OYOTUN,140110,I-2,,ACTIVADO
GOBIERNO REGIONAL,PANDACHI,PUESTOS DE SALUD O POSTAS DE SALUD,LAMBAYEQUE,FERREÑAFE,CAÑARIS,140202,I-2,,ACTIVADO
GOBIERNO REGIONAL,CASA GRANDE,CENTROS DE SALUD O CENTROS MEDICOS,LA LIBERTAD,ASCOPE,CASA GRANDE,130208,I-3,3.0,ACTIVADO
ESSALUD,CENTRO MEDICO ESPECIALIZADO CASA GRANDE,HOSPITALES O CLINICAS DE ATENCION GENERAL,LA LIBERTAD,ASCOPE,CASA GRANDE,130208,II-1,10.0,ACTIVADO
GOBIERNO REGIONAL,MAICHIL,PUESTOS DE SALUD O POSTAS DE SALUD,CAJAMARCA,CHOTA,LLAMA,60411,I-1,,ACTIVADO
GOBIERNO REGIONAL,BOLIVAR,PUESTOS DE SALUD O POSTAS DE SALUD,CAJAMARCA,SAN MIGUEL,BOLIVAR,61102,I-2,,ACTIVADO
GOBIERNO REGIONAL,HUACAPAMPA,PUESTOS DE SALUD O POSTAS DE SALUD,LAMBAYEQUE,FERREÑAFE,CAÑARIS,140202,I-2,,ACTIVADO
GOBIERNO REGIONAL,MANGAYPA,PUESTOS DE SALUD O POSTAS DE SALUD,CAJAMARCA,JAEN,POMAHUACA,60807,I-1,,ACTIVADO
GOBIERNO REGIONAL,PAMPA VERDE,PUESTOS DE SALUD O POSTAS DE SALUD,CAJAMARCA,SAN IGNACIO,NAMBALLE,60905,I-2,,ACTIVADO
GOBIERNO REGIONAL,CARAHUASI,PUESTOS DE SALUD O POSTAS DE SALUD,CAJAMARCA,SAN MIGUEL,NANCHOC,61108,I-1,,ACTIVADO
GOBIERNO REGIONAL,YAMBOLON,PUESTOS DE SALUD O POSTAS DE SALUD,CAJAMARCA,JAEN,POMAHUACA,60807,I-1,,ACTIVADO
MINSA,LA UNION,"PUESTOS DE SALUD O POSTAS DE SALUD,PUESTOS DE SALUD O POSTAS DE SALUD",CAJAMARCA,SAN IGNACIO,NAMBALLE,60905,I-1,,ACTIVADO
GOBIERNO REGIONAL,SAN JUAN DE COJIN,PUESTOS DE SALUD O POSTAS DE SALUD,CAJAMARCA,CHOTA,LLAMA,60411,I-1,,ACTIVADO
GOBIERNO REGIONAL,LA BERMEJA,PUESTOS DE SALUD O POSTAS DE SALUD,CAJAMARCA,SAN IGNACIO,TABACONAS,60907,I-2,,ACTIVADO
GOBIERNO REGIONAL,TAMBORAPA PUEBLO,CENTROS DE SALUD O CENTROS MEDICOS,CAJAMARCA,SAN IGNACIO,TABACONAS,60907,I-3,,ACTIVADO
GOBIERNO REGIONAL,TIMON,PUESTOS DE SALUD O POSTAS DE SALUD,CAJAMARCA,CHOTA,LLAMA,60411,I-1,,ACTIVADO
GOBIERNO REGIONAL,MIRAFLORES,PUESTOS DE SALUD O POSTAS DE SALUD,CAJAMARCA,SAN IGNACIO,SAN IGNACIO,60901,I-1,,ACTIVADO
GOBIERNO REGIONAL,"ROMA ""3 DE OCTUBRE """,CENTROS DE SALUD O CENTROS MEDICOS,LA LIBERTAD,ASCOPE,CASA GRANDE,130208,I-3,,ACTIVADO
GOBIERNO REGIONAL,PEÑA BLANCA,PUESTOS DE SALUD O POSTAS DE SALUD,CAJAMARCA,JAEN,SAN JOSE DEL ALTO,60811,I-2,,ACTIVADO
GOBIERNO REGIONAL,C.S.M.I. CHICAMA,CENTROS DE SALUD CON CAMAS DE INTERNAMIENTO,LA LIBERTAD,ASCOPE,CHICAMA,130202,I-4,9.0,ACTIVADO
GOBIERNO REGIONAL,LIMONCARRO,PUESTOS DE SALUD O POSTAS DE SALUD,CAJAMARCA,CHOTA,LLAMA,60411,I-1,,ACTIVADO
GOBIERNO REGIONAL,EL NARANJO,PUESTOS DE SALUD O POSTAS DE SALUD,CAJAMARCA,SAN MIGUEL,NIEPOS,61109,I-1,,ACTIVADO
ESSALUD,POSTA MEDICA DE TEMBLADERA,PUESTOS DE SALUD O POSTAS DE SALUD,CAJAMARCA,CONTUMAZA,YONAN,60508,I-2,,ACTIVADO
GOBIERNO REGIONAL,SAN ANTONIO,PUESTOS DE SALUD O POSTAS DE SALUD,CAJAMARCA,JAEN,SAN JOSE DEL ALTO,60811,I-1,,ACTIVADO
GOBIERNO REGIONAL,PUCARA,CENTROS DE SALUD CON CAMAS DE INTERNAMIENTO,CAJAMARCA,JAEN,PUCARA,60808,I-4,,ACTIVADO
GOBIERNO REGIONAL,BARBASCO,PUESTOS DE SALUD O POSTAS DE SALUD,CAJAMARCA,CUTERVO,QUEROCOTILLO,60607,I-1,,ACTIVADO
GOBIERNO REGIONAL,SANTOS,PUESTOS DE SALUD O POSTAS DE SALUD,CAJAMARCA,CUTERVO,QUEROCOTILLO,60607,I-1,,ACTIVADO
ESSALUD,POSTA MÉDICA DE PUCARÁ,PUESTOS DE SALUD O POSTAS DE SALUD,CAJAMARCA,JAEN,PUCARA,60808,Sin Categoría,,ACTIVADO
GOBIERNO REGIONAL,NIEPOS,PUESTOS DE SALUD O POSTAS DE SALUD,CAJAMARCA,SAN MIGUEL,NIEPOS,61109,I-2,,ACTIVADO
GOBIERNO REGIONAL,TEMBLADERA,CENTROS DE SALUD CON CAMAS DE INTERNAMIENTO,CAJAMARCA,CONTUMAZA,YONAN,60508,I-4,,ACTIVADO
GOBIERNO REGIONAL,EL SAUCE,PUESTOS DE SALUD O POSTAS DE SALUD,CAJAMARCA,SAN MIGUEL,SAN GREGORIO,61110,I-1,,ACTIVADO
GOBIERNO REGIONAL,PACHAPIRIANA,PUESTOS DE SALUD O POSTAS DE SALUD,CAJAMARCA,JAEN,CHONTALI,60803,I-2,,ACTIVADO
GOBIERNO REGIONAL,PARIC,PUESTOS DE SALUD O POSTAS DE SALUD,CAJAMARCA,CUTERVO,QUEROCOTILLO,60607,I-1,,ACTIVADO
GOBIERNO REGIONAL,LA FLORIDA,CENTROS DE SALUD O CENTROS MEDICOS,CAJAMARCA,SAN MIGUEL,LA FLORIDA,61106,I-3,,ACTIVADO
GOBIERNO REGIONAL,LLAMA,CENTROS DE SALUD O CENTROS MEDICOS,CAJAMARCA,CHOTA,LLAMA,60411,I-3,,ACTIVADO
MINSA,LA BALSA,PUESTOS DE SALUD O POSTAS DE SALUD,CAJAMARCA,SAN IGNACIO,NAMBALLE,60905,I-2,,ACTIVADO
ESSALUD,CENTRO MEDICO HUANCHACO,CENTROS DE SALUD O CENTROS MEDICOS,LA LIBERTAD,TRUJILLO,HUANCHACO,130104,Sin Categoría,,ACTIVADO
GOBIERNO REGIONAL,PARIAMARCA,PUESTOS DE SALUD O POSTAS DE SALUD,CAJAMARCA,CHOTA,QUEROCOTO,60415,I-1,,ACTIVADO
GOBIERNO REGIONAL,CHARAPE,PUESTOS DE SALUD O POSTAS DE SALUD,CAJAMARCA,SAN IGNACIO,TABACONAS,60907,I-1,,ACTIVADO
GOBIERNO REGIONAL,HUANCHACO,"CENTROS DE SALUD CON CAMAS DE INTERNAMIENTO,CENTROS DE SALUD CON CAMAS DE INTERNAMIENTO",LA LIBERTAD,TRUJILLO,HUANCHACO,130104,I-4,,ACTIVADO
GOBIERNO REGIONAL,PANCHIA,CENTROS DE SALUD O CENTROS MEDICOS,CAJAMARCA,SAN IGNACIO,TABACONAS,60907,I-3,,ACTIVADO
ESSALUD,CENTRO MEDICO ASCOPE,HOSPITALES O CLINICAS DE ATENCION ESPECIALIZADA,LA LIBERTAD,ASCOPE,ASCOPE,130201,I-4,,ACTIVADO
GOBIERNO REGIONAL,CARMEN CAUTIVO,PUESTOS DE SALUD O POSTAS DE SALUD,CAJAMARCA,SAN IGNACIO,TABACONAS,60907,I-1,,ACTIVADO
GOBIERNO REGIONAL,SEÑOR DE LOS MILAGROS - LA GRANJA,PUESTOS DE SALUD O POSTAS DE SALUD,CAJAMARCA,CHOTA,QUEROCOTO,60415,I-2,,ACTIVADO
GOBIERNO REGIONAL,MONTESECO,PUESTOS DE SALUD O POSTAS DE SALUD,CAJAMARCA,SANTA CRUZ,CATACHE,61303,I-1,,ACTIVADO
GOBIERNO REGIONAL,HUANCHAQUITO,PUESTOS DE SALUD O POSTAS DE SALUD,LA LIBERTAD,TRUJILLO,HUANCHACO,130104,I-2,,ACTIVADO
GOBIERNO REGIONAL,BALCONCILLO,PUESTOS DE SALUD O POSTAS DE SALUD,CAJAMARCA,CUTERVO,QUEROCOTILLO,60607,I-1,,ACTIVADO
GOBIERNO REGIONAL,GUAYABAL,PUESTOS DE SALUD O POSTAS DE SALUD,CAJAMARCA,SAN IGNACIO,TABACONAS,60907,I-1,,ACTIVADO
GOBIERNO REGIONAL,MIRAVALLES,PUESTOS DE SALUD O POSTAS DE SALUD,CAJAMARCA,SAN MIGUEL,NIEPOS,61109,I-1,,ACTIVADO
GOBIERNO REGIONAL,"HOSPITAL PROVINCIAL ASCOPE ""ROSA SANCHEZ DE SANTILLAN""",HOSPITALES O CLINICAS DE ATENCION GENERAL,LA LIBERTAD,ASCOPE,ASCOPE,130201,II-1,9.0,ACTIVADO
GOBIERNO REGIONAL,SAN GREGORIO,PUESTOS DE SALUD O POSTAS DE SALUD,CAJAMARCA,SAN MIGUEL,SAN GREGORIO,61110,I-1,,ACTIVADO
GOBIERNO REGIONAL,LINDEROS,PUESTOS DE SALUD O POSTAS DE SALUD,CAJAMARCA,SAN IGNACIO,TABACONAS,60907,I-2,,ACTIVADO
GOBIERNO REGIONAL,EL PORVENIR,PUESTOS DE SALUD O POSTAS DE SALUD,CAJAMARCA,JAEN,SAN JOSE DEL ALTO,60811,I-1,,ACTIVADO
GOBIERNO REGIONAL,IHUAMACA,PUESTOS DE SALUD O POSTAS DE SALUD,CAJAMARCA,SAN IGNACIO,SAN IGNACIO,60901,I-1,,ACTIVADO
GOBIERNO REGIONAL,LANCHEZ,PUESTOS DE SALUD O POSTAS DE SALUD,CAJAMARCA,SAN MIGUEL,NIEPOS,61109,I-1,,ACTIVADO
GOBIERNO REGIONAL,NAMBALLE,CENTROS DE SALUD O CENTROS MEDICOS,CAJAMARCA,SAN IGNACIO,NAMBALLE,60905,I-3,,ACTIVADO
GOBIERNO REGIONAL,UDIMA,CENTROS DE SALUD O CENTROS MEDICOS,CAJAMARCA,SANTA CRUZ,CATACHE,61303,I-3,,ACTIVADO
GOBIERNO REGIONAL,MOSHOQUEQUE,PUESTOS DE SALUD O POSTAS DE SALUD,CAJAMARCA,CUTERVO,QUEROCOTILLO,60607,I-1,,ACTIVADO
GOBIERNO REGIONAL,CHONTALI,CENTROS DE SALUD O CENTROS MEDICOS,CAJAMARCA,JAEN,CHONTALI,60803,I-3,,ACTIVADO
GOBIERNO REGIONAL,SANTA ROSA,PUESTOS DE SALUD O POSTAS DE SALUD,CAJAMARCA,CUTERVO,QUEROCOTILLO,60607,I-2,,ACTIVADO
GOBIERNO REGIONAL,CHURUYACU,CENTROS DE SALUD O CENTROS MEDICOS,CAJAMARCA,SAN IGNACIO,TABACONAS,60907,I-3,,ACTIVADO
GOBIERNO REGIONAL,BAJO IHUAMACA,CENTROS DE SALUD O CENTROS MEDICOS,CAJAMARCA,SAN IGNACIO,SAN IGNACIO,60901,I-3,,ACTIVADO
GOBIERNO REGIONAL,PARAGUAY,PUESTOS DE SALUD O POSTAS DE SALUD,CAJAMARCA,CHOTA,QUEROCOTO,60415,I-1,,ACTIVADO
GOBIERNO REGIONAL,EL TROPICO,PUESTOS DE SALUD O POSTAS DE SALUD,LA LIBERTAD,TRUJILLO,HUANCHACO,130104,I-2,,ACTIVADO
GOBIERNO REGIONAL,QUIPAYUC,PUESTOS DE SALUD O POSTAS DE SALUD,CAJAMARCA,CUTERVO,QUEROCOTILLO,60607,I-1,,ACTIVADO
GOBIERNO REGIONAL,VICTOR RAUL HAYA DE LA TORRE,PUESTOS DE SALUD O POSTAS DE SALUD,LA LIBERTAD,TRUJILLO,HUANCHACO,130104,I-2,,ACTIVADO
GOBIERNO REGIONAL,INGUER,PUESTOS DE SALUD O POSTAS DE SALUD,CAJAMARCA,CUTERVO,QUEROCOTILLO,60607,I-2,,ACTIVADO
GOBIERNO REGIONAL,MITOBAMBA,PUESTOS DE SALUD O POSTAS DE SALUD,CAJAMARCA,CHOTA,QUEROCOTO,60415,I-1,,ACTIVADO
GOBIERNO REGIONAL,COLASAY,CENTROS DE SALUD O CENTROS MEDICOS,CAJAMARCA,JAEN,COLASAY,60804,I-3,,ACTIVADO
GOBIERNO REGIONAL,CENTRO DE SALUD MATERNO INFANTIL EL MILAGRO,CENTROS DE SALUD CON CAMAS DE INTERNAMIENTO,LA LIBERTAD,TRUJILLO,HUANCHACO,130104,I-4,,ACTIVADO
GOBIERNO REGIONAL,MANUEL ALREVALO,PUESTOS DE SALUD O POSTAS DE SALUD,LA LIBERTAD,TRUJILLO,LA ESPERANZA,130105,I-2,,ACTIVADO
GOBIERNO REGIONAL,1° DE MAYO- SECTOR 10 EL MILAGRO,PUESTOS DE SALUD O POSTAS DE SALUD,LA LIBERTAD,TRUJILLO,HUANCHACO,130104,I-2,,ACTIVADO
GOBIERNO REGIONAL,PUERTO SAN FRANCISCO,PUESTOS DE SALUD O POSTAS DE SALUD,CAJAMARCA,SAN IGNACIO,SAN IGNACIO,60901,I-1,,ACTIVADO
GOBIERNO REGIONAL,VILLA DEL MAR,PUESTOS DE SALUD O POSTAS DE SALUD,LA LIBERTAD,TRUJILLO,HUANCHACO,130104,I-2,,ACTIVADO
GOBIERNO REGIONAL,UNION AGUA BLANCA,PUESTOS DE SALUD O POSTAS DE SALUD,CAJAMARCA,SAN MIGUEL,UNION AGUA BLANCA,61113,I-2,,ACTIVADO
ESSALUD,HOSPITAL DE ALTA COMPLEJIDAD DE LA LIBERTAD VIRGEN DE LA PUERTA,HOSPITALES O CLINICAS DE ATENCION ESPECIALIZADA,LA LIBERTAD,TRUJILLO,LA ESPERANZA,130105,Sin Categoría,,ACTIVADO
GOBIERNO REGIONAL,TECHIN,PUESTOS DE SALUD O POSTAS DE SALUD,CAJAMARCA,CUTERVO,QUEROCOTILLO,60607,I-1,,ACTIVADO
GOBIERNO REGIONAL,HOSPITAL DISTRITAL JERUSALEN,HOSPITALES O CLINICAS DE ATENCION GENERAL,LA LIBERTAD,TRUJILLO,LA ESPERANZA,130105,II-1,18.0,ACTIVADO
ESSALUD,HOSPITAL I - LA ESPERANZA,HOSPITALES O CLINICAS DE ATENCION GENERAL,LA LIBERTAD,TRUJILLO,LA ESPERANZA,130105,II-1,11.0,ACTIVADO
GOBIERNO REGIONAL,HUAHUAYA,PUESTOS DE SALUD O POSTAS DE SALUD,CAJAMARCA,JAEN,SAN JOSE DEL ALTO,60811,I-1,,ACTIVADO
GOBIERNO REGIONAL,EL MOLINO,PUESTOS DE SALUD O POSTAS DE SALUD,CAJAMARCA,CUTERVO,QUEROCOTILLO,60607,I-1,,ACTIVADO
GOBIERNO REGIONAL,VICTOR LARCO,CENTROS DE SALUD O CENTROS MEDICOS,LA LIBERTAD,TRUJILLO,VICTOR LARCO HERRERA,130111,I-3,,ACTIVADO
GOBIERNO REGIONAL,WICHANZAO,CENTROS DE SALUD CON CAMAS DE INTERNAMIENTO,LA LIBERTAD,TRUJILLO,LA ESPERANZA,130105,I-4,,ACTIVADO
GOBIERNO REGIONAL,LAS DELICIAS,PUESTOS DE SALUD O POSTAS DE SALUD,CAJAMARCA,CUTERVO,QUEROCOTILLO,60607,I-1,,ACTIVADO
GOBIERNO REGIONAL,TAMBILLO,PUESTOS DE SALUD O POSTAS DE SALUD,CAJAMARCA,JAEN,POMAHUACA,60807,I-1,,ACTIVADO
GOBIERNO REGIONAL,SEXI,PUESTOS DE SALUD O POSTAS DE SALUD,CAJAMARCA,SANTA CRUZ,SEXI,61309,I-1,,ACTIVADO
GOBIERNO REGIONAL,BUENOS AIRES SUR,PUESTOS DE SALUD O POSTAS DE SALUD,LA LIBERTAD,TRUJILLO,VICTOR LARCO HERRERA,130111,I-2,,ACTIVADO
ESSALUD,POLICLINICO VICTOR LARCO HERRERA,POLICLINICOS,LA LIBERTAD,TRUJILLO,VICTOR LARCO HERRERA,130111,Sin Categoría,0.0,ACTIVADO
GOBIERNO REGIONAL,LIBERACION SOCIAL,CENTROS DE SALUD O CENTROS MEDICOS,LA LIBERTAD,TRUJILLO,VICTOR LARCO HERRERA,130111,I-3,,ACTIVADO
GOBIERNO REGIONAL,MACUACO,PUESTOS DE SALUD O POSTAS DE SALUD,CAJAMARCA,SANTA CRUZ,CATACHE,61303,I-2,,ACTIVADO
GOBIERNO REGIONAL,HOSPITAL DISTRITAL VISTA ALEGRE,HOSPITALES O CLINICAS DE ATENCION GENERAL,LA LIBERTAD,TRUJILLO,VICTOR LARCO HERRERA,130111,II-1,14.0,ACTIVADO
GOBIERNO REGIONAL,IRO,INSTITUTOS DE SALUD ESPECIALIZADOS,LA LIBERTAD,TRUJILLO,TRUJILLO,130101,III-2,0.0,ACTIVADO
GOBIERNO REGIONAL,PUEBLO LIBRE.,PUESTOS DE SALUD O POSTAS DE SALUD,LA LIBERTAD,TRUJILLO,LA ESPERANZA,130105,I-2,,ACTIVADO
GOBIERNO REGIONAL,MARAYBAMBA ALTO,PUESTOS DE SALUD O POSTAS DE SALUD,CAJAMARCA,CUTERVO,QUEROCOTILLO,60607,I-1,,ACTIVADO
GOBIERNO REGIONAL,EL HUABO,PUESTOS DE SALUD O POSTAS DE SALUD,CAJAMARCA,SAN IGNACIO,SAN IGNACIO,60901,I-1,,ACTIVADO
GOBIERNO REGIONAL,NUEVA ESPERANZA,PUESTOS DE SALUD O POSTAS DE SALUD,CAJAMARCA,SAN IGNACIO,SAN IGNACIO,60901,I-2,,ACTIVADO
GOBIERNO REGIONAL,PERINGOS,PUESTOS DE SALUD O POSTAS DE SALUD,CAJAMARCA,SAN IGNACIO,SAN IGNACIO,60901,I-1,,ACTIVADO
GOBIERNO REGIONAL,SAN MARTIN,PUESTOS DE SALUD O POSTAS DE SALUD,LA LIBERTAD,TRUJILLO,LA ESPERANZA,130105,I-2,,ACTIVADO
GOBIERNO REGIONAL,PALO BLANCO,PUESTOS DE SALUD O POSTAS DE SALUD,CAJAMARCA,JAEN,POMAHUACA,60807,I-2,,ACTIVADO
GOBIERNO REGIONAL,HUALATAN,PUESTOS DE SALUD O POSTAS DE SALUD,CAJAMARCA,JAEN,CHONTALI,60803,I-2,,ACTIVADO
GOBIERNO REGIONAL,SANTA CATALINA,PUESTOS DE SALUD O POSTAS DE SALUD,CAJAMARCA,CONTUMAZA,CUPISNIQUE,60503,I-1,,ACTIVADO
GOBIERNO REGIONAL,YANDILUZA,PUESTOS DE SALUD O POSTAS DE SALUD,CAJAMARCA,SAN IGNACIO,SAN IGNACIO,60901,I-1,,ACTIVADO
GOBIERNO REGIONAL,TABACAL CHONTALI,PUESTOS DE SALUD O POSTAS DE SALUD,CAJAMARCA,JAEN,CHONTALI,60803,I-1,,ACTIVADO
GOBIERNO REGIONAL,LIVES,PUESTOS DE SALUD O POSTAS DE SALUD,CAJAMARCA,SAN MIGUEL,UNION AGUA BLANCA,61113,I-1,,ACTIVADO
GOBIERNO REGIONAL,HUAMAN,PUESTOS DE SALUD O POSTAS DE SALUD,LA LIBERTAD,TRUJILLO,VICTOR LARCO HERRERA,130111,I-2,,ACTIVADO
GOBIERNO REGIONAL,QUEROCOTILLO,CENTROS DE SALUD O CENTROS MEDICOS,CAJAMARCA,CUTERVO,QUEROCOTILLO,60607,I-3,,ACTIVADO
GOBIERNO REGIONAL,SAN PEDRO,PUESTOS DE SALUD O POSTAS DE SALUD,CAJAMARCA,JAEN,SAN JOSE DEL ALTO,60811,I-1,,ACTIVADO
GOBIERNO REGIONAL,SANTISIMO SACRAMENTO,PUESTOS DE SALUD O POSTAS DE SALUD,LA LIBERTAD,TRUJILLO,LA ESPERANZA,130105,I-2,,ACTIVADO
GOBIERNO REGIONAL,REGIONAL DOCENTE DE TRUJILLO,HOSPITALES O CLINICAS DE ATENCION ESPECIALIZADA,LA LIBERTAD,TRUJILLO,TRUJILLO,130101,III-1,228.0,ACTIVADO
GOBIERNO REGIONAL,CATACHE,CENTROS DE SALUD O CENTROS MEDICOS,CAJAMARCA,SANTA CRUZ,CATACHE,61303,I-3,,ACTIVADO
GOBIERNO REGIONAL,FRANCISCO BOLOGNESI,PUESTOS DE SALUD O POSTAS DE SALUD,CAJAMARCA,SAN IGNACIO,SAN IGNACIO,60901,I-1,,ACTIVADO
ESSALUD,HOSPITAL I ALBRECHT,HOSPITALES O CLINICAS DE ATENCION GENERAL,LA LIBERTAD,TRUJILLO,TRUJILLO,130101,II-1,28.0,ACTIVADO
GOBIERNO REGIONAL,QUEROCOTO,CENTROS DE SALUD O CENTROS MEDICOS,CAJAMARCA,CHOTA,QUEROCOTO,60415,I-3,,ACTIVADO
GOBIERNO REGIONAL,BELLAVISTA,CENTROS DE SALUD O CENTROS MEDICOS,LA LIBERTAD,TRUJILLO,LA ESPERANZA,130105,I-3,,ACTIVADO
GOBIERNO REGIONAL,AGUA BLANCA,PUESTOS DE SALUD O POSTAS DE SALUD,CAJAMARCA,CUTERVO,QUEROCOTILLO,60607,I-1,,ACTIVADO
GOBIERNO REGIONAL,BARRIO1,PUESTOS DE SALUD O POSTAS DE SALUD,LA LIBERTAD,TRUJILLO,EL PORVENIR,130102,I-2,,ACTIVADO
GOBIERNO REGIONAL,SISTEMA DE ATENCION MOVIL DE URGENCIAS,ATENCION PRE HOSPITALARIA,LA LIBERTAD,TRUJILLO,TRUJILLO,130101,Sin Categoría,,ACTIVADO
GOBIERNO REGIONAL,HOSPITAL BELEN DE TRUJILLO,HOSPITALES O CLINICAS DE ATENCION ESPECIALIZADA,LA LIBERTAD,TRUJILLO,TRUJILLO,130101,III-1,276.0,ACTIVADO
GOBIERNO REGIONAL,LABORATORIO REFERENCIAL,PATOLOGIA CLINICA,LA LIBERTAD,TRUJILLO,TRUJILLO,130101,Sin Categoría,,ACTIVADO
GOBIERNO REGIONAL,SANTO TORIBIO DE MOGROVEJO,"PUESTOS DE SALUD O POSTAS DE SALUD,PUESTOS DE SALUD O POSTAS DE SALUD",LA LIBERTAD,TRUJILLO,FLORENCIA DE MORA,130103,I-2,,ACTIVADO
GOBIERNO REGIONAL,TRINIDAD,PUESTOS DE SALUD O POSTAS DE SALUD,CAJAMARCA,CONTUMAZA,CUPISNIQUE,60503,I-1,,ACTIVADO
GOBIERNO REGIONAL,SAN MARTIN DE PORRES,CENTROS DE SALUD O CENTROS MEDICOS,LA LIBERTAD,TRUJILLO,TRUJILLO,130101,I-3,,ACTIVADO
GOBIERNO REGIONAL,HOSPITAL DISTRITAL EL ESFUERZO DE FLORENCIA DE MORA,HOSPITALES O CLINICAS DE ATENCION GENERAL,LA LIBERTAD,TRUJILLO,FLORENCIA DE MORA,130103,II-1,6.0,ACTIVADO
GOBIERNO REGIONAL,CLUB DE LEONES,PUESTOS DE SALUD O POSTAS DE SALUD,LA LIBERTAD,TRUJILLO,TRUJILLO,130101,I-2,,ACTIVADO
GOBIERNO REGIONAL,CAMPAMENTO,PUESTOS DE SALUD O POSTAS DE SALUD,CAJAMARCA,CHOTA,QUEROCOTO,60415,I-1,,ACTIVADO
GOBIERNO REGIONAL,LA CAPILLA,PUESTOS DE SALUD O POSTAS DE SALUD,CAJAMARCA,SAN IGNACIO,LA COIPA,60904,I-1,,ACTIVADO
GOBIERNO REGIONAL,CENTRO DE SALUD MENTAL COMUNITARIA FLORENCIA DE MORA,CENTROS MEDICOS ESPECIALIZADOS,LA LIBERTAD,TRUJILLO,FLORENCIA DE MORA,130103,I-3,,ACTIVADO
GOBIERNO REGIONAL,FLORENCIA DE MORA - PARTE ALTA,PUESTOS DE SALUD O POSTAS DE SALUD,LA LIBERTAD,TRUJILLO,FLORENCIA DE MORA,130103,I-2,,ACTIVADO
GOBIERNO REGIONAL,LOS JARDINES,CENTROS DE SALUD O CENTROS MEDICOS,LA LIBERTAD,TRUJILLO,TRUJILLO,130101,I-3,,ACTIVADO
ESSALUD,UBAP CENTRO DE ATENCIÒN PRIMARIA III METROPOLITANO,POLICLINICOS,LA LIBERTAD,TRUJILLO,TRUJILLO,130101,Sin Categoría,,ACTIVADO
GOBIERNO REGIONAL,REGIONAL DE ENFERMEDADES NEOPLASICAS - NORTE - DR. LUIS PINILLOS GANOZA,INSTITUTOS DE SALUD ESPECIALIZADOS,LA LIBERTAD,TRUJILLO,TRUJILLO,130101,III-2,18.0,ACTIVADO
GOBIERNO REGIONAL,PACOPAMPA,PUESTOS DE SALUD O POSTAS DE SALUD,CAJAMARCA,CHOTA,QUEROCOTO,60415,I-1,,ACTIVADO
GOBIERNO REGIONAL,ALTO  TRUJILLO,CENTROS DE SALUD CON CAMAS DE INTERNAMIENTO,LA LIBERTAD,TRUJILLO,EL PORVENIR,130102,I-4,,ACTIVADO
GOBIERNO REGIONAL,AYANCHACRA,PUESTOS DE SALUD O POSTAS DE SALUD,CAJAMARCA,CHOTA,QUEROCOTO,60415,I-1,,ACTIVADO
GOBIERNO REGIONAL,CENTRO DE SALUD LA UNION,CENTROS DE SALUD O CENTROS MEDICOS,LA LIBERTAD,TRUJILLO,TRUJILLO,130101,I-3,,ACTIVADO
GOBIERNO REGIONAL,SAN ANTONIO,PUESTOS DE SALUD O POSTAS DE SALUD,CAJAMARCA,SAN IGNACIO,SAN IGNACIO,60901,I-1,,ACTIVADO
GOBIERNO REGIONAL,SAN JOSE DEL ALTO,PUESTOS DE SALUD O POSTAS DE SALUD,CAJAMARCA,JAEN,SAN JOSE DEL ALTO,60811,I-1,,ACTIVADO
GOBIERNO REGIONAL,LA CABAÑA,PUESTOS DE SALUD O POSTAS DE SALUD,LA LIBERTAD,TRUJILLO,FLORENCIA DE MORA,130103,I-2,,ACTIVADO
GOBIERNO REGIONAL,ARANJUEZ,CENTROS DE SALUD O CENTROS MEDICOS,LA LIBERTAD,TRUJILLO,TRUJILLO,130101,I-3,,ACTIVADO
GOBIERNO REGIONAL,"LOS GRANADOS ""SAGRADO CORAZON""",CENTROS DE SALUD O CENTROS MEDICOS,LA LIBERTAD,TRUJILLO,TRUJILLO,130101,I-3,,ACTIVADO
GOBIERNO REGIONAL,SAN PEDRO - LAS DELICIAS,PUESTOS DE SALUD O POSTAS DE SALUD,LA LIBERTAD,TRUJILLO,MOCHE,130107,I-2,,ACTIVADO
ESSALUD,HOSPITAL I -  MOCHE,HOSPITALES O CLINICAS DE ATENCION GENERAL,LA LIBERTAD,TRUJILLO,MOCHE,130107,II-1,6.0,ACTIVADO
GOBIERNO REGIONAL,CURVA DE SUN,PUESTOS DE SALUD O POSTAS DE SALUD,LA LIBERTAD,TRUJILLO,MOCHE,130107,I-1,,ACTIVADO
ESSALUD,HOSPITAL BASE VICTOR LAZARTE ECHEGARAY,HOSPITALES O CLINICAS DE ATENCION GENERAL,LA LIBERTAD,TRUJILLO,TRUJILLO,130101,III-1,264.0,ACTIVADO
GOBIERNO REGIONAL,SAN MARTIN,PUESTOS DE SALUD O POSTAS DE SALUD,CAJAMARCA,SAN IGNACIO,SAN IGNACIO,60901,I-2,,ACTIVADO
GOBIERNO REGIONAL,PACAYPITE,PUESTOS DE SALUD O POSTAS DE SALUD,CAJAMARCA,SAN IGNACIO,LA COIPA,60904,I-1,,ACTIVADO
GOBIERNO REGIONAL,QUINDEN BAJO,PUESTOS DE SALUD O POSTAS DE SALUD,CAJAMARCA,SAN MIGUEL,EL PRADO,61105,I-1,,ACTIVADO
GOBIERNO REGIONAL,EL GUAYO,PUESTOS DE SALUD O POSTAS DE SALUD,CAJAMARCA,SAN MIGUEL,EL PRADO,61105,I-1,,ACTIVADO
GOBIERNO REGIONAL,HOSPITAL DE ESPECIALIDADES BASICAS LA NORIA,HOSPITALES O CLINICAS DE ATENCION GENERAL,LA LIBERTAD,TRUJILLO,TRUJILLO,130101,II-1,24.0,ACTIVADO
GOBIERNO REGIONAL,LOS CEDROS DE COLASAY,PUESTOS DE SALUD O POSTAS DE SALUD,CAJAMARCA,JAEN,COLASAY,60804,I-1,,ACTIVADO
GOBIERNO REGIONAL,ANGASH,CENTROS DE SALUD O CENTROS MEDICOS,CAJAMARCA,JAEN,SAN JOSE DEL ALTO,60811,I-3,,ACTIVADO
GOBIERNO REGIONAL,MINAS,PUESTOS DE SALUD O POSTAS DE SALUD,CAJAMARCA,CUTERVO,QUEROCOTILLO,60607,I-1,,ACTIVADO
GOBIERNO REGIONAL,EL PRADO,PUESTOS DE SALUD O POSTAS DE SALUD,CAJAMARCA,SAN MIGUEL,EL PRADO,61105,I-2,,ACTIVADO
GOBIERNO REGIONAL,SANTA LUCIA DE MOCHE,CENTROS DE SALUD CON CAMAS DE INTERNAMIENTO,LA LIBERTAD,TRUJILLO,MOCHE,130107,I-4,,ACTIVADO
GOBIERNO REGIONAL,SUPERVIVENCIA,PUESTOS DE SALUD O POSTAS DE SALUD,LA LIBERTAD,TRUJILLO,EL PORVENIR,130102,I-2,,ACTIVADO
GOBIERNO REGIONAL,CENTRO DE SALUD MENTAL COMUNITARIA EL PORVENIR,CENTROS MEDICOS ESPECIALIZADOS,LA LIBERTAD,TRUJILLO,TRUJILLO,130101,I-3,,ACTIVADO
GOBIERNO REGIONAL,BUEN PASTOR,PUESTOS DE SALUD O POSTAS DE SALUD,LA LIBERTAD,TRUJILLO,EL PORVENIR,130102,I-2,,ACTIVADO
GOBIERNO REGIONAL,"RIO SECO - ""SANTA ROSA""",CENTROS DE SALUD O CENTROS MEDICOS,LA LIBERTAD,TRUJILLO,EL PORVENIR,130102,I-3,,ACTIVADO
GOBIERNO REGIONAL,EL BOSQUE,CENTROS DE SALUD CON CAMAS DE INTERNAMIENTO,LA LIBERTAD,TRUJILLO,TRUJILLO,130101,I-4,6.0,ACTIVADO
ESSALUD,POLICLINICO EL PORVENIR,HOSPITALES O CLINICAS DE ATENCION GENERAL,LA LIBERTAD,TRUJILLO,EL PORVENIR,130102,II-1,12.0,ACTIVADO
GOBIERNO REGIONAL,LA CONGONA,PUESTOS DE SALUD O POSTAS DE SALUD,CAJAMARCA,SANTA CRUZ,CATACHE,61303,I-1,,ACTIVADO
GOBIERNO REGIONAL,CUSILGUAN,PUESTOS DE SALUD O POSTAS DE SALUD,CAJAMARCA,CHOTA,HUAMBOS,60409,I-1,,ACTIVADO
GOBIERNO REGIONAL,SANTA TERESA DE QUEROMARCA,PUESTOS DE SALUD O POSTAS DE SALUD,CAJAMARCA,CUTERVO,CALLAYUC,60602,I-2,,ACTIVADO
GOBIERNO REGIONAL,ALTO PERU,PUESTOS DE SALUD O POSTAS DE SALUD,LA LIBERTAD,ASCOPE,CHICAMA,130202,I-3,,ACTIVADO
GOBIERNO REGIONAL,QUEROMARCA,PUESTOS DE SALUD O POSTAS DE SALUD,CAJAMARCA,CUTERVO,CALLAYUC,60602,I-1,,ACTIVADO
GOBIERNO REGIONAL,SAN IGNACIO,CENTROS DE SALUD CON CAMAS DE INTERNAMIENTO,CAJAMARCA,SAN IGNACIO,SAN IGNACIO,60901,I-4,21.0,ACTIVADO
GOBIERNO REGIONAL,MENTAL COMUNITARIA SAN CRISPIN,CENTROS MEDICOS ESPECIALIZADOS,LA LIBERTAD,TRUJILLO,EL PORVENIR,130102,I-3,,ACTIVADO
GOBIERNO REGIONAL,AHUYACA,"PUESTOS DE SALUD O POSTAS DE SALUD,PUESTOS DE SALUD O POSTAS DE SALUD",CAJAMARCA,JAEN,COLASAY,60804,I-2,,ACTIVADO
GOBIERNO REGIONAL,CENTRO DE SALUD MENTAL COMUNITARIA TRUJILLO DRA. FRIDA ALAYZA COSSÍO,CENTROS MEDICOS ESPECIALIZADOS,LA LIBERTAD,TRUJILLO,TRUJILLO,130101,I-3,,ACTIVADO
GOBIERNO REGIONAL,CHUNCHUQUILLO,CENTROS DE SALUD O CENTROS MEDICOS,CAJAMARCA,JAEN,COLASAY,60804,I-3,,ACTIVADO
GOBIERNO REGIONAL,PESQUEDA III,PUESTOS DE SALUD O POSTAS DE SALUD,LA LIBERTAD,TRUJILLO,TRUJILLO,130101,I-2,,ACTIVADO
ESSALUD,CENTRO DE ATENCION PRIMARIA II SAN IGNACIO,CENTROS DE SALUD O CENTROS MEDICOS,CAJAMARCA,SAN IGNACIO,SAN IGNACIO,60901,I-2,,ACTIVADO
GOBIERNO REGIONAL,SIGUES,PUESTOS DE SALUD O POSTAS DE SALUD,CAJAMARCA,CHOTA,QUEROCOTO,60415,I-1,,ACTIVADO
GOBIERNO REGIONAL,ELIO JACOBO CAFFO,PUESTOS DE SALUD O POSTAS DE SALUD,LA LIBERTAD,TRUJILLO,MOCHE,130107,I-2,,ACTIVADO
GOBIERNO REGIONAL,PESQUEDA II,PUESTOS DE SALUD O POSTAS DE SALUD,LA LIBERTAD,TRUJILLO,TRUJILLO,130101,I-2,,ACTIVADO
GOBIERNO REGIONAL,EL NARANJO (QUEROCOTO),PUESTOS DE SALUD O POSTAS DE SALUD,CAJAMARCA,CHOTA,QUEROCOTO,60415,I-1,,ACTIVADO
GOBIERNO REGIONAL,COMUCHE,PUESTOS DE SALUD O POSTAS DE SALUD,CAJAMARCA,SANTA CRUZ,CATACHE,61303,I-1,,ACTIVADO
GOBIERNO REGIONAL,HOSPITAL DISTRITAL DE EL PORVENIR SANTA ISABEL,HOSPITALES O CLINICAS DE ATENCION GENERAL,LA LIBERTAD,TRUJILLO,EL PORVENIR,130102,II-1,14.0,ACTIVADO
GOBIERNO REGIONAL,MIGUEL GRAU,PUESTOS DE SALUD O POSTAS DE SALUD,LA LIBERTAD,TRUJILLO,EL PORVENIR,130102,I-2,,ACTIVADO
GOBIERNO REGIONAL,VIRA VIRA,PUESTOS DE SALUD O POSTAS DE SALUD,CAJAMARCA,SAN IGNACIO,LA COIPA,60904,I-1,,ACTIVADO
GOBIERNO REGIONAL,CHUMBICATE,PUESTOS DE SALUD O POSTAS DE SALUD,CAJAMARCA,CUTERVO,QUEROCOTILLO,60607,I-1,,ACTIVADO
GOBIERNO REGIONAL,LAS CIDRAS,PUESTOS DE SALUD O POSTAS DE SALUD,CAJAMARCA,SAN IGNACIO,LA COIPA,60904,I-1,,ACTIVADO
GOBIERNO REGIONAL,LIBERTAD,PUESTOS DE SALUD O POSTAS DE SALUD,LA LIBERTAD,TRUJILLO,TRUJILLO,130101,I-2,,ACTIVADO
GOBIERNO REGIONAL,ALTO MOCHE,CENTROS DE SALUD O CENTROS MEDICOS,LA LIBERTAD,TRUJILLO,MOCHE,130107,I-3,,ACTIVADO
GOBIERNO REGIONAL,SILLANGATE,CENTROS DE SALUD O CENTROS MEDICOS,CAJAMARCA,CUTERVO,QUEROCOTILLO,60607,I-3,,ACTIVADO
GOBIERNO REGIONAL,INDOAMERICA,PUESTOS DE SALUD O POSTAS DE SALUD,LA LIBERTAD,TRUJILLO,EL PORVENIR,130102,I-2,,ACTIVADO
GOBIERNO REGIONAL,CHALLUARACRA,PUESTOS DE SALUD O POSTAS DE SALUD,CAJAMARCA,CHOTA,HUAMBOS,60409,I-2,,ACTIVADO
GOBIERNO REGIONAL,GRAN CHIMU,PUESTOS DE SALUD O POSTAS DE SALUD,LA LIBERTAD,TRUJILLO,EL PORVENIR,130102,I-2,,ACTIVADO
GOBIERNO REGIONAL,COCHALAN,CENTROS DE SALUD O CENTROS MEDICOS,CAJAMARCA,JAEN,SAN JOSE DEL ALTO,60811,I-3,,ACTIVADO
GOBIERNO REGIONAL,HOSPITAL DISTRITAL ALTO MOCHE-WALTER CRUZ VILCA,HOSPITALES O CLINICAS DE ATENCION GENERAL,LA LIBERTAD,TRUJILLO,MOCHE,130107,II-1,15.0,ACTIVADO
GOBIERNO REGIONAL,EL REJO,PUESTOS DE SALUD O POSTAS DE SALUD,CAJAMARCA,SAN IGNACIO,LA COIPA,60904,I-1,,ACTIVADO
GOBIERNO REGIONAL,TAULIS,PUESTOS DE SALUD O POSTAS DE SALUD,CAJAMARCA,SAN MIGUEL,CALQUIS,61103,I-1,,ACTIVADO
GOBIERNO REGIONAL,EL CORRAL,PUESTOS DE SALUD O POSTAS DE SALUD,CAJAMARCA,CUTERVO,QUEROCOTILLO,60607,I-1,,ACTIVADO
GOBIERNO REGIONAL,VICTOR RAUL,PUESTOS DE SALUD O POSTAS DE SALUD,LA LIBERTAD,TRUJILLO,EL PORVENIR,130102,I-2,,ACTIVADO
GOBIERNO REGIONAL,VIRGEN DEL CARMEN,PUESTOS DE SALUD O POSTAS DE SALUD,LA LIBERTAD,TRUJILLO,EL PORVENIR,130102,I-2,,ACTIVADO
GOBIERNO REGIONAL,LAMASPAMPA,PUESTOS DE SALUD O POSTAS DE SALUD,CAJAMARCA,SAN MIGUEL,EL PRADO,61105,I-2,,ACTIVADO
GOBIERNO REGIONAL,SECTOR EL CAMPO,PUESTOS DE SALUD O POSTAS DE SALUD,CAJAMARCA,CUTERVO,CALLAYUC,60602,I-2,,ACTIVADO
GOBIERNO REGIONAL,CHAMANAL,PUESTOS DE SALUD O POSTAS DE SALUD,CAJAMARCA,SAN IGNACIO,SAN IGNACIO,60901,I-1,,ACTIVADO
GOBIERNO REGIONAL,AURORA DIAZ,PUESTOS DE SALUD O POSTAS DE SALUD,LA LIBERTAD,TRUJILLO,SALAVERRY,130109,I-2,,ACTIVADO
ESSALUD,CENTRO DE ATENCION PRIMARIA I SALAVERRY,PUESTOS DE SALUD O POSTAS DE SALUD,LA LIBERTAD,TRUJILLO,SALAVERRY,130109,Sin Categoría,,ACTIVADO
GOBIERNO REGIONAL,SALAVERRY,CENTROS DE SALUD CON CAMAS DE INTERNAMIENTO,LA LIBERTAD,TRUJILLO,SALAVERRY,130109,I-4,,ACTIVADO
GOBIERNO REGIONAL,RUMIPITE,CENTROS DE SALUD O CENTROS MEDICOS,CAJAMARCA,SAN IGNACIO,LA COIPA,60904,I-3,,ACTIVADO
GOBIERNO REGIONAL,EL PINDO,PUESTOS DE SALUD O POSTAS DE SALUD,CAJAMARCA,SAN IGNACIO,LA COIPA,60904,I-1,,ACTIVADO
GOBIERNO REGIONAL,LA SUCCHA,PUESTOS DE SALUD O POSTAS DE SALUD,CAJAMARCA,CUTERVO,QUEROCOTILLO,60607,I-1,,ACTIVADO
GOBIERNO REGIONAL,HUACO,PUESTOS DE SALUD O POSTAS DE SALUD,CAJAMARCA,JAEN,HUABAL,60805,I-2,,ACTIVADO
GOBIERNO REGIONAL,SANTA ROSA DE HUABAL,PUESTOS DE SALUD O POSTAS DE SALUD,CAJAMARCA,JAEN,HUABAL,60805,I-1,,ACTIVADO
GOBIERNO REGIONAL,SAN FRANCISCO DE ASIS,PUESTOS DE SALUD O POSTAS DE SALUD,CAJAMARCA,JAEN,HUABAL,60805,I-1,,ACTIVADO
GOBIERNO REGIONAL,EL CORAZON,PUESTOS DE SALUD O POSTAS DE SALUD,CAJAMARCA,SAN IGNACIO,CHIRINOS,60902,I-1,,ACTIVADO
GOBIERNO REGIONAL,NUEVE DE OCTUBRE,PUESTOS DE SALUD O POSTAS DE SALUD,CAJAMARCA,SAN IGNACIO,SAN IGNACIO,60901,I-1,,ACTIVADO
GOBIERNO REGIONAL,BUENOS AIRES,PUESTOS DE SALUD O POSTAS DE SALUD,CAJAMARCA,SAN IGNACIO,LA COIPA,60904,I-1,,ACTIVADO
GOBIERNO REGIONAL,CAJONES,PUESTOS DE SALUD O POSTAS DE SALUD,CAJAMARCA,JAEN,HUABAL,60805,I-1,,ACTIVADO
GOBIERNO REGIONAL,CHURAS,PUESTOS DE SALUD O POSTAS DE SALUD,CAJAMARCA,CUTERVO,CALLAYUC,60602,I-1,,ACTIVADO
GOBIERNO REGIONAL,MOLLEBAMBA,PUESTOS DE SALUD O POSTAS DE SALUD,CAJAMARCA,CHOTA,HUAMBOS,60409,I-2,,ACTIVADO
GOBIERNO REGIONAL,HUAMBOS,CENTROS DE SALUD O CENTROS MEDICOS,CAJAMARCA,CHOTA,HUAMBOS,60409,I-3,,ACTIVADO
GOBIERNO REGIONAL,ALTO TAMBILLO,PUESTOS DE SALUD O POSTAS DE SALUD,CAJAMARCA,SAN IGNACIO,SAN IGNACIO,60901,I-1,,ACTIVADO
GOBIERNO REGIONAL,EL GUAYO,PUESTOS DE SALUD O POSTAS DE SALUD,CAJAMARCA,CUTERVO,QUEROCOTILLO,60607,I-1,,ACTIVADO
GOBIERNO REGIONAL,SINCHIMACHE,CENTROS DE SALUD O CENTROS MEDICOS,CAJAMARCA,CUTERVO,CUTERVO,60601,I-3,,ACTIVADO
GOBIERNO REGIONAL,SANICULLO ALTO,PUESTOS DE SALUD O POSTAS DE SALUD,CAJAMARCA,CUTERVO,CUTERVO,60601,I-1,,ACTIVADO
GOBIERNO REGIONAL,VERGEL,PUESTOS DE SALUD O POSTAS DE SALUD,CAJAMARCA,SAN IGNACIO,LA COIPA,60904,I-1,,ACTIVADO
GOBIERNO REGIONAL,HOSPITAL DISTRITAL LAREDO,HOSPITALES O CLINICAS DE ATENCION GENERAL,LA LIBERTAD,TRUJILLO,LAREDO,130106,II-1,10.0,ACTIVADO
GOBIERNO REGIONAL,LA SUCCHA ALTA,PUESTOS DE SALUD O POSTAS DE SALUD,CAJAMARCA,CUTERVO,QUEROCOTILLO,60607,I-1,,ACTIVADO
GOBIERNO REGIONAL,CHINCHIQUILLA,PUESTOS DE SALUD O POSTAS DE SALUD,CAJAMARCA,SAN IGNACIO,SAN IGNACIO,60901,I-1,,ACTIVADO
GOBIERNO REGIONAL,VILUCO,PUESTOS DE SALUD O POSTAS DE SALUD,CAJAMARCA,CUTERVO,CALLAYUC,60602,I-1,,ACTIVADO
GOBIERNO REGIONAL,SUCCHAPAMPA,PUESTOS DE SALUD O POSTAS DE SALUD,CAJAMARCA,SANTA CRUZ,PULAN,61307,I-1,,ACTIVADO
GOBIERNO REGIONAL,SAN JOSE DE LIRIO,PUESTOS DE SALUD O POSTAS DE SALUD,CAJAMARCA,CUTERVO,CALLAYUC,60602,I-1,,ACTIVADO
GOBIERNO REGIONAL,VISTA FLORIDA,PUESTOS DE SALUD O POSTAS DE SALUD,CAJAMARCA,SAN IGNACIO,LA COIPA,60904,I-1,,ACTIVADO
GOBIERNO REGIONAL,LA PAUCA,PUESTOS DE SALUD O POSTAS DE SALUD,CAJAMARCA,CHOTA,HUAMBOS,60409,I-1,,ACTIVADO
GOBIERNO REGIONAL,LA LIMA DE LA COIPA,PUESTOS DE SALUD O POSTAS DE SALUD,CAJAMARCA,SAN IGNACIO,LA COIPA,60904,I-1,,ACTIVADO
GOBIERNO REGIONAL,HUACORA,PUESTOS DE SALUD O POSTAS DE SALUD,CAJAMARCA,SAN IGNACIO,LA COIPA,60904,I-1,,ACTIVADO
GOBIERNO REGIONAL,SANTA CRUZ,CENTROS DE SALUD CON CAMAS DE INTERNAMIENTO,CAJAMARCA,SANTA CRUZ,SANTA CRUZ,61301,I-4,,ACTIVADO
GOBIERNO REGIONAL,LAS PENCAS,PUESTOS DE SALUD O POSTAS DE SALUD,CAJAMARCA,SAN MIGUEL,EL PRADO,61105,I-1,,ACTIVADO
GOBIERNO REGIONAL,LAS PIRIAS,CENTROS DE SALUD O CENTROS MEDICOS,CAJAMARCA,SAN IGNACIO,CHIRINOS,60902,I-3,,ACTIVADO
GOBIERNO REGIONAL,JAGUEY,PUESTOS DE SALUD O POSTAS DE SALUD,CAJAMARCA,CONTUMAZA,SAN BENITO,60505,I-2,,ACTIVADO
GOBIERNO REGIONAL,LAGUNAS,PUESTOS DE SALUD O POSTAS DE SALUD,CAJAMARCA,CUTERVO,QUEROCOTILLO,60607,I-1,,ACTIVADO
GOBIERNO REGIONAL,SAN LORENZO DE BARBASCO,PUESTOS DE SALUD O POSTAS DE SALUD,CAJAMARCA,JAEN,COLASAY,60804,I-2,,ACTIVADO
GOBIERNO REGIONAL,LA JALQUILLA,PUESTOS DE SALUD O POSTAS DE SALUD,CAJAMARCA,SAN IGNACIO,SAN IGNACIO,60901,I-1,,ACTIVADO
GOBIERNO REGIONAL,CHABARBAMBA,PUESTOS DE SALUD O POSTAS DE SALUD,CAJAMARCA,CHOTA,HUAMBOS,60409,I-2,,ACTIVADO
GOBIERNO REGIONAL,SAN JOSE DE LA ALIANZA,PUESTOS DE SALUD O POSTAS DE SALUD,CAJAMARCA,JAEN,JAEN,60801,I-1,,ACTIVADO
MINSA,RINCONADA LAJEÑA,PUESTOS DE SALUD O POSTAS DE SALUD,CAJAMARCA,JAEN,JAEN,60801,I-1,,ACTIVADO
GOBIERNO REGIONAL,CATÁN - TANTARICA,PUESTOS DE SALUD O POSTAS DE SALUD,CAJAMARCA,CONTUMAZA,TANTARICA,60507,I-1,,ACTIVADO
GOBIERNO REGIONAL,LA CONGA DE CALLAYUC,PUESTOS DE SALUD O POSTAS DE SALUD,CAJAMARCA,CUTERVO,CALLAYUC,60602,I-1,,ACTIVADO
GOBIERNO REGIONAL,TOTORILLAS,PUESTOS DE SALUD O POSTAS DE SALUD,CAJAMARCA,CONTUMAZA,GUZMANGO,60504,I-2,,ACTIVADO
GOBIERNO REGIONAL,MAYOBAMBA,PUESTOS DE SALUD O POSTAS DE SALUD,CAJAMARCA,SANTA CRUZ,SANTA CRUZ,61301,I-1,,ACTIVADO
GOBIERNO REGIONAL,LOMA LARGA,PUESTOS DE SALUD O POSTAS DE SALUD,CAJAMARCA,SAN IGNACIO,LA COIPA,60904,I-1,,ACTIVADO
GOBIERNO REGIONAL,SAN BENITO,PUESTOS DE SALUD O POSTAS DE SALUD,CAJAMARCA,CONTUMAZA,SAN BENITO,60505,I-2,,ACTIVADO
GOBIERNO REGIONAL,HUABAL,PUESTOS DE SALUD O POSTAS DE SALUD,CAJAMARCA,CUTERVO,CALLAYUC,60602,I-1,,ACTIVADO
GOBIERNO REGIONAL,GRANADILLAS,PUESTOS DE SALUD O POSTAS DE SALUD,CAJAMARCA,JAEN,JAEN,60801,I-1,,ACTIVADO
GOBIERNO REGIONAL,CEDRO PASTO,PUESTOS DE SALUD O POSTAS DE SALUD,CAJAMARCA,JAEN,COLASAY,60804,I-1,,ACTIVADO
GOBIERNO REGIONAL,PAJURILLO,PUESTOS DE SALUD O POSTAS DE SALUD,CAJAMARCA,CUTERVO,QUEROCOTILLO,60607,I-1,,ACTIVADO
GOBIERNO REGIONAL,SANTA ROSA,PUESTOS DE SALUD O POSTAS DE SALUD,CAJAMARCA,SAN IGNACIO,CHIRINOS,60902,I-1,,ACTIVADO
GOBIERNO REGIONAL,PUERTO CHINCHIPE,PUESTOS DE SALUD O POSTAS DE SALUD,CAJAMARCA,SAN IGNACIO,SAN JOSE DE LOURDES,60906,I-2,,ACTIVADO
GOBIERNO REGIONAL,PULAN,CENTROS DE SALUD O CENTROS MEDICOS,CAJAMARCA,SANTA CRUZ,PULAN,61307,I-3,,ACTIVADO
GOBIERNO REGIONAL,YARARAHUE,CENTROS DE SALUD O CENTROS MEDICOS,CAJAMARCA,SAN IGNACIO,SAN JOSE DE LOURDES,60906,I-3,,ACTIVADO
GOBIERNO REGIONAL,SANTA ROSA DE CALLAYUC,PUESTOS DE SALUD O POSTAS DE SALUD,CAJAMARCA,CUTERVO,CALLAYUC,60602,I-1,,ACTIVADO
GOBIERNO REGIONAL,PUQUIO,PUESTOS DE SALUD O POSTAS DE SALUD,CAJAMARCA,CUTERVO,CALLAYUC,60602,I-1,,ACTIVADO
GOBIERNO REGIONAL,LLALLAN,PUESTOS DE SALUD O POSTAS DE SALUD,CAJAMARCA,CONTUMAZA,CHILETE,60502,I-1,,ACTIVADO
GOBIERNO REGIONAL,YAMALUC,PUESTOS DE SALUD O POSTAS DE SALUD,CAJAMARCA,CHOTA,HUAMBOS,60409,I-1,,ACTIVADO
GOBIERNO REGIONAL,MAMABAMBA,PUESTOS DE SALUD O POSTAS DE SALUD,CAJAMARCA,CUTERVO,CUTERVO,60601,I-2,,ACTIVADO
GOBIERNO REGIONAL,PALMA CENTRAL,PUESTOS DE SALUD O POSTAS DE SALUD,CAJAMARCA,JAEN,JAEN,60801,I-1,,ACTIVADO
GOBIERNO REGIONAL,TAMBOA,PUESTOS DE SALUD O POSTAS DE SALUD,CAJAMARCA,SAN IGNACIO,LA COIPA,60904,I-1,,ACTIVADO
GOBIERNO REGIONAL,FILADELFIA,PUESTOS DE SALUD O POSTAS DE SALUD,CAJAMARCA,CUTERVO,CALLAYUC,60602,I-1,,ACTIVADO
GOBIERNO REGIONAL,SAN JUAN DE CHORILLOS,PUESTOS DE SALUD O POSTAS DE SALUD,CAJAMARCA,CUTERVO,CALLAYUC,60602,I-1,,ACTIVADO
GOBIERNO REGIONAL,CORAZON DE JESUS,PUESTOS DE SALUD O POSTAS DE SALUD,CAJAMARCA,JAEN,HUABAL,60805,I-1,,ACTIVADO
GOBIERNO REGIONAL,SAUCEPAMPA,PUESTOS DE SALUD O POSTAS DE SALUD,CAJAMARCA,SANTA CRUZ,SAUCEPAMPA,61308,I-2,,ACTIVADO
GOBIERNO REGIONAL,07 DE AGOSTO,CENTROS DE SALUD O CENTROS MEDICOS,CAJAMARCA,SAN IGNACIO,SAN JOSE DE LOURDES,60906,I-3,,ACTIVADO
GOBIERNO REGIONAL,VALLE CALLACATE,PUESTOS DE SALUD O POSTAS DE SALUD,CAJAMARCA,CUTERVO,CUTERVO,60601,I-2,,ACTIVADO
GOBIERNO REGIONAL,SAN JOSE DE LOURDES,CENTROS DE SALUD O CENTROS MEDICOS,CAJAMARCA,SAN IGNACIO,SAN JOSE DE LOURDES,60906,I-3,,ACTIVADO
GOBIERNO REGIONAL,CHAMBAMONTERA,CENTROS DE SALUD O CENTROS MEDICOS,CAJAMARCA,JAEN,JAEN,60801,I-3,,ACTIVADO
GOBIERNO REGIONAL,SANTO DOMINGO,PUESTOS DE SALUD O POSTAS DE SALUD,LA LIBERTAD,TRUJILLO,LAREDO,130106,I-2,,ACTIVADO
GOBIERNO REGIONAL,CASCARILLA,PUESTOS DE SALUD O POSTAS DE SALUD,CAJAMARCA,CUTERVO,CUTERVO,60601,I-1,,ACTIVADO
GOBIERNO REGIONAL,CALLAYUC,CENTROS DE SALUD O CENTROS MEDICOS,CAJAMARCA,CUTERVO,CALLAYUC,60602,I-3,,ACTIVADO
GOBIERNO REGIONAL,NARANJITO DE CAMSE,CENTROS DE SALUD O CENTROS MEDICOS,CAJAMARCA,CUTERVO,CUTERVO,60601,I-3,,ACTIVADO
GOBIERNO REGIONAL,QUIO,PUESTOS DE SALUD O POSTAS DE SALUD,CAJAMARCA,SANTA CRUZ,SANTA CRUZ,61301,I-1,,ACTIVADO
GOBIERNO REGIONAL,LA COIPA,CENTROS DE SALUD O CENTROS MEDICOS,CAJAMARCA,SAN IGNACIO,LA COIPA,60904,I-3,,ACTIVADO
GOBIERNO REGIONAL,LAMBAYEQUE,PUESTOS DE SALUD O POSTAS DE SALUD,CAJAMARCA,SAN IGNACIO,CHIRINOS,60902,I-1,,ACTIVADO
GOBIERNO REGIONAL,HUICHUD,PUESTOS DE SALUD O POSTAS DE SALUD,CAJAMARCA,CUTERVO,CUTERVO,60601,I-1,,ACTIVADO
GOBIERNO REGIONAL,LANCHECONGA,PUESTOS DE SALUD O POSTAS DE SALUD,CAJAMARCA,CHOTA,HUAMBOS,60409,I-1,,ACTIVADO
GOBIERNO REGIONAL,SAN FRANCISCO DE LA COIPA,PUESTOS DE SALUD O POSTAS DE SALUD,CAJAMARCA,SAN IGNACIO,LA COIPA,60904,I-1,,ACTIVADO
GOBIERNO REGIONAL,CHIRINOS,CENTROS DE SALUD O CENTROS MEDICOS,CAJAMARCA,SAN IGNACIO,CHIRINOS,60902,I-3,,ACTIVADO
GOBIERNO REGIONAL,DIAMANTE,PUESTOS DE SALUD O POSTAS DE SALUD,CAJAMARCA,SAN IGNACIO,SAN JOSE DE LOURDES,60906,I-1,,ACTIVADO
GOBIERNO REGIONAL,MARAYPAMPA,PUESTOS DE SALUD O POSTAS DE SALUD,CAJAMARCA,SANTA CRUZ,SANTA CRUZ,61301,I-1,,ACTIVADO
GOBIERNO REGIONAL,PAYAC,PUESTOS DE SALUD O POSTAS DE SALUD,CAJAMARCA,CUTERVO,CUTERVO,60601,I-2,,ACTIVADO
GOBIERNO REGIONAL,LA CASCARILLA,PUESTOS DE SALUD O POSTAS DE SALUD,CAJAMARCA,JAEN,JAEN,60801,I-2,,ACTIVADO
GOBIERNO REGIONAL,HUABAL,CENTROS DE SALUD O CENTROS MEDICOS,CAJAMARCA,JAEN,HUABAL,60805,I-3,,ACTIVADO
GOBIERNO REGIONAL,CHIPLE,CENTROS DE SALUD O CENTROS MEDICOS,CAJAMARCA,CUTERVO,CALLAYUC,60602,I-3,,ACTIVADO
GOBIERNO REGIONAL,TAYAPAMPA,PUESTOS DE SALUD O POSTAS DE SALUD,CAJAMARCA,SAN MIGUEL,SAN MIGUEL,61101,I-1,,ACTIVADO
GOBIERNO REGIONAL,POTRERO GRANDE,PUESTOS DE SALUD O POSTAS DE SALUD,CAJAMARCA,SAN IGNACIO,SAN JOSE DE LOURDES,60906,I-1,,ACTIVADO
GOBIERNO REGIONAL,CHONTAS ALTAS,PUESTOS DE SALUD O POSTAS DE SALUD,CAJAMARCA,CUTERVO,CALLAYUC,60602,I-1,,ACTIVADO
GOBIERNO REGIONAL,GUZMANGO,PUESTOS DE SALUD O POSTAS DE SALUD,CAJAMARCA,CONTUMAZA,GUZMANGO,60504,I-1,,ACTIVADO
GOBIERNO REGIONAL,EL CUMBE,PUESTOS DE SALUD O POSTAS DE SALUD,CAJAMARCA,CUTERVO,CALLAYUC,60602,I-2,,ACTIVADO
GOBIERNO REGIONAL,LA ESPERANZA,PUESTOS DE SALUD O POSTAS DE SALUD,CAJAMARCA,SANTA CRUZ,LA ESPERANZA,61305,I-2,,ACTIVADO
GOBIERNO REGIONAL,NITISUYO ALTO,PUESTOS DE SALUD O POSTAS DE SALUD,CAJAMARCA,SAN MIGUEL,SAN MIGUEL,61101,I-1,,ACTIVADO
GOBIERNO REGIONAL,PUERTO MORIN,PUESTOS DE SALUD O POSTAS DE SALUD,LA LIBERTAD,VIRU,VIRU,131201,I-1,,ACTIVADO
GOBIERNO REGIONAL,AULLAN,PUESTOS DE SALUD O POSTAS DE SALUD,CAJAMARCA,CUTERVO,CUTERVO,60601,I-1,,ACTIVADO
GOBIERNO REGIONAL,VISTA ALEGRE DE CHINGAMA,PUESTOS DE SALUD O POSTAS DE SALUD,CAJAMARCA,JAEN,BELLAVISTA,60802,I-1,,ACTIVADO
GOBIERNO REGIONAL,LA ESPERANZA,PUESTOS DE SALUD O POSTAS DE SALUD,CAJAMARCA,JAEN,HUABAL,60805,I-1,,ACTIVADO
GOBIERNO REGIONAL,CUCHEA,PUESTOS DE SALUD O POSTAS DE SALUD,CAJAMARCA,CUTERVO,CALLAYUC,60602,I-1,,ACTIVADO
GOBIERNO REGIONAL,SANTA CLARA DE CAMSE,PUESTOS DE SALUD O POSTAS DE SALUD,CAJAMARCA,CUTERVO,CUTERVO,60601,I-1,,ACTIVADO
GOBIERNO REGIONAL,YACANCATE,PUESTOS DE SALUD O POSTAS DE SALUD,CAJAMARCA,CUTERVO,CUTERVO,60601,I-1,,ACTIVADO
GOBIERNO REGIONAL,ROMERO CIRCA,PUESTOS DE SALUD O POSTAS DE SALUD,CAJAMARCA,SANTA CRUZ,SAUCEPAMPA,61308,I-1,,ACTIVADO
GOBIERNO REGIONAL,BAÑOS CHANCAY,PUESTOS DE SALUD O POSTAS DE SALUD,CAJAMARCA,SANTA CRUZ,CHANCAYBAÑOS,61304,I-1,,ACTIVADO
GOBIERNO REGIONAL,PUNTA MORENO,PUESTOS DE SALUD O POSTAS DE SALUD,LA LIBERTAD,GRAN CHIMU,CASCAS,131101,I-2,,ACTIVADO
GOBIERNO REGIONAL,CHUAD,PUESTOS DE SALUD O POSTAS DE SALUD,CAJAMARCA,SAN MIGUEL,SAN MIGUEL,61101,I-1,,ACTIVADO
GOBIERNO REGIONAL,COCHABAMBA,CENTROS DE SALUD O CENTROS MEDICOS,CAJAMARCA,CHOTA,COCHABAMBA,60407,I-3,,ACTIVADO
GOBIERNO REGIONAL,TOSTEN,PUESTOS DE SALUD O POSTAS DE SALUD,CAJAMARCA,SANTA CRUZ,PULAN,61307,I-1,,ACTIVADO
GOBIERNO REGIONAL,DORADO DEL ORIENTE,PUESTOS DE SALUD O POSTAS DE SALUD,CAJAMARCA,SAN IGNACIO,SAN JOSE DE LOURDES,60906,I-2,,ACTIVADO
GOBIERNO REGIONAL,TANON CAMPO ALEGRE,PUESTOS DE SALUD O POSTAS DE SALUD,CAJAMARCA,SAN MIGUEL,SAN MIGUEL,61101,I-1,,ACTIVADO
GOBIERNO REGIONAL,MITOPAMPA,PUESTOS DE SALUD O POSTAS DE SALUD,CAJAMARCA,SANTA CRUZ,SANTA CRUZ,61301,I-1,,ACTIVADO
GOBIERNO REGIONAL,CHIAPON,PUESTOS DE SALUD O POSTAS DE SALUD,CAJAMARCA,SAN MIGUEL,SAN MIGUEL,61101,I-1,,ACTIVADO
GOBIERNO REGIONAL,RUMIBAMBA,PUESTOS DE SALUD O POSTAS DE SALUD,CAJAMARCA,JAEN,LAS PIRIAS,60806,I-1,,ACTIVADO
GOBIERNO REGIONAL,SOGOS,PUESTOS DE SALUD O POSTAS DE SALUD,CAJAMARCA,CHOTA,COCHABAMBA,60407,I-2,,ACTIVADO
GOBIERNO REGIONAL,SAN JUAN DE DIOS,PUESTOS DE SALUD O POSTAS DE SALUD,CAJAMARCA,SANTA CRUZ,PULAN,61307,I-1,,ACTIVADO
GOBIERNO REGIONAL,LANCHE,PUESTOS DE SALUD O POSTAS DE SALUD,CAJAMARCA,CUTERVO,CUTERVO,60601,I-2,,ACTIVADO
GOBIERNO REGIONAL,ROSARIO DE CHINGAMA,PUESTOS DE SALUD O POSTAS DE SALUD,CAJAMARCA,JAEN,BELLAVISTA,60802,I-2,,ACTIVADO
GOBIERNO REGIONAL,CHACAF,PUESTOS DE SALUD O POSTAS DE SALUD,CAJAMARCA,CUTERVO,CUTERVO,60601,I-1,,ACTIVADO
GOBIERNO REGIONAL,CHIPLE LIMON,PUESTOS DE SALUD O POSTAS DE SALUD,CAJAMARCA,CUTERVO,SANTA CRUZ,60611,I-1,,ACTIVADO
GOBIERNO REGIONAL,LLANO GRANDE,PUESTOS DE SALUD O POSTAS DE SALUD,CAJAMARCA,SAN IGNACIO,LA COIPA,60904,I-1,,ACTIVADO
GOBIERNO REGIONAL,SANTA ANA,PUESTOS DE SALUD O POSTAS DE SALUD,CAJAMARCA,CONTUMAZA,SAN BENITO,60505,I-1,,ACTIVADO
GOBIERNO REGIONAL,PALMAS DE HUICHUD,PUESTOS DE SALUD O POSTAS DE SALUD,CAJAMARCA,CUTERVO,CUTERVO,60601,I-1,,ACTIVADO
GOBIERNO REGIONAL,PALO QUEMADO,PUESTOS DE SALUD O POSTAS DE SALUD,CAJAMARCA,CUTERVO,SANTO DOMINGO DE LA CAPILLA,60612,I-1,,ACTIVADO
GOBIERNO REGIONAL,EL TABLON,PUESTOS DE SALUD O POSTAS DE SALUD,CAJAMARCA,SAN IGNACIO,CHIRINOS,60902,I-1,,ACTIVADO
GOBIERNO REGIONAL,NARANJOYACU,PUESTOS DE SALUD O POSTAS DE SALUD,CAJAMARCA,CUTERVO,SANTO DOMINGO DE LA CAPILLA,60612,I-1,,ACTIVADO
GOBIERNO REGIONAL,CRUZ ROJA,PUESTOS DE SALUD O POSTAS DE SALUD,CAJAMARCA,CUTERVO,CUTERVO,60601,I-2,,ACTIVADO
GOBIERNO REGIONAL,FRONTERA SAN FRANCISCO,PUESTOS DE SALUD O POSTAS DE SALUD,CAJAMARCA,SAN IGNACIO,SAN JOSE DE LOURDES,60906,I-1,,ACTIVADO
GOBIERNO REGIONAL,SAN LUIS BAJO - GRANDE,PUESTOS DE SALUD O POSTAS DE SALUD,CAJAMARCA,SAN PABLO,SAN LUIS,61203,I-1,,ACTIVADO
GOBIERNO REGIONAL,CHIRICONGA,PUESTOS DE SALUD O POSTAS DE SALUD,CAJAMARCA,SANTA CRUZ,CHANCAYBAÑOS,61304,I-1,,ACTIVADO
GOBIERNO REGIONAL,MIRAFLORES,PUESTOS DE SALUD O POSTAS DE SALUD,CAJAMARCA,CUTERVO,SANTO DOMINGO DE LA CAPILLA,60612,I-1,,ACTIVADO
GOBIERNO REGIONAL,PISIT,PUESTOS DE SALUD O POSTAS DE SALUD,CAJAMARCA,SAN MIGUEL,TONGOD,61112,I-1,,ACTIVADO
GOBIERNO REGIONAL,CHANCAY BAÑOS,CENTROS DE SALUD O CENTROS MEDICOS,CAJAMARCA,SANTA CRUZ,CHANCAYBAÑOS,61304,I-3,,ACTIVADO
GOBIERNO REGIONAL,CONGA DE ALLANGA,PUESTOS DE SALUD O POSTAS DE SALUD,CAJAMARCA,CUTERVO,CUTERVO,60601,I-1,,ACTIVADO
GOBIERNO REGIONAL,EL CARMELO,CENTROS DE SALUD O CENTROS MEDICOS,LA LIBERTAD,VIRU,VIRU,131201,I-3,,ACTIVADO
GOBIERNO REGIONAL,CHAUPECRUZ,PUESTOS DE SALUD O POSTAS DE SALUD,CAJAMARCA,CUTERVO,SANTO DOMINGO DE LA CAPILLA,60612,I-1,,ACTIVADO
GOBIERNO REGIONAL,PALO SOLO,PUESTOS DE SALUD O POSTAS DE SALUD,CAJAMARCA,CHOTA,COCHABAMBA,60407,I-1,,ACTIVADO
GOBIERNO REGIONAL,CUYCA,PUESTOS DE SALUD O POSTAS DE SALUD,CAJAMARCA,JAEN,COLASAY,60804,I-1,,ACTIVADO
GOBIERNO REGIONAL,YANAYACU ALTO,PUESTOS DE SALUD O POSTAS DE SALUD,CAJAMARCA,SANTA CRUZ,YAUYUCAN,61311,I-1,,ACTIVADO
GOBIERNO REGIONAL,EL HIGUERON,PUESTOS DE SALUD O POSTAS DE SALUD,CAJAMARCA,SAN IGNACIO,CHIRINOS,60902,I-1,,ACTIVADO
GOBIERNO REGIONAL,TABACAL,PUESTOS DE SALUD O POSTAS DE SALUD,CAJAMARCA,JAEN,JAEN,60801,I-1,,ACTIVADO
GOBIERNO REGIONAL,PLAYA HERMOZA,PUESTOS DE SALUD O POSTAS DE SALUD,CAJAMARCA,CUTERVO,SANTO DOMINGO DE LA CAPILLA,60612,I-1,,ACTIVADO
GOBIERNO REGIONAL,NUEVO ORIENTE DE LA CAPILLA,PUESTOS DE SALUD O POSTAS DE SALUD,CAJAMARCA,CUTERVO,SANTO DOMINGO DE LA CAPILLA,60612,I-1,,ACTIVADO
GOBIERNO REGIONAL,CACHACARA,PUESTOS DE SALUD O POSTAS DE SALUD,CAJAMARCA,CUTERVO,CUTERVO,60601,I-2,,ACTIVADO
GOBIERNO REGIONAL,LAS PAUCAS,PUESTOS DE SALUD O POSTAS DE SALUD,CAJAMARCA,SANTA CRUZ,CHANCAYBAÑOS,61304,I-1,,ACTIVADO
GOBIERNO REGIONAL,AMBATO,PUESTOS DE SALUD O POSTAS DE SALUD,CAJAMARCA,CUTERVO,SANTA CRUZ,60611,I-1,,ACTIVADO
GOBIERNO REGIONAL,PUCHUDEN,PUESTOS DE SALUD O POSTAS DE SALUD,CAJAMARCA,SANTA CRUZ,YAUYUCAN,61311,I-1,,ACTIVADO
GOBIERNO REGIONAL,STO. DOMINGO DE LA CAPILLA,CENTROS DE SALUD O CENTROS MEDICOS,CAJAMARCA,CUTERVO,SANTO DOMINGO DE LA CAPILLA,60612,I-3,,ACTIVADO
GOBIERNO REGIONAL,PAMPA DE SAN LUIS,PUESTOS DE SALUD O POSTAS DE SALUD,CAJAMARCA,SAN PABLO,SAN LUIS,61203,I-1,,ACTIVADO
GOBIERNO REGIONAL,CHUGUR,PUESTOS DE SALUD O POSTAS DE SALUD,CAJAMARCA,CUTERVO,CUTERVO,60601,I-1,,ACTIVADO
GOBIERNO REGIONAL,VISTA ALEGRE  DE ZONANGA,PUESTOS DE SALUD O POSTAS DE SALUD,CAJAMARCA,JAEN,JAEN,60801,I-1,,ACTIVADO
GOBIERNO REGIONAL,SAN MIGUEL,CENTROS DE SALUD CON CAMAS DE INTERNAMIENTO,CAJAMARCA,SAN MIGUEL,SAN MIGUEL,61101,I-4,,ACTIVADO
GOBIERNO REGIONAL,URCURUME,PUESTOS DE SALUD O POSTAS DE SALUD,CAJAMARCA,CUTERVO,CUTERVO,60601,I-2,,ACTIVADO
GOBIERNO REGIONAL,SANTA CRUZ DE CUTERVO,CENTROS DE SALUD O CENTROS MEDICOS,CAJAMARCA,CUTERVO,SANTA CRUZ,60611,I-3,,ACTIVADO
GOBIERNO REGIONAL,JANCOS,PUESTOS DE SALUD O POSTAS DE SALUD,CAJAMARCA,SAN PABLO,SAN PABLO,61201,I-1,,ACTIVADO
GOBIERNO REGIONAL,LAS PIRIAS DE JAEN,CENTROS DE SALUD O CENTROS MEDICOS,CAJAMARCA,JAEN,LAS PIRIAS,60806,I-3,,ACTIVADO
GOBIERNO REGIONAL,CALQUIS,PUESTOS DE SALUD O POSTAS DE SALUD,CAJAMARCA,SAN MIGUEL,CALQUIS,61103,I-2,,ACTIVADO
GOBIERNO REGIONAL,NARANJOS,PUESTOS DE SALUD O POSTAS DE SALUD,CAJAMARCA,CUTERVO,SANTO DOMINGO DE LA CAPILLA,60612,I-1,,ACTIVADO
GOBIERNO REGIONAL,EL PATIÑO,PUESTOS DE SALUD O POSTAS DE SALUD,CAJAMARCA,SAN PABLO,SAN PABLO,61201,I-1,,ACTIVADO
GOBIERNO REGIONAL,HUANCAQUITO BAJO,PUESTOS DE SALUD O POSTAS DE SALUD,LA LIBERTAD,VIRU,VIRU,131201,I-1,,ACTIVADO
GOBIERNO REGIONAL,MEMBRILLAR,PUESTOS DE SALUD O POSTAS DE SALUD,CAJAMARCA,CONTUMAZA,CONTUMAZA,60501,I-1,,ACTIVADO
GOBIERNO REGIONAL,LAS NARANJAS,PUESTOS DE SALUD O POSTAS DE SALUD,CAJAMARCA,JAEN,JAEN,60801,I-1,,ACTIVADO
GOBIERNO REGIONAL,SANTA CLARA,PUESTOS DE SALUD O POSTAS DE SALUD,CAJAMARCA,CUTERVO,CALLAYUC,60602,I-1,,ACTIVADO
GOBIERNO REGIONAL,ADCUÑAC,PUESTOS DE SALUD O POSTAS DE SALUD,CAJAMARCA,CUTERVO,CUTERVO,60601,I-1,,ACTIVADO
GOBIERNO REGIONAL,PAN DE AZUCAR,PUESTOS DE SALUD O POSTAS DE SALUD,CAJAMARCA,CUTERVO,SANTO DOMINGO DE LA CAPILLA,60612,I-1,,ACTIVADO
GOBIERNO REGIONAL,NUEVO TRUJILLO,PUESTOS DE SALUD O POSTAS DE SALUD,CAJAMARCA,SAN IGNACIO,SAN JOSE DE LOURDES,60906,I-2,,ACTIVADO
GOBIERNO REGIONAL,SAN CRISTOBAL DE NUDILLO,PUESTOS DE SALUD O POSTAS DE SALUD,CAJAMARCA,CUTERVO,CUTERVO,60601,I-1,,ACTIVADO
GOBIERNO REGIONAL,ALTO VISTA ALEGRE,PUESTOS DE SALUD O POSTAS DE SALUD,CAJAMARCA,JAEN,JAEN,60801,I-1,,ACTIVADO
GOBIERNO REGIONAL,DE APOYO CHILETE,CENTROS DE SALUD CON CAMAS DE INTERNAMIENTO,CAJAMARCA,CONTUMAZA,CHILETE,60502,I-4,,ACTIVADO
GOBIERNO REGIONAL,SANTA ROSA DE LA CAPILLA,PUESTOS DE SALUD O POSTAS DE SALUD,CAJAMARCA,CUTERVO,SANTO DOMINGO DE LA CAPILLA,60612,I-1,,ACTIVADO
GOBIERNO REGIONAL,LOMA SANTA,PUESTOS DE SALUD O POSTAS DE SALUD,CAJAMARCA,JAEN,JAEN,60801,I-1,,ACTIVADO
GOBIERNO REGIONAL,CHAQUIL,PUESTOS DE SALUD O POSTAS DE SALUD,CAJAMARCA,SANTA CRUZ,LA ESPERANZA,61305,I-1,,ACTIVADO
GOBIERNO REGIONAL,CHILAL,PUESTOS DE SALUD O POSTAS DE SALUD,CAJAMARCA,SANTA CRUZ,YAUYUCAN,61311,I-1,,ACTIVADO
GOBIERNO REGIONAL,MENOCUCHO,PUESTOS DE SALUD O POSTAS DE SALUD,LA LIBERTAD,TRUJILLO,LAREDO,130106,I-2,,ACTIVADO
GOBIERNO REGIONAL,TAYAPAMPA,PUESTOS DE SALUD O POSTAS DE SALUD,CAJAMARCA,SANTA CRUZ,CHANCAYBAÑOS,61304,I-1,,ACTIVADO
GOBIERNO REGIONAL,CEDROPAMPA,PUESTOS DE SALUD O POSTAS DE SALUD,CAJAMARCA,CUTERVO,SANTO DOMINGO DE LA CAPILLA,60612,I-1,,ACTIVADO
GOBIERNO REGIONAL,CONDAY,PUESTOS DE SALUD O POSTAS DE SALUD,CAJAMARCA,CUTERVO,CUTERVO,60601,I-1,,ACTIVADO
GOBIERNO REGIONAL,SANTA CRUZ DE TOLEDO,PUESTOS DE SALUD O POSTAS DE SALUD,CAJAMARCA,CONTUMAZA,SANTA CRUZ DE TOLED,60506,I-2,,ACTIVADO
GOBIERNO REGIONAL,MIRAFLORES,PUESTOS DE SALUD O POSTAS DE SALUD,CAJAMARCA,SANTA CRUZ,LA ESPERANZA,61305,I-1,,ACTIVADO
GOBIERNO REGIONAL,AMBATO TAMBORAPA,CENTROS DE SALUD O CENTROS MEDICOS,CAJAMARCA,JAEN,BELLAVISTA,60802,I-3,,ACTIVADO
GOBIERNO REGIONAL,SANTA ROSA,PUESTOS DE SALUD O POSTAS DE SALUD,CAJAMARCA,SAN MIGUEL,SAN MIGUEL,61101,I-1,,ACTIVADO
GOBIERNO REGIONAL,EL VERDE,PUESTOS DE SALUD O POSTAS DE SALUD,CAJAMARCA,CUTERVO,CUTERVO,60601,I-1,,ACTIVADO
GOBIERNO REGIONAL,RAYME,PUESTOS DE SALUD O POSTAS DE SALUD,CAJAMARCA,CUTERVO,CUTERVO,60601,I-1,,ACTIVADO
GOBIERNO REGIONAL,SANTA ELENA,PUESTOS DE SALUD O POSTAS DE SALUD,LA LIBERTAD,VIRU,VIRU,131201,I-2,,ACTIVADO
GOBIERNO REGIONAL,SAN BERNARDINO,PUESTOS DE SALUD O POSTAS DE SALUD,CAJAMARCA,SAN PABLO,SAN BERNARDINO,61202,I-2,,ACTIVADO
GOBIERNO REGIONAL,PUENTE ZONANGA,PUESTOS DE SALUD O POSTAS DE SALUD,CAJAMARCA,JAEN,JAEN,60801,I-1,,ACTIVADO
GOBIERNO REGIONAL,CASA BLANCA,PUESTOS DE SALUD O POSTAS DE SALUD,CAJAMARCA,CUTERVO,PIMPINGOS,60606,I-2,,ACTIVADO
GOBIERNO REGIONAL,PALTARUME,PUESTOS DE SALUD O POSTAS DE SALUD,CAJAMARCA,CHOTA,COCHABAMBA,60407,I-1,,ACTIVADO
GOBIERNO REGIONAL,SEGUES,PUESTOS DE SALUD O POSTAS DE SALUD,CAJAMARCA,CHOTA,COCHABAMBA,60407,I-2,,ACTIVADO
GOBIERNO REGIONAL,VALILLO,PUESTOS DE SALUD O POSTAS DE SALUD,CAJAMARCA,JAEN,JAEN,60801,I-1,,ACTIVADO
GOBIERNO REGIONAL,SAN JUAN DE LIMON,PUESTOS DE SALUD O POSTAS DE SALUD,CAJAMARCA,CUTERVO,SANTA CRUZ,60611,I-1,,ACTIVADO
GOBIERNO REGIONAL,TONGOD,CENTROS DE SALUD O CENTROS MEDICOS,CAJAMARCA,SAN MIGUEL,TONGOD,61112,I-3,,ACTIVADO
GOBIERNO REGIONAL,SAN PABLO,CENTROS DE SALUD CON CAMAS DE INTERNAMIENTO,CAJAMARCA,SAN PABLO,SAN PABLO,61201,I-4,,ACTIVADO
ESSALUD,POSTA MEDICA SAN PABLO,PUESTOS DE SALUD O POSTAS DE SALUD,CAJAMARCA,SAN PABLO,SAN PABLO,61201,I-1,,ACTIVADO
GOBIERNO REGIONAL,SAN PEDRO DE LA CAPILLA,PUESTOS DE SALUD O POSTAS DE SALUD,CAJAMARCA,CUTERVO,SANTO DOMINGO DE LA CAPILLA,60612,I-1,,ACTIVADO
GOBIERNO REGIONAL,VICTOR RAUL HAYA DE LA TORRE,CENTROS DE SALUD O CENTROS MEDICOS,LA LIBERTAD,VIRU,VIRU,131201,I-3,,ACTIVADO
GOBIERNO REGIONAL,SALABAMBA,PUESTOS DE SALUD O POSTAS DE SALUD,CAJAMARCA,CUTERVO,CUTERVO,60601,I-2,,ACTIVADO
GOBIERNO REGIONAL,MENTAL COMUNITARIA VIRU,CENTROS MEDICOS ESPECIALIZADOS,LA LIBERTAD,VIRU,VIRU,131201,I-3,,ACTIVADO
GOBIERNO REGIONAL,SAN MARTIN DE PORRES,PUESTOS DE SALUD O POSTAS DE SALUD,CAJAMARCA,JAEN,JAEN,60801,I-1,,ACTIVADO
GOBIERNO REGIONAL,HUARANGUILLO,CENTROS DE SALUD O CENTROS MEDICOS,CAJAMARCA,SAN IGNACIO,SAN JOSE DE LOURDES,60906,I-3,,ACTIVADO
GOBIERNO REGIONAL,EL ARENAL DE CUTERVO,PUESTOS DE SALUD O POSTAS DE SALUD,CAJAMARCA,CUTERVO,CUTERVO,60601,I-1,,ACTIVADO
ESSALUD,POSTA MEDICA CASCAS,PUESTOS DE SALUD O POSTAS DE SALUD,LA LIBERTAD,GRAN CHIMU,CASCAS,131101,Sin Categoría,,ACTIVADO
GOBIERNO REGIONAL,SALOMON VILCHEZ MURGA,PUESTOS DE SALUD O POSTAS DE SALUD,CAJAMARCA,CUTERVO,CUTERVO,60601,I-2,,ACTIVADO
GOBIERNO REGIONAL,ANDABAMBA,PUESTOS DE SALUD O POSTAS DE SALUD,CAJAMARCA,SANTA CRUZ,ANDABAMBA,61302,I-2,,ACTIVADO
ESSALUD,CENTRO MEDICO ESSALUD CUTERVO,CENTROS DE SALUD CON CAMAS DE INTERNAMIENTO,CAJAMARCA,CUTERVO,CUTERVO,60601,I-4,,ACTIVADO
GOBIERNO REGIONAL,MAMARURIBAMBA ALTO,PUESTOS DE SALUD O POSTAS DE SALUD,CAJAMARCA,CHOTA,COCHABAMBA,60407,I-1,,ACTIVADO
GOBIERNO REGIONAL,HUANCAQUITO ALTO,PUESTOS DE SALUD O POSTAS DE SALUD,LA LIBERTAD,VIRU,VIRU,131201,I-1,,ACTIVADO
GOBIERNO REGIONAL,YAUYUCAN,CENTROS DE SALUD O CENTROS MEDICOS,CAJAMARCA,SANTA CRUZ,YAUYUCAN,61311,I-3,,ACTIVADO
GOBIERNO REGIONAL,HOSPITAL PROVINICIAL DE CASCAS,HOSPITALES O CLINICAS DE ATENCION GENERAL,LA LIBERTAD,GRAN CHIMU,CASCAS,131101,II-1,12.0,ACTIVADO
GOBIERNO REGIONAL,CUSHIC,PUESTOS DE SALUD O POSTAS DE SALUD,CAJAMARCA,SANTA CRUZ,CHANCAYBAÑOS,61304,I-1,,ACTIVADO
GOBIERNO REGIONAL,MAGLLANAL,CENTROS DE SALUD O CENTROS MEDICOS,CAJAMARCA,JAEN,JAEN,60801,I-3,,ACTIVADO
GOBIERNO REGIONAL,CAMPO FLORIDO,PUESTOS DE SALUD O POSTAS DE SALUD,CAJAMARCA,CUTERVO,SANTA CRUZ,60611,I-1,,ACTIVADO
GOBIERNO REGIONAL,SANTA MARIA DE CUTERVO,HOSPITALES O CLINICAS DE ATENCION GENERAL,CAJAMARCA,CUTERVO,CUTERVO,60601,II-1,29.0,ACTIVADO
GOBIERNO REGIONAL,LA CORONILLA,PUESTOS DE SALUD O POSTAS DE SALUD,CAJAMARCA,SAN MIGUEL,TONGOD,61112,I-1,,ACTIVADO
GOBIERNO REGIONAL,SHUMBA ALTO,PUESTOS DE SALUD O POSTAS DE SALUD,CAJAMARCA,JAEN,BELLAVISTA,60802,I-1,,ACTIVADO
GOBIERNO REGIONAL,AÑALCATE,PUESTOS DE SALUD O POSTAS DE SALUD,CAJAMARCA,CUTERVO,CUTERVO,60601,I-1,,ACTIVADO
GOBIERNO REGIONAL,SAN LORENZO,PUESTOS DE SALUD O POSTAS DE SALUD,CAJAMARCA,CUTERVO,CUTERVO,60601,I-1,,ACTIVADO
GOBIERNO REGIONAL,SIMBAL,PUESTOS DE SALUD O POSTAS DE SALUD,LA LIBERTAD,TRUJILLO,SIMBAL,130110,I-2,,ACTIVADO
GOBIERNO REGIONAL,EL ROLLO,PUESTOS DE SALUD O POSTAS DE SALUD,CAJAMARCA,CUTERVO,CHOROS,60603,I-1,,ACTIVADO
GOBIERNO REGIONAL,CHIPULUC,PUESTOS DE SALUD O POSTAS DE SALUD,CAJAMARCA,CUTERVO,CUTERVO,60601,I-1,,ACTIVADO
GOBIERNO REGIONAL,MORRO SOLAR,CENTROS DE SALUD CON CAMAS DE INTERNAMIENTO,CAJAMARCA,JAEN,JAEN,60801,I-4,12.0,ACTIVADO
GOBIERNO REGIONAL,PAMPA LA CALZADA,PUESTOS DE SALUD O POSTAS DE SALUD,CAJAMARCA,SAN MIGUEL,LLAPA,61107,I-1,,ACTIVADO
GOBIERNO REGIONAL,GRAMALOTILLO,PUESTOS DE SALUD O POSTAS DE SALUD,CAJAMARCA,CUTERVO,SANTA CRUZ,60611,I-1,,ACTIVADO
GOBIERNO REGIONAL,LABORATORIO DE SALUD PUBLICA DE LA DIRECCION SUB REGIONAL  DE SALUD JAEN,PATOLOGIA CLINICA,CAJAMARCA,JAEN,JAEN,60801,Sin Categoría,,ACTIVADO
GOBIERNO REGIONAL,NUEVO ORIENTE,CENTROS DE SALUD O CENTROS MEDICOS,CAJAMARCA,CUTERVO,CUTERVO,60601,I-3,,ACTIVADO
GOBIERNO REGIONAL,MAMARURIBAMBA BAJO,PUESTOS DE SALUD O POSTAS DE SALUD,CAJAMARCA,CHOTA,COCHABAMBA,60407,I-1,,ACTIVADO
GOBIERNO REGIONAL,CONTUMAZA,CENTROS DE SALUD CON CAMAS DE INTERNAMIENTO,CAJAMARCA,CONTUMAZA,CONTUMAZA,60501,I-4,,ACTIVADO
GOBIERNO REGIONAL,CALIFORNIA,CENTROS DE SALUD O CENTROS MEDICOS,LA LIBERTAD,VIRU,VIRU,131201,I-3,,ACTIVADO
GOBIERNO REGIONAL,LLAPA,CENTROS DE SALUD O CENTROS MEDICOS,CAJAMARCA,SAN MIGUEL,LLAPA,61107,I-3,,ACTIVADO
GOBIERNO REGIONAL,EL CARDON,PUESTOS DE SALUD O POSTAS DE SALUD,CAJAMARCA,CUTERVO,CUTERVO,60601,I-1,,ACTIVADO
GOBIERNO REGIONAL,LIBERTAD LIMON,PUESTOS DE SALUD O POSTAS DE SALUD,CAJAMARCA,CUTERVO,PIMPINGOS,60606,I-1,,ACTIVADO
GOBIERNO REGIONAL,CRUCE SHUMBA,"CENTROS DE SALUD O CENTROS MEDICOS,CENTROS DE SALUD O CENTROS MEDICOS",CAJAMARCA,JAEN,BELLAVISTA,60802,I-3,,ACTIVADO
GOBIERNO REGIONAL,PUERTO CIRUELO,CENTROS DE SALUD O CENTROS MEDICOS,CAJAMARCA,SAN IGNACIO,HUARANGO,60903,I-3,,ACTIVADO
GOBIERNO REGIONAL,CULLANMAYO,PUESTOS DE SALUD O POSTAS DE SALUD,CAJAMARCA,CUTERVO,CUTERVO,60601,I-1,,ACTIVADO
GOBIERNO REGIONAL,LA VIÑA,PUESTOS DE SALUD O POSTAS DE SALUD,CAJAMARCA,CUTERVO,SANTA CRUZ,60611,I-1,,ACTIVADO
GOBIERNO REGIONAL,GRAL. JAEN,HOSPITALES O CLINICAS DE ATENCION ESPECIALIZADA,CAJAMARCA,JAEN,JAEN,60801,II-1,72.0,ACTIVADO
GOBIERNO REGIONAL,SABANA,PUESTOS DE SALUD O POSTAS DE SALUD,CAJAMARCA,SAN MIGUEL,LLAPA,61107,I-1,,ACTIVADO
GOBIERNO REGIONAL,TAYAL,PUESTOS DE SALUD O POSTAS DE SALUD,CAJAMARCA,CHOTA,COCHABAMBA,60407,I-1,,ACTIVADO
ESSALUD,HOSPITAL II CLINICA JAEN,HOSPITALES O CLINICAS DE ATENCION GENERAL,CAJAMARCA,JAEN,JAEN,60801,II-1,26.0,ACTIVADO
GOBIERNO REGIONAL,LA CONGONA,PUESTOS DE SALUD O POSTAS DE SALUD,CAJAMARCA,CUTERVO,CUTERVO,60601,I-1,,ACTIVADO
GOBIERNO REGIONAL,PANDALLE,PUESTOS DE SALUD O POSTAS DE SALUD,CAJAMARCA,CUTERVO,PIMPINGOS,60606,I-1,,ACTIVADO
GOBIERNO REGIONAL,LA FLOR,PUESTOS DE SALUD O POSTAS DE SALUD,CAJAMARCA,CUTERVO,SAN ANDRES DE CUTERVO,60608,I-1,,ACTIVADO
GOBIERNO REGIONAL,SAN PEDRO DE PERICO,CENTROS DE SALUD O CENTROS MEDICOS,CAJAMARCA,SAN IGNACIO,CHIRINOS,60902,I-3,,ACTIVADO
GOBIERNO REGIONAL,UTICYACU,PUESTOS DE SALUD O POSTAS DE SALUD,CAJAMARCA,SANTA CRUZ,UTICYACU,61310,I-2,,ACTIVADO
GOBIERNO REGIONAL,POLULO,PUESTOS DE SALUD O POSTAS DE SALUD,CAJAMARCA,SANTA CRUZ,NINABAMBA,61306,I-1,,ACTIVADO
GOBIERNO REGIONAL,SAN AUGUSTIN,PUESTOS DE SALUD O POSTAS DE SALUD,CAJAMARCA,JAEN,BELLAVISTA,60802,I-1,,ACTIVADO
GOBIERNO REGIONAL,EL TAMBO,PUESTOS DE SALUD O POSTAS DE SALUD,CAJAMARCA,SAN MIGUEL,SAN SILVESTRE DE COCHAN,61111,I-1,,ACTIVADO
GOBIERNO REGIONAL,SANTA ROSA DE TAPO,PUESTOS DE SALUD O POSTAS DE SALUD,CAJAMARCA,CUTERVO,CUTERVO,60601,I-1,,ACTIVADO
GOBIERNO REGIONAL,FILA ALTA,CENTROS DE SALUD O CENTROS MEDICOS,CAJAMARCA,JAEN,JAEN,60801,I-3,,ACTIVADO
GOBIERNO REGIONAL,YANGACHIS,PUESTOS DE SALUD O POSTAS DE SALUD,CAJAMARCA,CUTERVO,CUTERVO,60601,I-1,,ACTIVADO
GOBIERNO REGIONAL,PATAHUAZ,PUESTOS DE SALUD O POSTAS DE SALUD,CAJAMARCA,CUTERVO,CUTERVO,60601,I-1,,ACTIVADO
GOBIERNO REGIONAL,NINABAMBA,CENTROS DE SALUD O CENTROS MEDICOS,CAJAMARCA,SANTA CRUZ,NINABAMBA,61306,I-3,,ACTIVADO
GOBIERNO REGIONAL,CULDEN,PUESTOS DE SALUD O POSTAS DE SALUD,CAJAMARCA,SANTA CRUZ,CATACHE,61303,I-1,,ACTIVADO
GOBIERNO REGIONAL,LA SUCCHA,PUESTOS DE SALUD O POSTAS DE SALUD,CAJAMARCA,CUTERVO,CUTERVO,60601,I-1,,ACTIVADO
GOBIERNO REGIONAL,LA LLICA,PUESTOS DE SALUD O POSTAS DE SALUD,CAJAMARCA,CUTERVO,CUTERVO,60601,I-1,,ACTIVADO
GOBIERNO REGIONAL,SEÑOR DE LOS MILAGROS,PUESTOS DE SALUD O POSTAS DE SALUD,CAJAMARCA,SANTA CRUZ,UTICYACU,61310,I-1,,ACTIVADO
GOBIERNO REGIONAL,SANGACHE,PUESTOS DE SALUD O POSTAS DE SALUD,CAJAMARCA,SANTA CRUZ,UTICYACU,61310,I-1,,ACTIVADO
GOBIERNO REGIONAL,MUÑUNO,PUESTOS DE SALUD O POSTAS DE SALUD,CAJAMARCA,CUTERVO,CUTERVO,60601,I-1,,ACTIVADO
GOBIERNO REGIONAL,MONTEGRANDE,PUESTOS DE SALUD O POSTAS DE SALUD,CAJAMARCA,JAEN,JAEN,60801,I-2,,ACTIVADO
GOBIERNO REGIONAL,SANTA ROSA DE UNANCA,PUESTOS DE SALUD O POSTAS DE SALUD,CAJAMARCA,SAN PABLO,SAN PABLO,61201,I-2,,ACTIVADO
GOBIERNO REGIONAL,CONDORHUASI,PUESTOS DE SALUD O POSTAS DE SALUD,CAJAMARCA,CUTERVO,PIMPINGOS,60606,I-1,,ACTIVADO
GOBIERNO REGIONAL,SAN PEDRO DE CHOROS,PUESTOS DE SALUD O POSTAS DE SALUD,CAJAMARCA,CUTERVO,CHOROS,60603,I-1,,ACTIVADO
GOBIERNO REGIONAL,CHINLANLAN,PUESTOS DE SALUD O POSTAS DE SALUD,CAJAMARCA,CHOTA,LAJAS,60410,I-1,,ACTIVADO
GOBIERNO REGIONAL,CATILLUC,CENTROS DE SALUD O CENTROS MEDICOS,CAJAMARCA,SAN MIGUEL,CATILLUC,61104,I-3,,ACTIVADO
GOBIERNO REGIONAL,AMBULCO GRANDE,PUESTOS DE SALUD O POSTAS DE SALUD,CAJAMARCA,CUTERVO,CUTERVO,60601,I-2,,ACTIVADO
GOBIERNO REGIONAL,LLIPA,PUESTOS DE SALUD O POSTAS DE SALUD,CAJAMARCA,CUTERVO,CUTERVO,60601,I-1,,ACTIVADO
GOBIERNO REGIONAL,HUARANGO,CENTROS DE SALUD O CENTROS MEDICOS,CAJAMARCA,SAN IGNACIO,HUARANGO,60903,I-3,,ACTIVADO
GOBIERNO REGIONAL,SAN SILVESTRE DE COCHAN,PUESTOS DE SALUD O POSTAS DE SALUD,CAJAMARCA,SAN MIGUEL,SAN SILVESTRE DE COCHAN,61111,I-2,,ACTIVADO
GOBIERNO REGIONAL,ALTO AMAZONAS,CENTROS DE SALUD O CENTROS MEDICOS,AMAZONAS,UTCUBAMBA,CAJARURO,10702,I-3,,ACTIVADO
GOBIERNO REGIONAL,RAMBRAN,PUESTOS DE SALUD O POSTAS DE SALUD,CAJAMARCA,CUTERVO,CUTERVO,60601,I-1,,ACTIVADO
GOBIERNO REGIONAL,YATUN,PUESTOS DE SALUD O POSTAS DE SALUD,CAJAMARCA,CUTERVO,CUTERVO,60601,I-1,,ACTIVADO
GOBIERNO REGIONAL,POLAN,PUESTOS DE SALUD O POSTAS DE SALUD,CAJAMARCA,SAN PABLO,SAN BERNARDINO,61202,I-1,,ACTIVADO
GOBIERNO REGIONAL,PAMPA CUYOC,PUESTOS DE SALUD O POSTAS DE SALUD,CAJAMARCA,SAN MIGUEL,LLAPA,61107,I-1,,ACTIVADO
GOBIERNO REGIONAL,LA JAYUA,PUESTOS DE SALUD O POSTAS DE SALUD,CAJAMARCA,CUTERVO,CUTERVO,60601,I-1,,ACTIVADO
GOBIERNO REGIONAL,ACHIRAMAYO,PUESTOS DE SALUD O POSTAS DE SALUD,CAJAMARCA,SANTA CRUZ,NINABAMBA,61306,I-1,,ACTIVADO
GOBIERNO REGIONAL,LUZPAMPA,PUESTOS DE SALUD O POSTAS DE SALUD,CAJAMARCA,CUTERVO,CUTERVO,60601,I-1,,ACTIVADO
GOBIERNO REGIONAL,POROTO,CENTROS DE SALUD O CENTROS MEDICOS,LA LIBERTAD,TRUJILLO,POROTO,130108,I-3,,ACTIVADO
GOBIERNO REGIONAL,LAS PALMAS DE TINYAYOC,PUESTOS DE SALUD O POSTAS DE SALUD,CAJAMARCA,CUTERVO,CUTERVO,60601,I-1,,ACTIVADO
GOBIERNO REGIONAL,PUCALA,PUESTOS DE SALUD O POSTAS DE SALUD,CAJAMARCA,CUTERVO,PIMPINGOS,60606,I-1,,ACTIVADO
GOBIERNO REGIONAL,MESARRUME,PUESTOS DE SALUD O POSTAS DE SALUD,CAJAMARCA,CUTERVO,CHOROS,60603,I-1,,ACTIVADO
GOBIERNO REGIONAL,COPA GRANDE,PUESTOS DE SALUD O POSTAS DE SALUD,ANCASH,CARHUAZ,MARCARA,20606,I-1,,ACTIVADO
GOBIERNO REGIONAL,SAN ANTONIO DE OJOS,PUESTOS DE SALUD O POSTAS DE SALUD,CAJAMARCA,SAN MIGUEL,LLAPA,61107,I-1,,ACTIVADO
GOBIERNO REGIONAL,TRIGOPAMPA,PUESTOS DE SALUD O POSTAS DE SALUD,CAJAMARCA,CUTERVO,CUTERVO,60601,I-1,,ACTIVADO
GOBIERNO REGIONAL,LUCMILLO,PUESTOS DE SALUD O POSTAS DE SALUD,CAJAMARCA,SAN MIGUEL,SAN SILVESTRE DE COCHAN,61111,I-1,,ACTIVADO
GOBIERNO REGIONAL,PIMPINGOS,CENTROS DE SALUD O CENTROS MEDICOS,CAJAMARCA,CUTERVO,PIMPINGOS,60606,I-3,,ACTIVADO
GOBIERNO REGIONAL,PACAY,PUESTOS DE SALUD O POSTAS DE SALUD,CAJAMARCA,SAN IGNACIO,SAN JOSE DE LOURDES,60906,I-1,,ACTIVADO
GOBIERNO REGIONAL,CALLANCAS,PUESTOS DE SALUD O POSTAS DE SALUD,CAJAMARCA,SAN PABLO,SAN PABLO,61201,I-2,,ACTIVADO
GOBIERNO REGIONAL,SUMIDERO,CENTROS DE SALUD O CENTROS MEDICOS,CAJAMARCA,CUTERVO,CUTERVO,60601,I-3,,ACTIVADO
GOBIERNO REGIONAL,BALZAS,CENTROS DE SALUD O CENTROS MEDICOS,AMAZONAS,CHACHAPOYAS,BALSAS,10103,I-3,,ACTIVADO
GOBIERNO REGIONAL,SINSICAP,PUESTOS DE SALUD O POSTAS DE SALUD,LA LIBERTAD,OTUZCO,SINSICAP,130613,I-2,,ACTIVADO
GOBIERNO REGIONAL,TAURIPAMPA,PUESTOS DE SALUD O POSTAS DE SALUD,CAJAMARCA,CHOTA,LAJAS,60410,I-1,,ACTIVADO
GOBIERNO REGIONAL,EL PALTO,PUESTOS DE SALUD O POSTAS DE SALUD,CAJAMARCA,CUTERVO,PIMPINGOS,60606,I-1,,ACTIVADO
GOBIERNO REGIONAL,PABELLON CHICO,PUESTOS DE SALUD O POSTAS DE SALUD,CAJAMARCA,SAN MIGUEL,LLAPA,61107,I-1,,ACTIVADO
GOBIERNO REGIONAL,EL PORVENIR DE HUARANGO,"CENTROS DE SALUD O CENTROS MEDICOS,CENTROS DE SALUD O CENTROS MEDICOS",CAJAMARCA,SAN IGNACIO,HUARANGO,60903,I-3,,ACTIVADO
GOBIERNO REGIONAL,PROVINCIAL DE VIRU,HOSPITALES O CLINICAS DE ATENCION GENERAL,LA LIBERTAD,VIRU,VIRU,131201,II-1,18.0,ACTIVADO
GOBIERNO REGIONAL,CORAZON DE MARIA,PUESTOS DE SALUD O POSTAS DE SALUD,CAJAMARCA,CHOTA,LAJAS,60410,I-1,,ACTIVADO
GOBIERNO REGIONAL,CHAMAYA,PUESTOS DE SALUD O POSTAS DE SALUD,CAJAMARCA,JAEN,JAEN,60801,I-1,,ACTIVADO
GOBIERNO REGIONAL,CANANA,PUESTOS DE SALUD O POSTAS DE SALUD,CAJAMARCA,JAEN,BELLAVISTA,60802,I-1,,ACTIVADO
GOBIERNO REGIONAL,NARANJOS,PUESTOS DE SALUD O POSTAS DE SALUD,CAJAMARCA,SAN IGNACIO,SAN JOSE DE LOURDES,60906,I-2,,ACTIVADO
GOBIERNO REGIONAL,MIRAFLORES,PUESTOS DE SALUD O POSTAS DE SALUD,CAJAMARCA,SAN IGNACIO,HUARANGO,60903,I-1,,ACTIVADO
GOBIERNO REGIONAL,SUPAYACU,PUESTOS DE SALUD O POSTAS DE SALUD,CAJAMARCA,SAN IGNACIO,HUARANGO,60903,I-2,,ACTIVADO
GOBIERNO REGIONAL,SANTA ROSA,PUESTOS DE SALUD O POSTAS DE SALUD,CAJAMARCA,CUTERVO,SANTO TOMAS,60613,I-1,,ACTIVADO
GOBIERNO REGIONAL,LLANGODEN,PUESTOS DE SALUD O POSTAS DE SALUD,CAJAMARCA,CHOTA,LAJAS,60410,I-2,,ACTIVADO
GOBIERNO REGIONAL,SAN CARLOS ALTO,PUESTOS DE SALUD O POSTAS DE SALUD,CAJAMARCA,CHOTA,LAJAS,60410,I-1,,ACTIVADO
GOBIERNO REGIONAL,PAMPACANCHA,PUESTOS DE SALUD O POSTAS DE SALUD,CAJAMARCA,CHOTA,LAJAS,60410,I-2,,ACTIVADO
GOBIERNO REGIONAL,PANAMA,PUESTOS DE SALUD O POSTAS DE SALUD,CAJAMARCA,CUTERVO,PIMPINGOS,60606,I-1,,ACTIVADO
GOBIERNO REGIONAL,CHUGUR,CENTROS DE SALUD O CENTROS MEDICOS,CAJAMARCA,HUALGAYOC,CHUGUR,60702,I-3,,ACTIVADO
GOBIERNO REGIONAL,PAJONAL,PUESTOS DE SALUD O POSTAS DE SALUD,CAJAMARCA,CUTERVO,SAN ANDRES DE CUTERVO,60608,I-1,,ACTIVADO
GOBIERNO REGIONAL,LLAGUEN,PUESTOS DE SALUD O POSTAS DE SALUD,LA LIBERTAD,OTUZCO,SINSICAP,130613,I-2,,ACTIVADO
GOBIERNO REGIONAL,TUMBADEN BAJO,PUESTOS DE SALUD O POSTAS DE SALUD,CAJAMARCA,SAN PABLO,TUMBADEN,61204,I-2,,ACTIVADO
GOBIERNO REGIONAL,LAJAS,CENTROS DE SALUD O CENTROS MEDICOS,CAJAMARCA,CHOTA,LAJAS,60410,I-3,,ACTIVADO
GOBIERNO REGIONAL,LA SINRRA,PUESTOS DE SALUD O POSTAS DE SALUD,CAJAMARCA,CHOTA,LAJAS,60410,I-1,,ACTIVADO
GOBIERNO REGIONAL,CHURUCANCHA,PUESTOS DE SALUD O POSTAS DE SALUD,CAJAMARCA,CHOTA,LAJAS,60410,I-1,,ACTIVADO
GOBIERNO REGIONAL,CALABOZO,PUESTOS DE SALUD O POSTAS DE SALUD,CAJAMARCA,SAN IGNACIO,SAN JOSE DE LOURDES,60906,I-2,,ACTIVADO
GOBIERNO REGIONAL,REJOPAMPA,PUESTOS DE SALUD O POSTAS DE SALUD,CAJAMARCA,CUTERVO,CUTERVO,60601,I-1,,ACTIVADO
GOBIERNO REGIONAL,CORRALES,PUESTOS DE SALUD O POSTAS DE SALUD,CAJAMARCA,CUTERVO,CUTERVO,60601,I-1,,ACTIVADO
GOBIERNO REGIONAL,VISTA ALEGRE DE LA SOLA,PUESTOS DE SALUD O POSTAS DE SALUD,CAJAMARCA,CUTERVO,CUTERVO,60601,I-1,,ACTIVADO
GOBIERNO REGIONAL,QUILCATE ALTO,PUESTOS DE SALUD O POSTAS DE SALUD,CAJAMARCA,SAN MIGUEL,CATILLUC,61104,I-1,,ACTIVADO
GOBIERNO REGIONAL,PLAYA GRANDE,PUESTOS DE SALUD O POSTAS DE SALUD,CAJAMARCA,CUTERVO,SANTO TOMAS,60613,I-1,,ACTIVADO
GOBIERNO REGIONAL,PATRONA DE CHOTA,CENTROS DE SALUD O CENTROS MEDICOS,CAJAMARCA,CHOTA,CHOTA,60401,I-3,,ACTIVADO
GOBIERNO REGIONAL,TUÑAD,PUESTOS DE SALUD O POSTAS DE SALUD,CAJAMARCA,SAN PABLO,SAN BERNARDINO,61202,I-1,,ACTIVADO
GOBIERNO REGIONAL,MOCHADIN,PUESTOS DE SALUD O POSTAS DE SALUD,CAJAMARCA,CUTERVO,SOCOTA,60614,I-1,,ACTIVADO
GOBIERNO REGIONAL,HUARANDOZA,CENTROS DE SALUD O CENTROS MEDICOS,CAJAMARCA,SAN IGNACIO,HUARANGO,60903,I-3,,ACTIVADO
GOBIERNO REGIONAL,CONGA DE MARAYHUACA,PUESTOS DE SALUD O POSTAS DE SALUD,CAJAMARCA,CHOTA,CHIGUIRIP,60404,I-1,,ACTIVADO
GOBIERNO REGIONAL,EL ARENAL,PUESTOS DE SALUD O POSTAS DE SALUD,CAJAMARCA,CHOTA,LAJAS,60410,I-1,,ACTIVADO
GOBIERNO REGIONAL,APANGOYA,CENTROS DE SALUD O CENTROS MEDICOS,CAJAMARCA,SAN IGNACIO,SAN JOSE DE LOURDES,60906,I-3,,ACTIVADO
GOBIERNO REGIONAL,TUMBADEN ALTO,PUESTOS DE SALUD O POSTAS DE SALUD,CAJAMARCA,SAN PABLO,TUMBADEN,61204,I-1,,ACTIVADO
GOBIERNO REGIONAL,LANCHEPATA,PUESTOS DE SALUD O POSTAS DE SALUD,CAJAMARCA,CUTERVO,SANTO TOMAS,60613,I-1,,ACTIVADO
GOBIERNO REGIONAL,MARCOPAMPA,PUESTOS DE SALUD O POSTAS DE SALUD,CAJAMARCA,CHOTA,LAJAS,60410,I-1,,ACTIVADO
GOBIERNO REGIONAL,HUADUILLO,PUESTOS DE SALUD O POSTAS DE SALUD,CAJAMARCA,SAN IGNACIO,HUARANGO,60903,I-1,,ACTIVADO
GOBIERNO REGIONAL,PALMA CENTRAL,PUESTOS DE SALUD O POSTAS DE SALUD,CAJAMARCA,CUTERVO,SANTO TOMAS,60613,I-1,,ACTIVADO
GOBIERNO REGIONAL,LA COLCA,PUESTOS DE SALUD O POSTAS DE SALUD,CAJAMARCA,CUTERVO,CUTERVO,60601,I-1,,ACTIVADO
GOBIERNO REGIONAL,CHIGUIRIP,CENTROS DE SALUD O CENTROS MEDICOS,CAJAMARCA,CHOTA,CHIGUIRIP,60404,I-3,,ACTIVADO
GOBIERNO REGIONAL,LA LIMA DE HUARANGO,PUESTOS DE SALUD O POSTAS DE SALUD,CAJAMARCA,SAN IGNACIO,HUARANGO,60903,I-2,,ACTIVADO
GOBIERNO REGIONAL,OLMOS,PUESTOS DE SALUD O POSTAS DE SALUD,CAJAMARCA,CHOTA,LAJAS,60410,I-1,,ACTIVADO
GOBIERNO REGIONAL,CARAMARCA CHICA,PUESTOS DE SALUD O POSTAS DE SALUD,CAJAMARCA,CUTERVO,CUTERVO,60601,I-1,,ACTIVADO
GOBIERNO REGIONAL,CADMALCA,PUESTOS DE SALUD O POSTAS DE SALUD,CAJAMARCA,CHOTA,LAJAS,60410,I-1,,ACTIVADO
GOBIERNO REGIONAL,EL ARENAL DE SANTO TOMAS,PUESTOS DE SALUD O POSTAS DE SALUD,CAJAMARCA,CUTERVO,SANTO TOMAS,60613,I-1,,ACTIVADO
GOBIERNO REGIONAL,COYUNDE GRANDE,PUESTOS DE SALUD O POSTAS DE SALUD,CAJAMARCA,HUALGAYOC,CHUGUR,60702,I-1,,ACTIVADO
GOBIERNO REGIONAL,PACOBAMBA,PUESTOS DE SALUD O POSTAS DE SALUD,CAJAMARCA,CHOTA,LAJAS,60410,I-1,,ACTIVADO
GOBIERNO REGIONAL,SAN IGNACIO DE LOYOLA,PUESTOS DE SALUD O POSTAS DE SALUD,LA LIBERTAD,OTUZCO,SINSICAP,130613,I-2,,ACTIVADO
GOBIERNO REGIONAL,UCHUQUINUA,PUESTOS DE SALUD O POSTAS DE SALUD,CAJAMARCA,SAN MIGUEL,LLAPA,61107,I-1,,ACTIVADO
GOBIERNO REGIONAL,MARAYHUACA,PUESTOS DE SALUD O POSTAS DE SALUD,CAJAMARCA,CHOTA,CHIGUIRIP,60404,I-1,,ACTIVADO
GOBIERNO REGIONAL,YACUCHINGANA,PUESTOS DE SALUD O POSTAS DE SALUD,CAJAMARCA,CHOTA,LAJAS,60410,I-1,,ACTIVADO
GOBIERNO REGIONAL,PARANDAY,PUESTOS DE SALUD O POSTAS DE SALUD,LA LIBERTAD,OTUZCO,PARANDAY,130610,I-2,,ACTIVADO
GOBIERNO REGIONAL,SAN ANDRES,CENTROS DE SALUD O CENTROS MEDICOS,CAJAMARCA,CUTERVO,SAN ANDRES DE CUTERVO,60608,I-3,,ACTIVADO
GOBIERNO REGIONAL,LA CUESTA,PUESTOS DE SALUD O POSTAS DE SALUD,LA LIBERTAD,OTUZCO,LA CUESTA,130606,I-2,2.0,ACTIVADO
GOBIERNO REGIONAL,TAMBILLO,PUESTOS DE SALUD O POSTAS DE SALUD,CAJAMARCA,CUTERVO,SANTO TOMAS,60613,I-1,,ACTIVADO
GOBIERNO REGIONAL,PERLAMAYO,PUESTOS DE SALUD O POSTAS DE SALUD,CAJAMARCA,HUALGAYOC,CHUGUR,60702,I-1,,ACTIVADO
GOBIERNO REGIONAL,LA MUSHCA,PUESTOS DE SALUD O POSTAS DE SALUD,CAJAMARCA,SAN IGNACIO,HUARANGO,60903,I-1,,ACTIVADO
GOBIERNO REGIONAL,SANTA ELENA,PUESTOS DE SALUD O POSTAS DE SALUD,CAJAMARCA,CUTERVO,SOCOTA,60614,I-1,,ACTIVADO
GOBIERNO REGIONAL,TUGUZA,PUESTOS DE SALUD O POSTAS DE SALUD,CAJAMARCA,CHOTA,CHIGUIRIP,60404,I-1,,ACTIVADO
GOBIERNO REGIONAL,CHUYABAMBA,PUESTOS DE SALUD O POSTAS DE SALUD,CAJAMARCA,CHOTA,CHOTA,60401,I-2,,ACTIVADO
GOBIERNO REGIONAL,TANTACHUAL BAJO,PUESTOS DE SALUD O POSTAS DE SALUD,CAJAMARCA,SAN MIGUEL,SAN SILVESTRE DE COCHAN,61111,I-1,,ACTIVADO
GOBIERNO REGIONAL,PISAGUAS,PUESTOS DE SALUD O POSTAS DE SALUD,CAJAMARCA,SAN IGNACIO,HUARANGO,60903,I-1,,ACTIVADO
GOBIERNO REGIONAL,PERLAMAYO,PUESTOS DE SALUD O POSTAS DE SALUD,CAJAMARCA,CUTERVO,TORIBIO CASANOVA,60615,I-1,,ACTIVADO
GOBIERNO REGIONAL,LA SACILIA,CENTROS DE SALUD O CENTROS MEDICOS,CAJAMARCA,CUTERVO,TORIBIO CASANOVA,60615,I-3,,ACTIVADO
GOBIERNO REGIONAL,GOSEN,PUESTOS DE SALUD O POSTAS DE SALUD,CAJAMARCA,SAN IGNACIO,HUARANGO,60903,I-1,,ACTIVADO
GOBIERNO REGIONAL,CHOROS,CENTROS DE SALUD O CENTROS MEDICOS,CAJAMARCA,CUTERVO,CHOROS,60603,I-3,,ACTIVADO
GOBIERNO REGIONAL,EL MOLINO,CENTROS DE SALUD O CENTROS MEDICOS,LA LIBERTAD,GRAN CHIMU,CASCAS,131101,I-3,,ACTIVADO
GOBIERNO REGIONAL,HOSPITAL VIRGEN DE LA CANDELARIA DE SOCOTA,CENTROS DE SALUD O CENTROS MEDICOS,CAJAMARCA,CUTERVO,SOCOTA,60614,I-3,,ACTIVADO
GOBIERNO REGIONAL,SANTA RITA,PUESTOS DE SALUD O POSTAS DE SALUD,CAJAMARCA,CHOTA,TACABAMBA,60417,I-1,,ACTIVADO
GOBIERNO REGIONAL,PICHUGAN,PUESTOS DE SALUD O POSTAS DE SALUD,CAJAMARCA,CHOTA,CHIGUIRIP,60404,I-1,,ACTIVADO
GOBIERNO REGIONAL,MINAS,PUESTOS DE SALUD O POSTAS DE SALUD,CAJAMARCA,CUTERVO,SOCOTA,60614,I-1,,ACTIVADO
GOBIERNO REGIONAL,LANCHEBAMBA,PUESTOS DE SALUD O POSTAS DE SALUD,CAJAMARCA,CHOTA,CHOTA,60401,I-1,,ACTIVADO
GOBIERNO REGIONAL,SACUS,PUESTOS DE SALUD O POSTAS DE SALUD,CAJAMARCA,CHOTA,CHIGUIRIP,60404,I-1,,ACTIVADO
GOBIERNO REGIONAL,HUANCAY,PUESTOS DE SALUD O POSTAS DE SALUD,LA LIBERTAD,GRAN CHIMU,MARMOT,131103,I-1,,ACTIVADO
GOBIERNO REGIONAL,ZAPOTAL,CENTROS DE SALUD O CENTROS MEDICOS,CAJAMARCA,SAN IGNACIO,HUARANGO,60903,I-3,,ACTIVADO
GOBIERNO REGIONAL,EL COBRO NEGRO,PUESTOS DE SALUD O POSTAS DE SALUD,CAJAMARCA,SAN MIGUEL,SAN SILVESTRE DE COCHAN,61111,I-1,,ACTIVADO
GOBIERNO REGIONAL,RAYAMPAMPA,PUESTOS DE SALUD O POSTAS DE SALUD,LA LIBERTAD,OTUZCO,SALPO,130611,I-2,,ACTIVADO
GOBIERNO REGIONAL,SAN ANTONIO,PUESTOS DE SALUD O POSTAS DE SALUD,CAJAMARCA,CUTERVO,SOCOTA,60614,I-1,,ACTIVADO
GOBIERNO REGIONAL,SANTO TOMAS,CENTROS DE SALUD O CENTROS MEDICOS,CAJAMARCA,CUTERVO,SANTO TOMAS,60613,I-3,,ACTIVADO
GOBIERNO REGIONAL,SAMNE,PUESTOS DE SALUD O POSTAS DE SALUD,LA LIBERTAD,OTUZCO,OTUZCO,130601,I-2,,ACTIVADO
GOBIERNO REGIONAL,SAN ANTONIO DE IRACA,PUESTOS DE SALUD O POSTAS DE SALUD,CAJAMARCA,CHOTA,CHOTA,60401,I-1,,ACTIVADO
GOBIERNO REGIONAL,PUENTE CHAO,CENTROS DE SALUD O CENTROS MEDICOS,LA LIBERTAD,VIRU,CHAO,131202,I-3,4.0,ACTIVADO
GOBIERNO REGIONAL,VIZA,PUESTOS DE SALUD O POSTAS DE SALUD,CAJAMARCA,CUTERVO,SANTO TOMAS,60613,I-1,,ACTIVADO
GOBIERNO REGIONAL,NUEVO CHAO,PUESTOS DE SALUD O POSTAS DE SALUD,LA LIBERTAD,VIRU,CHAO,131202,I-1,,ACTIVADO
GOBIERNO REGIONAL,EL NIÑO,PUESTOS DE SALUD O POSTAS DE SALUD,LA LIBERTAD,VIRU,VIRU,131201,I-2,,ACTIVADO
ESSALUD,CAP I CHAO,PUESTOS DE SALUD O POSTAS DE SALUD,LA LIBERTAD,VIRU,CHAO,131202,Sin Categoría,,ACTIVADO
GOBIERNO REGIONAL,CHURUMAYO,PUESTOS DE SALUD O POSTAS DE SALUD,CAJAMARCA,CUTERVO,SOCOTA,60614,I-1,,ACTIVADO
GOBIERNO REGIONAL,SAN JAVIER BELLAVISTA,HOSPITALES O CLINICAS DE ATENCION GENERAL,CAJAMARCA,JAEN,BELLAVISTA,60802,II-1,15.0,ACTIVADO
GOBIERNO REGIONAL,RINCONADA MIRAFLORES,PUESTOS DE SALUD O POSTAS DE SALUD,CAJAMARCA,CUTERVO,SOCOTA,60614,I-1,,ACTIVADO
GOBIERNO REGIONAL,ILLUGAN,PUESTOS DE SALUD O POSTAS DE SALUD,CAJAMARCA,CUTERVO,SAN ANDRES DE CUTERVO,60608,I-1,,ACTIVADO
GOBIERNO REGIONAL,EL TRIUNFO DE HUARANGO,CENTROS DE SALUD O CENTROS MEDICOS,CAJAMARCA,SAN IGNACIO,HUARANGO,60903,I-3,,ACTIVADO
GOBIERNO REGIONAL,CHUQUILLANQUI,PUESTOS DE SALUD O POSTAS DE SALUD,LA LIBERTAD,GRAN CHIMU,LUCMA,131102,I-1,,ACTIVADO
GOBIERNO REGIONAL,CHETILLA,PUESTOS DE SALUD O POSTAS DE SALUD,CAJAMARCA,CAJAMARCA,CHETILLA,60103,I-2,,ACTIVADO
GOBIERNO REGIONAL,SARABAMBA,PUESTOS DE SALUD O POSTAS DE SALUD,CAJAMARCA,CHOTA,CHOTA,60401,I-1,,ACTIVADO
GOBIERNO REGIONAL,EL REGALADO,PUESTOS DE SALUD O POSTAS DE SALUD,CAJAMARCA,SAN PABLO,TUMBADEN,61204,I-1,,ACTIVADO
GOBIERNO REGIONAL,IRACA GRANDE,PUESTOS DE SALUD O POSTAS DE SALUD,CAJAMARCA,CHOTA,CHOTA,60401,I-1,,ACTIVADO
GOBIERNO REGIONAL,PAMPA LA LAGUNA,PUESTOS DE SALUD O POSTAS DE SALUD,CAJAMARCA,CHOTA,CHOTA,60401,I-1,,ACTIVADO
GOBIERNO REGIONAL,CRUZ CONGA,PUESTOS DE SALUD O POSTAS DE SALUD,CAJAMARCA,CHOTA,CONCHAN,60408,I-1,,ACTIVADO
GOBIERNO REGIONAL,PUÑA,PUESTOS DE SALUD O POSTAS DE SALUD,CAJAMARCA,CHOTA,TACABAMBA,60417,I-2,,ACTIVADO
GOBIERNO REGIONAL,EL NARANJO,PUESTOS DE SALUD O POSTAS DE SALUD,CAJAMARCA,CHOTA,TACABAMBA,60417,I-1,,ACTIVADO
GOBIERNO REGIONAL,CUÑANQUE,PUESTOS DE SALUD O POSTAS DE SALUD,CAJAMARCA,CUTERVO,SOCOTA,60614,I-1,,ACTIVADO
GOBIERNO REGIONAL,QUILLUGAY,PUESTOS DE SALUD O POSTAS DE SALUD,CAJAMARCA,CUTERVO,SAN ANDRES DE CUTERVO,60608,I-1,,ACTIVADO
GOBIERNO REGIONAL,SIVINGAN,PUESTOS DE SALUD O POSTAS DE SALUD,CAJAMARCA,CHOTA,CHOTA,60401,I-1,,ACTIVADO
GOBIERNO REGIONAL,CABRACANCHA,PUESTOS DE SALUD O POSTAS DE SALUD,CAJAMARCA,CHOTA,CHOTA,60401,I-2,,ACTIVADO
GOBIERNO REGIONAL,SIEMPRE VIVA,PUESTOS DE SALUD O POSTAS DE SALUD,AMAZONAS,UTCUBAMBA,EL MILAGRO,10704,I-1,,ACTIVADO
GOBIERNO REGIONAL,CUMBA,CENTROS DE SALUD O CENTROS MEDICOS,AMAZONAS,UTCUBAMBA,CUMBA,10703,I-3,,ACTIVADO
GOBIERNO REGIONAL,SAN JOSE DE SALO BAJO,PUESTOS DE SALUD O POSTAS DE SALUD,LA LIBERTAD,JULCAN,CARABAMBA,130503,I-1,,ACTIVADO
GOBIERNO REGIONAL,NUEVO ORIENTE DE SOCOTA,PUESTOS DE SALUD O POSTAS DE SALUD,CAJAMARCA,CUTERVO,SOCOTA,60614,I-1,,ACTIVADO
GOBIERNO REGIONAL,TUNEL CONCHANO,PUESTOS DE SALUD O POSTAS DE SALUD,CAJAMARCA,CHOTA,CHOTA,60401,I-1,,ACTIVADO
GOBIERNO REGIONAL,CHISIGLE,PUESTOS DE SALUD O POSTAS DE SALUD,CAJAMARCA,CUTERVO,SOCOTA,60614,I-1,,ACTIVADO
GOBIERNO REGIONAL,EL PUQUIO,PUESTOS DE SALUD O POSTAS DE SALUD,CAJAMARCA,CUTERVO,SOCOTA,60614,I-1,,ACTIVADO
GOBIERNO REGIONAL,UTCHUCLACHULIT,PUESTOS DE SALUD O POSTAS DE SALUD,CAJAMARCA,CHOTA,CHOTA,60401,I-1,,ACTIVADO
GOBIERNO REGIONAL,CATUDEN,PUESTOS DE SALUD O POSTAS DE SALUD,CAJAMARCA,CONTUMAZA,CONTUMAZA,60501,I-1,,ACTIVADO
GOBIERNO REGIONAL,MAGDALENA,CENTROS DE SALUD O CENTROS MEDICOS,CAJAMARCA,CAJAMARCA,MAGDALENA,60109,I-3,,ACTIVADO
GOBIERNO REGIONAL,CONCHAN,CENTROS DE SALUD O CENTROS MEDICOS,CAJAMARCA,CHOTA,CONCHAN,60408,I-3,,ACTIVADO
GOBIERNO REGIONAL,ANDAMARCA,PUESTOS DE SALUD O POSTAS DE SALUD,CAJAMARCA,CUTERVO,SANTO TOMAS,60613,I-1,,ACTIVADO
GOBIERNO REGIONAL,TAYALES,PUESTOS DE SALUD O POSTAS DE SALUD,CAJAMARCA,CUTERVO,SANTO TOMAS,60613,I-1,,ACTIVADO
GOBIERNO REGIONAL,QUEBRADA HONDA,PUESTOS DE SALUD O POSTAS DE SALUD,CAJAMARCA,SAN MIGUEL,SAN SILVESTRE DE COCHAN,61111,I-1,,ACTIVADO
GOBIERNO REGIONAL,HUACAPONGO,PUESTOS DE SALUD O POSTAS DE SALUD,LA LIBERTAD,VIRU,VIRU,131201,I-2,,ACTIVADO
GOBIERNO REGIONAL,HOSPITAL DE APOYO CHOTA - JOSE SOTO CADENILLAS,HOSPITALES O CLINICAS DE ATENCION GENERAL,CAJAMARCA,CHOTA,CHOTA,60401,II-1,65.0,ACTIVADO
GOBIERNO REGIONAL,CORRALES DE CHANTA,PUESTOS DE SALUD O POSTAS DE SALUD,CAJAMARCA,CONTUMAZA,CONTUMAZA,60501,I-1,,ACTIVADO
GOBIERNO REGIONAL,PAMPA LA RIOJA,PUESTOS DE SALUD O POSTAS DE SALUD,CAJAMARCA,CUTERVO,SOCOTA,60614,I-1,,ACTIVADO
GOBIERNO REGIONAL,LINGAN PATA,PUESTOS DE SALUD O POSTAS DE SALUD,CAJAMARCA,CHOTA,CHOTA,60401,I-1,,ACTIVADO
GOBIERNO REGIONAL,SAN LUIS,PUESTOS DE SALUD O POSTAS DE SALUD,CAJAMARCA,CUTERVO,SANTO TOMAS,60613,I-1,,ACTIVADO
GOBIERNO REGIONAL,RAMBRAMPATA,PUESTOS DE SALUD O POSTAS DE SALUD,CAJAMARCA,CHOTA,CHOTA,60401,I-1,,ACTIVADO
GOBIERNO REGIONAL,SAN FELIPE,PUESTOS DE SALUD O POSTAS DE SALUD,LA LIBERTAD,GRAN CHIMU,CASCAS,131101,I-2,,ACTIVADO
GOBIERNO REGIONAL,LAGUNA SHITA,PUESTOS DE SALUD O POSTAS DE SALUD,CAJAMARCA,CUTERVO,SOCOTA,60614,I-1,,ACTIVADO
GOBIERNO REGIONAL,YURACYACU,PUESTOS DE SALUD O POSTAS DE SALUD,CAJAMARCA,CHOTA,CHOTA,60401,I-1,,ACTIVADO
GOBIERNO REGIONAL,PUESTO DE SALUD PUERTO SANTA,PUESTOS DE SALUD O POSTAS DE SALUD,ANCASH,SANTA,SANTA,21808,I-1,,ACTIVADO
ESSALUD,CENTRO MEDICO CHOTA,CENTROS DE SALUD O CENTROS MEDICOS,CAJAMARCA,CHOTA,CHOTA,60401,I-3,,ACTIVADO
GOBIERNO REGIONAL,CHULIT,PUESTOS DE SALUD O POSTAS DE SALUD,CAJAMARCA,CHOTA,CHOTA,60401,I-1,,ACTIVADO
GOBIERNO REGIONAL,LINGAN GRANDE,PUESTOS DE SALUD O POSTAS DE SALUD,CAJAMARCA,CHOTA,CHOTA,60401,I-1,,ACTIVADO
GOBIERNO REGIONAL,QUIJOS,PUESTOS DE SALUD O POSTAS DE SALUD,CAJAMARCA,CUTERVO,SOCOTA,60614,I-1,,ACTIVADO
GOBIERNO REGIONAL,EL TINGO,PUESTOS DE SALUD O POSTAS DE SALUD,CAJAMARCA,HUALGAYOC,HUALGAYOC,60703,I-1,,ACTIVADO
GOBIERNO REGIONAL,COLPATUAPAMPA,PUESTOS DE SALUD O POSTAS DE SALUD,CAJAMARCA,CHOTA,CHOTA,60401,I-1,,ACTIVADO
GOBIERNO REGIONAL,SHULGON,PUESTOS DE SALUD O POSTAS DE SALUD,LA LIBERTAD,OTUZCO,SALPO,130611,I-2,,ACTIVADO
GOBIERNO REGIONAL,SANTA ROSA BAJO,PUESTOS DE SALUD O POSTAS DE SALUD,CAJAMARCA,CHOTA,CHOTA,60401,I-1,,ACTIVADO
GOBIERNO REGIONAL,SILLEROPATA BAJO,PUESTOS DE SALUD O POSTAS DE SALUD,CAJAMARCA,CHOTA,CHOTA,60401,I-1,,ACTIVADO
GOBIERNO REGIONAL,CHANGAY,PUESTOS DE SALUD O POSTAS DE SALUD,CAJAMARCA,CUTERVO,SOCOTA,60614,I-1,,ACTIVADO
GOBIERNO REGIONAL,CUMBICO,PUESTOS DE SALUD O POSTAS DE SALUD,CAJAMARCA,CAJAMARCA,MAGDALENA,60109,I-1,,ACTIVADO
GOBIERNO REGIONAL,BUENA VISTA,PUESTOS DE SALUD O POSTAS DE SALUD,LA LIBERTAD,VIRU,CHAO,131202,I-2,,ACTIVADO
GOBIERNO REGIONAL,SAIREPAMPA,PUESTOS DE SALUD O POSTAS DE SALUD,CAJAMARCA,CUTERVO,SAN LUIS DE LUCMA,60610,I-1,,ACTIVADO
GOBIERNO REGIONAL,PACHIN ALTO,PUESTOS DE SALUD O POSTAS DE SALUD,LA LIBERTAD,OTUZCO,OTUZCO,130601,I-1,,ACTIVADO
GOBIERNO REGIONAL,TACTAGO,PUESTOS DE SALUD O POSTAS DE SALUD,AMAZONAS,UTCUBAMBA,CUMBA,10703,I-1,,ACTIVADO
GOBIERNO REGIONAL,SEXESHITA,PUESTOS DE SALUD O POSTAS DE SALUD,CAJAMARCA,CUTERVO,SAN LUIS DE LUCMA,60610,I-1,,ACTIVADO
GOBIERNO REGIONAL,LA GUAYABA,PUESTOS DE SALUD O POSTAS DE SALUD,CAJAMARCA,JAEN,BELLAVISTA,60802,I-1,,ACTIVADO
GOBIERNO REGIONAL,COMPIN,PUESTOS DE SALUD O POSTAS DE SALUD,LA LIBERTAD,GRAN CHIMU,MARMOT,131103,I-1,,ACTIVADO
GOBIERNO REGIONAL,GUADALUPITO,CENTROS DE SALUD O CENTROS MEDICOS,LA LIBERTAD,VIRU,GUADALUPITO,131203,I-3,,ACTIVADO
GOBIERNO REGIONAL,LA PALMA,PUESTOS DE SALUD O POSTAS DE SALUD,CAJAMARCA,CHOTA,CONCHAN,60408,I-1,,ACTIVADO
GOBIERNO REGIONAL,LIBERTAD LA PALMA,PUESTOS DE SALUD O POSTAS DE SALUD,CAJAMARCA,CUTERVO,SOCOTA,60614,I-1,,ACTIVADO
GOBIERNO REGIONAL,SILLEROPATA ALTO,PUESTOS DE SALUD O POSTAS DE SALUD,CAJAMARCA,CHOTA,CHOTA,60401,I-1,,ACTIVADO
GOBIERNO REGIONAL,EL REJO,PUESTOS DE SALUD O POSTAS DE SALUD,AMAZONAS,UTCUBAMBA,CUMBA,10703,I-1,,ACTIVADO
GOBIERNO REGIONAL,CHUGUR DE ANGUIA,PUESTOS DE SALUD O POSTAS DE SALUD,CAJAMARCA,CHOTA,ANGUIA,60402,I-1,,ACTIVADO
GOBIERNO REGIONAL,MUSUNGATE,PUESTOS DE SALUD O POSTAS DE SALUD,CAJAMARCA,CUTERVO,SAN JUAN DE CUTERVO,60609,I-1,,ACTIVADO
GOBIERNO REGIONAL,NEGROPAMPA,PUESTOS DE SALUD O POSTAS DE SALUD,CAJAMARCA,CHOTA,CHOTA,60401,I-1,,ACTIVADO
GOBIERNO REGIONAL,CAÑAFISTO,PUESTOS DE SALUD O POSTAS DE SALUD,CAJAMARCA,CHOTA,CHOTA,60401,I-1,,ACTIVADO
GOBIERNO REGIONAL,PAMPA GRANDE,PUESTOS DE SALUD O POSTAS DE SALUD,LA LIBERTAD,OTUZCO,OTUZCO,130601,I-1,,ACTIVADO
GOBIERNO REGIONAL,TRANCA DE PUJUPE,PUESTOS DE SALUD O POSTAS DE SALUD,CAJAMARCA,HUALGAYOC,HUALGAYOC,60703,I-1,,ACTIVADO
GOBIERNO REGIONAL,CORMOT,PUESTOS DE SALUD O POSTAS DE SALUD,LA LIBERTAD,GRAN CHIMU,MARMOT,131103,I-1,,ACTIVADO
GOBIERNO REGIONAL,AUQUE MIRADOR,PUESTOS DE SALUD O POSTAS DE SALUD,CAJAMARCA,HUALGAYOC,BAMBAMARCA,60701,I-1,,ACTIVADO
GOBIERNO REGIONAL,MORAN LIRIO,CENTROS DE SALUD O CENTROS MEDICOS,CAJAMARCA,HUALGAYOC,HUALGAYOC,60703,I-3,,ACTIVADO
GOBIERNO REGIONAL,ROJASPAMPA,PUESTOS DE SALUD O POSTAS DE SALUD,CAJAMARCA,CHOTA,CHOTA,60401,I-1,,ACTIVADO
GOBIERNO REGIONAL,CENTRO DE SALUD SANTA,CENTROS DE SALUD O CENTROS MEDICOS,ANCASH,SANTA,SANTA,21808,I-3,,ACTIVADO
GOBIERNO REGIONAL,EL REPOSO,PUESTOS DE SALUD O POSTAS DE SALUD,AMAZONAS,UTCUBAMBA,EL MILAGRO,10704,I-1,,ACTIVADO
GOBIERNO REGIONAL,SANTO DOMINGO DE LA LUCMA,PUESTOS DE SALUD O POSTAS DE SALUD,CAJAMARCA,CUTERVO,SAN LUIS DE LUCMA,60610,I-1,,ACTIVADO
ESSALUD,CENTRO MEDICO COISHCO,CENTROS DE SALUD O CENTROS MEDICOS,ANCASH,SANTA,COISHCO,21803,I-3,,ACTIVADO
GOBIERNO REGIONAL,CENTRO DE SALUD COISHCO,CENTROS DE SALUD O CENTROS MEDICOS,ANCASH,SANTA,COISHCO,21803,I-3,,ACTIVADO
GOBIERNO REGIONAL,EL MOTE,PUESTOS DE SALUD O POSTAS DE SALUD,CAJAMARCA,CONTUMAZA,CONTUMAZA,60501,I-1,,ACTIVADO
GOBIERNO REGIONAL,TACABAMBA,CENTROS DE SALUD CON CAMAS DE INTERNAMIENTO,CAJAMARCA,CHOTA,TACABAMBA,60417,I-4,,ACTIVADO
GOBIERNO REGIONAL,VICTOR DE LOS RIOS DELGADO,PUESTOS DE SALUD O POSTAS DE SALUD,CAJAMARCA,CHOTA,TACABAMBA,60417,I-1,,ACTIVADO
GOBIERNO REGIONAL,CONDORPULLANA,PUESTOS DE SALUD O POSTAS DE SALUD,CAJAMARCA,CHOTA,CHOTA,60401,I-1,,ACTIVADO
GOBIERNO REGIONAL,LAZCAN,PUESTOS DE SALUD O POSTAS DE SALUD,CAJAMARCA,CHOTA,CONCHAN,60408,I-1,,ACTIVADO
GOBIERNO REGIONAL,CUYUMALCA,PUESTOS DE SALUD O POSTAS DE SALUD,CAJAMARCA,CHOTA,CHOTA,60401,I-2,,ACTIVADO
GOBIERNO REGIONAL,MORAN PATA,PUESTOS DE SALUD O POSTAS DE SALUD,CAJAMARCA,HUALGAYOC,HUALGAYOC,60703,I-1,,ACTIVADO
GOBIERNO REGIONAL,PILANCONES,PUESTOS DE SALUD O POSTAS DE SALUD,CAJAMARCA,HUALGAYOC,HUALGAYOC,60703,I-1,,ACTIVADO
GOBIERNO REGIONAL,MALLETA,PUESTOS DE SALUD O POSTAS DE SALUD,CAJAMARCA,CUTERVO,SANTO TOMAS,60613,I-1,,ACTIVADO
GOBIERNO REGIONAL,CARABAMBA,CENTROS DE SALUD O CENTROS MEDICOS,LA LIBERTAD,JULCAN,CARABAMBA,130503,I-3,,ACTIVADO
GOBIERNO REGIONAL,HUALGAYOC,CENTROS DE SALUD O CENTROS MEDICOS,CAJAMARCA,HUALGAYOC,HUALGAYOC,60703,I-3,,ACTIVADO
GOBIERNO REGIONAL,SAN LUIS DE LA LUCMA,CENTROS DE SALUD O CENTROS MEDICOS,CAJAMARCA,CUTERVO,SAN LUIS DE LUCMA,60610,I-3,,ACTIVADO
GOBIERNO REGIONAL,ANGUIA,PUESTOS DE SALUD O POSTAS DE SALUD,CAJAMARCA,CHOTA,ANGUIA,60402,I-2,,ACTIVADO
GOBIERNO REGIONAL,EL PORVENIR,PUESTOS DE SALUD O POSTAS DE SALUD,CAJAMARCA,CUTERVO,SOCOTA,60614,I-1,,ACTIVADO
GOBIERNO REGIONAL,AUQUE ALTO,PUESTOS DE SALUD O POSTAS DE SALUD,CAJAMARCA,HUALGAYOC,BAMBAMARCA,60701,I-1,,ACTIVADO
GOBIERNO REGIONAL,NUEVO ORIENTE,PUESTOS DE SALUD O POSTAS DE SALUD,CAJAMARCA,CHOTA,CHOTA,60401,I-1,,ACTIVADO
GOBIERNO REGIONAL,RODEOPAMPA,PUESTOS DE SALUD O POSTAS DE SALUD,CAJAMARCA,CHOTA,ANGUIA,60402,I-1,,ACTIVADO
GOBIERNO REGIONAL,SANTA ROSA,PUESTOS DE SALUD O POSTAS DE SALUD,CAJAMARCA,CUTERVO,SAN JUAN DE CUTERVO,60609,I-1,,ACTIVADO
GOBIERNO REGIONAL,LA CALETA,HOSPITALES O CLINICAS DE ATENCION ESPECIALIZADA,ANCASH,SANTA,CHIMBOTE,21801,II-2,110.0,ACTIVADO
GOBIERNO REGIONAL,SALPO,CENTROS DE SALUD O CENTROS MEDICOS,LA LIBERTAD,OTUZCO,SALPO,130611,I-3,,ACTIVADO
GOBIERNO REGIONAL,MALLETA,PUESTOS DE SALUD O POSTAS DE SALUD,AMAZONAS,UTCUBAMBA,YAMON,10707,I-1,,ACTIVADO
GOBIERNO REGIONAL,SANTA CRUZ DE LA SUCCHA,PUESTOS DE SALUD O POSTAS DE SALUD,CAJAMARCA,CUTERVO,SAN JUAN DE CUTERVO,60609,I-1,,ACTIVADO
GOBIERNO REGIONAL,SAN JUAN DE CUTERVO,CENTROS DE SALUD O CENTROS MEDICOS,CAJAMARCA,CUTERVO,SAN JUAN DE CUTERVO,60609,I-3,,ACTIVADO
GOBIERNO REGIONAL,SANTA ROSA DEL TINGO,PUESTOS DE SALUD O POSTAS DE SALUD,CAJAMARCA,CUTERVO,SAN LUIS DE LUCMA,60610,I-1,,ACTIVADO
GOBIERNO REGIONAL,GRANJA PORCON,PUESTOS DE SALUD O POSTAS DE SALUD,CAJAMARCA,CAJAMARCA,CAJAMARCA,60101,I-1,,ACTIVADO
ESSALUD,CAP III METROPOLITANO DE CHIMBOTE,CENTROS DE SALUD O CENTROS MEDICOS,ANCASH,SANTA,CHIMBOTE,21801,I-3,,ACTIVADO
GOBIERNO REGIONAL,PUJUPE,PUESTOS DE SALUD O POSTAS DE SALUD,CAJAMARCA,HUALGAYOC,HUALGAYOC,60703,I-1,,ACTIVADO
GOBIERNO REGIONAL,EL MIRADOR (CHOTA),PUESTOS DE SALUD O POSTAS DE SALUD,CAJAMARCA,CHOTA,CHOTA,60401,I-1,,ACTIVADO
GOBIERNO REGIONAL,CUJILLO,CENTROS DE SALUD O CENTROS MEDICOS,CAJAMARCA,CUTERVO,CUJILLO,60604,I-3,,ACTIVADO
GOBIERNO REGIONAL,CHETILLA,PUESTOS DE SALUD O POSTAS DE SALUD,CAJAMARCA,CHOTA,CONCHAN,60408,I-1,,ACTIVADO
GOBIERNO REGIONAL,VISTA HERMOZA,PUESTOS DE SALUD O POSTAS DE SALUD,AMAZONAS,UTCUBAMBA,CUMBA,10703,I-1,,ACTIVADO
GOBIERNO REGIONAL,NIÑO JESUS,PUESTOS DE SALUD O POSTAS DE SALUD,CAJAMARCA,CHOTA,CHOTA,60401,I-1,,ACTIVADO
GOBIERNO REGIONAL,PUESTO DE SALUD VICTOR  RAUL,PUESTOS DE SALUD O POSTAS DE SALUD,ANCASH,SANTA,CHIMBOTE,21801,I-2,,ACTIVADO
GOBIERNO REGIONAL,YANTAYO,PUESTOS DE SALUD O POSTAS DE SALUD,CAJAMARCA,CHOTA,CONCHAN,60408,I-1,,ACTIVADO
GOBIERNO REGIONAL,PUESTO DE SALUD LLAUGUEDA,PUESTOS DE SALUD O POSTAS DE SALUD,LA LIBERTAD,OTUZCO,OTUZCO,130601,I-1,,ACTIVADO
GOBIERNO REGIONAL,PROGRESO PAMPA,PUESTOS DE SALUD O POSTAS DE SALUD,CAJAMARCA,CHOTA,CHOTA,60401,I-1,,ACTIVADO
GOBIERNO REGIONAL,PEÑA BLANCA,PUESTOS DE SALUD O POSTAS DE SALUD,CAJAMARCA,CHOTA,TACABAMBA,60417,I-1,,ACTIVADO
GOBIERNO REGIONAL,TUNTUS,PUESTOS DE SALUD O POSTAS DE SALUD,AMAZONAS,BAGUA,IMAZA,10205,I-1,,ACTIVADO
GOBIERNO REGIONAL,BELLAVISTA,PUESTOS DE SALUD O POSTAS DE SALUD,LA LIBERTAD,OTUZCO,SALPO,130611,I-2,,ACTIVADO
GOBIERNO REGIONAL,PUESTO DE SALUD SAN PEDRO,PUESTOS DE SALUD O POSTAS DE SALUD,ANCASH,SANTA,CHIMBOTE,21801,I-2,,ACTIVADO
ESSALUD,HOSPITAL III CHIMBOTE,HOSPITALES O CLINICAS DE ATENCION ESPECIALIZADA,ANCASH,SANTA,CHIMBOTE,21801,Sin Categoría,152.0,ACTIVADO
GOBIERNO REGIONAL,CHAUPELANCHE,PUESTOS DE SALUD O POSTAS DE SALUD,CAJAMARCA,CHOTA,CHOTA,60401,I-1,,ACTIVADO
GOBIERNO REGIONAL,CENTRO DE SALUD PROGRESO,CENTROS DE SALUD CON CAMAS DE INTERNAMIENTO,ANCASH,SANTA,CHIMBOTE,21801,I-4,,ACTIVADO
GOBIERNO REGIONAL,MAGNA VALLEJO,CENTROS DE SALUD O CENTROS MEDICOS,CAJAMARCA,CAJAMARCA,CAJAMARCA,60101,I-3,,ACTIVADO
GOBIERNO REGIONAL,PUENTECILLOS,CENTROS DE SALUD O CENTROS MEDICOS,CAJAMARCA,JAEN,SANTA ROSA,60812,I-3,,ACTIVADO
GOBIERNO REGIONAL,CHILIMPAMPA,PUESTOS DE SALUD O POSTAS DE SALUD,CAJAMARCA,CAJAMARCA,CAJAMARCA,60101,I-1,,ACTIVADO
GOBIERNO REGIONAL,HUALLAPE,PUESTOS DE SALUD O POSTAS DE SALUD,CAJAMARCA,JAEN,SANTA ROSA,60812,I-1,,ACTIVADO
GOBIERNO REGIONAL,PUESTO DE SALUD TAMBO REAL,PUESTOS DE SALUD O POSTAS DE SALUD,ANCASH,SANTA,SANTA,21808,I-1,,ACTIVADO
GOBIERNO REGIONAL,PORCON ALTO,PUESTOS DE SALUD O POSTAS DE SALUD,CAJAMARCA,CAJAMARCA,CAJAMARCA,60101,I-2,,ACTIVADO
GOBIERNO REGIONAL,PUESTO DE SALUD LA ESPERANZA,PUESTOS DE SALUD O POSTAS DE SALUD,ANCASH,SANTA,CHIMBOTE,21801,I-2,,ACTIVADO
GOBIERNO REGIONAL,PUESTO DE SALUD MAGDALENA NUEVA,PUESTOS DE SALUD O POSTAS DE SALUD,ANCASH,SANTA,CHIMBOTE,21801,I-2,,ACTIVADO
GOBIERNO REGIONAL,MACHAYPUNGO ALTO,PUESTOS DE SALUD O POSTAS DE SALUD,CAJAMARCA,HUALGAYOC,BAMBAMARCA,60701,I-1,,ACTIVADO
GOBIERNO REGIONAL,LOS PUENTES,PUESTOS DE SALUD O POSTAS DE SALUD,CAJAMARCA,CUTERVO,LA RAMADA,60605,I-1,,ACTIVADO
GOBIERNO REGIONAL,HUALANGO,PUESTOS DE SALUD O POSTAS DE SALUD,AMAZONAS,UTCUBAMBA,CUMBA,10703,I-2,,ACTIVADO
GOBIERNO REGIONAL,SHUMBANA,PUESTOS DE SALUD O POSTAS DE SALUD,CAJAMARCA,JAEN,SANTA ROSA,60812,I-1,,ACTIVADO
GOBIERNO REGIONAL,PUESTO DE SALUD ALTO PERU,PUESTOS DE SALUD O POSTAS DE SALUD,ANCASH,SANTA,SANTA,21808,I-1,,ACTIVADO
GOBIERNO REGIONAL,PORCON BAJO,PUESTOS DE SALUD O POSTAS DE SALUD,CAJAMARCA,CAJAMARCA,CAJAMARCA,60101,I-2,,ACTIVADO
GOBIERNO REGIONAL,APAN ALTO,PUESTOS DE SALUD O POSTAS DE SALUD,CAJAMARCA,HUALGAYOC,HUALGAYOC,60703,I-2,,ACTIVADO
GOBIERNO REGIONAL,PUESTO DE SALUD TUPAC AMARU,PUESTOS DE SALUD O POSTAS DE SALUD,ANCASH,SANTA,CHIMBOTE,21801,I-2,,ACTIVADO
GOBIERNO REGIONAL,CENTRO DE SALUD FLORIDA,CENTROS DE SALUD O CENTROS MEDICOS,ANCASH,SANTA,CHIMBOTE,21801,I-3,,ACTIVADO
GOBIERNO REGIONAL,CHUGMAR,PUESTOS DE SALUD O POSTAS DE SALUD,CAJAMARCA,CHOTA,TACABAMBA,60417,I-2,,ACTIVADO
GOBIERNO REGIONAL,CHACRERIAS,PUESTOS DE SALUD O POSTAS DE SALUD,CAJAMARCA,CUTERVO,LA RAMADA,60605,I-1,,ACTIVADO
GOBIERNO REGIONAL,LA BANDA,PUESTOS DE SALUD O POSTAS DE SALUD,LA LIBERTAD,GRAN CHIMU,LUCMA,131102,I-1,,ACTIVADO
GOBIERNO REGIONAL,SAN ANTONIO ALTO,PUESTOS DE SALUD O POSTAS DE SALUD,CAJAMARCA,HUALGAYOC,BAMBAMARCA,60701,I-1,,ACTIVADO
GOBIERNO REGIONAL,CHOROPAMPA,PUESTOS DE SALUD O POSTAS DE SALUD,CAJAMARCA,CHOTA,CHOROPAMPA,60406,I-2,,ACTIVADO
GOBIERNO REGIONAL,SAN SEBASTIAN DE CHOROPAMPA,PUESTOS DE SALUD O POSTAS DE SALUD,CAJAMARCA,CAJAMARCA,MAGDALENA,60109,I-2,,ACTIVADO
GOBIERNO REGIONAL,PUESTO DE SALUD LA UNIÓN,PUESTOS DE SALUD O POSTAS DE SALUD,ANCASH,SANTA,CHIMBOTE,21801,I-2,,ACTIVADO
GOBIERNO REGIONAL,EL PORVENIR,PUESTOS DE SALUD O POSTAS DE SALUD,CAJAMARCA,HUALGAYOC,BAMBAMARCA,60701,I-1,,ACTIVADO
GOBIERNO REGIONAL,PINGULLO,PUESTOS DE SALUD O POSTAS DE SALUD,CAJAMARCA,HUALGAYOC,HUALGAYOC,60703,I-1,,ACTIVADO
GOBIERNO REGIONAL,SAN PEDRO DE LA PAPAYA,PUESTOS DE SALUD O POSTAS DE SALUD,AMAZONAS,UTCUBAMBA,EL MILAGRO,10704,I-1,,ACTIVADO
GOBIERNO REGIONAL,AUQUE BAJO,PUESTOS DE SALUD O POSTAS DE SALUD,CAJAMARCA,HUALGAYOC,BAMBAMARCA,60701,I-1,,ACTIVADO
GOBIERNO REGIONAL,VILCASIT,PUESTOS DE SALUD O POSTAS DE SALUD,CAJAMARCA,CHOTA,TACABAMBA,60417,I-1,,ACTIVADO
GOBIERNO REGIONAL,CENTRO DE SALUD MIRAFLORES ALTO,CENTROS DE SALUD O CENTROS MEDICOS,ANCASH,SANTA,CHIMBOTE,21801,I-3,,ACTIVADO
GOBIERNO REGIONAL,PUESTO DE SALUD SANTA ANA COSTA,PUESTOS DE SALUD O POSTAS DE SALUD,ANCASH,SANTA,CHIMBOTE,21801,I-1,,ACTIVADO
GOBIERNO REGIONAL,OCTUCHO,PUESTOS DE SALUD O POSTAS DE SALUD,AMAZONAS,UTCUBAMBA,CUMBA,10703,I-1,,ACTIVADO
GOBIERNO REGIONAL,SANTA ROSA,CENTROS DE SALUD O CENTROS MEDICOS,CAJAMARCA,JAEN,SANTA ROSA,60812,I-3,,ACTIVADO
GOBIERNO REGIONAL,CUMBE CHONTABAMBA,PUESTOS DE SALUD O POSTAS DE SALUD,CAJAMARCA,HUALGAYOC,BAMBAMARCA,60701,I-1,,ACTIVADO
GOBIERNO REGIONAL,PUESTO DE SALUD RINCONADA,PUESTOS DE SALUD O POSTAS DE SALUD,ANCASH,SANTA,SANTA,21808,I-1,,ACTIVADO
GOBIERNO REGIONAL,HOSPITAL DE APOYO OTUZCO ELPIDIO BEROVIDES PEREZ,HOSPITALES O CLINICAS DE ATENCION GENERAL,LA LIBERTAD,OTUZCO,OTUZCO,130601,II-1,24.0,ACTIVADO
GOBIERNO REGIONAL,APAN BAJO,PUESTOS DE SALUD O POSTAS DE SALUD,CAJAMARCA,HUALGAYOC,BAMBAMARCA,60701,I-2,,ACTIVADO
GOBIERNO REGIONAL,LLUSHCAPAMPA,PUESTOS DE SALUD O POSTAS DE SALUD,CAJAMARCA,CUTERVO,LA RAMADA,60605,I-1,,ACTIVADO
GOBIERNO REGIONAL,JAHUANGA,PUESTOS DE SALUD O POSTAS DE SALUD,AMAZONAS,UTCUBAMBA,BAGUA GRANDE,10701,I-1,,ACTIVADO
GOBIERNO REGIONAL,CUTAXI,PUESTOS DE SALUD O POSTAS DE SALUD,CAJAMARCA,CHOTA,CONCHAN,60408,I-1,,ACTIVADO
GOBIERNO REGIONAL,SAN ANTONIO ALTO - CENTRO,PUESTOS DE SALUD O POSTAS DE SALUD,CAJAMARCA,HUALGAYOC,BAMBAMARCA,60701,I-1,,ACTIVADO
GOBIERNO REGIONAL,EL MILAGRO,CENTROS DE SALUD O CENTROS MEDICOS,AMAZONAS,UTCUBAMBA,EL MILAGRO,10704,I-3,,ACTIVADO
GOBIERNO REGIONAL,NUEVO SAN MARTIN,PUESTOS DE SALUD O POSTAS DE SALUD,CAJAMARCA,CHOTA,TACABAMBA,60417,I-1,,ACTIVADO
GOBIERNO REGIONAL,CHAMIS,PUESTOS DE SALUD O POSTAS DE SALUD,CAJAMARCA,CAJAMARCA,CAJAMARCA,60101,I-1,,ACTIVADO
GOBIERNO REGIONAL,PUESTO DE SALUD SAN JUAN,PUESTOS DE SALUD O POSTAS DE SALUD,ANCASH,SANTA,CHIMBOTE,21801,I-2,,ACTIVADO
GOBIERNO REGIONAL,NUEVA ESPERANZA,CENTROS DE SALUD O CENTROS MEDICOS,AMAZONAS,UTCUBAMBA,CUMBA,10703,I-3,,ACTIVADO
GOBIERNO REGIONAL,RAMON CASTILLA,CENTROS DE SALUD O CENTROS MEDICOS,LA LIBERTAD,OTUZCO,OTUZCO,130601,I-3,,ACTIVADO
GOBIERNO REGIONAL,AGUA BRAVA,PUESTOS DE SALUD O POSTAS DE SALUD,CAJAMARCA,CHOTA,TACABAMBA,60417,I-1,,ACTIVADO
GOBIERNO REGIONAL,SIMBRON,PUESTOS DE SALUD O POSTAS DE SALUD,LA LIBERTAD,GRAN CHIMU,SAYAPULLO,131104,I-1,,ACTIVADO
GOBIERNO REGIONAL,VISTA ALEGRE BAJO,PUESTOS DE SALUD O POSTAS DE SALUD,CAJAMARCA,HUALGAYOC,HUALGAYOC,60703,I-2,,ACTIVADO
GOBIERNO REGIONAL,EL PAGO,PUESTOS DE SALUD O POSTAS DE SALUD,CAJAMARCA,CUTERVO,CUJILLO,60604,I-1,,ACTIVADO
GOBIERNO REGIONAL,LA RAMADA,CENTROS DE SALUD O CENTROS MEDICOS,CAJAMARCA,CUTERVO,LA RAMADA,60605,I-3,,ACTIVADO
GOBIERNO REGIONAL,YERBA SANTA ALTA,PUESTOS DE SALUD O POSTAS DE SALUD,CAJAMARCA,HUALGAYOC,HUALGAYOC,60703,I-1,,ACTIVADO
GOBIERNO REGIONAL,YUNCHACO,PUESTOS DE SALUD O POSTAS DE SALUD,CAJAMARCA,CUTERVO,CUJILLO,60604,I-1,,ACTIVADO
GOBIERNO REGIONAL,PANGO,PUESTOS DE SALUD O POSTAS DE SALUD,LA LIBERTAD,OTUZCO,OTUZCO,130601,I-2,,ACTIVADO
GOBIERNO REGIONAL,PUESTO DE SALUD CAMBIO PUENTE,PUESTOS DE SALUD O POSTAS DE SALUD,ANCASH,SANTA,CHIMBOTE,21801,I-2,,ACTIVADO
GOBIERNO REGIONAL,LA TULPUNA,CENTROS DE SALUD O CENTROS MEDICOS,CAJAMARCA,CAJAMARCA,CAJAMARCA,60101,I-3,,ACTIVADO
GOBIERNO REGIONAL,CASUAL,PUESTOS DE SALUD O POSTAS DE SALUD,AMAZONAS,BAGUA,BAGUA,10201,I-1,,ACTIVADO
GOBIERNO REGIONAL,LUCMA,CENTROS DE SALUD O CENTROS MEDICOS,LA LIBERTAD,GRAN CHIMU,LUCMA,131102,I-3,,ACTIVADO
GOBIERNO REGIONAL,PUESTO DE SALUD VINZOS,PUESTOS DE SALUD O POSTAS DE SALUD,ANCASH,SANTA,SANTA,21808,I-1,,ACTIVADO
GOBIERNO REGIONAL,YERBA SANTA,PUESTOS DE SALUD O POSTAS DE SALUD,CAJAMARCA,HUALGAYOC,HUALGAYOC,60703,I-1,,ACTIVADO
GOBIERNO REGIONAL,HUALLANGATE,PUESTOS DE SALUD O POSTAS DE SALUD,CAJAMARCA,CHOTA,ANGUIA,60402,I-1,,ACTIVADO
GOBIERNO REGIONAL,SAN ANTONIO BAJO,CENTROS DE SALUD O CENTROS MEDICOS,CAJAMARCA,HUALGAYOC,BAMBAMARCA,60701,I-3,,ACTIVADO
GOBIERNO REGIONAL,MIRAFLORES,PUESTOS DE SALUD O POSTAS DE SALUD,AMAZONAS,UTCUBAMBA,CUMBA,10703,I-1,,ACTIVADO
GOBIERNO REGIONAL,SAN JUAN DE LUCMACUCHO,PUESTOS DE SALUD O POSTAS DE SALUD,CAJAMARCA,HUALGAYOC,BAMBAMARCA,60701,I-1,,ACTIVADO
GOBIERNO REGIONAL,SANTA RITA,PUESTOS DE SALUD O POSTAS DE SALUD,LA LIBERTAD,VIRU,CHAO,131202,I-1,,ACTIVADO
GOBIERNO REGIONAL,ACERILLO,PUESTOS DE SALUD O POSTAS DE SALUD,AMAZONAS,BAGUA,BAGUA,10201,I-1,,ACTIVADO
GOBIERNO REGIONAL,HUAYO,PUESTOS DE SALUD O POSTAS DE SALUD,LA LIBERTAD,GRAN CHIMU,LUCMA,131102,I-1,,ACTIVADO
GOBIERNO REGIONAL,NUNGO,PUESTOS DE SALUD O POSTAS DE SALUD,CAJAMARCA,CHOTA,TACABAMBA,60417,I-1,,ACTIVADO
GOBIERNO REGIONAL,AGALLPAMPA,PUESTOS DE SALUD O POSTAS DE SALUD,LA LIBERTAD,OTUZCO,AGALLPAMPA,130602,I-4,,ACTIVADO
GOBIERNO REGIONAL,CRUZ DE MAYO,PUESTOS DE SALUD O POSTAS DE SALUD,LA LIBERTAD,OTUZCO,MACHE,130608,I-1,,ACTIVADO
GOBIERNO REGIONAL,TAMBILLO,PUESTOS DE SALUD O POSTAS DE SALUD,CAJAMARCA,CUTERVO,LA RAMADA,60605,I-1,,ACTIVADO
GOBIERNO REGIONAL,PUESTO DE SALUD VILLA MARIA,PUESTOS DE SALUD O POSTAS DE SALUD,ANCASH,SANTA,NUEVO CHIMBOTE,21809,I-2,,ACTIVADO
GOBIERNO REGIONAL,SAN CRISTOBAL,PUESTOS DE SALUD O POSTAS DE SALUD,CAJAMARCA,CAJAMARCA,MAGDALENA,60109,I-1,,ACTIVADO
GOBIERNO REGIONAL,CUNUAT,PUESTOS DE SALUD O POSTAS DE SALUD,CAJAMARCA,CUTERVO,CUJILLO,60604,I-1,,ACTIVADO
GOBIERNO REGIONAL,COSPAN,PUESTOS DE SALUD O POSTAS DE SALUD,CAJAMARCA,CAJAMARCA,COSPAN,60104,I-2,,ACTIVADO
GOBIERNO REGIONAL,SURO CHICO,PUESTOS DE SALUD O POSTAS DE SALUD,CAJAMARCA,CUTERVO,LA RAMADA,60605,I-1,,ACTIVADO
GOBIERNO REGIONAL,HUAMBOCANCHA ALTA,PUESTOS DE SALUD O POSTAS DE SALUD,CAJAMARCA,CAJAMARCA,CAJAMARCA,60101,I-1,,ACTIVADO
GOBIERNO REGIONAL,NUEVO HORIZONTE,PUESTOS DE SALUD O POSTAS DE SALUD,AMAZONAS,UTCUBAMBA,BAGUA GRANDE,10701,I-1,,ACTIVADO
GOBIERNO REGIONAL,LA PRIMAVERA,PUESTOS DE SALUD O POSTAS DE SALUD,AMAZONAS,BAGUA,BAGUA,10201,I-1,,ACTIVADO
GOBIERNO REGIONAL,VILLA MARIA,PUESTOS DE SALUD O POSTAS DE SALUD,LA LIBERTAD,JULCAN,CARABAMBA,130503,I-2,,ACTIVADO
GOBIERNO REGIONAL,CONGA EL VERDE,PUESTOS DE SALUD O POSTAS DE SALUD,CAJAMARCA,CHOTA,CHALAMARCA,60419,I-1,,ACTIVADO
GOBIERNO REGIONAL,PUESTO DE SALUD 3 DE OCTUBRE,PUESTOS DE SALUD O POSTAS DE SALUD,ANCASH,SANTA,NUEVO CHIMBOTE,21809,I-2,,ACTIVADO
GOBIERNO REGIONAL,YANAT,PUESTOS DE SALUD O POSTAS DE SALUD,AMAZONAS,BAGUA,IMAZA,10205,I-1,,ACTIVADO
GOBIERNO REGIONAL,MORROPON,PUESTOS DE SALUD O POSTAS DE SALUD,AMAZONAS,UTCUBAMBA,BAGUA GRANDE,10701,I-1,,ACTIVADO
GOBIERNO REGIONAL,PUESTO DE SALUD SATELITE,PUESTOS DE SALUD O POSTAS DE SALUD,ANCASH,SANTA,NUEVO CHIMBOTE,21809,I-2,,ACTIVADO
GOBIERNO REGIONAL,VISTA ALEGRE DE YAMON,CENTROS DE SALUD O CENTROS MEDICOS,AMAZONAS,UTCUBAMBA,YAMON,10707,I-3,,ACTIVADO
GOBIERNO REGIONAL,LUCMACUCHO,PUESTOS DE SALUD O POSTAS DE SALUD,CAJAMARCA,CAJAMARCA,CAJAMARCA,60101,I-1,,ACTIVADO
GOBIERNO REGIONAL,LAGUNA,PUESTOS DE SALUD O POSTAS DE SALUD,CAJAMARCA,CUTERVO,LA RAMADA,60605,I-1,,ACTIVADO
GOBIERNO REGIONAL,SAPUC,PUESTOS DE SALUD O POSTAS DE SALUD,CAJAMARCA,CAJAMARCA,ASUNCION,60102,I-1,,ACTIVADO
GOBIERNO REGIONAL,CAYANCHAL,PUESTOS DE SALUD O POSTAS DE SALUD,LA LIBERTAD,OTUZCO,CHARAT,130604,I-1,,ACTIVADO
GOBIERNO REGIONAL,MACHE,CENTROS DE SALUD O CENTROS MEDICOS,LA LIBERTAD,OTUZCO,MACHE,130608,I-3,,ACTIVADO
GOBIERNO REGIONAL,LA FLOR,PUESTOS DE SALUD O POSTAS DE SALUD,AMAZONAS,UTCUBAMBA,CUMBA,10703,I-1,,ACTIVADO
GOBIERNO REGIONAL,EL PORVENIR,PUESTOS DE SALUD O POSTAS DE SALUD,LA LIBERTAD,GRAN CHIMU,SAYAPULLO,131104,I-2,,ACTIVADO
GOBIERNO REGIONAL,EL TENDAL,PUESTOS DE SALUD O POSTAS DE SALUD,CAJAMARCA,CHOTA,ANGUIA,60402,I-1,,ACTIVADO
GOBIERNO REGIONAL,RECUAYCITO,PUESTOS DE SALUD O POSTAS DE SALUD,LA LIBERTAD,GRAN CHIMU,LUCMA,131102,I-2,,ACTIVADO
ESSALUD,HOSPITAL I HEROES DEL CENEPA,HOSPITALES O CLINICAS DE ATENCION GENERAL,AMAZONAS,BAGUA,BAGUA,10201,II-1,13.0,ACTIVADO
GOBIERNO REGIONAL,CARHUALLO,PUESTOS DE SALUD O POSTAS DE SALUD,CAJAMARCA,CUTERVO,LA RAMADA,60605,I-1,,ACTIVADO
GOBIERNO REGIONAL,HUAMBOCANCHA BAJA,CENTROS DE SALUD O CENTROS MEDICOS,CAJAMARCA,CAJAMARCA,CAJAMARCA,60101,I-3,,ACTIVADO
GOBIERNO REGIONAL,LLUIN,PUESTOS DE SALUD O POSTAS DE SALUD,LA LIBERTAD,OTUZCO,MACHE,130608,I-1,,ACTIVADO
GOBIERNO REGIONAL,BAGUA,CENTROS DE SALUD O CENTROS MEDICOS,AMAZONAS,BAGUA,BAGUA,10201,I-3,,ACTIVADO
GOBIERNO REGIONAL,HOSPITAL DE APOYO GUSTAVO LANATTA LUJAN,HOSPITALES O CLINICAS DE ATENCION GENERAL,AMAZONAS,BAGUA,BAGUA,10201,II-1,90.0,ACTIVADO
GOBIERNO REGIONAL,LABORATORIO DE REFERENCIA REGIONAL  EN SALUD PUBLICA BAGUA,CONSULTORIOS MEDICOS Y DE OTROS PROFESIONALES DE LA SALUD,AMAZONAS,BAGUA,BAGUA,10201,Sin Categoría,,ACTIVADO
GOBIERNO REGIONAL,BELLANDINA,PUESTOS DE SALUD O POSTAS DE SALUD,CAJAMARCA,CHOTA,CHALAMARCA,60419,I-1,,ACTIVADO
GOBIERNO REGIONAL,SAN JUAN DE DIOS,PUESTOS DE SALUD O POSTAS DE SALUD,AMAZONAS,BAGUA,ARAMANGO,10202,I-1,,ACTIVADO
GOBIERNO REGIONAL,YAMON,PUESTOS DE SALUD O POSTAS DE SALUD,AMAZONAS,UTCUBAMBA,YAMON,10707,I-1,,ACTIVADO
GOBIERNO REGIONAL,BAMBAMARCA - TITO VILLAR CABEZAS,HOSPITALES O CLINICAS DE ATENCION GENERAL,CAJAMARCA,HUALGAYOC,BAMBAMARCA,60701,II-1,23.0,ACTIVADO
GOBIERNO REGIONAL,EL MIRADOR,PUESTOS DE SALUD O POSTAS DE SALUD,CAJAMARCA,CHOTA,CHALAMARCA,60419,I-1,,ACTIVADO
GOBIERNO REGIONAL,PUESTO DE SALUD CASCAJAL,PUESTOS DE SALUD O POSTAS DE SALUD,ANCASH,SANTA,CHIMBOTE,21801,I-2,,ACTIVADO
GOBIERNO REGIONAL,ALLACDAY,PUESTOS DE SALUD O POSTAS DE SALUD,LA LIBERTAD,OTUZCO,OTUZCO,130601,I-1,,ACTIVADO
GOBIERNO REGIONAL,LLAUCAN,CENTROS DE SALUD O CENTROS MEDICOS,CAJAMARCA,HUALGAYOC,BAMBAMARCA,60701,I-3,,ACTIVADO
GOBIERNO REGIONAL,SAMANACRUZ,PUESTOS DE SALUD O POSTAS DE SALUD,CAJAMARCA,CAJAMARCA,CAJAMARCA,60101,I-1,,ACTIVADO
GOBIERNO REGIONAL,PUESTO DE SALUD YANACANCHA GRANDE,PUESTOS DE SALUD O POSTAS DE SALUD,CAJAMARCA,CAJAMARCA,ENCAÑADA,60105,I-1,,ACTIVADO
GOBIERNO REGIONAL,PUYAYA,PUESTOS DE SALUD O POSTAS DE SALUD,CAJAMARCA,JAEN,SANTA ROSA,60812,I-1,,ACTIVADO
GOBIERNO REGIONAL,LA LLICA,PUESTOS DE SALUD O POSTAS DE SALUD,CAJAMARCA,HUALGAYOC,BAMBAMARCA,60701,I-1,,ACTIVADO
GOBIERNO REGIONAL,CHONTAPACCHA,PUESTOS DE SALUD O POSTAS DE SALUD,CAJAMARCA,CAJAMARCA,CAJAMARCA,60101,I-2,,ACTIVADO
GOBIERNO REGIONAL,ATAHUALPA,PUESTOS DE SALUD O POSTAS DE SALUD,CAJAMARCA,CAJAMARCA,CAJAMARCA,60101,I-1,,ACTIVADO
GOBIERNO REGIONAL,SAN JUAN DE LACAMACA,CENTROS DE SALUD O CENTROS MEDICOS,CAJAMARCA,HUALGAYOC,BAMBAMARCA,60701,I-3,,ACTIVADO
ESSALUD,HOSPITAL I CONO SUR,HOSPITALES O CLINICAS DE ATENCION GENERAL,ANCASH,SANTA,NUEVO CHIMBOTE,21809,I-4,5.0,ACTIVADO
GOBIERNO REGIONAL,WAYAMPIAK,CENTROS DE SALUD O CENTROS MEDICOS,AMAZONAS,BAGUA,IMAZA,10205,I-3,,ACTIVADO
GOBIERNO REGIONAL,CHIJA,PUESTOS DE SALUD O POSTAS DE SALUD,AMAZONAS,BAGUA,IMAZA,10205,I-1,,ACTIVADO
GOBIERNO REGIONAL,AYLAMBO,PUESTOS DE SALUD O POSTAS DE SALUD,CAJAMARCA,CAJAMARCA,CAJAMARCA,60101,I-1,,ACTIVADO
GOBIERNO REGIONAL,YANACANCHA BAJA,PUESTOS DE SALUD O POSTAS DE SALUD,CAJAMARCA,CAJAMARCA,ENCAÑADA,60105,I-1,,ACTIVADO
GOBIERNO REGIONAL,MONTANGO,PUESTOS DE SALUD O POSTAS DE SALUD,CAJAMARCA,JAEN,SANTA ROSA,60812,I-1,,ACTIVADO
GOBIERNO REGIONAL,HUARANGOPAMPA,PUESTOS DE SALUD O POSTAS DE SALUD,AMAZONAS,UTCUBAMBA,EL MILAGRO,10704,I-1,,ACTIVADO
GOBIERNO REGIONAL,ELEAZAR GUZMAN BARRON,HOSPITALES O CLINICAS DE ATENCION GENERAL,ANCASH,SANTA,NUEVO CHIMBOTE,21809,II-2,150.0,ACTIVADO
GOBIERNO REGIONAL,TANGUCHE,PUESTOS DE SALUD O POSTAS DE SALUD,LA LIBERTAD,VIRU,CHAO,131202,I-1,,ACTIVADO
GOBIERNO REGIONAL,PUEBLO NUEVO DE YAMON,PUESTOS DE SALUD O POSTAS DE SALUD,AMAZONAS,UTCUBAMBA,YAMON,10707,I-1,,ACTIVADO
GOBIERNO REGIONAL,CENTRO DE SALUD YUGOSLAVIA,CENTROS DE SALUD CON CAMAS DE INTERNAMIENTO,ANCASH,SANTA,NUEVO CHIMBOTE,21809,I-4,,ACTIVADO
GOBIERNO REGIONAL,EL VERDE,PUESTOS DE SALUD O POSTAS DE SALUD,CAJAMARCA,CHOTA,CHALAMARCA,60419,I-2,,ACTIVADO
GOBIERNO REGIONAL,ASUNCION,PUESTOS DE SALUD O POSTAS DE SALUD,CAJAMARCA,CAJAMARCA,ASUNCION,60102,I-2,,ACTIVADO
GOBIERNO REGIONAL,VIRGEN DEL CARMEN,CENTROS DE SALUD O CENTROS MEDICOS,CAJAMARCA,HUALGAYOC,BAMBAMARCA,60701,I-3,,ACTIVADO
GOBIERNO REGIONAL,CARATA,PUESTOS DE SALUD O POSTAS DE SALUD,LA LIBERTAD,OTUZCO,AGALLPAMPA,130602,I-1,,ACTIVADO
GOBIERNO REGIONAL,PURUAY ALTO,PUESTOS DE SALUD O POSTAS DE SALUD,CAJAMARCA,CAJAMARCA,CAJAMARCA,60101,I-1,,ACTIVADO
GOBIERNO REGIONAL,PUESTO DE SALUD 14 INCAS,PUESTOS DE SALUD O POSTAS DE SALUD,ANCASH,SANTA,CHIMBOTE,21801,I-1,,ACTIVADO
GOBIERNO REGIONAL,EL PINTOR,PUESTOS DE SALUD O POSTAS DE SALUD,AMAZONAS,UTCUBAMBA,BAGUA GRANDE,10701,I-1,,ACTIVADO
GOBIERNO REGIONAL,ZAPOTAL,PUESTOS DE SALUD O POSTAS DE SALUD,AMAZONAS,BAGUA,ARAMANGO,10202,I-1,,ACTIVADO
GOBIERNO REGIONAL,LA PUCARA,CENTROS DE SALUD O CENTROS MEDICOS,CAJAMARCA,CHOTA,TACABAMBA,60417,I-3,,ACTIVADO
GOBIERNO REGIONAL,LA HUALANGA,PUESTOS DE SALUD O POSTAS DE SALUD,CAJAMARCA,HUALGAYOC,BAMBAMARCA,60701,I-2,,ACTIVADO
GOBIERNO REGIONAL,LABORATORIO DE REFERENCIA REGIONAL DE SALUD PUBLICA,PATOLOGIA CLINICA,CAJAMARCA,CAJAMARCA,CAJAMARCA,60101,Sin Categoría,0.0,ACTIVADO
GOBIERNO REGIONAL,MICAELA BASTIDAS,PUESTOS DE SALUD O POSTAS DE SALUD,CAJAMARCA,CAJAMARCA,CAJAMARCA,60101,I-2,,ACTIVADO
GOBIERNO REGIONAL,SIMON BOLIVAR,CENTROS DE SALUD CON CAMAS DE INTERNAMIENTO,CAJAMARCA,CAJAMARCA,CAJAMARCA,60101,I-4,,ACTIVADO
ESSALUD,HOSPITAL II CAJAMARCA,HOSPITALES O CLINICAS DE ATENCION ESPECIALIZADA,CAJAMARCA,CAJAMARCA,CAJAMARCA,60101,II-2,,ACTIVADO
GOBIERNO REGIONAL,MARCO LAGUNA,PUESTOS DE SALUD O POSTAS DE SALUD,CAJAMARCA,HUALGAYOC,BAMBAMARCA,60701,I-1,,ACTIVADO
GOBIERNO REGIONAL,TOMAQUE,PUESTOS DE SALUD O POSTAS DE SALUD,AMAZONAS,BAGUA,BAGUA,10201,I-1,,ACTIVADO
GOBIERNO REGIONAL,MASINTRANCA,PUESTOS DE SALUD O POSTAS DE SALUD,CAJAMARCA,CHOTA,CHALAMARCA,60419,I-2,,ACTIVADO
GOBIERNO REGIONAL,PUESTO DE SALUD NICOLAS DE GARATEA,PUESTOS DE SALUD O POSTAS DE SALUD,ANCASH,SANTA,NUEVO CHIMBOTE,21809,I-2,,ACTIVADO
GOBIERNO REGIONAL,SANTA BARBARA,PUESTOS DE SALUD O POSTAS DE SALUD,CAJAMARCA,CAJAMARCA,LOS BAÑOS DEL INCA,60108,I-2,,ACTIVADO
GOBIERNO REGIONAL,SAN AGUSTIN,PUESTOS DE SALUD O POSTAS DE SALUD,LA LIBERTAD,JULCAN,JULCAN,130501,I-2,,ACTIVADO
GOBIERNO REGIONAL,MOTIL,PUESTOS DE SALUD O POSTAS DE SALUD,LA LIBERTAD,OTUZCO,AGALLPAMPA,130602,I-1,,ACTIVADO
GOBIERNO REGIONAL,SANTA TERESA,PUESTOS DE SALUD O POSTAS DE SALUD,LA LIBERTAD,JULCAN,JULCAN,130501,I-2,,ACTIVADO
GOBIERNO REGIONAL,CHICOLON BAJO,PUESTOS DE SALUD O POSTAS DE SALUD,CAJAMARCA,HUALGAYOC,BAMBAMARCA,60701,I-1,,ACTIVADO
GOBIERNO REGIONAL,SAN ISIDRO,PUESTOS DE SALUD O POSTAS DE SALUD,LA LIBERTAD,OTUZCO,OTUZCO,130601,I-1,,ACTIVADO
GOBIERNO REGIONAL,SIJIAK,PUESTOS DE SALUD O POSTAS DE SALUD,AMAZONAS,BAGUA,IMAZA,10205,I-1,,ACTIVADO
GOBIERNO REGIONAL,ESPITAL,PUESTOS DE SALUD O POSTAS DE SALUD,AMAZONAS,BAGUA,BAGUA,10201,I-1,,ACTIVADO
GOBIERNO REGIONAL,NUMBRAL,PUESTOS DE SALUD O POSTAS DE SALUD,CAJAMARCA,CHOTA,CHALAMARCA,60419,I-1,,ACTIVADO
GOBIERNO REGIONAL,JALCA NUNGO,PUESTOS DE SALUD O POSTAS DE SALUD,CAJAMARCA,CHOTA,TACABAMBA,60417,I-1,,ACTIVADO
GOBIERNO REGIONAL,LA IRAKA,PUESTOS DE SALUD O POSTAS DE SALUD,CAJAMARCA,CHOTA,PION,60414,I-1,,ACTIVADO
GOBIERNO REGIONAL,BUENA VISTA,PUESTOS DE SALUD O POSTAS DE SALUD,AMAZONAS,UTCUBAMBA,BAGUA GRANDE,10701,I-2,,ACTIVADO
GOBIERNO REGIONAL,PUESTO DE SALUD CHACHAPOYAS,PUESTOS DE SALUD O POSTAS DE SALUD,ANCASH,SANTA,CHIMBOTE,21801,I-1,,ACTIVADO
ESSALUD,POSTA MEDICA YAURICOCHA,PUESTOS DE SALUD O POSTAS DE SALUD,LIMA,YAUYOS,ALIS,151002,Sin Categoría,,ACTIVADO
GOBIERNO REGIONAL,HUAYOBAMBA,PUESTOS DE SALUD O POSTAS DE SALUD,LA LIBERTAD,OTUZCO,HUARANCHAL,130605,I-2,,ACTIVADO
GOBIERNO REGIONAL,NARANJOS,PUESTOS DE SALUD O POSTAS DE SALUD,AMAZONAS,BAGUA,BAGUA,10201,I-1,,ACTIVADO
GOBIERNO REGIONAL,PUESTO DE SALUD SAMANCO,PUESTOS DE SALUD O POSTAS DE SALUD,ANCASH,SANTA,SAMANCO,21807,I-2,,ACTIVADO
GOBIERNO REGIONAL,HUAYRASITANA,PUESTOS DE SALUD O POSTAS DE SALUD,CAJAMARCA,CHOTA,CHALAMARCA,60419,I-1,,ACTIVADO
GOBIERNO REGIONAL,SAN JUAN,CENTROS DE SALUD O CENTROS MEDICOS,CAJAMARCA,CAJAMARCA,SAN JUAN,60112,I-3,,ACTIVADO
GOBIERNO REGIONAL,EL PALTO,CENTROS DE SALUD O CENTROS MEDICOS,AMAZONAS,UTCUBAMBA,YAMON,10707,I-3,,ACTIVADO
GOBIERNO REGIONAL,QUINUA BAJA,PUESTOS DE SALUD O POSTAS DE SALUD,CAJAMARCA,HUALGAYOC,BAMBAMARCA,60701,I-1,,ACTIVADO
GOBIERNO REGIONAL,LOS LIMONES,PUESTOS DE SALUD O POSTAS DE SALUD,CAJAMARCA,CHOTA,PION,60414,I-1,,ACTIVADO
GOBIERNO REGIONAL,MIRAFLORES DE BUENAVISTA,PUESTOS DE SALUD O POSTAS DE SALUD,AMAZONAS,UTCUBAMBA,BAGUA GRANDE,10701,I-1,,ACTIVADO
GOBIERNO REGIONAL,ZAPATALGO,PUESTOS DE SALUD O POSTAS DE SALUD,AMAZONAS,UTCUBAMBA,LONYA GRANDE,10706,I-1,,ACTIVADO
GOBIERNO REGIONAL,ROSASPAMPA,PUESTOS DE SALUD O POSTAS DE SALUD,CAJAMARCA,CHOTA,CHALAMARCA,60419,I-1,,ACTIVADO
GOBIERNO REGIONAL,CRUCE ALENYA,PUESTOS DE SALUD O POSTAS DE SALUD,AMAZONAS,BAGUA,BAGUA,10201,I-1,,ACTIVADO
GOBIERNO REGIONAL,SUSANGATE,PUESTOS DE SALUD O POSTAS DE SALUD,CAJAMARCA,CHOTA,CHIMBAN,60405,I-1,,ACTIVADO
GOBIERNO REGIONAL,PARIAMARCA,PUESTOS DE SALUD O POSTAS DE SALUD,CAJAMARCA,CAJAMARCA,CAJAMARCA,60101,I-1,,ACTIVADO
GOBIERNO REGIONAL,LA VICTORIA,CENTROS DE SALUD O CENTROS MEDICOS,AMAZONAS,UTCUBAMBA,BAGUA GRANDE,10701,I-3,,ACTIVADO
GOBIERNO REGIONAL,REGIONAL CAJAMARCA,HOSPITALES O CLINICAS DE ATENCION GENERAL,CAJAMARCA,CAJAMARCA,CAJAMARCA,60101,II-2,184.0,ACTIVADO
GOBIERNO REGIONAL,SHAIM,PUESTOS DE SALUD O POSTAS DE SALUD,AMAZONAS,BAGUA,ARAMANGO,10202,I-1,,ACTIVADO
GOBIERNO REGIONAL,LA LIBERTAD,PUESTOS DE SALUD O POSTAS DE SALUD,AMAZONAS,BAGUA,ARAMANGO,10202,I-1,,ACTIVADO
GOBIERNO REGIONAL,PACHACUTEC,CENTROS DE SALUD CON CAMAS DE INTERNAMIENTO,CAJAMARCA,CAJAMARCA,CAJAMARCA,60101,I-4,,ACTIVADO
GOBIERNO REGIONAL,PATA PATA,PUESTOS DE SALUD O POSTAS DE SALUD,CAJAMARCA,CAJAMARCA,CAJAMARCA,60101,I-1,,ACTIVADO
GOBIERNO REGIONAL,SAN JORGE,PUESTOS DE SALUD O POSTAS DE SALUD,CAJAMARCA,CAJAMARCA,COSPAN,60104,I-1,,ACTIVADO
GOBIERNO REGIONAL,HOSPITAL PROVINCIAL DE JULCAN,HOSPITALES O CLINICAS DE ATENCION GENERAL,LA LIBERTAD,JULCAN,JULCAN,130501,II-1,15.0,ACTIVADO
GOBIERNO REGIONAL,LA UNION,PUESTOS DE SALUD O POSTAS DE SALUD,AMAZONAS,UTCUBAMBA,LONYA GRANDE,10706,I-1,,ACTIVADO
GOBIERNO REGIONAL,NOGAL,PUESTOS DE SALUD O POSTAS DE SALUD,CAJAMARCA,CHOTA,CHALAMARCA,60419,I-1,,ACTIVADO
GOBIERNO REGIONAL,UNION PROGRESO,PUESTOS DE SALUD O POSTAS DE SALUD,AMAZONAS,BAGUA,EL PARCO,10204,I-1,,ACTIVADO
GOBIERNO REGIONAL,SANTA ROSA,PUESTOS DE SALUD O POSTAS DE SALUD,CAJAMARCA,CHOTA,PION,60414,I-1,,ACTIVADO
GOBIERNO REGIONAL,PION,PUESTOS DE SALUD O POSTAS DE SALUD,CAJAMARCA,CHOTA,PION,60414,I-2,,ACTIVADO
GOBIERNO REGIONAL,CHALAMARCA,CENTROS DE SALUD O CENTROS MEDICOS,CAJAMARCA,CHOTA,CHALAMARCA,60419,I-3,,ACTIVADO
GOBIERNO REGIONAL,SAN ISIDRO,PUESTOS DE SALUD O POSTAS DE SALUD,AMAZONAS,BAGUA,LA PECA,10206,I-1,,ACTIVADO
GOBIERNO REGIONAL,TOLOPAMPA,PUESTOS DE SALUD O POSTAS DE SALUD,AMAZONAS,BAGUA,EL PARCO,10204,I-1,,ACTIVADO
GOBIERNO REGIONAL,CHANTA ALTA (CLAS),PUESTOS DE SALUD O POSTAS DE SALUD,CAJAMARCA,CAJAMARCA,ENCAÑADA,60105,I-1,,ACTIVADO
GOBIERNO REGIONAL,SAN JOSE DE CHIMBAN,PUESTOS DE SALUD O POSTAS DE SALUD,CAJAMARCA,CHOTA,CHIMBAN,60405,I-1,,ACTIVADO
GOBIERNO REGIONAL,CALLANCAS,CENTROS DE SALUD O CENTROS MEDICOS,LA LIBERTAD,OTUZCO,CHARAT,130604,I-3,,ACTIVADO
GOBIERNO REGIONAL,CHOTA,PUESTOS DE SALUD O POSTAS DE SALUD,LA LIBERTAD,OTUZCO,AGALLPAMPA,130602,I-2,3.0,ACTIVADO
GOBIERNO REGIONAL,CHOROBAL,PUESTOS DE SALUD O POSTAS DE SALUD,LA LIBERTAD,VIRU,CHAO,131202,I-1,,ACTIVADO
GOBIERNO REGIONAL,ALENYA,PUESTOS DE SALUD O POSTAS DE SALUD,AMAZONAS,BAGUA,COPALLIN,10203,I-1,,ACTIVADO
GOBIERNO REGIONAL,SHAMATAK GRANDE,PUESTOS DE SALUD O POSTAS DE SALUD,AMAZONAS,CONDORCANQUI,EL CENEPA,10402,I-1,,ACTIVADO
GOBIERNO REGIONAL,TALLAMAC,PUESTOS DE SALUD O POSTAS DE SALUD,CAJAMARCA,HUALGAYOC,BAMBAMARCA,60701,I-1,,ACTIVADO
GOBIERNO REGIONAL,EL TAMBO,CENTROS DE SALUD O CENTROS MEDICOS,CAJAMARCA,HUALGAYOC,BAMBAMARCA,60701,I-3,,ACTIVADO
GOBIERNO REGIONAL,CHIMBAN,CENTROS DE SALUD O CENTROS MEDICOS,CAJAMARCA,CHOTA,CHIMBAN,60405,I-3,,ACTIVADO
GOBIERNO REGIONAL,PUSOC,PUESTOS DE SALUD O POSTAS DE SALUD,CAJAMARCA,HUALGAYOC,BAMBAMARCA,60701,I-1,,ACTIVADO
GOBIERNO REGIONAL,EL PARCO,CENTROS DE SALUD O CENTROS MEDICOS,AMAZONAS,BAGUA,EL PARCO,10204,I-3,,ACTIVADO
GOBIERNO REGIONAL,PUESTO DE SALUD LOS CHIMUS,PUESTOS DE SALUD O POSTAS DE SALUD,ANCASH,SANTA,SAMANCO,21807,I-1,,ACTIVADO
GOBIERNO REGIONAL,EL ROMERO,PUESTOS DE SALUD O POSTAS DE SALUD,CAJAMARCA,HUALGAYOC,BAMBAMARCA,60701,I-1,,ACTIVADO
GOBIERNO REGIONAL,LA HUAYLLA,PUESTOS DE SALUD O POSTAS DE SALUD,CAJAMARCA,HUALGAYOC,BAMBAMARCA,60701,I-1,,ACTIVADO
GOBIERNO REGIONAL,MONCHACAP,PUESTOS DE SALUD O POSTAS DE SALUD,LA LIBERTAD,OTUZCO,USQUIL,130614,I-2,,ACTIVADO
GOBIERNO REGIONAL,AGOCUCHO,PUESTOS DE SALUD O POSTAS DE SALUD,CAJAMARCA,CAJAMARCA,CAJAMARCA,60101,I-1,,ACTIVADO
GOBIERNO REGIONAL,EL ENTERADOR,PUESTOS DE SALUD O POSTAS DE SALUD,CAJAMARCA,HUALGAYOC,BAMBAMARCA,60701,I-1,,ACTIVADO
GOBIERNO REGIONAL,EL BALCON,PUESTOS DE SALUD O POSTAS DE SALUD,AMAZONAS,UTCUBAMBA,BAGUA GRANDE,10701,I-1,,ACTIVADO
GOBIERNO REGIONAL,LA MORADA,PUESTOS DE SALUD O POSTAS DE SALUD,LA LIBERTAD,OTUZCO,AGALLPAMPA,130602,I-1,,ACTIVADO
GOBIERNO REGIONAL,LA RAMADA,PUESTOS DE SALUD O POSTAS DE SALUD,LA LIBERTAD,OTUZCO,CHARAT,130604,I-1,,ACTIVADO
GOBIERNO REGIONAL,BAÑOS DEL INCA,CENTROS DE SALUD CON CAMAS DE INTERNAMIENTO,CAJAMARCA,CAJAMARCA,LOS BAÑOS DEL INCA,60108,I-4,,ACTIVADO
GOBIERNO REGIONAL,SAYAPULLO,CENTROS DE SALUD O CENTROS MEDICOS,LA LIBERTAD,GRAN CHIMU,SAYAPULLO,131104,I-3,,ACTIVADO
GOBIERNO REGIONAL,HUILCATE,PUESTOS DE SALUD O POSTAS DE SALUD,CAJAMARCA,HUALGAYOC,BAMBAMARCA,60701,I-1,,ACTIVADO
GOBIERNO REGIONAL,LUCMAR,PUESTOS DE SALUD O POSTAS DE SALUD,CAJAMARCA,CHOTA,CHALAMARCA,60419,I-1,,ACTIVADO
GOBIERNO REGIONAL,PAMPA ENTZA,PUESTOS DE SALUD O POSTAS DE SALUD,AMAZONAS,CONDORCANQUI,EL CENEPA,10402,I-1,,ACTIVADO
GOBIERNO REGIONAL,SAN MIGUEL,PUESTOS DE SALUD O POSTAS DE SALUD,AMAZONAS,UTCUBAMBA,LONYA GRANDE,10706,I-1,,ACTIVADO
GOBIERNO REGIONAL,HUAYLLAGUAL,PUESTOS DE SALUD O POSTAS DE SALUD,CAJAMARCA,CAJAMARCA,ASUNCION,60102,I-1,,ACTIVADO
GOBIERNO REGIONAL,LA COLPA,PUESTOS DE SALUD O POSTAS DE SALUD,CAJAMARCA,CHOTA,CHALAMARCA,60419,I-1,,ACTIVADO
GOBIERNO REGIONAL,CHUGURPAMPA,PUESTOS DE SALUD O POSTAS DE SALUD,LA LIBERTAD,JULCAN,JULCAN,130501,I-2,,ACTIVADO
GOBIERNO REGIONAL,HUANGAMARCA,PUESTOS DE SALUD O POSTAS DE SALUD,CAJAMARCA,HUALGAYOC,BAMBAMARCA,60701,I-2,,ACTIVADO
GOBIERNO REGIONAL,COPALLIN DE ARAMANGO,PUESTOS DE SALUD O POSTAS DE SALUD,AMAZONAS,BAGUA,ARAMANGO,10202,I-1,,ACTIVADO
GOBIERNO REGIONAL,ACHUIM,PUESTOS DE SALUD O POSTAS DE SALUD,AMAZONAS,CONDORCANQUI,EL CENEPA,10402,I-1,,ACTIVADO
GOBIERNO REGIONAL,EL MUYO,CENTROS DE SALUD O CENTROS MEDICOS,AMAZONAS,BAGUA,ARAMANGO,10202,I-3,,ACTIVADO
GOBIERNO REGIONAL,TUTUMBEROS,PUESTOS DE SALUD O POSTAS DE SALUD,AMAZONAS,BAGUA,ARAMANGO,10202,I-1,,ACTIVADO
GOBIERNO REGIONAL,SAN AGUSTIN,PUESTOS DE SALUD O POSTAS DE SALUD,LA LIBERTAD,OTUZCO,AGALLPAMPA,130602,I-1,,ACTIVADO
GOBIERNO REGIONAL,SAN RAMON,PUESTOS DE SALUD O POSTAS DE SALUD,AMAZONAS,UTCUBAMBA,YAMON,10707,I-1,,ACTIVADO
GOBIERNO REGIONAL,PARUQUE BAJO,PUESTOS DE SALUD O POSTAS DE SALUD,LA LIBERTAD,JULCAN,JULCAN,130501,I-2,,ACTIVADO
GOBIERNO REGIONAL,SANTA CLARA,PUESTOS DE SALUD O POSTAS DE SALUD,AMAZONAS,BAGUA,ARAMANGO,10202,I-1,,ACTIVADO
GOBIERNO REGIONAL,EL NARANJO (CHALAMARCA),PUESTOS DE SALUD O POSTAS DE SALUD,CAJAMARCA,CHOTA,CHALAMARCA,60419,I-1,,ACTIVADO
GOBIERNO REGIONAL,UTCUBAMBA,PUESTOS DE SALUD O POSTAS DE SALUD,AMAZONAS,UTCUBAMBA,BAGUA GRANDE,10701,I-3,,ACTIVADO
GOBIERNO REGIONAL,CHINGANZA,PUESTOS DE SALUD O POSTAS DE SALUD,AMAZONAS,BAGUA,ARAMANGO,10202,I-1,,ACTIVADO
GOBIERNO REGIONAL,SAN FRANCISCO,PUESTOS DE SALUD O POSTAS DE SALUD,AMAZONAS,BAGUA,LA PECA,10206,I-1,,ACTIVADO
GOBIERNO REGIONAL,CHARAT,PUESTOS DE SALUD O POSTAS DE SALUD,LA LIBERTAD,OTUZCO,CHARAT,130604,I-2,,ACTIVADO
GOBIERNO REGIONAL,ALTO PERU,PUESTOS DE SALUD O POSTAS DE SALUD,AMAZONAS,UTCUBAMBA,BAGUA GRANDE,10701,I-2,,ACTIVADO
GOBIERNO REGIONAL,ROSAPAMPA,PUESTOS DE SALUD O POSTAS DE SALUD,AMAZONAS,UTCUBAMBA,BAGUA GRANDE,10701,I-1,,ACTIVADO
GOBIERNO REGIONAL,CAMPO ALEGRE,PUESTOS DE SALUD O POSTAS DE SALUD,AMAZONAS,UTCUBAMBA,BAGUA GRANDE,10701,I-1,,ACTIVADO
GOBIERNO REGIONAL,MIRAFLORES (BAMBAMARCA),PUESTOS DE SALUD O POSTAS DE SALUD,CAJAMARCA,HUALGAYOC,BAMBAMARCA,60701,I-1,,ACTIVADO
GOBIERNO REGIONAL,OTUZCO,PUESTOS DE SALUD O POSTAS DE SALUD,CAJAMARCA,CAJAMARCA,LOS BAÑOS DEL INCA,60108,I-2,,ACTIVADO
GOBIERNO REGIONAL,CAMPO BONITO,PUESTOS DE SALUD O POSTAS DE SALUD,AMAZONAS,BAGUA,ARAMANGO,10202,I-1,,ACTIVADO
GOBIERNO REGIONAL,PARAISO,PUESTOS DE SALUD O POSTAS DE SALUD,LA LIBERTAD,OTUZCO,AGALLPAMPA,130602,I-2,,ACTIVADO
GOBIERNO REGIONAL,LA COLPA LLAUCAN,PUESTOS DE SALUD O POSTAS DE SALUD,CAJAMARCA,HUALGAYOC,BAMBAMARCA,60701,I-2,,ACTIVADO
GOBIERNO REGIONAL,HUARANCHAL,PUESTOS DE SALUD O POSTAS DE SALUD,LA LIBERTAD,OTUZCO,HUARANCHAL,130605,I-2,,ACTIVADO
GOBIERNO REGIONAL,COLLICATE,CENTROS DE SALUD O CENTROS MEDICOS,AMAZONAS,UTCUBAMBA,BAGUA GRANDE,10701,I-3,,ACTIVADO
GOBIERNO REGIONAL,ARRAYAN,PUESTOS DE SALUD O POSTAS DE SALUD,AMAZONAS,BAGUA,LA PECA,10206,I-1,,ACTIVADO
GOBIERNO REGIONAL,SEXE,PUESTOS DE SALUD O POSTAS DE SALUD,CAJAMARCA,HUALGAYOC,BAMBAMARCA,60701,I-1,,ACTIVADO
GOBIERNO REGIONAL,LA COLPA,PUESTOS DE SALUD O POSTAS DE SALUD,LA LIBERTAD,GRAN CHIMU,SAYAPULLO,131104,I-2,,ACTIVADO
GOBIERNO REGIONAL,NAJEM,PUESTOS DE SALUD O POSTAS DE SALUD,AMAZONAS,BAGUA,ARAMANGO,10202,I-1,,ACTIVADO
GOBIERNO REGIONAL,HOSPITAL DE APOYO I SANTIAGO APOSTOL DE UTCUBAMBA,HOSPITALES O CLINICAS DE ATENCION GENERAL,AMAZONAS,UTCUBAMBA,BAGUA GRANDE,10701,II-1,44.0,ACTIVADO
GOBIERNO REGIONAL,EL TUCO,PUESTOS DE SALUD O POSTAS DE SALUD,CAJAMARCA,HUALGAYOC,BAMBAMARCA,60701,I-1,,ACTIVADO
GOBIERNO REGIONAL,EL PANDE,PUESTOS DE SALUD O POSTAS DE SALUD,CAJAMARCA,CHOTA,CHIMBAN,60405,I-1,,ACTIVADO
GOBIERNO REGIONAL,APALIN ALTO,PUESTOS DE SALUD O POSTAS DE SALUD,CAJAMARCA,CAJAMARCA,LOS BAÑOS DEL INCA,60108,I-1,,ACTIVADO
GOBIERNO REGIONAL,SANTA CLARA,PUESTOS DE SALUD O POSTAS DE SALUD,AMAZONAS,UTCUBAMBA,BAGUA GRANDE,10701,I-1,,ACTIVADO
GOBIERNO REGIONAL,LA PECA,CENTROS DE SALUD O CENTROS MEDICOS,AMAZONAS,BAGUA,LA PECA,10206,I-3,,ACTIVADO
GOBIERNO REGIONAL,ATOSHAICO,PUESTOS DE SALUD O POSTAS DE SALUD,CAJAMARCA,HUALGAYOC,BAMBAMARCA,60701,I-1,,ACTIVADO
GOBIERNO REGIONAL,PUESTO DE SALUD HUAMBACHO,PUESTOS DE SALUD O POSTAS DE SALUD,ANCASH,SANTA,SAMANCO,21807,I-1,,ACTIVADO
GOBIERNO REGIONAL,CUENCA DEL RIO LLAUCANO,PUESTOS DE SALUD O POSTAS DE SALUD,CAJAMARCA,CHOTA,PACCHA,60413,I-1,,ACTIVADO
GOBIERNO REGIONAL,MAVILA MONTENEGRO MORI,CENTROS DE SALUD CON CAMAS DE INTERNAMIENTO,AMAZONAS,UTCUBAMBA,BAGUA GRANDE,10701,I-4,,ACTIVADO
GOBIERNO REGIONAL,CUSHCANDAY,PUESTOS DE SALUD O POSTAS DE SALUD,LA LIBERTAD,OTUZCO,AGALLPAMPA,130602,I-1,,ACTIVADO
GOBIERNO REGIONAL,LA VEGA,PUESTOS DE SALUD O POSTAS DE SALUD,LA LIBERTAD,JULCAN,HUASO,130504,I-2,,ACTIVADO
GOBIERNO REGIONAL,SAN ANTONIO,PUESTOS DE SALUD O POSTAS DE SALUD,LA LIBERTAD,JULCAN,JULCAN,130501,I-2,,ACTIVADO
GOBIERNO REGIONAL,VISTA HERMOSA,PUESTOS DE SALUD O POSTAS DE SALUD,AMAZONAS,UTCUBAMBA,BAGUA GRANDE,10701,I-1,,ACTIVADO
GOBIERNO REGIONAL,CANRAZ,CENTROS DE SALUD O CENTROS MEDICOS,LA LIBERTAD,JULCAN,HUASO,130504,I-3,3.0,ACTIVADO
GOBIERNO REGIONAL,CAJARURO,CENTROS DE SALUD O CENTROS MEDICOS,AMAZONAS,UTCUBAMBA,CAJARURO,10702,I-3,,ACTIVADO
GOBIERNO REGIONAL,YANAMARCA,PUESTOS DE SALUD O POSTAS DE SALUD,CAJAMARCA,CAJAMARCA,JESUS,60106,I-1,,ACTIVADO
GOBIERNO REGIONAL,HUACATAZ,PUESTOS DE SALUD O POSTAS DE SALUD,CAJAMARCA,CAJAMARCA,LOS BAÑOS DEL INCA,60108,I-1,,ACTIVADO
GOBIERNO REGIONAL,CHOCONDAY,PUESTOS DE SALUD O POSTAS DE SALUD,LA LIBERTAD,OTUZCO,USQUIL,130614,I-1,,ACTIVADO
GOBIERNO REGIONAL,MONTENEGRO,PUESTOS DE SALUD O POSTAS DE SALUD,AMAZONAS,BAGUA,ARAMANGO,10202,I-1,,ACTIVADO
GOBIERNO REGIONAL,KUNCHIN,PUESTOS DE SALUD O POSTAS DE SALUD,AMAZONAS,BAGUA,IMAZA,10205,I-2,,ACTIVADO
GOBIERNO REGIONAL,PAIHUAL,PUESTOS DE SALUD O POSTAS DE SALUD,LA LIBERTAD,OTUZCO,AGALLPAMPA,130602,I-1,,ACTIVADO
GOBIERNO REGIONAL,EL PORVENIR DE ARAMANGO,CENTROS DE SALUD O CENTROS MEDICOS,AMAZONAS,BAGUA,ARAMANGO,10202,I-3,,ACTIVADO
GOBIERNO REGIONAL,VISTA ALEGRE,PUESTOS DE SALUD O POSTAS DE SALUD,CAJAMARCA,CHOTA,PACCHA,60413,I-1,,ACTIVADO
GOBIERNO REGIONAL,SAN LUIS,PUESTOS DE SALUD O POSTAS DE SALUD,AMAZONAS,UTCUBAMBA,BAGUA GRANDE,10701,I-2,,ACTIVADO
GOBIERNO REGIONAL,LLACANORA,PUESTOS DE SALUD O POSTAS DE SALUD,CAJAMARCA,CAJAMARCA,LLACANORA,60107,I-2,,ACTIVADO
GOBIERNO REGIONAL,TOMOCHO,PUESTOS DE SALUD O POSTAS DE SALUD,AMAZONAS,UTCUBAMBA,BAGUA GRANDE,10701,I-1,,ACTIVADO
GOBIERNO REGIONAL,AYANGAY,CENTROS DE SALUD O CENTROS MEDICOS,LA LIBERTAD,JULCAN,JULCAN,130501,I-3,,ACTIVADO
GOBIERNO REGIONAL,COPALLIN,CENTROS DE SALUD O CENTROS MEDICOS,AMAZONAS,BAGUA,COPALLIN,10203,I-3,,ACTIVADO
GOBIERNO REGIONAL,LUICHUPUCRO BAJO,PUESTOS DE SALUD O POSTAS DE SALUD,CAJAMARCA,CAJAMARCA,LOS BAÑOS DEL INCA,60108,I-1,,ACTIVADO
GOBIERNO REGIONAL,EL TRIUNFO,PUESTOS DE SALUD O POSTAS DE SALUD,AMAZONAS,BAGUA,LA PECA,10206,I-1,,ACTIVADO
GOBIERNO REGIONAL,LONYA GRANDE,CENTROS DE SALUD O CENTROS MEDICOS,AMAZONAS,UTCUBAMBA,LONYA GRANDE,10706,I-3,,ACTIVADO
GOBIERNO REGIONAL,ALISOPAMPA,PUESTOS DE SALUD O POSTAS DE SALUD,CAJAMARCA,CHOTA,CHADIN,60403,I-1,,ACTIVADO
GOBIERNO REGIONAL,PACCHA,CENTROS DE SALUD O CENTROS MEDICOS,CAJAMARCA,CHOTA,PACCHA,60413,I-3,,ACTIVADO
GOBIERNO REGIONAL,QUIDEN,PUESTOS DE SALUD O POSTAS DE SALUD,CAJAMARCA,CHOTA,PACCHA,60413,I-1,,ACTIVADO
GOBIERNO REGIONAL,USQUIL,CENTROS DE SALUD CON CAMAS DE INTERNAMIENTO,LA LIBERTAD,OTUZCO,USQUIL,130614,I-4,3.0,ACTIVADO
GOBIERNO REGIONAL,CHADIN,PUESTOS DE SALUD O POSTAS DE SALUD,CAJAMARCA,CHOTA,CHADIN,60403,I-2,,ACTIVADO
GOBIERNO REGIONAL,LORITOPAMPA,PUESTOS DE SALUD O POSTAS DE SALUD,CAJAMARCA,CAJAMARCA,JESUS,60106,I-1,,ACTIVADO
GOBIERNO REGIONAL,IGLESIAPAMPA,PUESTOS DE SALUD O POSTAS DE SALUD,CAJAMARCA,CHOTA,PACCHA,60413,I-1,,ACTIVADO
GOBIERNO REGIONAL,COMBAYO,PUESTOS DE SALUD O POSTAS DE SALUD,CAJAMARCA,CAJAMARCA,ENCAÑADA,60105,I-2,,ACTIVADO
GOBIERNO REGIONAL,SAN FELIPE,PUESTOS DE SALUD O POSTAS DE SALUD,AMAZONAS,UTCUBAMBA,LONYA GRANDE,10706,I-1,,ACTIVADO
GOBIERNO REGIONAL,COMUGAN,PUESTOS DE SALUD O POSTAS DE SALUD,CAJAMARCA,CHOTA,CHOROPAMPA,60406,I-1,,ACTIVADO
GOBIERNO REGIONAL,HUASO,CENTROS DE SALUD CON CAMAS DE INTERNAMIENTO,LA LIBERTAD,JULCAN,HUASO,130504,I-4,,ACTIVADO
GOBIERNO REGIONAL,KUSU NUMPATKAIM,PUESTOS DE SALUD O POSTAS DE SALUD,AMAZONAS,CONDORCANQUI,EL CENEPA,10402,I-1,,ACTIVADO
GOBIERNO REGIONAL,PUEBLO LIBRE,PUESTOS DE SALUD O POSTAS DE SALUD,LA LIBERTAD,OTUZCO,AGALLPAMPA,130602,I-1,,ACTIVADO
GOBIERNO REGIONAL,CALAMARCA,CENTROS DE SALUD CON CAMAS DE INTERNAMIENTO,LA LIBERTAD,JULCAN,CALAMARCA,130502,I-4,5.0,ACTIVADO
GOBIERNO REGIONAL,CHUQUIZONGO,PUESTOS DE SALUD O POSTAS DE SALUD,LA LIBERTAD,OTUZCO,USQUIL,130614,I-2,,ACTIVADO
GOBIERNO REGIONAL,MIRAFLORES DE ARAMANGO,PUESTOS DE SALUD O POSTAS DE SALUD,AMAZONAS,BAGUA,ARAMANGO,10202,I-1,,ACTIVADO
GOBIERNO REGIONAL,LA UNION,PUESTOS DE SALUD O POSTAS DE SALUD,CAJAMARCA,CHOTA,CHADIN,60403,I-1,,ACTIVADO
GOBIERNO REGIONAL,PUESTO DE SALUD TORTUGAS,PUESTOS DE SALUD O POSTAS DE SALUD,ANCASH,CASMA,COMANDANTE NOEL,20803,I-1,,ACTIVADO
GOBIERNO REGIONAL,SAN JUAN DE CHADIN,PUESTOS DE SALUD O POSTAS DE SALUD,CAJAMARCA,CHOTA,CHADIN,60403,I-1,,ACTIVADO
GOBIERNO REGIONAL,CHUNGUINA,PUESTOS DE SALUD O POSTAS DE SALUD,AMAZONAS,UTCUBAMBA,CAJARURO,10702,I-1,,ACTIVADO
GOBIERNO REGIONAL,SUGARMAYO,PUESTOS DE SALUD O POSTAS DE SALUD,CAJAMARCA,HUALGAYOC,BAMBAMARCA,60701,I-1,,ACTIVADO
GOBIERNO REGIONAL,SAN JOSE BAJO,PUESTOS DE SALUD O POSTAS DE SALUD,AMAZONAS,UTCUBAMBA,CAJARURO,10702,I-1,,ACTIVADO
GOBIERNO REGIONAL,OYON,PUESTOS DE SALUD O POSTAS DE SALUD,LA LIBERTAD,SANTIAGO DE CHUCO,SANTIAGO DE CHUCO,131001,I-2,,ACTIVADO
GOBIERNO REGIONAL,ROBLEPAMPA,PUESTOS DE SALUD O POSTAS DE SALUD,AMAZONAS,UTCUBAMBA,LONYA GRANDE,10706,I-2,,ACTIVADO
GOBIERNO REGIONAL,EL ALUMBRE,PUESTOS DE SALUD O POSTAS DE SALUD,CAJAMARCA,HUALGAYOC,BAMBAMARCA,60701,I-1,,ACTIVADO
GOBIERNO REGIONAL,CHONZA ALTA,PUESTOS DE SALUD O POSTAS DE SALUD,AMAZONAS,BAGUA,LA PECA,10206,I-1,,ACTIVADO
GOBIERNO REGIONAL,EL CEDRON,PUESTOS DE SALUD O POSTAS DE SALUD,AMAZONAS,BAGUA,ARAMANGO,10202,I-1,,ACTIVADO
GOBIERNO REGIONAL,LLUHUANA,PUESTOS DE SALUD O POSTAS DE SALUD,AMAZONAS,BAGUA,COPALLIN,10203,I-2,,ACTIVADO
GOBIERNO REGIONAL,SICCHAL,CENTROS DE SALUD O CENTROS MEDICOS,LA LIBERTAD,JULCAN,CALAMARCA,130502,I-3,,ACTIVADO
GOBIERNO REGIONAL,CHONZA LAGUNA,PUESTOS DE SALUD O POSTAS DE SALUD,AMAZONAS,BAGUA,COPALLIN,10203,I-1,,ACTIVADO
GOBIERNO REGIONAL,BARRO NEGRO,PUESTOS DE SALUD O POSTAS DE SALUD,LA LIBERTAD,JULCAN,CALAMARCA,130502,I-2,1.0,ACTIVADO
GOBIERNO REGIONAL,VILLA  PALMA,PUESTOS DE SALUD O POSTAS DE SALUD,CAJAMARCA,CHOTA,PACCHA,60413,I-1,,ACTIVADO
GOBIERNO REGIONAL,HUAMBOYA,PUESTOS DE SALUD O POSTAS DE SALUD,AMAZONAS,UTCUBAMBA,LONYA GRANDE,10706,I-1,,ACTIVADO
GOBIERNO REGIONAL,EL PORVENIR DE MIRAFLORES,PUESTOS DE SALUD O POSTAS DE SALUD,AMAZONAS,UTCUBAMBA,BAGUA GRANDE,10701,I-1,,ACTIVADO
GOBIERNO REGIONAL,ORTIZ ARRIETA,PUESTOS DE SALUD O POSTAS DE SALUD,AMAZONAS,UTCUBAMBA,LONYA GRANDE,10706,I-1,,ACTIVADO
GOBIERNO REGIONAL,NUEVO ORIENTE,PUESTOS DE SALUD O POSTAS DE SALUD,AMAZONAS,UTCUBAMBA,BAGUA GRANDE,10701,I-1,,ACTIVADO
GOBIERNO REGIONAL,CUYUCHUGO,PUESTOS DE SALUD O POSTAS DE SALUD,LA LIBERTAD,OTUZCO,USQUIL,130614,I-2,,ACTIVADO
GOBIERNO REGIONAL,LA UNION,PUESTOS DE SALUD O POSTAS DE SALUD,LA LIBERTAD,JULCAN,HUASO,130504,I-2,,ACTIVADO
GOBIERNO REGIONAL,CHACAPAMPA,PUESTOS DE SALUD O POSTAS DE SALUD,CAJAMARCA,CHOTA,CHADIN,60403,I-1,,ACTIVADO
GOBIERNO REGIONAL,UÑIGAN,PUESTOS DE SALUD O POSTAS DE SALUD,CAJAMARCA,CHOTA,PACCHA,60413,I-1,,ACTIVADO
GOBIERNO REGIONAL,SUNCHUBAMBA,PUESTOS DE SALUD O POSTAS DE SALUD,CAJAMARCA,CAJAMARCA,COSPAN,60104,I-2,,ACTIVADO
GOBIERNO REGIONAL,WANTSA,PUESTOS DE SALUD O POSTAS DE SALUD,AMAZONAS,BAGUA,IMAZA,10205,I-1,,ACTIVADO
GOBIERNO REGIONAL,PAN DE AZUCAR,PUESTOS DE SALUD O POSTAS DE SALUD,AMAZONAS,BAGUA,COPALLIN,10203,I-1,,ACTIVADO
GOBIERNO REGIONAL,NUMPARKET,PUESTOS DE SALUD O POSTAS DE SALUD,AMAZONAS,BAGUA,ARAMANGO,10202,I-1,,ACTIVADO
GOBIERNO REGIONAL,UNINGAMBAL,PUESTOS DE SALUD O POSTAS DE SALUD,LA LIBERTAD,JULCAN,HUASO,130504,I-2,,ACTIVADO
GOBIERNO REGIONAL,GUAYAQUIL,PUESTOS DE SALUD O POSTAS DE SALUD,AMAZONAS,BAGUA,ARAMANGO,10202,I-1,,ACTIVADO
GOBIERNO REGIONAL,SACHAPOYAS,PUESTOS DE SALUD O POSTAS DE SALUD,AMAZONAS,UTCUBAMBA,BAGUA GRANDE,10701,I-1,,ACTIVADO
GOBIERNO REGIONAL,TEESH,PUESTOS DE SALUD O POSTAS DE SALUD,AMAZONAS,CONDORCANQUI,EL CENEPA,10402,I-1,,ACTIVADO
GOBIERNO REGIONAL,CHAZKA,PUESTOS DE SALUD O POSTAS DE SALUD,LA LIBERTAD,JULCAN,CALAMARCA,130502,I-2,,ACTIVADO
GOBIERNO REGIONAL,PARASIVE,PUESTOS DE SALUD O POSTAS DE SALUD,LA LIBERTAD,JULCAN,HUASO,130504,I-2,,ACTIVADO
GOBIERNO REGIONAL,SAMAREN-YUPICUSA,PUESTOS DE SALUD O POSTAS DE SALUD,AMAZONAS,BAGUA,IMAZA,10205,I-1,,ACTIVADO
GOBIERNO REGIONAL,JESUS,CENTROS DE SALUD O CENTROS MEDICOS,CAJAMARCA,CAJAMARCA,JESUS,60106,I-3,,ACTIVADO
GOBIERNO REGIONAL,PONA ALTA,PUESTOS DE SALUD O POSTAS DE SALUD,AMAZONAS,UTCUBAMBA,BAGUA GRANDE,10701,I-1,,ACTIVADO
GOBIERNO REGIONAL,SAN JUAN DE LA LIBERTAD,CENTROS DE SALUD O CENTROS MEDICOS,AMAZONAS,UTCUBAMBA,CAJARURO,10702,I-3,,ACTIVADO
GOBIERNO REGIONAL,YUNGASUYO,PUESTOS DE SALUD O POSTAS DE SALUD,AMAZONAS,UTCUBAMBA,LONYA GRANDE,10706,I-2,,ACTIVADO
GOBIERNO REGIONAL,YERBA BUENA,PUESTOS DE SALUD O POSTAS DE SALUD,CAJAMARCA,CAJAMARCA,ENCAÑADA,60105,I-1,,ACTIVADO
GOBIERNO REGIONAL,PUESTO DE SALUD COMANDANTE NOEL,PUESTOS DE SALUD O POSTAS DE SALUD,ANCASH,CASMA,COMANDANTE NOEL,20803,I-1,,ACTIVADO
GOBIERNO REGIONAL,CHINCHINVARA,PUESTOS DE SALUD O POSTAS DE SALUD,LA LIBERTAD,JULCAN,HUASO,130504,I-2,,ACTIVADO
GOBIERNO REGIONAL,HUAGAL,PUESTOS DE SALUD O POSTAS DE SALUD,LA LIBERTAD,JULCAN,CALAMARCA,130502,I-2,,ACTIVADO
GOBIERNO REGIONAL,ANDAMACHAY,PUESTOS DE SALUD O POSTAS DE SALUD,CAJAMARCA,CELENDIN,CORTEGANA,60303,I-1,,ACTIVADO
GOBIERNO REGIONAL,PLAYA GRANDE,PUESTOS DE SALUD O POSTAS DE SALUD,AMAZONAS,UTCUBAMBA,BAGUA GRANDE,10701,I-1,,ACTIVADO
GOBIERNO REGIONAL,SELVA VERDE,PUESTOS DE SALUD O POSTAS DE SALUD,AMAZONAS,BAGUA,ARAMANGO,10202,I-1,,ACTIVADO
GOBIERNO REGIONAL,SAN RAMON,PUESTOS DE SALUD O POSTAS DE SALUD,AMAZONAS,BAGUA,IMAZA,10205,I-1,,ACTIVADO
GOBIERNO REGIONAL,MIRAFLORES,CENTROS DE SALUD O CENTROS MEDICOS,AMAZONAS,UTCUBAMBA,BAGUA GRANDE,10701,I-3,,ACTIVADO
GOBIERNO REGIONAL,DURAND,PUESTOS DE SALUD O POSTAS DE SALUD,AMAZONAS,BAGUA,IMAZA,10205,I-1,,ACTIVADO
GOBIERNO REGIONAL,COINA,"PUESTOS DE SALUD O POSTAS DE SALUD,PUESTOS DE SALUD O POSTAS DE SALUD",LA LIBERTAD,OTUZCO,USQUIL,130614,I-2,,ACTIVADO
GOBIERNO REGIONAL,SANTA CRUZ DE MOROCHAL,PUESTOS DE SALUD O POSTAS DE SALUD,AMAZONAS,BAGUA,COPALLIN,10203,I-1,,ACTIVADO
GOBIERNO REGIONAL,BARRO NEGRO,PUESTOS DE SALUD O POSTAS DE SALUD,LA LIBERTAD,OTUZCO,USQUIL,130614,I-2,,ACTIVADO
GOBIERNO REGIONAL,MANGALPA,PUESTOS DE SALUD O POSTAS DE SALUD,CAJAMARCA,CHOTA,CHOROPAMPA,60406,I-1,,ACTIVADO
GOBIERNO REGIONAL,CHUGUR,PUESTOS DE SALUD O POSTAS DE SALUD,CAJAMARCA,CELENDIN,HUASMIN,60304,I-1,,ACTIVADO
GOBIERNO REGIONAL,TENASHNUM,PUESTOS DE SALUD O POSTAS DE SALUD,AMAZONAS,BAGUA,IMAZA,10205,I-1,,ACTIVADO
GOBIERNO REGIONAL,GUADALUPE,PUESTOS DE SALUD O POSTAS DE SALUD,AMAZONAS,LUYA,CAMPORREDONDO,10502,I-1,,ACTIVADO
GOBIERNO REGIONAL,CENTRO DE SALUD NEPEÑA,CENTROS DE SALUD O CENTROS MEDICOS,ANCASH,SANTA,NEPEÑA,21806,I-3,,ACTIVADO
GOBIERNO REGIONAL,PROGRESO,PUESTOS DE SALUD O POSTAS DE SALUD,AMAZONAS,UTCUBAMBA,CAJARURO,10702,I-1,,ACTIVADO
GOBIERNO REGIONAL,SHAIM,PUESTOS DE SALUD O POSTAS DE SALUD,AMAZONAS,CONDORCANQUI,EL CENEPA,10402,I-1,,ACTIVADO
GOBIERNO REGIONAL,SARIN,PUESTOS DE SALUD O POSTAS DE SALUD,CAJAMARCA,CAJAMARCA,NAMORA,60111,I-1,,ACTIVADO
GOBIERNO REGIONAL,ALTO SAN JOSE,PUESTOS DE SALUD O POSTAS DE SALUD,AMAZONAS,UTCUBAMBA,CAJARURO,10702,I-1,,ACTIVADO
GOBIERNO REGIONAL,VISTA ALEGRE,PUESTOS DE SALUD O POSTAS DE SALUD,CAJAMARCA,CELENDIN,HUASMIN,60304,I-1,,ACTIVADO
GOBIERNO REGIONAL,EL LIRIO,PUESTOS DE SALUD O POSTAS DE SALUD,CAJAMARCA,CHOTA,PACCHA,60413,I-1,,ACTIVADO
GOBIERNO REGIONAL,PUEBLO LIBRE,PUESTOS DE SALUD O POSTAS DE SALUD,AMAZONAS,UTCUBAMBA,BAGUA GRANDE,10701,I-2,,ACTIVADO
GOBIERNO REGIONAL,LA LIBERTAD,PUESTOS DE SALUD O POSTAS DE SALUD,AMAZONAS,LUYA,CAMPORREDONDO,10502,I-1,,ACTIVADO
GOBIERNO REGIONAL,OSAIGUE,PUESTOS DE SALUD O POSTAS DE SALUD,LA LIBERTAD,SANTIAGO DE CHUCO,SANTIAGO DE CHUCO,131001,I-1,,ACTIVADO
GOBIERNO REGIONAL,MUSADEN,PUESTOS DE SALUD O POSTAS DE SALUD,CAJAMARCA,CELENDIN,CORTEGANA,60303,I-1,,ACTIVADO
GOBIERNO REGIONAL,VILLANUEVA,PUESTOS DE SALUD O POSTAS DE SALUD,CAJAMARCA,CELENDIN,CORTEGANA,60303,I-1,,ACTIVADO
GOBIERNO REGIONAL,DIAMANTE ALTO,PUESTOS DE SALUD O POSTAS DE SALUD,AMAZONAS,UTCUBAMBA,CAJARURO,10702,I-1,,ACTIVADO
GOBIERNO REGIONAL,WAWAS,PUESTOS DE SALUD O POSTAS DE SALUD,AMAZONAS,BAGUA,IMAZA,10205,I-2,,ACTIVADO
GOBIERNO REGIONAL,DIAMANTE BAJO,PUESTOS DE SALUD O POSTAS DE SALUD,AMAZONAS,UTCUBAMBA,CAJARURO,10702,I-1,,ACTIVADO
GOBIERNO REGIONAL,MUNGURRAL,PUESTOS DE SALUD O POSTAS DE SALUD,LA LIBERTAD,SANTIAGO DE CHUCO,SANTIAGO DE CHUCO,131001,I-1,,ACTIVADO
GOBIERNO REGIONAL,SAN RAFAEL,PUESTOS DE SALUD O POSTAS DE SALUD,AMAZONAS,BAGUA,IMAZA,10205,I-1,,ACTIVADO
GOBIERNO REGIONAL,ENCAÑADA,CENTROS DE SALUD O CENTROS MEDICOS,CAJAMARCA,CAJAMARCA,ENCAÑADA,60105,I-3,,ACTIVADO
GOBIERNO REGIONAL,CHAMCAS,PUESTOS DE SALUD O POSTAS DE SALUD,CAJAMARCA,CAJAMARCA,ENCAÑADA,60105,I-1,,ACTIVADO
GOBIERNO REGIONAL,SANTA ROSA DE JAIPE,PUESTOS DE SALUD O POSTAS DE SALUD,AMAZONAS,UTCUBAMBA,LONYA GRANDE,10706,I-1,,ACTIVADO
GOBIERNO REGIONAL,YAMAYAKAT,PUESTOS DE SALUD O POSTAS DE SALUD,AMAZONAS,BAGUA,IMAZA,10205,I-1,,ACTIVADO
GOBIERNO REGIONAL,BUENOS AIRES,PUESTOS DE SALUD O POSTAS DE SALUD,AMAZONAS,UTCUBAMBA,CAJARURO,10702,I-1,,ACTIVADO
GOBIERNO REGIONAL,NUEVA INDEPENDENCIA,PUESTOS DE SALUD O POSTAS DE SALUD,AMAZONAS,UTCUBAMBA,BAGUA GRANDE,10701,I-1,,ACTIVADO
GOBIERNO REGIONAL,WAJUYAT,PUESTOS DE SALUD O POSTAS DE SALUD,AMAZONAS,BAGUA,IMAZA,10205,I-1,,ACTIVADO
GOBIERNO REGIONAL,IMAZA,CENTROS DE SALUD O CENTROS MEDICOS,AMAZONAS,BAGUA,IMAZA,10205,I-3,,ACTIVADO
GOBIERNO REGIONAL,RAMOSCUCHO,PUESTOS DE SALUD O POSTAS DE SALUD,CAJAMARCA,CELENDIN,LA LIBERTAD DE PALLAN,60312,I-1,,ACTIVADO
GOBIERNO REGIONAL,MISQUIYACU ALTO,PUESTOS DE SALUD O POSTAS DE SALUD,AMAZONAS,UTCUBAMBA,CAJARURO,10702,I-2,,ACTIVADO
GOBIERNO REGIONAL,PUESTO DE SALUD SHOREY CHICO,PUESTOS DE SALUD O POSTAS DE SALUD,LA LIBERTAD,SANTIAGO DE CHUCO,QUIRUVILCA,131006,I-2,,ACTIVADO
GOBIERNO REGIONAL,HIERBA BUENA,PUESTOS DE SALUD O POSTAS DE SALUD,CAJAMARCA,CAJABAMBA,CACHACHI,60202,I-1,,ACTIVADO
GOBIERNO REGIONAL,SANTA ISABEL,PUESTOS DE SALUD O POSTAS DE SALUD,AMAZONAS,UTCUBAMBA,CAJARURO,10702,I-1,,ACTIVADO
GOBIERNO REGIONAL,UUT,PUESTOS DE SALUD O POSTAS DE SALUD,AMAZONAS,BAGUA,IMAZA,10205,I-1,,ACTIVADO
GOBIERNO REGIONAL,MESONES MURO,PUESTOS DE SALUD O POSTAS DE SALUD,AMAZONAS,BAGUA,IMAZA,10205,I-1,,ACTIVADO
GOBIERNO REGIONAL,MISQUIYACU BAJO,PUESTOS DE SALUD O POSTAS DE SALUD,AMAZONAS,UTCUBAMBA,CAJARURO,10702,I-1,,ACTIVADO
GOBIERNO REGIONAL,LAGUNAS,PUESTOS DE SALUD O POSTAS DE SALUD,CAJAMARCA,CELENDIN,HUASMIN,60304,I-1,,ACTIVADO
GOBIERNO REGIONAL,CORTEGANA,CENTROS DE SALUD O CENTROS MEDICOS,CAJAMARCA,CELENDIN,CORTEGANA,60303,I-3,,ACTIVADO
GOBIERNO REGIONAL,HUACAMOCHAL,PUESTOS DE SALUD O POSTAS DE SALUD,LA LIBERTAD,OTUZCO,USQUIL,130614,I-1,,ACTIVADO
GOBIERNO REGIONAL,COCOCHO,PUESTOS DE SALUD O POSTAS DE SALUD,AMAZONAS,LUYA,CAMPORREDONDO,10502,I-2,,ACTIVADO
GOBIERNO REGIONAL,SAN PABLO DE JESUS,PUESTOS DE SALUD O POSTAS DE SALUD,CAJAMARCA,CAJAMARCA,JESUS,60106,I-1,,ACTIVADO
GOBIERNO REGIONAL,NUMPATKAIM,PUESTOS DE SALUD O POSTAS DE SALUD,AMAZONAS,BAGUA,IMAZA,10205,I-1,,ACTIVADO
GOBIERNO REGIONAL,PALCO LA CAPILLA,PUESTOS DE SALUD O POSTAS DE SALUD,CAJAMARCA,CHOTA,CHOROPAMPA,60406,I-1,,ACTIVADO
GOBIERNO REGIONAL,CANIBAMBA BAJO,PUESTOS DE SALUD O POSTAS DE SALUD,LA LIBERTAD,OTUZCO,USQUIL,130614,I-2,,ACTIVADO
GOBIERNO REGIONAL,NAMORA,PUESTOS DE SALUD O POSTAS DE SALUD,CAJAMARCA,CAJAMARCA,NAMORA,60111,I-2,,ACTIVADO
GOBIERNO REGIONAL,SHUSHUG,PUESTOS DE SALUD O POSTAS DE SALUD,AMAZONAS,BAGUA,IMAZA,10205,I-1,,ACTIVADO
GOBIERNO REGIONAL,EL CARMEN,PUESTOS DE SALUD O POSTAS DE SALUD,CAJAMARCA,CAJAMARCA,JESUS,60106,I-1,,ACTIVADO
GOBIERNO REGIONAL,HUALQUI,PUESTOS DE SALUD O POSTAS DE SALUD,CAJAMARCA,CAJAMARCA,JESUS,60106,I-1,,ACTIVADO
GOBIERNO REGIONAL,CAMPORREDONDO,CENTROS DE SALUD O CENTROS MEDICOS,AMAZONAS,LUYA,CAMPORREDONDO,10502,I-3,,ACTIVADO
GOBIERNO REGIONAL,NAZARETH,PUESTOS DE SALUD O POSTAS DE SALUD,AMAZONAS,BAGUA,IMAZA,10205,I-1,,ACTIVADO
GOBIERNO REGIONAL,LISTRA,PUESTOS DE SALUD O POSTAS DE SALUD,AMAZONAS,BAGUA,IMAZA,10205,I-1,,ACTIVADO
GOBIERNO REGIONAL,PROGRESO SAN ANTONIO,PUESTOS DE SALUD O POSTAS DE SALUD,AMAZONAS,UTCUBAMBA,BAGUA GRANDE,10701,I-1,,ACTIVADO
GOBIERNO REGIONAL,SANTA ROSA DE HUASMIN,PUESTOS DE SALUD O POSTAS DE SALUD,CAJAMARCA,CELENDIN,HUASMIN,60304,I-1,,ACTIVADO
GOBIERNO REGIONAL,NUEVO PIURA,PUESTOS DE SALUD O POSTAS DE SALUD,AMAZONAS,UTCUBAMBA,CAJARURO,10702,I-1,,ACTIVADO
GOBIERNO REGIONAL,LA CHORRERA,PUESTOS DE SALUD O POSTAS DE SALUD,CAJAMARCA,CELENDIN,SOROCHUCO,60309,I-1,,ACTIVADO
GOBIERNO REGIONAL,KUSU,PUESTOS DE SALUD O POSTAS DE SALUD,AMAZONAS,BAGUA,IMAZA,10205,I-1,,ACTIVADO
GOBIERNO REGIONAL,CAPACHIQUE,PUESTOS DE SALUD O POSTAS DE SALUD,LA LIBERTAD,OTUZCO,USQUIL,130614,I-2,,ACTIVADO
GOBIERNO REGIONAL,CALLUAN,PUESTOS DE SALUD O POSTAS DE SALUD,CAJAMARCA,CAJABAMBA,CACHACHI,60202,I-1,,ACTIVADO
GOBIERNO REGIONAL,C.S.M.I. QUIRUVILCA,CENTROS DE SALUD CON CAMAS DE INTERNAMIENTO,LA LIBERTAD,SANTIAGO DE CHUCO,QUIRUVILCA,131006,I-4,3.0,ACTIVADO
ESSALUD,CENTRO MEDICO CASMA,CENTROS DE SALUD O CENTROS MEDICOS,ANCASH,CASMA,CASMA,20801,Sin Categoría,,ACTIVADO
GOBIERNO REGIONAL,LA VICTORIA,PUESTOS DE SALUD O POSTAS DE SALUD,CAJAMARCA,CAJAMARCA,ENCAÑADA,60105,I-1,,ACTIVADO
GOBIERNO REGIONAL,EL TIGRE,PUESTOS DE SALUD O POSTAS DE SALUD,AMAZONAS,UTCUBAMBA,CAJARURO,10702,I-1,,ACTIVADO
GOBIERNO REGIONAL,SAN LUIS DE POLLOQUITO,PUESTOS DE SALUD O POSTAS DE SALUD,CAJAMARCA,CAJAMARCA,ENCAÑADA,60105,I-1,,ACTIVADO
GOBIERNO REGIONAL,CASMA,HOSPITALES O CLINICAS DE ATENCION GENERAL,ANCASH,CASMA,CASMA,20801,II-1,31.0,ACTIVADO
GOBIERNO REGIONAL,CANDEN,PUESTOS DE SALUD O POSTAS DE SALUD,CAJAMARCA,CELENDIN,CORTEGANA,60303,I-1,,ACTIVADO
GOBIERNO REGIONAL,MUYOC CHICO,PUESTOS DE SALUD O POSTAS DE SALUD,CAJAMARCA,CELENDIN,MIGUEL IGLESIAS,60307,I-1,,ACTIVADO
GOBIERNO REGIONAL,EL PALTO,PUESTOS DE SALUD O POSTAS DE SALUD,AMAZONAS,LUYA,CAMPORREDONDO,10502,I-1,,ACTIVADO
GOBIERNO REGIONAL,MUYOC GRANDE,PUESTOS DE SALUD O POSTAS DE SALUD,CAJAMARCA,CELENDIN,MIGUEL IGLESIAS,60307,I-1,,ACTIVADO
GOBIERNO REGIONAL,HUACADAY,PUESTOS DE SALUD O POSTAS DE SALUD,CAJAMARCA,CAJABAMBA,CACHACHI,60202,I-1,,ACTIVADO
GOBIERNO REGIONAL,NUEVO CHOTA,PUESTOS DE SALUD O POSTAS DE SALUD,AMAZONAS,LUYA,PROVIDENCIA,10515,I-1,,ACTIVADO
GOBIERNO REGIONAL,EL MANGLE,PUESTOS DE SALUD O POSTAS DE SALUD,CAJAMARCA,CAJAMARCA,ENCAÑADA,60105,I-1,,ACTIVADO
GOBIERNO REGIONAL,LA PALMA,PUESTOS DE SALUD O POSTAS DE SALUD,AMAZONAS,UTCUBAMBA,BAGUA GRANDE,10701,I-1,,ACTIVADO
GOBIERNO REGIONAL,SUKUTIN,PUESTOS DE SALUD O POSTAS DE SALUD,AMAZONAS,BAGUA,IMAZA,10205,I-1,,ACTIVADO
GOBIERNO REGIONAL,PUESTO DE SALUD LA GRAMITA,PUESTOS DE SALUD O POSTAS DE SALUD,ANCASH,CASMA,CASMA,20801,I-1,,ACTIVADO
GOBIERNO REGIONAL,JEREZ,PUESTOS DE SALUD O POSTAS DE SALUD,CAJAMARCA,CELENDIN,HUASMIN,60304,I-1,,ACTIVADO
GOBIERNO REGIONAL,CRUZPAMPA,PUESTOS DE SALUD O POSTAS DE SALUD,CAJAMARCA,CELENDIN,SOROCHUCO,60309,I-1,,ACTIVADO
GOBIERNO REGIONAL,CHIPE,CENTROS DE SALUD O CENTROS MEDICOS,AMAZONAS,BAGUA,IMAZA,10205,I-3,,ACTIVADO
GOBIERNO REGIONAL,LA UNION,PUESTOS DE SALUD O POSTAS DE SALUD,AMAZONAS,UTCUBAMBA,CAJARURO,10702,I-1,,ACTIVADO
GOBIERNO REGIONAL,CHIRIACO,CENTROS DE SALUD O CENTROS MEDICOS,AMAZONAS,BAGUA,IMAZA,10205,I-3,,ACTIVADO
GOBIERNO REGIONAL,QUISPE,PUESTOS DE SALUD O POSTAS DE SALUD,AMAZONAS,LUYA,OCALLI,10512,I-1,,ACTIVADO
GOBIERNO REGIONAL,LUNCHICATE,PUESTOS DE SALUD O POSTAS DE SALUD,AMAZONAS,UTCUBAMBA,CAJARURO,10702,I-1,,ACTIVADO
GOBIERNO REGIONAL,LA LIBERTAD DE PALLAN,PUESTOS DE SALUD O POSTAS DE SALUD,CAJAMARCA,CELENDIN,LA LIBERTAD DE PALLAN,60312,I-2,,ACTIVADO
GOBIERNO REGIONAL,HUARANGUILLO,PUESTOS DE SALUD O POSTAS DE SALUD,AMAZONAS,LUYA,PISUQUIA,10514,I-1,,ACTIVADO
GOBIERNO REGIONAL,EL LAUREL,PUESTOS DE SALUD O POSTAS DE SALUD,AMAZONAS,UTCUBAMBA,JAMALCA,10705,I-1,,ACTIVADO
GOBIERNO REGIONAL,CENTRO DE SALUD SAN JACINTO,CENTROS DE SALUD O CENTROS MEDICOS,ANCASH,SANTA,NEPEÑA,21806,I-3,,ACTIVADO
GOBIERNO REGIONAL,PLAYA JUMETH,PUESTOS DE SALUD O POSTAS DE SALUD,AMAZONAS,LUYA,PROVIDENCIA,10515,I-1,,ACTIVADO
GOBIERNO REGIONAL,P.S. CUSIPAMPA,PUESTOS DE SALUD O POSTAS DE SALUD,LA LIBERTAD,SANTIAGO DE CHUCO,SANTIAGO DE CHUCO,131001,I-2,,ACTIVADO
GOBIERNO REGIONAL,SALACAT,PUESTOS DE SALUD O POSTAS DE SALUD,CAJAMARCA,CELENDIN,SOROCHUCO,60309,I-1,,ACTIVADO
GOBIERNO REGIONAL,KUSU PAGATA,PUESTOS DE SALUD O POSTAS DE SALUD,AMAZONAS,CONDORCANQUI,EL CENEPA,10402,I-1,,ACTIVADO
GOBIERNO REGIONAL,CACHACHI,CENTROS DE SALUD O CENTROS MEDICOS,CAJAMARCA,CAJABAMBA,CACHACHI,60202,I-3,,ACTIVADO
GOBIERNO REGIONAL,PAKUIT,PUESTOS DE SALUD O POSTAS DE SALUD,AMAZONAS,BAGUA,IMAZA,10205,I-1,,ACTIVADO
GOBIERNO REGIONAL,PUESTO DE SALUD LUPAHUARI,PUESTOS DE SALUD O POSTAS DE SALUD,ANCASH,SANTA,CHIMBOTE,21801,I-1,,ACTIVADO
GOBIERNO REGIONAL,REJOPAMPA,PUESTOS DE SALUD O POSTAS DE SALUD,CAJAMARCA,CELENDIN,SOROCHUCO,60309,I-1,,ACTIVADO
GOBIERNO REGIONAL,TANDAYOC,PUESTOS DE SALUD O POSTAS DE SALUD,CAJAMARCA,CELENDIN,SOROCHUCO,60309,I-1,,ACTIVADO
GOBIERNO REGIONAL,OCALLI,CENTROS DE SALUD CON CAMAS DE INTERNAMIENTO,AMAZONAS,LUYA,OCALLI,10512,I-4,8.0,ACTIVADO
GOBIERNO REGIONAL,KUSU GRANDE,PUESTOS DE SALUD O POSTAS DE SALUD,AMAZONAS,BAGUA,IMAZA,10205,I-1,,ACTIVADO
GOBIERNO REGIONAL,MATARA,PUESTOS DE SALUD O POSTAS DE SALUD,CAJAMARCA,CAJAMARCA,MATARA,60110,I-2,,ACTIVADO
GOBIERNO REGIONAL,PURURCO,PUESTOS DE SALUD O POSTAS DE SALUD,AMAZONAS,UTCUBAMBA,JAMALCA,10705,I-2,,ACTIVADO
GOBIERNO REGIONAL,CHALACO,PUESTOS DE SALUD O POSTAS DE SALUD,AMAZONAS,UTCUBAMBA,CAJARURO,10702,I-1,,ACTIVADO
GOBIERNO REGIONAL,NUEVA ESPERANZA,PUESTOS DE SALUD O POSTAS DE SALUD,CAJAMARCA,CELENDIN,LA LIBERTAD DE PALLAN,60312,I-1,,ACTIVADO
GOBIERNO REGIONAL,VISTA HERMOSA,PUESTOS DE SALUD O POSTAS DE SALUD,AMAZONAS,UTCUBAMBA,JAMALCA,10705,I-1,,ACTIVADO
GOBIERNO REGIONAL,LLAVIDQUE,PUESTOS DE SALUD O POSTAS DE SALUD,CAJAMARCA,CELENDIN,SOROCHUCO,60309,I-1,,ACTIVADO
GOBIERNO REGIONAL,YAGEN,PUESTOS DE SALUD O POSTAS DE SALUD,CAJAMARCA,CELENDIN,CORTEGANA,60303,I-1,,ACTIVADO
GOBIERNO REGIONAL,NAYUMPIN,PUESTOS DE SALUD O POSTAS DE SALUD,AMAZONAS,BAGUA,IMAZA,10205,I-1,,ACTIVADO
GOBIERNO REGIONAL,EL TRIUNFO,PUESTOS DE SALUD O POSTAS DE SALUD,CAJAMARCA,CAJAMARCA,NAMORA,60111,I-1,,ACTIVADO
GOBIERNO REGIONAL,EL RON,CENTROS DE SALUD O CENTROS MEDICOS,AMAZONAS,UTCUBAMBA,CAJARURO,10702,I-3,,ACTIVADO
GOBIERNO REGIONAL,SOROCHUCO,PUESTOS DE SALUD O POSTAS DE SALUD,CAJAMARCA,CELENDIN,SOROCHUCO,60309,I-2,,ACTIVADO
GOBIERNO REGIONAL,KUSU KUBAIM,PUESTOS DE SALUD O POSTAS DE SALUD,AMAZONAS,CONDORCANQUI,EL CENEPA,10402,I-1,,ACTIVADO
GOBIERNO REGIONAL,EDELMIRA,PUESTOS DE SALUD O POSTAS DE SALUD,CAJAMARCA,SAN MARCOS,PEDRO GALVEZ,61001,I-1,,ACTIVADO
GOBIERNO REGIONAL,ALGAMARCA,PUESTOS DE SALUD O POSTAS DE SALUD,CAJAMARCA,CAJABAMBA,CACHACHI,60202,I-2,,ACTIVADO
GOBIERNO REGIONAL,VENTANAS,CENTROS DE SALUD O CENTROS MEDICOS,LA LIBERTAD,SANCHEZ CARRION,SANAGORAN,130906,I-2,,ACTIVADO
GOBIERNO REGIONAL,EL SALAO,PUESTOS DE SALUD O POSTAS DE SALUD,AMAZONAS,UTCUBAMBA,JAMALCA,10705,I-2,,ACTIVADO
GOBIERNO REGIONAL,HUASMIN,PUESTOS DE SALUD O POSTAS DE SALUD,CAJAMARCA,CELENDIN,HUASMIN,60304,I-2,,ACTIVADO
GOBIERNO REGIONAL,PROVIDENCIA,PUESTOS DE SALUD O POSTAS DE SALUD,AMAZONAS,LUYA,PROVIDENCIA,10515,I-2,,ACTIVADO
GOBIERNO REGIONAL,JOSE CARLOS MARIATEGUI,PUESTOS DE SALUD O POSTAS DE SALUD,LA LIBERTAD,SANTIAGO DE CHUCO,QUIRUVILCA,131006,I-1,,ACTIVADO
GOBIERNO REGIONAL,CELCHO CUZCO,PUESTOS DE SALUD O POSTAS DE SALUD,AMAZONAS,LUYA,OCALLI,10512,I-1,,ACTIVADO
GOBIERNO REGIONAL,LA MASMA,PUESTOS DE SALUD O POSTAS DE SALUD,CAJAMARCA,CAJAMARCA,NAMORA,60111,I-1,,ACTIVADO
GOBIERNO REGIONAL,CONDORMARCA,PUESTOS DE SALUD O POSTAS DE SALUD,CAJAMARCA,SAN MARCOS,PEDRO GALVEZ,61001,I-1,,ACTIVADO
GOBIERNO REGIONAL,WAWAIN,PUESTOS DE SALUD O POSTAS DE SALUD,AMAZONAS,BAGUA,IMAZA,10205,I-1,,ACTIVADO
GOBIERNO REGIONAL,MICUYPAMPA,PUESTOS DE SALUD O POSTAS DE SALUD,CAJAMARCA,CAJAMARCA,ENCAÑADA,60105,I-1,,ACTIVADO
GOBIERNO REGIONAL,PIZON,PUESTOS DE SALUD O POSTAS DE SALUD,CAJAMARCA,CELENDIN,MIGUEL IGLESIAS,60307,I-1,,ACTIVADO
GOBIERNO REGIONAL,MIGUEL IGLESIAS,PUESTOS DE SALUD O POSTAS DE SALUD,CAJAMARCA,CELENDIN,MIGUEL IGLESIAS,60307,I-2,,ACTIVADO
GOBIERNO REGIONAL,HUARAN UNINGAMBAL,PUESTOS DE SALUD O POSTAS DE SALUD,LA LIBERTAD,SANTIAGO DE CHUCO,SANTIAGO DE CHUCO,131001,I-2,,ACTIVADO
GOBIERNO REGIONAL,LLAGUAN,PUESTOS DE SALUD O POSTAS DE SALUD,CAJAMARCA,CELENDIN,HUASMIN,60304,I-1,,ACTIVADO
GOBIERNO REGIONAL,MANDINGAS ALTO,PUESTOS DE SALUD O POSTAS DE SALUD,AMAZONAS,UTCUBAMBA,CAJARURO,10702,I-2,,ACTIVADO
GOBIERNO REGIONAL,PUESTO DE SALUD CULEBRAS,PUESTOS DE SALUD O POSTAS DE SALUD,ANCASH,HUARMEY,CULEBRAS,21103,I-2,,ACTIVADO
GOBIERNO REGIONAL,SURUVARA,PUESTOS DE SALUD O POSTAS DE SALUD,LA LIBERTAD,SANTIAGO DE CHUCO,SANTIAGO DE CHUCO,131001,I-1,,ACTIVADO
GOBIERNO REGIONAL,CALDERA,PUESTOS DE SALUD O POSTAS DE SALUD,AMAZONAS,LUYA,OCUMAL,10513,I-1,,ACTIVADO
GOBIERNO REGIONAL,PUESTO DE SALUD SANTA ANA SIERRA,PUESTOS DE SALUD O POSTAS DE SALUD,ANCASH,SANTA,MACATE,21804,I-1,,ACTIVADO
GOBIERNO REGIONAL,EL SAUCO,PUESTOS DE SALUD O POSTAS DE SALUD,LA LIBERTAD,SANTIAGO DE CHUCO,QUIRUVILCA,131006,I-2,,ACTIVADO
GOBIERNO REGIONAL,TACTAMAL,PUESTOS DE SALUD O POSTAS DE SALUD,AMAZONAS,LUYA,OCALLI,10512,I-1,,ACTIVADO
GOBIERNO REGIONAL,RAMBRAN,PUESTOS DE SALUD O POSTAS DE SALUD,CAJAMARCA,CELENDIN,CHUMUCH,60302,I-1,,ACTIVADO
GOBIERNO REGIONAL,SENDAMAL DE HUASMIN,PUESTOS DE SALUD O POSTAS DE SALUD,CAJAMARCA,CELENDIN,HUASMIN,60304,I-1,,ACTIVADO
GOBIERNO REGIONAL,RIO SECO,PUESTOS DE SALUD O POSTAS DE SALUD,CAJAMARCA,SAN MARCOS,GREGORIO PITA,61004,I-2,,ACTIVADO
GOBIERNO REGIONAL,LAGUNAS PEDREGAL,PUESTOS DE SALUD O POSTAS DE SALUD,CAJAMARCA,CELENDIN,HUASMIN,60304,I-1,,ACTIVADO
GOBIERNO REGIONAL,PIRCAPAMPA,PUESTOS DE SALUD O POSTAS DE SALUD,AMAZONAS,LUYA,PISUQUIA,10514,I-2,,ACTIVADO
GOBIERNO REGIONAL,CENTRO DE SALUD BUENAVISTA,CENTROS DE SALUD O CENTROS MEDICOS,ANCASH,CASMA,BUENA VISTA ALTA,20802,I-3,,ACTIVADO
GOBIERNO REGIONAL,CALIPUY,CENTROS DE SALUD O CENTROS MEDICOS,LA LIBERTAD,SANTIAGO DE CHUCO,SANTIAGO DE CHUCO,131001,I-3,2.0,ACTIVADO
GOBIERNO REGIONAL,TUPAC AMARU I,CENTROS DE SALUD O CENTROS MEDICOS,AMAZONAS,BAGUA,IMAZA,10205,I-3,,ACTIVADO
GOBIERNO REGIONAL,CORRALPAMPA,PUESTOS DE SALUD O POSTAS DE SALUD,CAJAMARCA,CAJABAMBA,CACHACHI,60202,I-1,,ACTIVADO
GOBIERNO REGIONAL,CHAGUIN,PUESTOS DE SALUD O POSTAS DE SALUD,LA LIBERTAD,SANTIAGO DE CHUCO,QUIRUVILCA,131006,I-2,,ACTIVADO
GOBIERNO REGIONAL,MANZANILLA,PUESTOS DE SALUD O POSTAS DE SALUD,CAJAMARCA,SAN MARCOS,GREGORIO PITA,61004,I-1,,ACTIVADO
GOBIERNO REGIONAL,CORRAL GRANDE,PUESTOS DE SALUD O POSTAS DE SALUD,LA LIBERTAD,SANCHEZ CARRION,SANAGORAN,130906,I-2,,ACTIVADO
GOBIERNO REGIONAL,WAWICO,PUESTOS DE SALUD O POSTAS DE SALUD,AMAZONAS,BAGUA,IMAZA,10205,I-1,,ACTIVADO
GOBIERNO REGIONAL,CHUMUCH,PUESTOS DE SALUD O POSTAS DE SALUD,CAJAMARCA,CELENDIN,CHUMUCH,60302,I-1,,ACTIVADO
GOBIERNO REGIONAL,CENTRO WAWIK,PUESTOS DE SALUD O POSTAS DE SALUD,AMAZONAS,BAGUA,IMAZA,10205,I-1,,ACTIVADO
GOBIERNO REGIONAL,TUANG ENTSA,PUESTOS DE SALUD O POSTAS DE SALUD,AMAZONAS,CONDORCANQUI,EL CENEPA,10402,I-1,,ACTIVADO
GOBIERNO REGIONAL,BICHANAK,PUESTOS DE SALUD O POSTAS DE SALUD,AMAZONAS,BAGUA,IMAZA,10205,I-1,,ACTIVADO
GOBIERNO REGIONAL,CANGA,PUESTOS DE SALUD O POSTAS DE SALUD,AMAZONAS,CONDORCANQUI,EL CENEPA,10402,I-1,,ACTIVADO
GOBIERNO REGIONAL,NUEVO BELEN,PUESTOS DE SALUD O POSTAS DE SALUD,AMAZONAS,BAGUA,IMAZA,10205,I-1,,ACTIVADO
GOBIERNO REGIONAL,CACHULLA BAJA,PUESTOS DE SALUD O POSTAS DE SALUD,LA LIBERTAD,SANTIAGO DE CHUCO,QUIRUVILCA,131006,I-1,,ACTIVADO
GOBIERNO REGIONAL,PUESTO DE SALUD SAN RAFAEL,PUESTOS DE SALUD O POSTAS DE SALUD,ANCASH,CASMA,CASMA,20801,I-1,,ACTIVADO
GOBIERNO REGIONAL,SEDA FLOR,PUESTOS DE SALUD O POSTAS DE SALUD,AMAZONAS,UTCUBAMBA,CAJARURO,10702,I-1,,ACTIVADO
GOBIERNO REGIONAL,JEMPEST-CHICAIS,PUESTOS DE SALUD O POSTAS DE SALUD,AMAZONAS,BAGUA,IMAZA,10205,I-1,,ACTIVADO
GOBIERNO REGIONAL,LLANGUAT,PUESTOS DE SALUD O POSTAS DE SALUD,CAJAMARCA,CELENDIN,CELENDIN,60301,I-1,,ACTIVADO
GOBIERNO REGIONAL,PUNCHAYPAMPA,PUESTOS DE SALUD O POSTAS DE SALUD,LA LIBERTAD,SANTIAGO DE CHUCO,SANTIAGO DE CHUCO,131001,I-2,1.0,ACTIVADO
GOBIERNO REGIONAL,CENTRO DE SALUD MORO,CENTROS DE SALUD O CENTROS MEDICOS,ANCASH,SANTA,MORO,21805,I-3,,ACTIVADO
GOBIERNO REGIONAL,SAN PABLO,PUESTOS DE SALUD O POSTAS DE SALUD,AMAZONAS,BAGUA,IMAZA,10205,I-1,,ACTIVADO
GOBIERNO REGIONAL,ARAQUEDA,PUESTOS DE SALUD O POSTAS DE SALUD,CAJAMARCA,CAJABAMBA,CACHACHI,60202,I-2,,ACTIVADO
GOBIERNO REGIONAL,PUESTO DE SALUD CAPTUY,PUESTOS DE SALUD O POSTAS DE SALUD,ANCASH,SANTA,MORO,21805,I-1,,ACTIVADO
GOBIERNO REGIONAL,FRAYLECOCHA,PUESTOS DE SALUD O POSTAS DE SALUD,CAJAMARCA,CELENDIN,JOSE GALVEZ,60306,I-1,,ACTIVADO
GOBIERNO REGIONAL,SAN ISIDRO DE QUIUCMAL,PUESTOS DE SALUD O POSTAS DE SALUD,AMAZONAS,LUYA,CONILA,10505,I-1,,ACTIVADO
GOBIERNO REGIONAL,PUESTO DE SALUD EL OLIVAR,PUESTOS DE SALUD O POSTAS DE SALUD,ANCASH,CASMA,BUENA VISTA ALTA,20802,I-2,,ACTIVADO
GOBIERNO REGIONAL,CHOLOCAL,PUESTOS DE SALUD O POSTAS DE SALUD,CAJAMARCA,CAJABAMBA,CACHACHI,60202,I-2,,ACTIVADO
GOBIERNO REGIONAL,EUGENIOPAMPA,PUESTOS DE SALUD O POSTAS DE SALUD,CAJAMARCA,CELENDIN,CELENDIN,60301,I-1,,ACTIVADO
GOBIERNO REGIONAL,HUAYOBAMBA,PUESTOS DE SALUD O POSTAS DE SALUD,CAJAMARCA,SAN MARCOS,PEDRO GALVEZ,61001,I-1,,ACTIVADO
GOBIERNO REGIONAL,SAN MARCOS,CENTROS DE SALUD CON CAMAS DE INTERNAMIENTO,CAJAMARCA,SAN MARCOS,PEDRO GALVEZ,61001,I-4,,ACTIVADO
GOBIERNO REGIONAL,HOSPITAL DE APOYO CESAR VALLEJO MENDOZA,HOSPITALES O CLINICAS DE ATENCION GENERAL,LA LIBERTAD,SANTIAGO DE CHUCO,SANTIAGO DE CHUCO,131001,II-1,12.0,ACTIVADO
GOBIERNO REGIONAL,SAN JUAN DE OCUMAL,PUESTOS DE SALUD O POSTAS DE SALUD,AMAZONAS,LUYA,OCUMAL,10513,I-2,,ACTIVADO
GOBIERNO REGIONAL,TAMBOLIC,PUESTOS DE SALUD O POSTAS DE SALUD,AMAZONAS,UTCUBAMBA,JAMALCA,10705,I-1,,ACTIVADO
GOBIERNO REGIONAL,LOS PATOS,PUESTOS DE SALUD O POSTAS DE SALUD,AMAZONAS,UTCUBAMBA,CAJARURO,10702,I-1,,ACTIVADO
GOBIERNO REGIONAL,VIGASPAMPA,PUESTOS DE SALUD O POSTAS DE SALUD,CAJAMARCA,CELENDIN,SUCRE,60310,I-1,,ACTIVADO
GOBIERNO REGIONAL,SAN MARTIN DE PORRAS,PUESTOS DE SALUD O POSTAS DE SALUD,AMAZONAS,UTCUBAMBA,JAMALCA,10705,I-1,,ACTIVADO
GOBIERNO REGIONAL,PUESTO DE SALUD PUERTO HUARMEY,PUESTOS DE SALUD O POSTAS DE SALUD,ANCASH,HUARMEY,HUARMEY,21101,I-2,,ACTIVADO
GOBIERNO REGIONAL,PAUCAMARCA,PUESTOS DE SALUD O POSTAS DE SALUD,CAJAMARCA,SAN MARCOS,GREGORIO PITA,61004,I-2,,ACTIVADO
GOBIERNO REGIONAL,ASERRADERO,PUESTOS DE SALUD O POSTAS DE SALUD,AMAZONAS,UTCUBAMBA,JAMALCA,10705,I-1,,ACTIVADO
GOBIERNO REGIONAL,PUESTO DE SALUD LA VICTORIA,PUESTOS DE SALUD O POSTAS DE SALUD,ANCASH,HUARMEY,HUARMEY,21101,I-1,,ACTIVADO
GOBIERNO REGIONAL,SAN PEDRO Y SAN PABLO,PUESTOS DE SALUD O POSTAS DE SALUD,AMAZONAS,LUYA,LONYA CHICO,10508,I-1,,ACTIVADO
GOBIERNO REGIONAL,CALCONGA,PUESTOS DE SALUD O POSTAS DE SALUD,CAJAMARCA,CELENDIN,SUCRE,60310,I-1,,ACTIVADO
GOBIERNO REGIONAL,HUARMEY,HOSPITALES O CLINICAS DE ATENCION GENERAL,ANCASH,HUARMEY,HUARMEY,21101,II-1,,ACTIVADO
GOBIERNO REGIONAL,PUESTO DE SALUD SANTA ROSA DE PAQUIRCA,PUESTOS DE SALUD O POSTAS DE SALUD,ANCASH,SANTA,MACATE,21804,I-1,,ACTIVADO
GOBIERNO REGIONAL,NUEVA VIDA,PUESTOS DE SALUD O POSTAS DE SALUD,AMAZONAS,BAGUA,IMAZA,10205,I-1,,ACTIVADO
GOBIERNO REGIONAL,PUESTO DE SALUD HUANCHUY,PUESTOS DE SALUD O POSTAS DE SALUD,ANCASH,CASMA,BUENA VISTA ALTA,20802,I-2,,ACTIVADO
GOBIERNO REGIONAL,DUNIA GRANDE,PUESTOS DE SALUD O POSTAS DE SALUD,AMAZONAS,UTCUBAMBA,JAMALCA,10705,I-1,,ACTIVADO
GOBIERNO REGIONAL,SAN JUAN DE PROVIDENCIA,PUESTOS DE SALUD O POSTAS DE SALUD,AMAZONAS,LUYA,SANTA CATALINA,10520,I-1,,ACTIVADO
GOBIERNO REGIONAL,WAWAIN,PUESTOS DE SALUD O POSTAS DE SALUD,AMAZONAS,CONDORCANQUI,EL CENEPA,10402,I-1,,ACTIVADO
GOBIERNO REGIONAL,SAN JOSE DE PORCON,PUESTOS DE SALUD O POSTAS DE SALUD,LA LIBERTAD,SANTIAGO DE CHUCO,QUIRUVILCA,131006,I-2,,ACTIVADO
GOBIERNO REGIONAL,M.I. CACHICADAN,CENTROS DE SALUD CON CAMAS DE INTERNAMIENTO,LA LIBERTAD,SANTIAGO DE CHUCO,CACHICADAN,131003,I-4,3.0,ACTIVADO
GOBIERNO REGIONAL,DUELAC,PUESTOS DE SALUD O POSTAS DE SALUD,AMAZONAS,UTCUBAMBA,JAMALCA,10705,I-1,,ACTIVADO
GOBIERNO REGIONAL,INGENIO,PUESTOS DE SALUD O POSTAS DE SALUD,AMAZONAS,LUYA,SANTA CATALINA,10520,I-1,,ACTIVADO
GOBIERNO REGIONAL,DE APOYO CELENDIN,HOSPITALES O CLINICAS DE ATENCION ESPECIALIZADA,CAJAMARCA,CELENDIN,CELENDIN,60301,II-1,18.0,ACTIVADO
GOBIERNO REGIONAL,SHIMPUENTS,PUESTOS DE SALUD O POSTAS DE SALUD,AMAZONAS,BAGUA,IMAZA,10205,I-1,,ACTIVADO
GOBIERNO REGIONAL,HUANICO,PUESTOS DE SALUD O POSTAS DE SALUD,CAJAMARCA,CAJAMARCA,NAMORA,60111,I-1,,ACTIVADO
GOBIERNO REGIONAL,PUESTO DE SALUD LAMPANIN,PUESTOS DE SALUD O POSTAS DE SALUD,ANCASH,SANTA,CACERES DEL PERU,21802,I-1,,ACTIVADO
GOBIERNO REGIONAL,PUESTO DE SALUD POCOS,PUESTOS DE SALUD O POSTAS DE SALUD,ANCASH,SANTA,MORO,21805,I-1,,ACTIVADO
GOBIERNO REGIONAL,SANTA CRUZ DE CHUCA,PUESTOS DE SALUD O POSTAS DE SALUD,LA LIBERTAD,SANTIAGO DE CHUCO,SANTA CRUZ DE CHUCA,131007,I-2,,ACTIVADO
GOBIERNO REGIONAL,MALCAS,CENTROS DE SALUD O CENTROS MEDICOS,CAJAMARCA,CAJABAMBA,CONDEBAMBA,60203,I-3,,ACTIVADO
ESSALUD,CENTRO MEDICO CELENDIN,CENTROS DE SALUD O CENTROS MEDICOS,CAJAMARCA,CELENDIN,CELENDIN,60301,I-3,,ACTIVADO
GOBIERNO REGIONAL,PUEBLO NUEVO,PUESTOS DE SALUD O POSTAS DE SALUD,AMAZONAS,LUYA,PISUQUIA,10514,I-1,,ACTIVADO
GOBIERNO REGIONAL,CHUQUIBAMBA,CENTROS DE SALUD O CENTROS MEDICOS,CAJAMARCA,CAJABAMBA,CACHACHI,60202,I-3,,ACTIVADO
GOBIERNO REGIONAL,PUESTO DE SALUD JIMBE,PUESTOS DE SALUD O POSTAS DE SALUD,ANCASH,SANTA,CACERES DEL PERU,21802,I-2,,ACTIVADO
GOBIERNO REGIONAL,SANAGORAN,CENTROS DE SALUD CON CAMAS DE INTERNAMIENTO,LA LIBERTAD,SANCHEZ CARRION,SANAGORAN,130906,I-2,8.0,ACTIVADO
GOBIERNO REGIONAL,PUESTO DE SALUD COCHAPAMPA,PUESTOS DE SALUD O POSTAS DE SALUD,LA LIBERTAD,SANTIAGO DE CHUCO,SANTA CRUZ DE CHUCA,131007,I-2,,ACTIVADO
GOBIERNO REGIONAL,ULLILLIN,PUESTOS DE SALUD O POSTAS DE SALUD,CAJAMARCA,SAN MARCOS,GREGORIO PITA,61004,I-1,,ACTIVADO
GOBIERNO REGIONAL,SALAZAR,PUESTOS DE SALUD O POSTAS DE SALUD,AMAZONAS,LUYA,SANTA CATALINA,10520,I-2,,ACTIVADO
GOBIERNO REGIONAL,SUCRE,CENTROS DE SALUD O CENTROS MEDICOS,CAJAMARCA,CELENDIN,SUCRE,60310,I-3,,ACTIVADO
GOBIERNO REGIONAL,SAN ANTONIO,PUESTOS DE SALUD O POSTAS DE SALUD,CAJAMARCA,CELENDIN,CELENDIN,60301,I-1,,ACTIVADO
GOBIERNO REGIONAL,EL ALISO,PUESTOS DE SALUD O POSTAS DE SALUD,AMAZONAS,UTCUBAMBA,CAJARURO,10702,I-1,,ACTIVADO
GOBIERNO REGIONAL,ICHOCAN,CENTROS DE SALUD O CENTROS MEDICOS,CAJAMARCA,SAN MARCOS,ICHOCAN,61005,I-3,,ACTIVADO
GOBIERNO REGIONAL,TRIBULON,CENTROS DE SALUD O CENTROS MEDICOS,AMAZONAS,LUYA,PISUQUIA,10514,I-3,,ACTIVADO
GOBIERNO REGIONAL,JOSE GALVEZ,PUESTOS DE SALUD O POSTAS DE SALUD,CAJAMARCA,CELENDIN,JOSE GALVEZ,60306,I-2,,ACTIVADO
GOBIERNO REGIONAL,LA GRAMA,PUESTOS DE SALUD O POSTAS DE SALUD,CAJAMARCA,SAN MARCOS,EDUARDO VILLANUEVA,61003,I-2,,ACTIVADO
GOBIERNO REGIONAL,YAULICACHI,PUESTOS DE SALUD O POSTAS DE SALUD,AMAZONAS,LUYA,OCUMAL,10513,I-2,,ACTIVADO
GOBIERNO REGIONAL,SAN RAMON,PUESTOS DE SALUD O POSTAS DE SALUD,AMAZONAS,LUYA,PISUQUIA,10514,I-1,,ACTIVADO
GOBIERNO REGIONAL,CHANCAY,PUESTOS DE SALUD O POSTAS DE SALUD,CAJAMARCA,SAN MARCOS,CHANCAY,61002,I-1,,ACTIVADO
GOBIERNO REGIONAL,MUYOC,PUESTOS DE SALUD O POSTAS DE SALUD,CAJAMARCA,SAN MARCOS,GREGORIO PITA,61004,I-1,,ACTIVADO
GOBIERNO REGIONAL,PUESTO DE SALUD CASA BLANCA,PUESTOS DE SALUD O POSTAS DE SALUD,ANCASH,CASMA,CASMA,20801,I-1,,ACTIVADO
GOBIERNO REGIONAL,EL HUAYO,PUESTOS DE SALUD O POSTAS DE SALUD,CAJAMARCA,CAJABAMBA,CONDEBAMBA,60203,I-1,,ACTIVADO
GOBIERNO REGIONAL,ALAN GARCIA,PUESTOS DE SALUD O POSTAS DE SALUD,AMAZONAS,CONDORCANQUI,NIEVA,10401,I-1,,ACTIVADO
GOBIERNO REGIONAL,SAN CRISTOBAL,CENTROS DE SALUD O CENTROS MEDICOS,AMAZONAS,UTCUBAMBA,CAJARURO,10702,I-3,,ACTIVADO
GOBIERNO REGIONAL,PUESTO DE SALUD MOLINO,PUESTOS DE SALUD O POSTAS DE SALUD,ANCASH,HUARMEY,CULEBRAS,21103,I-1,,ACTIVADO
GOBIERNO REGIONAL,MINASCONGA,PUESTOS DE SALUD O POSTAS DE SALUD,CAJAMARCA,CELENDIN,OXAMARCA,60308,I-1,,ACTIVADO
GOBIERNO REGIONAL,VISTA HERMOSA,PUESTOS DE SALUD O POSTAS DE SALUD,AMAZONAS,LUYA,OCUMAL,10513,I-1,,ACTIVADO
GOBIERNO REGIONAL,EL REJO,PUESTOS DE SALUD O POSTAS DE SALUD,AMAZONAS,LUYA,PISUQUIA,10514,I-1,,ACTIVADO
GOBIERNO REGIONAL,HUALASGOSDAY,PUESTOS DE SALUD O POSTAS DE SALUD,LA LIBERTAD,SANCHEZ CARRION,SANAGORAN,130906,I-2,,ACTIVADO
GOBIERNO REGIONAL,CUZUMATAK,PUESTOS DE SALUD O POSTAS DE SALUD,AMAZONAS,CONDORCANQUI,NIEVA,10401,I-1,,ACTIVADO
GOBIERNO REGIONAL,VILLA CRUZ DE ALGALLAMA,PUESTOS DE SALUD O POSTAS DE SALUD,LA LIBERTAD,SANTIAGO DE CHUCO,SANTA CRUZ DE CHUCA,131007,I-2,,ACTIVADO
GOBIERNO REGIONAL,MENDAN,PUESTOS DE SALUD O POSTAS DE SALUD,AMAZONAS,LUYA,COCABAMBA,10503,I-2,,ACTIVADO
GOBIERNO REGIONAL,HUAÑIMBA,PUESTOS DE SALUD O POSTAS DE SALUD,CAJAMARCA,CAJABAMBA,CONDEBAMBA,60203,I-2,,ACTIVADO
GOBIERNO REGIONAL,PASHKUS,PUESTOS DE SALUD O POSTAS DE SALUD,AMAZONAS,CONDORCANQUI,RIO SANTIAGO,10403,I-1,,ACTIVADO
GOBIERNO REGIONAL,PAANTAM,PUESTOS DE SALUD O POSTAS DE SALUD,AMAZONAS,CONDORCANQUI,NIEVA,10401,I-1,,ACTIVADO
GOBIERNO REGIONAL,CHUILON,PUESTOS DE SALUD O POSTAS DE SALUD,AMAZONAS,LUYA,COCABAMBA,10503,I-1,,ACTIVADO
GOBIERNO REGIONAL,PUESTO DE SALUD HUANROC,PUESTOS DE SALUD O POSTAS DE SALUD,ANCASH,SANTA,MACATE,21804,I-1,,ACTIVADO
GOBIERNO REGIONAL,CHOQUIZONGUILLO,PUESTOS DE SALUD O POSTAS DE SALUD,LA LIBERTAD,SANCHEZ CARRION,HUAMACHUCO,130901,I-2,,ACTIVADO
GOBIERNO REGIONAL,JORGE CHAVEZ,PUESTOS DE SALUD O POSTAS DE SALUD,CAJAMARCA,CELENDIN,JORGE CHAVEZ,60305,I-1,,ACTIVADO
GOBIERNO REGIONAL,CHUCO,PUESTOS DE SALUD O POSTAS DE SALUD,CAJAMARCA,SAN MARCOS,PEDRO GALVEZ,61001,I-1,,ACTIVADO
GOBIERNO REGIONAL,UTCO LIMON,PUESTOS DE SALUD O POSTAS DE SALUD,CAJAMARCA,CELENDIN,UTCO,60311,I-1,,ACTIVADO
GOBIERNO REGIONAL,YOMBLON DE PISUQUIA,PUESTOS DE SALUD O POSTAS DE SALUD,AMAZONAS,LUYA,PISUQUIA,10514,I-1,,ACTIVADO
GOBIERNO REGIONAL,SOCCHAGON,PUESTOS DE SALUD O POSTAS DE SALUD,CAJAMARCA,SAN MARCOS,CHANCAY,61002,I-1,,ACTIVADO
GOBIERNO REGIONAL,EL OLIVO,PUESTOS DE SALUD O POSTAS DE SALUD,LA LIBERTAD,SANCHEZ CARRION,HUAMACHUCO,130901,I-1,,ACTIVADO
GOBIERNO REGIONAL,PIOBAMBA,PUESTOS DE SALUD O POSTAS DE SALUD,CAJAMARCA,CELENDIN,OXAMARCA,60308,I-2,,ACTIVADO
GOBIERNO REGIONAL,SHISPASBAMBA,PUESTOS DE SALUD O POSTAS DE SALUD,AMAZONAS,BONGARA,SHIPASBAMBA,10310,I-1,,ACTIVADO
GOBIERNO REGIONAL,CAUDAY,PUESTOS DE SALUD O POSTAS DE SALUD,CAJAMARCA,CAJABAMBA,CONDEBAMBA,60203,I-2,,ACTIVADO
GOBIERNO REGIONAL,OTUTO,PUESTOS DE SALUD O POSTAS DE SALUD,CAJAMARCA,CAJABAMBA,CONDEBAMBA,60203,I-1,,ACTIVADO
GOBIERNO REGIONAL,PUESTO DE SALUD SANTA ROSA,PUESTOS DE SALUD O POSTAS DE SALUD,ANCASH,PALLASCA,SANTA ROSA,21510,I-2,,ACTIVADO
GOBIERNO REGIONAL,POMARONGO,PUESTOS DE SALUD O POSTAS DE SALUD,CAJAMARCA,SAN MARCOS,CHANCAY,61002,I-1,,ACTIVADO
GOBIERNO REGIONAL,OXAMARCA,PUESTOS DE SALUD O POSTAS DE SALUD,CAJAMARCA,CELENDIN,OXAMARCA,60308,I-2,,ACTIVADO
GOBIERNO REGIONAL,CAJABAMBA,PUESTOS DE SALUD O POSTAS DE SALUD,CAJAMARCA,CAJABAMBA,CAJABAMBA,60201,I-2,,ACTIVADO
GOBIERNO REGIONAL,SANTA CATALINA,PUESTOS DE SALUD O POSTAS DE SALUD,AMAZONAS,LUYA,SANTA CATALINA,10520,I-2,,ACTIVADO
GOBIERNO REGIONAL,MALAT,PUESTOS DE SALUD O POSTAS DE SALUD,CAJAMARCA,SAN MARCOS,JOSE SABOGAL,61007,I-2,,ACTIVADO
GOBIERNO REGIONAL,PUESTO DE SALUD MACATE,PUESTOS DE SALUD O POSTAS DE SALUD,ANCASH,SANTA,MACATE,21804,I-2,,ACTIVADO
GOBIERNO REGIONAL,PUESTO DE SALUD COLCAP,PUESTOS DE SALUD O POSTAS DE SALUD,ANCASH,SANTA,CACERES DEL PERU,21802,I-2,,ACTIVADO
GOBIERNO REGIONAL,NARANJOPAMPA,PUESTOS DE SALUD O POSTAS DE SALUD,LA LIBERTAD,SANCHEZ CARRION,MARCABAL,130905,I-1,,ACTIVADO
GOBIERNO REGIONAL,MATERNO INFANTIL ANGASMARCA,CENTROS DE SALUD CON CAMAS DE INTERNAMIENTO,LA LIBERTAD,SANTIAGO DE CHUCO,ANGASMARCA,131002,I-4,2.0,ACTIVADO
GOBIERNO REGIONAL,URAKUSA,CENTROS DE SALUD O CENTROS MEDICOS,AMAZONAS,CONDORCANQUI,NIEVA,10401,I-3,,ACTIVADO
GOBIERNO REGIONAL,LA QUINUA,PUESTOS DE SALUD O POSTAS DE SALUD,CAJAMARCA,CELENDIN,OXAMARCA,60308,I-1,,ACTIVADO
GOBIERNO REGIONAL,PUESTO DE SALUD CACHIPAMPA,PUESTOS DE SALUD O POSTAS DE SALUD,ANCASH,CASMA,YAUTAN,20804,I-1,,ACTIVADO
ESSALUD,CENTRO MEDICO CAJABAMBA,CENTROS DE SALUD O CENTROS MEDICOS,CAJAMARCA,CAJABAMBA,CAJABAMBA,60201,I-3,,ACTIVADO
GOBIERNO REGIONAL,PUESTO DE SALUD BOLOGNESI,PUESTOS DE SALUD O POSTAS DE SALUD,ANCASH,PALLASCA,BOLOGNESI,21502,I-1,,ACTIVADO
GOBIERNO REGIONAL,LA ESPERANZA,PUESTOS DE SALUD O POSTAS DE SALUD,AMAZONAS,UTCUBAMBA,CAJARURO,10702,I-1,,ACTIVADO
GOBIERNO REGIONAL,DE APOYO CAJABAMBA,HOSPITALES O CLINICAS DE ATENCION GENERAL,CAJAMARCA,CAJABAMBA,CAJABAMBA,60201,II-1,30.0,ACTIVADO
GOBIERNO REGIONAL,MEMBRILLO,PUESTOS DE SALUD O POSTAS DE SALUD,AMAZONAS,LUYA,PISUQUIA,10514,I-1,,ACTIVADO
GOBIERNO REGIONAL,SHIRAC,PUESTOS DE SALUD O POSTAS DE SALUD,CAJAMARCA,SAN MARCOS,JOSE MANUEL QUIROZ,61006,I-2,,ACTIVADO
GOBIERNO REGIONAL,TINYAYOC,PUESTOS DE SALUD O POSTAS DE SALUD,CAJAMARCA,SAN MARCOS,JOSE SABOGAL,61007,I-1,,ACTIVADO
GOBIERNO REGIONAL,HOSPITAL DE APOYO LEONCIO PRADO,HOSPITALES O CLINICAS DE ATENCION GENERAL,LA LIBERTAD,SANCHEZ CARRION,HUAMACHUCO,130901,II-1,17.0,ACTIVADO
GOBIERNO REGIONAL,PUESTO DE SALUD LLAPO,PUESTOS DE SALUD O POSTAS DE SALUD,ANCASH,PALLASCA,LLAPO,21507,I-1,,ACTIVADO
GOBIERNO REGIONAL,PUESTO DE SALUD ULLPAN,PUESTOS DE SALUD O POSTAS DE SALUD,ANCASH,HUAYLAS,PAMPAROMAS,21206,I-1,,ACTIVADO
GOBIERNO REGIONAL,CENTRO DE SALUD QUILLO,CENTROS DE SALUD CON CAMAS DE INTERNAMIENTO,ANCASH,YUNGAY,QUILLO,22005,I-4,,ACTIVADO
GOBIERNO REGIONAL,PUESTO DE SALUD TAUCA,PUESTOS DE SALUD O POSTAS DE SALUD,ANCASH,PALLASCA,TAUCA,21511,I-2,,ACTIVADO
GOBIERNO REGIONAL,PUTUYAKAT,CENTROS DE SALUD O CENTROS MEDICOS,AMAZONAS,CONDORCANQUI,NIEVA,10401,I-3,,ACTIVADO
GOBIERNO REGIONAL,JOSE SABOGAL,CENTROS DE SALUD O CENTROS MEDICOS,CAJAMARCA,SAN MARCOS,JOSE SABOGAL,61007,I-3,,ACTIVADO
GOBIERNO REGIONAL,MARCABALITO,CENTROS DE SALUD CON CAMAS DE INTERNAMIENTO,LA LIBERTAD,SANCHEZ CARRION,MARCABAL,130905,I-4,3.0,ACTIVADO
GOBIERNO REGIONAL,CRUZPATA,PUESTOS DE SALUD O POSTAS DE SALUD,AMAZONAS,LUYA,TRITA,10523,I-1,,ACTIVADO
GOBIERNO REGIONAL,PUENTE PIEDRA,PUESTOS DE SALUD O POSTAS DE SALUD,LA LIBERTAD,SANCHEZ CARRION,HUAMACHUCO,130901,I-2,,ACTIVADO
GOBIERNO REGIONAL,COLCABAMBA,PUESTOS DE SALUD O POSTAS DE SALUD,CAJAMARCA,CAJABAMBA,CAJABAMBA,60201,I-2,,ACTIVADO
GOBIERNO REGIONAL,CHOCTA,PUESTOS DE SALUD O POSTAS DE SALUD,AMAZONAS,LUYA,LUYA,10509,I-1,,ACTIVADO
GOBIERNO REGIONAL,LUYA VIEJO,PUESTOS DE SALUD O POSTAS DE SALUD,AMAZONAS,LUYA,LUYA VIEJO,10510,I-1,,ACTIVADO
GOBIERNO REGIONAL,CHANSHAPAMPA,PUESTOS DE SALUD O POSTAS DE SALUD,CAJAMARCA,CAJABAMBA,CAJABAMBA,60201,I-1,,ACTIVADO
GOBIERNO REGIONAL,PUESTO DE SALUD HUALALAY,PUESTOS DE SALUD O POSTAS DE SALUD,ANCASH,PALLASCA,TAUCA,21511,I-1,,ACTIVADO
GOBIERNO REGIONAL,CHORROS,PUESTOS DE SALUD O POSTAS DE SALUD,AMAZONAS,CONDORCANQUI,NIEVA,10401,I-1,,ACTIVADO
GOBIERNO REGIONAL,HUAGAL,PUESTOS DE SALUD O POSTAS DE SALUD,CAJAMARCA,SAN MARCOS,JOSE SABOGAL,61007,I-1,,ACTIVADO
GOBIERNO REGIONAL,PUESTO DE SALUD FERRER,PUESTOS DE SALUD O POSTAS DE SALUD,ANCASH,PALLASCA,BOLOGNESI,21502,I-1,,ACTIVADO
GOBIERNO REGIONAL,CONILA COHECHAN,PUESTOS DE SALUD O POSTAS DE SALUD,AMAZONAS,LUYA,CONILA,10505,I-2,,ACTIVADO
GOBIERNO REGIONAL,TRITA,PUESTOS DE SALUD O POSTAS DE SALUD,AMAZONAS,LUYA,TRITA,10523,I-2,,ACTIVADO
GOBIERNO REGIONAL,SHIPATA,PUESTOS DE SALUD O POSTAS DE SALUD,AMAZONAS,LUYA,LUYA,10509,I-1,,ACTIVADO
GOBIERNO REGIONAL,JOCOS,PUESTOS DE SALUD O POSTAS DE SALUD,CAJAMARCA,CAJABAMBA,SITACOCHA,60204,I-1,,ACTIVADO
GOBIERNO REGIONAL,NUEVO LUYA,PUESTOS DE SALUD O POSTAS DE SALUD,AMAZONAS,LUYA,CONILA,10505,I-1,,ACTIVADO
GOBIERNO REGIONAL,CENTRO DE SALUD CABANA,CENTROS DE SALUD O CENTROS MEDICOS,ANCASH,PALLASCA,CABANA,21501,I-3,,ACTIVADO
GOBIERNO REGIONAL,PUESTO DE SALUD HUACASCHUQUE,PUESTOS DE SALUD O POSTAS DE SALUD,ANCASH,PALLASCA,HUACASCHUQUE,21504,I-1,,ACTIVADO
GOBIERNO REGIONAL,EL CAPULI,PUESTOS DE SALUD O POSTAS DE SALUD,LA LIBERTAD,SANCHEZ CARRION,HUAMACHUCO,130901,I-1,,ACTIVADO
GOBIERNO REGIONAL,SAASA,PUESTOS DE SALUD O POSTAS DE SALUD,AMAZONAS,CONDORCANQUI,NIEVA,10401,I-1,,ACTIVADO
GOBIERNO REGIONAL,ALTO UTCUBAMBA,PUESTOS DE SALUD O POSTAS DE SALUD,AMAZONAS,UTCUBAMBA,CAJARURO,10702,I-1,,ACTIVADO
GOBIERNO REGIONAL,CENTRO DE SALUD PALLASCA,CENTROS DE SALUD O CENTROS MEDICOS,ANCASH,PALLASCA,PALLASCA,21508,I-3,,ACTIVADO
GOBIERNO REGIONAL,CHAQUILBAMBA,PUESTOS DE SALUD O POSTAS DE SALUD,LA LIBERTAD,SANCHEZ CARRION,MARCABAL,130905,I-2,,ACTIVADO
GOBIERNO REGIONAL,CENTRO DE SALUD YAUTAN,CENTROS DE SALUD CON CAMAS DE INTERNAMIENTO,ANCASH,CASMA,YAUTAN,20804,I-4,,ACTIVADO
GOBIERNO REGIONAL,SANTA CLARA DE TULPO,PUESTOS DE SALUD O POSTAS DE SALUD,LA LIBERTAD,SANTIAGO DE CHUCO,MOLLEBAMBA,131004,I-2,,ACTIVADO
GOBIERNO REGIONAL,PUESTO DE SALUD BAMBAS,PUESTOS DE SALUD O POSTAS DE SALUD,ANCASH,CORONGO,BAMBAS,20903,I-1,,ACTIVADO
GOBIERNO REGIONAL,CAMELIN,PUESTOS DE SALUD O POSTAS DE SALUD,AMAZONAS,LUYA,LONYA CHICO,10508,I-1,,ACTIVADO
GOBIERNO REGIONAL,CHOCTAMAL,PUESTOS DE SALUD O POSTAS DE SALUD,AMAZONAS,LUYA,LONGUITA,10507,I-1,,ACTIVADO
GOBIERNO REGIONAL,COLMATA,PUESTOS DE SALUD O POSTAS DE SALUD,AMAZONAS,LUYA,LUYA,10509,I-1,,ACTIVADO
GOBIERNO REGIONAL,PUESTO DE SALUD CALLHUASH,PUESTOS DE SALUD O POSTAS DE SALUD,ANCASH,HUAYLAS,HUALLANCA,21202,I-1,,ACTIVADO
GOBIERNO REGIONAL,CENTRO DE SALUD PAMPAROMAS,CENTROS DE SALUD O CENTROS MEDICOS,ANCASH,HUAYLAS,PAMPAROMAS,21206,I-3,,ACTIVADO
GOBIERNO REGIONAL,CUEMAL,PUESTOS DE SALUD O POSTAS DE SALUD,AMAZONAS,LUYA,LAMUD,10501,I-1,,ACTIVADO
GOBIERNO REGIONAL,COROBAMBA,PUESTOS DE SALUD O POSTAS DE SALUD,AMAZONAS,LUYA,LUYA,10509,I-1,,ACTIVADO
GOBIERNO REGIONAL,PEDRO RUIZ GALLO,CENTROS DE SALUD CON CAMAS DE INTERNAMIENTO,AMAZONAS,BONGARA,JAZAN,10307,I-4,12.0,ACTIVADO
GOBIERNO REGIONAL,SITACOCHA,PUESTOS DE SALUD O POSTAS DE SALUD,CAJAMARCA,CAJABAMBA,SITACOCHA,60204,I-1,,ACTIVADO
GOBIERNO REGIONAL,PUESTO DE SALUD HUANDOVAL,PUESTOS DE SALUD O POSTAS DE SALUD,ANCASH,PALLASCA,HUANDOVAL,21505,I-2,,ACTIVADO
GOBIERNO REGIONAL,PUESTO DE SALUD CHUNYA,PUESTOS DE SALUD O POSTAS DE SALUD,ANCASH,HUAYLAS,PAMPAROMAS,21206,I-1,,ACTIVADO
GOBIERNO REGIONAL,MOLLEBAMBA,PUESTOS DE SALUD O POSTAS DE SALUD,LA LIBERTAD,SANTIAGO DE CHUCO,MOLLEBAMBA,131004,I-2,,ACTIVADO
GOBIERNO REGIONAL,COLCAMAR,CENTROS DE SALUD O CENTROS MEDICOS,AMAZONAS,LUYA,COLCAMAR,10504,I-3,,ACTIVADO
GOBIERNO REGIONAL,PACLAS,PUESTOS DE SALUD O POSTAS DE SALUD,AMAZONAS,LUYA,SAN JERONIMO,10518,I-1,,ACTIVADO
GOBIERNO REGIONAL,AGOCAS,PUESTOS DE SALUD O POSTAS DE SALUD,LA LIBERTAD,SANCHEZ CARRION,MARCABAL,130905,I-2,,ACTIVADO
GOBIERNO REGIONAL,PUESTO DE SALUD PAMPAP,PUESTOS DE SALUD O POSTAS DE SALUD,ANCASH,HUAYLAS,PAMPAROMAS,21206,I-1,,ACTIVADO
GOBIERNO REGIONAL,KAYAMAS,PUESTOS DE SALUD O POSTAS DE SALUD,AMAZONAS,CONDORCANQUI,NIEVA,10401,I-1,,ACTIVADO
GOBIERNO REGIONAL,LONGUITA,PUESTOS DE SALUD O POSTAS DE SALUD,AMAZONAS,LUYA,LONGUITA,10507,I-1,,ACTIVADO
GOBIERNO REGIONAL,PUESTO DE SALUD CHACLANCAYO,PUESTOS DE SALUD O POSTAS DE SALUD,ANCASH,HUAYLAS,PAMPAROMAS,21206,I-1,,ACTIVADO
GOBIERNO REGIONAL,PERLA DE IMAZA,PUESTOS DE SALUD O POSTAS DE SALUD,AMAZONAS,BONGARA,YAMBRASBAMBA,10312,I-1,,ACTIVADO
GOBIERNO REGIONAL,PUESTO DE SALUD YUPAN,PUESTOS DE SALUD O POSTAS DE SALUD,ANCASH,CORONGO,YUPAN,20907,I-1,,ACTIVADO
GOBIERNO REGIONAL,POMACOCHAS,CENTROS DE SALUD CON CAMAS DE INTERNAMIENTO,AMAZONAS,BONGARA,FLORIDA,10306,I-4,12.0,ACTIVADO
GOBIERNO REGIONAL,LLUCHUBAMBA,CENTROS DE SALUD O CENTROS MEDICOS,CAJAMARCA,CAJABAMBA,SITACOCHA,60204,I-3,,ACTIVADO
GOBIERNO REGIONAL,PUESTO DE SALUD PICHIU,PUESTOS DE SALUD O POSTAS DE SALUD,ANCASH,HUAYLAS,PAMPAROMAS,21206,I-2,,ACTIVADO
GOBIERNO REGIONAL,YUMINGKUS,PUESTOS DE SALUD O POSTAS DE SALUD,AMAZONAS,CONDORCANQUI,NIEVA,10401,I-2,,ACTIVADO
GOBIERNO REGIONAL,MARIA,CENTROS DE SALUD O CENTROS MEDICOS,AMAZONAS,LUYA,MARIA,10511,I-3,,ACTIVADO
GOBIERNO REGIONAL,IPAKUMA,PUESTOS DE SALUD O POSTAS DE SALUD,AMAZONAS,CONDORCANQUI,NIEVA,10401,I-1,,ACTIVADO
GOBIERNO REGIONAL,SAN CRISTOBAL DE OLTO,PUESTOS DE SALUD O POSTAS DE SALUD,AMAZONAS,LUYA,SAN CRISTOBAL,10516,I-1,,ACTIVADO
GOBIERNO REGIONAL,COCHA,PUESTOS DE SALUD O POSTAS DE SALUD,AMAZONAS,LUYA,COLCAMAR,10504,I-1,,ACTIVADO
GOBIERNO REGIONAL,PUESTO DE SALUD PAMPACANCHA,PUESTOS DE SALUD O POSTAS DE SALUD,ANCASH,YUNGAY,SHUPLUY,22007,I-1,,ACTIVADO
GOBIERNO REGIONAL,PUESTO DE SALUD COLCAP,PUESTOS DE SALUD O POSTAS DE SALUD,ANCASH,HUAYLAS,HUALLANCA,21202,I-1,,ACTIVADO
GOBIERNO REGIONAL,MOLLEPATA,PUESTOS DE SALUD O POSTAS DE SALUD,LA LIBERTAD,SANTIAGO DE CHUCO,MOLLEPATA,131005,I-2,,ACTIVADO
GOBIERNO REGIONAL,QUILLILLIC,PUESTOS DE SALUD O POSTAS DE SALUD,AMAZONAS,LUYA,COLCAMAR,10504,I-1,,ACTIVADO
GOBIERNO REGIONAL,CARRERA,PUESTOS DE SALUD O POSTAS DE SALUD,AMAZONAS,BONGARA,FLORIDA,10306,I-1,,ACTIVADO
GOBIERNO REGIONAL,LA YEGUADA,PUESTOS DE SALUD O POSTAS DE SALUD,LA LIBERTAD,SANTIAGO DE CHUCO,MOLLEPATA,131005,I-1,,ACTIVADO
GOBIERNO REGIONAL,INGUILPATA,PUESTOS DE SALUD O POSTAS DE SALUD,AMAZONAS,LUYA,INGUILPATA,10506,I-2,,ACTIVADO
GOBIERNO REGIONAL,LONYA CHICO,PUESTOS DE SALUD O POSTAS DE SALUD,AMAZONAS,LUYA,LONYA CHICO,10508,I-1,,ACTIVADO
GOBIERNO REGIONAL,CHURUJA,PUESTOS DE SALUD O POSTAS DE SALUD,AMAZONAS,BONGARA,CHURUJA,10303,I-2,,ACTIVADO
GOBIERNO REGIONAL,LAMUD,CENTROS DE SALUD O CENTROS MEDICOS,AMAZONAS,LUYA,LAMUD,10501,I-3,,ACTIVADO
GOBIERNO REGIONAL,CACHIACCO,PUESTOS DE SALUD O POSTAS DE SALUD,AMAZONAS,CONDORCANQUI,NIEVA,10401,I-1,,ACTIVADO
GOBIERNO REGIONAL,TAYUNTSA,PUESTOS DE SALUD O POSTAS DE SALUD,AMAZONAS,CONDORCANQUI,NIEVA,10401,I-1,,ACTIVADO
GOBIERNO REGIONAL,PUESTO DE SALUD QUIAN,PUESTOS DE SALUD O POSTAS DE SALUD,ANCASH,HUARMEY,CULEBRAS,21103,I-2,,ACTIVADO
GOBIERNO REGIONAL,PUMPUSHAK,PUESTOS DE SALUD O POSTAS DE SALUD,AMAZONAS,CONDORCANQUI,NIEVA,10401,I-1,,ACTIVADO
GOBIERNO REGIONAL,LUYA,CENTROS DE SALUD O CENTROS MEDICOS,AMAZONAS,LUYA,LUYA,10509,I-3,,ACTIVADO
GOBIERNO REGIONAL,PUESTO DE SALUD HUACHO,PUESTOS DE SALUD O POSTAS DE SALUD,ANCASH,YUNGAY,QUILLO,22005,I-2,,ACTIVADO
GOBIERNO REGIONAL,CIRO ALEGRIA,PUESTOS DE SALUD O POSTAS DE SALUD,AMAZONAS,CONDORCANQUI,NIEVA,10401,I-1,,ACTIVADO
GOBIERNO REGIONAL,CERPAQUINO,PUESTOS DE SALUD O POSTAS DE SALUD,LA LIBERTAD,SANCHEZ CARRION,SARIN,130907,I-2,,ACTIVADO
GOBIERNO REGIONAL,CURGOS-WALTER JUNIOR VELARDE ARTEAGA,CENTROS DE SALUD CON CAMAS DE INTERNAMIENTO,LA LIBERTAD,SANCHEZ CARRION,CURGOS,130904,I-3,2.0,ACTIVADO
GOBIERNO REGIONAL,GOLLON,PUESTOS DE SALUD O POSTAS DE SALUD,AMAZONAS,CHACHAPOYAS,BALSAS,10103,I-1,,ACTIVADO
GOBIERNO REGIONAL,CHUMBOL,PUESTOS DE SALUD O POSTAS DE SALUD,AMAZONAS,CHACHAPOYAS,CHUQUIBAMBA,10106,I-1,,ACTIVADO
GOBIERNO REGIONAL,SAULLAMUR,PUESTOS DE SALUD O POSTAS DE SALUD,AMAZONAS,CHACHAPOYAS,BALSAS,10103,I-1,,ACTIVADO
GOBIERNO REGIONAL,PONAYA,PUESTOS DE SALUD O POSTAS DE SALUD,AMAZONAS,LUYA,COLCAMAR,10504,I-1,,ACTIVADO
GOBIERNO REGIONAL,MARCAMACHAY,PUESTOS DE SALUD O POSTAS DE SALUD,CAJAMARCA,CAJABAMBA,SITACOCHA,60204,I-1,,ACTIVADO
GOBIERNO REGIONAL,LA FLORIDA,PUESTOS DE SALUD O POSTAS DE SALUD,AMAZONAS,BONGARA,YAMBRASBAMBA,10312,I-2,,ACTIVADO
GOBIERNO REGIONAL,SAN ISIDRO DE UTCUBAMBA,PUESTOS DE SALUD O POSTAS DE SALUD,AMAZONAS,CHACHAPOYAS,CHACHAPOYAS,10101,I-1,,ACTIVADO
GOBIERNO REGIONAL,PUSAC,CENTROS DE SALUD O CENTROS MEDICOS,LA LIBERTAD,BOLIVAR,LONGOTEA,130304,I-3,,ACTIVADO
GOBIERNO REGIONAL,PLAZAPAMPA,PUESTOS DE SALUD O POSTAS DE SALUD,AMAZONAS,CHACHAPOYAS,LEIMEBAMBA,10110,I-1,,ACTIVADO
GOBIERNO REGIONAL,MATIAZA RIMACHI,PUESTOS DE SALUD O POSTAS DE SALUD,AMAZONAS,BONGARA,VALERA,10311,I-1,,ACTIVADO
GOBIERNO REGIONAL,PUESTO DE SALUD CAJABAMBA BAJA,PUESTOS DE SALUD O POSTAS DE SALUD,ANCASH,HUAYLAS,PAMPAROMAS,21206,I-1,,ACTIVADO
GOBIERNO REGIONAL,CHAYUYAKU,PUESTOS DE SALUD O POSTAS DE SALUD,AMAZONAS,BONGARA,YAMBRASBAMBA,10312,I-1,,ACTIVADO
GOBIERNO REGIONAL,PUESTO DE SALUD ISCAP,PUESTOS DE SALUD O POSTAS DE SALUD,ANCASH,HUAYLAS,SANTO TORIBIO,21209,I-1,,ACTIVADO
GOBIERNO REGIONAL,KIGKIS,CENTROS DE SALUD O CENTROS MEDICOS,AMAZONAS,CONDORCANQUI,NIEVA,10401,I-3,,ACTIVADO
GOBIERNO REGIONAL,PUESTO DE SALUD PISHA,PUESTOS DE SALUD O POSTAS DE SALUD,ANCASH,HUAYLAS,PAMPAROMAS,21206,I-1,,ACTIVADO
GOBIERNO REGIONAL,KUELAP,PUESTOS DE SALUD O POSTAS DE SALUD,AMAZONAS,LUYA,TINGO,10522,I-1,,ACTIVADO
GOBIERNO REGIONAL,LLUCHUBAMBA,PUESTOS DE SALUD O POSTAS DE SALUD,LA LIBERTAD,SANCHEZ CARRION,MARCABAL,130905,I-2,,ACTIVADO
GOBIERNO REGIONAL,PUESTO DE SALUD PUYALLI,PUESTOS DE SALUD O POSTAS DE SALUD,ANCASH,PALLASCA,PAMPAS,21509,I-1,,ACTIVADO
GOBIERNO REGIONAL,LLACTAPAMPA,PUESTOS DE SALUD O POSTAS DE SALUD,AMAZONAS,LUYA,SANTO TOMAS,10521,I-1,,ACTIVADO
GOBIERNO REGIONAL,PUESTO DE SALUD SANTO TORIBIO,PUESTOS DE SALUD O POSTAS DE SALUD,ANCASH,HUAYLAS,SANTO TORIBIO,21209,I-2,,ACTIVADO
GOBIERNO REGIONAL,AGUA SANTA,PUESTOS DE SALUD O POSTAS DE SALUD,AMAZONAS,LUYA,SANTO TOMAS,10521,I-1,,ACTIVADO
GOBIERNO REGIONAL,PUESTO DE SALUD ANCORACA,PUESTOS DE SALUD O POSTAS DE SALUD,ANCASH,HUAYLAS,MATO,21205,I-1,,ACTIVADO
GOBIERNO REGIONAL,LICLICONGA,PUESTOS DE SALUD O POSTAS DE SALUD,CAJAMARCA,SAN MARCOS,JOSE SABOGAL,61007,I-2,,ACTIVADO
GOBIERNO REGIONAL,SARIN,CENTROS DE SALUD O CENTROS MEDICOS,LA LIBERTAD,SANCHEZ CARRION,SARIN,130907,I-3,,ACTIVADO
GOBIERNO REGIONAL,GUALULO,PUESTOS DE SALUD O POSTAS DE SALUD,AMAZONAS,BONGARA,FLORIDA,10306,I-1,,ACTIVADO
GOBIERNO REGIONAL,TINGO,CENTROS DE SALUD O CENTROS MEDICOS,AMAZONAS,LUYA,TINGO,10522,I-3,,ACTIVADO
GOBIERNO REGIONAL,BUENOS AIRES,PUESTOS DE SALUD O POSTAS DE SALUD,AMAZONAS,BONGARA,YAMBRASBAMBA,10312,I-2,,ACTIVADO
GOBIERNO REGIONAL,LA ESPERANZA,PUESTOS DE SALUD O POSTAS DE SALUD,AMAZONAS,BONGARA,YAMBRASBAMBA,10312,I-1,,ACTIVADO
GOBIERNO REGIONAL,EL PALLAR,CENTROS DE SALUD CON CAMAS DE INTERNAMIENTO,LA LIBERTAD,SANCHEZ CARRION,HUAMACHUCO,130901,I-3,,ACTIVADO
GOBIERNO REGIONAL,PUESTO DE SALUD LA PAMPA,PUESTOS DE SALUD O POSTAS DE SALUD,ANCASH,CORONGO,LA PAMPA,20905,I-1,,ACTIVADO
GOBIERNO REGIONAL,COCHABAMBA,PUESTOS DE SALUD O POSTAS DE SALUD,AMAZONAS,CHACHAPOYAS,CHUQUIBAMBA,10106,I-1,,ACTIVADO
GOBIERNO REGIONAL,LEVANTO,PUESTOS DE SALUD O POSTAS DE SALUD,AMAZONAS,CHACHAPOYAS,LEVANTO,10111,I-1,,ACTIVADO
GOBIERNO REGIONAL,MAGDALENA,PUESTOS DE SALUD O POSTAS DE SALUD,AMAZONAS,CHACHAPOYAS,MAGDALENA,10112,I-1,,ACTIVADO
GOBIERNO REGIONAL,PUESTO DE SALUD YURACMARCA,PUESTOS DE SALUD O POSTAS DE SALUD,ANCASH,HUAYLAS,YURACMARCA,21210,I-2,,ACTIVADO
GOBIERNO REGIONAL,PUESTO DE SALUD LACABAMBA,PUESTOS DE SALUD O POSTAS DE SALUD,ANCASH,PALLASCA,LACABAMBA,21506,I-1,,ACTIVADO
GOBIERNO REGIONAL,SHIRACORRAL,PUESTOS DE SALUD O POSTAS DE SALUD,LA LIBERTAD,SANCHEZ CARRION,SARIN,130907,I-2,,ACTIVADO
GOBIERNO REGIONAL,SANTA ROSA DE CRISNEJAS,PUESTOS DE SALUD O POSTAS DE SALUD,CAJAMARCA,CAJABAMBA,SITACOCHA,60204,I-1,,ACTIVADO
GOBIERNO REGIONAL,PUESTO DE SALUD HUAYLAS,PUESTOS DE SALUD O POSTAS DE SALUD,ANCASH,HUAYLAS,HUAYLAS,21204,I-2,,ACTIVADO
GOBIERNO REGIONAL,CENTRO DE SALUD CORONGO,CENTROS DE SALUD O CENTROS MEDICOS,ANCASH,CORONGO,CORONGO,20901,I-3,,ACTIVADO
GOBIERNO REGIONAL,LA COCA,PUESTOS DE SALUD O POSTAS DE SALUD,AMAZONAS,BONGARA,VALERA,10311,I-1,,ACTIVADO
GOBIERNO REGIONAL,COCACHIMBA,PUESTOS DE SALUD O POSTAS DE SALUD,AMAZONAS,BONGARA,VALERA,10311,I-1,,ACTIVADO
GOBIERNO REGIONAL,CENTRO DE SALUD PAMPAS,CENTROS DE SALUD O CENTROS MEDICOS,ANCASH,PALLASCA,PAMPAS,21509,I-3,,ACTIVADO
GOBIERNO REGIONAL,MATIBAMBA,PUESTOS DE SALUD O POSTAS DE SALUD,CAJAMARCA,SAN MARCOS,JOSE SABOGAL,61007,I-1,,ACTIVADO
GOBIERNO REGIONAL,MARAYPATA,PUESTOS DE SALUD O POSTAS DE SALUD,AMAZONAS,LUYA,SANTO TOMAS,10521,I-1,,ACTIVADO
GOBIERNO REGIONAL,CENTRO DE SALUD PARIACOTO,CENTROS DE SALUD CON CAMAS DE INTERNAMIENTO,ANCASH,HUARAZ,PARIACOTO,20110,I-4,,ACTIVADO
GOBIERNO REGIONAL,PUESTO DE SALUD SANTA ROSA,PUESTOS DE SALUD O POSTAS DE SALUD,ANCASH,HUAYLAS,YURACMARCA,21210,I-1,,ACTIVADO
GOBIERNO REGIONAL,EL MOLINO,PUESTOS DE SALUD O POSTAS DE SALUD,AMAZONAS,CHACHAPOYAS,CHACHAPOYAS,10101,I-1,,ACTIVADO
GOBIERNO REGIONAL,MUNMALCA,PUESTOS DE SALUD O POSTAS DE SALUD,LA LIBERTAD,SANCHEZ CARRION,SARIN,130907,I-2,,ACTIVADO
GOBIERNO REGIONAL,PUESTO DE SALUD RACRACALLAN,PUESTOS DE SALUD O POSTAS DE SALUD,ANCASH,HUAYLAS,HUATA,21203,I-1,,ACTIVADO
GOBIERNO REGIONAL,PUESTO DE SALUD PUNAP,PUESTOS DE SALUD O POSTAS DE SALUD,ANCASH,YUNGAY,QUILLO,22005,I-2,,ACTIVADO
GOBIERNO REGIONAL,PUESTO DE SALUD PUTACA,PUESTOS DE SALUD O POSTAS DE SALUD,ANCASH,YUNGAY,SHUPLUY,22007,I-1,,ACTIVADO
GOBIERNO REGIONAL,SHITA,PUESTOS DE SALUD O POSTAS DE SALUD,LA LIBERTAD,SANCHEZ CARRION,MARCABAL,130905,I-2,,ACTIVADO
GOBIERNO REGIONAL,PUESTO DE SALUD RAYPA,PUESTOS DE SALUD O POSTAS DE SALUD,ANCASH,HUARAZ,HUANCHAY,20104,I-1,,ACTIVADO
GOBIERNO REGIONAL,MAYNO,PUESTOS DE SALUD O POSTAS DE SALUD,AMAZONAS,CHACHAPOYAS,SAN ISIDRO DE MAINO,10119,I-1,,ACTIVADO
GOBIERNO REGIONAL,SAN JUAN DE LLUCHUBAMBA,PUESTOS DE SALUD O POSTAS DE SALUD,CAJAMARCA,CAJABAMBA,SITACOCHA,60204,I-1,,ACTIVADO
GOBIERNO REGIONAL,COCHABAMBA,PUESTOS DE SALUD O POSTAS DE SALUD,LA LIBERTAD,SANCHEZ CARRION,CHUGAY,130902,I-2,,ACTIVADO
GOBIERNO REGIONAL,SAN SALVADOR,PUESTOS DE SALUD O POSTAS DE SALUD,AMAZONAS,LUYA,SANTO TOMAS,10521,I-1,,ACTIVADO
GOBIERNO REGIONAL,CUCUAZA,PUESTOS DE SALUD O POSTAS DE SALUD,AMAZONAS,CONDORCANQUI,RIO SANTIAGO,10403,I-1,,ACTIVADO
GOBIERNO REGIONAL,EL MANGO,PUESTOS DE SALUD O POSTAS DE SALUD,AMAZONAS,LUYA,SAN JUAN DE LOPECANCHA,10519,I-1,,ACTIVADO
GOBIERNO REGIONAL,AMPAMA,PUESTOS DE SALUD O POSTAS DE SALUD,AMAZONAS,CONDORCANQUI,RIO SANTIAGO,10403,I-1,,ACTIVADO
GOBIERNO REGIONAL,PUESTO DE SALUD ACO,PUESTOS DE SALUD O POSTAS DE SALUD,ANCASH,CORONGO,ACO,20902,I-1,,ACTIVADO
GOBIERNO REGIONAL,NUMPATKAIM,PUESTOS DE SALUD O POSTAS DE SALUD,AMAZONAS,CONDORCANQUI,NIEVA,10401,I-1,,ACTIVADO
GOBIERNO REGIONAL,SEÑOR DE LOS MILAGROS,PUESTOS DE SALUD O POSTAS DE SALUD,AMAZONAS,CHACHAPOYAS,CHACHAPOYAS,10101,I-1,,ACTIVADO
ESSALUD,HOSPITAL HIGOS URCO,HOSPITALES O CLINICAS DE ATENCION GENERAL,AMAZONAS,CHACHAPOYAS,CHACHAPOYAS,10101,II-1,18.0,ACTIVADO
GOBIERNO REGIONAL,LONGOTEA,PUESTOS DE SALUD O POSTAS DE SALUD,LA LIBERTAD,BOLIVAR,LONGOTEA,130304,I-2,,ACTIVADO
GOBIERNO REGIONAL,SISTEMA DE ATENCION MOVIL DE URGENCIAS,"SERVICIO DE TRASLADO DE PACIENTES,ATENCION DOMICILIARIA,ATENCION PRE HOSPITALARIA",AMAZONAS,CHACHAPOYAS,CHACHAPOYAS,10101,Sin Categoría,,ACTIVADO
GOBIERNO REGIONAL,CHUGAY,CENTROS DE SALUD O CENTROS MEDICOS,LA LIBERTAD,SANCHEZ CARRION,CHUGAY,130902,I-3,,ACTIVADO
GOBIERNO REGIONAL,PUESTO DE SALUD PUMA PUCLLANAN,PUESTOS DE SALUD O POSTAS DE SALUD,ANCASH,HUARAZ,COCHABAMBA,20102,I-1,,ACTIVADO
GOBIERNO REGIONAL,NIEVA,CENTROS DE SALUD O CENTROS MEDICOS,AMAZONAS,CONDORCANQUI,NIEVA,10401,I-3,,ACTIVADO
GOBIERNO REGIONAL,VIRGEN DE ASUNTA,PUESTOS DE SALUD O POSTAS DE SALUD,AMAZONAS,CHACHAPOYAS,CHACHAPOYAS,10101,I-1,,ACTIVADO
GOBIERNO REGIONAL,SANTO TOMAS,CENTROS DE SALUD O CENTROS MEDICOS,AMAZONAS,LUYA,SANTO TOMAS,10521,I-3,,ACTIVADO
GOBIERNO REGIONAL,HOSPITAL REGIONAL VIRGEN DE FATIMA,HOSPITALES O CLINICAS DE ATENCION GENERAL,AMAZONAS,CHACHAPOYAS,CHACHAPOYAS,10101,II-2,122.0,ACTIVADO
GOBIERNO REGIONAL,LABORATORIO REFERENCIAL REGIONAL DE SALUD PUBLICA AMAZONAS,PATOLOGIA CLINICA,AMAZONAS,CHACHAPOYAS,CHACHAPOYAS,10101,Sin Categoría,,ACTIVADO
GOBIERNO REGIONAL,SANTA MARIA DE NIEVA,HOSPITALES O CLINICAS DE ATENCION GENERAL,AMAZONAS,CONDORCANQUI,NIEVA,10401,II-1,12.0,ACTIVADO
ESSALUD,CENTRO MEDICO SANTA MARIA DE NIEVA,CENTROS DE SALUD O CENTROS MEDICOS,AMAZONAS,CONDORCANQUI,NIEVA,10401,I-3,,ACTIVADO
GOBIERNO REGIONAL,PUESTO DE SALUD HUATA,PUESTOS DE SALUD O POSTAS DE SALUD,ANCASH,HUAYLAS,HUATA,21203,I-2,,ACTIVADO
GOBIERNO REGIONAL,PEDRO CASTRO ALVA,PUESTOS DE SALUD O POSTAS DE SALUD,AMAZONAS,CHACHAPOYAS,CHACHAPOYAS,10101,I-2,,ACTIVADO
GOBIERNO REGIONAL,PUESTO DE SALUD YANAC,PUESTOS DE SALUD O POSTAS DE SALUD,ANCASH,CORONGO,YANAC,20906,I-2,,ACTIVADO
GOBIERNO REGIONAL,PUESTO DE SALUD CUSCA,PUESTOS DE SALUD O POSTAS DE SALUD,ANCASH,CORONGO,CUSCA,20904,I-1,,ACTIVADO
GOBIERNO REGIONAL,HUANCAS,PUESTOS DE SALUD O POSTAS DE SALUD,AMAZONAS,CHACHAPOYAS,HUANCAS,10108,I-1,,ACTIVADO
GOBIERNO REGIONAL,SAN JUAN DE LOPECANCHA,PUESTOS DE SALUD O POSTAS DE SALUD,AMAZONAS,LUYA,SAN JUAN DE LOPECANCHA,10519,I-1,,ACTIVADO
GOBIERNO REGIONAL,CENTRO DE SALUD HUALLANCA,CENTROS DE SALUD O CENTROS MEDICOS,ANCASH,HUAYLAS,HUALLANCA,21202,I-3,,ACTIVADO
GOBIERNO REGIONAL,ALTO YUTUPIS,PUESTOS DE SALUD O POSTAS DE SALUD,AMAZONAS,CONDORCANQUI,RIO SANTIAGO,10403,I-1,,ACTIVADO
GOBIERNO REGIONAL,PROGRESO,PUESTOS DE SALUD O POSTAS DE SALUD,AMAZONAS,BONGARA,YAMBRASBAMBA,10312,I-2,,ACTIVADO
GOBIERNO REGIONAL,PUESTO DE SALUD COCHABAMBA,PUESTOS DE SALUD O POSTAS DE SALUD,ANCASH,HUARAZ,COCHABAMBA,20102,I-2,,ACTIVADO
GOBIERNO REGIONAL,HIGOS URCO,PUESTOS DE SALUD O POSTAS DE SALUD,AMAZONAS,CHACHAPOYAS,CHACHAPOYAS,10101,I-1,,ACTIVADO
GOBIERNO REGIONAL,UCUNCHA,PUESTOS DE SALUD O POSTAS DE SALUD,LA LIBERTAD,BOLIVAR,UCUNCHA,130306,I-2,,ACTIVADO
GOBIERNO REGIONAL,PUESTO DE SALUD HUAMBA,PUESTOS DE SALUD O POSTAS DE SALUD,ANCASH,HUARMEY,HUARMEY,21101,I-1,,ACTIVADO
GOBIERNO REGIONAL,CHUQUIBAMBA,CENTROS DE SALUD O CENTROS MEDICOS,AMAZONAS,CHACHAPOYAS,CHUQUIBAMBA,10106,I-3,,ACTIVADO
GOBIERNO REGIONAL,CENTRO DE SALUD CONCHUCOS,CENTROS DE SALUD O CENTROS MEDICOS,ANCASH,PALLASCA,CONCHUCOS,21503,I-3,,ACTIVADO
GOBIERNO REGIONAL,AITAM,PUESTOS DE SALUD O POSTAS DE SALUD,AMAZONAS,CONDORCANQUI,RIO SANTIAGO,10403,I-1,,ACTIVADO
GOBIERNO REGIONAL,TINTIN,PUESTOS DE SALUD O POSTAS DE SALUD,AMAZONAS,LUYA,SANTO TOMAS,10521,I-1,,ACTIVADO
GOBIERNO REGIONAL,PUESTO DE SALUD TAMBRA,PUESTOS DE SALUD O POSTAS DE SALUD,ANCASH,YUNGAY,SHUPLUY,22007,I-1,,ACTIVADO
GOBIERNO REGIONAL,PUESTO DE SALUD PAVAS,PUESTOS DE SALUD O POSTAS DE SALUD,ANCASH,HUAYLAS,CARAZ,21201,I-1,,ACTIVADO
GOBIERNO REGIONAL,UCHUBAMBA,PUESTOS DE SALUD O POSTAS DE SALUD,LA LIBERTAD,SANCHEZ CARRION,CHUGAY,130902,I-2,,ACTIVADO
GOBIERNO REGIONAL,BUIQUIL,PUESTOS DE SALUD O POSTAS DE SALUD,AMAZONAS,CHACHAPOYAS,LA JALCA,10109,I-1,,ACTIVADO
GOBIERNO REGIONAL,PUESTO DE SALUD COLCAS,PUESTOS DE SALUD O POSTAS DE SALUD,ANCASH,HUAYLAS,SANTA CRUZ,21208,I-1,,ACTIVADO
GOBIERNO REGIONAL,CENTRO DE SALUD MATO,CENTROS DE SALUD O CENTROS MEDICOS,ANCASH,HUAYLAS,MATO,21205,I-3,,ACTIVADO
GOBIERNO REGIONAL,TAQUIA,PUESTOS DE SALUD O POSTAS DE SALUD,AMAZONAS,CHACHAPOYAS,CHACHAPOYAS,10101,I-1,,ACTIVADO
GOBIERNO REGIONAL,PAPAYACU,PUESTOS DE SALUD O POSTAS DE SALUD,AMAZONAS,CONDORCANQUI,RIO SANTIAGO,10403,I-1,,ACTIVADO
GOBIERNO REGIONAL,PUESTO DE SALUD PAMPAS GRANDE,PUESTOS DE SALUD O POSTAS DE SALUD,ANCASH,HUARAZ,PAMPAS GRANDE,20109,I-2,,ACTIVADO
GOBIERNO REGIONAL,COROSHA,PUESTOS DE SALUD O POSTAS DE SALUD,AMAZONAS,BONGARA,COROSHA,10304,I-1,,ACTIVADO
GOBIERNO REGIONAL,YERBABUENA,CENTROS DE SALUD O CENTROS MEDICOS,AMAZONAS,CHACHAPOYAS,LA JALCA,10109,I-3,,ACTIVADO
GOBIERNO REGIONAL,LAS DELICIAS,PUESTOS DE SALUD O POSTAS DE SALUD,LIMA,BARRANCA,PARAMONGA,150202,I-2,,ACTIVADO
GOBIERNO REGIONAL,QUELUCAS,PUESTOS DE SALUD O POSTAS DE SALUD,AMAZONAS,CHACHAPOYAS,LA JALCA,10109,I-1,,ACTIVADO
GOBIERNO REGIONAL,PUESTO DE SALUD CHIPRE,PUESTOS DE SALUD O POSTAS DE SALUD,ANCASH,HUARAZ,COCHABAMBA,20102,I-1,,ACTIVADO
GOBIERNO REGIONAL,MARCABAL GRANDE,PUESTOS DE SALUD O POSTAS DE SALUD,LA LIBERTAD,SANCHEZ CARRION,SARTIMBAMBA,130908,I-2,,ACTIVADO
GOBIERNO REGIONAL,PUESTO DE SALUD HUAMANCAYAN,PUESTOS DE SALUD O POSTAS DE SALUD,ANCASH,HUAYLAS,PUEBLO LIBRE,21207,I-1,,ACTIVADO
GOBIERNO REGIONAL,PUESTO DE SALUD HUANCHAY HZ,PUESTOS DE SALUD O POSTAS DE SALUD,ANCASH,HUARAZ,HUANCHAY,20104,I-2,,ACTIVADO
GOBIERNO REGIONAL,PUESTO DE SALUD YURACOTO,PUESTOS DE SALUD O POSTAS DE SALUD,ANCASH,HUAYLAS,CARAZ,21201,I-1,,ACTIVADO
GOBIERNO REGIONAL,EL TRIUNFO,PUESTOS DE SALUD O POSTAS DE SALUD,AMAZONAS,CHACHAPOYAS,LA JALCA,10109,I-1,,ACTIVADO
GOBIERNO REGIONAL,NUEVA ESPERANZA,PUESTOS DE SALUD O POSTAS DE SALUD,AMAZONAS,CHACHAPOYAS,LA JALCA,10109,I-1,,ACTIVADO
GOBIERNO REGIONAL,UCHUY,PUESTOS DE SALUD O POSTAS DE SALUD,LA LIBERTAD,SANCHEZ CARRION,CHUGAY,130902,I-1,,ACTIVADO
GOBIERNO REGIONAL,SAN ALFONSO,PUESTOS DE SALUD O POSTAS DE SALUD,LA LIBERTAD,SANCHEZ CARRION,SARTIMBAMBA,130908,I-2,,ACTIVADO
ESSALUD,CENTRO DE ATENCION PRIMARIA II PARAMONGA,PUESTOS DE SALUD O POSTAS DE SALUD,LIMA,BARRANCA,PARAMONGA,150202,I-3,,ACTIVADO
GOBIERNO REGIONAL,JALCA GRANDE,CENTROS DE SALUD O CENTROS MEDICOS,AMAZONAS,CHACHAPOYAS,LA JALCA,10109,I-3,,ACTIVADO
GOBIERNO REGIONAL,CENTRO DE SALUD HUARIPAMPA,CENTROS DE SALUD O CENTROS MEDICOS,ANCASH,HUAYLAS,SANTA CRUZ,21208,I-3,,ACTIVADO
GOBIERNO REGIONAL,CUEYQUETA,PUESTOS DE SALUD O POSTAS DE SALUD,AMAZONAS,CHACHAPOYAS,LA JALCA,10109,I-1,,ACTIVADO
GOBIERNO REGIONAL,QUILLUNYA,PUESTOS DE SALUD O POSTAS DE SALUD,AMAZONAS,CHACHAPOYAS,LA JALCA,10109,I-1,,ACTIVADO
GOBIERNO REGIONAL,SAN FRANCISCO DEL YESO,PUESTOS DE SALUD O POSTAS DE SALUD,AMAZONAS,LUYA,SAN FRANCISCO DE YESO,10517,I-1,,ACTIVADO
GOBIERNO REGIONAL,PENGOTE,PUESTOS DE SALUD O POSTAS DE SALUD,AMAZONAS,CHACHAPOYAS,LA JALCA,10109,I-1,,ACTIVADO
GOBIERNO REGIONAL,DURAZNOPAMPA,PUESTOS DE SALUD O POSTAS DE SALUD,AMAZONAS,CHACHAPOYAS,MARISCAL CASTILLA,10113,I-1,,ACTIVADO
ESSALUD,CENTRO MEDICO CARAZ,CENTROS DE SALUD O CENTROS MEDICOS,ANCASH,HUAYLAS,CARAZ,21201,I-3,,ACTIVADO
GOBIERNO REGIONAL,COLCABAMBA,PUESTOS DE SALUD O POSTAS DE SALUD,ANCASH,HUARAZ,COLCABAMBA,20103,I-1,,ACTIVADO
GOBIERNO REGIONAL,SENGACHE,PUESTOS DE SALUD O POSTAS DE SALUD,AMAZONAS,CHACHAPOYAS,CHILIQUIN,10105,I-1,,ACTIVADO
GOBIERNO REGIONAL,CANUCUBAMBA,PUESTOS DE SALUD O POSTAS DE SALUD,LA LIBERTAD,SANCHEZ CARRION,CHUGAY,130902,I-1,,ACTIVADO
GOBIERNO REGIONAL,PUESTO DE SALUD CARHUA,PUESTOS DE SALUD O POSTAS DE SALUD,ANCASH,HUAYLAS,PUEBLO LIBRE,21207,I-2,,ACTIVADO
GOBIERNO REGIONAL,NUEVO SEASME,PUESTOS DE SALUD O POSTAS DE SALUD,AMAZONAS,CONDORCANQUI,NIEVA,10401,I-1,,ACTIVADO
GOBIERNO REGIONAL,HOSPITAL DE APOYO CARAZ,HOSPITALES O CLINICAS DE ATENCION GENERAL,ANCASH,HUAYLAS,CARAZ,21201,II-1,34.0,ACTIVADO
GOBIERNO REGIONAL,UCHUMARCA,PUESTOS DE SALUD O POSTAS DE SALUD,LA LIBERTAD,BOLIVAR,UCHUMARCA,130305,I-2,,ACTIVADO
GOBIERNO REGIONAL,PUESTO DE SALUD ACOYO,PUESTOS DE SALUD O POSTAS DE SALUD,ANCASH,HUAYLAS,PUEBLO LIBRE,21207,I-1,,ACTIVADO
GOBIERNO REGIONAL,PUESTO DE SALUD PIJOBAMBA,PUESTOS DE SALUD O POSTAS DE SALUD,LA LIBERTAD,SANTIAGO DE CHUCO,SITABAMBA,131008,I-2,,ACTIVADO
GOBIERNO REGIONAL,TACTA,PUESTOS DE SALUD O POSTAS DE SALUD,AMAZONAS,CHACHAPOYAS,MARISCAL CASTILLA,10113,I-1,,ACTIVADO
GOBIERNO REGIONAL,LEYMEBAMBA,CENTROS DE SALUD O CENTROS MEDICOS,AMAZONAS,CHACHAPOYAS,LEIMEBAMBA,10110,I-3,,ACTIVADO
GOBIERNO REGIONAL,CENTRO DE SALUD PUEBLO LIBRE,CENTROS DE SALUD O CENTROS MEDICOS,ANCASH,HUAYLAS,PUEBLO LIBRE,21207,I-3,,ACTIVADO
GOBIERNO REGIONAL,PUESTO DE SALUD SAN JUAN,PUESTOS DE SALUD O POSTAS DE SALUD,ANCASH,HUAYLAS,PUEBLO LIBRE,21207,I-1,,ACTIVADO
GOBIERNO REGIONAL,MONTEVIDEO,PUESTOS DE SALUD O POSTAS DE SALUD,AMAZONAS,CHACHAPOYAS,MONTEVIDEO,10115,I-1,,ACTIVADO
GOBIERNO REGIONAL,PUESTO DE SALUD COCHAMARCA,PUESTOS DE SALUD O POSTAS DE SALUD,ANCASH,HUAYLAS,CARAZ,21201,I-1,,ACTIVADO
GOBIERNO REGIONAL,PUESTO DE SALUD ANTONIO RAYMONDI HUALLCALLANCA,PUESTOS DE SALUD O POSTAS DE SALUD,ANCASH,CORONGO,CUSCA,20904,I-1,,ACTIVADO
GOBIERNO REGIONAL,LAS PALMAS,PUESTOS DE SALUD O POSTAS DE SALUD,AMAZONAS,BONGARA,JUMBILLA,10301,I-1,,ACTIVADO
GOBIERNO REGIONAL,PUESTO DE SALUD HUANAYO,PUESTOS DE SALUD O POSTAS DE SALUD,ANCASH,HUAYLAS,PUEBLO LIBRE,21207,I-2,,ACTIVADO
GOBIERNO REGIONAL,JUMBILLA,CENTROS DE SALUD O CENTROS MEDICOS,AMAZONAS,BONGARA,JUMBILLA,10301,I-3,,ACTIVADO
GOBIERNO REGIONAL,PUESTO DE SALUD SANTA CRUZ,PUESTOS DE SALUD O POSTAS DE SALUD,ANCASH,HUAYLAS,SANTA CRUZ,21208,I-1,,ACTIVADO
GOBIERNO REGIONAL,OROGOLDAY,PUESTOS DE SALUD O POSTAS DE SALUD,LA LIBERTAD,SANCHEZ CARRION,SARIN,130907,I-2,,ACTIVADO
GOBIERNO REGIONAL,VITUYA,PUESTOS DE SALUD O POSTAS DE SALUD,AMAZONAS,CHACHAPOYAS,CHILIQUIN,10105,I-1,,ACTIVADO
GOBIERNO REGIONAL,CHISQUILLA,PUESTOS DE SALUD O POSTAS DE SALUD,AMAZONAS,BONGARA,CHISQUILLA,10302,I-1,,ACTIVADO
GOBIERNO REGIONAL,PUESTO DE SALUD URCON,PUESTOS DE SALUD O POSTAS DE SALUD,ANCASH,CORONGO,CUSCA,20904,I-2,,ACTIVADO
GOBIERNO REGIONAL,RECTA,PUESTOS DE SALUD O POSTAS DE SALUD,AMAZONAS,BONGARA,RECTA,10308,I-1,,ACTIVADO
GOBIERNO REGIONAL,PUESTO DE SALUD  QUISHUAR,PUESTOS DE SALUD O POSTAS DE SALUD,ANCASH,AIJA,CORIS,20202,I-1,,ACTIVADO
GOBIERNO REGIONAL,CHAGAVARA,PUESTOS DE SALUD O POSTAS DE SALUD,LA LIBERTAD,SANTIAGO DE CHUCO,SITABAMBA,131008,I-1,,ACTIVADO
GOBIERNO REGIONAL,LA MORADA,PUESTOS DE SALUD O POSTAS DE SALUD,AMAZONAS,CHACHAPOYAS,CHUQUIBAMBA,10106,I-1,,ACTIVADO
GOBIERNO REGIONAL,PUESTO DE SALUD PAMPACOCHA,PUESTOS DE SALUD O POSTAS DE SALUD,ANCASH,HUAYLAS,CARAZ,21201,I-1,,ACTIVADO
GOBIERNO REGIONAL,PATIVILCA,CENTROS DE SALUD O CENTROS MEDICOS,LIMA,BARRANCA,PATIVILCA,150203,I-3,,ACTIVADO
GOBIERNO REGIONAL,NUEVO OLMAL,PUESTOS DE SALUD O POSTAS DE SALUD,AMAZONAS,CHACHAPOYAS,SONCHE,10121,I-1,,ACTIVADO
GOBIERNO REGIONAL,HUAGUIL,PUESTOS DE SALUD O POSTAS DE SALUD,LA LIBERTAD,SANCHEZ CARRION,CHUGAY,130902,I-1,,ACTIVADO
GOBIERNO REGIONAL,PUESTO DE SALUD CHACCHAN,PUESTOS DE SALUD O POSTAS DE SALUD,ANCASH,HUARAZ,PARIACOTO,20110,I-1,,ACTIVADO
GOBIERNO REGIONAL,PUESTO DE SALUD HUAUYA,PUESTOS DE SALUD O POSTAS DE SALUD,ANCASH,HUAYLAS,CARAZ,21201,I-1,,ACTIVADO
GOBIERNO REGIONAL,PUENTE BOLIVAR,PUESTOS DE SALUD O POSTAS DE SALUD,LIMA,BARRANCA,PATIVILCA,150203,I-1,,ACTIVADO
GOBIERNO REGIONAL,SONCHE,PUESTOS DE SALUD O POSTAS DE SALUD,AMAZONAS,CHACHAPOYAS,SONCHE,10121,I-1,,ACTIVADO
GOBIERNO REGIONAL,MOLINO VIEJO,PUESTOS DE SALUD O POSTAS DE SALUD,LA LIBERTAD,SANCHEZ CARRION,COCHORCO,130903,I-2,,ACTIVADO
GOBIERNO REGIONAL,SAN DAMIAN,PUESTOS DE SALUD O POSTAS DE SALUD,ANCASH,AIJA,CORIS,20202,I-1,,ACTIVADO
GOBIERNO REGIONAL,ARAMANGO,CENTROS DE SALUD O CENTROS MEDICOS,AMAZONAS,BAGUA,ARAMANGO,10202,I-3,,ACTIVADO
GOBIERNO REGIONAL,PUESTO DE SALUD FORTALEZA,PUESTOS DE SALUD O POSTAS DE SALUD,ANCASH,HUARAZ,PARIACOTO,20110,I-1,,ACTIVADO
GOBIERNO REGIONAL,MITO,PUESTOS DE SALUD O POSTAS DE SALUD,AMAZONAS,CHACHAPOYAS,SOLOCO,10120,I-1,,ACTIVADO
GOBIERNO REGIONAL,CERRO BLANCO,PUESTOS DE SALUD O POSTAS DE SALUD,LIMA,BARRANCA,PARAMONGA,150202,I-1,,ACTIVADO
GOBIERNO REGIONAL,PAKINTSA,CENTROS DE SALUD O CENTROS MEDICOS,AMAZONAS,CONDORCANQUI,NIEVA,10401,I-1,,ACTIVADO
GOBIERNO REGIONAL,HOSPITAL DE BARRANCA,HOSPITALES O CLINICAS DE ATENCION GENERAL,LIMA,BARRANCA,BARRANCA,150201,II-2,113.0,ACTIVADO
GOBIERNO REGIONAL,TUNAN,PUESTOS DE SALUD O POSTAS DE SALUD,LIMA,BARRANCA,PARAMONGA,150202,I-2,,ACTIVADO
GOBIERNO REGIONAL,NAUTA,PUESTOS DE SALUD O POSTAS DE SALUD,AMAZONAS,CONDORCANQUI,RIO SANTIAGO,10403,I-1,,ACTIVADO
GOBIERNO REGIONAL,PUESTO DE SALUD LA VICTORIA,PUESTOS DE SALUD O POSTAS DE SALUD,LA LIBERTAD,SANCHEZ CARRION,SARTIMBAMBA,130908,I-1,,ACTIVADO
GOBIERNO REGIONAL,LAURIAMA,CENTROS DE SALUD O CENTROS MEDICOS,LIMA,BARRANCA,BARRANCA,150201,I-3,,ACTIVADO
GOBIERNO REGIONAL,CUELCHO,PUESTOS DE SALUD O POSTAS DE SALUD,AMAZONAS,CHACHAPOYAS,CHILIQUIN,10105,I-1,,ACTIVADO
GOBIERNO REGIONAL,PUESTO DE SALUD TARICA,PUESTOS DE SALUD O POSTAS DE SALUD,ANCASH,CORONGO,CUSCA,20904,I-1,,ACTIVADO
GOBIERNO REGIONAL,PUESTO DE SALUD LLACSHU,PUESTOS DE SALUD O POSTAS DE SALUD,ANCASH,HUAYLAS,CARAZ,21201,I-1,,ACTIVADO
GOBIERNO REGIONAL,CHINGANAZA,PUESTOS DE SALUD O POSTAS DE SALUD,AMAZONAS,CONDORCANQUI,RIO SANTIAGO,10403,I-1,,ACTIVADO
GOBIERNO REGIONAL,HUARICANGA,PUESTOS DE SALUD O POSTAS DE SALUD,LIMA,BARRANCA,PARAMONGA,150202,I-1,,ACTIVADO
GOBIERNO REGIONAL,PUESTO DE SALUD SAN MIGUEL,PUESTOS DE SALUD O POSTAS DE SALUD,ANCASH,HUARMEY,MALVAS,21105,I-1,,ACTIVADO
GOBIERNO REGIONAL,PUESTO DE SALUD MATACOTO,PUESTOS DE SALUD O POSTAS DE SALUD,ANCASH,YUNGAY,MATACOTO,22004,I-1,,ACTIVADO
GOBIERNO REGIONAL,HOSPITAL DE APOYO YUNGAY,HOSPITALES O CLINICAS DE ATENCION GENERAL,ANCASH,YUNGAY,YUNGAY,22001,II-1,18.0,ACTIVADO
ESSALUD,POSTA MEDICA SAN JOSE,PUESTOS DE SALUD O POSTAS DE SALUD,LA LIBERTAD,PACASMAYO,SAN JOSE,130705,Sin Categoría,,ACTIVADO
GOBIERNO REGIONAL,SOLOCO,PUESTOS DE SALUD O POSTAS DE SALUD,AMAZONAS,CHACHAPOYAS,SOLOCO,10120,I-1,,ACTIVADO
GOBIERNO REGIONAL,PUESTO DE SALUD QUITARACZA,PUESTOS DE SALUD O POSTAS DE SALUD,ANCASH,HUAYLAS,YURACMARCA,21210,I-1,,ACTIVADO
GOBIERNO REGIONAL,PUERTO SUPE,CENTROS DE SALUD O CENTROS MEDICOS,LIMA,BARRANCA,SUPE PUERTO,150205,I-3,,ACTIVADO
GOBIERNO REGIONAL,SARTIMBAMBA,CENTROS DE SALUD CON CAMAS DE INTERNAMIENTO,LA LIBERTAD,SANCHEZ CARRION,SARTIMBAMBA,130908,I-4,2.0,ACTIVADO
GOBIERNO REGIONAL,PUESTO DE SALUD CAJAMARQUILLA,PUESTOS DE SALUD O POSTAS DE SALUD,ANCASH,HUARAZ,LA LIBERTAD,20107,I-2,,ACTIVADO
GOBIERNO REGIONAL,PUESTO DE SALUD PONCOS,PUESTOS DE SALUD O POSTAS DE SALUD,ANCASH,YUNGAY,SHUPLUY,22007,I-1,,ACTIVADO
GOBIERNO REGIONAL,NUEVA VICTORIA,PUESTOS DE SALUD O POSTAS DE SALUD,LIMA,BARRANCA,SUPE PUERTO,150205,I-2,,ACTIVADO
GOBIERNO REGIONAL,CHILIQUIN,PUESTOS DE SALUD O POSTAS DE SALUD,AMAZONAS,CHACHAPOYAS,CHILIQUIN,10105,I-1,,ACTIVADO
GOBIERNO REGIONAL,PIPUS,CENTROS DE SALUD O CENTROS MEDICOS,AMAZONAS,CHACHAPOYAS,SAN FRANCISCO DE DAGUAS,10118,I-3,,ACTIVADO
GOBIERNO REGIONAL,PUESTO DE SALUD CHILCA,"PUESTOS DE SALUD O POSTAS DE SALUD,PUESTOS DE SALUD O POSTAS DE SALUD",ANCASH,YUNGAY,YUNGAY,22001,I-1,,ACTIVADO
GOBIERNO REGIONAL,LETICIA,PUESTOS DE SALUD O POSTAS DE SALUD,LIMA,BARRANCA,SUPE PUERTO,150205,I-2,,ACTIVADO
GOBIERNO REGIONAL,CENTRO DE SALUD SITABAMBA,CENTROS DE SALUD O CENTROS MEDICOS,LA LIBERTAD,SANTIAGO DE CHUCO,SITABAMBA,131008,I-3,,ACTIVADO
GOBIERNO REGIONAL,PUESTO DE SALUD RAYAN,PUESTOS DE SALUD O POSTAS DE SALUD,ANCASH,YUNGAY,YUNGAY,22001,I-1,,ACTIVADO
GOBIERNO REGIONAL,CALEMAR,PUESTOS DE SALUD O POSTAS DE SALUD,LA LIBERTAD,BOLIVAR,BAMBAMARCA,130302,I-3,,ACTIVADO
GOBIERNO REGIONAL,CHONTAPAMPA,PUESTOS DE SALUD O POSTAS DE SALUD,AMAZONAS,CHACHAPOYAS,QUINJALCA,10117,I-1,,ACTIVADO
GOBIERNO REGIONAL,BELEN,PUESTOS DE SALUD O POSTAS DE SALUD,AMAZONAS,CONDORCANQUI,RIO SANTIAGO,10403,I-1,,ACTIVADO
GOBIERNO REGIONAL,JULQUILLAS,PUESTOS DE SALUD O POSTAS DE SALUD,LIMA,BARRANCA,PARAMONGA,150202,I-1,,ACTIVADO
GOBIERNO REGIONAL,PUESTO DE SALUD RANRAHIRCA,PUESTOS DE SALUD O POSTAS DE SALUD,ANCASH,YUNGAY,RANRAHIRCA,22006,I-1,,ACTIVADO
GOBIERNO REGIONAL,SAN MIGUEL DE LA REYNA,PUESTOS DE SALUD O POSTAS DE SALUD,AMAZONAS,CHACHAPOYAS,OLLEROS,10116,I-1,,ACTIVADO
GOBIERNO REGIONAL,CASMAL,PUESTOS DE SALUD O POSTAS DE SALUD,AMAZONAS,CHACHAPOYAS,MOLINOPAMPA,10114,I-1,,ACTIVADO
GOBIERNO REGIONAL,PUESTO DE SALUD CASCAPARA,PUESTOS DE SALUD O POSTAS DE SALUD,ANCASH,YUNGAY,CASCAPARA,22002,I-1,,ACTIVADO
GOBIERNO REGIONAL,CENTRO DE SALUD ARICAPAMPA,CENTROS DE SALUD CON CAMAS DE INTERNAMIENTO,LA LIBERTAD,SANCHEZ CARRION,COCHORCO,130903,I-2,6.0,ACTIVADO
GOBIERNO REGIONAL,HOSPITAL DE SUPE LAURA ESTHER RODRIGUEZ DULANTO,HOSPITALES O CLINICAS DE ATENCION GENERAL,LIMA,BARRANCA,SUPE,150204,II-1,15.0,ACTIVADO
GOBIERNO REGIONAL,PUESTO DE SALUD CORIS,PUESTOS DE SALUD O POSTAS DE SALUD,ANCASH,AIJA,CORIS,20202,I-2,,ACTIVADO
GOBIERNO REGIONAL,CHOSICA,PUESTOS DE SALUD O POSTAS DE SALUD,AMAZONAS,CONDORCANQUI,RIO SANTIAGO,10403,I-1,,ACTIVADO
GOBIERNO REGIONAL,SAN NICOLAS,PUESTOS DE SALUD O POSTAS DE SALUD,LIMA,BARRANCA,SUPE,150204,I-2,,ACTIVADO
GOBIERNO REGIONAL,PUESTO DE SALUD HUARCA,PUESTOS DE SALUD O POSTAS DE SALUD,ANCASH,YUNGAY,YUNGAY,22001,I-1,,ACTIVADO
GOBIERNO REGIONAL,ASUNCION GONCHA,PUESTOS DE SALUD O POSTAS DE SALUD,AMAZONAS,CHACHAPOYAS,ASUNCION,10102,I-1,,ACTIVADO
GOBIERNO REGIONAL,PAMPA SAN JOSE,PUESTOS DE SALUD O POSTAS DE SALUD,LIMA,BARRANCA,PATIVILCA,150203,I-1,,ACTIVADO
GOBIERNO REGIONAL,CENTRO DE SALUD MANCOS,CENTROS DE SALUD O CENTROS MEDICOS,ANCASH,YUNGAY,MANCOS,22003,I-3,,ACTIVADO
GOBIERNO REGIONAL,PUESTO DE SALUD HUAYAN,PUESTOS DE SALUD O POSTAS DE SALUD,ANCASH,HUARMEY,HUAYAN,21104,I-2,,ACTIVADO
GOBIERNO REGIONAL,PUESTO DE SALUD ATAQUERO,PUESTOS DE SALUD O POSTAS DE SALUD,ANCASH,CARHUAZ,ATAQUERO,20605,I-1,,ACTIVADO
GOBIERNO REGIONAL,ARAGOSTAY,PUESTOS DE SALUD O POSTAS DE SALUD,LA LIBERTAD,SANCHEZ CARRION,COCHORCO,130903,I-2,2.0,ACTIVADO
GOBIERNO REGIONAL,USHNOVAL,PUESTOS DE SALUD O POSTAS DE SALUD,LA LIBERTAD,SANTIAGO DE CHUCO,SITABAMBA,131008,I-1,,ACTIVADO
GOBIERNO REGIONAL,HOSPITAL PROVINCIAL DE BOLIVAR,HOSPITALES O CLINICAS DE ATENCION GENERAL,LA LIBERTAD,BOLIVAR,BOLIVAR,130301,II-1,8.0,ACTIVADO
GOBIERNO REGIONAL,PUESTO DE SALUD PIRA,PUESTOS DE SALUD O POSTAS DE SALUD,ANCASH,HUARAZ,PIRA,20111,I-2,,ACTIVADO
GOBIERNO REGIONAL,CHETO,PUESTOS DE SALUD O POSTAS DE SALUD,AMAZONAS,CHACHAPOYAS,CHETO,10104,I-1,,ACTIVADO
GOBIERNO REGIONAL,PUESTO DE SALUD HUASHAO,PUESTOS DE SALUD O POSTAS DE SALUD,ANCASH,YUNGAY,YUNGAY,22001,I-1,,ACTIVADO
GOBIERNO REGIONAL,CAMPIÑA,PUESTOS DE SALUD O POSTAS DE SALUD,LIMA,BARRANCA,SUPE,150204,I-2,,ACTIVADO
GOBIERNO REGIONAL,SAN RAFAEL,PUESTOS DE SALUD O POSTAS DE SALUD,AMAZONAS,CONDORCANQUI,RIO SANTIAGO,10403,I-2,,ACTIVADO
GOBIERNO REGIONAL,PUESTO DE SALUD ARHUAY,PUESTOS DE SALUD O POSTAS DE SALUD,ANCASH,YUNGAY,RANRAHIRCA,22006,I-1,,ACTIVADO
GOBIERNO REGIONAL,PUESTO DE SALUD SHUPLUY,PUESTOS DE SALUD O POSTAS DE SALUD,ANCASH,YUNGAY,SHUPLUY,22007,I-1,,ACTIVADO
GOBIERNO REGIONAL,BAMBAMARCA,PUESTOS DE SALUD O POSTAS DE SALUD,LA LIBERTAD,BOLIVAR,BAMBAMARCA,130302,I-2,,ACTIVADO
GOBIERNO REGIONAL,EL PORVENIR,PUESTOS DE SALUD O POSTAS DE SALUD,LIMA,BARRANCA,SUPE,150204,I-1,,ACTIVADO
GOBIERNO REGIONAL,NIMPANA,PUESTOS DE SALUD O POSTAS DE SALUD,LA LIBERTAD,PATAZ,PATAZ,130809,I-2,,ACTIVADO
GOBIERNO REGIONAL,SAN MIGUEL DE OTOPONGO,PUESTOS DE SALUD O POSTAS DE SALUD,LIMA,BARRANCA,PATIVILCA,150203,I-1,,ACTIVADO
GOBIERNO REGIONAL,PUESTO DE SALUD YUPASH,PUESTOS DE SALUD O POSTAS DE SALUD,ANCASH,HUARAZ,PIRA,20111,I-2,,ACTIVADO
GOBIERNO REGIONAL,SUCCHACENTRO,PUESTOS DE SALUD O POSTAS DE SALUD,LA LIBERTAD,SANCHEZ CARRION,COCHORCO,130903,I-2,,ACTIVADO
GOBIERNO REGIONAL,PUESTO DE SALUD QUINGAO,PUESTOS DE SALUD O POSTAS DE SALUD,ANCASH,SIHUAS,RAGASH,21908,I-1,,ACTIVADO
GOBIERNO REGIONAL,PUESTO DE SALUD TINGUA,PUESTOS DE SALUD O POSTAS DE SALUD,ANCASH,YUNGAY,MANCOS,22003,I-1,,ACTIVADO
GOBIERNO REGIONAL,PUESTO DE SALUD CHALAN,PUESTOS DE SALUD O POSTAS DE SALUD,ANCASH,PALLASCA,CONCHUCOS,21503,I-2,,ACTIVADO
GOBIERNO REGIONAL,PUESTO DE SALUD TINCO,PUESTOS DE SALUD O POSTAS DE SALUD,ANCASH,CARHUAZ,TINCO,20610,I-1,,ACTIVADO
GOBIERNO REGIONAL,PAMPA SAN ALEJO,PUESTOS DE SALUD O POSTAS DE SALUD,LIMA,BARRANCA,BARRANCA,150201,I-1,,ACTIVADO
GOBIERNO REGIONAL,BAJO PUPUNTAS,PUESTOS DE SALUD O POSTAS DE SALUD,AMAZONAS,CONDORCANQUI,NIEVA,10401,I-1,,ACTIVADO
GOBIERNO REGIONAL,QUINJALCA,PUESTOS DE SALUD O POSTAS DE SALUD,AMAZONAS,CHACHAPOYAS,QUINJALCA,10117,I-2,,ACTIVADO
GOBIERNO REGIONAL,PUESTO DE SALUD TAURIPAMPA,PUESTOS DE SALUD O POSTAS DE SALUD,ANCASH,CARHUAZ,CARHUAZ,20601,I-1,,ACTIVADO
GOBIERNO REGIONAL,PUESTO DE SALUD LLANQUISH,PUESTOS DE SALUD O POSTAS DE SALUD,ANCASH,AIJA,SUCCHA,20205,I-1,,ACTIVADO
GOBIERNO REGIONAL,PUESTO DE SALUD HUACLLAN,PUESTOS DE SALUD O POSTAS DE SALUD,ANCASH,AIJA,HUACLLAN,20203,I-1,,ACTIVADO
GOBIERNO REGIONAL,PUESTO DE SALUD MUSHO,PUESTOS DE SALUD O POSTAS DE SALUD,ANCASH,YUNGAY,YUNGAY,22001,I-1,,ACTIVADO
GOBIERNO REGIONAL,MOLINOPAMPA,CENTROS DE SALUD O CENTROS MEDICOS,AMAZONAS,CHACHAPOYAS,MOLINOPAMPA,10114,I-3,,ACTIVADO
GOBIERNO REGIONAL,PUESTO DE SALUD MAYAS,PUESTOS DE SALUD O POSTAS DE SALUD,ANCASH,PALLASCA,CONCHUCOS,21503,I-1,,ACTIVADO
GOBIERNO REGIONAL,PUESTO DE SALUD MAYA,PUESTOS DE SALUD O POSTAS DE SALUD,ANCASH,CARHUAZ,CARHUAZ,20601,I-2,,ACTIVADO
GOBIERNO REGIONAL,SUCCHAMARCA,PUESTOS DE SALUD O POSTAS DE SALUD,LA LIBERTAD,SANCHEZ CARRION,COCHORCO,130903,I-1,1.0,ACTIVADO
GOBIERNO REGIONAL,PUESTO DE SALUD UCHUPAMPA,PUESTOS DE SALUD O POSTAS DE SALUD,ANCASH,PALLASCA,PAMPAS,21509,I-1,,ACTIVADO
GOBIERNO REGIONAL,PUESTO DE SALUD RAGASH,PUESTOS DE SALUD O POSTAS DE SALUD,ANCASH,SIHUAS,RAGASH,21908,I-1,,ACTIVADO
GOBIERNO REGIONAL,CENTRO DE SALUD TUMPA,CENTROS DE SALUD O CENTROS MEDICOS,ANCASH,YUNGAY,YUNGAY,22001,I-3,,ACTIVADO
GOBIERNO REGIONAL,VIJUS,PUESTOS DE SALUD O POSTAS DE SALUD,LA LIBERTAD,PATAZ,PATAZ,130809,I-2,,ACTIVADO
GOBIERNO REGIONAL,PUESTO DE SALUD SAN MIGUEL,PUESTOS DE SALUD O POSTAS DE SALUD,ANCASH,SIHUAS,CHINGALPO,21905,I-1,,ACTIVADO
GOBIERNO REGIONAL,PUESTO DE SALUD UTUPAMPA,PUESTOS DE SALUD O POSTAS DE SALUD,ANCASH,YUNGAY,MANCOS,22003,I-1,,ACTIVADO
GOBIERNO REGIONAL,PUESTO DE SALUD MALVAS,PUESTOS DE SALUD O POSTAS DE SALUD,ANCASH,HUARMEY,MALVAS,21105,I-1,,ACTIVADO
GOBIERNO REGIONAL,HUAYTO,PUESTOS DE SALUD O POSTAS DE SALUD,LIMA,BARRANCA,PATIVILCA,150203,I-2,,ACTIVADO
GOBIERNO REGIONAL,PUESTO DE SALUD PARARIN,PUESTOS DE SALUD O POSTAS DE SALUD,ANCASH,RECUAY,PARARIN,21708,I-1,,ACTIVADO
GOBIERNO REGIONAL,PUESTO DE SALUD PASACANCHA,PUESTOS DE SALUD O POSTAS DE SALUD,ANCASH,SIHUAS,CASHAPAMPA,21904,I-1,,ACTIVADO
GOBIERNO REGIONAL,PUESTO DE SALUD MONGON,PUESTOS DE SALUD O POSTAS DE SALUD,ANCASH,PALLASCA,PAMPAS,21509,I-1,,ACTIVADO
GOBIERNO REGIONAL,PUESTO DE SALUD CASHAPAMPA,PUESTOS DE SALUD O POSTAS DE SALUD,ANCASH,SIHUAS,CASHAPAMPA,21904,I-1,,ACTIVADO
GOBIERNO REGIONAL,CARHUAZ,HOSPITALES O CLINICAS DE ATENCION GENERAL,ANCASH,CARHUAZ,CARHUAZ,20601,II-1,,ACTIVADO
GOBIERNO REGIONAL,AMASHCA,PUESTOS DE SALUD O POSTAS DE SALUD,ANCASH,CARHUAZ,AMASHCA,20603,I-1,,ACTIVADO
GOBIERNO REGIONAL,PUESTO DE SALUD SUCCHA,PUESTOS DE SALUD O POSTAS DE SALUD,ANCASH,AIJA,SUCCHA,20205,I-1,,ACTIVADO
ESSALUD,CENTRO MEDICO CARHUAZ,CENTROS DE SALUD O CENTROS MEDICOS,ANCASH,CARHUAZ,CARHUAZ,20601,I-3,,ACTIVADO
GOBIERNO REGIONAL,OLLEROS,PUESTOS DE SALUD O POSTAS DE SALUD,AMAZONAS,CHACHAPOYAS,OLLEROS,10116,I-1,,ACTIVADO
GOBIERNO REGIONAL,PUESTO DE SALUD COCHAPETI,PUESTOS DE SALUD O POSTAS DE SALUD,ANCASH,HUARMEY,COCHAPETI,21102,I-1,,ACTIVADO
GOBIERNO REGIONAL,SAN JUAN DEL MORONA,PUESTOS DE SALUD O POSTAS DE SALUD,LORETO,DATEM DEL MARAÑON,MORONA,160704,I-1,,ACTIVADO
GOBIERNO REGIONAL,PUESTO DE SALUD RAMPAC GRANDE,PUESTOS DE SALUD O POSTAS DE SALUD,ANCASH,CARHUAZ,CARHUAZ,20601,I-1,,ACTIVADO
GOBIERNO REGIONAL,PUESTO DE SALUD HUASHCAO,PUESTOS DE SALUD O POSTAS DE SALUD,ANCASH,YUNGAY,MANCOS,22003,I-1,,ACTIVADO
GOBIERNO REGIONAL,VIRGEN DE LAS MERCEDES,PUESTOS DE SALUD O POSTAS DE SALUD,LIMA,BARRANCA,SUPE,150204,I-2,,ACTIVADO
GOBIERNO REGIONAL,PUNYAN,PUESTOS DE SALUD O POSTAS DE SALUD,ANCASH,CARHUAZ,AMASHCA,20603,I-1,,ACTIVADO
GOBIERNO REGIONAL,CHAGUAL,PUESTOS DE SALUD O POSTAS DE SALUD,LA LIBERTAD,PATAZ,PATAZ,130809,I-2,,ACTIVADO
GOBIERNO REGIONAL,AGUAS VERDES,PUESTOS DE SALUD O POSTAS DE SALUD,SAN MARTIN,RIOJA,PARDO MIGUEL,220805,I-1,,ACTIVADO
GOBIERNO REGIONAL,HOSPITAL DE APOYO SIHUAS,HOSPITALES O CLINICAS DE ATENCION GENERAL,ANCASH,SIHUAS,SIHUAS,21901,II-1,4.0,ACTIVADO
GOBIERNO REGIONAL,PUESTO DE SALUD ANDAYMAYO,PUESTOS DE SALUD O POSTAS DE SALUD,ANCASH,SIHUAS,SAN JUAN,21909,I-2,,ACTIVADO
GOBIERNO REGIONAL,PERLA DEL MAYO,PUESTOS DE SALUD O POSTAS DE SALUD,SAN MARTIN,RIOJA,PARDO MIGUEL,220805,I-1,,ACTIVADO
GOBIERNO REGIONAL,CENTRO DE SALUD ACOPAMPA,CENTROS DE SALUD O CENTROS MEDICOS,ANCASH,CARHUAZ,ACOPAMPA,20602,I-3,,ACTIVADO
GOBIERNO REGIONAL,SHILLA,PUESTOS DE SALUD O POSTAS DE SALUD,ANCASH,CARHUAZ,SHILLA,20609,I-2,,ACTIVADO
GOBIERNO REGIONAL,GRANADA,PUESTOS DE SALUD O POSTAS DE SALUD,AMAZONAS,CHACHAPOYAS,GRANADA,10107,I-1,,ACTIVADO
GOBIERNO REGIONAL,CARQUIN,PUESTOS DE SALUD O POSTAS DE SALUD,LIMA,HUAURA,CALETA DE CARQUIN,150803,I-2,,ACTIVADO
GOBIERNO REGIONAL,PUESTO DE SALUD PARIASHPAMPA,PUESTOS DE SALUD O POSTAS DE SALUD,ANCASH,SIHUAS,SAN JUAN,21909,I-1,,ACTIVADO
GOBIERNO REGIONAL,USCA,PUESTOS DE SALUD O POSTAS DE SALUD,LA LIBERTAD,PATAZ,HUAYO,130806,I-1,,ACTIVADO
GOBIERNO REGIONAL,PUESTO DE SALUD LLACLLIN,PUESTOS DE SALUD O POSTAS DE SALUD,ANCASH,RECUAY,LLACLLIN,21705,I-1,,ACTIVADO
GOBIERNO REGIONAL,CAMPO ALEGRE,PUESTOS DE SALUD O POSTAS DE SALUD,LIMA,HUAURA,HUALMAY,150805,I-2,,ACTIVADO
GOBIERNO REGIONAL,HUAYPAN,PUESTOS DE SALUD O POSTAS DE SALUD,ANCASH,YUNGAY,MANCOS,22003,I-1,,ACTIVADO
GOBIERNO REGIONAL,LIMAN,PUESTOS DE SALUD O POSTAS DE SALUD,LIMA,BARRANCA,SUPE,150204,I-1,,ACTIVADO
GOBIERNO REGIONAL,POYOR,PUESTOS DE SALUD O POSTAS DE SALUD,ANCASH,CARHUAZ,YUNGAR,20611,I-1,,ACTIVADO
GOBIERNO REGIONAL,PUESTO DE SALUD CHASQUITAMBO,PUESTOS DE SALUD O POSTAS DE SALUD,ANCASH,BOLOGNESI,COLQUIOC,20507,I-2,,ACTIVADO
GOBIERNO REGIONAL,PUESTO DE SALUD HUALCAN,PUESTOS DE SALUD O POSTAS DE SALUD,ANCASH,CARHUAZ,CARHUAZ,20601,I-2,,ACTIVADO
GOBIERNO REGIONAL,PUESTO DE SALUD LA MERCED,PUESTOS DE SALUD O POSTAS DE SALUD,ANCASH,AIJA,LA MERCED,20204,I-1,,ACTIVADO
GOBIERNO REGIONAL,MANZANARES,CENTROS DE SALUD O CENTROS MEDICOS,LIMA,HUAURA,HUACHO,150801,I-3,,ACTIVADO
ESSALUD,HOSPITAL II GUSTAVO LANATTA LUJAN - ESSALUD,HOSPITALES O CLINICAS DE ATENCION GENERAL,LIMA,HUAURA,HUACHO,150801,II-2,117.0,ACTIVADO
GOBIERNO REGIONAL,CENTRO DE SALUD AIJA,CENTROS DE SALUD O CENTROS MEDICOS,ANCASH,AIJA,AIJA,20201,I-3,,ACTIVADO
GOBIERNO REGIONAL,HOSPITAL GENERAL DE HUACHO,HOSPITALES O CLINICAS DE ATENCION GENERAL,LIMA,HUAURA,HUACHO,150801,II-2,162.0,ACTIVADO
GOBIERNO REGIONAL,SANTA ROSA,PUESTOS DE SALUD O POSTAS DE SALUD,ANCASH,CARHUAZ,YUNGAR,20611,I-1,,ACTIVADO
GOBIERNO REGIONAL,HUALMAY,CENTROS DE SALUD O CENTROS MEDICOS,LIMA,HUAURA,HUALMAY,150805,I-3,,ACTIVADO
GOBIERNO REGIONAL,PUESTO DE SALUD HUATAULLO,PUESTOS DE SALUD O POSTAS DE SALUD,ANCASH,PALLASCA,CONCHUCOS,21503,I-2,,ACTIVADO
GOBIERNO REGIONAL,MAZO,PUESTOS DE SALUD O POSTAS DE SALUD,LIMA,HUAURA,VEGUETA,150812,I-2,,ACTIVADO
GOBIERNO REGIONAL,PUESTO DE SALUD PARIACACA,PUESTOS DE SALUD O POSTAS DE SALUD,ANCASH,CARHUAZ,CARHUAZ,20601,I-1,,ACTIVADO
GOBIERNO REGIONAL,SOCORRO,CENTROS DE SALUD O CENTROS MEDICOS,LIMA,HUAURA,HUAURA,150806,I-3,,ACTIVADO
GOBIERNO REGIONAL,TRIGOPAMPA,PUESTOS DE SALUD O POSTAS DE SALUD,ANCASH,CARHUAZ,YUNGAR,20611,I-1,,ACTIVADO
GOBIERNO REGIONAL,CENTRO DE SALUD MARCARA,CENTROS DE SALUD O CENTROS MEDICOS,ANCASH,CARHUAZ,MARCARA,20606,I-3,,ACTIVADO
GOBIERNO REGIONAL,PARAN,PUESTOS DE SALUD O POSTAS DE SALUD,LA LIBERTAD,PATAZ,CHILLIA,130803,I-1,,ACTIVADO
GOBIERNO REGIONAL,PUESTO DE SALUD SAURAPA,PUESTOS DE SALUD O POSTAS DE SALUD,ANCASH,SIHUAS,SIHUAS,21901,I-1,,ACTIVADO
GOBIERNO REGIONAL,HUAURA,CENTROS DE SALUD O CENTROS MEDICOS,LIMA,HUAURA,HUAURA,150806,I-3,,ACTIVADO
GOBIERNO REGIONAL,VAQUERIA DE ANDAS,PUESTOS DE SALUD O POSTAS DE SALUD,LA LIBERTAD,PATAZ,PARCOY,130808,I-2,,ACTIVADO
GOBIERNO REGIONAL,CONDORMARCA,PUESTOS DE SALUD O POSTAS DE SALUD,LA LIBERTAD,BOLIVAR,CONDORMARCA,130303,I-2,,ACTIVADO
GOBIERNO REGIONAL,DOMINGO MANDAMIENTO,PUESTOS DE SALUD O POSTAS DE SALUD,LIMA,HUAURA,HUALMAY,150805,I-2,,ACTIVADO
GOBIERNO REGIONAL,PUESTO DE SALUD CHINGALPO,PUESTOS DE SALUD O POSTAS DE SALUD,ANCASH,SIHUAS,CHINGALPO,21905,I-1,,ACTIVADO
GOBIERNO REGIONAL,PATAZ,CENTROS DE SALUD CON CAMAS DE INTERNAMIENTO,LA LIBERTAD,PATAZ,PATAZ,130809,I-4,,ACTIVADO
GOBIERNO REGIONAL,PUESTO DE SALUD HUAYAWILLCA,PUESTOS DE SALUD O POSTAS DE SALUD,ANCASH,HUARAZ,INDEPENDENCIA,20105,I-1,,ACTIVADO
GOBIERNO REGIONAL,PUESTO DE SALUD SANTA  CRUZ,PUESTOS DE SALUD O POSTAS DE SALUD,ANCASH,AIJA,LA MERCED,20204,I-1,,ACTIVADO
GOBIERNO REGIONAL,HUAYO,PUESTOS DE SALUD O POSTAS DE SALUD,LA LIBERTAD,PATAZ,HUAYO,130806,I-2,,ACTIVADO
GOBIERNO REGIONAL,CENTRO DE SALUD YUNGAR,CENTROS DE SALUD O CENTROS MEDICOS,ANCASH,CARHUAZ,YUNGAR,20611,I-3,,ACTIVADO
GOBIERNO REGIONAL,1RO DE MAYO,PUESTOS DE SALUD O POSTAS DE SALUD,LIMA,HUAURA,SANTA MARIA,150810,I-2,,ACTIVADO
GOBIERNO REGIONAL,SAN BARTOLOME,PUESTOS DE SALUD O POSTAS DE SALUD,LIMA,HUAURA,SANTA MARIA,150810,I-2,,ACTIVADO
GOBIERNO REGIONAL,PUESTO DE SALUD COTAPARACO,PUESTOS DE SALUD O POSTAS DE SALUD,ANCASH,RECUAY,COTAPARACO,21703,I-1,,ACTIVADO
GOBIERNO REGIONAL,PUESTO DE SALUD SAN JUAN CHULLIN,PUESTOS DE SALUD O POSTAS DE SALUD,ANCASH,SIHUAS,SAN JUAN,21909,I-2,,ACTIVADO
GOBIERNO REGIONAL,CHONTA,PUESTOS DE SALUD O POSTAS DE SALUD,LIMA,HUAURA,SANTA MARIA,150810,I-2,,ACTIVADO
GOBIERNO REGIONAL,PUESTO DE SALUD ACOBAMBA,PUESTOS DE SALUD O POSTAS DE SALUD,ANCASH,SIHUAS,ACOBAMBA,21902,I-1,,ACTIVADO
GOBIERNO REGIONAL,PUESTO DE SALUD SICSIBAMBA,PUESTOS DE SALUD O POSTAS DE SALUD,ANCASH,SIHUAS,SICSIBAMBA,21910,I-2,,ACTIVADO
GOBIERNO REGIONAL,COCHAMAL,PUESTOS DE SALUD O POSTAS DE SALUD,AMAZONAS,RODRIGUEZ DE MENDOZA,COCHAMAL,10603,I-1,,ACTIVADO
GOBIERNO REGIONAL,LLUCHUBAMBA,PUESTOS DE SALUD O POSTAS DE SALUD,LA LIBERTAD,PATAZ,CHILLIA,130803,I-1,,ACTIVADO
GOBIERNO REGIONAL,CENTRO DE SALUD JANGAS,CENTROS DE SALUD O CENTROS MEDICOS,ANCASH,HUARAZ,JANGAS,20106,I-3,,ACTIVADO
GOBIERNO REGIONAL,PUESTO DE SALUD TARICA,PUESTOS DE SALUD O POSTAS DE SALUD,ANCASH,HUARAZ,TARICA,20112,I-1,,ACTIVADO
GOBIERNO REGIONAL,SANTA MARIA,CENTROS DE SALUD O CENTROS MEDICOS,LIMA,HUAURA,SANTA MARIA,150810,I-3,,ACTIVADO
GOBIERNO REGIONAL,ZAPATA,PUESTOS DE SALUD O POSTAS DE SALUD,LIMA,HUAURA,SANTA MARIA,150810,I-1,,ACTIVADO
GOBIERNO REGIONAL,PUESTO DE SALUD SHECTA,PUESTOS DE SALUD O POSTAS DE SALUD,ANCASH,HUARAZ,INDEPENDENCIA,20105,I-1,,ACTIVADO
GOBIERNO REGIONAL,PUESTO DE SALUD CHINCHOBAMBA,PUESTOS DE SALUD O POSTAS DE SALUD,ANCASH,SIHUAS,SAN JUAN,21909,I-1,,ACTIVADO
GOBIERNO REGIONAL,SACHA PAPA,PUESTOS DE SALUD O POSTAS DE SALUD,LORETO,DATEM DEL MARAÑON,MANSERICHE,160703,I-1,,ACTIVADO
GOBIERNO REGIONAL,AGUAS CLARAS,PUESTOS DE SALUD O POSTAS DE SALUD,SAN MARTIN,RIOJA,PARDO MIGUEL,220805,I-2,,ACTIVADO
GOBIERNO REGIONAL,PUESTO DE SALUD TAPACOCHA,PUESTOS DE SALUD O POSTAS DE SALUD,ANCASH,RECUAY,TAPACOCHA,21709,I-1,,ACTIVADO
GOBIERNO REGIONAL,CUCAHUASI,PUESTOS DE SALUD O POSTAS DE SALUD,LA LIBERTAD,PATAZ,HUAYO,130806,I-1,,ACTIVADO
GOBIERNO REGIONAL,SHUCUSH,PUESTOS DE SALUD O POSTAS DE SALUD,AMAZONAS,RODRIGUEZ DE MENDOZA,LONGAR,10606,I-1,,ACTIVADO
GOBIERNO REGIONAL,PUESTO DE SALUD SANTA ROSA DE CANSHAN,PUESTOS DE SALUD O POSTAS DE SALUD,ANCASH,HUARAZ,INDEPENDENCIA,20105,I-1,,ACTIVADO
GOBIERNO REGIONAL,TAYTALAYNES,PUESTOS DE SALUD O POSTAS DE SALUD,LIMA,BARRANCA,SUPE,150204,I-1,,ACTIVADO
GOBIERNO REGIONAL,UCHUCUAYO,PUESTOS DE SALUD O POSTAS DE SALUD,LA LIBERTAD,PATAZ,PARCOY,130808,I-1,,ACTIVADO
GOBIERNO REGIONAL,PUESTO DE SALUD PALTAY,PUESTOS DE SALUD O POSTAS DE SALUD,ANCASH,HUARAZ,TARICA,20112,I-2,,ACTIVADO
GOBIERNO REGIONAL,CENTRO DE SALUD HUAYLLABAMBA,CENTROS DE SALUD O CENTROS MEDICOS,ANCASH,SIHUAS,HUAYLLABAMBA,21906,I-3,,ACTIVADO
GOBIERNO REGIONAL,PUESTO DE SALUD ATIPAYAN,PUESTOS DE SALUD O POSTAS DE SALUD,ANCASH,HUARAZ,INDEPENDENCIA,20105,I-1,,ACTIVADO
GOBIERNO REGIONAL,SINCHI ROCA,PUESTOS DE SALUD O POSTAS DE SALUD,LORETO,DATEM DEL MARAÑON,MANSERICHE,160703,I-1,,ACTIVADO
GOBIERNO REGIONAL,SAN JOSE,PUESTOS DE SALUD O POSTAS DE SALUD,AMAZONAS,CHACHAPOYAS,MOLINOPAMPA,10114,I-1,,ACTIVADO
GOBIERNO REGIONAL,CHONTAPAMPA,PUESTOS DE SALUD O POSTAS DE SALUD,AMAZONAS,RODRIGUEZ DE MENDOZA,HUAMBO,10604,I-1,,ACTIVADO
GOBIERNO REGIONAL,PUESTO DE SALUD CHAUCAYAN,PUESTOS DE SALUD O POSTAS DE SALUD,ANCASH,RECUAY,LLACLLIN,21705,I-1,,ACTIVADO
GOBIERNO REGIONAL,PUESTO DE SALUD QUENUAYOC,PUESTOS DE SALUD O POSTAS DE SALUD,ANCASH,HUARAZ,INDEPENDENCIA,20105,I-1,,ACTIVADO
GOBIERNO REGIONAL,PUESTO DE SALUD PIRPO,PUESTOS DE SALUD O POSTAS DE SALUD,ANCASH,SIHUAS,HUAYLLABAMBA,21906,I-1,,ACTIVADO
GOBIERNO REGIONAL,PUESTO DE SALUD CHONTAYOC,PUESTOS DE SALUD O POSTAS DE SALUD,ANCASH,HUARAZ,INDEPENDENCIA,20105,I-1,,ACTIVADO
GOBIERNO REGIONAL,LONGAR,CENTROS DE SALUD O CENTROS MEDICOS,AMAZONAS,RODRIGUEZ DE MENDOZA,LONGAR,10606,I-3,,ACTIVADO
GOBIERNO REGIONAL,SHINGUITO,PUESTOS DE SALUD O POSTAS DE SALUD,LORETO,DATEM DEL MARAÑON,MORONA,160704,I-1,,ACTIVADO
GOBIERNO REGIONAL,PIAS,PUESTOS DE SALUD O POSTAS DE SALUD,LA LIBERTAD,PATAZ,PIAS,130810,I-2,,ACTIVADO
GOBIERNO REGIONAL,PUESTO DE SALUD JOCOSBAMBA,PUESTOS DE SALUD O POSTAS DE SALUD,ANCASH,SIHUAS,QUICHES,21907,I-1,,ACTIVADO
GOBIERNO REGIONAL,BORJA,PUESTOS DE SALUD O POSTAS DE SALUD,LORETO,DATEM DEL MARAÑON,MANSERICHE,160703,I-1,,ACTIVADO
GOBIERNO REGIONAL,PUESTO DE SALUD MARCAC,PUESTOS DE SALUD O POSTAS DE SALUD,ANCASH,HUARAZ,INDEPENDENCIA,20105,I-1,,ACTIVADO
GOBIERNO REGIONAL,EL MIRADOR,PUESTOS DE SALUD O POSTAS DE SALUD,SAN MARTIN,RIOJA,PARDO MIGUEL,220805,I-1,,ACTIVADO
GOBIERNO REGIONAL,CENTRO DE SALUD MONTERREY,CENTROS DE SALUD O CENTROS MEDICOS,ANCASH,HUARAZ,INDEPENDENCIA,20105,I-3,,ACTIVADO
ESSALUD,HOSPITAL II HUARAZ,HOSPITALES O CLINICAS DE ATENCION ESPECIALIZADA,ANCASH,HUARAZ,INDEPENDENCIA,20105,Sin Categoría,45.0,ACTIVADO
GOBIERNO REGIONAL,CHAVIN,PUESTOS DE SALUD O POSTAS DE SALUD,ANCASH,HUARAZ,INDEPENDENCIA,20105,I-1,,ACTIVADO
GOBIERNO REGIONAL,PUESTO DE SALUD HUAYLLAPAMPA,PUESTOS DE SALUD O POSTAS DE SALUD,ANCASH,RECUAY,HUAYLLAPAMPA,21704,I-1,,ACTIVADO
GOBIERNO REGIONAL,PUESTO DE SALUD UMBE,PUESTOS DE SALUD O POSTAS DE SALUD,ANCASH,SIHUAS,SICSIBAMBA,21910,I-1,,ACTIVADO
GOBIERNO REGIONAL,CENTRO DE SALUD PALMIRA,CENTROS DE SALUD O CENTROS MEDICOS,ANCASH,HUARAZ,INDEPENDENCIA,20105,I-3,,ACTIVADO
GOBIERNO REGIONAL,HUAMBO,CENTROS DE SALUD O CENTROS MEDICOS,AMAZONAS,RODRIGUEZ DE MENDOZA,HUAMBO,10604,I-3,,ACTIVADO
GOBIERNO REGIONAL,LABORATORIO DE REFERENCIA REGIONAL ANCASH,PATOLOGIA CLINICA,ANCASH,HUARAZ,HUARAZ,20101,Sin Categoría,,ACTIVADO
GOBIERNO REGIONAL,CENTRO DE SALUD HUARUPAMPA,CENTROS DE SALUD O CENTROS MEDICOS,ANCASH,HUARAZ,HUARAZ,20101,I-3,,ACTIVADO
GOBIERNO REGIONAL,VICTOR RAMOS GUARDIA - HUARAZ,HOSPITALES O CLINICAS DE ATENCION ESPECIALIZADA,ANCASH,HUARAZ,HUARAZ,20101,II-2,130.0,ACTIVADO
GOBIERNO REGIONAL,SAN AGUSTIN,PUESTOS DE SALUD O POSTAS DE SALUD,SAN MARTIN,RIOJA,PARDO MIGUEL,220805,I-1,,ACTIVADO
GOBIERNO REGIONAL,CENTRO DE SALUD NICRUPAMPA,CENTROS DE SALUD O CENTROS MEDICOS,ANCASH,HUARAZ,INDEPENDENCIA,20105,I-3,,ACTIVADO
GOBIERNO REGIONAL,PUESTO DE SALUD CURHUAZ,PUESTOS DE SALUD O POSTAS DE SALUD,ANCASH,HUARAZ,INDEPENDENCIA,20105,I-1,,ACTIVADO
GOBIERNO REGIONAL,ALPAMARCA,PUESTOS DE SALUD O POSTAS DE SALUD,LA LIBERTAD,PATAZ,PARCOY,130808,I-1,,ACTIVADO
GOBIERNO REGIONAL,MICHINA,PUESTOS DE SALUD O POSTAS DE SALUD,AMAZONAS,RODRIGUEZ DE MENDOZA,MARISCAL BENAVIDES,10607,I-1,,ACTIVADO
GOBIERNO REGIONAL,PUESTO DE SALUD JANCAPAMPA,PUESTOS DE SALUD O POSTAS DE SALUD,ANCASH,POMABAMBA,POMABAMBA,21601,I-1,,ACTIVADO
GOBIERNO REGIONAL,PUESTO DE SALUD PARIA,PUESTOS DE SALUD O POSTAS DE SALUD,ANCASH,HUARAZ,INDEPENDENCIA,20105,I-1,,ACTIVADO
GOBIERNO REGIONAL,PUESTO DE SALUD CONOPA,PUESTOS DE SALUD O POSTAS DE SALUD,ANCASH,POMABAMBA,POMABAMBA,21601,I-2,,ACTIVADO
GOBIERNO REGIONAL,CHILIA,CENTROS DE SALUD O CENTROS MEDICOS,LA LIBERTAD,PATAZ,CHILLIA,130803,I-3,,ACTIVADO
GOBIERNO REGIONAL,PUESTO DE SALUD SAN NICOLAS,PUESTOS DE SALUD O POSTAS DE SALUD,ANCASH,HUARAZ,HUARAZ,20101,I-2,,ACTIVADO
GOBIERNO REGIONAL,PUESTO DE SALUD HUANCHAC,PUESTOS DE SALUD O POSTAS DE SALUD,ANCASH,HUARAZ,INDEPENDENCIA,20105,I-2,,ACTIVADO
GOBIERNO REGIONAL,PUESTO DE SALUD HUAMARIN,PUESTOS DE SALUD O POSTAS DE SALUD,ANCASH,HUARAZ,HUARAZ,20101,I-1,,ACTIVADO
GOBIERNO REGIONAL,PIONEROS BAJO (SAN JUAN DEL MAYO),PUESTOS DE SALUD O POSTAS DE SALUD,SAN MARTIN,RIOJA,PARDO MIGUEL,220805,I-1,,ACTIVADO
GOBIERNO REGIONAL,PUESTO DE SALUD YANACOSHCA,PUESTOS DE SALUD O POSTAS DE SALUD,ANCASH,HUARAZ,HUARAZ,20101,I-1,,ACTIVADO
GOBIERNO REGIONAL,PUESTO DE SALUD SANTA CATALINA,PUESTOS DE SALUD O POSTAS DE SALUD,ANCASH,HUARAZ,HUARAZ,20101,I-1,,ACTIVADO
GOBIERNO REGIONAL,PUESTO DE SALUD YERBA BUENA,PUESTOS DE SALUD O POSTAS DE SALUD,ANCASH,YUNGAY,YANAMA,22008,I-1,,ACTIVADO
GOBIERNO REGIONAL,FELIX FLORES,PUESTOS DE SALUD O POSTAS DE SALUD,LORETO,DATEM DEL MARAÑON,MANSERICHE,160703,I-1,,ACTIVADO
GOBIERNO REGIONAL,NUEVO HORIZONTE,PUESTOS DE SALUD O POSTAS DE SALUD,AMAZONAS,RODRIGUEZ DE MENDOZA,HUAMBO,10604,I-1,,ACTIVADO
GOBIERNO REGIONAL,PUESTO DE SALUD ICHOCA,PUESTOS DE SALUD O POSTAS DE SALUD,ANCASH,HUARAZ,HUARAZ,20101,I-1,,ACTIVADO
GOBIERNO REGIONAL,NARANJOS,CENTROS DE SALUD CON CAMAS DE INTERNAMIENTO,SAN MARTIN,RIOJA,PARDO MIGUEL,220805,I-4,,ACTIVADO
GOBIERNO REGIONAL,PUESTO DE SALUD MARIAN,PUESTOS DE SALUD O POSTAS DE SALUD,ANCASH,HUARAZ,INDEPENDENCIA,20105,I-2,,ACTIVADO
GOBIERNO REGIONAL,MARISCAL BENAVIDES,CENTROS DE SALUD O CENTROS MEDICOS,AMAZONAS,RODRIGUEZ DE MENDOZA,MARISCAL BENAVIDES,10607,I-3,,ACTIVADO
GOBIERNO REGIONAL,LIMABAMBA,CENTROS DE SALUD O CENTROS MEDICOS,AMAZONAS,RODRIGUEZ DE MENDOZA,LIMABAMBA,10605,I-3,,ACTIVADO
GOBIERNO REGIONAL,PUESTO DE SALUD MASHUAN,PUESTOS DE SALUD O POSTAS DE SALUD,ANCASH,HUARAZ,OLLEROS,20108,I-1,,ACTIVADO
GOBIERNO REGIONAL,PUESTO DE SALUD UNCHUS,PUESTOS DE SALUD O POSTAS DE SALUD,ANCASH,HUARAZ,INDEPENDENCIA,20105,I-1,,ACTIVADO
GOBIERNO REGIONAL,CHINGUIL,PUESTOS DE SALUD O POSTAS DE SALUD,ANCASH,MARISCAL LUZURIAGA,LLUMPA,21306,I-1,,ACTIVADO
GOBIERNO REGIONAL,PUESTO DE SALUD MACASHCA,PUESTOS DE SALUD O POSTAS DE SALUD,ANCASH,HUARAZ,HUARAZ,20101,I-1,,ACTIVADO
GOBIERNO REGIONAL,PUESTO DE SALUD HUALLCOR,PUESTOS DE SALUD O POSTAS DE SALUD,ANCASH,HUARAZ,HUARAZ,20101,I-1,,ACTIVADO
GOBIERNO REGIONAL,CENTRO DE SALUD QUICHES,CENTROS DE SALUD O CENTROS MEDICOS,ANCASH,SIHUAS,QUICHES,21907,I-3,,ACTIVADO
GOBIERNO REGIONAL,PUESTO DE SALUD COYLLUR,PUESTOS DE SALUD O POSTAS DE SALUD,ANCASH,HUARAZ,HUARAZ,20101,I-1,,ACTIVADO
GOBIERNO REGIONAL,HUAYAUCITO,PUESTOS DE SALUD O POSTAS DE SALUD,LA LIBERTAD,PATAZ,CHILLIA,130803,I-2,,ACTIVADO
GOBIERNO REGIONAL,BELLAVISTA,PUESTOS DE SALUD O POSTAS DE SALUD,LA LIBERTAD,PATAZ,CHILLIA,130803,I-2,,ACTIVADO
GOBIERNO REGIONAL,PUESTO DE SALUD COLLAHUASI,PUESTOS DE SALUD O POSTAS DE SALUD,ANCASH,RECUAY,RECUAY,21701,I-1,,ACTIVADO
GOBIERNO REGIONAL,PUESTO DE SALUD SAN PEDRO DE COPA,PUESTOS DE SALUD O POSTAS DE SALUD,ANCASH,OCROS,SAN PEDRO,21409,I-1,,ACTIVADO
GOBIERNO REGIONAL,ATAHUALPA,PUESTOS DE SALUD O POSTAS DE SALUD,LORETO,DATEM DEL MARAÑON,MANSERICHE,160703,I-1,,ACTIVADO
GOBIERNO REGIONAL,PUESTO DE SALUD SANTA CLARA,PUESTOS DE SALUD O POSTAS DE SALUD,ANCASH,SIHUAS,HUAYLLABAMBA,21906,I-2,,ACTIVADO
GOBIERNO REGIONAL,CHAPIS,PUESTOS DE SALUD O POSTAS DE SALUD,LORETO,DATEM DEL MARAÑON,MANSERICHE,160703,I-1,,ACTIVADO
GOBIERNO REGIONAL,EL TRIUNFO,PUESTOS DE SALUD O POSTAS DE SALUD,AMAZONAS,UTCUBAMBA,CAJARURO,10702,I-1,,ACTIVADO
GOBIERNO REGIONAL,PUESTO DE SALUD CAJAS,PUESTOS DE SALUD O POSTAS DE SALUD,ANCASH,POMABAMBA,PAROBAMBA,21603,I-1,,ACTIVADO
GOBIERNO REGIONAL,PUESTO DE SALUD CHUYAS,PUESTOS DE SALUD O POSTAS DE SALUD,ANCASH,POMABAMBA,POMABAMBA,21601,I-1,,ACTIVADO
GOBIERNO REGIONAL,PUESTO DE SALUD YUMPE,PUESTOS DE SALUD O POSTAS DE SALUD,ANCASH,BOLOGNESI,HUAYLLACAYAN,20510,I-1,,ACTIVADO
GOBIERNO REGIONAL,PUESTO DE SALUD JAUNA,PUESTOS DE SALUD O POSTAS DE SALUD,ANCASH,HUARAZ,HUARAZ,20101,I-1,,ACTIVADO
GOBIERNO REGIONAL,PUESTO DE SALUD LLUPA,PUESTOS DE SALUD O POSTAS DE SALUD,ANCASH,HUARAZ,INDEPENDENCIA,20105,I-2,,ACTIVADO
GOBIERNO REGIONAL,MARIA AUXILIADORA,HOSPITALES O CLINICAS DE ATENCION GENERAL,AMAZONAS,RODRIGUEZ DE MENDOZA,SAN NICOLAS,10601,II-1,18.0,ACTIVADO
GOBIERNO REGIONAL,PARCOY,CENTROS DE SALUD O CENTROS MEDICOS,LA LIBERTAD,PATAZ,PARCOY,130808,I-3,,ACTIVADO
GOBIERNO REGIONAL,PUESTO DE SALUD LLOCLLA,PUESTOS DE SALUD O POSTAS DE SALUD,ANCASH,HUARAZ,OLLEROS,20108,I-1,,ACTIVADO
GOBIERNO REGIONAL,PUESTO DE SALUD MARCA,PUESTOS DE SALUD O POSTAS DE SALUD,ANCASH,RECUAY,MARCA,21706,I-1,,ACTIVADO
GOBIERNO REGIONAL,VILCAHUAURA,PUESTOS DE SALUD O POSTAS DE SALUD,LIMA,HUAURA,HUAURA,150806,I-2,,ACTIVADO
GOBIERNO REGIONAL,NUEVO JERUSALEN,PUESTOS DE SALUD O POSTAS DE SALUD,LORETO,DATEM DEL MARAÑON,MANSERICHE,160703,I-1,,ACTIVADO
GOBIERNO REGIONAL,PUESTO DE SALUD SOCSI,PUESTOS DE SALUD O POSTAS DE SALUD,ANCASH,POMABAMBA,POMABAMBA,21601,I-1,,ACTIVADO
GOBIERNO REGIONAL,PUESTO DE SALUD RAQUIA,PUESTOS DE SALUD O POSTAS DE SALUD,ANCASH,BOLOGNESI,ANTONIO RAIMONDI,20503,I-1,,ACTIVADO
GOBIERNO REGIONAL,PUESTO DE SALUD HUARIPAMPA,PUESTOS DE SALUD O POSTAS DE SALUD,ANCASH,HUARAZ,OLLEROS,20108,I-2,,ACTIVADO
GOBIERNO REGIONAL,CENTRO DE SALUD YANAMA,CENTROS DE SALUD O CENTROS MEDICOS,ANCASH,YUNGAY,YANAMA,22008,I-3,,ACTIVADO
GOBIERNO REGIONAL,TOTORA,CENTROS DE SALUD O CENTROS MEDICOS,AMAZONAS,RODRIGUEZ DE MENDOZA,TOTORA,10611,I-3,,ACTIVADO
GOBIERNO REGIONAL,"HOSPITAL DE APOYO DE POMABAMBA "" ANTONIO CALDAS DOMINGUEZ""",HOSPITALES O CLINICAS DE ATENCION GENERAL,ANCASH,POMABAMBA,POMABAMBA,21601,II-1,26.0,ACTIVADO
GOBIERNO REGIONAL,PUESTO DE SALUD COLCA,PUESTOS DE SALUD O POSTAS DE SALUD,ANCASH,BOLOGNESI,CAJACAY,20505,I-1,,ACTIVADO
GOBIERNO REGIONAL,PUESTO DE SALUD OLLEROS,PUESTOS DE SALUD O POSTAS DE SALUD,ANCASH,HUARAZ,OLLEROS,20108,I-2,,ACTIVADO
GOBIERNO REGIONAL,PUESTO DE SALUD YURMA,PUESTOS DE SALUD O POSTAS DE SALUD,ANCASH,MARISCAL LUZURIAGA,LLUMPA,21306,I-1,,ACTIVADO
GOBIERNO REGIONAL,LLACUABAMBA,CENTROS DE SALUD O CENTROS MEDICOS,LA LIBERTAD,PATAZ,PARCOY,130808,I-3,,ACTIVADO
GOBIERNO REGIONAL,SANTA ROSA,PUESTOS DE SALUD O POSTAS DE SALUD,AMAZONAS,RODRIGUEZ DE MENDOZA,SANTA ROSA,10610,I-1,,ACTIVADO
GOBIERNO REGIONAL,RECUAY,HOSPITALES O CLINICAS DE ATENCION GENERAL,ANCASH,RECUAY,RECUAY,21701,II-1,7.0,ACTIVADO
GOBIERNO REGIONAL,PUESTO DE SALUD CHOGO,PUESTOS DE SALUD O POSTAS DE SALUD,ANCASH,POMABAMBA,POMABAMBA,21601,I-1,,ACTIVADO
GOBIERNO REGIONAL,PANINTZA,PUESTOS DE SALUD O POSTAS DE SALUD,LORETO,DATEM DEL MARAÑON,MORONA,160704,I-1,,ACTIVADO
GOBIERNO REGIONAL,PUESTO DE SALUD SECCHA,PUESTOS DE SALUD O POSTAS DE SALUD,ANCASH,MARISCAL LUZURIAGA,LUCMA,21307,I-1,,ACTIVADO
GOBIERNO REGIONAL,PUESTO DE SALUD TICAPAMPA,PUESTOS DE SALUD O POSTAS DE SALUD,ANCASH,RECUAY,TICAPAMPA,21710,I-1,,ACTIVADO
GOBIERNO REGIONAL,CHIRIMOTO,PUESTOS DE SALUD O POSTAS DE SALUD,AMAZONAS,RODRIGUEZ DE MENDOZA,CHIRIMOTO,10602,I-1,,ACTIVADO
GOBIERNO REGIONAL,PUESTO DE SALUD CAYAC,PUESTOS DE SALUD O POSTAS DE SALUD,ANCASH,RECUAY,TICAPAMPA,21710,I-1,,ACTIVADO
GOBIERNO REGIONAL,CENTRO DE SALUD CAJACAY,CENTROS DE SALUD O CENTROS MEDICOS,ANCASH,BOLOGNESI,CAJACAY,20505,I-3,,ACTIVADO
GOBIERNO REGIONAL,PUESTO DE SALUD CONGAS,PUESTOS DE SALUD O POSTAS DE SALUD,ANCASH,OCROS,CONGAS,21406,I-1,,ACTIVADO
GOBIERNO REGIONAL,PUESTO DE SALUD HUAYLLAN,PUESTOS DE SALUD O POSTAS DE SALUD,ANCASH,POMABAMBA,HUAYLLAN,21602,I-1,,ACTIVADO
GOBIERNO REGIONAL,PEÑICO,PUESTOS DE SALUD O POSTAS DE SALUD,LIMA,HUAURA,HUAURA,150806,I-1,,ACTIVADO
GOBIERNO REGIONAL,MILPUC,PUESTOS DE SALUD O POSTAS DE SALUD,AMAZONAS,RODRIGUEZ DE MENDOZA,MILPUCC,10608,I-1,,ACTIVADO
GOBIERNO REGIONAL,TUMBARO,PUESTOS DE SALUD O POSTAS DE SALUD,SAN MARTIN,RIOJA,PARDO MIGUEL,220805,I-1,,ACTIVADO
GOBIERNO REGIONAL,SAN CARLOS,PUESTOS DE SALUD O POSTAS DE SALUD,SAN MARTIN,RIOJA,AWAJUN,220802,I-1,,ACTIVADO
GOBIERNO REGIONAL,PUESTO DE SALUD HUAYLLACAYAN,PUESTOS DE SALUD O POSTAS DE SALUD,ANCASH,BOLOGNESI,HUAYLLACAYAN,20510,I-1,,ACTIVADO
GOBIERNO REGIONAL,PUESTO DE SALUD SALAPAMPA,PUESTOS DE SALUD O POSTAS DE SALUD,ANCASH,MARISCAL LUZURIAGA,LLUMPA,21306,I-1,,ACTIVADO
GOBIERNO REGIONAL,CENTRO DE SALUD CATAC,CENTROS DE SALUD O CENTROS MEDICOS,ANCASH,RECUAY,CATAC,21702,I-3,,ACTIVADO
GOBIERNO REGIONAL,PUESTO DE SALUD LLANLLA,PUESTOS DE SALUD O POSTAS DE SALUD,ANCASH,YUNGAY,YANAMA,22008,I-1,,ACTIVADO
GOBIERNO REGIONAL,TUPAC AMARU,PUESTOS DE SALUD O POSTAS DE SALUD,SAN MARTIN,RIOJA,NUEVA CAJAMARCA,220804,I-1,,ACTIVADO
GOBIERNO REGIONAL,CENTRO DE SALUD PAROBAMBA VIEJO,CENTROS DE SALUD CON CAMAS DE INTERNAMIENTO,ANCASH,POMABAMBA,PAROBAMBA,21603,I-4,,ACTIVADO
GOBIERNO REGIONAL,PUESTO DE SALUD ULLOLLUCO,PUESTOS DE SALUD O POSTAS DE SALUD,ANCASH,SIHUAS,ALFONSO UGARTE,21903,I-1,,ACTIVADO
GOBIERNO REGIONAL,PUESTO DE SALUD ACOBAMBA,PUESTOS DE SALUD O POSTAS DE SALUD,ANCASH,POMABAMBA,HUAYLLAN,21602,I-1,,ACTIVADO
GOBIERNO REGIONAL,TAURIJA,PUESTOS DE SALUD O POSTAS DE SALUD,LA LIBERTAD,PATAZ,TAURIJA,130812,I-2,,ACTIVADO
GOBIERNO REGIONAL,NUEVA SANTA CRUZ,PUESTOS DE SALUD O POSTAS DE SALUD,SAN MARTIN,RIOJA,AWAJUN,220802,I-1,,ACTIVADO
GOBIERNO REGIONAL,PUESTO DE SALUD HUANCHAY,PUESTOS DE SALUD O POSTAS DE SALUD,ANCASH,OCROS,COCHAS,21405,I-1,,ACTIVADO
GOBIERNO REGIONAL,PUESTO DE SALUD VILCABAMBA,PUESTOS DE SALUD O POSTAS DE SALUD,ANCASH,POMABAMBA,POMABAMBA,21601,I-2,,ACTIVADO
GOBIERNO REGIONAL,ARCAYPATA,PUESTOS DE SALUD O POSTAS DE SALUD,LA LIBERTAD,PATAZ,BULDIBUYO,130802,I-1,,ACTIVADO
GOBIERNO REGIONAL,SARAMIRIZA,CENTROS DE SALUD O CENTROS MEDICOS,LORETO,DATEM DEL MARAÑON,MANSERICHE,160703,I-3,,ACTIVADO
GOBIERNO REGIONAL,PUESTO DE SALUD PACARISCA,PUESTOS DE SALUD O POSTAS DE SALUD,ANCASH,YUNGAY,YANAMA,22008,I-1,,ACTIVADO
GOBIERNO REGIONAL,LLAMPAO,PUESTOS DE SALUD O POSTAS DE SALUD,LA LIBERTAD,PATAZ,BULDIBUYO,130802,I-1,,ACTIVADO
GOBIERNO REGIONAL,EL PORVENIR,PUESTOS DE SALUD O POSTAS DE SALUD,LA LIBERTAD,PATAZ,BULDIBUYO,130802,I-1,,ACTIVADO
GOBIERNO REGIONAL,PUESTO DE SALUD LUCMA,PUESTOS DE SALUD O POSTAS DE SALUD,ANCASH,MARISCAL LUZURIAGA,LUCMA,21307,I-2,,ACTIVADO
GOBIERNO REGIONAL,9 DE OCTUBRE,CENTROS DE SALUD O CENTROS MEDICOS,LIMA,HUAURA,SAYAN,150811,I-3,,ACTIVADO
GOBIERNO REGIONAL,ACHAMAL,PUESTOS DE SALUD O POSTAS DE SALUD,AMAZONAS,RODRIGUEZ DE MENDOZA,CHIRIMOTO,10602,I-1,,ACTIVADO
GOBIERNO REGIONAL,PUESTO DE SALUD PAROBAMBA NUEVO,PUESTOS DE SALUD O POSTAS DE SALUD,ANCASH,POMABAMBA,PAROBAMBA,21603,I-1,,ACTIVADO
GOBIERNO REGIONAL,CHONTAPAMPA,PUESTOS DE SALUD O POSTAS DE SALUD,AMAZONAS,RODRIGUEZ DE MENDOZA,MILPUCC,10608,I-1,,ACTIVADO
GOBIERNO REGIONAL,HUMAYA,PUESTOS DE SALUD O POSTAS DE SALUD,LIMA,HUAURA,HUAURA,150806,I-2,,ACTIVADO
ESSALUD,CENTRO DE ATENCION PRIMARIA I HUMAYA,PUESTOS DE SALUD O POSTAS DE SALUD,LIMA,HUAURA,HUAURA,150806,I-2,,ACTIVADO
GOBIERNO REGIONAL,PUESTO DE SALUD HUAYCHO,PUESTOS DE SALUD O POSTAS DE SALUD,ANCASH,POMABAMBA,HUAYLLAN,21602,I-1,,ACTIVADO
GOBIERNO REGIONAL,PUESTO DE SALUD PAMPAS CHICO,PUESTOS DE SALUD O POSTAS DE SALUD,ANCASH,RECUAY,PAMPAS CHICO,21707,I-1,,ACTIVADO
GOBIERNO REGIONAL,PUESTO DE SALUD QUINUABAMBA,PUESTOS DE SALUD O POSTAS DE SALUD,ANCASH,POMABAMBA,QUINUABAMBA,21604,I-2,,ACTIVADO
GOBIERNO REGIONAL,PUESTO DE SALUD OCROS,PUESTOS DE SALUD O POSTAS DE SALUD,ANCASH,OCROS,OCROS,21401,I-2,,ACTIVADO
GOBIERNO REGIONAL,PUESTO DE SALUD CASCA,PUESTOS DE SALUD O POSTAS DE SALUD,ANCASH,MARISCAL LUZURIAGA,CASCA,21302,I-2,,ACTIVADO
GOBIERNO REGIONAL,NARANJILLO,PUESTOS DE SALUD O POSTAS DE SALUD,SAN MARTIN,RIOJA,NUEVA CAJAMARCA,220804,I-2,,ACTIVADO
GOBIERNO REGIONAL,OMIA,CENTROS DE SALUD O CENTROS MEDICOS,AMAZONAS,RODRIGUEZ DE MENDOZA,OMIA,10609,I-3,,ACTIVADO
GOBIERNO REGIONAL,BULDIBUYO,PUESTOS DE SALUD O POSTAS DE SALUD,LA LIBERTAD,PATAZ,BULDIBUYO,130802,I-2,,ACTIVADO
GOBIERNO REGIONAL,URPAY,PUESTOS DE SALUD O POSTAS DE SALUD,LA LIBERTAD,PATAZ,URPAY,130813,I-2,,ACTIVADO
GOBIERNO REGIONAL,SAPCHA,PUESTOS DE SALUD O POSTAS DE SALUD,ANCASH,ASUNCION,ACOCHACA,20402,I-1,,ACTIVADO
GOBIERNO REGIONAL,P. S. MASQUI,PUESTOS DE SALUD O POSTAS DE SALUD,ANCASH,MARISCAL LUZURIAGA,LUCMA,21307,Sin Categoría,,ACTIVADO
GOBIERNO REGIONAL,HUANCHAY,PUESTOS DE SALUD O POSTAS DE SALUD,LA LIBERTAD,PATAZ,SANTIAGO DE CHALLAS,130811,I-1,,ACTIVADO
GOBIERNO REGIONAL,PUESTO DE SALUD CUNYA,PUESTOS DE SALUD O POSTAS DE SALUD,ANCASH,YUNGAY,YANAMA,22008,I-1,,ACTIVADO
GOBIERNO REGIONAL,BAJO NARANJILLO,CENTROS DE SALUD O CENTROS MEDICOS,SAN MARTIN,RIOJA,AWAJUN,220802,I-3,,ACTIVADO
GOBIERNO REGIONAL,LA VILLA,PUESTOS DE SALUD O POSTAS DE SALUD,LIMA,HUAURA,SAYAN,150811,I-2,,ACTIVADO
GOBIERNO REGIONAL,ZARUMILLA,CENTROS DE SALUD O CENTROS MEDICOS,AMAZONAS,RODRIGUEZ DE MENDOZA,CHIRIMOTO,10602,I-3,,ACTIVADO
GOBIERNO REGIONAL,PUESTO DE SALUD CHANGA,PUESTOS DE SALUD O POSTAS DE SALUD,ANCASH,POMABAMBA,PAROBAMBA,21603,I-2,,ACTIVADO
GOBIERNO REGIONAL,PUESTO DE SALUD ALPABAMBA,PUESTOS DE SALUD O POSTAS DE SALUD,ANCASH,YUNGAY,YANAMA,22008,I-1,,ACTIVADO
GOBIERNO REGIONAL,SAN JOSE DE ALTO MAYO,PUESTOS DE SALUD O POSTAS DE SALUD,SAN MARTIN,MOYOBAMBA,MOYOBAMBA,220101,I-1,,ACTIVADO
GOBIERNO REGIONAL,TOCUYA,PUESTOS DE SALUD O POSTAS DE SALUD,AMAZONAS,RODRIGUEZ DE MENDOZA,OMIA,10609,I-1,,ACTIVADO
GOBIERNO REGIONAL,PUESTO DE SALUD LLUMPA,PUESTOS DE SALUD O POSTAS DE SALUD,ANCASH,MARISCAL LUZURIAGA,LLUMPA,21306,I-2,,ACTIVADO
GOBIERNO REGIONAL,ACOCHACA,PUESTOS DE SALUD O POSTAS DE SALUD,ANCASH,ASUNCION,ACOCHACA,20402,I-2,,ACTIVADO
GOBIERNO REGIONAL,HOSPITAL MAMA ASHU CHACAS,CENTROS DE SALUD CON CAMAS DE INTERNAMIENTO,ANCASH,ASUNCION,CHACAS,20401,I-4,,ACTIVADO
GOBIERNO REGIONAL,CHILCAS,PUESTOS DE SALUD O POSTAS DE SALUD,ANCASH,OCROS,SANTIAGO DE CHILCAS,21410,Sin Categoría,,ACTIVADO
GOBIERNO REGIONAL,MIRAFLORES,PUESTOS DE SALUD O POSTAS DE SALUD,SAN MARTIN,RIOJA,NUEVA CAJAMARCA,220804,I-1,,ACTIVADO
GOBIERNO REGIONAL,PUESTO DE SALUD SOCOSBAMBA,PUESTOS DE SALUD O POSTAS DE SALUD,ANCASH,MARISCAL LUZURIAGA,PISCOBAMBA,21301,I-1,,ACTIVADO
GOBIERNO REGIONAL,LUZ DEL ORIENTE,PUESTOS DE SALUD O POSTAS DE SALUD,AMAZONAS,RODRIGUEZ DE MENDOZA,CHIRIMOTO,10602,I-1,,ACTIVADO
GOBIERNO REGIONAL,UCRUMARCA,PUESTOS DE SALUD O POSTAS DE SALUD,LA LIBERTAD,PATAZ,TAYABAMBA,130801,I-1,,ACTIVADO
GOBIERNO REGIONAL,PARIAMARCA,PUESTOS DE SALUD O POSTAS DE SALUD,LA LIBERTAD,PATAZ,URPAY,130813,I-2,,ACTIVADO
GOBIERNO REGIONAL,PUESTO DE SALUD MAYORARCA,PUESTOS DE SALUD O POSTAS DE SALUD,ANCASH,RECUAY,PAMPAS CHICO,21707,I-1,,ACTIVADO
GOBIERNO REGIONAL,CENTRO DE SALUD PISCOBAMBA,CENTROS DE SALUD CON CAMAS DE INTERNAMIENTO,ANCASH,MARISCAL LUZURIAGA,PISCOBAMBA,21301,I-4,,ACTIVADO
GOBIERNO REGIONAL,PUESTO DE SALUD UCHUSQUILLO,PUESTOS DE SALUD O POSTAS DE SALUD,ANCASH,CARLOS FERMIN FITZCARRALD,SAN LUIS,20701,I-1,0.0,ACTIVADO
GOBIERNO REGIONAL,PERLA DAGUAS,PUESTOS DE SALUD O POSTAS DE SALUD,SAN MARTIN,RIOJA,NUEVA CAJAMARCA,220804,I-1,,ACTIVADO
GOBIERNO REGIONAL,PUESTO DE SALUD POMALLUCAY,PUESTOS DE SALUD O POSTAS DE SALUD,ANCASH,CARLOS FERMIN FITZCARRALD,SAN LUIS,20701,I-1,0.0,ACTIVADO
GOBIERNO REGIONAL,PUESTO DE SALUD HUMANHUAUCO,PUESTOS DE SALUD O POSTAS DE SALUD,ANCASH,CARLOS FERMIN FITZCARRALD,SAN LUIS,20701,I-1,0.0,ACTIVADO
GOBIERNO REGIONAL,SAN JUAN RIO SORITOR,CENTROS DE SALUD O CENTROS MEDICOS,SAN MARTIN,RIOJA,NUEVA CAJAMARCA,220804,I-3,0.0,ACTIVADO
GOBIERNO REGIONAL,PALESTINA,PUESTOS DE SALUD O POSTAS DE SALUD,SAN MARTIN,RIOJA,NUEVA CAJAMARCA,220804,I-1,,ACTIVADO
GOBIERNO REGIONAL,PUESTO DE SALUD MUSGA,PUESTOS DE SALUD O POSTAS DE SALUD,ANCASH,MARISCAL LUZURIAGA,MUSGA,21308,I-1,,ACTIVADO
GOBIERNO REGIONAL,HUAYLILLAS,PUESTOS DE SALUD O POSTAS DE SALUD,LA LIBERTAD,PATAZ,HUAYLILLAS,130805,I-2,,ACTIVADO
GOBIERNO REGIONAL,LA FLORIDA,PUESTOS DE SALUD O POSTAS DE SALUD,SAN MARTIN,RIOJA,NUEVA CAJAMARCA,220804,I-1,,ACTIVADO
GOBIERNO REGIONAL,PUESTO DE SALUD SANTA ROSA,PUESTOS DE SALUD O POSTAS DE SALUD,ANCASH,BOLOGNESI,CAJACAY,20505,I-1,,ACTIVADO
GOBIERNO REGIONAL,SAN ANTONIO,PUESTOS DE SALUD O POSTAS DE SALUD,AMAZONAS,RODRIGUEZ DE MENDOZA,CHIRIMOTO,10602,I-1,,ACTIVADO
GOBIERNO REGIONAL,CAHUA,PUESTOS DE SALUD O POSTAS DE SALUD,LIMA,CAJATAMBO,MANAS,150305,I-2,,ACTIVADO
GOBIERNO REGIONAL,PUESTO DE SALUD HUANCHAYLLO,PUESTOS DE SALUD O POSTAS DE SALUD,ANCASH,POMABAMBA,PAROBAMBA,21603,I-2,,ACTIVADO
GOBIERNO REGIONAL,LEGIA CHICO,PUESTOS DE SALUD O POSTAS DE SALUD,AMAZONAS,RODRIGUEZ DE MENDOZA,OMIA,10609,I-1,,ACTIVADO
GOBIERNO REGIONAL,JAVRULOT,PUESTOS DE SALUD O POSTAS DE SALUD,AMAZONAS,RODRIGUEZ DE MENDOZA,OMIA,10609,I-1,,ACTIVADO
GOBIERNO REGIONAL,CENTRO DE SALUD SAN LUIS,CENTROS DE SALUD O CENTROS MEDICOS,ANCASH,CARLOS FERMIN FITZCARRALD,SAN LUIS,20701,I-3,10.0,ACTIVADO
GOBIERNO REGIONAL,EL AHORCADO,PUESTOS DE SALUD O POSTAS DE SALUD,LIMA,HUAURA,SAYAN,150811,I-1,,ACTIVADO
GOBIERNO REGIONAL,ACAS,PUESTOS DE SALUD O POSTAS DE SALUD,ANCASH,OCROS,ACAS,21402,Sin Categoría,,ACTIVADO
GOBIERNO REGIONAL,PUESTO DE SALUD SHUMPILLAN,PUESTOS DE SALUD O POSTAS DE SALUD,ANCASH,POMABAMBA,PAROBAMBA,21603,I-1,,ACTIVADO
GOBIERNO REGIONAL,IMPERIO DE CACHIYACU,PUESTOS DE SALUD O POSTAS DE SALUD,SAN MARTIN,MOYOBAMBA,MOYOBAMBA,220101,I-1,,ACTIVADO
GOBIERNO REGIONAL,NUEVO OMIA,PUESTOS DE SALUD O POSTAS DE SALUD,AMAZONAS,RODRIGUEZ DE MENDOZA,OMIA,10609,I-1,,ACTIVADO
GOBIERNO REGIONAL,LA UNION,PUESTOS DE SALUD O POSTAS DE SALUD,SAN MARTIN,RIOJA,NUEVA CAJAMARCA,220804,I-1,,ACTIVADO
GOBIERNO REGIONAL,SANTIAGO DE CHALLAS,PUESTOS DE SALUD O POSTAS DE SALUD,LA LIBERTAD,PATAZ,SANTIAGO DE CHALLAS,130811,I-2,,ACTIVADO
GOBIERNO REGIONAL,INCA ROCA,PUESTOS DE SALUD O POSTAS DE SALUD,LORETO,DATEM DEL MARAÑON,MORONA,160704,I-1,,ACTIVADO
GOBIERNO REGIONAL,SAN FRANCISCO ALTO MAYO,PUESTOS DE SALUD O POSTAS DE SALUD,SAN MARTIN,RIOJA,AWAJUN,220802,I-1,,ACTIVADO
GOBIERNO REGIONAL,PUESTO DE SALUD CHINCHO,PUESTOS DE SALUD O POSTAS DE SALUD,ANCASH,CARLOS FERMIN FITZCARRALD,YAUYA,20703,I-1,0.0,ACTIVADO
GOBIERNO REGIONAL,CHAMBARA,PUESTOS DE SALUD O POSTAS DE SALUD,LIMA,HUAURA,SAYAN,150811,I-1,,ACTIVADO
GOBIERNO REGIONAL,DORADA,PUESTOS DE SALUD O POSTAS DE SALUD,SAN MARTIN,MOYOBAMBA,MOYOBAMBA,220101,I-1,,ACTIVADO
ESSALUD,CENTRO DE ATENCIÓN PRIMARIA CAP I NUEVA CAJAMARCA,PUESTOS DE SALUD O POSTAS DE SALUD,SAN MARTIN,RIOJA,NUEVA CAJAMARCA,220804,I-2,,ACTIVADO
GOBIERNO REGIONAL,LA MERCED,PUESTOS DE SALUD O POSTAS DE SALUD,LIMA,HUAURA,SAYAN,150811,I-2,,ACTIVADO
GOBIERNO REGIONAL,EL LIBANO,PUESTOS DE SALUD O POSTAS DE SALUD,AMAZONAS,RODRIGUEZ DE MENDOZA,OMIA,10609,I-1,,ACTIVADO
GOBIERNO REGIONAL,HOSPITAL RURAL NUEVA CAJAMARCA,CENTROS DE SALUD CON CAMAS DE INTERNAMIENTO,SAN MARTIN,RIOJA,NUEVA CAJAMARCA,220804,I-4,,ACTIVADO
GOBIERNO REGIONAL,PUESTO DE SALUD PARCO,PUESTOS DE SALUD O POSTAS DE SALUD,ANCASH,MARISCAL LUZURIAGA,FIDEL OLIVAS ESCUDERO,21304,I-1,,ACTIVADO
GOBIERNO REGIONAL,CLAS PEDRO CANEVARO GARAY DE CHANCAYLLO,CENTROS DE SALUD O CENTROS MEDICOS,LIMA,HUARAL,CHANCAY,150605,I-3,,ACTIVADO
GOBIERNO REGIONAL,HUANCASPATA,CENTROS DE SALUD O CENTROS MEDICOS,LA LIBERTAD,PATAZ,HUANCASPATA,130804,I-3,,ACTIVADO
GOBIERNO REGIONAL,PUESTO DE SALUD LLAMA,PUESTOS DE SALUD O POSTAS DE SALUD,ANCASH,MARISCAL LUZURIAGA,LLAMA,21305,I-2,,ACTIVADO
GOBIERNO REGIONAL,HOSPITAL PROVINCIAL DE TAYABAMBA,HOSPITALES O CLINICAS DE ATENCION GENERAL,LA LIBERTAD,PATAZ,TAYABAMBA,130801,II-1,4.0,ACTIVADO
GOBIERNO REGIONAL,TAHUANTINSUYO,PUESTOS DE SALUD O POSTAS DE SALUD,SAN MARTIN,RIOJA,NUEVA CAJAMARCA,220804,I-1,,ACTIVADO
GOBIERNO REGIONAL,CENTRO DE SALUD YAUYA,CENTROS DE SALUD O CENTROS MEDICOS,ANCASH,CARLOS FERMIN FITZCARRALD,YAUYA,20703,I-3,3.0,ACTIVADO
GOBIERNO REGIONAL,PAMPA LIBRE,PUESTOS DE SALUD O POSTAS DE SALUD,LIMA,HUARAL,CHANCAY,150605,I-2,,ACTIVADO
GOBIERNO REGIONAL,PERLA MAYO,PUESTOS DE SALUD O POSTAS DE SALUD,SAN MARTIN,RIOJA,SAN FERNANDO,220807,I-1,,ACTIVADO
GOBIERNO REGIONAL,SANTA FE,PUESTOS DE SALUD O POSTAS DE SALUD,SAN MARTIN,RIOJA,ELIAS SOPLIN VARGAS,220803,I-1,,ACTIVADO
GOBIERNO REGIONAL,CABALLITO,PUESTOS DE SALUD O POSTAS DE SALUD,LORETO,DATEM DEL MARAÑON,MORONA,160704,I-1,,ACTIVADO
GOBIERNO REGIONAL,YAMIAN,PUESTOS DE SALUD O POSTAS DE SALUD,ANCASH,POMABAMBA,QUINUABAMBA,21604,I-1,,ACTIVADO
GOBIERNO REGIONAL,PUESTO DE SALUD CANCHABAMBA,PUESTOS DE SALUD O POSTAS DE SALUD,ANCASH,CARLOS FERMIN FITZCARRALD,SAN LUIS,20701,I-1,0.0,ACTIVADO
GOBIERNO REGIONAL,UCRANIA,PUESTOS DE SALUD O POSTAS DE SALUD,SAN MARTIN,RIOJA,NUEVA CAJAMARCA,220804,I-1,,ACTIVADO
GOBIERNO REGIONAL,PUESTO DE SALUD SANASHGAN,PUESTOS DE SALUD O POSTAS DE SALUD,ANCASH,MARISCAL LUZURIAGA,FIDEL OLIVAS ESCUDERO,21304,I-1,,ACTIVADO
GOBIERNO REGIONAL,AYNACA,PUESTOS DE SALUD O POSTAS DE SALUD,LIMA,HUAURA,AMBAR,150802,I-2,,ACTIVADO
GOBIERNO REGIONAL,SEGUNDA JERUSALEN,CENTROS DE SALUD O CENTROS MEDICOS,SAN MARTIN,RIOJA,ELIAS SOPLIN VARGAS,220803,I-3,,ACTIVADO
GOBIERNO REGIONAL,PUESTO DE SALUD PAMPA DE LAMPAS,PUESTOS DE SALUD O POSTAS DE SALUD,ANCASH,BOLOGNESI,CHIQUIAN,20501,I-1,,ACTIVADO
GOBIERNO REGIONAL,SAN FERNANDO,CENTROS DE SALUD O CENTROS MEDICOS,SAN MARTIN,RIOJA,SAN FERNANDO,220807,I-3,3.0,ACTIVADO
GOBIERNO REGIONAL,LA NACIENTE DEL RIO NEGRO,PUESTOS DE SALUD O POSTAS DE SALUD,SAN MARTIN,RIOJA,ELIAS SOPLIN VARGAS,220803,I-1,,ACTIVADO
GOBIERNO REGIONAL,AMBAR,CENTROS DE SALUD O CENTROS MEDICOS,LIMA,HUAURA,AMBAR,150802,I-3,3.0,ACTIVADO
GOBIERNO REGIONAL,JECUAN,PUESTOS DE SALUD O POSTAS DE SALUD,LIMA,HUARAL,HUARAL,150601,I-2,,ACTIVADO
GOBIERNO REGIONAL,HOSPITAL CHANCAY Y SERVICIOS BASICOS DE SALUD,HOSPITALES O CLINICAS DE ATENCION GENERAL,LIMA,HUARAL,CHANCAY,150605,II-2,72.0,ACTIVADO
ESSALUD,CENTRO DE ATENCION PRIMARIA II CHANCAY,CENTROS DE SALUD O CENTROS MEDICOS,LIMA,HUARAL,CHANCAY,150605,I-3,,ACTIVADO
GOBIERNO REGIONAL,P.S. TAMBO REAL,PUESTOS DE SALUD O POSTAS DE SALUD,ANCASH,CARLOS FERMIN FITZCARRALD,YAUYA,20703,I-1,1.0,ACTIVADO
GOBIERNO REGIONAL,TUPAC AMARU,PUESTOS DE SALUD O POSTAS DE SALUD,LIMA,HUARAL,HUARAL,150601,I-2,,ACTIVADO
GOBIERNO REGIONAL,LA VICTORIA,PUESTOS DE SALUD O POSTAS DE SALUD,SAN MARTIN,RIOJA,ELIAS SOPLIN VARGAS,220803,I-1,,ACTIVADO
GOBIERNO REGIONAL,PERALVILLO,CENTROS DE SALUD O CENTROS MEDICOS,LIMA,HUARAL,CHANCAY,150605,I-3,,ACTIVADO
GOBIERNO REGIONAL,CENTENARIO,PUESTOS DE SALUD O POSTAS DE SALUD,LIMA,HUARAL,HUARAL,150601,I-2,,ACTIVADO
GOBIERNO REGIONAL,PUESTO DE SALUD SAN MIGUEL DE JUNCAY,PUESTOS DE SALUD O POSTAS DE SALUD,ANCASH,CARLOS FERMIN FITZCARRALD,YAUYA,20703,I-1,0.0,ACTIVADO
GOBIERNO REGIONAL,PUERTO BAGAZAN,PUESTOS DE SALUD O POSTAS DE SALUD,SAN MARTIN,RIOJA,ELIAS SOPLIN VARGAS,220803,I-1,,ACTIVADO
GOBIERNO REGIONAL,CERRO CULEBRA,PUESTOS DE SALUD O POSTAS DE SALUD,LIMA,HUARAL,CHANCAY,150605,I-2,,ACTIVADO
GOBIERNO REGIONAL,PORVENIR,PUESTOS DE SALUD O POSTAS DE SALUD,SAN MARTIN,RIOJA,RIOJA,220801,I-1,,ACTIVADO
GOBIERNO REGIONAL,CLAS AGREGADO LA QUERENCIA,CENTROS DE SALUD O CENTROS MEDICOS,LIMA,HUARAL,HUARAL,150601,I-3,,ACTIVADO
GOBIERNO REGIONAL,PUEBLO LIBRE,PUESTOS DE SALUD O POSTAS DE SALUD,LA LIBERTAD,PATAZ,HUANCASPATA,130804,I-1,,ACTIVADO
GOBIERNO REGIONAL,BUENA VISTA DE BARRANCA,PUESTOS DE SALUD O POSTAS DE SALUD,LORETO,DATEM DEL MARAÑON,BARRANCA,160701,I-1,,ACTIVADO
GOBIERNO REGIONAL,QUEPEPAMPA,CENTROS DE SALUD O CENTROS MEDICOS,LIMA,HUARAL,CHANCAY,150605,I-3,,ACTIVADO
GOBIERNO REGIONAL,SAN JUAN DEL MARAÑON,PUESTOS DE SALUD O POSTAS DE SALUD,LORETO,DATEM DEL MARAÑON,MANSERICHE,160703,I-1,,ACTIVADO
GOBIERNO REGIONAL,PUESTO DE SALUD PAMPACHACRA,PUESTOS DE SALUD O POSTAS DE SALUD,ANCASH,MARISCAL LUZURIAGA,ELEAZAR GUZMAN BARRON,21303,I-1,,ACTIVADO
GOBIERNO REGIONAL,VALLE GRANDE,PUESTOS DE SALUD O POSTAS DE SALUD,SAN MARTIN,RIOJA,ELIAS SOPLIN VARGAS,220803,I-1,,ACTIVADO
GOBIERNO REGIONAL,MASHUYACU,PUESTOS DE SALUD O POSTAS DE SALUD,AMAZONAS,RODRIGUEZ DE MENDOZA,OMIA,10609,I-1,,ACTIVADO
GOBIERNO REGIONAL,PUESTO DE SALUD ACO DE CARHUAPAMPA,PUESTOS DE SALUD O POSTAS DE SALUD,ANCASH,OCROS,CARHUAPAMPA,21404,I-1,,ACTIVADO
GOBIERNO REGIONAL,ATUMPLAYA,PUESTOS DE SALUD O POSTAS DE SALUD,SAN MARTIN,MOYOBAMBA,MOYOBAMBA,220101,I-2,,ACTIVADO
GOBIERNO REGIONAL,PUESTO DE SALUD SAN FRANCISCO,PUESTOS DE SALUD O POSTAS DE SALUD,ANCASH,CARLOS FERMIN FITZCARRALD,YAUYA,20703,Sin Categoría,,ACTIVADO
GOBIERNO REGIONAL,CHAQUICOCHA,PUESTOS DE SALUD O POSTAS DE SALUD,LA LIBERTAD,PATAZ,TAYABAMBA,130801,I-2,,ACTIVADO
GOBIERNO REGIONAL,NUEVO CHIRIMOTO,CENTROS DE SALUD O CENTROS MEDICOS,AMAZONAS,RODRIGUEZ DE MENDOZA,OMIA,10609,I-3,,ACTIVADO
GOBIERNO REGIONAL,LA PERLA DE CASCAYUNGA,PUESTOS DE SALUD O POSTAS DE SALUD,SAN MARTIN,RIOJA,RIOJA,220801,I-1,,ACTIVADO
GOBIERNO REGIONAL,RAFAEL BELAUNDE,PUESTOS DE SALUD O POSTAS DE SALUD,SAN MARTIN,MOYOBAMBA,MOYOBAMBA,220101,I-1,,ACTIVADO
GOBIERNO REGIONAL,EL TREBOL,CENTROS DE SALUD O CENTROS MEDICOS,LIMA,HUARAL,HUARAL,150601,I-3,,ACTIVADO
GOBIERNO REGIONAL,COCHACARA,PUESTOS DE SALUD O POSTAS DE SALUD,LA LIBERTAD,PATAZ,HUANCASPATA,130804,I-1,,ACTIVADO
GOBIERNO REGIONAL,SALAS,PUESTOS DE SALUD O POSTAS DE SALUD,AMAZONAS,RODRIGUEZ DE MENDOZA,VISTA ALEGRE,10612,I-1,,ACTIVADO
GOBIERNO REGIONAL,PORVENIR DE BARRANCA,PUESTOS DE SALUD O POSTAS DE SALUD,LORETO,DATEM DEL MARAÑON,BARRANCA,160701,I-1,,ACTIVADO
GOBIERNO REGIONAL,PUESTO DE SALUD CHICHUCANCHA,PUESTOS DE SALUD O POSTAS DE SALUD,ANCASH,HUARI,CHAVIN DE HUANTAR,21004,I-1,0.0,ACTIVADO
GOBIERNO REGIONAL,YURACYACU,CENTROS DE SALUD O CENTROS MEDICOS,SAN MARTIN,RIOJA,YURACYACU,220809,I-3,4.0,ACTIVADO
GOBIERNO REGIONAL,PUESTO DE SALUD RAJAN,PUESTOS DE SALUD O POSTAS DE SALUD,ANCASH,OCROS,SAN CRISTOBAL DE RAJAN,21408,I-1,,ACTIVADO
GOBIERNO REGIONAL,PASAMAYO,PUESTOS DE SALUD O POSTAS DE SALUD,LIMA,HUARAL,AUCALLAMA,150604,I-2,,ACTIVADO
GOBIERNO REGIONAL,PUERTO ALEGRIA DE MORONA,PUESTOS DE SALUD O POSTAS DE SALUD,LORETO,DATEM DEL MARAÑON,MORONA,160704,I-1,,ACTIVADO
GOBIERNO REGIONAL,CABUYAL,PUESTOS DE SALUD O POSTAS DE SALUD,LIMA,HUARAL,HUARAL,150601,I-2,,ACTIVADO
GOBIERNO REGIONAL,TAMBO,PUESTOS DE SALUD O POSTAS DE SALUD,SAN MARTIN,RIOJA,RIOJA,220801,I-1,,ACTIVADO
GOBIERNO REGIONAL,PUESTO DE SALUD CHACPAR,PUESTOS DE SALUD O POSTAS DE SALUD,ANCASH,HUARI,CHAVIN DE HUANTAR,21004,I-1,0.0,ACTIVADO
GOBIERNO REGIONAL,HOSPITAL SAN JUAN BAUTISTA HUARAL,HOSPITALES O CLINICAS DE ATENCION GENERAL,LIMA,HUARAL,HUARAL,150601,II-2,86.0,ACTIVADO
GOBIERNO REGIONAL,LABORATORIO DE REFERENCIA REGIONAL EN SALUD PUBLICA,PATOLOGIA CLINICA,LIMA,HUARAL,HUARAL,150601,Sin Categoría,,ACTIVADO
GOBIERNO REGIONAL,BASE HUARAL,CENTROS DE SALUD O CENTROS MEDICOS,LIMA,HUARAL,HUARAL,150601,I-3,,ACTIVADO
GOBIERNO REGIONAL,CONTIGO PERU,PUESTOS DE SALUD O POSTAS DE SALUD,LIMA,HUARAL,HUARAL,150601,I-2,,ACTIVADO
GOBIERNO REGIONAL,PUESTO DE SALUD PUMPA,PUESTOS DE SALUD O POSTAS DE SALUD,ANCASH,MARISCAL LUZURIAGA,ELEAZAR GUZMAN BARRON,21303,I-1,,ACTIVADO
GOBIERNO REGIONAL,PUESTO DE  SALUD MACHAC,PUESTOS DE SALUD O POSTAS DE SALUD,ANCASH,HUARI,CHAVIN DE HUANTAR,21004,I-1,0.0,ACTIVADO
ESSALUD,CENTRO DE ATENCION PRIMARIA III HUARAL,POLICLINICOS,LIMA,HUARAL,HUARAL,150601,I-4,,ACTIVADO
GOBIERNO REGIONAL,CAJAMARQUILLA,PUESTOS DE SALUD O POSTAS DE SALUD,ANCASH,OCROS,CAJAMARQUILLA,21403,Sin Categoría,,ACTIVADO
GOBIERNO REGIONAL,PUESTO DE SALUD CORPANQUI,PUESTOS DE SALUD O POSTAS DE SALUD,ANCASH,BOLOGNESI,SAN MIGUEL DE CORPANQUI,20514,I-2,,ACTIVADO
GOBIERNO REGIONAL,PUESTO DE MALLAS,PUESTOS DE SALUD O POSTAS DE SALUD,ANCASH,HUARI,HUARI,21001,I-1,0.0,ACTIVADO
GOBIERNO REGIONAL,SAYAN,CENTROS DE SALUD O CENTROS MEDICOS,LIMA,HUAURA,SAYAN,150811,I-3,,ACTIVADO
GOBIERNO REGIONAL,LLIPA,PUESTOS DE SALUD O POSTAS DE SALUD,ANCASH,OCROS,LLIPA,21407,Sin Categoría,,ACTIVADO
ESSALUD,CENTRO DE ATENCION PRIMARIA II SAYAN,PUESTOS DE SALUD O POSTAS DE SALUD,LIMA,HUAURA,SAYAN,150811,I-2,,ACTIVADO
GOBIERNO REGIONAL,PUESTO DE SALUD TICLLOS,PUESTOS DE SALUD O POSTAS DE SALUD,ANCASH,BOLOGNESI,TICLLOS,20515,I-1,,ACTIVADO
GOBIERNO REGIONAL,HUERTA MARGARET,PUESTOS DE SALUD O POSTAS DE SALUD,LIMA,HUARAL,HUARAL,150601,I-2,,ACTIVADO
GOBIERNO REGIONAL,MASHUYACU,PUESTOS DE SALUD O POSTAS DE SALUD,SAN MARTIN,RIOJA,RIOJA,220801,I-1,,ACTIVADO
GOBIERNO REGIONAL,SHOROYA NUEVO,PUESTOS DE SALUD O POSTAS DE SALUD,LORETO,DATEM DEL MARAÑON,MORONA,160704,I-1,,ACTIVADO
GOBIERNO REGIONAL,SAN BUENAVENTURA,PUESTOS DE SALUD O POSTAS DE SALUD,HUANUCO,MARAÑON,SAN BUENAVENTURA,100703,I-2,,ACTIVADO
GOBIERNO REGIONAL,CENTRO DE SALUD SAN NICOLAS,CENTROS DE SALUD CON CAMAS DE INTERNAMIENTO,ANCASH,CARLOS FERMIN FITZCARRALD,SAN NICOLAS,20702,I-4,3.0,ACTIVADO
GOBIERNO REGIONAL,LA CONQUISTA,PUESTOS DE SALUD O POSTAS DE SALUD,SAN MARTIN,MOYOBAMBA,MOYOBAMBA,220101,I-1,,ACTIVADO
GOBIERNO REGIONAL,PUESTO DE SALUD LLAMACA,PUESTOS DE SALUD O POSTAS DE SALUD,ANCASH,CARLOS FERMIN FITZCARRALD,SAN NICOLAS,20702,I-1,0.0,ACTIVADO
GOBIERNO REGIONAL,PUESTO DE SALUD CHUCOS,PUESTOS DE SALUD O POSTAS DE SALUD,ANCASH,HUARI,HUANTAR,21008,I-1,0.0,ACTIVADO
GOBIERNO REGIONAL,CENTRO DE SALUD CHAVIN,CENTROS DE SALUD O CENTROS MEDICOS,ANCASH,HUARI,CHAVIN DE HUANTAR,21004,I-3,8.0,ACTIVADO
GOBIERNO REGIONAL,PUESTO DE SALUD SAN PEDRO DE PICHIU,PUESTOS DE SALUD O POSTAS DE SALUD,ANCASH,HUARI,SAN MARCOS,21014,I-1,0.0,ACTIVADO
GOBIERNO REGIONAL,AUCALLAMA,CENTROS DE SALUD O CENTROS MEDICOS,LIMA,HUARAL,AUCALLAMA,150604,I-3,,ACTIVADO
GOBIERNO REGIONAL,PUESTO DE SALUD CHALHUAYACO,PUESTOS DE SALUD O POSTAS DE SALUD,ANCASH,HUARI,SAN MARCOS,21014,I-1,0.0,ACTIVADO
GOBIERNO REGIONAL,PUESTO DE SALUD HUANTAR,PUESTOS DE SALUD O POSTAS DE SALUD,ANCASH,HUARI,HUANTAR,21008,I-2,0.0,ACTIVADO
ESSALUD,CENTRO DE ATENCION PRIMARIA I OYON,PUESTOS DE SALUD O POSTAS DE SALUD,LIMA,OYON,OYON,150901,I-2,,ACTIVADO
MINSA,CENTRO DE SALUD MATERNO INFANTIL ANCON,CENTROS DE SALUD CON CAMAS DE INTERNAMIENTO,LIMA,LIMA,ANCON,150102,I-4,,ACTIVADO
GOBIERNO REGIONAL,PUESTO DE SALUD II DE HUAMPARAN,PUESTOS DE SALUD O POSTAS DE SALUD,ANCASH,HUARI,HUARI,21001,I-1,0.0,ACTIVADO
GOBIERNO REGIONAL,PUESTO DE SALUD YACYA,PUESTOS DE SALUD O POSTAS DE SALUD,ANCASH,HUARI,HUARI,21001,I-1,0.0,ACTIVADO
GOBIERNO REGIONAL,HOSPITAL DE RIOJA,HOSPITALES O CLINICAS DE ATENCION GENERAL,SAN MARTIN,RIOJA,RIOJA,220801,II-1,50.0,ACTIVADO
GOBIERNO REGIONAL,NUEVA RIOJA,CENTROS DE SALUD O CENTROS MEDICOS,SAN MARTIN,RIOJA,RIOJA,220801,I-2,,ACTIVADO
GOBIERNO REGIONAL,PUESTO DE SALUD COLCAS,PUESTOS DE SALUD O POSTAS DE SALUD,ANCASH,HUARI,HUARI,21001,I-1,0.0,ACTIVADO
GOBIERNO REGIONAL,PUESTO DE SALUD CANIS,PUESTOS DE SALUD O POSTAS DE SALUD,ANCASH,BOLOGNESI,CANIS,20506,I-1,,ACTIVADO
GOBIERNO REGIONAL,HOSPITAL DE APOYO HUARI,HOSPITALES O CLINICAS DE ATENCION GENERAL,ANCASH,HUARI,HUARI,21001,II-1,22.0,ACTIVADO
GOBIERNO REGIONAL,PIJUAYAL,PUESTOS DE SALUD O POSTAS DE SALUD,LORETO,DATEM DEL MARAÑON,MORONA,160704,I-1,,ACTIVADO
GOBIERNO REGIONAL,PUESTO DE SALUD RURISH,PUESTOS DE SALUD O POSTAS DE SALUD,ANCASH,CARLOS FERMIN FITZCARRALD,SAN NICOLAS,20702,I-1,1.0,ACTIVADO
MINSA,SAN JOSE,PUESTOS DE SALUD O POSTAS DE SALUD,LIMA,LIMA,ANCON,150102,I-2,,ACTIVADO
GOBIERNO REGIONAL,POSIC,PUESTOS DE SALUD O POSTAS DE SALUD,SAN MARTIN,RIOJA,POSIC,220806,I-1,,ACTIVADO
GOBIERNO REGIONAL,03 DE FEBRERO,CENTROS DE SALUD O CENTROS MEDICOS,CALLAO,CALLAO,VENTANILLA,70106,I-3,0.0,ACTIVADO
MINSA,PROFAM,PUESTOS DE SALUD O POSTAS DE SALUD,LIMA,LIMA,SANTA ROSA,150139,I-2,,ACTIVADO
GOBIERNO REGIONAL,CENTRO DE SALUD SAN MARCOS,CENTROS DE SALUD O CENTROS MEDICOS,ANCASH,HUARI,SAN MARCOS,21014,I-3,0.0,ACTIVADO
GOBIERNO REGIONAL,PUESTO DE SALUD CAJAY,PUESTOS DE SALUD O POSTAS DE SALUD,ANCASH,HUARI,CAJAY,21003,I-2,0.0,ACTIVADO
GOBIERNO REGIONAL,CENTRO DE SALUD CHIQUIAN,CENTROS DE SALUD CON CAMAS DE INTERNAMIENTO,ANCASH,BOLOGNESI,CHIQUIAN,20501,I-4,,ACTIVADO
MINSA,VILLA ESTELA,CENTROS DE SALUD O CENTROS MEDICOS,LIMA,LIMA,ANCON,150102,I-3,,ACTIVADO
GOBIERNO REGIONAL,CAQUI,PUESTOS DE SALUD O POSTAS DE SALUD,LIMA,HUARAL,AUCALLAMA,150604,I-2,,ACTIVADO
GOBIERNO REGIONAL,P.S. CIUDAD PACHACUTEC,PUESTOS DE SALUD O POSTAS DE SALUD,CALLAO,CALLAO,VENTANILLA,70106,I-2,,ACTIVADO
GOBIERNO REGIONAL,HUACRACHUCO,CENTROS DE SALUD O CENTROS MEDICOS,HUANUCO,MARAÑON,HUACRACHUCO,100701,I-3,,ACTIVADO
GOBIERNO REGIONAL,HUACHUMAY,PUESTOS DE SALUD O POSTAS DE SALUD,HUANUCO,MARAÑON,HUACRACHUCO,100701,I-1,,ACTIVADO
GOBIERNO REGIONAL,PUESTO DE SALUD CHINCHIL,PUESTOS DE SALUD O POSTAS DE SALUD,HUANUCO,MARAÑON,HUACRACHUCO,100701,I-1,,ACTIVADO
GOBIERNO REGIONAL,PUESTO DE SALUD HUASTA,PUESTOS DE SALUD O POSTAS DE SALUD,ANCASH,BOLOGNESI,HUASTA,20509,I-2,,ACTIVADO
GOBIERNO REGIONAL,PUESTO DE SALUD HUARIPAMPA,PUESTOS DE SALUD O POSTAS DE SALUD,ANCASH,HUARI,SAN MARCOS,21014,I-1,0.0,ACTIVADO
MINSA,VILLAS DE ANCON,PUESTOS DE SALUD O POSTAS DE SALUD,LIMA,LIMA,ANCON,150102,I-2,,ACTIVADO
GOBIERNO REGIONAL,PUESTO DE SALUD AQUIA,PUESTOS DE SALUD O POSTAS DE SALUD,ANCASH,BOLOGNESI,AQUIA,20504,I-2,,ACTIVADO
GOBIERNO REGIONAL,PUESTO DE SALUD LLACLLA,PUESTOS DE SALUD O POSTAS DE SALUD,ANCASH,BOLOGNESI,ABELARDO PARDO LEZAMETA,20502,I-1,,ACTIVADO
GOBIERNO REGIONAL,SANIDAD MARITIMA,PUESTOS DE SALUD O POSTAS DE SALUD,CALLAO,CALLAO,CALLAO,70101,I-2,,ACTIVADO
ESSALUD,ALBERTO LEOPOLDO BARTON THOMPSON,CONSULTORIOS MEDICOS Y DE OTROS PROFESIONALES DE LA SALUD,CALLAO,CALLAO,CALLAO,70101,I-2,0.0,ACTIVADO
GOBIERNO REGIONAL,YORONGOS,CENTROS DE SALUD O CENTROS MEDICOS,SAN MARTIN,RIOJA,YORONGOS,220808,I-3,,ACTIVADO
GOBIERNO REGIONAL,VILLA FLORES DE RAJIN,PUESTOS DE SALUD O POSTAS DE SALUD,HUANUCO,HUACAYBAMBA,CANCHABAMBA,100402,I-1,,ACTIVADO
GOBIERNO REGIONAL,MATERNO INFANTIL PACHACUTEC  PERU-COREA,CENTROS DE SALUD CON CAMAS DE INTERNAMIENTO,CALLAO,CALLAO,VENTANILLA,70106,I-4,0.0,ACTIVADO
GOBIERNO REGIONAL,SANTA ROSA BAJO TANGUMI,PUESTOS DE SALUD O POSTAS DE SALUD,SAN MARTIN,MOYOBAMBA,CALZADA,220102,I-1,,ACTIVADO
GOBIERNO REGIONAL,ALBERTO BARTON,CENTROS DE SALUD O CENTROS MEDICOS,CALLAO,CALLAO,CALLAO,70101,I-3,0.0,ACTIVADO
GOBIERNO REGIONAL,C.S. MANUEL BONILLA,CENTROS DE SALUD O CENTROS MEDICOS,CALLAO,CALLAO,CALLAO,70101,I-3,0.0,ACTIVADO
GOBIERNO REGIONAL,P.S. DEFENSORES DE LA PATRIA,CENTROS DE SALUD O CENTROS MEDICOS,CALLAO,CALLAO,VENTANILLA,70106,I-3,0.0,ACTIVADO
GOBIERNO REGIONAL,PUERTO NUEVO,PUESTOS DE SALUD O POSTAS DE SALUD,CALLAO,CALLAO,CALLAO,70101,I-2,0.0,ACTIVADO
GOBIERNO REGIONAL,CENTRO DE SALUD ACAPULCO,CENTROS DE SALUD CON CAMAS DE INTERNAMIENTO,CALLAO,CALLAO,CALLAO,70101,I-4,4.0,ACTIVADO
GOBIERNO REGIONAL,PUESTO DE SALUD SAN JOSE DE ILLAURO,PUESTOS DE SALUD O POSTAS DE SALUD,ANCASH,ANTONIO RAIMONDI,MIRGAS,20305,I-1,0.0,ACTIVADO
GOBIERNO REGIONAL,C.S. MARQUEZ,CENTROS DE SALUD CON CAMAS DE INTERNAMIENTO,CALLAO,CALLAO,CALLAO,70101,I-4,6.0,ACTIVADO
GOBIERNO REGIONAL,CENTRO REGIONAL DE BIENESTAR EMOCIONAL Y SALUD MENTAL,PUESTOS DE SALUD O POSTAS DE SALUD,CALLAO,CALLAO,CALLAO,70101,I-2,0.0,ACTIVADO
GOBIERNO REGIONAL,HOSPITAL DE REHABILITACION DEL CALLAO,CENTROS MEDICOS ESPECIALIZADOS,CALLAO,CALLAO,BELLAVISTA,70102,II-E,0.0,ACTIVADO
GOBIERNO REGIONAL,SAN JUAN BOSCO,PUESTOS DE SALUD O POSTAS DE SALUD,CALLAO,CALLAO,CALLAO,70101,I-2,0.0,ACTIVADO
GOBIERNO REGIONAL,P.S. VENTANILLA BAJA,PUESTOS DE SALUD O POSTAS DE SALUD,CALLAO,CALLAO,VENTANILLA,70106,I-2,0.0,ACTIVADO
GOBIERNO REGIONAL,P.S. HIJOS DEL ALMIRANTE GRAU,PUESTOS DE SALUD O POSTAS DE SALUD,CALLAO,CALLAO,VENTANILLA,70106,I-2,0.0,ACTIVADO
GOBIERNO REGIONAL,P.S. LUIS FELIPE DE LAS CASAS,PUESTOS DE SALUD O POSTAS DE SALUD,CALLAO,CALLAO,VENTANILLA,70106,I-2,0.0,ACTIVADO
MINSA,VIRGEN DE LAS MERCEDES,PUESTOS DE SALUD O POSTAS DE SALUD,LIMA,LIMA,SANTA ROSA,150139,I-2,,ACTIVADO
GOBIERNO REGIONAL,PUESTO DE SALUD RACRACHACA,PUESTOS DE SALUD O POSTAS DE SALUD,ANCASH,BOLOGNESI,AQUIA,20504,I-1,,ACTIVADO
GOBIERNO REGIONAL,NUEVO TABALOSOS,PUESTOS DE SALUD O POSTAS DE SALUD,SAN MARTIN,RIOJA,YORONGOS,220808,I-1,,ACTIVADO
GOBIERNO REGIONAL,COCHAMARCA,PUESTOS DE SALUD O POSTAS DE SALUD,LIMA,OYON,COCHAMARCA,150904,I-1,,ACTIVADO
GOBIERNO REGIONAL,JUAN PABLO II,PUESTOS DE SALUD O POSTAS DE SALUD,CALLAO,CALLAO,CALLAO,70101,I-2,0.0,ACTIVADO
GOBIERNO REGIONAL,UCTUBAMBA,PUESTOS DE SALUD O POSTAS DE SALUD,LA LIBERTAD,PATAZ,ONGON,130807,I-2,,ACTIVADO
GOBIERNO REGIONAL,ANGAMOS,PUESTOS DE SALUD O POSTAS DE SALUD,CALLAO,CALLAO,VENTANILLA,70106,I-2,0.0,ACTIVADO
GOBIERNO REGIONAL,P.S. SANTA ROSA DE PACHACUTEC,PUESTOS DE SALUD O POSTAS DE SALUD,CALLAO,CALLAO,VENTANILLA,70106,I-2,0.0,ACTIVADO
GOBIERNO REGIONAL,PUESTO DE SALUD GORGORILLO,PUESTOS DE SALUD O POSTAS DE SALUD,ANCASH,BOLOGNESI,LA PRIMAVERA,20511,I-1,,ACTIVADO
GOBIERNO REGIONAL,DIRECCION DE LABORATORIO DE SALUD PUBLICA - DIRESA CALLAO,PATOLOGIA CLINICA,CALLAO,CALLAO,BELLAVISTA,70102,Sin Categoría,,ACTIVADO
GOBIERNO REGIONAL,ATENCIÓN DOMICILIARIA AL ADULTO MAYOR Y PACIENTE ONCOLOGICO (ADAMO),SERVICIO DE TRASLADO DE PACIENTES,CALLAO,CALLAO,BELLAVISTA,70102,Sin Categoría,,ACTIVADO
GOBIERNO REGIONAL,HOSPITAL DE VENTANILLA,HOSPITALES O CLINICAS DE ATENCION GENERAL,CALLAO,CALLAO,VENTANILLA,70106,II-1,82.0,ACTIVADO
GOBIERNO REGIONAL,P.S. 200 MILLAS,PUESTOS DE SALUD O POSTAS DE SALUD,CALLAO,CALLAO,CALLAO,70101,I-2,0.0,ACTIVADO
GOBIERNO REGIONAL,NAC. DANIEL A. CARRION,HOSPITALES O CLINICAS DE ATENCION ESPECIALIZADA,CALLAO,CALLAO,BELLAVISTA,70102,III-1,526.0,ACTIVADO
GOBIERNO REGIONAL,P.S. LA PERLA,PUESTOS DE SALUD O POSTAS DE SALUD,CALLAO,CALLAO,LA PERLA,70104,I-2,0.0,ACTIVADO
GOBIERNO REGIONAL,CANCHABAMBA,CENTROS DE SALUD O CENTROS MEDICOS,HUANUCO,HUACAYBAMBA,CANCHABAMBA,100402,I-3,,ACTIVADO
ESSALUD,POLICLINICO HERMANA MARIA DONROSE SUTMÖLLER,POLICLINICOS,CALLAO,CALLAO,VENTANILLA,70106,I-3,,ACTIVADO
GOBIERNO REGIONAL,SANTA FE,CENTROS DE SALUD O CENTROS MEDICOS,CALLAO,CALLAO,CALLAO,70101,I-3,0.0,ACTIVADO
GOBIERNO REGIONAL,PUESTO DE SALUD CARHUAYACO,PUESTOS DE SALUD O POSTAS DE SALUD,ANCASH,HUARI,SAN MARCOS,21014,I-1,0.0,ACTIVADO
GOBIERNO REGIONAL,CENTRO DE SALUD VILLA LOS REYES,CENTROS DE SALUD CON CAMAS DE INTERNAMIENTO,CALLAO,CALLAO,VENTANILLA,70106,I-4,2.0,ACTIVADO
GOBIERNO REGIONAL,RAMON CASTILLA,PUESTOS DE SALUD O POSTAS DE SALUD,CALLAO,CALLAO,CALLAO,70101,I-2,0.0,ACTIVADO
ESSALUD,HOSPITAL NACIONAL ALBERTO SABOGAL SOLOGUREN DE LA RED ASISTENCIAL SABOGAL,HOSPITALES O CLINICAS DE ATENCION ESPECIALIZADA,CALLAO,CALLAO,BELLAVISTA,70102,III-1,420.0,ACTIVADO
GOBIERNO REGIONAL,FAUCETT,PUESTOS DE SALUD O POSTAS DE SALUD,CALLAO,CALLAO,CALLAO,70101,I-2,0.0,ACTIVADO
GOBIERNO REGIONAL,PALMERAS DE OQUENDO,PUESTOS DE SALUD O POSTAS DE SALUD,CALLAO,CALLAO,CALLAO,70101,I-2,0.0,ACTIVADO
GOBIERNO REGIONAL,NESTOR GAMBETTA,CENTROS DE SALUD CON CAMAS DE INTERNAMIENTO,CALLAO,CALLAO,CALLAO,70101,I-4,5.0,ACTIVADO
GOBIERNO REGIONAL,PUEBLO LIBRE,CENTROS DE SALUD O CENTROS MEDICOS,SAN MARTIN,MOYOBAMBA,MOYOBAMBA,220101,I-3,,ACTIVADO
GOBIERNO REGIONAL,JOSE BOTERIN,PUESTOS DE SALUD O POSTAS DE SALUD,CALLAO,CALLAO,CALLAO,70101,I-2,0.0,ACTIVADO
GOBIERNO REGIONAL,PALPA,CENTROS DE SALUD O CENTROS MEDICOS,LIMA,HUARAL,AUCALLAMA,150604,I-3,,ACTIVADO
GOBIERNO REGIONAL,NUEVA HUANCABAMBA,PUESTOS DE SALUD O POSTAS DE SALUD,SAN MARTIN,MOYOBAMBA,MOYOBAMBA,220101,I-1,,ACTIVADO
GOBIERNO REGIONAL,LA UNION,PUESTOS DE SALUD O POSTAS DE SALUD,LIMA,HUAURA,SAYAN,150811,I-1,,ACTIVADO
GOBIERNO REGIONAL,C.S. ALTA MAR,CENTROS DE SALUD O CENTROS MEDICOS,CALLAO,CALLAO,LA PERLA,70104,I-3,0.0,ACTIVADO
GOBIERNO REGIONAL,P.S.VENTANILLA ESTE,PUESTOS DE SALUD O POSTAS DE SALUD,CALLAO,CALLAO,VENTANILLA,70106,I-2,,ACTIVADO
MINSA,JERUSALEN,CENTROS DE SALUD O CENTROS MEDICOS,LIMA,LIMA,PUENTE PIEDRA,150125,I-3,,ACTIVADO
GOBIERNO REGIONAL,PUESTO DE SALUD SAN MARTIN DE PARAS,PUESTOS DE SALUD O POSTAS DE SALUD,ANCASH,ANTONIO RAIMONDI,MIRGAS,20305,I-1,0.0,ACTIVADO
GOBIERNO REGIONAL,SAN MARCOS,PUESTOS DE SALUD O POSTAS DE SALUD,SAN MARTIN,MOYOBAMBA,SORITOR,220105,I-2,,ACTIVADO
MINSA,CERRO LA REGLA,PUESTOS DE SALUD O POSTAS DE SALUD,LIMA,LIMA,SAN MARTIN DE PORRES,150135,I-2,,ACTIVADO
GOBIERNO REGIONAL,SAN PEDRO DE CHOCOBAMBA,PUESTOS DE SALUD O POSTAS DE SALUD,HUANUCO,MARAÑON,HUACRACHUCO,100701,I-1,,ACTIVADO
GOBIERNO REGIONAL,HUANCAPON,PUESTOS DE SALUD O POSTAS DE SALUD,LIMA,CAJATAMBO,HUANCAPON,150304,I-1,,ACTIVADO
MINSA,JESUS OROPEZA CHONTA,PUESTOS DE SALUD O POSTAS DE SALUD,LIMA,LIMA,PUENTE PIEDRA,150125,I-2,,ACTIVADO
GOBIERNO REGIONAL,SANTA ROSA,PUESTOS DE SALUD O POSTAS DE SALUD,CALLAO,CALLAO,CALLAO,70101,I-2,0.0,ACTIVADO
GOBIERNO REGIONAL,P.S. VENTANILLA ALTA,PUESTOS DE SALUD O POSTAS DE SALUD,CALLAO,CALLAO,VENTANILLA,70106,I-2,0.0,ACTIVADO
MINSA,MATERNO INFANTIL DR. ENRIQUE MARTIN ALTUNA,CENTROS DE SALUD CON CAMAS DE INTERNAMIENTO,LIMA,LIMA,PUENTE PIEDRA,150125,I-4,,ACTIVADO
ESSALUD,POLICLINICO BELLAVISTA,CENTROS DE SALUD O CENTROS MEDICOS,CALLAO,CALLAO,BELLAVISTA,70102,I-3,,ACTIVADO
GOBIERNO REGIONAL,PUESTO DE SALUD SAN ANTONIO DE ACO,PUESTOS DE SALUD O POSTAS DE SALUD,ANCASH,ANTONIO RAIMONDI,MIRGAS,20305,I-1,0.0,ACTIVADO
ESSALUD,ALBERTO LEOPOLDO BARTON THOMPSON,HOSPITALES O CLINICAS DE ATENCION GENERAL,CALLAO,CALLAO,CALLAO,70101,II-2,201.0,ACTIVADO
GOBIERNO REGIONAL,C.S. EL ALAMO,PUESTOS DE SALUD O POSTAS DE SALUD,CALLAO,CALLAO,CALLAO,70101,I-2,0.0,ACTIVADO
GOBIERNO REGIONAL,SANIDAD AEREA INTERNACIONAL,CONSULTORIOS MEDICOS Y DE OTROS PROFESIONALES DE LA SALUD,CALLAO,CALLAO,CALLAO,70101,I-2,0.0,ACTIVADO
MINSA,CERRO CANDELA,PUESTOS DE SALUD O POSTAS DE SALUD,LIMA,LIMA,SAN MARTIN DE PORRES,150135,I-2,,ACTIVADO
GOBIERNO REGIONAL,BELLAVISTA PERU COREA,CENTROS DE SALUD CON CAMAS DE INTERNAMIENTO,CALLAO,CALLAO,BELLAVISTA,70102,I-4,10.0,ACTIVADO
GOBIERNO REGIONAL,SORITOR,CENTROS DE SALUD CON CAMAS DE INTERNAMIENTO,SAN MARTIN,MOYOBAMBA,SORITOR,220105,I-4,,ACTIVADO
GOBIERNO REGIONAL,MIGUEL GRAU,PUESTOS DE SALUD O POSTAS DE SALUD,CALLAO,CALLAO,CALLAO,70101,I-2,0.0,ACTIVADO
GOBIERNO REGIONAL,PUESTO DE SALUD MANGAS,PUESTOS DE SALUD O POSTAS DE SALUD,ANCASH,BOLOGNESI,MANGAS,20512,I-1,,ACTIVADO
GOBIERNO REGIONAL,CALLAO,PUESTOS DE SALUD O POSTAS DE SALUD,CALLAO,CALLAO,CALLAO,70101,I-2,0.0,ACTIVADO
GOBIERNO REGIONAL,JOSE OLAYA,PUESTOS DE SALUD O POSTAS DE SALUD,CALLAO,CALLAO,CALLAO,70101,I-2,0.0,ACTIVADO
GOBIERNO REGIONAL,COLCAPAMPA,PUESTOS DE SALUD O POSTAS DE SALUD,LIMA,OYON,COCHAMARCA,150904,I-1,,ACTIVADO
GOBIERNO REGIONAL,P.S. POLIGONO IV,PUESTOS DE SALUD O POSTAS DE SALUD,CALLAO,CALLAO,CALLAO,70101,I-2,0.0,ACTIVADO
GOBIERNO REGIONAL,PUESTO DE SALUD MASIN,PUESTOS DE SALUD O POSTAS DE SALUD,ANCASH,HUARI,MASIN,21009,I-2,0.0,ACTIVADO
GOBIERNO REGIONAL,AEROPUERTO,PUESTOS DE SALUD O POSTAS DE SALUD,CALLAO,CALLAO,CALLAO,70101,I-2,0.0,ACTIVADO
MINSA,SAN MIGUEL,CENTROS DE SALUD O CENTROS MEDICOS,LIMA,LIMA,SAN MIGUEL,150136,I-3,,ACTIVADO
GOBIERNO REGIONAL,HOSPITAL SAN JOSE,HOSPITALES O CLINICAS DE ATENCION GENERAL,CALLAO,CALLAO,CARMEN DE LA LEGUA-REYNOSO,70103,II-2,73.0,ACTIVADO
GOBIERNO REGIONAL,PUESTO DE SALUD  HUACHIS,PUESTOS DE SALUD O POSTAS DE SALUD,ANCASH,HUARI,HUACHIS,21007,I-2,0.0,ACTIVADO
ESSALUD,COMPLEJO ASISTENCIAL LUIS NEGREIROS VEGA,HOSPITALES O CLINICAS DE ATENCION GENERAL,CALLAO,CALLAO,CALLAO,70101,II-2,109.0,ACTIVADO
GOBIERNO REGIONAL,SHIMPIYACU,PUESTOS DE SALUD O POSTAS DE SALUD,SAN MARTIN,MOYOBAMBA,MOYOBAMBA,220101,I-1,,ACTIVADO
ESSALUD,ESSALUD - RED ASISTENCIAL SABOGAL - CAP II LUIS NEGREIROS VEGA,POLICLINICOS,CALLAO,CALLAO,CALLAO,70101,I-2,0.0,ACTIVADO
GOBIERNO REGIONAL,PUESTO DE SALUD PACHAPAQUI,PUESTOS DE SALUD O POSTAS DE SALUD,ANCASH,BOLOGNESI,AQUIA,20504,I-1,,ACTIVADO
GOBIERNO REGIONAL,C.S.SESQUICENTENARIO,CENTROS DE SALUD O CENTROS MEDICOS,CALLAO,CALLAO,CALLAO,70101,I-3,0.0,ACTIVADO
GOBIERNO REGIONAL,P.S. BOCANEGRA,PUESTOS DE SALUD O POSTAS DE SALUD,CALLAO,CALLAO,CALLAO,70101,I-2,0.0,ACTIVADO
GOBIERNO REGIONAL,PUESTO DE SALUD PLAYA RIMAC,PUESTOS DE SALUD O POSTAS DE SALUD,CALLAO,CALLAO,CALLAO,70101,I-2,0.0,ACTIVADO
MINSA,LA ENSENADA,CENTROS DE SALUD O CENTROS MEDICOS,LIMA,LIMA,PUENTE PIEDRA,150125,I-3,,ACTIVADO
GOBIERNO REGIONAL,ALTO PERU,PUESTOS DE SALUD O POSTAS DE SALUD,SAN MARTIN,MOYOBAMBA,SORITOR,220105,I-1,,ACTIVADO
ESSALUD,HOSPITAL I OCTAVIO MONGRUT MUÑOZ,HOSPITALES O CLINICAS DE ATENCION GENERAL,LIMA,LIMA,SAN MIGUEL,150136,II-1,49.0,ACTIVADO
GOBIERNO REGIONAL,PUESTO DE SALUD MIRGAS,PUESTOS DE SALUD O POSTAS DE SALUD,ANCASH,ANTONIO RAIMONDI,MIRGAS,20305,I-2,0.0,ACTIVADO
GOBIERNO REGIONAL,YARUCAYA,PUESTOS DE SALUD O POSTAS DE SALUD,LIMA,OYON,COCHAMARCA,150904,I-1,,ACTIVADO
GOBIERNO REGIONAL,POQUIAN,PUESTOS DE SALUD O POSTAS DE SALUD,LIMA,CAJATAMBO,COPA,150302,I-2,,ACTIVADO
GOBIERNO REGIONAL,P.S. PREVI,PUESTOS DE SALUD O POSTAS DE SALUD,CALLAO,CALLAO,CALLAO,70101,I-2,0.0,ACTIVADO
GOBIERNO REGIONAL,HABANA,CENTROS DE SALUD O CENTROS MEDICOS,SAN MARTIN,MOYOBAMBA,HABANA,220103,I-3,,ACTIVADO
GOBIERNO REGIONAL,C.S. CARMEN DE LA LEGUA,CENTROS DE SALUD O CENTROS MEDICOS,CALLAO,CALLAO,CARMEN DE LA LEGUA-REYNOSO,70103,I-3,0.0,ACTIVADO
MINSA,LOS LIBERTADORES,CENTROS DE SALUD O CENTROS MEDICOS,LIMA,LIMA,SAN MARTIN DE PORRES,150135,I-3,,ACTIVADO
GOBIERNO REGIONAL,HUARACILLO,PUESTOS DE SALUD O POSTAS DE SALUD,HUANUCO,HUACAYBAMBA,PINRA,100404,I-2,,ACTIVADO
MINSA,EX FUNDO NARANJAL,CENTROS DE SALUD O CENTROS MEDICOS,LIMA,LIMA,SAN MARTIN DE PORRES,150135,I-3,,ACTIVADO
MINSA,PERU IV ZONA,CENTROS DE SALUD O CENTROS MEDICOS,LIMA,LIMA,SAN MARTIN DE PORRES,150135,I-3,,ACTIVADO
GOBIERNO REGIONAL,VILLA SR. DE LOS MILAGROS,CENTROS DE SALUD O CENTROS MEDICOS,CALLAO,CALLAO,CARMEN DE LA LEGUA-REYNOSO,70103,I-3,0.0,ACTIVADO
MINSA,CENTRO DE SALUD SAN JUAN DE SALINAS,CENTROS DE SALUD O CENTROS MEDICOS,LIMA,LIMA,SAN MARTIN DE PORRES,150135,I-3,,ACTIVADO
MINSA,MEXICO,CENTROS DE SALUD O CENTROS MEDICOS,LIMA,LIMA,SAN MARTIN DE PORRES,150135,I-3,,ACTIVADO
MINSA,LADERAS DE CHILLON,CENTROS DE SALUD O CENTROS MEDICOS,LIMA,LIMA,PUENTE PIEDRA,150125,I-3,,ACTIVADO
MINSA,LOS OLIVOS DE PRO,CENTROS DE SALUD O CENTROS MEDICOS,LIMA,LIMA,LOS OLIVOS,150117,I-3,,ACTIVADO
GOBIERNO REGIONAL,ALTO SAN MARTIN,PUESTOS DE SALUD O POSTAS DE SALUD,SAN MARTIN,MOYOBAMBA,SORITOR,220105,I-1,,ACTIVADO
MINSA,HUACA PANDO,PUESTOS DE SALUD O POSTAS DE SALUD,LIMA,LIMA,SAN MIGUEL,150136,I-2,,ACTIVADO
MINSA,ENRIQUE MILLA OCHOA,CENTROS DE SALUD O CENTROS MEDICOS,LIMA,LIMA,LOS OLIVOS,150117,I-3,,ACTIVADO
MINSA,UNIDAD VECINAL Nº 3,CENTROS DE SALUD O CENTROS MEDICOS,LIMA,LIMA,LIMA,150101,I-3,,ACTIVADO
MINSA,SANTA ROSA,CENTROS DE SALUD CON CAMAS DE INTERNAMIENTO,LIMA,LIMA,PUENTE PIEDRA,150125,I-4,,ACTIVADO
GOBIERNO REGIONAL,PUESTO DE SALUD FLOR DE CANTU,PUESTOS DE SALUD O POSTAS DE SALUD,ANCASH,ANTONIO RAIMONDI,SAN JUAN DE RONTOY,20306,I-1,0.0,ACTIVADO
MINSA,CONDEVILLA,CENTROS DE SALUD O CENTROS MEDICOS,LIMA,LIMA,SAN MARTIN DE PORRES,150135,I-3,,ACTIVADO
GOBIERNO REGIONAL,PUESTO DE SALUD PACLLON,PUESTOS DE SALUD O POSTAS DE SALUD,ANCASH,BOLOGNESI,PACLLON,20513,I-1,,ACTIVADO
MINSA,SAN MARTIN DE PORRES,PUESTOS DE SALUD O POSTAS DE SALUD,LIMA,LIMA,LOS OLIVOS,150117,I-2,,ACTIVADO
ESSALUD,POLICLINICO PUENTE PIEDRA,,LIMA,LIMA,PUENTE PIEDRA,150125,I-3,,ACTIVADO
GOBIERNO REGIONAL,BUENOS AIRES,PUESTOS DE SALUD O POSTAS DE SALUD,SAN MARTIN,MOYOBAMBA,MOYOBAMBA,220101,I-1,,ACTIVADO
MINSA,HOSPITAL CARLOS LANFRANCO LA HOZ,HOSPITALES O CLINICAS DE ATENCION GENERAL,LIMA,LIMA,PUENTE PIEDRA,150125,II-2,102.0,ACTIVADO
GOBIERNO REGIONAL,COPA,PUESTOS DE SALUD O POSTAS DE SALUD,LIMA,CAJATAMBO,COPA,150302,I-1,,ACTIVADO
GOBIERNO REGIONAL,CENTRO DE SALUD RAHUAPAMPA,CENTROS DE SALUD O CENTROS MEDICOS,ANCASH,HUARI,RAHUAPAMPA,21012,I-3,0.0,ACTIVADO
MINSA,CLAS JUAN PABLO II,CENTROS DE SALUD CON CAMAS DE INTERNAMIENTO,LIMA,LIMA,LOS OLIVOS,150117,I-4,,ACTIVADO
MINSA,AMAKELLA,CENTROS DE SALUD O CENTROS MEDICOS,LIMA,LIMA,SAN MARTIN DE PORRES,150135,I-3,,ACTIVADO
MINSA,RIO SANTA,CENTROS DE SALUD O CENTROS MEDICOS,LIMA,LIMA,LOS OLIVOS,150117,I-3,,ACTIVADO
MINSA,SAGRADO CORAZON DE JESUS,PUESTOS DE SALUD O POSTAS DE SALUD,LIMA,LIMA,PUENTE PIEDRA,150125,I-2,,ACTIVADO
MINSA,LAURA CALLER,CENTROS DE SALUD O CENTROS MEDICOS,LIMA,LIMA,LOS OLIVOS,150117,I-3,,ACTIVADO
MINSA,PERU III ZONA,CENTROS DE SALUD O CENTROS MEDICOS,LIMA,LIMA,SAN MARTIN DE PORRES,150135,I-3,,ACTIVADO
MINSA,SAGRADO CORAZON DE JESUS,CENTROS DE SALUD O CENTROS MEDICOS,LIMA,LIMA,LOS OLIVOS,150117,I-3,,ACTIVADO
MINSA,PRIMAVERA,CENTROS DE SALUD O CENTROS MEDICOS,LIMA,LIMA,LOS OLIVOS,150117,I-3,,ACTIVADO
GOBIERNO REGIONAL,P.S. QUERORACRA,PUESTOS DE SALUD O POSTAS DE SALUD,ANCASH,HUARI,CAJAY,21003,I-1,0.0,ACTIVADO
MINSA,GUSTAVO LANATTA LUJAN,CENTROS DE SALUD O CENTROS MEDICOS,LIMA,LIMA,SAN MARTIN DE PORRES,150135,I-3,,ACTIVADO
MINSA,CENTRO DE SALUD MIRONES BAJO,CENTROS DE SALUD O CENTROS MEDICOS,LIMA,LIMA,LIMA,150101,I-3,,ACTIVADO
MINSA,CARLOS CUETO FERNANDINI,CENTROS DE SALUD O CENTROS MEDICOS,LIMA,LIMA,LOS OLIVOS,150117,I-3,,ACTIVADO
GOBIERNO REGIONAL,CUYO,PUESTOS DE SALUD O POSTAS DE SALUD,LIMA,HUARAL,HUARAL,150601,I-1,,ACTIVADO
MINSA,LOS SUREÑOS,CENTROS DE SALUD CON CAMAS DE INTERNAMIENTO,LIMA,LIMA,PUENTE PIEDRA,150125,I-4,,ACTIVADO
MINSA,VILLA DEL NORTE,CENTROS DE SALUD O CENTROS MEDICOS,LIMA,LIMA,LOS OLIVOS,150117,I-3,,ACTIVADO
MINSA,JUAN PABLO II,CENTROS DE SALUD O CENTROS MEDICOS,LIMA,LIMA,CARABAYLLO,150106,I-3,,ACTIVADO
MINSA,PALERMO,PUESTOS DE SALUD O POSTAS DE SALUD,LIMA,LIMA,LIMA,150101,I-2,,ACTIVADO
MINSA,MAGDALENA,CENTROS DE SALUD CON CAMAS DE INTERNAMIENTO,LIMA,LIMA,MAGDALENA DEL MAR,150120,I-4,,ACTIVADO
MINSA,INFANTAS,CENTROS DE SALUD O CENTROS MEDICOS,LIMA,LIMA,SAN MARTIN DE PORRES,150135,I-3,,ACTIVADO
MINSA,LABORATORIO DE REFERENCIA,PATOLOGIA CLINICA,LIMA,LIMA,MAGDALENA DEL MAR,150120,Sin Categoría,,ACTIVADO
MINSA,MIRONES,CENTROS DE SALUD O CENTROS MEDICOS,LIMA,LIMA,LIMA,150101,I-3,,ACTIVADO
GOBIERNO REGIONAL,CALZADA,CENTROS DE SALUD O CENTROS MEDICOS,SAN MARTIN,MOYOBAMBA,CALZADA,220102,I-3,,ACTIVADO
GOBIERNO REGIONAL,UWIJINT,PUESTOS DE SALUD O POSTAS DE SALUD,LORETO,DATEM DEL MARAÑON,PASTAZA,160705,I-1,,ACTIVADO
GOBIERNO REGIONAL,ACOTAMA,PUESTOS DE SALUD O POSTAS DE SALUD,LIMA,HUARAL,IHUARI,150606,I-2,,ACTIVADO
MINSA,VALDIVIEZO,CENTROS DE SALUD O CENTROS MEDICOS,LIMA,LIMA,SAN MARTIN DE PORRES,150135,I-3,,ACTIVADO
MINSA,HOSPITAL VICTOR LARCO HERRERA,HOSPITALES O CLINICAS DE ATENCION GENERAL,LIMA,LIMA,MAGDALENA DEL MAR,150120,III-1,590.0,ACTIVADO
MINSA,EL ALAMO,CENTROS DE SALUD O CENTROS MEDICOS,LIMA,LIMA,COMAS,150110,I-3,,ACTIVADO
MINSA,LOS OLIVOS,CENTROS DE SALUD O CENTROS MEDICOS,LIMA,LIMA,LOS OLIVOS,150117,I-3,,ACTIVADO
MINSA,SANTA LUZMILA I,CENTROS DE SALUD O CENTROS MEDICOS,LIMA,LIMA,COMAS,150110,I-3,,ACTIVADO
GOBIERNO REGIONAL,DOS DE MAYO,PUESTOS DE SALUD O POSTAS DE SALUD,SAN MARTIN,MARISCAL CACERES,HUICUNGO,220603,I-1,,ACTIVADO
MINSA,VIRGEN DEL PILAR DE NARANJAL,CENTROS DE SALUD O CENTROS MEDICOS,LIMA,LIMA,SAN MARTIN DE PORRES,150135,I-3,,ACTIVADO
GOBIERNO REGIONAL,PUERTO AMERICA DE MORONA,PUESTOS DE SALUD O POSTAS DE SALUD,LORETO,DATEM DEL MARAÑON,MORONA,160704,I-2,,ACTIVADO
MINSA,PUESTO DE SALUD RESCATE,PUESTOS DE SALUD O POSTAS DE SALUD,LIMA,LIMA,LIMA,150101,I-2,,ACTIVADO
MINSA,CENTRO REF. ESP. ANTIRRABICO - ESPECIALIZADO EN ZOONOSIS,CENTROS DE SALUD O CENTROS MEDICOS,LIMA,LIMA,LIMA,150101,I-3,,ACTIVADO
ESSALUD,SEGURO SOCIAL DE SALUD - ESSALUD,POLICLINICOS,LIMA,LIMA,INDEPENDENCIA,150112,I-3,0.0,ACTIVADO
MINSA,HOSPITAL DE APOYO SANTA ROSA,HOSPITALES O CLINICAS DE ATENCION ESPECIALIZADA,LIMA,LIMA,PUEBLO LIBRE,150121,III-1,193.0,ACTIVADO
GOBIERNO REGIONAL,NUEVO CHIMBOTE,PUESTOS DE SALUD O POSTAS DE SALUD,SAN MARTIN,MARISCAL CACERES,PACHIZA,220604,I-1,,ACTIVADO
GOBIERNO REGIONAL,PUESTO DE SALUD QUERO,PUESTOS DE SALUD O POSTAS DE SALUD,ANCASH,BOLOGNESI,HUASTA,20509,I-1,,ACTIVADO
MINSA,SANTA ROSA,PUESTOS DE SALUD O POSTAS DE SALUD,LIMA,LIMA,LIMA,150101,I-2,,ACTIVADO
MINSA,CENTRO DE SALUD VILLA MARIA PERPETUO SOCORRO,CENTROS DE SALUD O CENTROS MEDICOS,LIMA,LIMA,LIMA,150101,I-3,,ACTIVADO
ESSALUD,POLICLINICO FIORI,POLICLINICOS,LIMA,LIMA,SAN MARTIN DE PORRES,150135,I-3,,ACTIVADO
GOBIERNO REGIONAL,NUEVA ESPERANZA,PUESTOS DE SALUD O POSTAS DE SALUD,SAN MARTIN,MARISCAL CACERES,HUICUNGO,220603,I-1,,ACTIVADO
MINSA,CENTRO MATERNO INFANTIL SANTA LUZMILA II,CENTROS DE SALUD CON CAMAS DE INTERNAMIENTO,LIMA,LIMA,COMAS,150110,I-4,,ACTIVADO
ESSALUD,HOSPITAL I MARINO MOLINA SCIPPA,HOSPITALES O CLINICAS DE ATENCION GENERAL,LIMA,LIMA,COMAS,150110,II-1,106.0,ACTIVADO
MINSA,MESA REDONDA,PUESTOS DE SALUD O POSTAS DE SALUD,LIMA,LIMA,SAN MARTIN DE PORRES,150135,I-2,,ACTIVADO
MINSA,CARLOS PHILLIPS,CENTROS DE SALUD O CENTROS MEDICOS,LIMA,LIMA,COMAS,150110,I-3,,ACTIVADO
MINSA,VICTOR RAUL HAYA DE LA TORRE,PUESTOS DE SALUD O POSTAS DE SALUD,LIMA,LIMA,INDEPENDENCIA,150112,I-2,,ACTIVADO
GOBIERNO REGIONAL,PUESTO DE SALUD CHACCHO,PUESTOS DE SALUD O POSTAS DE SALUD,ANCASH,ANTONIO RAIMONDI,CHACCHO,20303,I-1,0.0,ACTIVADO
MINSA,PRIMAVERA,PUESTOS DE SALUD O POSTAS DE SALUD,LIMA,LIMA,COMAS,150110,I-2,,ACTIVADO
MINSA,ESPECIALIZADO DE SALUD MENTAL HONORIO DELGADO-HIDEYO NOGUCHI,INSTITUTOS DE SALUD ESPECIALIZADOS,LIMA,LIMA,SAN MARTIN DE PORRES,150135,III-2,94.0,ACTIVADO
MINSA,CENTRO MATERNO INFANTIL LAURA RODRIGUEZ,CENTROS DE SALUD CON CAMAS DE INTERNAMIENTO,LIMA,LIMA,COMAS,150110,I-4,,ACTIVADO
GOBIERNO REGIONAL,LUMBRA,PUESTOS DE SALUD O POSTAS DE SALUD,LIMA,HUARAL,HUARAL,150601,I-1,,ACTIVADO
MINSA,NACIONAL DE OFTALMOLOGIA,INSTITUTOS DE SALUD ESPECIALIZADOS,LIMA,LIMA,LIMA,150101,III-2,12.0,ACTIVADO
MINSA,SAN MARTIN DE PORRES,CENTROS DE SALUD O CENTROS MEDICOS,LIMA,LIMA,SAN MARTIN DE PORRES,150135,I-3,,ACTIVADO
MINSA,SAN ISIDRO,CENTROS DE SALUD O CENTROS MEDICOS,LIMA,LIMA,SAN ISIDRO,150131,I-3,,ACTIVADO
MINSA,CENTRO S. ESPECIALIZ. VACUNACION INTERNACION,CENTROS DE VACUNACION,LIMA,LIMA,SAN ISIDRO,150131,Sin Categoría,,ACTIVADO
MINSA,ERMITAÑO BAJO,CENTROS DE SALUD O CENTROS MEDICOS,LIMA,LIMA,INDEPENDENCIA,150112,I-3,,ACTIVADO
MINSA,CONDE DE LA VEGA BAJA,CENTROS DE SALUD O CENTROS MEDICOS,LIMA,LIMA,LIMA,150101,I-3,,ACTIVADO
MINSA,HOSPITAL NACIONAL CAYETANO HEREDIA,HOSPITALES O CLINICAS DE ATENCION ESPECIALIZADA,LIMA,LIMA,SAN MARTIN DE PORRES,150135,III-1,374.0,ACTIVADO
MINSA,LAS AMERICAS,PUESTOS DE SALUD O POSTAS DE SALUD,LIMA,LIMA,INDEPENDENCIA,150112,I-2,,ACTIVADO
MINSA,CLORINDA MALAGA,CENTROS DE SALUD O CENTROS MEDICOS,LIMA,LIMA,COMAS,150110,I-3,,ACTIVADO
GOBIERNO REGIONAL,PUESTO DE SALUD CHUPAN,PUESTOS DE SALUD O POSTAS DE SALUD,ANCASH,HUARI,HUACHIS,21007,I-1,0.0,ACTIVADO
MINSA,BREÑA,CENTROS DE SALUD O CENTROS MEDICOS,LIMA,LIMA,BREÑA,150105,I-3,,ACTIVADO
ESSALUD,CENTRO DE ATENCION PRIMARIA-CAP III SAN ISIDRO-ESSALUD,PUESTOS DE SALUD O POSTAS DE SALUD,LIMA,LIMA,SAN ISIDRO,150131,I-2,0.0,ACTIVADO
MINSA,JESUS MARIA,CENTROS DE SALUD O CENTROS MEDICOS,LIMA,LIMA,JESUS MARIA,150113,I-3,,ACTIVADO
MINSA,TAHUANTINSUYO BAJO,CENTROS DE SALUD CON CAMAS DE INTERNAMIENTO,LIMA,LIMA,INDEPENDENCIA,150112,I-4,,ACTIVADO
MINSA,HUSARES DE JUNIN,CENTROS DE SALUD O CENTROS MEDICOS,LIMA,LIMA,COMAS,150110,I-3,,ACTIVADO
ESSALUD,POLICLINICO SANTA CRUZ,PUESTOS DE SALUD O POSTAS DE SALUD,LIMA,LIMA,MIRAFLORES,150122,I-2,0.0,ACTIVADO
MINSA,COMAS,CENTROS DE SALUD O CENTROS MEDICOS,LIMA,LIMA,COMAS,150110,I-3,,ACTIVADO
MINSA,MILAGRO DE LA FRATERNIDAD,CENTROS DE SALUD O CENTROS MEDICOS,LIMA,LIMA,INDEPENDENCIA,150112,I-3,,ACTIVADO
GOBIERNO REGIONAL,PUESTO DE SALUD ACCHAS,PUESTOS DE SALUD O POSTAS DE SALUD,ANCASH,HUARI,MASIN,21009,I-1,0.0,ACTIVADO
MINSA,CHACRA COLORADA,CENTROS DE SALUD O CENTROS MEDICOS,LIMA,LIMA,BREÑA,150105,I-3,,ACTIVADO
MINSA,EL CARMEN,PUESTOS DE SALUD O POSTAS DE SALUD,LIMA,LIMA,INDEPENDENCIA,150112,I-2,,ACTIVADO
MINSA,SAN BENITO,PUESTOS DE SALUD O POSTAS DE SALUD,LIMA,LIMA,CARABAYLLO,150106,I-2,,ACTIVADO
MINSA,CARLOS A. PROTZEL,CENTROS DE SALUD O CENTROS MEDICOS,LIMA,LIMA,COMAS,150110,I-3,,ACTIVADO
MINSA,LA PASCANA,PUESTOS DE SALUD O POSTAS DE SALUD,LIMA,LIMA,COMAS,150110,I-1,,ACTIVADO
MINSA,INSTITUTO NACIONAL DE SALUD DEL NIÑO,INSTITUTOS DE SALUD ESPECIALIZADOS,LIMA,LIMA,BREÑA,150105,III-2,364.0,ACTIVADO
MINSA,TUPAC AMARU,CENTROS DE SALUD O CENTROS MEDICOS,LIMA,LIMA,INDEPENDENCIA,150112,I-3,,ACTIVADO
MINSA,"PUESTO DE SALUD ""SEÑOR DE LOS MILAGROS""",PUESTOS DE SALUD O POSTAS DE SALUD,LIMA,LIMA,VILLA EL SALVADOR,150142,I-2,,ACTIVADO
MINSA,SEÑOR DE LOS MILAGROS,PUESTOS DE SALUD O POSTAS DE SALUD,LIMA,LIMA,COMAS,150110,I-2,,ACTIVADO
MINSA,ERMITAÑO ALTO,CENTROS DE SALUD O CENTROS MEDICOS,LIMA,LIMA,INDEPENDENCIA,150112,I-3,,ACTIVADO
ESSALUD,HOSPITAL II RAMÓN CASTILLA,HOSPITALES O CLINICAS DE ATENCION GENERAL,LIMA,LIMA,LIMA,150101,II-1,49.0,ACTIVADO
MINSA,SANGARARA,CENTROS DE SALUD O CENTROS MEDICOS,LIMA,LIMA,COMAS,150110,I-3,,ACTIVADO
MINSA,LOS GERANIOS,PUESTOS DE SALUD O POSTAS DE SALUD,LIMA,LIMA,COMAS,150110,I-2,,ACTIVADO
MINSA,CAQUETA,CENTROS DE SALUD O CENTROS MEDICOS,LIMA,LIMA,RIMAC,150128,I-3,,ACTIVADO
MINSA,SANTIAGO APOSTOL,CENTROS DE SALUD O CENTROS MEDICOS,LIMA,LIMA,COMAS,150110,I-3,,ACTIVADO
ESSALUD,CAP II CHUPACA,CENTROS DE SALUD O CENTROS MEDICOS,JUNIN,CHUPACA,CHUPACA,120901,Sin Categoría,,ACTIVADO
GOBIERNO REGIONAL,ANTA,PUESTOS DE SALUD O POSTAS DE SALUD,LIMA,BARRANCA,PARAMONGA,150202,I-1,,ACTIVADO
GOBIERNO REGIONAL,PARAMONGA,CENTROS DE SALUD O CENTROS MEDICOS,LIMA,BARRANCA,PARAMONGA,150202,I-3,9.0,ACTIVADO
GOBIERNO REGIONAL,LAMPAY,PUESTOS DE SALUD O POSTAS DE SALUD,LIMA,BARRANCA,PARAMONGA,150202,I-1,,ACTIVADO
GOBIERNO REGIONAL,UTCAS,PUESTOS DE SALUD O POSTAS DE SALUD,LIMA,CAJATAMBO,CAJATAMBO,150301,I-1,,ACTIVADO
ESSALUD,POSTA MEDICA LONYA GRANDE,PUESTOS DE SALUD O POSTAS DE SALUD,AMAZONAS,UTCUBAMBA,LONYA GRANDE,10706,I-2,,ACTIVADO
ESSALUD,POSTA MEDICA OCALLI,PUESTOS DE SALUD O POSTAS DE SALUD,AMAZONAS,LUYA,OCALLI,10512,I-2,,ACTIVADO
MINSA,NACIONAL ARZOBISPO LOAYZA,HOSPITALES O CLINICAS DE ATENCION GENERAL,LIMA,LIMA,LIMA,150101,III-1,662.0,ACTIVADO
MINSA,HOSPITAL NACIONAL DOCENTE MADRE NIÑO SAN BARTOLOME,HOSPITALES O CLINICAS DE ATENCION ESPECIALIZADA,LIMA,LIMA,LIMA,150101,III-1,221.0,ACTIVADO
MINSA,PUESTO DE SALUD LOS QUECHUAS,PUESTOS DE SALUD O POSTAS DE SALUD,LIMA,LIMA,INDEPENDENCIA,150112,I-2,,ACTIVADO
MINSA,SAN CARLOS,PUESTOS DE SALUD O POSTAS DE SALUD,LIMA,LIMA,COMAS,150110,I-2,,ACTIVADO
GOBIERNO REGIONAL,GORGOR,PUESTOS DE SALUD O POSTAS DE SALUD,LIMA,CAJATAMBO,GORGOR,150303,I-2,,ACTIVADO
ESSALUD,HOSPITAL NACIONAL EDGARDO REBAGLIATI MARTINS,INSTITUTOS DE SALUD ESPECIALIZADOS,LIMA,LIMA,JESUS MARIA,150113,III-2,1505.0,ACTIVADO
ESSALUD,SEGURO SOCIAL DE SALUD,POLICLINICOS,LIMA,LIMA,LIMA,150101,I-3,,ACTIVADO
MINSA,CARMEN MEDIO,CENTROS DE SALUD O CENTROS MEDICOS,LIMA,LIMA,COMAS,150110,I-3,,ACTIVADO
MINSA,AÑO NUEVO,CENTROS DE SALUD O CENTROS MEDICOS,LIMA,LIMA,COMAS,150110,I-3,,ACTIVADO
ESSALUD,INSTITUTO NACIONAL CARDIOVASCULAR CARLOS ALBERTO PESCHIERA CARRILLO - INCOR,INSTITUTOS DE SALUD ESPECIALIZADOS,LIMA,LIMA,JESUS MARIA,150113,III-E,96.0,ACTIVADO
MINSA,TAHUANTINSUYO ALTO,CENTROS DE SALUD O CENTROS MEDICOS,LIMA,LIMA,INDEPENDENCIA,150112,I-3,,ACTIVADO
MINSA,NACIONAL SERGIO E. BERNALES,HOSPITALES O CLINICAS DE ATENCION ESPECIALIZADA,LIMA,LIMA,COMAS,150110,III-1,353.0,ACTIVADO
ESSALUD,POLICLINICO CHINCHA,POLICLINICOS,LIMA,LIMA,LIMA,150101,I-3,0.0,ACTIVADO
GOBIERNO REGIONAL,JERICOB,PUESTOS DE SALUD O POSTAS DE SALUD,SAN MARTIN,MOYOBAMBA,SORITOR,220105,I-1,,ACTIVADO
MINSA,JOSE OLAYA,PUESTOS DE SALUD O POSTAS DE SALUD,LIMA,LIMA,INDEPENDENCIA,150112,I-2,,ACTIVADO
GOBIERNO REGIONAL,CAÑABRAVA,PUESTOS DE SALUD O POSTAS DE SALUD,SAN MARTIN,MOYOBAMBA,MOYOBAMBA,220101,I-1,,ACTIVADO
MINSA,SAN SEBASTIAN,CENTROS DE SALUD O CENTROS MEDICOS,LIMA,LIMA,LIMA,150101,I-3,,ACTIVADO
ESSALUD,CENTRO NACIONAL DE SALUD RENAL - ESSALUD,HEMODIALISIS,LIMA,LIMA,JESUS MARIA,150113,Sin Categoría,0.0,ACTIVADO
ESSALUD,POLICLINICO PABLO BERMUDEZ,POLICLINICOS,LIMA,LIMA,JESUS MARIA,150113,I-3,0.0,ACTIVADO
GOBIERNO REGIONAL,SANTA MARIA DE CAHUAPANAS,PUESTOS DE SALUD O POSTAS DE SALUD,LORETO,DATEM DEL MARAÑON,CAHUAPANAS,160702,I-2,,ACTIVADO
MINSA,SAN PEDRO DE CARABAYLLO,PUESTOS DE SALUD O POSTAS DE SALUD,LIMA,LIMA,CARABAYLLO,150106,I-2,,ACTIVADO
MINSA,11 DE JULIO,PUESTOS DE SALUD O POSTAS DE SALUD,LIMA,LIMA,COMAS,150110,I-2,,ACTIVADO
MINSA,CENTRO DE SALUD SANTA CRUZ DE MIRAFLORES,CENTROS DE SALUD O CENTROS MEDICOS,LIMA,LIMA,MIRAFLORES,150122,I-3,,ACTIVADO
GOBIERNO REGIONAL,HUANANGUI,PUESTOS DE SALUD O POSTAS DE SALUD,LIMA,HUAURA,LEONCIO PRADO,150807,I-2,,ACTIVADO
MINSA,DIRECCION DE SERVICIOS DE ATENCION MOVIL DE URGENCIAS Y EMERGENCIAS,ATENCION PRE HOSPITALARIA,LIMA,LIMA,SAN ISIDRO,150131,Sin Categoría,,ACTIVADO
MINSA,FLOR DE AMANCAES,CENTROS DE SALUD O CENTROS MEDICOS,LIMA,LIMA,RIMAC,150128,I-3,,ACTIVADO
ESSALUD,POLICLINICO FRANCISCO PIZARRO - ESSALUD,POLICLINICOS,LIMA,LIMA,RIMAC,150128,I-3,0.0,ACTIVADO
GOBIERNO REGIONAL,SANTA ROSA DE OROMINA,PUESTOS DE SALUD O POSTAS DE SALUD,SAN MARTIN,MOYOBAMBA,MOYOBAMBA,220101,I-1,,ACTIVADO
MINSA,CENTRO DE SALUD MENTAL COMUNITARIO CARABAYLLO,CENTROS DE SALUD O CENTROS MEDICOS,LIMA,LIMA,CARABAYLLO,150106,I-3,,ACTIVADO
MINSA,RIMAC,CENTROS DE SALUD CON CAMAS DE INTERNAMIENTO,LIMA,LIMA,RIMAC,150128,I-4,,ACTIVADO
MINSA,MAX ARIAS SCHREIBER,CENTROS DE SALUD O CENTROS MEDICOS,LIMA,LIMA,LA VICTORIA,150115,I-3,,ACTIVADO
MINSA,MARISCAL CASTILLA,CENTROS DE SALUD O CENTROS MEDICOS,LIMA,LIMA,RIMAC,150128,I-3,,ACTIVADO
MINSA,LINCE,CENTROS DE SALUD O CENTROS MEDICOS,LIMA,LIMA,LINCE,150116,I-3,,ACTIVADO
ESSALUD,HOSPITAL III EMERGENCIAS GRAU,HOSPITALES O CLINICAS DE ATENCION GENERAL,LIMA,LIMA,LIMA,150101,II-2,231.0,ACTIVADO
GOBIERNO REGIONAL,PUESTO DE SALUD LLAMAC,PUESTOS DE SALUD O POSTAS DE SALUD,ANCASH,BOLOGNESI,PACLLON,20513,I-1,,ACTIVADO
MINSA,CARMEN ALTO,CENTROS DE SALUD O CENTROS MEDICOS,LIMA,LIMA,COMAS,150110,I-3,,ACTIVADO
MINSA,LEONCIO PRADO,CENTROS DE SALUD O CENTROS MEDICOS,LIMA,LIMA,RIMAC,150128,I-3,,ACTIVADO
ESSALUD,CLINICA CENTRAL DE PREVENCION,POLICLINICOS,LIMA,LIMA,MIRAFLORES,150122,I-3,0.0,ACTIVADO
MINSA,SAN JUAN DE AMANCAES,CENTROS DE SALUD O CENTROS MEDICOS,LIMA,LIMA,RIMAC,150128,I-3,,ACTIVADO
GOBIERNO REGIONAL,PARAN,PUESTOS DE SALUD O POSTAS DE SALUD,LIMA,HUAURA,LEONCIO PRADO,150807,I-1,,ACTIVADO
GOBIERNO REGIONAL,CAJAN,PUESTOS DE SALUD O POSTAS DE SALUD,HUANUCO,HUACAYBAMBA,PINRA,100404,I-2,,ACTIVADO
MINSA,CIUDAD Y CAMPO,CENTROS DE SALUD O CENTROS MEDICOS,LIMA,LIMA,RIMAC,150128,I-3,,ACTIVADO
ESSALUD,ESSALUD - HOSPITAL II SUÁREZ ANGAMOS,HOSPITALES O CLINICAS DE ATENCION GENERAL,LIMA,LIMA,MIRAFLORES,150122,II-2,84.0,ACTIVADO
ESSALUD,CAP III ALFREDO PIAZZA ROBERTS,POLICLINICOS,LIMA,LIMA,LINCE,150116,I-3,0.0,ACTIVADO
MINSA,LA FLOR,CENTROS DE SALUD O CENTROS MEDICOS,LIMA,LIMA,CARABAYLLO,150106,I-3,,ACTIVADO
GOBIERNO REGIONAL,PUESTO DE SALUD  UCHUPATA,PUESTOS DE SALUD O POSTAS DE SALUD,ANCASH,ANTONIO RAIMONDI,ACZO,20302,I-1,0.0,ACTIVADO
GOBIERNO REGIONAL,GARZAYACU,PUESTOS DE SALUD O POSTAS DE SALUD,AMAZONAS,RODRIGUEZ DE MENDOZA,OMIA,10609,I-1,,ACTIVADO
MINSA,COLLIQUE III ZONA,CENTROS DE SALUD O CENTROS MEDICOS,LIMA,LIMA,COMAS,150110,I-3,,ACTIVADO
MINSA,PUESTO DE SALUD NUEVA CALEDONIA,PUESTOS DE SALUD O POSTAS DE SALUD,LIMA,LIMA,CHORRILLOS,150108,I-2,,ACTIVADO
MINSA,MILAGRO DE JESUS,PUESTOS DE SALUD O POSTAS DE SALUD,LIMA,LIMA,COMAS,150110,I-2,,ACTIVADO
MINSA,RAUL PORRAS BARRENECHEA,CENTROS DE SALUD O CENTROS MEDICOS,LIMA,LIMA,CARABAYLLO,150106,I-3,,ACTIVADO
MINSA,VILLA LOS ANGELES,PUESTOS DE SALUD O POSTAS DE SALUD,LIMA,LIMA,RIMAC,150128,I-2,,ACTIVADO
ESSALUD,POSTA MÉDICA CONSTRUCCIÓN CIVIL,PUESTOS DE SALUD O POSTAS DE SALUD,LIMA,LIMA,LA VICTORIA,150115,I-2,,ACTIVADO
MINSA,GUSTAVO LANATTA LUJAN,CENTROS DE SALUD O CENTROS MEDICOS,LIMA,LIMA,CHORRILLOS,150108,I-3,,ACTIVADO
MINSA,CENTRO DE EMERGENCIAS SAN PEDRO DE LOS CHORRILLOS,CENTROS DE SALUD CON CAMAS DE INTERNAMIENTO,LIMA,LIMA,CHORRILLOS,150108,I-4,,ACTIVADO
MINSA,CENTRO ESPECIALIZADO DE REFERENCIA DE ITSS Y VIH/SIDA RAUL PATRUCCO PUIG,CENTROS DE SALUD O CENTROS MEDICOS,LIMA,LIMA,LIMA,150101,I-3,,ACTIVADO
MINSA,JUAN PEREZ CARRANZA,CENTROS DE SALUD O CENTROS MEDICOS,LIMA,LIMA,LIMA,150101,I-3,,ACTIVADO
ESSALUD,HOSPITAL NACIONAL GUILLERMO ALMENARA IRIGOYEN,INSTITUTOS DE SALUD ESPECIALIZADOS,LIMA,LIMA,LA VICTORIA,150115,III-2,939.0,ACTIVADO
GOBIERNO REGIONAL,PUESTO DE SALUD VICHON,PUESTOS DE SALUD O POSTAS DE SALUD,ANCASH,HUARI,SAN PEDRO DE CHANA,21015,I-1,0.0,ACTIVADO
MINSA,UNIDAD EJECUTORA DEL PLIEGO 011 MINISTERIO DE SALUD-DIRECCION DE REDES INTEGRADAS DE SALUD LIMA SUR,CENTROS DE SALUD O CENTROS MEDICOS,LIMA,LIMA,BARRANCO,150104,I-3,,ACTIVADO
MINSA,INSTITUTO NACIONAL MATERNO PERINATAL,INSTITUTOS DE SALUD ESPECIALIZADOS,LIMA,LIMA,LIMA,150101,III-2,433.0,ACTIVADO
MINSA,VILLA ESPERANZA,CENTROS DE SALUD O CENTROS MEDICOS,LIMA,LIMA,CARABAYLLO,150106,I-3,,ACTIVADO
MINSA,CENTRO DE SALUD SURQUILLO,CENTROS DE SALUD CON CAMAS DE INTERNAMIENTO,LIMA,LIMA,SURQUILLO,150141,I-4,,ACTIVADO
MINSA,ARMATAMBO,PUESTOS DE SALUD O POSTAS DE SALUD,LIMA,LIMA,CHORRILLOS,150108,I-2,,ACTIVADO
MINSA,HOSPITAL DE EMERGENCIAS PEDIATRICAS,HOSPITALES O CLINICAS DE ATENCION ESPECIALIZADA,LIMA,LIMA,LA VICTORIA,150115,III-E,44.0,ACTIVADO
MINSA,LUIS ALBERTO BAZAGOITIA CARDENAS,PUESTOS DE SALUD O POSTAS DE SALUD,LIMA,LIMA,COMAS,150110,I-2,,ACTIVADO
MINSA,SAN GENARO DE VILLA,CENTROS DE SALUD O CENTROS MEDICOS,LIMA,LIMA,CHORRILLOS,150108,I-3,,ACTIVADO
GOBIERNO REGIONAL,YANTALO,CENTROS DE SALUD O CENTROS MEDICOS,SAN MARTIN,MOYOBAMBA,YANTALO,220106,I-3,,ACTIVADO
MINSA,EL PORVENIR,CENTROS DE SALUD CON CAMAS DE INTERNAMIENTO,LIMA,LIMA,LA VICTORIA,150115,I-4,,ACTIVADO
ESSALUD,POSTA MEDICA CONSTRUCCION CIVIL,PUESTOS DE SALUD O POSTAS DE SALUD,LIMA,LIMA,LA VICTORIA,150115,I-3,,ACTIVADO
ESSALUD,SEGURO SOCIAL DE SALUD - ESSALUD,PUESTOS DE SALUD O POSTAS DE SALUD,LIMA,LIMA,SURQUILLO,150141,I-2,,ACTIVADO
MINSA,GAUDENCIO BERNASCONI,CENTROS DE SALUD O CENTROS MEDICOS,LIMA,LIMA,BARRANCO,150104,I-3,,ACTIVADO
MINSA,"CENTRO MATERNO INFANTIL DE SALUD - ""VIRGEN DEL CARMEN""",CENTROS DE SALUD CON CAMAS DE INTERNAMIENTO,LIMA,LIMA,CHORRILLOS,150108,I-4,,ACTIVADO
MINSA,JORGE LINGAN,PUESTOS DE SALUD O POSTAS DE SALUD,LIMA,LIMA,CARABAYLLO,150106,I-2,,ACTIVADO
GOBIERNO REGIONAL,MORROYACU,PUESTOS DE SALUD O POSTAS DE SALUD,SAN MARTIN,MOYOBAMBA,MOYOBAMBA,220101,I-1,,ACTIVADO
MINSA,15 DE ENERO,PUESTOS DE SALUD O POSTAS DE SALUD,LIMA,LIMA,SAN JUAN DE LURIGANCHO,150132,I-2,,ACTIVADO
MINSA,HOSPITAL DE EMERGENCIAS JOSE CASIMIRO ULLOA,HOSPITALES O CLINICAS DE ATENCION ESPECIALIZADA,LIMA,LIMA,MIRAFLORES,150122,III-E,71.0,ACTIVADO
MINSA,SANTA TERESA DE CHORRILLOS,PUESTOS DE SALUD O POSTAS DE SALUD,LIMA,LIMA,CHORRILLOS,150108,I-2,,ACTIVADO
GOBIERNO REGIONAL,PUESTO DE SALUD CONIN,PUESTOS DE SALUD O POSTAS DE SALUD,ANCASH,HUARI,PONTO,21011,I-1,0.0,ACTIVADO
GOBIERNO REGIONAL,PINRA,PUESTOS DE SALUD O POSTAS DE SALUD,HUANUCO,HUACAYBAMBA,PINRA,100404,I-2,,ACTIVADO
MINSA,AYACUCHO,PUESTOS DE SALUD O POSTAS DE SALUD,LIMA,LIMA,SAN JUAN DE LURIGANCHO,150132,I-2,,ACTIVADO
MINSA,EL PROGRESO,CENTROS DE SALUD CON CAMAS DE INTERNAMIENTO,LIMA,LIMA,CARABAYLLO,150106,I-4,,ACTIVADO
GOBIERNO REGIONAL,PUESTO DE SALUD CHACAS,PUESTOS DE SALUD O POSTAS DE SALUD,ANCASH,ANTONIO RAIMONDI,ACZO,20302,I-1,0.0,ACTIVADO
MINSA,SANTA ROSA DE LIMA,CENTROS DE SALUD O CENTROS MEDICOS,LIMA,LIMA,SAN JUAN DE LURIGANCHO,150132,I-3,,ACTIVADO
MINSA,SAN CARLOS,PUESTOS DE SALUD O POSTAS DE SALUD,LIMA,LIMA,SANTIAGO DE SURCO,150140,I-1,,ACTIVADO
MINSA,NACIONAL  DOS DE MAYO,HOSPITALES O CLINICAS DE ATENCION GENERAL,LIMA,LIMA,LIMA,150101,III-1,594.0,ACTIVADO
GOBIERNO REGIONAL,CENTRO DE SALUD LLAMELLIN,CENTROS DE SALUD O CENTROS MEDICOS,ANCASH,ANTONIO RAIMONDI,LLAMELLIN,20301,I-3,6.0,ACTIVADO
MINSA,SAN HILARION,CENTROS DE SALUD O CENTROS MEDICOS,LIMA,LIMA,SAN JUAN DE LURIGANCHO,150132,I-3,,ACTIVADO
MINSA,INSTITUTO NACIONAL DE CIENCIAS NEUROLOGICAS,INSTITUTOS DE SALUD ESPECIALIZADOS,LIMA,LIMA,LIMA,150101,III-2,162.0,ACTIVADO
MINSA,CAJA DE AGUA,CENTROS DE SALUD O CENTROS MEDICOS,LIMA,LIMA,SAN JUAN DE LURIGANCHO,150132,I-3,,ACTIVADO
GOBIERNO REGIONAL,LOS ANGELES,PUESTOS DE SALUD O POSTAS DE SALUD,SAN MARTIN,MOYOBAMBA,MOYOBAMBA,220101,I-1,,ACTIVADO
GOBIERNO REGIONAL,NAVAN,PUESTOS DE SALUD O POSTAS DE SALUD,LIMA,OYON,NAVAN,150905,I-1,,ACTIVADO
MINSA,LOS INCAS,PUESTOS DE SALUD O POSTAS DE SALUD,LIMA,LIMA,CHORRILLOS,150108,I-2,,ACTIVADO
MINSA,PIEDRA LIZA,CENTROS DE SALUD CON CAMAS DE INTERNAMIENTO,LIMA,LIMA,RIMAC,150128,I-4,,ACTIVADO
MINSA,VILLA VENTURO,PUESTOS DE SALUD O POSTAS DE SALUD,LIMA,LIMA,CHORRILLOS,150108,I-2,,ACTIVADO
MINSA,VILLA VICTORIA PORVENIR,CENTROS DE SALUD O CENTROS MEDICOS,LIMA,LIMA,SURQUILLO,150141,I-3,,ACTIVADO
MINSA,JARDIN ROSA DE SANTA MARIA,PUESTOS DE SALUD O POSTAS DE SALUD,LIMA,LIMA,LIMA,150101,I-2,,ACTIVADO
MINSA,GANIMEDES,CENTROS DE SALUD O CENTROS MEDICOS,LIMA,LIMA,SAN JUAN DE LURIGANCHO,150132,I-3,,ACTIVADO
MINSA,GUSTAVO LANATTA,CENTROS DE SALUD O CENTROS MEDICOS,LIMA,LIMA,COMAS,150110,I-3,,ACTIVADO
MINSA,HUASCAR II,CENTROS DE SALUD O CENTROS MEDICOS,LIMA,LIMA,SAN JUAN DE LURIGANCHO,150132,I-3,,ACTIVADO
GOBIERNO REGIONAL,PUESTO DE SALUD SANTA CRUZ DE PICHIU,PUESTOS DE SALUD O POSTAS DE SALUD,ANCASH,HUARI,SAN PEDRO DE CHANA,21015,I-1,0.0,ACTIVADO
MINSA,SAN FERNANDO,CENTROS DE SALUD O CENTROS MEDICOS,LIMA,LIMA,SAN JUAN DE LURIGANCHO,150132,I-3,,ACTIVADO
GOBIERNO REGIONAL,PUESTO DE SALUD SAN PEDRO DE CHANA,PUESTOS DE SALUD O POSTAS DE SALUD,ANCASH,HUARI,SAN PEDRO DE CHANA,21015,I-1,0.0,ACTIVADO
MINSA,LUIS ENRIQUE,PUESTOS DE SALUD O POSTAS DE SALUD,LIMA,LIMA,CARABAYLLO,150106,I-2,,ACTIVADO
MINSA,CESAR VALLEJO,PUESTOS DE SALUD O POSTAS DE SALUD,LIMA,LIMA,SAN JUAN DE LURIGANCHO,150132,I-2,,ACTIVADO
MINSA,ANCIETA BAJA,CENTROS DE SALUD O CENTROS MEDICOS,LIMA,LIMA,EL AGUSTINO,150111,I-3,,ACTIVADO
MINSA,CHACARILLA DE OTERO,CENTROS DE SALUD O CENTROS MEDICOS,LIMA,LIMA,SAN JUAN DE LURIGANCHO,150132,I-3,,ACTIVADO
MINSA,SAN COSME,CENTROS DE SALUD O CENTROS MEDICOS,LIMA,LIMA,LA VICTORIA,150115,I-3,,ACTIVADO
MINSA,CENTRAL DE REFERENCIA Y CONTRARREFERENCIA,SERVICIO DE TRASLADO DE PACIENTES,LIMA,LIMA,SAN JUAN DE LURIGANCHO,150132,Sin Categoría,,ACTIVADO
MINSA,LA HUAYRONA,CENTROS DE SALUD O CENTROS MEDICOS,LIMA,LIMA,SAN JUAN DE LURIGANCHO,150132,I-3,,ACTIVADO
MINSA,CENTRO DE SALUD SANTIAGO DE SURCO,CENTROS DE SALUD O CENTROS MEDICOS,LIMA,LIMA,SANTIAGO DE SURCO,150140,I-3,,ACTIVADO
GOBIERNO REGIONAL,OCHAME,PUESTOS DE SALUD O POSTAS DE SALUD,SAN MARTIN,MOYOBAMBA,JEPELACIO,220104,I-1,,ACTIVADO
MINSA,MEDALLA MILAGROSA,CENTROS DE SALUD O CENTROS MEDICOS,LIMA,LIMA,SAN JUAN DE LURIGANCHO,150132,I-3,,ACTIVADO
GOBIERNO REGIONAL,PUESTO DE SALUD PONTO,PUESTOS DE SALUD O POSTAS DE SALUD,ANCASH,HUARI,PONTO,21011,I-1,0.0,ACTIVADO
MINSA,PRIMAVERA,CENTROS DE SALUD O CENTROS MEDICOS,LIMA,LIMA,EL AGUSTINO,150111,I-3,,ACTIVADO
MINSA,MADRE TERESA  CALCUTA,CENTROS DE SALUD O CENTROS MEDICOS,LIMA,LIMA,EL AGUSTINO,150111,I-3,,ACTIVADO
MINSA,BUENOS AIRES DE VILLA,CENTROS DE SALUD CON CAMAS DE INTERNAMIENTO,LIMA,LIMA,CHORRILLOS,150108,I-4,,ACTIVADO
ESSALUD,POLICLINICO JUAN JOSE RODRIGUEZ LAZO,POLICLINICOS,LIMA,LIMA,CHORRILLOS,150108,I-3,0.0,ACTIVADO
MINSA,TUPAC AMARU II,PUESTOS DE SALUD O POSTAS DE SALUD,LIMA,LIMA,SAN JUAN DE LURIGANCHO,150132,I-2,,ACTIVADO
GOBIERNO REGIONAL,PUESTO DE SALUD SAN JUAN DE RONTOY,PUESTOS DE SALUD O POSTAS DE SALUD,ANCASH,ANTONIO RAIMONDI,SAN JUAN DE RONTOY,20306,I-1,0.0,ACTIVADO
MINSA,"INSTITUTO NACIONAL DE REHABILITACION ""DRA. ADRIANA REBAZA FLORES"" AMISTAD PERU - JAPON",HOSPITALES O CLINICAS DE ATENCION ESPECIALIZADA,LIMA,LIMA,CHORRILLOS,150108,III-E,36.0,ACTIVADO
MINSA,SANTA MAGDALENA SOFIA,CENTROS DE SALUD O CENTROS MEDICOS,LIMA,LIMA,EL AGUSTINO,150111,I-3,,ACTIVADO
MINSA,HOSPITAL SAN JUAN DE LURIGANCHO,HOSPITALES O CLINICAS DE ATENCION GENERAL,LIMA,LIMA,SAN JUAN DE LURIGANCHO,150132,II-2,150.0,ACTIVADO
MINSA,SU MAJESTAD HIROITO,PUESTOS DE SALUD O POSTAS DE SALUD,LIMA,LIMA,CARABAYLLO,150106,I-2,,ACTIVADO
MINSA,HUASCAR XV,CENTROS DE SALUD O CENTROS MEDICOS,LIMA,LIMA,SAN JUAN DE LURIGANCHO,150132,I-3,,ACTIVADO
MINSA,SAN JUAN MASIAS,PUESTOS DE SALUD O POSTAS DE SALUD,LIMA,LIMA,SAN BORJA,150130,I-2,,ACTIVADO
MINSA,CERRO EL AGUSTINO,PUESTOS DE SALUD O POSTAS DE SALUD,LIMA,LIMA,EL AGUSTINO,150111,I-2,,ACTIVADO
MINSA,AZCARRUNZ ALTO,PUESTOS DE SALUD O POSTAS DE SALUD,LIMA,LIMA,SAN JUAN DE LURIGANCHO,150132,I-2,,ACTIVADO
MINSA,EL AGUSTINO,CENTROS DE SALUD O CENTROS MEDICOS,LIMA,LIMA,EL AGUSTINO,150111,I-3,,ACTIVADO
MINSA,PUNCHAUCA,PUESTOS DE SALUD O POSTAS DE SALUD,LIMA,LIMA,CARABAYLLO,150106,I-2,,ACTIVADO
GOBIERNO REGIONAL,PUESTO DE SALUD YUNGUILLA,PUESTOS DE SALUD O POSTAS DE SALUD,ANCASH,HUARI,RAHUAPAMPA,21012,I-1,0.0,ACTIVADO
MINSA,INSTITUTO NACIONAL DE ENFERMEDADES NEOPLASICAS,INSTITUTOS DE SALUD ESPECIALIZADOS,LIMA,LIMA,SURQUILLO,150141,III-2,426.0,ACTIVADO
MINSA,CENTRO DE SALUD SAN ATANACIO DE PEDREGAL,CENTROS DE SALUD O CENTROS MEDICOS,LIMA,LIMA,SURQUILLO,150141,I-3,,ACTIVADO
MINSA,CLAS CERRO EL PINO,PUESTOS DE SALUD O POSTAS DE SALUD,LIMA,LIMA,LA VICTORIA,150115,I-2,,ACTIVADO
MINSA,EL PINO,CENTROS DE SALUD O CENTROS MEDICOS,LIMA,LIMA,LA VICTORIA,150115,I-3,,ACTIVADO
ESSALUD,CENTRO DE ATENCION PRIMARIA III - EL AGUSTINO - RED ASISTENCIAL ALMENARA,POLICLINICOS,LIMA,LIMA,EL AGUSTINO,150111,Sin Categoría,,ACTIVADO
MINSA,SAN LUIS,CENTROS DE SALUD O CENTROS MEDICOS,LIMA,LIMA,SAN LUIS,150134,I-3,,ACTIVADO
GOBIERNO REGIONAL,LACSANGA,PUESTOS DE SALUD O POSTAS DE SALUD,LIMA,HUAURA,PACCHO,150808,I-1,,ACTIVADO
MINSA,SAN FERNANDO,CENTROS DE SALUD CON CAMAS DE INTERNAMIENTO,LIMA,LIMA,ATE,150103,I-4,6.0,ACTIVADO
MINSA,SANTA FE DE TOTORITA,CENTROS DE SALUD O CENTROS MEDICOS,LIMA,LIMA,SAN JUAN DE LURIGANCHO,150132,I-3,,ACTIVADO
MINSA,LA LIBERTAD,CENTROS DE SALUD O CENTROS MEDICOS,LIMA,LIMA,SAN JUAN DE LURIGANCHO,150132,I-3,,ACTIVADO
ESSALUD,HOSPITAL AURELIO DIAZ UFANO Y PERAL,HOSPITALES O CLINICAS DE ATENCION GENERAL,LIMA,LIMA,SAN JUAN DE LURIGANCHO,150132,II-1,54.0,ACTIVADO
MINSA,CATALINA HUANCA,CENTROS DE SALUD O CENTROS MEDICOS,LIMA,LIMA,EL AGUSTINO,150111,I-3,,ACTIVADO
GOBIERNO REGIONAL,MUZGA,PUESTOS DE SALUD O POSTAS DE SALUD,LIMA,HUAURA,PACCHO,150808,I-1,,ACTIVADO
MINSA,ZARATE,CENTROS DE SALUD O CENTROS MEDICOS,LIMA,LIMA,SAN JUAN DE LURIGANCHO,150132,I-3,,ACTIVADO
MINSA,7 DE OCTUBRE,CENTROS DE SALUD O CENTROS MEDICOS,LIMA,LIMA,EL AGUSTINO,150111,I-3,,ACTIVADO
MINSA,HOSPITAL NACIONAL HIPOLITO UNANUE,HOSPITALES O CLINICAS DE ATENCION ESPECIALIZADA,LIMA,LIMA,EL AGUSTINO,150111,III-1,637.0,ACTIVADO
MINSA,CENTRO DE SALUD TODOS LOS SANTOS SAN BORJA,CENTROS DE SALUD O CENTROS MEDICOS,LIMA,LIMA,SAN BORJA,150130,I-3,,ACTIVADO
MINSA,LABORATORIO DE REFERNCIA EN SALUD PUBLICA,PATOLOGIA CLINICA,LIMA,LIMA,EL AGUSTINO,150111,Sin Categoría,,ACTIVADO
MINSA,DELICIAS DE VILLA,CENTROS DE SALUD O CENTROS MEDICOS,LIMA,LIMA,CHORRILLOS,150108,I-3,,ACTIVADO
MINSA,JOSE CARLOS MARIATEGUI V ETAPA,PUESTOS DE SALUD O POSTAS DE SALUD,LIMA,LIMA,SAN JUAN DE LURIGANCHO,150132,I-2,,ACTIVADO
MINSA,VISTA ALEGRE DE VILLA,PUESTOS DE SALUD O POSTAS DE SALUD,LIMA,LIMA,CHORRILLOS,150108,I-2,,ACTIVADO
MINSA,BETHANIA,CENTROS DE SALUD O CENTROS MEDICOS,LIMA,LIMA,EL AGUSTINO,150111,I-3,,ACTIVADO
GOBIERNO REGIONAL,CAJATAMBO,CENTROS DE SALUD O CENTROS MEDICOS,LIMA,CAJATAMBO,CAJATAMBO,150301,I-3,,ACTIVADO
MINSA,PROYECTOS ESPECIALES,PUESTOS DE SALUD O POSTAS DE SALUD,LIMA,LIMA,SAN JUAN DE LURIGANCHO,150132,I-2,,ACTIVADO
MINSA,INSTITUTO NACIONAL DE SALUD NIÑO SAN BORJA,INSTITUTOS DE SALUD ESPECIALIZADOS,LIMA,LIMA,SAN BORJA,150130,III-2,302.0,ACTIVADO
ESSALUD,ESSALUD CLINICA SAN LUIS,POLICLINICOS,LIMA,LIMA,SAN LUIS,150134,I-3,0.0,ACTIVADO
MINSA,BAYOVAR,CENTROS DE SALUD O CENTROS MEDICOS,LIMA,LIMA,SAN JUAN DE LURIGANCHO,150132,I-3,,ACTIVADO
GOBIERNO REGIONAL,PUESTO DE SALUD CHINGAS,PUESTOS DE SALUD O POSTAS DE SALUD,ANCASH,ANTONIO RAIMONDI,CHINGAS,20304,I-2,0.0,ACTIVADO
MINSA,SU SANTIDAD JUAN PABLO II,CENTROS DE SALUD O CENTROS MEDICOS,LIMA,LIMA,SAN JUAN DE LURIGANCHO,150132,I-3,,ACTIVADO
MINSA,LOS VIÑEDOS DE SURCO,PUESTOS DE SALUD O POSTAS DE SALUD,LIMA,LIMA,SANTIAGO DE SURCO,150140,I-2,,ACTIVADO
GOBIERNO REGIONAL,PUESTO DE SALUD ACZO,PUESTOS DE SALUD O POSTAS DE SALUD,ANCASH,ANTONIO RAIMONDI,ACZO,20302,I-1,0.0,ACTIVADO
MINSA,JAIME ZUBIETA,CENTROS DE SALUD O CENTROS MEDICOS,LIMA,LIMA,SAN JUAN DE LURIGANCHO,150132,I-3,,ACTIVADO
MINSA,SAGRADA FAMILIA,PUESTOS DE SALUD O POSTAS DE SALUD,LIMA,LIMA,SAN JUAN DE LURIGANCHO,150132,I-2,,ACTIVADO
MINSA,PUESTO DE SALUD SAN ROQUE,PUESTOS DE SALUD O POSTAS DE SALUD,LIMA,LIMA,SANTIAGO DE SURCO,150140,I-2,,ACTIVADO
ESSALUD,POLICLINICO PROCERES,POLICLINICOS,LIMA,LIMA,SANTIAGO DE SURCO,150140,I-3,0.0,ACTIVADO
MINSA,10 DE OCTUBRE,CENTROS DE SALUD O CENTROS MEDICOS,LIMA,LIMA,SAN JUAN DE LURIGANCHO,150132,I-3,,ACTIVADO
MINSA,EL BOSQUE,CENTROS DE SALUD O CENTROS MEDICOS,LIMA,LIMA,ATE,150103,I-3,,ACTIVADO
GOBIERNO REGIONAL,EL PARAISO,PUESTOS DE SALUD O POSTAS DE SALUD,LIMA,HUAROCHIRI,SAN ANTONIO,150716,I-2,,ACTIVADO
MINSA,SAN JUAN DE LA LIBERTAD,PUESTOS DE SALUD O POSTAS DE SALUD,LIMA,LIMA,CHORRILLOS,150108,I-2,,ACTIVADO
MINSA,SALAMANCA,CENTROS DE SALUD O CENTROS MEDICOS,LIMA,LIMA,ATE,150103,I-3,,ACTIVADO
GOBIERNO REGIONAL,KAUPAN,PUESTOS DE SALUD O POSTAS DE SALUD,LORETO,DATEM DEL MARAÑON,CAHUAPANAS,160702,I-1,,ACTIVADO
GOBIERNO REGIONAL,PIZARRO,PUESTOS DE SALUD O POSTAS DE SALUD,SAN MARTIN,MARISCAL CACERES,HUICUNGO,220603,I-1,,ACTIVADO
MINSA,LAS DUNAS,PUESTOS DE SALUD O POSTAS DE SALUD,LIMA,LIMA,SANTIAGO DE SURCO,150140,I-2,,ACTIVADO
MINSA,JOSE CARLOS MARIATEGUI,CENTROS DE SALUD O CENTROS MEDICOS,LIMA,LIMA,SAN JUAN DE LURIGANCHO,150132,I-3,,ACTIVADO
MINSA,NOCHETO,CENTROS DE SALUD O CENTROS MEDICOS,LIMA,LIMA,SANTA ANITA,150137,I-3,,ACTIVADO
MINSA,HUASCAR,CENTROS DE SALUD O CENTROS MEDICOS,LIMA,LIMA,SANTA ANITA,150137,I-3,,ACTIVADO
GOBIERNO REGIONAL,SAN MATEO,PUESTOS DE SALUD O POSTAS DE SALUD,SAN MARTIN,MOYOBAMBA,JEPELACIO,220104,I-1,,ACTIVADO
GOBIERNO REGIONAL,ONGON,PUESTOS DE SALUD O POSTAS DE SALUD,LA LIBERTAD,PATAZ,ONGON,130807,I-2,,ACTIVADO
GOBIERNO REGIONAL,LLUYLLUCUCHA,CENTROS DE SALUD O CENTROS MEDICOS,SAN MARTIN,MOYOBAMBA,MOYOBAMBA,220101,I-3,,ACTIVADO
MINSA,SANTA ROSA DE QUIVES,PUESTOS DE SALUD O POSTAS DE SALUD,LIMA,LIMA,SANTA ANITA,150137,I-2,,ACTIVADO
MINSA,TUPAC AMARU DE VILLA,CENTROS DE SALUD O CENTROS MEDICOS,LIMA,LIMA,CHORRILLOS,150108,I-3,,ACTIVADO
MINSA,MARISCAL CACERES,PUESTOS DE SALUD O POSTAS DE SALUD,LIMA,LIMA,SAN JUAN DE LURIGANCHO,150132,I-2,,ACTIVADO
GOBIERNO REGIONAL,PUESTO DE SALUD DE RONDOBAMBA,PUESTOS DE SALUD O POSTAS DE SALUD,HUANUCO,HUACAYBAMBA,HUACAYBAMBA,100401,I-1,,ACTIVADO
MINSA,MATEO PUMACAHUA,PUESTOS DE SALUD O POSTAS DE SALUD,LIMA,LIMA,CHORRILLOS,150108,I-2,,ACTIVADO
GOBIERNO REGIONAL,EL OLIVAR,PUESTOS DE SALUD O POSTAS DE SALUD,LIMA,CANTA,SANTA ROSA DE QUIVES,150407,I-1,,ACTIVADO
MINSA,MANGOMARCA,CENTROS DE SALUD O CENTROS MEDICOS,LIMA,LIMA,SAN JUAN DE LURIGANCHO,150132,I-3,,ACTIVADO
GOBIERNO REGIONAL,CAUJUL,PUESTOS DE SALUD O POSTAS DE SALUD,LIMA,OYON,CAUJUL,150903,I-2,,ACTIVADO
MINSA,GUSTAVO LANATTA,CENTROS DE SALUD O CENTROS MEDICOS,LIMA,LIMA,ATE,150103,I-3,,ACTIVADO
MINSA,PUESTO DE SALUD SANTA ISABEL DE VILLA,PUESTOS DE SALUD O POSTAS DE SALUD,LIMA,LIMA,CHORRILLOS,150108,I-2,,ACTIVADO
MINSA,6 DE JULIO,PUESTOS DE SALUD O POSTAS DE SALUD,LIMA,LIMA,SAN JUAN DE MIRAFLORES,150133,I-2,,ACTIVADO
GOBIERNO REGIONAL,ILLAHUASI,PUESTOS DE SALUD O POSTAS DE SALUD,HUANUCO,HUAMALIES,PUÑOS,100509,I-1,,ACTIVADO
MINSA,CHOCAS,PUESTOS DE SALUD O POSTAS DE SALUD,LIMA,LIMA,CARABAYLLO,150106,I-2,,ACTIVADO
MINSA,DANIEL ALCIDES CARRION,PUESTOS DE SALUD O POSTAS DE SALUD,LIMA,LIMA,SAN JUAN DE LURIGANCHO,150132,I-2,,ACTIVADO
MINSA,SANTA MARIA,CENTROS DE SALUD O CENTROS MEDICOS,LIMA,LIMA,SAN JUAN DE LURIGANCHO,150132,I-3,,ACTIVADO
MINSA,COOPERATIVA UNIVERSAL,CENTROS DE SALUD O CENTROS MEDICOS,LIMA,LIMA,SANTA ANITA,150137,I-3,,ACTIVADO
MINSA,DEFENSORES DE LIMA,PUESTOS DE SALUD O POSTAS DE SALUD,LIMA,LIMA,CHORRILLOS,150108,I-2,,ACTIVADO
MINSA,SAN JUAN DE MIRAFLORES,CENTROS DE SALUD O CENTROS MEDICOS,LIMA,LIMA,SAN JUAN DE MIRAFLORES,150133,I-3,,ACTIVADO
MINSA,CRUZ DE MOTUPE,CENTROS DE SALUD O CENTROS MEDICOS,LIMA,LIMA,SAN JUAN DE LURIGANCHO,150132,I-3,,ACTIVADO
MINSA,P.S. LAS FLORES,PUESTOS DE SALUD O POSTAS DE SALUD,LIMA,LIMA,SANTIAGO DE SURCO,150140,I-2,,ACTIVADO
GOBIERNO REGIONAL,PUESTO DE SALUD  SAN MIGUEL DE PONTO,PUESTOS DE SALUD O POSTAS DE SALUD,ANCASH,HUARI,PONTO,21011,I-1,0.0,ACTIVADO
MINSA,LEONOR SAAVEDRA,CENTROS DE SALUD O CENTROS MEDICOS,LIMA,LIMA,SAN JUAN DE MIRAFLORES,150133,I-3,,ACTIVADO
GOBIERNO REGIONAL,HOSPITAL  MOYOBAMBA,HOSPITALES O CLINICAS DE ATENCION GENERAL,SAN MARTIN,MOYOBAMBA,MOYOBAMBA,220101,II-1,10.0,ACTIVADO
MINSA,ENRIQUE MONTENEGRO,CENTROS DE SALUD O CENTROS MEDICOS,LIMA,LIMA,SAN JUAN DE LURIGANCHO,150132,I-3,,ACTIVADO
MINSA,VILLA SAN LUIS,CENTROS DE SALUD O CENTROS MEDICOS,LIMA,LIMA,SAN JUAN DE MIRAFLORES,150133,I-3,,ACTIVADO
ESSALUD,CAP III LOS PROCERES DE SAN JUAN DE MIRAFLORES,POLICLINICOS,LIMA,LIMA,SAN JUAN DE MIRAFLORES,150133,I-3,0.0,ACTIVADO
MINSA,SANTA ANITA,CENTROS DE SALUD CON CAMAS DE INTERNAMIENTO,LIMA,LIMA,SANTA ANITA,150137,I-4,6.0,ACTIVADO
MINSA,EL BRILLANTE,PUESTOS DE SALUD O POSTAS DE SALUD,LIMA,LIMA,SAN JUAN DE MIRAFLORES,150133,I-2,,ACTIVADO
MINSA,METROPOLITANA,PUESTOS DE SALUD O POSTAS DE SALUD,LIMA,LIMA,SANTA ANITA,150137,I-2,,ACTIVADO
MINSA,MANUEL BARRETO,CENTROS DE SALUD CON CAMAS DE INTERNAMIENTO,LIMA,LIMA,SAN JUAN DE MIRAFLORES,150133,I-4,,ACTIVADO
MINSA,12 DE NOVIEMBRE,PUESTOS DE SALUD O POSTAS DE SALUD,LIMA,LIMA,SAN JUAN DE MIRAFLORES,150133,I-2,,ACTIVADO
MINSA,MATAZANGO,PUESTOS DE SALUD O POSTAS DE SALUD,LIMA,LIMA,LA MOLINA,150114,I-2,,ACTIVADO
MINSA,PAMPAS DE SAN JUAN,PUESTOS DE SALUD O POSTAS DE SALUD,LIMA,LIMA,SAN JUAN DE MIRAFLORES,150133,I-2,,ACTIVADO
MINSA,5 DE MAYO,PUESTOS DE SALUD O POSTAS DE SALUD,LIMA,LIMA,SAN JUAN DE MIRAFLORES,150133,I-2,,ACTIVADO
GOBIERNO REGIONAL,TAHUISHCO,PUESTOS DE SALUD O POSTAS DE SALUD,SAN MARTIN,MOYOBAMBA,MOYOBAMBA,220101,I-1,,ACTIVADO
MINSA,VALLE SHARON,PUESTOS DE SALUD O POSTAS DE SALUD,LIMA,LIMA,SAN JUAN DE MIRAFLORES,150133,I-2,,ACTIVADO
MINSA,TREBOL AZUL,CENTROS DE SALUD O CENTROS MEDICOS,LIMA,LIMA,SAN JUAN DE MIRAFLORES,150133,I-3,,ACTIVADO
MINSA,CHANCAS DE ANDAHUAYLAS,CENTROS DE SALUD O CENTROS MEDICOS,LIMA,LIMA,SANTA ANITA,150137,I-3,,ACTIVADO
MINSA,SANTA URSULA,PUESTOS DE SALUD O POSTAS DE SALUD,LIMA,LIMA,SAN JUAN DE MIRAFLORES,150133,I-2,,ACTIVADO
GOBIERNO REGIONAL,TRAPICHE,PUESTOS DE SALUD O POSTAS DE SALUD,LIMA,CANTA,SANTA ROSA DE QUIVES,150407,I-2,,ACTIVADO
MINSA,OLLANTAY,CENTROS DE SALUD CON CAMAS DE INTERNAMIENTO,LIMA,LIMA,SAN JUAN DE MIRAFLORES,150133,I-4,,ACTIVADO
MINSA,SAN FRANCISCO DE LA CRUZ,PUESTOS DE SALUD O POSTAS DE SALUD,LIMA,LIMA,SAN JUAN DE MIRAFLORES,150133,I-2,,ACTIVADO
MINSA,PS MARIANNE PREUSS DE STARK,PUESTOS DE SALUD O POSTAS DE SALUD,LIMA,LIMA,SAN JUAN DE MIRAFLORES,150133,I-2,,ACTIVADO
GOBIERNO REGIONAL,PEDRO ABRAHAN LOPEZ GUILLEN,PUESTOS DE SALUD O POSTAS DE SALUD,LIMA,HUAROCHIRI,SAN ANTONIO,150716,I-2,,ACTIVADO
MINSA,LEONCIO PRADO,PUESTOS DE SALUD O POSTAS DE SALUD,LIMA,LIMA,SAN JUAN DE MIRAFLORES,150133,I-2,,ACTIVADO
MINSA,RICARDO PALMA,PUESTOS DE SALUD O POSTAS DE SALUD,LIMA,LIMA,SAN JUAN DE MIRAFLORES,150133,I-2,,ACTIVADO
MINSA,VILLA SOLIDARIDAD,PUESTOS DE SALUD O POSTAS DE SALUD,LIMA,LIMA,SAN JUAN DE MIRAFLORES,150133,I-2,,ACTIVADO
MINSA,VIRGEN DEL BUEN PASO,PUESTOS DE SALUD O POSTAS DE SALUD,LIMA,LIMA,SAN JUAN DE MIRAFLORES,150133,I-2,,ACTIVADO
MINSA,CAMPOY,CENTROS DE SALUD O CENTROS MEDICOS,LIMA,LIMA,SAN JUAN DE LURIGANCHO,150132,I-3,,ACTIVADO
MINSA,LA RINCONADA,PUESTOS DE SALUD O POSTAS DE SALUD,LIMA,LIMA,SAN JUAN DE MIRAFLORES,150133,I-2,,ACTIVADO
MINSA,HOSPITAL MARIA AUXILIADORA,HOSPITALES O CLINICAS DE ATENCION ESPECIALIZADA,LIMA,LIMA,SAN JUAN DE MIRAFLORES,150133,III-1,374.0,ACTIVADO
MINSA,SAN CARLOS,CENTROS DE SALUD O CENTROS MEDICOS,LIMA,LIMA,SANTA ANITA,150137,I-3,,ACTIVADO
MINSA,PARAISO,PUESTOS DE SALUD O POSTAS DE SALUD,LIMA,LIMA,SAN JUAN DE MIRAFLORES,150133,I-2,,ACTIVADO
MINSA,LADERAS DE VILLA,PUESTOS DE SALUD O POSTAS DE SALUD,LIMA,LIMA,SAN JUAN DE MIRAFLORES,150133,I-2,,ACTIVADO
GOBIERNO REGIONAL,CENTRO DE SALUD DE HUACAYBAMBA,CENTROS DE SALUD O CENTROS MEDICOS,HUANUCO,HUACAYBAMBA,HUACAYBAMBA,100401,I-3,,ACTIVADO
GOBIERNO REGIONAL,GRANADILLA,PUESTOS DE SALUD O POSTAS DE SALUD,HUANUCO,MARAÑON,CHOLON,100702,I-1,,ACTIVADO
MINSA,HEROES DEL PACIFICO,PUESTOS DE SALUD O POSTAS DE SALUD,LIMA,LIMA,SAN JUAN DE MIRAFLORES,150133,I-2,,ACTIVADO
MINSA,ATE,PUESTOS DE SALUD O POSTAS DE SALUD,LIMA,LIMA,ATE,150103,I-2,,ACTIVADO
GOBIERNO REGIONAL,SAGRADO CORAZON DE JESUS,PUESTOS DE SALUD O POSTAS DE SALUD,LIMA,HUAROCHIRI,SAN ANTONIO,150716,I-2,,ACTIVADO
MINSA,JOSE MARIA ARGUEDAS,PUESTOS DE SALUD O POSTAS DE SALUD,LIMA,LIMA,SAN JUAN DE MIRAFLORES,150133,I-2,,ACTIVADO
MINSA,PUESTO DE SALUD BUENOS AIRES,PUESTOS DE SALUD O POSTAS DE SALUD,LIMA,LIMA,VILLA MARIA DEL TRIUNFO,150143,I-2,,ACTIVADO
MINSA,SASBI,PUESTOS DE SALUD O POSTAS DE SALUD,LIMA,LIMA,VILLA EL SALVADOR,150142,I-2,,ACTIVADO
GOBIERNO REGIONAL,EL VALLE,PUESTOS DE SALUD O POSTAS DE SALUD,LIMA,HUAROCHIRI,SAN ANTONIO,150716,I-2,,ACTIVADO
GOBIERNO REGIONAL,SAN ANTONIO,PUESTOS DE SALUD O POSTAS DE SALUD,LIMA,HUAROCHIRI,SAN ANTONIO,150716,I-1,,ACTIVADO
GOBIERNO REGIONAL,IHUARI,PUESTOS DE SALUD O POSTAS DE SALUD,LIMA,HUARAL,IHUARI,150606,I-2,,ACTIVADO
GOBIERNO REGIONAL,BARRANQUILLO - CHAPURI,PUESTOS DE SALUD O POSTAS DE SALUD,LORETO,DATEM DEL MARAÑON,PASTAZA,160705,I-1,,ACTIVADO
MINSA,VIÑA SAN FRANCISCO,PUESTOS DE SALUD O POSTAS DE SALUD,LIMA,LIMA,SANTA ANITA,150137,I-2,,ACTIVADO
MINSA,TORRES DE MELGAR,PUESTOS DE SALUD O POSTAS DE SALUD,LIMA,LIMA,VILLA MARIA DEL TRIUNFO,150143,I-2,,ACTIVADO
MINSA,JESUS PODEROSO,CENTROS DE SALUD O CENTROS MEDICOS,LIMA,LIMA,SAN JUAN DE MIRAFLORES,150133,I-3,,ACTIVADO
MINSA,JOSE CARLOS MARIATEGUI,CENTROS DE SALUD CON CAMAS DE INTERNAMIENTO,LIMA,LIMA,VILLA MARIA DEL TRIUNFO,150143,I-4,,ACTIVADO
MINSA,PUESTO DE SALUD SANTA ROSA DE BELEN,PUESTOS DE SALUD O POSTAS DE SALUD,LIMA,LIMA,VILLA MARIA DEL TRIUNFO,150143,I-2,,ACTIVADO
GOBIERNO REGIONAL,AYARANGA,PUESTOS DE SALUD O POSTAS DE SALUD,LIMA,HUAURA,PACCHO,150808,I-1,,ACTIVADO
MINSA,MICAELA BASTIDAS,PUESTOS DE SALUD O POSTAS DE SALUD,LIMA,LIMA,VILLA MARIA DEL TRIUNFO,150143,I-2,,ACTIVADO
MINSA,12 DE JUNIO,PUESTOS DE SALUD O POSTAS DE SALUD,LIMA,LIMA,VILLA MARIA DEL TRIUNFO,150143,I-2,,ACTIVADO
MINSA,CENTRO DEL ADULTO MAYOR TAYTA WASI,CENTROS DE SALUD O CENTROS MEDICOS,LIMA,LIMA,VILLA MARIA DEL TRIUNFO,150143,I-3,,ACTIVADO
MINSA,CENTRO DE SALUD MENTAL COMUNITARIO SAN GABRIEL ALTO,CENTROS DE SALUD O CENTROS MEDICOS,LIMA,LIMA,VILLA MARIA DEL TRIUNFO,150143,I-3,,ACTIVADO
MINSA,BRISAS DE PACHACAMAC,PUESTOS DE SALUD O POSTAS DE SALUD,LIMA,LIMA,VILLA EL SALVADOR,150142,I-2,,ACTIVADO
ESSALUD,SEGURO SOCIAL DE SALUD - ESSALUD,HOSPITALES O CLINICAS DE ATENCION ESPECIALIZADA,LIMA,LIMA,SANTA ANITA,150137,II-E,168.0,ACTIVADO
MINSA,CENTRO MATERNO INFANTIL SAN JOSE,CENTROS DE SALUD CON CAMAS DE INTERNAMIENTO,LIMA,LIMA,VILLA EL SALVADOR,150142,I-4,,ACTIVADO
ESSALUD,HOSPITAL I CARLOS ALCANTARA BUTTERFIELD,HOSPITALES O CLINICAS DE ATENCION GENERAL,LIMA,LIMA,LA MOLINA,150114,II-1,50.0,ACTIVADO
MINSA,HOSPITAL HERMILIO VALDIZAN,HOSPITALES O CLINICAS DE ATENCION ESPECIALIZADA,LIMA,LIMA,SANTA ANITA,150137,III-1,246.0,ACTIVADO
MINSA,DANIEL ALCIDES CARRION,CENTROS DE SALUD CON CAMAS DE INTERNAMIENTO,LIMA,LIMA,VILLA MARIA DEL TRIUNFO,150143,I-4,,ACTIVADO
MINSA,CENTRO MATERNO INFANTIL JUAN PABLO II,CENTROS DE SALUD CON CAMAS DE INTERNAMIENTO,LIMA,LIMA,VILLA EL SALVADOR,150142,I-4,,ACTIVADO
MINSA,SARITA COLONIA,PUESTOS DE SALUD O POSTAS DE SALUD,LIMA,LIMA,VILLA EL SALVADOR,150142,I-2,,ACTIVADO
MINSA,SAGRADA FAMILIA,PUESTOS DE SALUD O POSTAS DE SALUD,LIMA,LIMA,VILLA EL SALVADOR,150142,I-2,,ACTIVADO
MINSA,PUESTO DE SALUD VALLE BAJO,PUESTOS DE SALUD O POSTAS DE SALUD,LIMA,LIMA,VILLA MARIA DEL TRIUNFO,150143,I-2,,ACTIVADO
GOBIERNO REGIONAL,CENTRO DE SALUD HUALLANCA,CENTROS DE SALUD O CENTROS MEDICOS,ANCASH,BOLOGNESI,HUALLANCA,20508,I-3,,ACTIVADO
GOBIERNO REGIONAL,QUILLOALLPA,PUESTOS DE SALUD O POSTAS DE SALUD,SAN MARTIN,MOYOBAMBA,MOYOBAMBA,220101,I-1,,ACTIVADO
MINSA,JICAMARCA,CENTROS DE SALUD O CENTROS MEDICOS,LIMA,LIMA,LURIGANCHO,150118,I-3,,ACTIVADO
MINSA,PUESTO DE SALUD FERNANDO LUYO SIERRA,PUESTOS DE SALUD O POSTAS DE SALUD,LIMA,LIMA,VILLA EL SALVADOR,150142,I-2,,ACTIVADO
MINSA,PUESTO DE SALUD VILLA LIMATAMBO,PUESTOS DE SALUD O POSTAS DE SALUD,LIMA,LIMA,VILLA MARIA DEL TRIUNFO,150143,I-2,,ACTIVADO
MINSA,FORTALEZA,CENTROS DE SALUD O CENTROS MEDICOS,LIMA,LIMA,ATE,150103,I-3,,ACTIVADO
MINSA,PUESTO DE SALUD LLANAVILLA,PUESTOS DE SALUD O POSTAS DE SALUD,LIMA,LIMA,VILLA EL SALVADOR,150142,I-2,,ACTIVADO
ESSALUD,POLICLINICO VILLA MARÍA,POLICLINICOS,LIMA,LIMA,VILLA MARIA DEL TRIUNFO,150143,I-3,,ACTIVADO
MINSA,VIÑA ALTA,CENTROS DE SALUD O CENTROS MEDICOS,LIMA,LIMA,LA MOLINA,150114,I-3,,ACTIVADO
ESSALUD,GUILLERMO KAELIN  DE LA FUENTE,HOSPITALES O CLINICAS DE ATENCION GENERAL,LIMA,LIMA,VILLA MARIA DEL TRIUNFO,150143,Sin Categoría,199.0,ACTIVADO
MINSA,SAN MARTIN DE PORRES,CENTROS DE SALUD O CENTROS MEDICOS,LIMA,LIMA,VILLA EL SALVADOR,150142,I-3,,ACTIVADO
GOBIERNO REGIONAL,BARRANQUITA DE CAHUAPANAS,PUESTOS DE SALUD O POSTAS DE SALUD,LORETO,DATEM DEL MARAÑON,CAHUAPANAS,160702,I-1,,ACTIVADO
MINSA,PUESTO DE SALUD VALLE ALTO,PUESTOS DE SALUD O POSTAS DE SALUD,LIMA,LIMA,VILLA MARIA DEL TRIUNFO,150143,I-2,,ACTIVADO
GOBIERNO REGIONAL,PUESTO DE SALUD HUACACHI,PUESTOS DE SALUD O POSTAS DE SALUD,ANCASH,HUARI,HUACACHI,21005,I-1,0.0,ACTIVADO
MINSA,PORTADA DEL SOL,PUESTOS DE SALUD O POSTAS DE SALUD,LIMA,LIMA,LA MOLINA,150114,I-2,,ACTIVADO
MINSA,CESAR VALLEJO,PUESTOS DE SALUD O POSTAS DE SALUD,LIMA,LIMA,VILLA MARIA DEL TRIUNFO,150143,I-2,,ACTIVADO
MINSA,PUESTO DE SALUD NUEVA ESPERANZA ALTA,PUESTOS DE SALUD O POSTAS DE SALUD,LIMA,LIMA,VILLA MARIA DEL TRIUNFO,150143,I-2,,ACTIVADO
MINSA,VILLA MARIA DEL TRIUNFO,CENTROS DE SALUD CON CAMAS DE INTERNAMIENTO,LIMA,LIMA,VILLA MARIA DEL TRIUNFO,150143,I-4,,ACTIVADO
MINSA,PUESTO DE SALUD EDILBERTO RAMOS,PUESTOS DE SALUD O POSTAS DE SALUD,LIMA,LIMA,VILLA EL SALVADOR,150142,I-2,,ACTIVADO
GOBIERNO REGIONAL,YUNGUY,CENTROS DE SALUD O CENTROS MEDICOS,LIMA,HUARAL,IHUARI,150606,I-3,,ACTIVADO
MINSA,OASIS DE VILLA,PUESTOS DE SALUD O POSTAS DE SALUD,LIMA,LIMA,VILLA EL SALVADOR,150142,I-2,,ACTIVADO
MINSA,VILLA  DEL SOL,PUESTOS DE SALUD O POSTAS DE SALUD,LIMA,LIMA,LURIGANCHO,150118,I-2,,ACTIVADO
MINSA,NUEVA ESPERANZA,CENTROS DE SALUD O CENTROS MEDICOS,LIMA,LIMA,VILLA MARIA DEL TRIUNFO,150143,I-3,,ACTIVADO
MINSA,HOSPITAL DE EMERGENCIAS VILLA EL SALVADOR,HOSPITALES O CLINICAS DE ATENCION ESPECIALIZADA,LIMA,LIMA,VILLA EL SALVADOR,150142,II-E,194.0,ACTIVADO
GOBIERNO REGIONAL,PACCHO,PUESTOS DE SALUD O POSTAS DE SALUD,LIMA,HUAURA,PACCHO,150808,I-2,,ACTIVADO
ESSALUD,HOSPITAL I ULDARICO ROCCA FERNANDEZ,HOSPITALES O CLINICAS DE ATENCION ESPECIALIZADA,LIMA,LIMA,VILLA EL SALVADOR,150142,II-1,54.0,ACTIVADO
MINSA,MICAELA BASTIDAS,CENTROS DE SALUD O CENTROS MEDICOS,LIMA,LIMA,ATE,150103,I-3,,ACTIVADO
GOBIERNO REGIONAL,NUEVA YARINA,PUESTOS DE SALUD O POSTAS DE SALUD,LORETO,DATEM DEL MARAÑON,PASTAZA,160705,I-1,,ACTIVADO
MINSA,PUESTO DE SALUD HEROES DEL CENEPA,PUESTOS DE SALUD O POSTAS DE SALUD,LIMA,LIMA,VILLA EL SALVADOR,150142,I-2,,ACTIVADO
GOBIERNO REGIONAL,PUESTO DE SALUD UCO,PUESTOS DE SALUD O POSTAS DE SALUD,ANCASH,HUARI,UCO,21016,I-2,12.0,ACTIVADO
GOBIERNO REGIONAL,SANTA CRUZ,PUESTOS DE SALUD O POSTAS DE SALUD,LIMA,HUAURA,LEONCIO PRADO,150807,I-2,,ACTIVADO
MINSA,JUAN CARLOS SOBERON,PUESTOS DE SALUD O POSTAS DE SALUD,LIMA,LIMA,VILLA MARIA DEL TRIUNFO,150143,I-2,,ACTIVADO
MINSA,PUESTO DE SALUD VIRGEN DE LA ASUNCION,PUESTOS DE SALUD O POSTAS DE SALUD,LIMA,LIMA,VILLA EL SALVADOR,150142,I-2,,ACTIVADO
GOBIERNO REGIONAL,PUESTO DE SALUD ANRA,PUESTOS DE SALUD O POSTAS DE SALUD,ANCASH,HUARI,ANRA,21002,I-1,0.0,ACTIVADO
MINSA,TABLADA DE LURIN,CENTROS DE SALUD CON CAMAS DE INTERNAMIENTO,LIMA,LIMA,VILLA MARIA DEL TRIUNFO,150143,I-4,,ACTIVADO
GOBIERNO REGIONAL,ALTO PACHIZA,PUESTOS DE SALUD O POSTAS DE SALUD,SAN MARTIN,HUALLAGA,SAPOSOA,220401,I-1,,ACTIVADO
MINSA,MUSA,CENTROS DE SALUD O CENTROS MEDICOS,LIMA,LIMA,LA MOLINA,150114,I-3,,ACTIVADO
GOBIERNO REGIONAL,ÑAUPAY,PUESTOS DE SALUD O POSTAS DE SALUD,LIMA,HUARAL,IHUARI,150606,I-2,,ACTIVADO
MINSA,LAS CONCHITAS,PUESTOS DE SALUD O POSTAS DE SALUD,LIMA,LIMA,VILLA MARIA DEL TRIUNFO,150143,I-2,,ACTIVADO
MINSA,DAVID GUERRERO DUARTE,PUESTOS DE SALUD O POSTAS DE SALUD,LIMA,LIMA,VILLA MARIA DEL TRIUNFO,150143,I-2,,ACTIVADO
MINSA,ALTO PERU,PUESTOS DE SALUD O POSTAS DE SALUD,LIMA,LIMA,LURIGANCHO,150118,I-2,,ACTIVADO
MINSA,CESAR LOPEZ SILVA,CENTROS DE SALUD CON CAMAS DE INTERNAMIENTO,LIMA,LIMA,VILLA EL SALVADOR,150142,I-4,,ACTIVADO
MINSA,PARAISO ALTO,PUESTOS DE SALUD O POSTAS DE SALUD,LIMA,LIMA,VILLA MARIA DEL TRIUNFO,150143,I-2,,ACTIVADO
GOBIERNO REGIONAL,JEPELACIO,CENTROS DE SALUD CON CAMAS DE INTERNAMIENTO,SAN MARTIN,MOYOBAMBA,JEPELACIO,220104,I-4,,ACTIVADO
MINSA,VILLA MERCEDES,PUESTOS DE SALUD O POSTAS DE SALUD,LIMA,LIMA,LURIGANCHO,150118,I-2,,ACTIVADO
MINSA,PUESTO DE SALUD PACHACAMAC,PUESTOS DE SALUD O POSTAS DE SALUD,LIMA,LIMA,VILLA EL SALVADOR,150142,I-2,,ACTIVADO
MINSA,CIUDAD DE GOSEN,PUESTOS DE SALUD O POSTAS DE SALUD,LIMA,LIMA,VILLA MARIA DEL TRIUNFO,150143,I-2,,ACTIVADO
MINSA,NUEVO PROGRESO,PUESTOS DE SALUD O POSTAS DE SALUD,LIMA,LIMA,VILLA MARIA DEL TRIUNFO,150143,I-2,,ACTIVADO
MINSA,HOSPITAL VITARTE,HOSPITALES O CLINICAS DE ATENCION GENERAL,LIMA,LIMA,ATE,150103,II-1,111.0,ACTIVADO
MINSA,CRISTO SALVADOR,PUESTOS DE SALUD O POSTAS DE SALUD,LIMA,LIMA,VILLA EL SALVADOR,150142,I-2,,ACTIVADO
MINSA,VIRGEN DE LOURDES,PUESTOS DE SALUD O POSTAS DE SALUD,LIMA,LIMA,VILLA MARIA DEL TRIUNFO,150143,I-2,,ACTIVADO
MINSA,CASA HUERTA LA CAMPIÑA,PUESTOS DE SALUD O POSTAS DE SALUD,LIMA,LIMA,LURIGANCHO,150118,I-2,,ACTIVADO
MINSA,LA MOLINA,CENTROS DE SALUD O CENTROS MEDICOS,LIMA,LIMA,LA MOLINA,150114,I-3,,ACTIVADO
GOBIERNO REGIONAL,CARRIZAL,PUESTOS DE SALUD O POSTAS DE SALUD,SAN MARTIN,MOYOBAMBA,JEPELACIO,220104,I-1,,ACTIVADO
GOBIERNO REGIONAL,NUEVO SAN MIGUEL,CENTROS DE SALUD O CENTROS MEDICOS,SAN MARTIN,MOYOBAMBA,JEPELACIO,220104,I-3,,ACTIVADO
GOBIERNO REGIONAL,MARONA,PUESTOS DE SALUD O POSTAS DE SALUD,SAN MARTIN,MOYOBAMBA,MOYOBAMBA,220101,I-1,,ACTIVADO
GOBIERNO REGIONAL,SUGLLAQUIRO,PUESTOS DE SALUD O POSTAS DE SALUD,SAN MARTIN,MOYOBAMBA,MOYOBAMBA,220101,I-2,,ACTIVADO
GOBIERNO REGIONAL,AUQUIMARCA,PUESTOS DE SALUD O POSTAS DE SALUD,LIMA,HUAURA,LEONCIO PRADO,150807,I-1,,ACTIVADO
MINSA,PRINCIPE DE ASTURIAS,PUESTOS DE SALUD O POSTAS DE SALUD,LIMA,LIMA,VILLA EL SALVADOR,150142,I-2,,ACTIVADO
MINSA,PUESTO DE SALUD MODULO I,PUESTOS DE SALUD O POSTAS DE SALUD,LIMA,LIMA,VILLA MARIA DEL TRIUNFO,150143,I-2,,ACTIVADO
MINSA,VILLA ALEJANDRO,CENTROS DE SALUD O CENTROS MEDICOS,LIMA,LIMA,LURIN,150119,I-3,,ACTIVADO
GOBIERNO REGIONAL,ANDAJES,PUESTOS DE SALUD O POSTAS DE SALUD,LIMA,OYON,ANDAJES,150902,I-2,,ACTIVADO
MINSA,NIEVERIA DEL PARAISO,CENTROS DE SALUD O CENTROS MEDICOS,LIMA,LIMA,LURIGANCHO,150118,I-3,,ACTIVADO
MINSA,JOSE GALVEZ,CENTROS DE SALUD CON CAMAS DE INTERNAMIENTO,LIMA,LIMA,VILLA MARIA DEL TRIUNFO,150143,I-4,,ACTIVADO
MINSA,SAN ANTONIO,CENTROS DE SALUD O CENTROS MEDICOS,LIMA,LIMA,ATE,150103,I-3,,ACTIVADO
GOBIERNO REGIONAL,POQUE,PUESTOS DE SALUD O POSTAS DE SALUD,HUANUCO,HUAMALIES,PUÑOS,100509,I-2,,ACTIVADO
GOBIERNO REGIONAL,OTEC,PUESTOS DE SALUD O POSTAS DE SALUD,LIMA,HUARAL,IHUARI,150606,I-1,,ACTIVADO
MINSA,TUPAC AMARU,PUESTOS DE SALUD O POSTAS DE SALUD,LIMA,LIMA,ATE,150103,I-2,,ACTIVADO
MINSA,MARTHA MILAGROS BAJA,PUESTOS DE SALUD O POSTAS DE SALUD,LIMA,LIMA,LURIN,150119,I-2,,ACTIVADO
MINSA,EL ÊXITO,CENTROS DE SALUD O CENTROS MEDICOS,LIMA,LIMA,ATE,150103,I-3,,ACTIVADO
GOBIERNO REGIONAL,PACAYPAMPA,PUESTOS DE SALUD O POSTAS DE SALUD,SAN MARTIN,EL DORADO,SAN MARTIN,220303,I-1,,ACTIVADO
GOBIERNO REGIONAL,PUESTO DE SALUD PAUCAS,PUESTOS DE SALUD O POSTAS DE SALUD,ANCASH,HUARI,PAUCAS,21010,I-2,3.0,ACTIVADO
GOBIERNO REGIONAL,SANTA INES,PUESTOS DE SALUD O POSTAS DE SALUD,SAN MARTIN,MARISCAL CACERES,PACHIZA,220604,I-1,,ACTIVADO
MINSA,JULIO C TELLO,CENTROS DE SALUD O CENTROS MEDICOS,LIMA,LIMA,LURIN,150119,I-3,,ACTIVADO
GOBIERNO REGIONAL,HUACHINGA,PUESTOS DE SALUD O POSTAS DE SALUD,LIMA,HUARAL,IHUARI,150606,I-1,,ACTIVADO
MINSA,AMAUTA,PUESTOS DE SALUD O POSTAS DE SALUD,LIMA,LIMA,ATE,150103,I-2,,ACTIVADO
GOBIERNO REGIONAL,PACAYPITE,PUESTOS DE SALUD O POSTAS DE SALUD,SAN MARTIN,MOYOBAMBA,JEPELACIO,220104,I-1,,ACTIVADO
GOBIERNO REGIONAL,SHUCSHUYACU,PUESTOS DE SALUD O POSTAS DE SALUD,SAN MARTIN,MOYOBAMBA,JEPELACIO,220104,I-2,,ACTIVADO
GOBIERNO REGIONAL,ISHANCA,PUESTOS DE SALUD O POSTAS DE SALUD,HUANUCO,HUAMALIES,LLATA,100501,I-2,,ACTIVADO
GOBIERNO REGIONAL,DOMINGO COCHA - RIMACHI,PUESTOS DE SALUD O POSTAS DE SALUD,LORETO,DATEM DEL MARAÑON,PASTAZA,160705,I-1,,ACTIVADO
MINSA,MANYLSA,CENTROS DE SALUD O CENTROS MEDICOS,LIMA,LIMA,ATE,150103,I-3,,ACTIVADO
GOBIERNO REGIONAL,SAN LORENZO DE ISCO,PUESTOS DE SALUD O POSTAS DE SALUD,HUANUCO,DOS DE MAYO,PACHAS,100313,I-1,,ACTIVADO
GOBIERNO REGIONAL,CORDILLERA ANDINA,PUESTOS DE SALUD O POSTAS DE SALUD,SAN MARTIN,MOYOBAMBA,MOYOBAMBA,220101,I-1,,ACTIVADO
MINSA,SANTA CLARA,CENTROS DE SALUD O CENTROS MEDICOS,LIMA,LIMA,ATE,150103,I-3,,ACTIVADO
MINSA,VILLA LETICIA DE CAJAMARQUILLA,CENTROS DE SALUD O CENTROS MEDICOS,LIMA,LIMA,LURIGANCHO,150118,I-3,,ACTIVADO
MINSA,CENTRO DE SALUD PORTADA DE MANCHAY,CENTROS DE SALUD O CENTROS MEDICOS,LIMA,LIMA,PACHACAMAC,150123,I-3,,ACTIVADO
GOBIERNO REGIONAL,PUÑOS,CENTROS DE SALUD O CENTROS MEDICOS,HUANUCO,HUAMALIES,PUÑOS,100509,I-3,,ACTIVADO
GOBIERNO REGIONAL,SANTA ANA PIRUSHTO,PUESTOS DE SALUD O POSTAS DE SALUD,HUANUCO,HUACAYBAMBA,COCHABAMBA,100403,I-1,,ACTIVADO
MINSA,PARQUES DE MANCHAY,PUESTOS DE SALUD O POSTAS DE SALUD,LIMA,LIMA,PACHACAMAC,150123,I-2,,ACTIVADO
MINSA,PUESTO DE SALUD QUEBRADA VERDE,PUESTOS DE SALUD O POSTAS DE SALUD,LIMA,LIMA,PACHACAMAC,150123,I-2,,ACTIVADO
GOBIERNO REGIONAL,CHURIN,CENTROS DE SALUD O CENTROS MEDICOS,LIMA,OYON,PACHANGARA,150906,I-3,,ACTIVADO
GOBIERNO REGIONAL,SANPEDRO DE CHOLON,PUESTOS DE SALUD O POSTAS DE SALUD,HUANUCO,MARAÑON,CHOLON,100702,I-2,,ACTIVADO
MINSA,VIRGEN DEL ROSARIO CARAPONGO,PUESTOS DE SALUD O POSTAS DE SALUD,LIMA,LIMA,LURIGANCHO,150118,I-2,,ACTIVADO
MINSA,VILLA LIBERTAD,PUESTOS DE SALUD O POSTAS DE SALUD,LIMA,LIMA,PACHACAMAC,150123,I-2,,ACTIVADO
MINSA,BUENA VISTA,PUESTOS DE SALUD O POSTAS DE SALUD,LIMA,LIMA,LURIN,150119,I-2,,ACTIVADO
MINSA,GUAYABO,PUESTOS DE SALUD O POSTAS DE SALUD,LIMA,LIMA,PACHACAMAC,150123,I-2,,ACTIVADO
GOBIERNO REGIONAL,LA FLOR DE LA PRIMAVERA,PUESTOS DE SALUD O POSTAS DE SALUD,SAN MARTIN,MOYOBAMBA,MOYOBAMBA,220101,I-1,,ACTIVADO
GOBIERNO REGIONAL,MALLAY,PUESTOS DE SALUD O POSTAS DE SALUD,LIMA,OYON,OYON,150901,I-1,,ACTIVADO
MINSA,PAMPA GRANDE,PUESTOS DE SALUD O POSTAS DE SALUD,LIMA,LIMA,PACHACAMAC,150123,I-2,,ACTIVADO
MINSA,HUERTOS DE MANCHAY,PUESTOS DE SALUD O POSTAS DE SALUD,LIMA,LIMA,PACHACAMAC,150123,I-2,,ACTIVADO
MINSA,COLLANAC,PUESTOS DE SALUD O POSTAS DE SALUD,LIMA,LIMA,PACHACAMAC,150123,I-2,,ACTIVADO
MINSA,LURIN,CENTROS DE SALUD CON CAMAS DE INTERNAMIENTO,LIMA,LIMA,LURIN,150119,I-4,,ACTIVADO
GOBIERNO REGIONAL,7 DE JUNIO-AHUIHUA,PUESTOS DE SALUD O POSTAS DE SALUD,SAN MARTIN,HUALLAGA,SAPOSOA,220401,I-1,,ACTIVADO
GOBIERNO REGIONAL,EL DORADO,CENTROS DE SALUD O CENTROS MEDICOS,SAN MARTIN,HUALLAGA,SAPOSOA,220401,I-3,,ACTIVADO
MINSA,PICAPIEDRA,PUESTOS DE SALUD O POSTAS DE SALUD,LIMA,LIMA,PACHACAMAC,150123,I-2,,ACTIVADO
MINSA,CENTRO DE SALUD CLAS JUAN PABLO II,CENTROS DE SALUD O CENTROS MEDICOS,LIMA,LIMA,PACHACAMAC,150123,I-3,,ACTIVADO
GOBIERNO REGIONAL,CASHNAHUASI,PUESTOS DE SALUD O POSTAS DE SALUD,SAN MARTIN,EL DORADO,SAN MARTIN,220303,I-1,,ACTIVADO
GOBIERNO REGIONAL,LIBERTAD,PUESTOS DE SALUD O POSTAS DE SALUD,HUANUCO,HUAMALIES,LLATA,100501,I-2,,ACTIVADO
MINSA,CENTRO DE SALUD PACHACAMAC,CENTROS DE SALUD O CENTROS MEDICOS,LIMA,LIMA,PACHACAMAC,150123,I-3,,ACTIVADO
MINSA,CENTRO DE SALUD NUEVO LURIN - KM. 40,CENTROS DE SALUD O CENTROS MEDICOS,LIMA,LIMA,LURIN,150119,I-3,,ACTIVADO
GOBIERNO REGIONAL,EL PORVENIR,PUESTOS DE SALUD O POSTAS DE SALUD,HUANUCO,HUAMALIES,LLATA,100501,I-2,,ACTIVADO
MINSA,MANCHAY ALTO,PUESTOS DE SALUD O POSTAS DE SALUD,LIMA,LIMA,PACHACAMAC,150123,I-2,,ACTIVADO
MINSA,ALFA Y OMEGA,PUESTOS DE SALUD O POSTAS DE SALUD,LIMA,LIMA,ATE,150103,I-2,,ACTIVADO
GOBIERNO REGIONAL,BAGAZAN,PUESTOS DE SALUD O POSTAS DE SALUD,SAN MARTIN,MARISCAL CACERES,PACHIZA,220604,I-1,,ACTIVADO
GOBIERNO REGIONAL,PUÑUN,PUESTOS DE SALUD O POSTAS DE SALUD,LIMA,HUAURA,CHECRAS,150804,I-1,,ACTIVADO
MINSA,CARDAL,PUESTOS DE SALUD O POSTAS DE SALUD,LIMA,LIMA,PACHACAMAC,150123,I-2,,ACTIVADO
GOBIERNO REGIONAL,JERILLO,CENTROS DE SALUD O CENTROS MEDICOS,SAN MARTIN,MOYOBAMBA,JEPELACIO,220104,I-3,,ACTIVADO
GOBIERNO REGIONAL,YANGAS,CENTROS DE SALUD O CENTROS MEDICOS,LIMA,CANTA,SANTA ROSA DE QUIVES,150407,I-3,,ACTIVADO
MINSA,TAMBO INGA,PUESTOS DE SALUD O POSTAS DE SALUD,LIMA,LIMA,PACHACAMAC,150123,I-1,,ACTIVADO
GOBIERNO REGIONAL,VISTA ALEGRE,PUESTOS DE SALUD O POSTAS DE SALUD,HUANUCO,DOS DE MAYO,RIPAN,100317,I-1,,ACTIVADO
GOBIERNO REGIONAL,PUESTO DE SALUD VISCAS,PUESTOS DE SALUD O POSTAS DE SALUD,ANCASH,HUARI,PAUCAS,21010,I-2,1.0,ACTIVADO
GOBIERNO REGIONAL,LAMPIAN,PUESTOS DE SALUD O POSTAS DE SALUD,LIMA,HUARAL,LAMPIAN,150607,I-1,,ACTIVADO
MINSA,HORACIO ZEVALLOS,PUESTOS DE SALUD O POSTAS DE SALUD,LIMA,LIMA,ATE,150103,I-2,,ACTIVADO
GOBIERNO REGIONAL,LA LIBERTAD BAJO MAYO,PUESTOS DE SALUD O POSTAS DE SALUD,SAN MARTIN,LAMAS,PINTO RECODO,220506,I-1,,ACTIVADO
GOBIERNO REGIONAL,COCHABAMBA,PUESTOS DE SALUD O POSTAS DE SALUD,HUANUCO,HUACAYBAMBA,COCHABAMBA,100403,I-1,,ACTIVADO
MINSA,VIRGEN DEL CARMEN - LA ERA,CENTROS DE SALUD O CENTROS MEDICOS,LIMA,LIMA,LURIGANCHO,150118,I-3,,ACTIVADO
GOBIERNO REGIONAL,NAVA,PUESTOS DE SALUD O POSTAS DE SALUD,LIMA,OYON,OYON,150901,I-1,,ACTIVADO
GOBIERNO REGIONAL,RACUAY,PUESTOS DE SALUD O POSTAS DE SALUD,HUANUCO,DOS DE MAYO,RIPAN,100317,I-2,,ACTIVADO
GOBIERNO REGIONAL,SAN RAMON DE SINAR,PUESTOS DE SALUD O POSTAS DE SALUD,LORETO,DATEM DEL MARAÑON,CAHUAPANAS,160702,I-1,,ACTIVADO
GOBIERNO REGIONAL,RAMIREZ,PUESTOS DE SALUD O POSTAS DE SALUD,SAN MARTIN,MOYOBAMBA,JEPELACIO,220104,I-1,,ACTIVADO
GOBIERNO REGIONAL,NUEVA VIDA,PUESTOS DE SALUD O POSTAS DE SALUD,SAN MARTIN,HUALLAGA,ALTO SAPOSOA,220402,I-1,,ACTIVADO
GOBIERNO REGIONAL,NUEVO SACANCHE,PUESTOS DE SALUD O POSTAS DE SALUD,SAN MARTIN,HUALLAGA,PISCOYACU,220404,I-1,,ACTIVADO
ESSALUD,CENTRO DE ATENCION PRIMARIA III - HUAYCAN - RED ASISTENCIAL ALMENARA,POLICLINICOS,LIMA,LIMA,ATE,150103,I-3,0.0,ACTIVADO
GOBIERNO REGIONAL,GOLLUMYA,PUESTOS DE SALUD O POSTAS DE SALUD,HUANUCO,DOS DE MAYO,PACHAS,100313,I-1,,ACTIVADO
MINSA,PUNTA HERMOSA,PUESTOS DE SALUD O POSTAS DE SALUD,LIMA,LIMA,PUNTA HERMOSA,150126,I-2,,ACTIVADO
MINSA,VILLA RICA,PUESTOS DE SALUD O POSTAS DE SALUD,LIMA,LIMA,CHACLACAYO,150107,I-2,,ACTIVADO
GOBIERNO REGIONAL,BETANIA,PUESTOS DE SALUD O POSTAS DE SALUD,SAN MARTIN,LAMAS,PINTO RECODO,220506,I-1,,ACTIVADO
GOBIERNO REGIONAL,HUAYOPAMPA,CENTROS DE SALUD O CENTROS MEDICOS,LIMA,HUARAL,ATAVILLOS BAJO,150603,I-3,,ACTIVADO
GOBIERNO REGIONAL,COCHAPATA,PUESTOS DE SALUD O POSTAS DE SALUD,HUANUCO,DOS DE MAYO,SHUNQUI,100321,I-1,,ACTIVADO
GOBIERNO REGIONAL,TINTA,PUESTOS DE SALUD O POSTAS DE SALUD,LIMA,OYON,OYON,150901,I-1,,ACTIVADO
GOBIERNO REGIONAL,TIGRE PLAYA,PUESTOS DE SALUD O POSTAS DE SALUD,LORETO,DATEM DEL MARAÑON,BARRANCA,160701,I-1,,ACTIVADO
MINSA,SEÑOR DE LOS MILAGROS,CENTROS DE SALUD O CENTROS MEDICOS,LIMA,LIMA,ATE,150103,I-3,,ACTIVADO
MINSA,HOSPITAL DE BAJA COMPLEJIDAD HUAYCAN,HOSPITALES O CLINICAS DE ATENCION GENERAL,LIMA,LIMA,ATE,150103,II-1,51.0,ACTIVADO
GOBIERNO REGIONAL,ACOS,CENTROS DE SALUD O CENTROS MEDICOS,LIMA,HUARAL,SAN MIGUEL DE ACOS,150609,I-3,,ACTIVADO
MINSA,PROGRESO,CENTROS DE SALUD O CENTROS MEDICOS,LIMA,LIMA,CHACLACAYO,150107,I-3,,ACTIVADO
GOBIERNO REGIONAL,LA HUARPIA,CENTROS DE SALUD O CENTROS MEDICOS,SAN MARTIN,MOYOBAMBA,JEPELACIO,220104,I-3,,ACTIVADO
GOBIERNO REGIONAL,MIRAFLORES,PUESTOS DE SALUD O POSTAS DE SALUD,HUANUCO,HUAMALIES,MIRAFLORES,100506,I-2,,ACTIVADO
MINSA,FRATERNIDAD NIÑO JESUS ZONA X,PUESTOS DE SALUD O POSTAS DE SALUD,LIMA,LIMA,ATE,150103,I-2,,ACTIVADO
GOBIERNO REGIONAL,SUMBILCA,PUESTOS DE SALUD O POSTAS DE SALUD,LIMA,HUARAL,SUMBILCA,150611,I-1,,ACTIVADO
MINSA,TAMBO VIEJO,CENTROS DE SALUD CON CAMAS DE INTERNAMIENTO,LIMA,LIMA,CIENEGUILLA,150109,I-4,,ACTIVADO
GOBIERNO REGIONAL,PUNCHAO,PUESTOS DE SALUD O POSTAS DE SALUD,HUANUCO,HUAMALIES,PUNCHAO,100508,I-2,,ACTIVADO
GOBIERNO REGIONAL,COLLPA,PUESTOS DE SALUD O POSTAS DE SALUD,SAN MARTIN,HUALLAGA,EL ESLABON,220403,I-1,,ACTIVADO
GOBIERNO REGIONAL,SINGA,CENTROS DE SALUD O CENTROS MEDICOS,HUANUCO,HUAMALIES,SINGA,100510,I-3,,ACTIVADO
GOBIERNO REGIONAL,CANCHAPILCA,PUESTOS DE SALUD O POSTAS DE SALUD,LIMA,HUARAL,LAMPIAN,150607,I-1,,ACTIVADO
GOBIERNO REGIONAL,GOSEN,PUESTOS DE SALUD O POSTAS DE SALUD,SAN MARTIN,LAMAS,PINTO RECODO,220506,I-1,,ACTIVADO
GOBIERNO REGIONAL,COCHABAMBA,PUESTOS DE SALUD O POSTAS DE SALUD,HUANUCO,DOS DE MAYO,RIPAN,100317,I-1,,ACTIVADO
GOBIERNO REGIONAL,PASARRAYA,PUESTOS DE SALUD O POSTAS DE SALUD,SAN MARTIN,HUALLAGA,ALTO SAPOSOA,220402,I-2,,ACTIVADO
GOBIERNO REGIONAL,PACHANGARA,PUESTOS DE SALUD O POSTAS DE SALUD,LIMA,OYON,PACHANGARA,150906,I-1,,ACTIVADO
GOBIERNO REGIONAL,VENCEDOR,PUESTOS DE SALUD O POSTAS DE SALUD,SAN MARTIN,LAMAS,PINTO RECODO,220506,I-1,,ACTIVADO
MINSA,HUAYCAN DE CIENEGUILLA,PUESTOS DE SALUD O POSTAS DE SALUD,LIMA,LIMA,CIENEGUILLA,150109,I-2,,ACTIVADO
GOBIERNO REGIONAL,PISCOCOTO,PUESTOS DE SALUD O POSTAS DE SALUD,LIMA,HUARAL,SUMBILCA,150611,I-1,,ACTIVADO
MINSA,MIGUEL GRAU,CENTROS DE SALUD CON CAMAS DE INTERNAMIENTO,LIMA,LIMA,CHACLACAYO,150107,I-4,10.0,ACTIVADO
GOBIERNO REGIONAL,BELLAS FLORES,PUESTOS DE SALUD O POSTAS DE SALUD,HUANUCO,HUAMALIES,SINGA,100510,I-1,,ACTIVADO
MINSA,COLCA,PUESTOS DE SALUD O POSTAS DE SALUD,LIMA,LIMA,CIENEGUILLA,150109,I-2,,ACTIVADO
GOBIERNO REGIONAL,SAN JUAN DEL CAÑO,PUESTOS DE SALUD O POSTAS DE SALUD,SAN MARTIN,MARISCAL CACERES,PACHIZA,220604,I-1,,ACTIVADO
GOBIERNO REGIONAL,SAN JUAN DE VISCAS,PUESTOS DE SALUD O POSTAS DE SALUD,HUANUCO,HUAMALIES,SINGA,100510,I-1,,ACTIVADO
MINSA,LA FRATERNIDAD,PUESTOS DE SALUD O POSTAS DE SALUD,LIMA,LIMA,ATE,150103,I-2,,ACTIVADO
GOBIERNO REGIONAL,PALLAC,PUESTOS DE SALUD O POSTAS DE SALUD,LIMA,HUARAL,ATAVILLOS BAJO,150603,I-1,,ACTIVADO
GOBIERNO REGIONAL,MIRAFLORES,PUESTOS DE SALUD O POSTAS DE SALUD,SAN MARTIN,LAMAS,PINTO RECODO,220506,I-1,,ACTIVADO
GOBIERNO REGIONAL,SAN REGIS,PUESTOS DE SALUD O POSTAS DE SALUD,SAN MARTIN,HUALLAGA,SAPOSOA,220401,I-1,,ACTIVADO
GOBIERNO REGIONAL,SINAMI,PUESTOS DE SALUD O POSTAS DE SALUD,SAN MARTIN,EL DORADO,SAN MARTIN,220303,I-1,,ACTIVADO
GOBIERNO REGIONAL,LA UNION,CENTROS DE SALUD CON CAMAS DE INTERNAMIENTO,HUANUCO,DOS DE MAYO,LA UNION,100301,I-4,,ACTIVADO
GOBIERNO REGIONAL,YACUSISA,PUESTOS DE SALUD O POSTAS DE SALUD,SAN MARTIN,HUALLAGA,ALTO SAPOSOA,220402,I-1,,ACTIVADO
GOBIERNO REGIONAL,PUESTO DE SALUD YANAS,PUESTOS DE SALUD O POSTAS DE SALUD,ANCASH,HUARI,HUACCHIS,21006,I-1,2.0,ACTIVADO
GOBIERNO REGIONAL,CHAMBIRA,PUESTOS DE SALUD O POSTAS DE SALUD,SAN MARTIN,HUALLAGA,SAPOSOA,220401,I-1,,ACTIVADO
GOBIERNO REGIONAL,LA PERLA,PUESTOS DE SALUD O POSTAS DE SALUD,LIMA,HUARAL,ATAVILLOS BAJO,150603,I-2,,ACTIVADO
GOBIERNO REGIONAL,PAMPAS DEL CARMEN,PUESTOS DE SALUD O POSTAS DE SALUD,HUANUCO,HUAMALIES,LLATA,100501,I-2,,ACTIVADO
GOBIERNO REGIONAL,LA FLORIDA,PUESTOS DE SALUD O POSTAS DE SALUD,LIMA,HUARAL,ATAVILLOS BAJO,150603,I-1,,ACTIVADO
MINSA,CENTRO DE SALUD PUCUSANA,CENTROS DE SALUD O CENTROS MEDICOS,LIMA,LIMA,PUCUSANA,150124,I-3,,ACTIVADO
MINSA,CENTRO DE SALUD PUNTA NEGRA,CENTROS DE SALUD O CENTROS MEDICOS,LIMA,LIMA,PUNTA NEGRA,150127,I-3,,ACTIVADO
GOBIERNO REGIONAL,ALTO EL SOL,PUESTOS DE SALUD O POSTAS DE SALUD,SAN MARTIN,MARISCAL CACERES,PACHIZA,220604,I-1,,ACTIVADO
GOBIERNO REGIONAL,SAN MIGUEL,PUESTOS DE SALUD O POSTAS DE SALUD,LORETO,DATEM DEL MARAÑON,CAHUAPANAS,160702,I-1,,ACTIVADO
GOBIERNO REGIONAL,MARCO,PUESTOS DE SALUD O POSTAS DE SALUD,LIMA,CANTA,HUAMANTANGA,150403,I-1,,ACTIVADO
GOBIERNO REGIONAL,SANTA ROSA DE PAMPAN,PUESTOS DE SALUD O POSTAS DE SALUD,HUANUCO,HUAMALIES,SINGA,100510,I-1,,ACTIVADO
GOBIERNO REGIONAL,SAN RAMON,PUESTOS DE SALUD O POSTAS DE SALUD,SAN MARTIN,MARISCAL CACERES,PACHIZA,220604,I-1,,ACTIVADO
MINSA,MORON,CENTROS DE SALUD O CENTROS MEDICOS,LIMA,LIMA,CHACLACAYO,150107,I-3,,ACTIVADO
GOBIERNO REGIONAL,PUESTO DE SALUD HUACCHIS,PUESTOS DE SALUD O POSTAS DE SALUD,ANCASH,HUARI,HUACCHIS,21006,I-1,1.0,ACTIVADO
GOBIERNO REGIONAL,SION,PUESTOS DE SALUD O POSTAS DE SALUD,SAN MARTIN,MARISCAL CACERES,CAMPANILLA,220602,I-1,,ACTIVADO
GOBIERNO REGIONAL,PALMICHE,PUESTOS DE SALUD O POSTAS DE SALUD,LORETO,DATEM DEL MARAÑON,CAHUAPANAS,160702,I-1,,ACTIVADO
GOBIERNO REGIONAL,SHUNQUI,PUESTOS DE SALUD O POSTAS DE SALUD,HUANUCO,DOS DE MAYO,SHUNQUI,100321,I-2,,ACTIVADO
GOBIERNO REGIONAL,QUIPAN,PUESTOS DE SALUD O POSTAS DE SALUD,LIMA,CANTA,HUAMANTANGA,150403,I-1,,ACTIVADO
GOBIERNO REGIONAL,CHIUCHIN,PUESTOS DE SALUD O POSTAS DE SALUD,LIMA,HUAURA,SANTA LEONOR,150809,I-2,,ACTIVADO
GOBIERNO REGIONAL,HUANDARO,PUESTOS DE SALUD O POSTAS DE SALUD,LIMA,HUARAL,SUMBILCA,150611,I-1,,ACTIVADO
GOBIERNO REGIONAL,CARAC,PUESTOS DE SALUD O POSTAS DE SALUD,LIMA,HUARAL,VEINTISIETE DE NOVIEMBRE,150612,I-1,,ACTIVADO
MINSA,CENTRO DE SALUD SAN BARTOLO,CENTROS DE SALUD O CENTROS MEDICOS,LIMA,LIMA,SAN BARTOLO,150129,I-3,,ACTIVADO
GOBIERNO REGIONAL,ANDAS,PUESTOS DE SALUD O POSTAS DE SALUD,HUANUCO,HUAMALIES,JACAS GRANDE,100504,I-2,,ACTIVADO
GOBIERNO REGIONAL,HUICUNGO,CENTROS DE SALUD O CENTROS MEDICOS,SAN MARTIN,MARISCAL CACERES,HUICUNGO,220603,I-3,,ACTIVADO
GOBIERNO REGIONAL,PACAYZAPA,CENTROS DE SALUD O CENTROS MEDICOS,SAN MARTIN,LAMAS,ALONSO DE ALVARADO,220502,I-3,,ACTIVADO
GOBIERNO REGIONAL,COTO,PUESTOS DE SALUD O POSTAS DE SALUD,LIMA,HUARAL,VEINTISIETE DE NOVIEMBRE,150612,I-1,,ACTIVADO
GOBIERNO REGIONAL,SILLAPATA,PUESTOS DE SALUD O POSTAS DE SALUD,HUANUCO,DOS DE MAYO,SILLAPATA,100322,I-2,,ACTIVADO
MINSA,PUESTO DE SALUD VILLA MERCEDES,PUESTOS DE SALUD O POSTAS DE SALUD,LIMA,LIMA,SANTA MARIA DEL MAR,150138,I-2,,ACTIVADO
GOBIERNO REGIONAL,ROQUE,CENTROS DE SALUD O CENTROS MEDICOS,SAN MARTIN,LAMAS,ALONSO DE ALVARADO,220502,I-3,,ACTIVADO
GOBIERNO REGIONAL,OYON,CENTROS DE SALUD O CENTROS MEDICOS,LIMA,OYON,OYON,150901,I-3,,ACTIVADO
GOBIERNO REGIONAL,QUIPRAN,PUESTOS DE SALUD O POSTAS DE SALUD,HUANUCO,HUAMALIES,CHAVIN DE PARIARCA,100503,I-1,,ACTIVADO
GOBIERNO REGIONAL,PACHIZA,PUESTOS DE SALUD O POSTAS DE SALUD,SAN MARTIN,MARISCAL CACERES,PACHIZA,220604,I-1,,ACTIVADO
ESSALUD,POSTA MEDICA SAPOSOA,PUESTOS DE SALUD O POSTAS DE SALUD,SAN MARTIN,HUALLAGA,SAPOSOA,220401,I-4,,ACTIVADO
GOBIERNO REGIONAL,PACHAS,CENTROS DE SALUD O CENTROS MEDICOS,HUANUCO,DOS DE MAYO,PACHAS,100313,I-3,,ACTIVADO
GOBIERNO REGIONAL,PISCOYACU,PUESTOS DE SALUD O POSTAS DE SALUD,SAN MARTIN,HUALLAGA,PISCOYACU,220404,I-1,,ACTIVADO
GOBIERNO REGIONAL,RURAL SAPOSOA,CENTROS DE SALUD CON CAMAS DE INTERNAMIENTO,SAN MARTIN,HUALLAGA,SAPOSOA,220401,I-4,17.0,ACTIVADO
MINSA,ALTO HUAMPANI,PUESTOS DE SALUD O POSTAS DE SALUD,LIMA,LIMA,LURIGANCHO,150118,I-2,,ACTIVADO
GOBIERNO REGIONAL,TZEKUNZA,PUESTOS DE SALUD O POSTAS DE SALUD,LORETO,DATEM DEL MARAÑON,ANDOAS,160706,I-1,,ACTIVADO
GOBIERNO REGIONAL,PORVENIR DEL NORTE,PUESTOS DE SALUD O POSTAS DE SALUD,SAN MARTIN,LAMAS,ALONSO DE ALVARADO,220502,I-1,,ACTIVADO
GOBIERNO REGIONAL,PUESTO DE SALUD RAPAYAN,PUESTOS DE SALUD O POSTAS DE SALUD,ANCASH,HUARI,RAPAYAN,21013,I-1,0.0,ACTIVADO
GOBIERNO REGIONAL,P.S.NUEVA VIDA,PUESTOS DE SALUD O POSTAS DE SALUD,LORETO,ALTO AMAZONAS,BALSAPUERTO,160202,I-1,,ACTIVADO
GOBIERNO REGIONAL,SAN JUAN DE PACAYZAPA,PUESTOS DE SALUD O POSTAS DE SALUD,SAN MARTIN,LAMAS,ALONSO DE ALVARADO,220502,I-1,,ACTIVADO
GOBIERNO REGIONAL,HUASCOY,PUESTOS DE SALUD O POSTAS DE SALUD,LIMA,HUARAL,SAN MIGUEL DE ACOS,150609,I-1,,ACTIVADO
MINSA,CHACLACAYO - LOPEZ SILVA,CENTROS DE SALUD O CENTROS MEDICOS,LIMA,LIMA,CHACLACAYO,150107,I-3,,ACTIVADO
MINSA,PERLA DEL SOL,PUESTOS DE SALUD O POSTAS DE SALUD,LIMA,LIMA,CHACLACAYO,150107,I-2,,ACTIVADO
GOBIERNO REGIONAL,IRMA CHICO,PUESTOS DE SALUD O POSTAS DE SALUD,HUANUCO,DOS DE MAYO,PACHAS,100313,I-1,,ACTIVADO
GOBIERNO REGIONAL,ÑAUZA,PUESTOS DE SALUD O POSTAS DE SALUD,HUANUCO,AMBO,CONCHAMARCA,100204,I-2,,ACTIVADO
GOBIERNO REGIONAL,SAN JUAN DE PAMPAS,PUESTOS DE SALUD O POSTAS DE SALUD,HUANUCO,HUAMALIES,CHAVIN DE PARIARCA,100503,I-1,,ACTIVADO
GOBIERNO REGIONAL,ARANCAY,PUESTOS DE SALUD O POSTAS DE SALUD,HUANUCO,HUAMALIES,ARANCAY,100502,I-2,,ACTIVADO
GOBIERNO REGIONAL,BUENA VISTA,PUESTOS DE SALUD O POSTAS DE SALUD,SAN MARTIN,EL DORADO,SAN MARTIN,220303,I-1,,ACTIVADO
MINSA,CENTRO DE SALUD BENJAMIN DOIG,CENTROS DE SALUD O CENTROS MEDICOS,LIMA,LIMA,PUCUSANA,150124,I-3,,ACTIVADO
MINSA,CHACRASANA,PUESTOS DE SALUD O POSTAS DE SALUD,LIMA,LIMA,LURIGANCHO,150118,I-2,,ACTIVADO
GOBIERNO REGIONAL,HUAJA,PUESTOS DE SALUD O POSTAS DE SALUD,SAN MARTIN,EL DORADO,SAN JOSE DE SISA,220301,I-1,,ACTIVADO
MINSA,TRES DE OCTUBRE,PUESTOS DE SALUD O POSTAS DE SALUD,LIMA,LIMA,CHACLACAYO,150107,I-2,,ACTIVADO
GOBIERNO REGIONAL,HUAMANTANGA,PUESTOS DE SALUD O POSTAS DE SALUD,LIMA,CANTA,HUAMANTANGA,150403,I-1,,ACTIVADO
GOBIERNO REGIONAL,SAN ANDRES,PUESTOS DE SALUD O POSTAS DE SALUD,SAN MARTIN,HUALLAGA,SAPOSOA,220401,I-1,,ACTIVADO
GOBIERNO REGIONAL,OLOF PALME,PUESTOS DE SALUD O POSTAS DE SALUD,LIMA,CAÑETE,CHILCA,150505,I-2,,ACTIVADO
GOBIERNO REGIONAL,YANAS,PUESTOS DE SALUD O POSTAS DE SALUD,HUANUCO,DOS DE MAYO,YANAS,100323,I-2,,ACTIVADO
GOBIERNO REGIONAL,SAN JUAN DE MIRAFLORES,PUESTOS DE SALUD O POSTAS DE SALUD,SAN MARTIN,EL DORADO,SAN JOSE DE SISA,220301,I-1,,ACTIVADO
GOBIERNO REGIONAL,JUCUL,PUESTOS DE SALUD O POSTAS DE SALUD,LIMA,HUAURA,SANTA LEONOR,150809,I-1,,ACTIVADO
GOBIERNO REGIONAL,RAUMA,PUESTOS DE SALUD O POSTAS DE SALUD,LIMA,HUARAL,SUMBILCA,150611,I-1,,ACTIVADO
GOBIERNO REGIONAL,BELLAVISTA,PUESTOS DE SALUD O POSTAS DE SALUD,HUANUCO,DOS DE MAYO,PACHAS,100313,I-1,,ACTIVADO
GOBIERNO REGIONAL,NUEVAS FLORES,PUESTOS DE SALUD O POSTAS DE SALUD,HUANUCO,HUAMALIES,JACAS GRANDE,100504,I-1,,ACTIVADO
GOBIERNO REGIONAL,ALAN GARCIA,PUESTOS DE SALUD O POSTAS DE SALUD,SAN MARTIN,LAMAS,ALONSO DE ALVARADO,220502,I-1,,ACTIVADO
GOBIERNO REGIONAL,CHILCA,CENTROS DE SALUD O CENTROS MEDICOS,LIMA,CAÑETE,CHILCA,150505,I-3,,ACTIVADO
GOBIERNO REGIONAL,SAN MARTIN DE ALAO,CENTROS DE SALUD CON CAMAS DE INTERNAMIENTO,SAN MARTIN,EL DORADO,SAN MARTIN,220303,I-4,,ACTIVADO
GOBIERNO REGIONAL,15 DE ENERO,PUESTOS DE SALUD O POSTAS DE SALUD,LIMA,CAÑETE,CHILCA,150505,I-2,,ACTIVADO
GOBIERNO REGIONAL,CASCANGA,PUESTOS DE SALUD O POSTAS DE SALUD,HUANUCO,HUAMALIES,JACAS GRANDE,100504,I-2,,ACTIVADO
GOBIERNO REGIONAL,JACAS GRANDE,PUESTOS DE SALUD O POSTAS DE SALUD,HUANUCO,HUAMALIES,JACAS GRANDE,100504,I-2,,ACTIVADO
GOBIERNO REGIONAL,HOSPITAL JUANJUI,HOSPITALES O CLINICAS DE ATENCION ESPECIALIZADA,SAN MARTIN,MARISCAL CACERES,JUANJUI,220601,II-E,39.0,ACTIVADO
GOBIERNO REGIONAL,PALTAICO,PUESTOS DE SALUD O POSTAS DE SALUD,SAN MARTIN,HUALLAGA,SAPOSOA,220401,I-1,,ACTIVADO
GOBIERNO REGIONAL,HUAYABAMBA,PUESTOS DE SALUD O POSTAS DE SALUD,SAN MARTIN,MARISCAL CACERES,JUANJUI,220601,I-1,,ACTIVADO
GOBIERNO REGIONAL,PICHGAS,PUESTOS DE SALUD O POSTAS DE SALUD,HUANUCO,DOS DE MAYO,PACHAS,100313,I-1,,ACTIVADO
MINSA,SANTA MARIA DE HUACHIPA,CENTROS DE SALUD O CENTROS MEDICOS,LIMA,LIMA,LURIGANCHO,150118,I-3,,ACTIVADO
GOBIERNO REGIONAL,BAÑOS,CENTROS DE SALUD O CENTROS MEDICOS,HUANUCO,LAURICOCHA,BAÑOS,101002,I-3,,ACTIVADO
GOBIERNO REGIONAL,NAUTA,PUESTOS DE SALUD O POSTAS DE SALUD,SAN MARTIN,EL DORADO,SAN JOSE DE SISA,220301,I-1,,ACTIVADO
MINSA,YANACOTO,PUESTOS DE SALUD O POSTAS DE SALUD,LIMA,LIMA,LURIGANCHO,150118,I-2,,ACTIVADO
GOBIERNO REGIONAL,SANTA CRUZ,PUESTOS DE SALUD O POSTAS DE SALUD,SAN MARTIN,EL DORADO,SAN JOSE DE SISA,220301,I-1,,ACTIVADO
GOBIERNO REGIONAL,SHUNTE,PUESTOS DE SALUD O POSTAS DE SALUD,SAN MARTIN,TOCACHE,SHUNTE,221004,I-2,,ACTIVADO
GOBIERNO REGIONAL,SHEPTE,PUESTOS DE SALUD O POSTAS DE SALUD,SAN MARTIN,MARISCAL CACERES,HUICUNGO,220603,I-1,,ACTIVADO
ESSALUD,HOSPITAL I JUANJUI,HOSPITALES O CLINICAS DE ATENCION GENERAL,SAN MARTIN,MARISCAL CACERES,JUANJUI,220601,I-4,,ACTIVADO
GOBIERNO REGIONAL,HUANCAHUASI,PUESTOS DE SALUD O POSTAS DE SALUD,LIMA,OYON,PACHANGARA,150906,I-1,,ACTIVADO
GOBIERNO REGIONAL,LA VICTORIA,PUESTOS DE SALUD O POSTAS DE SALUD,SAN MARTIN,MARISCAL CACERES,JUANJUI,220601,I-1,,ACTIVADO
GOBIERNO REGIONAL,CAYENA,PUESTOS DE SALUD O POSTAS DE SALUD,SAN MARTIN,MARISCAL CACERES,JUANJUI,220601,I-1,,ACTIVADO
GOBIERNO REGIONAL,LAS SALINAS,PUESTOS DE SALUD O POSTAS DE SALUD,LIMA,CAÑETE,CHILCA,150505,I-1,,ACTIVADO
GOBIERNO REGIONAL,EL ESLABON,PUESTOS DE SALUD O POSTAS DE SALUD,SAN MARTIN,HUALLAGA,EL ESLABON,220403,I-2,,ACTIVADO
GOBIERNO REGIONAL,TANTAMAYO,PUESTOS DE SALUD O POSTAS DE SALUD,HUANUCO,HUAMALIES,TANTAMAYO,100511,I-2,,ACTIVADO
GOBIERNO REGIONAL,TINGO CHICO,PUESTOS DE SALUD O POSTAS DE SALUD,HUANUCO,DOS DE MAYO,CHUQUIS,100307,I-1,,ACTIVADO
GOBIERNO REGIONAL,PARQUIN,PUESTOS DE SALUD O POSTAS DE SALUD,LIMA,HUAURA,SANTA LEONOR,150809,I-1,,ACTIVADO
GOBIERNO REGIONAL,SHATOJA,PUESTOS DE SALUD O POSTAS DE SALUD,SAN MARTIN,EL DORADO,SHATOJA,220305,I-1,,ACTIVADO
GOBIERNO REGIONAL,JIRCAN,PUESTOS DE SALUD O POSTAS DE SALUD,HUANUCO,HUAMALIES,JIRCAN,100505,I-2,,ACTIVADO
GOBIERNO REGIONAL,INTIYACU,PUESTOS DE SALUD O POSTAS DE SALUD,SAN MARTIN,HUALLAGA,SAPOSOA,220401,I-1,,ACTIVADO
MINSA,SEÑOR DE LOS MILAGROS,PUESTOS DE SALUD O POSTAS DE SALUD,LIMA,LIMA,LURIGANCHO,150118,I-2,,ACTIVADO
GOBIERNO REGIONAL,SACANCHE,CENTROS DE SALUD O CENTROS MEDICOS,SAN MARTIN,HUALLAGA,SACANCHE,220405,I-3,,ACTIVADO
MINSA,SAN ANTONIO DE PEDREGAL,CENTROS DE SALUD O CENTROS MEDICOS,LIMA,LIMA,LURIGANCHO,150118,I-3,,ACTIVADO
GOBIERNO REGIONAL,PACASMAYO,PUESTOS DE SALUD O POSTAS DE SALUD,SAN MARTIN,EL DORADO,AGUA BLANCA,220302,I-1,,ACTIVADO
GOBIERNO REGIONAL,HUANCAN,PUESTOS DE SALUD O POSTAS DE SALUD,HUANUCO,DOS DE MAYO,CHUQUIS,100307,I-2,,ACTIVADO
MINSA,NICOLAS DE PIEROLA,CENTROS DE SALUD O CENTROS MEDICOS,LIMA,LIMA,LURIGANCHO,150118,I-3,,ACTIVADO
GOBIERNO REGIONAL,ACLAS MARIAS,CENTROS DE SALUD O CENTROS MEDICOS,HUANUCO,DOS DE MAYO,MARIAS,100311,I-3,,ACTIVADO
GOBIERNO REGIONAL,CHUQUIS,PUESTOS DE SALUD O POSTAS DE SALUD,HUANUCO,DOS DE MAYO,CHUQUIS,100307,I-2,,ACTIVADO
GOBIERNO REGIONAL,PAMPAMARCA,PUESTOS DE SALUD O POSTAS DE SALUD,HUANUCO,YAROWILCA,PAMPAMARCA,101107,I-2,,ACTIVADO
GOBIERNO REGIONAL,MIRAFLORES,PUESTOS DE SALUD O POSTAS DE SALUD,SAN MARTIN,MARISCAL CACERES,HUICUNGO,220603,I-1,,ACTIVADO
GOBIERNO REGIONAL,RAPAZ,PUESTOS DE SALUD O POSTAS DE SALUD,LIMA,OYON,OYON,150901,I-1,,ACTIVADO
GOBIERNO REGIONAL,PAMPA FLORIDA,PUESTOS DE SALUD O POSTAS DE SALUD,HUANUCO,HUAMALIES,TANTAMAYO,100511,I-1,,ACTIVADO
GOBIERNO REGIONAL,ARMAYARI,PUESTOS DE SALUD O POSTAS DE SALUD,SAN MARTIN,MARISCAL CACERES,PAJARILLO,220605,I-1,,ACTIVADO
GOBIERNO REGIONAL,HUAROQUIN,PUESTOS DE SALUD O POSTAS DE SALUD,LIMA,HUARAL,ATAVILLOS ALTO,150602,I-1,,ACTIVADO
GOBIERNO REGIONAL,VILLA PRADO,PUESTOS DE SALUD O POSTAS DE SALUD,SAN MARTIN,MARISCAL CACERES,JUANJUI,220601,I-1,,ACTIVADO
ESSALUD,POLICLINICO CHOSICA - ESSALUD,POLICLINICOS,LIMA,LIMA,LURIGANCHO,150118,I-3,3.0,ACTIVADO
GOBIERNO REGIONAL,SHUMANZA,PUESTOS DE SALUD O POSTAS DE SALUD,SAN MARTIN,MARISCAL CACERES,CAMPANILLA,220602,I-1,,ACTIVADO
GOBIERNO REGIONAL,LIBERTAD DE BALSAPUERTO,PUESTOS DE SALUD O POSTAS DE SALUD,LORETO,ALTO AMAZONAS,BALSAPUERTO,160202,I-1,,ACTIVADO
GOBIERNO REGIONAL,COLLO,PUESTOS DE SALUD O POSTAS DE SALUD,LIMA,CANTA,ARAHUAY,150402,I-1,,ACTIVADO
MINSA,CHOSICA,CENTROS DE SALUD O CENTROS MEDICOS,LIMA,LIMA,LURIGANCHO,150118,I-3,,ACTIVADO
GOBIERNO REGIONAL,ALMENDRAS,PUESTOS DE SALUD O POSTAS DE SALUD,SAN MARTIN,HUALLAGA,SAPOSOA,220401,I-1,,ACTIVADO
MINSA,CENTRO REFERENCIAL ESPECIALIZADO EN REHABILITACION Y TERAPIA FISICA DE CHOSICA,CENTROS DE SALUD O CENTROS MEDICOS,LIMA,LIMA,LURIGANCHO,150118,I-3,,ACTIVADO
MINSA,HOSPITAL DE MEDIANA COMPLEJIDAD JOSE AGURTO TELLO,HOSPITALES O CLINICAS DE ATENCION GENERAL,LIMA,LIMA,LURIGANCHO,150118,II-2,67.0,ACTIVADO
GOBIERNO REGIONAL,DOS UNIDOS,PUESTOS DE SALUD O POSTAS DE SALUD,SAN MARTIN,MARISCAL CACERES,PAJARILLO,220605,I-1,,ACTIVADO
GOBIERNO REGIONAL,AGUA BLANCA,PUESTOS DE SALUD O POSTAS DE SALUD,SAN MARTIN,EL DORADO,AGUA BLANCA,220302,I-2,0.0,ACTIVADO
GOBIERNO REGIONAL,BARRANCA,PUESTOS DE SALUD O POSTAS DE SALUD,LORETO,DATEM DEL MARAÑON,BARRANCA,160701,I-1,,ACTIVADO
GOBIERNO REGIONAL,HOSPITAL RURAL SAN JOSE DE SISA,CENTROS DE SALUD CON CAMAS DE INTERNAMIENTO,SAN MARTIN,EL DORADO,SAN JOSE DE SISA,220301,I-4,,ACTIVADO
GOBIERNO REGIONAL,CHISQUE,PUESTOS DE SALUD O POSTAS DE SALUD,LIMA,HUARAL,ATAVILLOS ALTO,150602,I-1,,ACTIVADO
GOBIERNO REGIONAL,PAJARILLO,PUESTOS DE SALUD O POSTAS DE SALUD,SAN MARTIN,MARISCAL CACERES,PAJARILLO,220605,I-1,,ACTIVADO
GOBIERNO REGIONAL,RONDOS,CENTROS DE SALUD O CENTROS MEDICOS,HUANUCO,LAURICOCHA,RONDOS,101005,I-3,,ACTIVADO
MINSA,PABLO PATRON,PUESTOS DE SALUD O POSTAS DE SALUD,LIMA,LIMA,LURIGANCHO,150118,I-2,,ACTIVADO
GOBIERNO REGIONAL,AMINIO,PUESTOS DE SALUD O POSTAS DE SALUD,SAN MARTIN,EL DORADO,SHATOJA,220305,I-1,,ACTIVADO
GOBIERNO REGIONAL,CARHUAPATA,PUESTOS DE SALUD O POSTAS DE SALUD,HUANUCO,HUAMALIES,JACAS GRANDE,100504,I-2,,ACTIVADO
MINSA,MARISCAL CASTILLA,PUESTOS DE SALUD O POSTAS DE SALUD,LIMA,LIMA,LURIGANCHO,150118,I-2,,ACTIVADO
GOBIERNO REGIONAL,MISHQUIYACU,PUESTOS DE SALUD O POSTAS DE SALUD,SAN MARTIN,PICOTA,PILLUANA,220704,I-1,,ACTIVADO
GOBIERNO REGIONAL,VILLA DE MANTA,PUESTOS DE SALUD O POSTAS DE SALUD,HUANUCO,YAROWILCA,OBAS,101106,I-1,,ACTIVADO
MINSA,MOYOPAMPA,CENTROS DE SALUD O CENTROS MEDICOS,LIMA,LIMA,LURIGANCHO,150118,I-3,,ACTIVADO
GOBIERNO REGIONAL,SANTA ROSA DE MISHOYO,PUESTOS DE SALUD O POSTAS DE SALUD,SAN MARTIN,TOCACHE,POLVORA,221003,I-1,,ACTIVADO
GOBIERNO REGIONAL,ANTACOLPA,PUESTOS DE SALUD O POSTAS DE SALUD,HUANUCO,LAURICOCHA,SAN MIGUEL DE CAURI,101007,I-2,,ACTIVADO
GOBIERNO REGIONAL,HUINGUILLO,PUESTOS DE SALUD O POSTAS DE SALUD,SAN MARTIN,MARISCAL CACERES,JUANJUI,220601,I-1,,ACTIVADO
GOBIERNO REGIONAL,HUARIN,PUESTOS DE SALUD O POSTAS DE SALUD,HUANUCO,LAURICOCHA,SAN FRANCISCO DE ASIS,101006,I-2,,ACTIVADO
GOBIERNO REGIONAL,HUALPAYUNCA,PUESTOS DE SALUD O POSTAS DE SALUD,HUANUCO,YAROWILCA,OBAS,101106,I-1,,ACTIVADO
GOBIERNO REGIONAL,PERLAMAYO,PUESTOS DE SALUD O POSTAS DE SALUD,SAN MARTIN,MARISCAL CACERES,CAMPANILLA,220602,I-1,,ACTIVADO
GOBIERNO REGIONAL,SAN JOSE,PUESTOS DE SALUD O POSTAS DE SALUD,LIMA,CANTA,SAN BUENAVENTURA,150406,I-1,,ACTIVADO
GOBIERNO REGIONAL,QUINILLA,PUESTOS DE SALUD O POSTAS DE SALUD,SAN MARTIN,MARISCAL CACERES,JUANJUI,220601,I-1,,ACTIVADO
GOBIERNO REGIONAL,PASAC,PUESTOS DE SALUD O POSTAS DE SALUD,LIMA,HUARAL,ATAVILLOS ALTO,150602,I-1,,ACTIVADO
GOBIERNO REGIONAL,INDEPENDENCIA,PUESTOS DE SALUD O POSTAS DE SALUD,PASCO,DANIEL ALCIDES CARRION,PAUCAR,190204,I-1,,ACTIVADO
GOBIERNO REGIONAL,BUENOS AIRES,CENTROS DE SALUD O CENTROS MEDICOS,LIMA,HUAROCHIRI,SANTA EULALIA,150728,I-3,,ACTIVADO
GOBIERNO REGIONAL,NUEVO SAN MARTIN,PUESTOS DE SALUD O POSTAS DE SALUD,SAN MARTIN,TOCACHE,POLVORA,221003,I-1,,ACTIVADO
GOBIERNO REGIONAL,FAUSA SAPINA,PUESTOS DE SALUD O POSTAS DE SALUD,SAN MARTIN,BELLAVISTA,SAN PABLO,220205,I-1,,ACTIVADO
GOBIERNO REGIONAL,NIEVE NIEVE,PUESTOS DE SALUD O POSTAS DE SALUD,LIMA,HUAROCHIRI,ANTIOQUIA,150702,I-1,,ACTIVADO
GOBIERNO REGIONAL,VISCAS,PUESTOS DE SALUD O POSTAS DE SALUD,LIMA,HUARAL,PACARAOS,150608,I-1,,ACTIVADO
GOBIERNO REGIONAL,BALZAYACU,PUESTOS DE SALUD O POSTAS DE SALUD,SAN MARTIN,MARISCAL CACERES,CAMPANILLA,220602,I-1,,ACTIVADO
GOBIERNO REGIONAL,ARAHUAY,PUESTOS DE SALUD O POSTAS DE SALUD,LIMA,CANTA,ARAHUAY,150402,I-1,,ACTIVADO
GOBIERNO REGIONAL,POLVORA,PUESTOS DE SALUD O POSTAS DE SALUD,SAN MARTIN,TOCACHE,POLVORA,221003,I-1,,ACTIVADO
GOBIERNO REGIONAL,VILCABAMBA,PUESTOS DE SALUD O POSTAS DE SALUD,HUANUCO,YAROWILCA,OBAS,101106,I-1,,ACTIVADO
GOBIERNO REGIONAL,OBAS,CENTROS DE SALUD O CENTROS MEDICOS,HUANUCO,YAROWILCA,OBAS,101106,I-3,,ACTIVADO
GOBIERNO REGIONAL,NUEVO JAEN,PUESTOS DE SALUD O POSTAS DE SALUD,SAN MARTIN,MARISCAL CACERES,CAMPANILLA,220602,I-1,,ACTIVADO
GOBIERNO REGIONAL,RICARDO PALMA,CENTROS DE SALUD CON CAMAS DE INTERNAMIENTO,LIMA,HUAROCHIRI,RICARDO PALMA,150714,I-4,,ACTIVADO
GOBIERNO REGIONAL,SANTA EULALIA,CENTROS DE SALUD O CENTROS MEDICOS,LIMA,HUAROCHIRI,SANTA EULALIA,150728,I-3,,ACTIVADO
GOBIERNO REGIONAL,HUINGOYACU,PUESTOS DE SALUD O POSTAS DE SALUD,SAN MARTIN,BELLAVISTA,SAN PABLO,220205,I-1,,ACTIVADO
GOBIERNO REGIONAL,UCRUMARCA,PUESTOS DE SALUD O POSTAS DE SALUD,HUANUCO,DOS DE MAYO,CHUQUIS,100307,I-1,,ACTIVADO
GOBIERNO REGIONAL,SAN BUENAVENTURA,PUESTOS DE SALUD O POSTAS DE SALUD,LIMA,CANTA,SAN BUENAVENTURA,150406,I-1,,ACTIVADO
GOBIERNO REGIONAL,SAN ANTONIO DE YANAYACU,PUESTOS DE SALUD O POSTAS DE SALUD,LORETO,ALTO AMAZONAS,BALSAPUERTO,160202,I-1,,ACTIVADO
GOBIERNO REGIONAL,RAHUA,PUESTOS DE SALUD O POSTAS DE SALUD,HUANUCO,YAROWILCA,APARICIO POMARES,101104,I-2,,ACTIVADO
GOBIERNO REGIONAL,SAN MIGUEL DE YANAYACU,PUESTOS DE SALUD O POSTAS DE SALUD,LORETO,ALTO AMAZONAS,BALSAPUERTO,160202,I-1,,ACTIVADO
GOBIERNO REGIONAL,SAN JUAN DE VISCAS,PUESTOS DE SALUD O POSTAS DE SALUD,LIMA,CANTA,LACHAQUI,150405,I-1,,ACTIVADO
GOBIERNO REGIONAL,MUSHACARUSHA,PUESTOS DE SALUD O POSTAS DE SALUD,LORETO,DATEM DEL MARAÑON,PASTAZA,160705,I-2,,ACTIVADO
GOBIERNO REGIONAL,RAVIRA,PUESTOS DE SALUD O POSTAS DE SALUD,LIMA,HUARAL,PACARAOS,150608,I-1,,ACTIVADO
GOBIERNO REGIONAL,RAHUA-HUANCACHACA,PUESTOS DE SALUD O POSTAS DE SALUD,HUANUCO,YAROWILCA,APARICIO POMARES,101104,I-1,,ACTIVADO
GOBIERNO REGIONAL,PIRCA,PUESTOS DE SALUD O POSTAS DE SALUD,LIMA,HUARAL,ATAVILLOS ALTO,150602,I-2,,ACTIVADO
GOBIERNO REGIONAL,SAN ANTONIO,CENTROS DE SALUD O CENTROS MEDICOS,LIMA,CAÑETE,SAN ANTONIO,150513,I-3,,ACTIVADO
GOBIERNO REGIONAL,NUEVO PROGRESO - HUITOYACU,PUESTOS DE SALUD O POSTAS DE SALUD,LORETO,DATEM DEL MARAÑON,PASTAZA,160705,I-1,,ACTIVADO
GOBIERNO REGIONAL,HUAYARINGA ALTA,PUESTOS DE SALUD O POSTAS DE SALUD,LIMA,HUAROCHIRI,SANTA EULALIA,150728,I-1,,ACTIVADO
GOBIERNO REGIONAL,COSTA RICA,PUESTOS DE SALUD O POSTAS DE SALUD,SAN MARTIN,MARISCAL CACERES,PAJARILLO,220605,I-1,,ACTIVADO
GOBIERNO REGIONAL,CAMPANILLA,CENTROS DE SALUD O CENTROS MEDICOS,SAN MARTIN,MARISCAL CACERES,CAMPANILLA,220602,I-3,,ACTIVADO
GOBIERNO REGIONAL,PACARAOS,CENTROS DE SALUD O CENTROS MEDICOS,LIMA,HUARAL,PACARAOS,150608,I-3,,ACTIVADO
GOBIERNO REGIONAL,SAN ANTONIO CHACLLA,PUESTOS DE SALUD O POSTAS DE SALUD,LIMA,HUAROCHIRI,SAN ANTONIO,150716,I-2,,ACTIVADO
GOBIERNO REGIONAL,LEDOY,PUESTOS DE SALUD O POSTAS DE SALUD,SAN MARTIN,BELLAVISTA,HUALLAGA,220204,I-1,,ACTIVADO
GOBIERNO REGIONAL,HUACHO,PUESTOS DE SALUD O POSTAS DE SALUD,SAN MARTIN,BELLAVISTA,BELLAVISTA,220201,I-1,,ACTIVADO
GOBIERNO REGIONAL,CHUPAN,CENTROS DE SALUD O CENTROS MEDICOS,HUANUCO,YAROWILCA,APARICIO POMARES,101104,I-3,,ACTIVADO
GOBIERNO REGIONAL,COLQUILLAS,PUESTOS DE SALUD O POSTAS DE SALUD,HUANUCO,YAROWILCA,OBAS,101106,I-1,,ACTIVADO
GOBIERNO REGIONAL,PUERTO PIZANA,CENTROS DE SALUD O CENTROS MEDICOS,SAN MARTIN,TOCACHE,POLVORA,221003,I-3,,ACTIVADO
GOBIERNO REGIONAL,CHAUCA,PUESTOS DE SALUD O POSTAS DE SALUD,LIMA,HUARAL,SANTA CRUZ DE ANDAMARCA,150610,I-1,,ACTIVADO
GOBIERNO REGIONAL,MAYNAS,PUESTOS DE SALUD O POSTAS DE SALUD,HUANUCO,DOS DE MAYO,MARIAS,100311,I-1,,ACTIVADO
GOBIERNO REGIONAL,CARHUA,PUESTOS DE SALUD O POSTAS DE SALUD,LIMA,CANTA,CANTA,150401,I-1,,ACTIVADO
GOBIERNO REGIONAL,CACHQUIS,PUESTOS DE SALUD O POSTAS DE SALUD,PASCO,DANIEL ALCIDES CARRION,YANAHUANCA,190201,I-1,,ACTIVADO
GOBIERNO REGIONAL,TINGO DE SAPOSOA,PUESTOS DE SALUD O POSTAS DE SALUD,SAN MARTIN,HUALLAGA,TINGO DE SAPOSOA,220406,I-1,,ACTIVADO
GOBIERNO REGIONAL,P.S. PUCALPILLO,PUESTOS DE SALUD O POSTAS DE SALUD,LORETO,ALTO AMAZONAS,BALSAPUERTO,160202,I-1,,ACTIVADO
GOBIERNO REGIONAL,SANTA CRUZ DE FLORES,PUESTOS DE SALUD O POSTAS DE SALUD,LIMA,CAÑETE,SANTA CRUZ DE FLORES,150515,I-2,,ACTIVADO
GOBIERNO REGIONAL,OCHO DE DICIEMBRE,PUESTOS DE SALUD O POSTAS DE SALUD,PASCO,DANIEL ALCIDES CARRION,PAUCAR,190204,I-1,,ACTIVADO
GOBIERNO REGIONAL,FAUSA LAMISTA,PUESTOS DE SALUD O POSTAS DE SALUD,SAN MARTIN,BELLAVISTA,SAN PABLO,220205,I-2,,ACTIVADO
GOBIERNO REGIONAL,CACHIPAMPA,PUESTOS DE SALUD O POSTAS DE SALUD,PASCO,DANIEL ALCIDES CARRION,YANAHUANCA,190201,I-1,,ACTIVADO
GOBIERNO REGIONAL,PUSHURUMBO,PUESTOS DE SALUD O POSTAS DE SALUD,SAN MARTIN,TOCACHE,TOCACHE,221001,I-1,,ACTIVADO
GOBIERNO REGIONAL,RAIN CONDOR,PUESTOS DE SALUD O POSTAS DE SALUD,HUANUCO,YAROWILCA,CHAVINILLO,101101,I-1,,ACTIVADO
GOBIERNO REGIONAL,VISTA ALEGRE DE BALSAPUERTO,PUESTOS DE SALUD O POSTAS DE SALUD,LORETO,ALTO AMAZONAS,BALSAPUERTO,160202,I-1,,ACTIVADO
GOBIERNO REGIONAL,SANTA CATALINA,PUESTOS DE SALUD O POSTAS DE SALUD,LIMA,HUARAL,SANTA CRUZ DE ANDAMARCA,150610,I-1,,ACTIVADO
GOBIERNO REGIONAL,SANTA CRUZ DE ANDAMARCA,CENTROS DE SALUD O CENTROS MEDICOS,LIMA,HUARAL,SANTA CRUZ DE ANDAMARCA,150610,I-2,,ACTIVADO
GOBIERNO REGIONAL,TABALOSOS,CENTROS DE SALUD CON CAMAS DE INTERNAMIENTO,SAN MARTIN,LAMAS,TABALOSOS,220510,I-4,4.0,ACTIVADO
GOBIERNO REGIONAL,BUENOS AIRES,PUESTOS DE SALUD O POSTAS DE SALUD,SAN MARTIN,BELLAVISTA,BELLAVISTA,220201,I-1,,ACTIVADO
GOBIERNO REGIONAL,CAHUAC,PUESTOS DE SALUD O POSTAS DE SALUD,HUANUCO,YAROWILCA,CAHUAC,101102,I-2,,ACTIVADO
GOBIERNO REGIONAL,LAS  MERCEDES,PUESTOS DE SALUD O POSTAS DE SALUD,SAN MARTIN,BELLAVISTA,BELLAVISTA,220201,I-2,,ACTIVADO
GOBIERNO REGIONAL,MALA,CENTROS DE SALUD O CENTROS MEDICOS,LIMA,CAÑETE,MALA,150509,I-3,,ACTIVADO
GOBIERNO REGIONAL,CHALLUAYACU,PUESTOS DE SALUD O POSTAS DE SALUD,SAN MARTIN,TOCACHE,POLVORA,221003,I-1,,ACTIVADO
ESSALUD,CENTRO MEDICO MALA,CENTROS DE SALUD O CENTROS MEDICOS,LIMA,CAÑETE,MALA,150509,I-3,3.0,ACTIVADO
GOBIERNO REGIONAL,C.S. JESUS,CENTROS DE SALUD O CENTROS MEDICOS,HUANUCO,LAURICOCHA,JESUS,101001,I-3,,ACTIVADO
GOBIERNO REGIONAL,BUJAMA,PUESTOS DE SALUD O POSTAS DE SALUD,LIMA,CAÑETE,MALA,150509,I-2,,ACTIVADO
GOBIERNO REGIONAL,CHURUZAPA PINTO RECODO,PUESTOS DE SALUD O POSTAS DE SALUD,SAN MARTIN,LAMAS,PINTO RECODO,220506,I-1,,ACTIVADO
GOBIERNO REGIONAL,PARIAMARCA,PUESTOS DE SALUD O POSTAS DE SALUD,LIMA,CANTA,CANTA,150401,I-1,,ACTIVADO
GOBIERNO REGIONAL,DIGNIDAD NACIONAL,PUESTOS DE SALUD O POSTAS DE SALUD,LIMA,CAÑETE,MALA,150509,I-2,,ACTIVADO
GOBIERNO REGIONAL,SOLEDAD DE BALSAPUERTO,PUESTOS DE SALUD O POSTAS DE SALUD,LORETO,ALTO AMAZONAS,BALSAPUERTO,160202,I-1,,ACTIVADO
GOBIERNO REGIONAL,LACHAQUI,PUESTOS DE SALUD O POSTAS DE SALUD,LIMA,CANTA,LACHAQUI,150405,I-1,,ACTIVADO
GOBIERNO REGIONAL,VICHAYCOCHA,CENTROS DE SALUD O CENTROS MEDICOS,LIMA,HUARAL,PACARAOS,150608,I-2,,ACTIVADO
GOBIERNO REGIONAL,SANTA MARTHA,PUESTOS DE SALUD O POSTAS DE SALUD,SAN MARTIN,EL DORADO,SANTA ROSA,220304,I-1,,ACTIVADO
GOBIERNO REGIONAL,CANTA,CENTROS DE SALUD O CENTROS MEDICOS,LIMA,CANTA,CANTA,150401,I-3,,ACTIVADO
GOBIERNO REGIONAL,SANTA ROSA,PUESTOS DE SALUD O POSTAS DE SALUD,SAN MARTIN,EL DORADO,SANTA ROSA,220304,I-1,,ACTIVADO
GOBIERNO REGIONAL,SAN MIGUEL DE CAURI,CENTROS DE SALUD O CENTROS MEDICOS,HUANUCO,LAURICOCHA,SAN MIGUEL DE CAURI,101007,I-3,,ACTIVADO
GOBIERNO REGIONAL,HUAYUCULANO,PUESTOS DE SALUD O POSTAS DE SALUD,HUANUCO,YAROWILCA,CHAVINILLO,101101,I-1,,ACTIVADO
GOBIERNO REGIONAL,CALLAHUANCA,PUESTOS DE SALUD O POSTAS DE SALUD,LIMA,HUAROCHIRI,CALLAHUANCA,150703,I-2,,ACTIVADO
GOBIERNO REGIONAL,CARAMARCA,PUESTOS DE SALUD O POSTAS DE SALUD,HUANUCO,LAURICOCHA,SAN FRANCISCO DE ASIS,101006,I-1,,ACTIVADO
GOBIERNO REGIONAL,LA AGUADA,PUESTOS DE SALUD O POSTAS DE SALUD,LIMA,CAÑETE,MALA,150509,I-2,,ACTIVADO
GOBIERNO REGIONAL,HUINCO,CENTROS DE SALUD O CENTROS MEDICOS,LIMA,HUAROCHIRI,CASTA,150724,I-3,,ACTIVADO
GOBIERNO REGIONAL,YACUSISA,PUESTOS DE SALUD O POSTAS DE SALUD,SAN MARTIN,TOCACHE,TOCACHE,221001,I-1,,ACTIVADO
GOBIERNO REGIONAL,NUEVO HORIZONTE,PUESTOS DE SALUD O POSTAS DE SALUD,SAN MARTIN,TOCACHE,POLVORA,221003,I-2,,ACTIVADO
GOBIERNO REGIONAL,CLAS CHAVINILLO,CENTROS DE SALUD O CENTROS MEDICOS,HUANUCO,YAROWILCA,CHAVINILLO,101101,I-3,,ACTIVADO
GOBIERNO REGIONAL,NUEVA FLORIDA,PUESTOS DE SALUD O POSTAS DE SALUD,SAN MARTIN,BELLAVISTA,BELLAVISTA,220201,I-1,,ACTIVADO
GOBIERNO REGIONAL,CHORAS,PUESTOS DE SALUD O POSTAS DE SALUD,HUANUCO,YAROWILCA,CHORAS,101108,I-2,,ACTIVADO
GOBIERNO REGIONAL,PINTO RECODO,PUESTOS DE SALUD O POSTAS DE SALUD,SAN MARTIN,LAMAS,PINTO RECODO,220506,I-1,,ACTIVADO
GOBIERNO REGIONAL,VICAS,PUESTOS DE SALUD O POSTAS DE SALUD,LIMA,HUAROCHIRI,HUACHUPAMPA,150707,I-1,,ACTIVADO
GOBIERNO REGIONAL,SOLEDAD,PUESTOS DE SALUD O POSTAS DE SALUD,SAN MARTIN,MARISCAL CACERES,PAJARILLO,220605,I-1,,ACTIVADO
GOBIERNO REGIONAL,CHINCHE RABI,PUESTOS DE SALUD O POSTAS DE SALUD,PASCO,DANIEL ALCIDES CARRION,YANAHUANCA,190201,I-1,,ACTIVADO
GOBIERNO REGIONAL,LLICLLAO,PUESTOS DE SALUD O POSTAS DE SALUD,PASCO,DANIEL ALCIDES CARRION,YANAHUANCA,190201,I-1,,ACTIVADO
GOBIERNO REGIONAL,SAN PEDRO DE CASTA,PUESTOS DE SALUD O POSTAS DE SALUD,LIMA,HUAROCHIRI,CASTA,150724,I-2,,ACTIVADO
GOBIERNO REGIONAL,SHANAO,PUESTOS DE SALUD O POSTAS DE SALUD,SAN MARTIN,LAMAS,SHANAO,220509,I-1,,ACTIVADO
GOBIERNO REGIONAL,BARRANQUITA RIO SISA,PUESTOS DE SALUD O POSTAS DE SALUD,SAN MARTIN,EL DORADO,SANTA ROSA,220304,I-1,,ACTIVADO
GOBIERNO REGIONAL,CEDRO,PUESTOS DE SALUD O POSTAS DE SALUD,SAN MARTIN,TOCACHE,POLVORA,221003,I-1,,ACTIVADO
GOBIERNO REGIONAL,NUEVO BAMBAMARCA,CENTROS DE SALUD O CENTROS MEDICOS,SAN MARTIN,TOCACHE,TOCACHE,221001,I-3,,ACTIVADO
GOBIERNO REGIONAL,HUNGURAHUI PAMPA,PUESTOS DE SALUD O POSTAS DE SALUD,SAN MARTIN,LAMAS,TABALOSOS,220510,I-1,,ACTIVADO
GOBIERNO REGIONAL,BAÑOS,CENTROS DE SALUD O CENTROS MEDICOS,LIMA,HUARAL,ATAVILLOS ALTO,150602,I-1,,ACTIVADO
GOBIERNO REGIONAL,ULLPAYACU,CENTROS DE SALUD O CENTROS MEDICOS,LORETO,DATEM DEL MARAÑON,PASTAZA,160705,I-3,,ACTIVADO
GOBIERNO REGIONAL,HUACHUPAMPA,PUESTOS DE SALUD O POSTAS DE SALUD,LIMA,HUAROCHIRI,HUACHUPAMPA,150707,I-1,,ACTIVADO
GOBIERNO REGIONAL,CHOCOPATA,PUESTOS DE SALUD O POSTAS DE SALUD,PASCO,DANIEL ALCIDES CARRION,YANAHUANCA,190201,I-1,,ACTIVADO
GOBIERNO REGIONAL,SAN MIGUEL DEL RIO MAYO,PUESTOS DE SALUD O POSTAS DE SALUD,SAN MARTIN,LAMAS,TABALOSOS,220510,I-1,,ACTIVADO
GOBIERNO REGIONAL,PUCAYACU PANJUI,PUESTOS DE SALUD O POSTAS DE SALUD,SAN MARTIN,LAMAS,TABALOSOS,220510,I-1,,ACTIVADO
GOBIERNO REGIONAL,CHINCHE TINGO,PUESTOS DE SALUD O POSTAS DE SALUD,PASCO,DANIEL ALCIDES CARRION,YANAHUANCA,190201,I-2,,ACTIVADO
GOBIERNO REGIONAL,HOSPITAL BELLAVISTA,HOSPITALES O CLINICAS DE ATENCION ESPECIALIZADA,SAN MARTIN,BELLAVISTA,BELLAVISTA,220201,II-E,10.0,ACTIVADO
GOBIERNO REGIONAL,MISHQUIYACU PINTO RECODO,PUESTOS DE SALUD O POSTAS DE SALUD,SAN MARTIN,LAMAS,PINTO RECODO,220506,I-1,,ACTIVADO
GOBIERNO REGIONAL,SAN JOSE DE TASHGA,PUESTOS DE SALUD O POSTAS DE SALUD,HUANUCO,YAROWILCA,CHORAS,101108,I-1,,ACTIVADO
GOBIERNO REGIONAL,CORCONA,PUESTOS DE SALUD O POSTAS DE SALUD,LIMA,HUAROCHIRI,SANTA CRUZ DE COCACHACRA,150727,I-2,,ACTIVADO
GOBIERNO REGIONAL,CONSUELO,CENTROS DE SALUD O CENTROS MEDICOS,SAN MARTIN,BELLAVISTA,SAN PABLO,220205,I-3,6.0,ACTIVADO
GOBIERNO REGIONAL,SANTA ELENA,PUESTOS DE SALUD O POSTAS DE SALUD,SAN MARTIN,EL DORADO,SANTA ROSA,220304,I-1,,ACTIVADO
GOBIERNO REGIONAL,TANANTA,PUESTOS DE SALUD O POSTAS DE SALUD,SAN MARTIN,TOCACHE,TOCACHE,221001,I-1,,ACTIVADO
GOBIERNO REGIONAL,HUAROS,PUESTOS DE SALUD O POSTAS DE SALUD,LIMA,CANTA,HUAROS,150404,I-1,,ACTIVADO
GOBIERNO REGIONAL,SAN PABLO,PUESTOS DE SALUD O POSTAS DE SALUD,SAN MARTIN,BELLAVISTA,SAN PABLO,220205,I-1,,ACTIVADO
GOBIERNO REGIONAL,ANDAHUAYLAS,PUESTOS DE SALUD O POSTAS DE SALUD,PASCO,DANIEL ALCIDES CARRION,SAN PEDRO DE PILLAO,190205,I-1,,ACTIVADO
GOBIERNO REGIONAL,HUAYCHAUMARCA,PUESTOS DE SALUD O POSTAS DE SALUD,PASCO,DANIEL ALCIDES CARRION,YANAHUANCA,190201,I-1,,ACTIVADO
GOBIERNO REGIONAL,SAN JUAN DE TALLIQUIHUI,PUESTOS DE SALUD O POSTAS DE SALUD,SAN MARTIN,EL DORADO,SANTA ROSA,220304,I-1,,ACTIVADO
GOBIERNO REGIONAL,WASHIENTZA,PUESTOS DE SALUD O POSTAS DE SALUD,LORETO,DATEM DEL MARAÑON,ANDOAS,160706,I-1,,ACTIVADO
GOBIERNO REGIONAL,RAMON CASTILLA,PUESTOS DE SALUD O POSTAS DE SALUD,SAN MARTIN,EL DORADO,SANTA ROSA,220304,I-1,,ACTIVADO
GOBIERNO REGIONAL,JARPO,PUESTOS DE SALUD O POSTAS DE SALUD,HUANUCO,YAROWILCA,CHAVINILLO,101101,I-1,,ACTIVADO
GOBIERNO REGIONAL,ROSARIO DE ASIA,PUESTOS DE SALUD O POSTAS DE SALUD,LIMA,CAÑETE,ASIA,150502,I-2,,ACTIVADO
GOBIERNO REGIONAL,SANTA CRUZ DE SHITARIYACU,PUESTOS DE SALUD O POSTAS DE SALUD,SAN MARTIN,LAMAS,ZAPATERO,220511,I-1,,ACTIVADO
GOBIERNO REGIONAL,AUCARARCA,PUESTOS DE SALUD O POSTAS DE SALUD,SAN MARTIN,BELLAVISTA,HUALLAGA,220204,I-1,,ACTIVADO
GOBIERNO REGIONAL,SAN LORENZO - NUCLEO BASE,CENTROS DE SALUD CON CAMAS DE INTERNAMIENTO,LORETO,DATEM DEL MARAÑON,BARRANCA,160701,I-4,19.0,ACTIVADO
GOBIERNO REGIONAL,CHUINTAR,PUESTOS DE SALUD O POSTAS DE SALUD,LORETO,DATEM DEL MARAÑON,PASTAZA,160705,I-2,,ACTIVADO
GOBIERNO REGIONAL,BALSAPUERTO,CENTROS DE SALUD O CENTROS MEDICOS,LORETO,ALTO AMAZONAS,BALSAPUERTO,160202,I-3,10.0,ACTIVADO
GOBIERNO REGIONAL,CUÑUMBUZA,PUESTOS DE SALUD O POSTAS DE SALUD,SAN MARTIN,MARISCAL CACERES,CAMPANILLA,220602,I-1,,ACTIVADO
GOBIERNO REGIONAL,PERUATE,PUESTOS DE SALUD O POSTAS DE SALUD,SAN MARTIN,BELLAVISTA,BELLAVISTA,220201,I-1,,ACTIVADO
GOBIERNO REGIONAL,CAPILLA DE ASIA,CENTROS DE SALUD O CENTROS MEDICOS,LIMA,CAÑETE,ASIA,150502,I-3,,ACTIVADO
GOBIERNO REGIONAL,ISHANGA,PUESTOS DE SALUD O POSTAS DE SALUD,SAN MARTIN,TOCACHE,TOCACHE,221001,I-1,,ACTIVADO
GOBIERNO REGIONAL,CUMBE,PUESTOS DE SALUD O POSTAS DE SALUD,LIMA,HUAROCHIRI,SAN MATEO DE OTAO,150723,I-1,,ACTIVADO
GOBIERNO REGIONAL,ALTO ANDINO,PUESTOS DE SALUD O POSTAS DE SALUD,SAN MARTIN,LAMAS,CUÑUMBUQUI,220505,I-1,,ACTIVADO
GOBIERNO REGIONAL,NUEVA ESPERANZA,PUESTOS DE SALUD O POSTAS DE SALUD,SAN MARTIN,TOCACHE,TOCACHE,221001,I-1,,ACTIVADO
GOBIERNO REGIONAL,AYAPITEG,PUESTOS DE SALUD O POSTAS DE SALUD,HUANUCO,YAROWILCA,CHAVINILLO,101101,I-2,,ACTIVADO
GOBIERNO REGIONAL,PROGRESO DE BALSAPUERTO,PUESTOS DE SALUD O POSTAS DE SALUD,LORETO,ALTO AMAZONAS,BALSAPUERTO,160202,I-1,,ACTIVADO
GOBIERNO REGIONAL,VISTOSO GRANDE,PUESTOS DE SALUD O POSTAS DE SALUD,SAN MARTIN,LAMAS,ZAPATERO,220511,I-1,,ACTIVADO
GOBIERNO REGIONAL,NUMUNYAYOG,PUESTOS DE SALUD O POSTAS DE SALUD,PASCO,DANIEL ALCIDES CARRION,YANAHUANCA,190201,I-1,,ACTIVADO
GOBIERNO REGIONAL,PAMASHTO,PUESTOS DE SALUD O POSTAS DE SALUD,SAN MARTIN,LAMAS,SAN ROQUE DE CUMBAZA,220508,I-2,,ACTIVADO
GOBIERNO REGIONAL,CALANGO,PUESTOS DE SALUD O POSTAS DE SALUD,LIMA,CAÑETE,CALANGO,150503,I-2,,ACTIVADO
GOBIERNO REGIONAL,LANCA,CENTROS DE SALUD O CENTROS MEDICOS,LIMA,HUAROCHIRI,SAN MATEO DE OTAO,150723,I-3,,ACTIVADO
GOBIERNO REGIONAL,NUEVO MUNDO,PUESTOS DE SALUD O POSTAS DE SALUD,SAN MARTIN,LAMAS,ZAPATERO,220511,I-1,,ACTIVADO
GOBIERNO REGIONAL,TAMBOCHACA,PUESTOS DE SALUD O POSTAS DE SALUD,PASCO,DANIEL ALCIDES CARRION,YANAHUANCA,190201,I-1,,ACTIVADO
GOBIERNO REGIONAL,COCACHACRA,CENTROS DE SALUD O CENTROS MEDICOS,LIMA,HUAROCHIRI,SANTA CRUZ DE COCACHACRA,150727,I-3,,ACTIVADO
GOBIERNO REGIONAL,LARAOS,PUESTOS DE SALUD O POSTAS DE SALUD,LIMA,HUAROCHIRI,LARAOS,150712,I-2,,ACTIVADO
GOBIERNO REGIONAL,POMAYAROS,PUESTOS DE SALUD O POSTAS DE SALUD,PASCO,DANIEL ALCIDES CARRION,YANAHUANCA,190201,I-1,,ACTIVADO
GOBIERNO REGIONAL,SAN ANTONIO RIO MAYO,PUESTOS DE SALUD O POSTAS DE SALUD,SAN MARTIN,LAMAS,LAMAS,220501,I-1,,ACTIVADO
GOBIERNO REGIONAL,TAPICARA,PUESTOS DE SALUD O POSTAS DE SALUD,LIMA,HUAROCHIRI,SAN MATEO DE OTAO,150723,I-1,,ACTIVADO
GOBIERNO REGIONAL,ASTOBAMBA HUARAUTAMBO,PUESTOS DE SALUD O POSTAS DE SALUD,PASCO,DANIEL ALCIDES CARRION,YANAHUANCA,190201,I-1,,ACTIVADO
GOBIERNO REGIONAL,BALSA PROBANA,PUESTOS DE SALUD O POSTAS DE SALUD,SAN MARTIN,TOCACHE,TOCACHE,221001,I-1,,ACTIVADO
GOBIERNO REGIONAL,PANAM,PUESTOS DE SALUD O POSTAS DE SALUD,LORETO,ALTO AMAZONAS,BALSAPUERTO,160202,I-1,,ACTIVADO
GOBIERNO REGIONAL,LOS ANDES DE  PUCARA,PUESTOS DE SALUD O POSTAS DE SALUD,PASCO,PASCO,HUAYLLAY,190104,I-1,,ACTIVADO
GOBIERNO REGIONAL,DOS DE MAYO,PUESTOS DE SALUD O POSTAS DE SALUD,SAN MARTIN,BELLAVISTA,SAN PABLO,220205,I-1,,ACTIVADO
GOBIERNO REGIONAL,SANTIAGO PAMPA,PUESTOS DE SALUD O POSTAS DE SALUD,PASCO,DANIEL ALCIDES CARRION,YANAHUANCA,190201,I-1,,ACTIVADO
GOBIERNO REGIONAL,BAGAZAN,PUESTOS DE SALUD O POSTAS DE SALUD,SAN MARTIN,LAMAS,ZAPATERO,220511,I-1,,ACTIVADO
GOBIERNO REGIONAL,YURILAMAS,PUESTOS DE SALUD O POSTAS DE SALUD,SAN MARTIN,LAMAS,SAN ROQUE DE CUMBAZA,220508,I-1,,ACTIVADO
GOBIERNO REGIONAL,ALTO SHAMBOYACU,PUESTOS DE SALUD O POSTAS DE SALUD,SAN MARTIN,LAMAS,SAN ROQUE DE CUMBAZA,220508,I-1,,ACTIVADO
GOBIERNO REGIONAL,NUEVO CELENDIN,PUESTOS DE SALUD O POSTAS DE SALUD,SAN MARTIN,LAMAS,ZAPATERO,220511,I-1,,ACTIVADO
GOBIERNO REGIONAL,CANCHACALLA,PUESTOS DE SALUD O POSTAS DE SALUD,LIMA,HUAROCHIRI,SAN MATEO DE OTAO,150723,I-1,,ACTIVADO
GOBIERNO REGIONAL,PALESTINA,PUESTOS DE SALUD O POSTAS DE SALUD,SAN MARTIN,BELLAVISTA,SAN RAFAEL,220206,I-1,,ACTIVADO
GOBIERNO REGIONAL,LAS FLORES DEL RIO MAYO,PUESTOS DE SALUD O POSTAS DE SALUD,SAN MARTIN,LAMAS,LAMAS,220501,I-1,,ACTIVADO
GOBIERNO REGIONAL,CHIPIPATA,PUESTOS DE SALUD O POSTAS DE SALUD,PASCO,DANIEL ALCIDES CARRION,YANAHUANCA,190201,I-1,,ACTIVADO
GOBIERNO REGIONAL,SAN BARTOLOME,PUESTOS DE SALUD O POSTAS DE SALUD,LIMA,HUAROCHIRI,SAN BARTOLOME,150717,I-2,,ACTIVADO
GOBIERNO REGIONAL,PACAYHUA,PUESTOS DE SALUD O POSTAS DE SALUD,HUANUCO,HUANUCO,MARGOS,100105,I-1,,ACTIVADO
GOBIERNO REGIONAL,SANTIAGO DE TUNA,PUESTOS DE SALUD O POSTAS DE SALUD,LIMA,HUAROCHIRI,SANTIAGO DE TUNA,150730,I-1,,ACTIVADO
GOBIERNO REGIONAL,CULLHUAY,PUESTOS DE SALUD O POSTAS DE SALUD,LIMA,CANTA,HUAROS,150404,I-1,,ACTIVADO
GOBIERNO REGIONAL,SAN JUAN DE IRIS,PUESTOS DE SALUD O POSTAS DE SALUD,LIMA,HUAROCHIRI,SAN JUAN DE IRIS,150719,I-1,,ACTIVADO
GOBIERNO REGIONAL,CARAÑAYACU,PUESTOS DE SALUD O POSTAS DE SALUD,SAN MARTIN,LAMAS,ZAPATERO,220511,I-1,,ACTIVADO
GOBIERNO REGIONAL,MARGOS,CENTROS DE SALUD O CENTROS MEDICOS,HUANUCO,HUANUCO,MARGOS,100105,I-3,,ACTIVADO
GOBIERNO REGIONAL,ANTIOQUIA DE BALSAPUERTO,PUESTOS DE SALUD O POSTAS DE SALUD,LORETO,ALTO AMAZONAS,BALSAPUERTO,160202,I-1,,ACTIVADO
GOBIERNO REGIONAL,CRISNEJAS,PUESTOS DE SALUD O POSTAS DE SALUD,HUANUCO,MARAÑON,CHOLON,100702,I-1,,ACTIVADO
GOBIERNO REGIONAL,HUAYCO LAMAS,PUESTOS DE SALUD O POSTAS DE SALUD,SAN MARTIN,LAMAS,LAMAS,220501,I-1,,ACTIVADO
GOBIERNO REGIONAL,ANDACHACA,PUESTOS DE SALUD O POSTAS DE SALUD,PASCO,DANIEL ALCIDES CARRION,YANAHUANCA,190201,I-2,,ACTIVADO
GOBIERNO REGIONAL,HOSPITAL LAMAS,HOSPITALES O CLINICAS DE ATENCION ESPECIALIZADA,SAN MARTIN,LAMAS,LAMAS,220501,II-E,16.0,ACTIVADO
GOBIERNO REGIONAL,PALCA,PUESTOS DE SALUD O POSTAS DE SALUD,PASCO,DANIEL ALCIDES CARRION,YANAHUANCA,190201,I-1,,ACTIVADO
GOBIERNO REGIONAL,CRISTINO GARCIA CARHUAPOMA,PUESTOS DE SALUD O POSTAS DE SALUD,SAN MARTIN,BELLAVISTA,SAN RAFAEL,220206,I-1,,ACTIVADO
GOBIERNO REGIONAL,CARAMPOMA,PUESTOS DE SALUD O POSTAS DE SALUD,LIMA,HUAROCHIRI,CARAMPOMA,150704,I-2,,ACTIVADO
GOBIERNO REGIONAL,FREDY VALLEJOS ORE,CENTROS DE SALUD CON CAMAS DE INTERNAMIENTO,PASCO,DANIEL ALCIDES CARRION,YANAHUANCA,190201,I-4,,ACTIVADO
GOBIERNO REGIONAL,RACRACANCHA,PUESTOS DE SALUD O POSTAS DE SALUD,PASCO,PASCO,TINYAHUARCO,190111,I-1,,ACTIVADO
GOBIERNO REGIONAL,ANDES YANAHUANCA,PUESTOS DE SALUD O POSTAS DE SALUD,PASCO,DANIEL ALCIDES CARRION,YANAHUANCA,190201,I-1,,ACTIVADO
GOBIERNO REGIONAL,DOS UNIDOS,PUESTOS DE SALUD O POSTAS DE SALUD,SAN MARTIN,BELLAVISTA,BAJO BIAVO,220203,I-1,,ACTIVADO
GOBIERNO REGIONAL,UCHUMARCA,PUESTOS DE SALUD O POSTAS DE SALUD,PASCO,DANIEL ALCIDES CARRION,YANAHUANCA,190201,I-1,,ACTIVADO
GOBIERNO REGIONAL,SAN ANTONIO DE CAHUAPANAS,PUESTOS DE SALUD O POSTAS DE SALUD,LORETO,DATEM DEL MARAÑON,CAHUAPANAS,160702,I-1,,ACTIVADO
GOBIERNO REGIONAL,SANTO DOMINGO DE LOS OLLEROS,PUESTOS DE SALUD O POSTAS DE SALUD,LIMA,HUAROCHIRI,SANTO DOMINGO DE LOS OLLEROS,150731,I-1,,ACTIVADO
GOBIERNO REGIONAL,SAN FRANCISCO DE LLAMAPASHILLUM,PUESTOS DE SALUD O POSTAS DE SALUD,HUANUCO,HUANUCO,MARGOS,100105,I-1,,ACTIVADO
GOBIERNO REGIONAL,HOSPITAL DE TOCACHE,HOSPITALES O CLINICAS DE ATENCION GENERAL,SAN MARTIN,TOCACHE,TOCACHE,221001,II-1,49.0,ACTIVADO
GOBIERNO REGIONAL,SANTA ANA DEL RIO MAYO,PUESTOS DE SALUD O POSTAS DE SALUD,SAN MARTIN,LAMAS,ZAPATERO,220511,I-1,,ACTIVADO
GOBIERNO REGIONAL,PROGRESO,PUESTOS DE SALUD O POSTAS DE SALUD,SAN MARTIN,LAMAS,ZAPATERO,220511,I-1,,ACTIVADO
GOBIERNO REGIONAL,LA MERCED DE CHAUTE,PUESTOS DE SALUD O POSTAS DE SALUD,LIMA,HUAROCHIRI,SAN BARTOLOME,150717,I-1,,ACTIVADO
GOBIERNO REGIONAL,AYAYOG,PUESTOS DE SALUD O POSTAS DE SALUD,PASCO,DANIEL ALCIDES CARRION,YANAHUANCA,190201,I-1,,ACTIVADO
GOBIERNO REGIONAL,ANTIOQUIA,PUESTOS DE SALUD O POSTAS DE SALUD,LIMA,HUAROCHIRI,ANTIOQUIA,150702,I-2,,ACTIVADO
GOBIERNO REGIONAL,SAN CRISTOBAL DE UPAQUIHUA,PUESTOS DE SALUD O POSTAS DE SALUD,SAN MARTIN,PICOTA,BUENOS AIRES,220702,I-1,,ACTIVADO
GOBIERNO REGIONAL,HUANZA,PUESTOS DE SALUD O POSTAS DE SALUD,LIMA,HUAROCHIRI,HUANZA,150708,I-1,,ACTIVADO
GOBIERNO REGIONAL,CENTRO AMERICA,PUESTOS DE SALUD O POSTAS DE SALUD,SAN MARTIN,BELLAVISTA,ALTO BIAVO,220202,I-1,,ACTIVADO
GOBIERNO REGIONAL,MACEDA,PUESTOS DE SALUD O POSTAS DE SALUD,SAN MARTIN,LAMAS,RUMISAPA,220507,I-1,,ACTIVADO
GOBIERNO REGIONAL,JACAS CHICO,PUESTOS DE SALUD O POSTAS DE SALUD,HUANUCO,YAROWILCA,JACAS CHICO,101105,I-2,,ACTIVADO
GOBIERNO REGIONAL,ACOBAMBA,PUESTOS DE SALUD O POSTAS DE SALUD,LIMA,HUAROCHIRI,HUANZA,150708,I-1,,ACTIVADO
GOBIERNO REGIONAL,SANTA ELENA,PUESTOS DE SALUD O POSTAS DE SALUD,SAN MARTIN,BELLAVISTA,BAJO BIAVO,220203,I-1,,ACTIVADO
GOBIERNO REGIONAL,NUEVO EGIPTO,PUESTOS DE SALUD O POSTAS DE SALUD,SAN MARTIN,PICOTA,SAN HILARION,220707,I-1,,ACTIVADO
GOBIERNO REGIONAL,YANACOCHA,PUESTOS DE SALUD O POSTAS DE SALUD,PASCO,DANIEL ALCIDES CARRION,YANAHUANCA,190201,I-1,,ACTIVADO
GOBIERNO REGIONAL,TANTACOTO,PUESTOS DE SALUD O POSTAS DE SALUD,HUANUCO,DOS DE MAYO,MARIAS,100311,I-2,,ACTIVADO
GOBIERNO REGIONAL,SAN CRISTOBAL,PUESTOS DE SALUD O POSTAS DE SALUD,SAN MARTIN,TOCACHE,TOCACHE,221001,I-1,,ACTIVADO
GOBIERNO REGIONAL,UCHUMULLACA,PUESTOS DE SALUD O POSTAS DE SALUD,SAN MARTIN,LAMAS,ZAPATERO,220511,I-1,,ACTIVADO
GOBIERNO REGIONAL,JESUS DE NAZARETH DE COCHAS,PUESTOS DE SALUD O POSTAS DE SALUD,HUANUCO,HUANUCO,MARGOS,100105,I-2,,ACTIVADO
GOBIERNO REGIONAL,SAN ISIDRO DE PAURA,PUESTOS DE SALUD O POSTAS DE SALUD,HUANUCO,HUANUCO,YACUS,100112,I-1,,ACTIVADO
GOBIERNO REGIONAL,LA UNION,PUESTOS DE SALUD O POSTAS DE SALUD,SAN MARTIN,BELLAVISTA,BAJO BIAVO,220203,I-1,,ACTIVADO
GOBIERNO REGIONAL,CAJATAMBO,PUESTOS DE SALUD O POSTAS DE SALUD,SAN MARTIN,TOCACHE,UCHIZA,221005,I-1,,ACTIVADO
GOBIERNO REGIONAL,SAN RAFAEL DEL RIO MAYO,PUESTOS DE SALUD O POSTAS DE SALUD,SAN MARTIN,LAMAS,CUÑUMBUQUI,220505,I-1,,ACTIVADO
GOBIERNO REGIONAL,PILLAO,PUESTOS DE SALUD O POSTAS DE SALUD,PASCO,DANIEL ALCIDES CARRION,SAN PEDRO DE PILLAO,190205,I-2,,ACTIVADO
GOBIERNO REGIONAL,HUALLANCHI,PUESTOS DE SALUD O POSTAS DE SALUD,LIMA,HUAROCHIRI,SANTO DOMINGO DE LOS OLLEROS,150731,I-1,,ACTIVADO
GOBIERNO REGIONAL,ZAPATERO,PUESTOS DE SALUD O POSTAS DE SALUD,SAN MARTIN,LAMAS,ZAPATERO,220511,I-1,,ACTIVADO
GOBIERNO REGIONAL,POMAPACHUPAN,PUESTOS DE SALUD O POSTAS DE SALUD,PASCO,DANIEL ALCIDES CARRION,YANAHUANCA,190201,I-1,,ACTIVADO
GOBIERNO REGIONAL,CHURUZAPA,PUESTOS DE SALUD O POSTAS DE SALUD,SAN MARTIN,LAMAS,RUMISAPA,220507,I-1,,ACTIVADO
GOBIERNO REGIONAL,VIRGEN DEL ROSARIO DE HUAYLASJIRCA,PUESTOS DE SALUD O POSTAS DE SALUD,PASCO,DANIEL ALCIDES CARRION,YANAHUANCA,190201,I-1,,ACTIVADO
GOBIERNO REGIONAL,ROCCO,PUESTOS DE SALUD O POSTAS DE SALUD,PASCO,DANIEL ALCIDES CARRION,YANAHUANCA,190201,I-1,,ACTIVADO
GOBIERNO REGIONAL,CHAULAN,CENTROS DE SALUD O CENTROS MEDICOS,HUANUCO,HUANUCO,SAN PEDRO DE CHAULAN,100108,I-3,,ACTIVADO
GOBIERNO REGIONAL,HUANCHAN,PUESTOS DE SALUD O POSTAS DE SALUD,HUANUCO,HUANUCO,YACUS,100112,I-1,,ACTIVADO
GOBIERNO REGIONAL,CUNUMBUQUE,CENTROS DE SALUD O CENTROS MEDICOS,SAN MARTIN,LAMAS,CUÑUMBUQUI,220505,I-3,,ACTIVADO
GOBIERNO REGIONAL,HUACORA,PUESTOS DE SALUD O POSTAS DE SALUD,HUANUCO,HUANUCO,YACUS,100112,I-1,,ACTIVADO
GOBIERNO REGIONAL,NUEVA ESPERANZA DE BALSAPUERTO,PUESTOS DE SALUD O POSTAS DE SALUD,LORETO,ALTO AMAZONAS,BALSAPUERTO,160202,I-1,,ACTIVADO
GOBIERNO REGIONAL,CHIRICYACU,PUESTOS DE SALUD O POSTAS DE SALUD,SAN MARTIN,LAMAS,SAN ROQUE DE CUMBAZA,220508,I-1,,ACTIVADO
GOBIERNO REGIONAL,MICHIVILCA,PUESTOS DE SALUD O POSTAS DE SALUD,PASCO,DANIEL ALCIDES CARRION,TAPUC,190207,I-1,,ACTIVADO
GOBIERNO REGIONAL,CUZCO,PUESTOS DE SALUD O POSTAS DE SALUD,SAN MARTIN,BELLAVISTA,ALTO BIAVO,220202,I-1,,ACTIVADO
GOBIERNO REGIONAL,SAN ANDRES DE TUPICOCHA,PUESTOS DE SALUD O POSTAS DE SALUD,LIMA,HUAROCHIRI,SAN ANDRES DE TUPICOCHA,150715,I-2,,ACTIVADO
GOBIERNO REGIONAL,PAMPAS,PUESTOS DE SALUD O POSTAS DE SALUD,HUANUCO,HUANUCO,QUISQUI,100106,I-2,,ACTIVADO
GOBIERNO REGIONAL,LA LIBERTAD,PUESTOS DE SALUD O POSTAS DE SALUD,SAN MARTIN,BELLAVISTA,SAN RAFAEL,220206,I-2,,ACTIVADO
GOBIERNO REGIONAL,NUEVO LIMA,CENTROS DE SALUD CON CAMAS DE INTERNAMIENTO,SAN MARTIN,BELLAVISTA,BAJO BIAVO,220203,I-4,4.0,ACTIVADO
GOBIERNO REGIONAL,RUMIZAPA,PUESTOS DE SALUD O POSTAS DE SALUD,SAN MARTIN,LAMAS,RUMISAPA,220507,I-1,,ACTIVADO
GOBIERNO REGIONAL,NUEVA ESPERANZA,PUESTOS DE SALUD O POSTAS DE SALUD,SAN MARTIN,PICOTA,SAN HILARION,220707,I-1,,ACTIVADO
GOBIERNO REGIONAL,LAS FLORES DE MAMONAQUIHUA,PUESTOS DE SALUD O POSTAS DE SALUD,SAN MARTIN,LAMAS,CUÑUMBUQUI,220505,I-1,,ACTIVADO
GOBIERNO REGIONAL,YARUMAYO,CENTROS DE SALUD O CENTROS MEDICOS,HUANUCO,HUANUCO,YARUMAYO,100110,I-3,,ACTIVADO
GOBIERNO REGIONAL,BARRANCA,PUESTOS DE SALUD O POSTAS DE SALUD,SAN MARTIN,BELLAVISTA,ALTO BIAVO,220202,I-2,0.0,ACTIVADO
GOBIERNO REGIONAL,SAN RAFAEL,CENTROS DE SALUD O CENTROS MEDICOS,SAN MARTIN,BELLAVISTA,SAN RAFAEL,220206,I-3,,ACTIVADO
GOBIERNO REGIONAL,SAN ANTONIO DE CHUCCHUC,PUESTOS DE SALUD O POSTAS DE SALUD,HUANUCO,AMBO,COLPAS,100203,I-1,,ACTIVADO
GOBIERNO REGIONAL,BELLAVISTA DE JEBEROS,PUESTOS DE SALUD O POSTAS DE SALUD,LORETO,ALTO AMAZONAS,JEBEROS,160205,I-1,,ACTIVADO
GOBIERNO REGIONAL,UCHIZA,CENTROS DE SALUD CON CAMAS DE INTERNAMIENTO,SAN MARTIN,TOCACHE,UCHIZA,221005,I-4,,ACTIVADO
GOBIERNO REGIONAL,TAPUC,CENTROS DE SALUD O CENTROS MEDICOS,PASCO,DANIEL ALCIDES CARRION,TAPUC,190207,I-3,,ACTIVADO
GOBIERNO REGIONAL,SAN JUAN DE DIOS,PUESTOS DE SALUD O POSTAS DE SALUD,SAN MARTIN,TOCACHE,UCHIZA,221005,I-1,,ACTIVADO
GOBIERNO REGIONAL,CHAUPIMARCA,PUESTOS DE SALUD O POSTAS DE SALUD,PASCO,DANIEL ALCIDES CARRION,TAPUC,190207,I-1,,ACTIVADO
GOBIERNO REGIONAL,COAYLLO,PUESTOS DE SALUD O POSTAS DE SALUD,LIMA,CAÑETE,COAYLLO,150506,I-1,,ACTIVADO
GOBIERNO REGIONAL,NUEVO ANDOAS,PUESTOS DE SALUD O POSTAS DE SALUD,LORETO,DATEM DEL MARAÑON,ANDOAS,160706,I-1,,ACTIVADO
GOBIERNO REGIONAL,PAMPAYACU,PUESTOS DE SALUD O POSTAS DE SALUD,SAN MARTIN,TOCACHE,UCHIZA,221005,I-1,,ACTIVADO
GOBIERNO REGIONAL,CHIRAPA LA LIBERTAD,PUESTOS DE SALUD O POSTAS DE SALUD,SAN MARTIN,LAMAS,RUMISAPA,220507,I-1,,ACTIVADO
GOBIERNO REGIONAL,PACCHILLA,PUESTOS DE SALUD O POSTAS DE SALUD,SAN MARTIN,LAMAS,RUMISAPA,220507,I-1,,ACTIVADO
GOBIERNO REGIONAL,SAN MARTIN DE ORCOCOTO,PUESTOS DE SALUD O POSTAS DE SALUD,LIMA,HUAROCHIRI,SAN JOSE DE LOS CHORRILLOS,150706,I-1,,ACTIVADO
GOBIERNO REGIONAL,TUNANCANCHA,PUESTOS DE SALUD O POSTAS DE SALUD,PASCO,DANIEL ALCIDES CARRION,YANAHUANCA,190201,I-1,,ACTIVADO
GOBIERNO REGIONAL,TAMBOPAMPA,PUESTOS DE SALUD O POSTAS DE SALUD,PASCO,DANIEL ALCIDES CARRION,YANAHUANCA,190201,I-1,,ACTIVADO
GOBIERNO REGIONAL,SAN FERNANDO,PUESTOS DE SALUD O POSTAS DE SALUD,SAN MARTIN,LAMAS,ZAPATERO,220511,I-1,,ACTIVADO
GOBIERNO REGIONAL,NUEVO TOCACHE,PUESTOS DE SALUD O POSTAS DE SALUD,SAN MARTIN,LAMAS,CAYNARACHI,220504,I-1,,ACTIVADO
GOBIERNO REGIONAL,CACATACHI,CENTROS DE SALUD O CENTROS MEDICOS,SAN MARTIN,SAN MARTIN,CACATACHI,220903,I-3,,ACTIVADO
GOBIERNO REGIONAL,PANAMA,PUESTOS DE SALUD O POSTAS DE SALUD,SAN MARTIN,BELLAVISTA,SAN RAFAEL,220206,I-1,,ACTIVADO
GOBIERNO REGIONAL,VILCABAMBA,PUESTOS DE SALUD O POSTAS DE SALUD,PASCO,DANIEL ALCIDES CARRION,VILCABAMBA,190208,I-2,,ACTIVADO
GOBIERNO REGIONAL,MATARA,PUESTOS DE SALUD O POSTAS DE SALUD,LIMA,HUAROCHIRI,SANTO DOMINGO DE LOS OLLEROS,150731,I-1,,ACTIVADO
GOBIERNO REGIONAL,CAUNARAPA,PUESTOS DE SALUD O POSTAS DE SALUD,HUANUCO,HUAMALIES,MONZON,100507,I-1,,ACTIVADO
GOBIERNO REGIONAL,PAUCAR,PUESTOS DE SALUD O POSTAS DE SALUD,PASCO,DANIEL ALCIDES CARRION,PAUCAR,190204,I-2,,ACTIVADO
GOBIERNO REGIONAL,SAN CRISTOBAL DE SISA,CENTROS DE SALUD O CENTROS MEDICOS,SAN MARTIN,PICOTA,SAN HILARION,220707,I-3,,ACTIVADO
GOBIERNO REGIONAL,SAN GERONIMO DE SURCO,CENTROS DE SALUD O CENTROS MEDICOS,LIMA,HUAROCHIRI,SURCO,150732,I-3,,ACTIVADO
GOBIERNO REGIONAL,AUCALOMA,PUESTOS DE SALUD O POSTAS DE SALUD,SAN MARTIN,SAN MARTIN,SAN ANTONIO,220912,I-1,,ACTIVADO
GOBIERNO REGIONAL,YACAN,PUESTOS DE SALUD O POSTAS DE SALUD,PASCO,DANIEL ALCIDES CARRION,PAUCAR,190204,I-1,,ACTIVADO
GOBIERNO REGIONAL,CHACAYAN,PUESTOS DE SALUD O POSTAS DE SALUD,PASCO,DANIEL ALCIDES CARRION,CHACAYAN,190202,I-2,,ACTIVADO
GOBIERNO REGIONAL,CRUZ PAMPA,PUESTOS DE SALUD O POSTAS DE SALUD,SAN MARTIN,TOCACHE,UCHIZA,221005,I-1,,ACTIVADO
GOBIERNO REGIONAL,SAN ROQUE DE CUMBAZA,PUESTOS DE SALUD O POSTAS DE SALUD,SAN MARTIN,LAMAS,SAN ROQUE DE CUMBAZA,220508,I-1,,ACTIVADO
GOBIERNO REGIONAL,TRUENO COCHA,PUESTOS DE SALUD O POSTAS DE SALUD,LORETO,DATEM DEL MARAÑON,PASTAZA,160705,I-1,,ACTIVADO
GOBIERNO REGIONAL,SAN JOSE DE LOS CHORRILLOS,PUESTOS DE SALUD O POSTAS DE SALUD,LIMA,HUAROCHIRI,SAN JOSE DE LOS CHORRILLOS,150706,I-1,,ACTIVADO
GOBIERNO REGIONAL,CHULLAY,PUESTOS DE SALUD O POSTAS DE SALUD,HUANUCO,HUANUCO,YARUMAYO,100110,I-1,,ACTIVADO
GOBIERNO REGIONAL,ALIANZA CRISTIANA,PUESTOS DE SALUD O POSTAS DE SALUD,LORETO,DATEM DEL MARAÑON,ANDOAS,160706,I-2,,ACTIVADO
GOBIERNO REGIONAL,LANCHI,PUESTOS DE SALUD O POSTAS DE SALUD,LIMA,HUAROCHIRI,SAN JOSE DE LOS CHORRILLOS,150706,I-1,,ACTIVADO
GOBIERNO REGIONAL,MAMONAQUIHUA,PUESTOS DE SALUD O POSTAS DE SALUD,SAN MARTIN,LAMAS,CUÑUMBUQUI,220505,I-1,,ACTIVADO
GOBIERNO REGIONAL,SAN LUIS,CENTROS DE SALUD O CENTROS MEDICOS,LIMA,CAÑETE,SAN LUIS,150514,I-3,,ACTIVADO
GOBIERNO REGIONAL,HUAYCHAO,PUESTOS DE SALUD O POSTAS DE SALUD,PASCO,PASCO,HUAYLLAY,190104,I-1,,ACTIVADO
GOBIERNO REGIONAL,NUEVO ARICA DE BALSAPUERTO,PUESTOS DE SALUD O POSTAS DE SALUD,LORETO,ALTO AMAZONAS,BALSAPUERTO,160202,I-1,,ACTIVADO
GOBIERNO REGIONAL,STA. ROSILLO DE UPAQUIHUA,PUESTOS DE SALUD O POSTAS DE SALUD,SAN MARTIN,PICOTA,BUENOS AIRES,220702,I-1,,ACTIVADO
GOBIERNO REGIONAL,PAUJILZAPA,PUESTOS DE SALUD O POSTAS DE SALUD,SAN MARTIN,PICOTA,BUENOS AIRES,220702,I-1,,ACTIVADO
GOBIERNO REGIONAL,NUEVA ARICA,PUESTOS DE SALUD O POSTAS DE SALUD,SAN MARTIN,BELLAVISTA,ALTO BIAVO,220202,I-1,,ACTIVADO
GOBIERNO REGIONAL,PUERTO RICO,PUESTOS DE SALUD O POSTAS DE SALUD,SAN MARTIN,PICOTA,SAN CRISTOBAL,220706,I-1,,ACTIVADO
GOBIERNO REGIONAL,SAN FRANCISCO DEL RIO MAYO,PUESTOS DE SALUD O POSTAS DE SALUD,SAN MARTIN,LAMAS,CUÑUMBUQUI,220505,I-1,,ACTIVADO
GOBIERNO REGIONAL,PATARAYOG,PUESTOS DE SALUD O POSTAS DE SALUD,PASCO,DANIEL ALCIDES CARRION,VILCABAMBA,190208,I-1,,ACTIVADO
GOBIERNO REGIONAL,PORVENIR,PUESTOS DE SALUD O POSTAS DE SALUD,SAN MARTIN,TOCACHE,UCHIZA,221005,I-1,,ACTIVADO
GOBIERNO REGIONAL,TRES DE MAYO DE ANDAS CHICO,PUESTOS DE SALUD O POSTAS DE SALUD,HUANUCO,HUANUCO,YARUMAYO,100110,I-2,,ACTIVADO
GOBIERNO REGIONAL,COCAR,PUESTOS DE SALUD O POSTAS DE SALUD,PASCO,DANIEL ALCIDES CARRION,VILCABAMBA,190208,I-1,,ACTIVADO
GOBIERNO REGIONAL,SAN MIGUEL DECUCHIS,PUESTOS DE SALUD O POSTAS DE SALUD,PASCO,DANIEL ALCIDES CARRION,VILCABAMBA,190208,I-1,,ACTIVADO
GOBIERNO REGIONAL,LANGA,CENTROS DE SALUD O CENTROS MEDICOS,LIMA,HUAROCHIRI,LANGA,150711,I-3,,ACTIVADO
GOBIERNO REGIONAL,CASPIZAPA,CENTROS DE SALUD O CENTROS MEDICOS,SAN MARTIN,PICOTA,CASPIZAPA,220703,I-3,,ACTIVADO
GOBIERNO REGIONAL,YAPAC,PUESTOS DE SALUD O POSTAS DE SALUD,HUANUCO,AMBO,COLPAS,100203,I-2,,ACTIVADO
GOBIERNO REGIONAL,CALAHUAYA,PUESTOS DE SALUD O POSTAS DE SALUD,LIMA,HUAROCHIRI,MARIATANA,150713,I-2,,ACTIVADO
GOBIERNO REGIONAL,JOSE OLAYA,PUESTOS DE SALUD O POSTAS DE SALUD,SAN MARTIN,BELLAVISTA,ALTO BIAVO,220202,I-1,,ACTIVADO
GOBIERNO REGIONAL,INCAICO,PUESTOS DE SALUD O POSTAS DE SALUD,SAN MARTIN,BELLAVISTA,ALTO BIAVO,220202,I-1,,ACTIVADO
GOBIERNO REGIONAL,COLPAS,PUESTOS DE SALUD O POSTAS DE SALUD,HUANUCO,AMBO,COLPAS,100203,I-2,,ACTIVADO
GOBIERNO REGIONAL,CHANGO,PUESTOS DE SALUD O POSTAS DE SALUD,PASCO,DANIEL ALCIDES CARRION,CHACAYAN,190202,I-2,,ACTIVADO
GOBIERNO REGIONAL,SAN ANTONIO DE CUMBAZA,CENTROS DE SALUD O CENTROS MEDICOS,SAN MARTIN,SAN MARTIN,SAN ANTONIO,220912,I-3,,ACTIVADO
GOBIERNO REGIONAL,GOYLLARISQUIZGA,PUESTOS DE SALUD O POSTAS DE SALUD,PASCO,DANIEL ALCIDES CARRION,GOYLLARISQUIZGA,190203,I-2,,ACTIVADO
GOBIERNO REGIONAL,SAN FRANCISCO DE YANTAC,PUESTOS DE SALUD O POSTAS DE SALUD,JUNIN,YAULI,MARCAPOMACOCHA,120804,I-1,,ACTIVADO
GOBIERNO REGIONAL,SAN PEDRO DE CUMBAZA,PUESTOS DE SALUD O POSTAS DE SALUD,SAN MARTIN,SAN MARTIN,SAN ANTONIO,220912,I-1,,ACTIVADO
GOBIERNO REGIONAL,CANLLE,PUESTOS DE SALUD O POSTAS DE SALUD,LIMA,HUAROCHIRI,LAHUAYTAMBO,150710,I-1,,ACTIVADO
GOBIERNO REGIONAL,LA CRUZADA,PUESTOS DE SALUD O POSTAS DE SALUD,PASCO,PASCO,HUAYLLAY,190104,I-1,,ACTIVADO
GOBIERNO REGIONAL,ANDOAS VIEJO,PUESTOS DE SALUD O POSTAS DE SALUD,LORETO,DATEM DEL MARAÑON,ANDOAS,160706,I-1,,ACTIVADO
GOBIERNO REGIONAL,JORGE CHAVEZ,PUESTOS DE SALUD O POSTAS DE SALUD,SAN MARTIN,TOCACHE,UCHIZA,221005,I-1,,ACTIVADO
GOBIERNO REGIONAL,INDUSTRIAL,PUESTOS DE SALUD O POSTAS DE SALUD,LORETO,DATEM DEL MARAÑON,BARRANCA,160701,I-1,,ACTIVADO
GOBIERNO REGIONAL,CHIPAQUILLO,PUESTOS DE SALUD O POSTAS DE SALUD,HUANUCO,DOS DE MAYO,MARIAS,100311,I-1,,ACTIVADO
GOBIERNO REGIONAL,MONZON,CENTROS DE SALUD O CENTROS MEDICOS,HUANUCO,HUAMALIES,MONZON,100507,I-3,,ACTIVADO
GOBIERNO REGIONAL,SANTA ANA DE PACOYAN,PUESTOS DE SALUD O POSTAS DE SALUD,PASCO,PASCO,SIMON BOLIVAR,190109,I-1,,ACTIVADO
GOBIERNO REGIONAL,SAN DAMIAN,PUESTOS DE SALUD O POSTAS DE SALUD,LIMA,HUAROCHIRI,SAN DAMIAN,150718,I-2,,ACTIVADO
GOBIERNO REGIONAL,GORGORIN,PUESTOS DE SALUD O POSTAS DE SALUD,PASCO,DANIEL ALCIDES CARRION,CHACAYAN,190202,I-1,,ACTIVADO
GOBIERNO REGIONAL,HUANCAPALLAC,CENTROS DE SALUD O CENTROS MEDICOS,HUANUCO,HUANUCO,QUISQUI,100106,I-3,,ACTIVADO
GOBIERNO REGIONAL,PARAISO ( MEGOTE),CENTROS DE SALUD O CENTROS MEDICOS,HUANUCO,MARAÑON,CHOLON,100702,I-3,,ACTIVADO
GOBIERNO REGIONAL,LAHUAYTAMBO,PUESTOS DE SALUD O POSTAS DE SALUD,LIMA,HUAROCHIRI,LAHUAYTAMBO,150710,I-2,,ACTIVADO
GOBIERNO REGIONAL,POCOBAMBA,PUESTOS DE SALUD O POSTAS DE SALUD,PASCO,DANIEL ALCIDES CARRION,SANTA ANA DE TUSI,190206,I-1,,ACTIVADO
GOBIERNO REGIONAL,FRAY MARTIN,PUESTOS DE SALUD O POSTAS DE SALUD,LORETO,ALTO AMAZONAS,BALSAPUERTO,160202,I-1,,ACTIVADO
GOBIERNO REGIONAL,CAYNA,PUESTOS DE SALUD O POSTAS DE SALUD,HUANUCO,AMBO,CAYNA,100202,I-2,,ACTIVADO
ESSALUD,POSTA MEDICA SANTA LUCIA,PUESTOS DE SALUD O POSTAS DE SALUD,SAN MARTIN,TOCACHE,UCHIZA,221005,I-2,,ACTIVADO
GOBIERNO REGIONAL,SANTA LUCIA,CENTROS DE SALUD O CENTROS MEDICOS,SAN MARTIN,TOCACHE,UCHIZA,221005,I-3,,ACTIVADO
GOBIERNO REGIONAL,SAN JOSE DE COZO TINGO,PUESTOS DE SALUD O POSTAS DE SALUD,HUANUCO,HUANUCO,SAN PEDRO DE CHAULAN,100108,I-1,,ACTIVADO
GOBIERNO REGIONAL,SAN PEDRO DE CANI,PUESTOS DE SALUD O POSTAS DE SALUD,HUANUCO,HUANUCO,QUISQUI,100106,I-2,,ACTIVADO
GOBIERNO REGIONAL,HOSPITAL REZOLA,HOSPITALES O CLINICAS DE ATENCION GENERAL,LIMA,CAÑETE,SAN VICENTE DE CAÑETE,150501,II-2,91.0,ACTIVADO
GOBIERNO REGIONAL,QUILMANA,CENTROS DE SALUD O CENTROS MEDICOS,LIMA,CAÑETE,QUILMANA,150512,I-3,6.0,ACTIVADO
GOBIERNO REGIONAL,ATUMPAMPA,PUESTOS DE SALUD O POSTAS DE SALUD,SAN MARTIN,SAN MARTIN,TARAPOTO,220901,I-1,,ACTIVADO
GOBIERNO REGIONAL,HOSPITAL SAN JUAN DE MATUCANA,HOSPITALES O CLINICAS DE ATENCION GENERAL,LIMA,HUAROCHIRI,MATUCANA,150701,II-1,15.0,ACTIVADO
GOBIERNO REGIONAL,MORALES,CENTROS DE SALUD CON CAMAS DE INTERNAMIENTO,SAN MARTIN,SAN MARTIN,MORALES,220910,I-4,12.0,ACTIVADO
GOBIERNO REGIONAL,SAN PEDRO DE RACCO,PUESTOS DE SALUD O POSTAS DE SALUD,PASCO,PASCO,SIMON BOLIVAR,190109,I-1,,ACTIVADO
ESSALUD,HOSPITAL II CAÑETE,CENTROS DE SALUD CON CAMAS DE INTERNAMIENTO,LIMA,CAÑETE,SAN VICENTE DE CAÑETE,150501,II-1,63.0,ACTIVADO
GOBIERNO REGIONAL,PATAY RONDOS,PUESTOS DE SALUD O POSTAS DE SALUD,HUANUCO,DOS DE MAYO,MARIAS,100311,I-2,,ACTIVADO
GOBIERNO REGIONAL,SANTA ROSA DE CUMBAZA,PUESTOS DE SALUD O POSTAS DE SALUD,SAN MARTIN,SAN MARTIN,TARAPOTO,220901,I-1,,ACTIVADO
ESSALUD,HOSPITAL II TARAPOTO,HOSPITALES O CLINICAS DE ATENCION ESPECIALIZADA,SAN MARTIN,SAN MARTIN,TARAPOTO,220901,Sin Categoría,64.0,ACTIVADO
GOBIERNO REGIONAL,HUICTE,PUESTOS DE SALUD O POSTAS DE SALUD,SAN MARTIN,TOCACHE,UCHIZA,221005,I-1,,ACTIVADO
GOBIERNO REGIONAL,SUNICANCHA,PUESTOS DE SALUD O POSTAS DE SALUD,LIMA,HUAROCHIRI,SAN DAMIAN,150718,I-1,,ACTIVADO
GOBIERNO REGIONAL,HUAYO,PUESTOS DE SALUD O POSTAS DE SALUD,PASCO,DANIEL ALCIDES CARRION,SANTA ANA DE TUSI,190206,I-1,,ACTIVADO
GOBIERNO REGIONAL,JUCLACANCHA,PUESTOS DE SALUD O POSTAS DE SALUD,PASCO,DANIEL ALCIDES CARRION,SANTA ANA DE TUSI,190206,I-1,,ACTIVADO
GOBIERNO REGIONAL,QUIO,PUESTOS DE SALUD O POSTAS DE SALUD,HUANUCO,AMBO,CAYNA,100202,I-1,,ACTIVADO
GOBIERNO REGIONAL,NUEVE DE ABRIL,CENTROS DE SALUD O CENTROS MEDICOS,SAN MARTIN,SAN MARTIN,TARAPOTO,220901,I-3,0.0,ACTIVADO
GOBIERNO REGIONAL,BANCO DE SANGRE REGIONAL SAN MARTIN,PATOLOGIA CLINICA,SAN MARTIN,SAN MARTIN,TARAPOTO,220901,Sin Categoría,,ACTIVADO
GOBIERNO REGIONAL,TANGOR,PUESTOS DE SALUD O POSTAS DE SALUD,PASCO,DANIEL ALCIDES CARRION,PAUCAR,190204,I-1,,ACTIVADO
GOBIERNO REGIONAL,HUAYCO TARAPOTO,PUESTOS DE SALUD O POSTAS DE SALUD,SAN MARTIN,SAN MARTIN,TARAPOTO,220901,I-2,,ACTIVADO
GOBIERNO REGIONAL,SANTA ROSILLO PICOTA,PUESTOS DE SALUD O POSTAS DE SALUD,SAN MARTIN,PICOTA,PICOTA,220701,I-1,,ACTIVADO
GOBIERNO REGIONAL,MISCA,PUESTOS DE SALUD O POSTAS DE SALUD,PASCO,DANIEL ALCIDES CARRION,CHACAYAN,190202,I-1,,ACTIVADO
GOBIERNO REGIONAL,MACHIN,PUESTOS DE SALUD O POSTAS DE SALUD,PASCO,DANIEL ALCIDES CARRION,SANTA ANA DE TUSI,190206,I-1,,ACTIVADO
GOBIERNO REGIONAL,ISCAYCOCHA,PUESTOS DE SALUD O POSTAS DE SALUD,PASCO,DANIEL ALCIDES CARRION,CHACAYAN,190202,I-1,,ACTIVADO
GOBIERNO REGIONAL,HUAYLLAY,CENTROS DE SALUD O CENTROS MEDICOS,PASCO,PASCO,HUAYLLAY,190104,I-3,,ACTIVADO
GOBIERNO REGIONAL,SAN JUAN DE LIBERTAD,PUESTOS DE SALUD O POSTAS DE SALUD,HUANUCO,HUANUCO,SAN PEDRO DE CHAULAN,100108,I-2,,ACTIVADO
GOBIERNO REGIONAL,PUNTA DEL ESTE,CENTROS DE SALUD O CENTROS MEDICOS,SAN MARTIN,SAN MARTIN,TARAPOTO,220901,I-3,,ACTIVADO
GOBIERNO REGIONAL,ICHOCA,PUESTOS DE SALUD O POSTAS DE SALUD,LIMA,HUAROCHIRI,SAN MATEO,150722,I-1,,ACTIVADO
GOBIERNO REGIONAL,SAN CARLOS,PUESTOS DE SALUD O POSTAS DE SALUD,PASCO,PASCO,HUAYLLAY,190104,I-1,,ACTIVADO
GOBIERNO REGIONAL,LOBOYACU,PUESTOS DE SALUD O POSTAS DE SALUD,LORETO,DATEM DEL MARAÑON,ANDOAS,160706,I-2,,ACTIVADO
GOBIERNO REGIONAL,PUTAJA,PUESTOS DE SALUD O POSTAS DE SALUD,PASCO,DANIEL ALCIDES CARRION,SANTA ANA DE TUSI,190206,I-1,,ACTIVADO
GOBIERNO REGIONAL,SAN JUAN DE HUAGLAYOG,PUESTOS DE SALUD O POSTAS DE SALUD,PASCO,DANIEL ALCIDES CARRION,SANTA ANA DE TUSI,190206,I-1,,ACTIVADO
GOBIERNO REGIONAL,SANTA ROSA DE SHAPAJA,PUESTOS DE SALUD O POSTAS DE SALUD,SAN MARTIN,TOCACHE,UCHIZA,221005,I-1,,ACTIVADO
GOBIERNO REGIONAL,ESCOMARCA,PUESTOS DE SALUD O POSTAS DE SALUD,LIMA,HUAROCHIRI,LANGA,150711,I-2,,ACTIVADO
GOBIERNO REGIONAL,SAN JUAN DE BALSAPUERTO,PUESTOS DE SALUD O POSTAS DE SALUD,LORETO,ALTO AMAZONAS,BALSAPUERTO,160202,I-1,,ACTIVADO
GOBIERNO REGIONAL,RAMOS LARREA,CENTROS DE SALUD CON CAMAS DE INTERNAMIENTO,LIMA,CAÑETE,IMPERIAL,150507,I-4,8.0,ACTIVADO
GOBIERNO REGIONAL,ALFONSO UGARTE,PUESTOS DE SALUD O POSTAS DE SALUD,SAN MARTIN,LAMAS,CAYNARACHI,220504,I-1,,ACTIVADO
GOBIERNO REGIONAL,LLACSA,PUESTOS DE SALUD O POSTAS DE SALUD,HUANUCO,HUANUCO,SANTA MARIA DEL VALLE,100109,I-1,,ACTIVADO
GOBIERNO REGIONAL,STA. ANA DE TUSI,CENTROS DE SALUD CON CAMAS DE INTERNAMIENTO,PASCO,DANIEL ALCIDES CARRION,SANTA ANA DE TUSI,190206,I-4,,ACTIVADO
GOBIERNO REGIONAL,PORVENIR DE JEBEROS,PUESTOS DE SALUD O POSTAS DE SALUD,LORETO,ALTO AMAZONAS,JEBEROS,160205,I-1,,ACTIVADO
GOBIERNO REGIONAL,IMPERIAL,CENTROS DE SALUD O CENTROS MEDICOS,LIMA,CAÑETE,IMPERIAL,150507,I-3,,ACTIVADO
GOBIERNO REGIONAL,CERRO ALEGRE,PUESTOS DE SALUD O POSTAS DE SALUD,LIMA,CAÑETE,IMPERIAL,150507,I-2,,ACTIVADO
GOBIERNO REGIONAL,P.S. CENTRO AMERICA,PUESTOS DE SALUD O POSTAS DE SALUD,LORETO,ALTO AMAZONAS,BALSAPUERTO,160202,I-1,,ACTIVADO
GOBIERNO REGIONAL,LAS MALVINAS,PUESTOS DE SALUD O POSTAS DE SALUD,LIMA,CAÑETE,IMPERIAL,150507,I-2,,ACTIVADO
GOBIERNO REGIONAL,NUEVO LAMAS,PUESTOS DE SALUD O POSTAS DE SALUD,SAN MARTIN,LAMAS,CAYNARACHI,220504,I-1,,ACTIVADO
GOBIERNO REGIONAL,BANDA SHILCAYO,HOSPITALES O CLINICAS DE ATENCION GENERAL,SAN MARTIN,SAN MARTIN,LA BANDA DE SHILCAYO,220909,II-E,6.0,ACTIVADO
GOBIERNO REGIONAL,HOSPITAL TARAPOTO,HOSPITALES O CLINICAS DE ATENCION GENERAL,SAN MARTIN,SAN MARTIN,TARAPOTO,220901,II-2,148.0,ACTIVADO
GOBIERNO REGIONAL,PAMPANIA,PUESTOS DE SALUD O POSTAS DE SALUD,PASCO,DANIEL ALCIDES CARRION,SANTA ANA DE TUSI,190206,I-1,,ACTIVADO
GOBIERNO REGIONAL,ASUNCION 8,PUESTOS DE SALUD O POSTAS DE SALUD,LIMA,CAÑETE,IMPERIAL,150507,I-2,,ACTIVADO
GOBIERNO REGIONAL,LAS PALMAS,PUESTOS DE SALUD O POSTAS DE SALUD,SAN MARTIN,SAN MARTIN,LA BANDA DE SHILCAYO,220909,I-1,,ACTIVADO
GOBIERNO REGIONAL,PUCACACA,CENTROS DE SALUD O CENTROS MEDICOS,SAN MARTIN,PICOTA,PUCACACA,220705,I-3,,ACTIVADO
GOBIERNO REGIONAL,NUEVO PORONGO,PUESTOS DE SALUD O POSTAS DE SALUD,SAN MARTIN,TOCACHE,UCHIZA,221005,I-1,,ACTIVADO
GOBIERNO REGIONAL,LAS AMAZONAS,PUESTOS DE SALUD O POSTAS DE SALUD,LORETO,ALTO AMAZONAS,YURIMAGUAS,160201,I-1,,ACTIVADO
GOBIERNO REGIONAL,SAN SANTIAGO DE ANTAPIRCA,PUESTOS DE SALUD O POSTAS DE SALUD,PASCO,DANIEL ALCIDES CARRION,SANTA ANA DE TUSI,190206,I-2,,ACTIVADO
GOBIERNO REGIONAL,MARCAPOMACOCHA,PUESTOS DE SALUD O POSTAS DE SALUD,JUNIN,YAULI,MARCAPOMACOCHA,120804,I-2,,ACTIVADO
GOBIERNO REGIONAL,PUEBLO NUEVO DE CONTA,PUESTOS DE SALUD O POSTAS DE SALUD,LIMA,CAÑETE,NUEVO IMPERIAL,150510,I-2,,ACTIVADO
GOBIERNO REGIONAL,LA HUERTA,PUESTOS DE SALUD O POSTAS DE SALUD,LIMA,CAÑETE,QUILMANA,150512,I-2,,ACTIVADO
GOBIERNO REGIONAL,POGOG,PUESTOS DE SALUD O POSTAS DE SALUD,PASCO,DANIEL ALCIDES CARRION,SANTA ANA DE TUSI,190206,I-1,,ACTIVADO
GOBIERNO REGIONAL,RINCONADA DE CONTA,PUESTOS DE SALUD O POSTAS DE SALUD,LIMA,CAÑETE,NUEVO IMPERIAL,150510,I-2,,ACTIVADO
GOBIERNO REGIONAL,VILLA CORAZON DE JESUS,PUESTOS DE SALUD O POSTAS DE SALUD,PASCO,DANIEL ALCIDES CARRION,SANTA ANA DE TUSI,190206,I-1,,ACTIVADO
GOBIERNO REGIONAL,SABALOYACU,PUESTOS DE SALUD O POSTAS DE SALUD,LORETO,DATEM DEL MARAÑON,ANDOAS,160706,I-1,,ACTIVADO
GOBIERNO REGIONAL,SAN FRANCISCO DE ACOCHACAN,PUESTOS DE SALUD O POSTAS DE SALUD,HUANUCO,AMBO,SAN FRANCISCO,100206,I-1,,ACTIVADO
GOBIERNO REGIONAL,CARMEN ALTO,PUESTOS DE SALUD O POSTAS DE SALUD,LIMA,CAÑETE,NUEVO IMPERIAL,150510,I-2,,ACTIVADO
GOBIERNO REGIONAL,NUEVO TARAPOTO,PUESTOS DE SALUD O POSTAS DE SALUD,SAN MARTIN,BELLAVISTA,BAJO BIAVO,220203,I-1,,ACTIVADO
GOBIERNO REGIONAL,HOSPITAL RURAL  PICOTA,CENTROS DE SALUD CON CAMAS DE INTERNAMIENTO,SAN MARTIN,PICOTA,PICOTA,220701,I-4,15.0,ACTIVADO
GOBIERNO REGIONAL,BUENOS AIRES,PUESTOS DE SALUD O POSTAS DE SALUD,SAN MARTIN,PICOTA,BUENOS AIRES,220702,I-2,,ACTIVADO
GOBIERNO REGIONAL,SAN JUAN DE SHANUSI,PUESTOS DE SALUD O POSTAS DE SALUD,SAN MARTIN,LAMAS,CAYNARACHI,220504,I-1,,ACTIVADO
GOBIERNO REGIONAL,SAN FRANCISCO PAMPAYACU,PUESTOS DE SALUD O POSTAS DE SALUD,LORETO,ALTO AMAZONAS,YURIMAGUAS,160201,I-1,,ACTIVADO
GOBIERNO REGIONAL,SAN JUAN DE UTCUSH,PUESTOS DE SALUD O POSTAS DE SALUD,HUANUCO,AMBO,CAYNA,100202,I-2,,ACTIVADO
GOBIERNO REGIONAL,WINGE,PUESTOS DE SALUD O POSTAS DE SALUD,SAN MARTIN,PICOTA,PICOTA,220701,I-1,,ACTIVADO
GOBIERNO REGIONAL,SAN MIGUEL DE VISO,PUESTOS DE SALUD O POSTAS DE SALUD,LIMA,HUAROCHIRI,SAN MATEO,150722,I-1,,ACTIVADO
GOBIERNO REGIONAL,NUEVO CONTROL,PUESTOS DE SALUD O POSTAS DE SALUD,SAN MARTIN,BELLAVISTA,BAJO BIAVO,220203,I-1,,ACTIVADO
GOBIERNO REGIONAL,MARIATANA,PUESTOS DE SALUD O POSTAS DE SALUD,LIMA,HUAROCHIRI,MARIATANA,150713,I-1,,ACTIVADO
GOBIERNO REGIONAL,JUAN GUERRA,CENTROS DE SALUD O CENTROS MEDICOS,SAN MARTIN,SAN MARTIN,JUAN GUERRA,220908,I-3,1.0,ACTIVADO
GOBIERNO REGIONAL,CEDRO PAMPA,PUESTOS DE SALUD O POSTAS DE SALUD,SAN MARTIN,PICOTA,PUCACACA,220705,I-1,,ACTIVADO
GOBIERNO REGIONAL,NUEVO  PROGRESO,CENTROS DE SALUD O CENTROS MEDICOS,SAN MARTIN,TOCACHE,NUEVO PROGRESO,221002,I-3,,ACTIVADO
GOBIERNO REGIONAL,SANTA MARIA ALTA,PUESTOS DE SALUD O POSTAS DE SALUD,LIMA,CAÑETE,NUEVO IMPERIAL,150510,I-2,,ACTIVADO
GOBIERNO REGIONAL,CHUNQUIPATA,PUESTOS DE SALUD O POSTAS DE SALUD,PASCO,PASCO,PALLANCHACRA,190106,I-1,,ACTIVADO
GOBIERNO REGIONAL,RIO UCHIZA,PUESTOS DE SALUD O POSTAS DE SALUD,SAN MARTIN,TOCACHE,NUEVO PROGRESO,221002,I-1,,ACTIVADO
GOBIERNO REGIONAL,NUEVO IMPERIAL,CENTROS DE SALUD O CENTROS MEDICOS,LIMA,CAÑETE,NUEVO IMPERIAL,150510,I-3,,ACTIVADO
GOBIERNO REGIONAL,SAN MIGUEL DE MITOQUERA,PUESTOS DE SALUD O POSTAS DE SALUD,HUANUCO,HUANUCO,SANTA MARIA DEL VALLE,100109,I-1,,ACTIVADO
GOBIERNO REGIONAL,RANCAS,CENTROS DE SALUD CON CAMAS DE INTERNAMIENTO,PASCO,PASCO,SIMON BOLIVAR,190109,I-4,,ACTIVADO
GOBIERNO REGIONAL,CALLHUAN,PUESTOS DE SALUD O POSTAS DE SALUD,PASCO,DANIEL ALCIDES CARRION,SANTA ANA DE TUSI,190206,I-1,,ACTIVADO
GOBIERNO REGIONAL,CANCHACUCHO,PUESTOS DE SALUD O POSTAS DE SALUD,PASCO,PASCO,HUAYLLAY,190104,I-1,,ACTIVADO
GOBIERNO REGIONAL,SACRA FAMILIA,PUESTOS DE SALUD O POSTAS DE SALUD,PASCO,PASCO,SIMON BOLIVAR,190109,I-1,,ACTIVADO
GOBIERNO REGIONAL,BARRANQUITA PICOTA,PUESTOS DE SALUD O POSTAS DE SALUD,SAN MARTIN,PICOTA,PICOTA,220701,I-1,,ACTIVADO
GOBIERNO REGIONAL,YURAJHUANCA,PUESTOS DE SALUD O POSTAS DE SALUD,PASCO,PASCO,SIMON BOLIVAR,190109,I-1,,ACTIVADO
GOBIERNO REGIONAL,CUYACU,PUESTOS DE SALUD O POSTAS DE SALUD,HUANUCO,HUAMALIES,MONZON,100507,I-1,,ACTIVADO
GOBIERNO REGIONAL,P.S. NUEVA ALIANZA,PUESTOS DE SALUD O POSTAS DE SALUD,LORETO,ALTO AMAZONAS,YURIMAGUAS,160201,I-1,,ACTIVADO
GOBIERNO REGIONAL,VARADERILLO,PUESTOS DE SALUD O POSTAS DE SALUD,LORETO,ALTO AMAZONAS,YURIMAGUAS,160201,I-1,,ACTIVADO
GOBIERNO REGIONAL,PROGRESO KM.30,PUESTOS DE SALUD O POSTAS DE SALUD,SAN MARTIN,SAN MARTIN,LA BANDA DE SHILCAYO,220909,I-1,,ACTIVADO
GOBIERNO REGIONAL,SANTIAGO DE LLACON,PUESTOS DE SALUD O POSTAS DE SALUD,HUANUCO,HUANUCO,SANTA MARIA DEL VALLE,100109,I-2,,ACTIVADO
GOBIERNO REGIONAL,LA UNION (SANIRARCA),PUESTOS DE SALUD O POSTAS DE SALUD,SAN MARTIN,SAN MARTIN,LA BANDA DE SHILCAYO,220909,I-1,,ACTIVADO
GOBIERNO REGIONAL,YACUCATINA,PUESTOS DE SALUD O POSTAS DE SALUD,SAN MARTIN,SAN MARTIN,JUAN GUERRA,220908,I-1,,ACTIVADO
GOBIERNO REGIONAL,BELLO HORIZONTE,PUESTOS DE SALUD O POSTAS DE SALUD,SAN MARTIN,SAN MARTIN,LA BANDA DE SHILCAYO,220909,I-1,,ACTIVADO
GOBIERNO REGIONAL,SAN MATEO DE HUANCHOR,CENTROS DE SALUD O CENTROS MEDICOS,LIMA,HUAROCHIRI,SAN MATEO,150722,I-3,,ACTIVADO
GOBIERNO REGIONAL,YUMBATOS,PUESTOS DE SALUD O POSTAS DE SALUD,SAN MARTIN,LAMAS,CAYNARACHI,220504,I-1,,ACTIVADO
GOBIERNO REGIONAL,COCHAMARCA,PUESTOS DE SALUD O POSTAS DE SALUD,PASCO,PASCO,VICCO,190112,I-1,,ACTIVADO
GOBIERNO REGIONAL,PILLUANA,PUESTOS DE SALUD O POSTAS DE SALUD,SAN MARTIN,PICOTA,PILLUANA,220704,I-1,,ACTIVADO
GOBIERNO REGIONAL,HUARAUCACA,PUESTOS DE SALUD O POSTAS DE SALUD,PASCO,PASCO,TINYAHUARCO,190111,I-1,,ACTIVADO
GOBIERNO REGIONAL,CUYAGHUAYIN,PUESTOS DE SALUD O POSTAS DE SALUD,PASCO,DANIEL ALCIDES CARRION,SANTA ANA DE TUSI,190206,I-1,,ACTIVADO
GOBIERNO REGIONAL,QUIULACOCHA,PUESTOS DE SALUD O POSTAS DE SALUD,PASCO,PASCO,SIMON BOLIVAR,190109,I-1,,ACTIVADO
GOBIERNO REGIONAL,SAN FRANCISCO DE MOSCA,PUESTOS DE SALUD O POSTAS DE SALUD,HUANUCO,AMBO,SAN FRANCISCO,100206,I-2,,ACTIVADO
GOBIERNO REGIONAL,MOSCATUNA,PUESTOS DE SALUD O POSTAS DE SALUD,HUANUCO,AMBO,HUACAR,100205,I-1,,ACTIVADO
GOBIERNO REGIONAL,SAN JOSE KM.34,PUESTOS DE SALUD O POSTAS DE SALUD,SAN MARTIN,SAN MARTIN,LA BANDA DE SHILCAYO,220909,I-1,,ACTIVADO
GOBIERNO REGIONAL,UTCURARCA,PUESTOS DE SALUD O POSTAS DE SALUD,SAN MARTIN,SAN MARTIN,ALBERTO LEVEAU,220902,I-1,,ACTIVADO
GOBIERNO REGIONAL,PONGO DEL CAYNARACHI,CENTROS DE SALUD CON CAMAS DE INTERNAMIENTO,SAN MARTIN,LAMAS,CAYNARACHI,220504,I-4,,ACTIVADO
GOBIERNO REGIONAL,SANTA BARBARA DE CARHUACAYAN,PUESTOS DE SALUD O POSTAS DE SALUD,JUNIN,YAULI,SANTA BARBARA DE CARHUACAYAN,120807,I-1,,ACTIVADO
GOBIERNO REGIONAL,ALMIRANTE GRAU BOMBONAJILLO,PUESTOS DE SALUD O POSTAS DE SALUD,SAN MARTIN,BELLAVISTA,BAJO BIAVO,220203,I-1,,ACTIVADO
GOBIERNO REGIONAL,SANTA CRUZ,PUESTOS DE SALUD O POSTAS DE SALUD,SAN MARTIN,TOCACHE,NUEVO PROGRESO,221002,I-1,,ACTIVADO
GOBIERNO REGIONAL,VINCHOS,PUESTOS DE SALUD O POSTAS DE SALUD,PASCO,PASCO,PALLANCHACRA,190106,I-1,,ACTIVADO
GOBIERNO REGIONAL,CAYRAN,CENTROS DE SALUD O CENTROS MEDICOS,HUANUCO,HUANUCO,SAN FRANCISCO DE CAYRAN,100107,I-3,,ACTIVADO
GOBIERNO REGIONAL,TACTAYOG,PUESTOS DE SALUD O POSTAS DE SALUD,PASCO,DANIEL ALCIDES CARRION,SANTA ANA DE TUSI,190206,I-1,,ACTIVADO
GOBIERNO REGIONAL,LA FLORIDA,PUESTOS DE SALUD O POSTAS DE SALUD,LIMA,CAÑETE,NUEVO IMPERIAL,150510,I-1,,ACTIVADO
GOBIERNO REGIONAL,JEBEROS,CENTROS DE SALUD O CENTROS MEDICOS,LORETO,ALTO AMAZONAS,JEBEROS,160205,I-3,,ACTIVADO
GOBIERNO REGIONAL,VISCAS,PUESTOS DE SALUD O POSTAS DE SALUD,LIMA,YAUYOS,QUINOCAY,151025,I-1,,ACTIVADO
GOBIERNO REGIONAL,P.S. SANTA LUCIA,PUESTOS DE SALUD O POSTAS DE SALUD,LORETO,ALTO AMAZONAS,YURIMAGUAS,160201,I-1,,ACTIVADO
GOBIERNO REGIONAL,PARIACANCHA,PUESTOS DE SALUD O POSTAS DE SALUD,PASCO,PASCO,PALLANCHACRA,190106,I-1,,ACTIVADO
GOBIERNO REGIONAL,SAN SEBASTIAN DE QUERA,CENTROS DE SALUD O CENTROS MEDICOS,HUANUCO,HUANUCO,SANTA MARIA DEL VALLE,100109,I-3,,ACTIVADO
GOBIERNO REGIONAL,MACHUNGO,PUESTOS DE SALUD O POSTAS DE SALUD,SAN MARTIN,SAN MARTIN,ALBERTO LEVEAU,220902,I-1,,ACTIVADO
GOBIERNO REGIONAL,PUESTO DE SALUD YANAJANCA,PUESTOS DE SALUD O POSTAS DE SALUD,HUANUCO,MARAÑON,CHOLON,100702,I-1,,ACTIVADO
GOBIERNO REGIONAL,ALIANZA,PUESTOS DE SALUD O POSTAS DE SALUD,SAN MARTIN,LAMAS,CAYNARACHI,220504,I-2,,ACTIVADO
GOBIERNO REGIONAL,TAMBO DE SAN JOSE,PUESTOS DE SALUD O POSTAS DE SALUD,HUANUCO,HUANUCO,SANTA MARIA DEL VALLE,100109,I-2,,ACTIVADO
GOBIERNO REGIONAL,BONILLA,PUESTOS DE SALUD O POSTAS DE SALUD,SAN MARTIN,LAMAS,CAYNARACHI,220504,I-1,,ACTIVADO
GOBIERNO REGIONAL,TINGO PALCA,PUESTOS DE SALUD O POSTAS DE SALUD,PASCO,PASCO,YANACANCHA,190113,I-1,,ACTIVADO
GOBIERNO REGIONAL,SMELTER,PUESTOS DE SALUD O POSTAS DE SALUD,PASCO,PASCO,TINYAHUARCO,190111,I-1,,ACTIVADO
GOBIERNO REGIONAL,PUERTO RICO,PUESTOS DE SALUD O POSTAS DE SALUD,SAN MARTIN,TOCACHE,NUEVO PROGRESO,221002,I-1,,ACTIVADO
GOBIERNO REGIONAL,PAMPA HERMOZA DE YURIMAGUAS,CENTROS DE SALUD O CENTROS MEDICOS,LORETO,ALTO AMAZONAS,YURIMAGUAS,160201,I-3,12.0,ACTIVADO
ESSALUD,CENTRO MEDICO CASAPALCA,CENTROS DE SALUD CON CAMAS DE INTERNAMIENTO,LIMA,HUAROCHIRI,CHICLA,150705,Sin Categoría,,ACTIVADO
GOBIERNO REGIONAL,LAGUNA GRANDE,PUESTOS DE SALUD O POSTAS DE SALUD,ICA,PISCO,PARACAS,110505,I-1,,ACTIVADO
GOBIERNO REGIONAL,CHICLA,PUESTOS DE SALUD O POSTAS DE SALUD,LIMA,HUAROCHIRI,CHICLA,150705,I-2,,ACTIVADO
GOBIERNO REGIONAL,CHAMPAMARCA,PUESTOS DE SALUD O POSTAS DE SALUD,PASCO,PASCO,SIMON BOLIVAR,190109,I-1,,ACTIVADO
GOBIERNO REGIONAL,SAN PEDRO DE ACOBAMBA,PUESTOS DE SALUD O POSTAS DE SALUD,HUANUCO,AMBO,HUACAR,100205,I-1,,ACTIVADO
GOBIERNO REGIONAL,PARAGSHA,CENTROS DE SALUD O CENTROS MEDICOS,PASCO,PASCO,SIMON BOLIVAR,190109,I-3,,ACTIVADO
ESSALUD,HOSPITAL II PASCO,HOSPITALES O CLINICAS DE ATENCION GENERAL,PASCO,PASCO,SIMON BOLIVAR,190109,II-2,50.0,ACTIVADO
GOBIERNO REGIONAL,SHAPAJA,PUESTOS DE SALUD O POSTAS DE SALUD,SAN MARTIN,SAN MARTIN,SHAPAJA,220914,I-2,,ACTIVADO
GOBIERNO REGIONAL,MARISCAL CASTILLA,PUESTOS DE SALUD O POSTAS DE SALUD,SAN MARTIN,PICOTA,TINGO DE PONASA,220709,I-1,,ACTIVADO
GOBIERNO REGIONAL,NAUYAN RONDOS,PUESTOS DE SALUD O POSTAS DE SALUD,HUANUCO,HUANUCO,HUANUCO,100101,I-1,,ACTIVADO
GOBIERNO REGIONAL,TRES DE MAYO DE PAGSHAG,PUESTOS DE SALUD O POSTAS DE SALUD,HUANUCO,HUANUCO,CHURUBAMBA,100104,I-1,,ACTIVADO
GOBIERNO REGIONAL,EL MISTI,PUESTOS DE SALUD O POSTAS DE SALUD,PASCO,PASCO,CHAUPIMARCA,190101,I-1,,ACTIVADO
GOBIERNO REGIONAL,TRES DE MAYO DE RODEO,PUESTOS DE SALUD O POSTAS DE SALUD,HUANUCO,AMBO,SAN FRANCISCO,100206,I-2,,ACTIVADO
GOBIERNO REGIONAL,ALLOCA,PUESTOS DE SALUD O POSTAS DE SALUD,LIMA,HUAROCHIRI,SANGALLAYA,150726,I-1,,ACTIVADO
GOBIERNO REGIONAL,COLQUIJIRCA,CENTROS DE SALUD CON CAMAS DE INTERNAMIENTO,PASCO,PASCO,TINYAHUARCO,190111,I-4,,ACTIVADO
GOBIERNO REGIONAL,DR.DANIEL ALCIDES CARRION GARCIA.,HOSPITALES O CLINICAS DE ATENCION GENERAL,PASCO,PASCO,YANACANCHA,190113,II-1,,ACTIVADO
GOBIERNO REGIONAL,RAGAN,PUESTOS DE SALUD O POSTAS DE SALUD,PASCO,DANIEL ALCIDES CARRION,SANTA ANA DE TUSI,190206,I-1,,ACTIVADO
GOBIERNO REGIONAL,HUANCACHUPAC,PUESTOS DE SALUD O POSTAS DE SALUD,HUANUCO,HUANUCO,SAN FRANCISCO DE CAYRAN,100107,I-2,,ACTIVADO
GOBIERNO REGIONAL,EL DIEZMO PALCAN,PUESTOS DE SALUD O POSTAS DE SALUD,PASCO,PASCO,HUAYLLAY,190104,I-1,,ACTIVADO
GOBIERNO REGIONAL,SAN JUAN DE PAMPLONA,PUESTOS DE SALUD O POSTAS DE SALUD,LORETO,ALTO AMAZONAS,YURIMAGUAS,160201,I-1,,ACTIVADO
GOBIERNO REGIONAL,AYPENA,PUESTOS DE SALUD O POSTAS DE SALUD,SAN MARTIN,PICOTA,TINGO DE PONASA,220709,I-1,,ACTIVADO
GOBIERNO REGIONAL,SANTA ROSA CHORA,PUESTOS DE SALUD O POSTAS DE SALUD,PASCO,DANIEL ALCIDES CARRION,SANTA ANA DE TUSI,190206,I-2,,ACTIVADO
GOBIERNO REGIONAL,YANAYACU,PUESTOS DE SALUD O POSTAS DE SALUD,SAN MARTIN,BELLAVISTA,BAJO BIAVO,220203,I-1,,ACTIVADO
GOBIERNO REGIONAL,VIRGEN DEL CARMEN,PUESTOS DE SALUD O POSTAS DE SALUD,PASCO,PASCO,YANACANCHA,190113,I-2,,ACTIVADO
GOBIERNO REGIONAL,ULIACHIN,CENTROS DE SALUD O CENTROS MEDICOS,PASCO,PASCO,CHAUPIMARCA,190101,I-3,,ACTIVADO
GOBIERNO REGIONAL,TINGO DE PONAZA,CENTROS DE SALUD O CENTROS MEDICOS,SAN MARTIN,PICOTA,TINGO DE PONASA,220709,I-3,,ACTIVADO
GOBIERNO REGIONAL,PUESTO DE SALUD LA MORADA,PUESTOS DE SALUD O POSTAS DE SALUD,HUANUCO,MARAÑON,LA MORADA,100704,I-2,,ACTIVADO
GOBIERNO REGIONAL,LA MERCED DE JARRIA,PUESTOS DE SALUD O POSTAS DE SALUD,PASCO,PASCO,PALLANCHACRA,190106,I-1,,ACTIVADO
GOBIERNO REGIONAL,HUALLMISH,PUESTOS DE SALUD O POSTAS DE SALUD,HUANUCO,HUANUCO,CHURUBAMBA,100104,I-1,,ACTIVADO
GOBIERNO REGIONAL,PARACAS,CENTROS DE SALUD O CENTROS MEDICOS,ICA,PISCO,PARACAS,110505,I-3,,ACTIVADO
GOBIERNO REGIONAL,SANTO TOMAS DE YURIMAGUAS,PUESTOS DE SALUD O POSTAS DE SALUD,LORETO,ALTO AMAZONAS,YURIMAGUAS,160201,I-1,,ACTIVADO
GOBIERNO REGIONAL,APARICIO POMARES,CENTROS DE SALUD O CENTROS MEDICOS,HUANUCO,HUANUCO,HUANUCO,100101,I-3,,ACTIVADO
GOBIERNO REGIONAL,ANASQUIZQUE,PUESTOS DE SALUD O POSTAS DE SALUD,PASCO,PASCO,YANACANCHA,190113,I-1,,ACTIVADO
GOBIERNO REGIONAL,TUPAC AMARU,CENTROS DE SALUD O CENTROS MEDICOS,PASCO,PASCO,CHAUPIMARCA,190101,I-3,,ACTIVADO
GOBIERNO REGIONAL,POTRACANCHA,CENTROS DE SALUD O CENTROS MEDICOS,HUANUCO,HUANUCO,PILLCO MARCA,100111,I-3,,ACTIVADO
GOBIERNO REGIONAL,VIRGEN DEL ROSARIO,PUESTOS DE SALUD O POSTAS DE SALUD,PASCO,PASCO,YANACANCHA,190113,I-2,,ACTIVADO
GOBIERNO REGIONAL,POMACUCHO,PUESTOS DE SALUD O POSTAS DE SALUD,HUANUCO,HUANUCO,SANTA MARIA DEL VALLE,100109,I-2,,ACTIVADO
GOBIERNO REGIONAL,LUPO,PUESTOS DE SALUD O POSTAS DE SALUD,LIMA,HUAROCHIRI,HUAROCHIRI,150709,I-1,,ACTIVADO
GOBIERNO REGIONAL,HUANCAMACHAY,PUESTOS DE SALUD O POSTAS DE SALUD,PASCO,PASCO,SAN FCO DE ASIS DE YARUSYACAN,190108,I-1,,ACTIVADO
ESSALUD,CENTRO DE ATENCION PRIMARIA III- METROPOLITANO,POLICLINICOS,HUANUCO,HUANUCO,HUANUCO,100101,I-2,,ACTIVADO
GOBIERNO REGIONAL,P.S. DANIEL ALCIDES CARRION,PUESTOS DE SALUD O POSTAS DE SALUD,PASCO,PASCO,CHAUPIMARCA,190101,I-1,,ACTIVADO
GOBIERNO REGIONAL,HUAYCHAO,PUESTOS DE SALUD O POSTAS DE SALUD,HUANUCO,MARAÑON,HUACRACHUCO,100701,I-1,,ACTIVADO
GOBIERNO REGIONAL,PUESTO DE SALUD CASHAPAMPA,PUESTOS DE SALUD O POSTAS DE SALUD,HUANUCO,HUAMALIES,MONZON,100507,I-1,,ACTIVADO
GOBIERNO REGIONAL,CARLOS SHOWING FERRARI,HOSPITALES O CLINICAS DE ATENCION ESPECIALIZADA,HUANUCO,HUANUCO,AMARILIS,100102,II-E,20.0,ACTIVADO
GOBIERNO REGIONAL,GRAU KM.40,PUESTOS DE SALUD O POSTAS DE SALUD,LORETO,ALTO AMAZONAS,YURIMAGUAS,160201,I-1,,ACTIVADO
GOBIERNO REGIONAL,VILLA DE PASCO,PUESTOS DE SALUD O POSTAS DE SALUD,PASCO,PASCO,TINYAHUARCO,190111,I-1,,ACTIVADO
GOBIERNO REGIONAL,JEBERILLOS,PUESTOS DE SALUD O POSTAS DE SALUD,LORETO,ALTO AMAZONAS,YURIMAGUAS,160201,I-1,,ACTIVADO
ESSALUD,HOSPITAL II HUANUCO,HOSPITALES O CLINICAS DE ATENCION GENERAL,HUANUCO,HUANUCO,AMARILIS,100102,II-2,68.0,ACTIVADO
GOBIERNO REGIONAL,CACHICOTO,CENTROS DE SALUD O CENTROS MEDICOS,HUANUCO,HUAMALIES,MONZON,100507,I-3,,ACTIVADO
GOBIERNO REGIONAL,VICCO,PUESTOS DE SALUD O POSTAS DE SALUD,PASCO,PASCO,VICCO,190112,I-2,,ACTIVADO
GOBIERNO REGIONAL,LAS MORAS,CENTROS DE SALUD O CENTROS MEDICOS,HUANUCO,HUANUCO,HUANUCO,100101,I-3,,ACTIVADO
GOBIERNO REGIONAL,CASAPALCA,PUESTOS DE SALUD O POSTAS DE SALUD,LIMA,HUAROCHIRI,CHICLA,150705,I-2,,ACTIVADO
GOBIERNO REGIONAL,HUANCATA,PUESTOS DE SALUD O POSTAS DE SALUD,LIMA,HUAROCHIRI,SANGALLAYA,150726,I-1,,ACTIVADO
GOBIERNO REGIONAL,COCHACHARAO,PUESTOS DE SALUD O POSTAS DE SALUD,PASCO,PASCO,SAN FCO DE ASIS DE YARUSYACAN,190108,I-1,,ACTIVADO
GOBIERNO REGIONAL,LABORATORIO  REGIONAL,CENTROS MEDICOS ESPECIALIZADOS,HUANUCO,HUANUCO,HUANUCO,100101,Sin Categoría,,ACTIVADO
GOBIERNO REGIONAL,HOSPITAL REGIONAL HERMILIO VALDIZAN,HOSPITALES O CLINICAS DE ATENCION GENERAL,HUANUCO,HUANUCO,HUANUCO,100101,II-2,136.0,ACTIVADO
GOBIERNO REGIONAL,ASOCIACION COMUNIDAD LOCAL DE ADMINISTRACION DE SALUD HUACAR,CENTROS DE SALUD O CENTROS MEDICOS,HUANUCO,AMBO,HUACAR,100205,I-3,,ACTIVADO
GOBIERNO REGIONAL,QUIRIPA,PUESTOS DE SALUD O POSTAS DE SALUD,LIMA,HUAROCHIRI,SANGALLAYA,150726,I-1,,ACTIVADO
GOBIERNO REGIONAL,HUAROCHIRI,CENTROS DE SALUD O CENTROS MEDICOS,LIMA,HUAROCHIRI,HUAROCHIRI,150709,I-3,,ACTIVADO
GOBIERNO REGIONAL,TRES UNIDOS,"CENTROS DE SALUD O CENTROS MEDICOS,CENTROS DE SALUD O CENTROS MEDICOS",SAN MARTIN,PICOTA,TRES UNIDOS,220710,I-3,,ACTIVADO
GOBIERNO REGIONAL,INGENIO BAJO,PUESTOS DE SALUD O POSTAS DE SALUD,HUANUCO,HUANUCO,SANTA MARIA DEL VALLE,100109,I-1,,ACTIVADO
GOBIERNO REGIONAL,PALLANCHACRA,PUESTOS DE SALUD O POSTAS DE SALUD,PASCO,PASCO,PALLANCHACRA,190106,I-2,,ACTIVADO
GOBIERNO REGIONAL,LEONCIO PRADO,CENTROS DE SALUD O CENTROS MEDICOS,SAN MARTIN,PICOTA,TINGO DE PONASA,220709,I-3,,ACTIVADO
GOBIERNO REGIONAL,ANCHUCAYA,PUESTOS DE SALUD O POSTAS DE SALUD,LIMA,HUAROCHIRI,SANTIAGO DE ANCHUCAYA,150729,I-2,,ACTIVADO
GOBIERNO REGIONAL,ANGASMARCA,PUESTOS DE SALUD O POSTAS DE SALUD,HUANUCO,AMBO,HUACAR,100205,I-2,,ACTIVADO
GOBIERNO REGIONAL,PUESTO DE SALUD DE LLICUA,PUESTOS DE SALUD O POSTAS DE SALUD,HUANUCO,HUANUCO,AMARILIS,100102,I-2,,ACTIVADO
GOBIERNO REGIONAL,MUNICHIS DE YURIMAGUAS,CENTROS DE SALUD O CENTROS MEDICOS,LORETO,ALTO AMAZONAS,YURIMAGUAS,160201,I-3,,ACTIVADO
GOBIERNO REGIONAL,TAMBOGAN,PUESTOS DE SALUD O POSTAS DE SALUD,HUANUCO,HUANUCO,CHURUBAMBA,100104,I-2,,ACTIVADO
GOBIERNO REGIONAL,SANTA CRUZ DE RATACOCHA,PUESTOS DE SALUD O POSTAS DE SALUD,HUANUCO,HUANUCO,SANTA MARIA DEL VALLE,100109,I-2,,ACTIVADO
GOBIERNO REGIONAL,SANGALLAYA,PUESTOS DE SALUD O POSTAS DE SALUD,LIMA,HUAROCHIRI,SANGALLAYA,150726,I-1,,ACTIVADO
GOBIERNO REGIONAL,PERU-COREA,CENTROS DE SALUD CON CAMAS DE INTERNAMIENTO,HUANUCO,HUANUCO,AMARILIS,100102,I-4,,ACTIVADO
GOBIERNO REGIONAL,COLPA BAJA,PUESTOS DE SALUD O POSTAS DE SALUD,HUANUCO,HUANUCO,HUANUCO,100101,I-2,,ACTIVADO
GOBIERNO REGIONAL,HUANCHAC,PUESTOS DE SALUD O POSTAS DE SALUD,LIMA,HUAROCHIRI,SAN LORENZO DE QUINTI,150721,I-1,,ACTIVADO
GOBIERNO REGIONAL,MADRE MIA,PUESTOS DE SALUD O POSTAS DE SALUD,SAN MARTIN,TOCACHE,NUEVO PROGRESO,221002,I-2,,ACTIVADO
GOBIERNO REGIONAL,HUICHPIN,PUESTOS DE SALUD O POSTAS DE SALUD,PASCO,PASCO,PALLANCHACRA,190106,I-1,,ACTIVADO
GOBIERNO REGIONAL,YANATAMBON,PUESTOS DE SALUD O POSTAS DE SALUD,PASCO,PASCO,SAN FCO DE ASIS DE YARUSYACAN,190108,I-1,,ACTIVADO
GOBIERNO REGIONAL,SHELBY,PUESTOS DE SALUD O POSTAS DE SALUD,PASCO,PASCO,VICCO,190112,I-1,,ACTIVADO
GOBIERNO REGIONAL,MACHCAN,PUESTOS DE SALUD O POSTAS DE SALUD,PASCO,PASCO,SAN FCO DE ASIS DE YARUSYACAN,190108,I-1,,ACTIVADO
GOBIERNO REGIONAL,SAN ANDRES,CENTROS DE SALUD O CENTROS MEDICOS,ICA,PISCO,SAN ANDRES,110506,I-3,,ACTIVADO
GOBIERNO REGIONAL,PUMACAYAN,PUESTOS DE SALUD O POSTAS DE SALUD,PASCO,PASCO,SAN FCO DE ASIS DE YARUSYACAN,190108,I-1,,ACTIVADO
GOBIERNO REGIONAL,CONCHAMARCA,CENTROS DE SALUD O CENTROS MEDICOS,HUANUCO,AMBO,CONCHAMARCA,100204,I-3,,ACTIVADO
GOBIERNO REGIONAL,JUNIPALCA,PUESTOS DE SALUD O POSTAS DE SALUD,PASCO,PASCO,SAN FCO DE ASIS DE YARUSYACAN,190108,I-1,,ACTIVADO
GOBIERNO REGIONAL,TOMAYKICHWA,PUESTOS DE SALUD O POSTAS DE SALUD,HUANUCO,AMBO,TOMAY-KICHWA,100208,I-2,,ACTIVADO
GOBIERNO REGIONAL,CHAUYAR,PUESTOS DE SALUD O POSTAS DE SALUD,PASCO,PASCO,SAN FCO DE ASIS DE YARUSYACAN,190108,I-2,,ACTIVADO
GOBIERNO REGIONAL,SAUCE,CENTROS DE SALUD O CENTROS MEDICOS,SAN MARTIN,SAN MARTIN,SAUCE,220913,I-3,4.0,ACTIVADO
GOBIERNO REGIONAL,SAN PEDRO DE HUANCAYRE,PUESTOS DE SALUD O POSTAS DE SALUD,LIMA,HUAROCHIRI,SAN PEDRO DE HUANCAYRE,150725,I-1,,ACTIVADO
GOBIERNO REGIONAL,SAN JUAN DE MILPO,PUESTOS DE SALUD O POSTAS DE SALUD,PASCO,PASCO,SAN FCO DE ASIS DE YARUSYACAN,190108,I-2,,ACTIVADO
GOBIERNO REGIONAL,SAN LORENZO DE QUINTI,PUESTOS DE SALUD O POSTAS DE SALUD,LIMA,HUAROCHIRI,SAN LORENZO DE QUINTI,150721,I-2,,ACTIVADO
GOBIERNO REGIONAL,MANCHURIA,PUESTOS DE SALUD O POSTAS DE SALUD,HUANUCO,HUAMALIES,MONZON,100507,I-1,,ACTIVADO
GOBIERNO REGIONAL,UTAO,PUESTOS DE SALUD O POSTAS DE SALUD,HUANUCO,HUANUCO,CHURUBAMBA,100104,I-2,,ACTIVADO
GOBIERNO REGIONAL,PARI,PUESTOS DE SALUD O POSTAS DE SALUD,JUNIN,JUNIN,ONDORES,120503,I-1,,ACTIVADO
GOBIERNO REGIONAL,NUEVA ERA,PUESTOS DE SALUD O POSTAS DE SALUD,LORETO,ALTO AMAZONAS,YURIMAGUAS,160201,I-1,,ACTIVADO
GOBIERNO REGIONAL,COCHACALLA,PUESTOS DE SALUD O POSTAS DE SALUD,HUANUCO,AMBO,SAN RAFAEL,100207,I-1,,ACTIVADO
GOBIERNO REGIONAL,DOS DE MAYO,PUESTOS DE SALUD O POSTAS DE SALUD,SAN MARTIN,SAN MARTIN,SAUCE,220913,I-1,,ACTIVADO
GOBIERNO REGIONAL,SAN MARTIN DE PORRES,PUESTOS DE SALUD O POSTAS DE SALUD,ICA,PISCO,PISCO,110501,I-2,,ACTIVADO
GOBIERNO REGIONAL,ACHUAL LIMON,PUESTOS DE SALUD O POSTAS DE SALUD,LORETO,ALTO AMAZONAS,YURIMAGUAS,160201,I-1,,ACTIVADO
GOBIERNO REGIONAL,AMBO,CENTROS DE SALUD O CENTROS MEDICOS,HUANUCO,AMBO,AMBO,100201,I-3,,ACTIVADO
GOBIERNO REGIONAL,MISHARAN,PUESTOS DE SALUD O POSTAS DE SALUD,PASCO,PASCO,SAN FCO DE ASIS DE YARUSYACAN,190108,I-1,,ACTIVADO
ESSALUD,CENTRO MEDICO LEONCIO PRADO - AMBO,CENTROS DE SALUD O CENTROS MEDICOS,HUANUCO,AMBO,AMBO,100201,I-3,,ACTIVADO
GOBIERNO REGIONAL,JARCAHUACA,PUESTOS DE SALUD O POSTAS DE SALUD,PASCO,PASCO,HUARIACA,190103,I-1,,ACTIVADO
GOBIERNO REGIONAL,LA ESPERANZA,PUESTOS DE SALUD O POSTAS DE SALUD,ICA,PISCO,SAN ANDRES,110506,I-2,,ACTIVADO
GOBIERNO REGIONAL,SAN JUAN DE DIOS,CENTROS DE SALUD O CENTROS MEDICOS,ICA,PISCO,PISCO,110501,I-3,,ACTIVADO
GOBIERNO REGIONAL,CHAUCHA,PUESTOS DE SALUD O POSTAS DE SALUD,HUANUCO,AMBO,AMBO,100201,I-1,,ACTIVADO
GOBIERNO REGIONAL,PACHABAMBA,PUESTOS DE SALUD O POSTAS DE SALUD,HUANUCO,HUANUCO,SANTA MARIA DEL VALLE,100109,I-2,,ACTIVADO
ESSALUD,ANTONIO SKRABONJA ANTONCICH,HOSPITALES O CLINICAS DE ATENCION GENERAL,ICA,PISCO,PISCO,110501,II-1,57.0,ACTIVADO
GOBIERNO REGIONAL,YARUSYACAN,PUESTOS DE SALUD O POSTAS DE SALUD,PASCO,PASCO,SAN FCO DE ASIS DE YARUSYACAN,190108,I-2,,ACTIVADO
GOBIERNO REGIONAL,HUAÑIPO,PUESTOS DE SALUD O POSTAS DE SALUD,SAN MARTIN,PICOTA,TINGO DE PONASA,220709,I-1,,ACTIVADO
GOBIERNO REGIONAL,HUARIACA,CENTROS DE SALUD CON CAMAS DE INTERNAMIENTO,PASCO,PASCO,HUARIACA,190103,I-4,,ACTIVADO
GOBIERNO REGIONAL,COTOYACU,PUESTOS DE SALUD O POSTAS DE SALUD,LORETO,ALTO AMAZONAS,YURIMAGUAS,160201,I-1,,ACTIVADO
GOBIERNO REGIONAL,MANANTIAL DE VIDA DE QUECHUALOMA,PUESTOS DE SALUD O POSTAS DE SALUD,HUANUCO,HUANUCO,CHURUBAMBA,100104,I-1,,ACTIVADO
GOBIERNO REGIONAL,CAJAMARQUILLA,PUESTOS DE SALUD O POSTAS DE SALUD,PASCO,PASCO,YANACANCHA,190113,I-2,,ACTIVADO
GOBIERNO REGIONAL,HOSPITAL SAN JUAN DE DIOS DE PISCO,HOSPITALES O CLINICAS DE ATENCION GENERAL,ICA,PISCO,PISCO,110501,II-1,88.0,ACTIVADO
GOBIERNO REGIONAL,SAN PEDRO DE ZAPOTE,PUESTOS DE SALUD O POSTAS DE SALUD,LORETO,ALTO AMAZONAS,YURIMAGUAS,160201,I-1,,ACTIVADO
GOBIERNO REGIONAL,TAMBO DE MORA,CENTROS DE SALUD O CENTROS MEDICOS,ICA,CHINCHA,TAMBO DE MORA,110211,I-3,,ACTIVADO
GOBIERNO REGIONAL,SAN RAFAEL,CENTROS DE SALUD O CENTROS MEDICOS,HUANUCO,AMBO,SAN RAFAEL,100207,I-3,,ACTIVADO
GOBIERNO REGIONAL,SAN ISIDRO DE YANAPAMPA,PUESTOS DE SALUD O POSTAS DE SALUD,PASCO,PASCO,TICLACAYAN,190110,I-1,,ACTIVADO
GOBIERNO REGIONAL,SAN JUAN DE TANTARANCHE,PUESTOS DE SALUD O POSTAS DE SALUD,LIMA,HUAROCHIRI,SAN JUAN DE TANTARANCHE,150720,I-2,,ACTIVADO
GOBIERNO REGIONAL,LA CANDELARIA,PUESTOS DE SALUD O POSTAS DE SALUD,PASCO,PASCO,YANACANCHA,190113,I-1,,ACTIVADO
GOBIERNO REGIONAL,AA.HH. 30 DE AGOSTO KM. 17,PUESTOS DE SALUD O POSTAS DE SALUD,LORETO,ALTO AMAZONAS,YURIMAGUAS,160201,I-1,,ACTIVADO
GOBIERNO REGIONAL,LA QUINUA,PUESTOS DE SALUD O POSTAS DE SALUD,PASCO,PASCO,YANACANCHA,190113,I-1,,ACTIVADO
GOBIERNO REGIONAL,STO. DOMINGO DE RONDOS,PUESTOS DE SALUD O POSTAS DE SALUD,HUANUCO,AMBO,SAN RAFAEL,100207,I-2,,ACTIVADO
GOBIERNO REGIONAL,LURINCHINCHA,PUESTOS DE SALUD O POSTAS DE SALUD,ICA,CHINCHA,CHINCHA BAJA,110204,I-2,,ACTIVADO
GOBIERNO REGIONAL,RAMAL DE ASPUZANA,CENTROS DE SALUD O CENTROS MEDICOS,SAN MARTIN,TOCACHE,NUEVO PROGRESO,221002,I-3,,ACTIVADO
GOBIERNO REGIONAL,PUERTO PERU,PUESTOS DE SALUD O POSTAS DE SALUD,LORETO,ALTO AMAZONAS,YURIMAGUAS,160201,I-1,,ACTIVADO
GOBIERNO REGIONAL,PAUCAR,PUESTOS DE SALUD O POSTAS DE SALUD,HUANUCO,HUANUCO,AMARILIS,100102,I-2,,ACTIVADO
GOBIERNO REGIONAL,SANTA MARIA DEL VALLE,CENTROS DE SALUD O CENTROS MEDICOS,HUANUCO,HUANUCO,SANTA MARIA DEL VALLE,100109,I-3,,ACTIVADO
GOBIERNO REGIONAL,CHACOS,PUESTOS DE SALUD O POSTAS DE SALUD,HUANUCO,AMBO,SAN RAFAEL,100207,I-2,,ACTIVADO
GOBIERNO REGIONAL,SAN MIGUEL DE ACHINAMIZA,PUESTOS DE SALUD O POSTAS DE SALUD,SAN MARTIN,LAMAS,CAYNARACHI,220504,I-1,,ACTIVADO
GOBIERNO REGIONAL,MALCONGA,PUESTOS DE SALUD O POSTAS DE SALUD,HUANUCO,HUANUCO,AMARILIS,100102,I-2,,ACTIVADO
GOBIERNO REGIONAL,MATIHUACA,PUESTOS DE SALUD O POSTAS DE SALUD,HUANUCO,AMBO,SAN RAFAEL,100207,I-1,,ACTIVADO
GOBIERNO REGIONAL,P.S. INDEPENDENCIA,PUESTOS DE SALUD O POSTAS DE SALUD,LORETO,ALTO AMAZONAS,YURIMAGUAS,160201,I-2,,ACTIVADO
GOBIERNO REGIONAL,HUAMPARA,PUESTOS DE SALUD O POSTAS DE SALUD,LIMA,YAUYOS,HUAMPARA,151013,I-2,,ACTIVADO
GOBIERNO REGIONAL,CAMACHO,PUESTOS DE SALUD O POSTAS DE SALUD,ICA,PISCO,SAN CLEMENTE,110507,I-1,,ACTIVADO
GOBIERNO REGIONAL,ALFONSO UGARTE,PUESTOS DE SALUD O POSTAS DE SALUD,SAN MARTIN,PICOTA,SHAMBOYACU,220708,I-1,,ACTIVADO
GOBIERNO REGIONAL,ÑAUZA,PUESTOS DE SALUD O POSTAS DE SALUD,HUANUCO,AMBO,CONCHAMARCA,100204,I-2,,ACTIVADO
GOBIERNO REGIONAL,LIBANO,PUESTOS DE SALUD O POSTAS DE SALUD,SAN MARTIN,BELLAVISTA,BAJO BIAVO,220203,I-1,,ACTIVADO
GOBIERNO REGIONAL,EL PORVENIR,PUESTOS DE SALUD O POSTAS DE SALUD,SAN MARTIN,BELLAVISTA,BAJO BIAVO,220203,I-1,,ACTIVADO
GOBIERNO REGIONAL,SALAPAMPA,PUESTOS DE SALUD O POSTAS DE SALUD,HUANUCO,AMBO,AMBO,100201,I-1,,ACTIVADO
GOBIERNO REGIONAL,CHINCHA BAJA,CENTROS DE SALUD O CENTROS MEDICOS,ICA,CHINCHA,CHINCHA BAJA,110204,I-3,,ACTIVADO
GOBIERNO REGIONAL,SUNAMPE,CENTROS DE SALUD O CENTROS MEDICOS,ICA,CHINCHA,SUNAMPE,110210,I-3,,ACTIVADO
GOBIERNO REGIONAL,TICLACAYAN,PUESTOS DE SALUD O POSTAS DE SALUD,PASCO,PASCO,TICLACAYAN,190110,I-2,,ACTIVADO
GOBIERNO REGIONAL,TOPARA,PUESTOS DE SALUD O POSTAS DE SALUD,ICA,CHINCHA,GROCIO PRADO,110206,I-2,,ACTIVADO
GOBIERNO REGIONAL,RACRAYTINGO,PUESTOS DE SALUD O POSTAS DE SALUD,PASCO,PASCO,TICLACAYAN,190110,I-1,,ACTIVADO
GOBIERNO REGIONAL,SAN CLEMENTE,CENTROS DE SALUD O CENTROS MEDICOS,ICA,PISCO,SAN CLEMENTE,110507,I-3,,ACTIVADO
GOBIERNO REGIONAL,PARIAMARCA,PUESTOS DE SALUD O POSTAS DE SALUD,PASCO,PASCO,YANACANCHA,190113,I-1,,ACTIVADO
GOBIERNO REGIONAL,SAN FRANCISCOS DE COCHABAMBA,PUESTOS DE SALUD O POSTAS DE SALUD,HUANUCO,HUANUCO,CHURUBAMBA,100104,I-1,,ACTIVADO
GOBIERNO REGIONAL,SAN MIGUEL,CENTROS DE SALUD O CENTROS MEDICOS,ICA,PISCO,PISCO,110501,I-3,,ACTIVADO
GOBIERNO REGIONAL,GROCIO PRADO,CENTROS DE SALUD O CENTROS MEDICOS,ICA,CHINCHA,GROCIO PRADO,110206,I-3,,ACTIVADO
GOBIERNO REGIONAL,CHINCHAN,PUESTOS DE SALUD O POSTAS DE SALUD,PASCO,PASCO,HUARIACA,190103,I-1,,ACTIVADO
ESSALUD,TUPAC AMARU,PUESTOS DE SALUD O POSTAS DE SALUD,ICA,PISCO,TUPAC AMARU INCA,110508,I-3,,ACTIVADO
GOBIERNO REGIONAL,AYLLOQUE,PUESTOS DE SALUD O POSTAS DE SALUD,ICA,CHINCHA,ALTO LARAN,110202,I-2,,ACTIVADO
GOBIERNO REGIONAL,CASALLA,CENTROS DE SALUD O CENTROS MEDICOS,ICA,PISCO,TUPAC AMARU INCA,110508,I-3,,ACTIVADO
GOBIERNO REGIONAL,ONDORES,CENTROS DE SALUD O CENTROS MEDICOS,JUNIN,JUNIN,ONDORES,120503,I-3,,ACTIVADO
GOBIERNO REGIONAL,SANTA ROSA,PUESTOS DE SALUD O POSTAS DE SALUD,ICA,CHINCHA,CHINCHA BAJA,110204,I-2,,ACTIVADO
GOBIERNO REGIONAL,TUPAC AMARU,CENTROS DE SALUD CON CAMAS DE INTERNAMIENTO,ICA,PISCO,TUPAC AMARU INCA,110508,I-4,,ACTIVADO
GOBIERNO REGIONAL,AGUANO MUYUNA,PUESTOS DE SALUD O POSTAS DE SALUD,SAN MARTIN,SAN MARTIN,CHAZUTA,220904,I-1,,ACTIVADO
GOBIERNO REGIONAL,QUINCHES,PUESTOS DE SALUD O POSTAS DE SALUD,LIMA,YAUYOS,QUINCHES,151024,I-2,,ACTIVADO
GOBIERNO REGIONAL,SACSAHUANCA,PUESTOS DE SALUD O POSTAS DE SALUD,HUANUCO,AMBO,AMBO,100201,I-1,,ACTIVADO
GOBIERNO REGIONAL,EL SALVADOR,PUESTOS DE SALUD O POSTAS DE SALUD,ICA,CHINCHA,PUEBLO NUEVO,110207,I-2,,ACTIVADO
GOBIERNO REGIONAL,BALCONCITO,PUESTOS DE SALUD O POSTAS DE SALUD,ICA,CHINCHA,GROCIO PRADO,110206,I-2,,ACTIVADO
GOBIERNO REGIONAL,HUAÑEC,PUESTOS DE SALUD O POSTAS DE SALUD,LIMA,YAUYOS,HUAÑEC,151017,I-2,,ACTIVADO
MINSA,puesto de salud LOS ALAMOS,PUESTOS DE SALUD O POSTAS DE SALUD,ICA,CHINCHA,PUEBLO NUEVO,110207,I-2,,ACTIVADO
GOBIERNO REGIONAL,LUNAHUANA,CENTROS DE SALUD O CENTROS MEDICOS,LIMA,CAÑETE,LUNAHUANA,150508,I-3,,ACTIVADO
GOBIERNO REGIONAL,SANTA CRUZ,PUESTOS DE SALUD O POSTAS DE SALUD,ICA,PISCO,PARACAS,110505,I-2,,ACTIVADO
GOBIERNO REGIONAL,LIBERTAD DE BARRANCA,PUESTOS DE SALUD O POSTAS DE SALUD,LORETO,DATEM DEL MARAÑON,BARRANCA,160701,I-1,,ACTIVADO
GOBIERNO REGIONAL,SAN ISIDRO,CENTROS DE SALUD O CENTROS MEDICOS,ICA,CHINCHA,PUEBLO NUEVO,110207,I-3,,ACTIVADO
GOBIERNO REGIONAL,CHAZUTA,CENTROS DE SALUD CON CAMAS DE INTERNAMIENTO,SAN MARTIN,SAN MARTIN,CHAZUTA,220904,I-4,4.0,ACTIVADO
GOBIERNO REGIONAL,CHURUBAMBA,PUESTOS DE SALUD O POSTAS DE SALUD,HUANUCO,HUANUCO,CHURUBAMBA,100104,I-2,,ACTIVADO
GOBIERNO REGIONAL,SHAMBOYACU,CENTROS DE SALUD O CENTROS MEDICOS,SAN MARTIN,PICOTA,SHAMBOYACU,220708,I-3,,ACTIVADO
GOBIERNO REGIONAL,SAN FRANCISCO DE PUCURHUAY,PUESTOS DE SALUD O POSTAS DE SALUD,PASCO,PASCO,TICLACAYAN,190110,I-1,,ACTIVADO
GOBIERNO REGIONAL,PUEBLO NUEVO,CENTROS DE SALUD CON CAMAS DE INTERNAMIENTO,ICA,CHINCHA,PUEBLO NUEVO,110207,I-4,8.0,ACTIVADO
GOBIERNO REGIONAL,LAS MERCEDES,PUESTOS DE SALUD O POSTAS DE SALUD,HUANUCO,LEONCIO PRADO,JOSE CRESPO Y CASTILLO,100604,I-1,,ACTIVADO
GOBIERNO REGIONAL,SAN JOSE DE CHINCHA,HOSPITALES O CLINICAS DE ATENCION GENERAL,ICA,CHINCHA,CHINCHA ALTA,110201,II-1,97.0,ACTIVADO
GOBIERNO REGIONAL,DOS DE MAYO DE YURIMAGUAS,PUESTOS DE SALUD O POSTAS DE SALUD,LORETO,ALTO AMAZONAS,YURIMAGUAS,160201,I-1,,ACTIVADO
GOBIERNO REGIONAL,SANTA ISABEL,PUESTOS DE SALUD O POSTAS DE SALUD,LORETO,ALTO AMAZONAS,YURIMAGUAS,160201,I-1,,ACTIVADO
GOBIERNO REGIONAL,AYANCOCHA ALTA,PUESTOS DE SALUD O POSTAS DE SALUD,HUANUCO,AMBO,SAN RAFAEL,100207,I-2,,ACTIVADO
GOBIERNO REGIONAL,P.S. ROCA FUERTE,PUESTOS DE SALUD O POSTAS DE SALUD,LORETO,ALTO AMAZONAS,YURIMAGUAS,160201,I-1,,ACTIVADO
GOBIERNO REGIONAL,SANTA ANA,PUESTOS DE SALUD O POSTAS DE SALUD,HUANUCO,AMBO,SAN RAFAEL,100207,I-1,,ACTIVADO
GOBIERNO REGIONAL,CARHUAPAMPA,PUESTOS DE SALUD O POSTAS DE SALUD,LIMA,HUAROCHIRI,SAN JUAN DE TANTARANCHE,150720,I-1,,ACTIVADO
GOBIERNO REGIONAL,PUCAYACU,PUESTOS DE SALUD O POSTAS DE SALUD,HUANUCO,LEONCIO PRADO,PUCAYACU,100607,I-2,,ACTIVADO
GOBIERNO REGIONAL,CRUZ BLANCA,PUESTOS DE SALUD O POSTAS DE SALUD,ICA,CHINCHA,CHINCHA ALTA,110201,I-2,,ACTIVADO
GOBIERNO REGIONAL,SAN AGUSTIN,PUESTOS DE SALUD O POSTAS DE SALUD,ICA,CHINCHA,CHINCHA ALTA,110201,I-2,,ACTIVADO
ESSALUD,HOSPITAL I YURIMAGUAS,HOSPITALES O CLINICAS DE ATENCION GENERAL,LORETO,ALTO AMAZONAS,YURIMAGUAS,160201,Sin Categoría,11.0,ACTIVADO
GOBIERNO REGIONAL,CONDORILLO ALTO,PUESTOS DE SALUD O POSTAS DE SALUD,ICA,CHINCHA,CHINCHA ALTA,110201,I-2,,ACTIVADO
GOBIERNO REGIONAL,SANTA MARIA,CENTROS DE SALUD O CENTROS MEDICOS,LORETO,ALTO AMAZONAS,YURIMAGUAS,160201,I-3,,ACTIVADO
GOBIERNO REGIONAL,HOJA REDONDA,PUESTOS DE SALUD O POSTAS DE SALUD,ICA,CHINCHA,EL CARMEN,110205,I-2,,ACTIVADO
GOBIERNO REGIONAL,SAN JUAN DE YANACACHI,PUESTOS DE SALUD O POSTAS DE SALUD,PASCO,PASCO,TICLACAYAN,190110,I-1,,ACTIVADO
GOBIERNO REGIONAL,NINACACA,PUESTOS DE SALUD O POSTAS DE SALUD,PASCO,PASCO,NINACACA,190105,I-2,,ACTIVADO
GOBIERNO REGIONAL,TUPAC AMARU DE YURIMAGUAS,PUESTOS DE SALUD O POSTAS DE SALUD,LORETO,ALTO AMAZONAS,YURIMAGUAS,160201,I-1,,ACTIVADO
GOBIERNO REGIONAL,CENTRO ESPEC.MATERNO INFAN.AGUAMIRO,CENTROS DE SALUD O CENTROS MEDICOS,LORETO,ALTO AMAZONAS,YURIMAGUAS,160201,I-3,,ACTIVADO
GOBIERNO REGIONAL,AUCAYACU,CENTROS DE SALUD CON CAMAS DE INTERNAMIENTO,HUANUCO,LEONCIO PRADO,JOSE CRESPO Y CASTILLO,100604,I-4,,ACTIVADO
GOBIERNO REGIONAL,SIMON BOLIVAR,PUESTOS DE SALUD O POSTAS DE SALUD,SAN MARTIN,PICOTA,SHAMBOYACU,220708,I-1,,ACTIVADO
GOBIERNO REGIONAL,MARAYPATA,PUESTOS DE SALUD O POSTAS DE SALUD,HUANUCO,AMBO,AMBO,100201,I-1,,ACTIVADO
GOBIERNO REGIONAL,ALCAS,PUESTOS DE SALUD O POSTAS DE SALUD,HUANUCO,AMBO,SAN RAFAEL,100207,I-1,,ACTIVADO
GOBIERNO REGIONAL,HOSPITAL SANTA GEMA DE  YURIMAGUAS,HOSPITALES O CLINICAS DE ATENCION GENERAL,LORETO,ALTO AMAZONAS,YURIMAGUAS,160201,II-1,114.0,ACTIVADO
GOBIERNO REGIONAL,VISTA ALEGRE,PUESTOS DE SALUD O POSTAS DE SALUD,SAN MARTIN,PICOTA,SHAMBOYACU,220708,I-1,,ACTIVADO
GOBIERNO REGIONAL,TUNUNTUNUMBA,PUESTOS DE SALUD O POSTAS DE SALUD,SAN MARTIN,SAN MARTIN,CHAZUTA,220904,I-1,,ACTIVADO
GOBIERNO REGIONAL,CORRALCANCHA,PUESTOS DE SALUD O POSTAS DE SALUD,HUANUCO,AMBO,SAN RAFAEL,100207,I-1,,ACTIVADO
GOBIERNO REGIONAL,PUEBLO LIBRE DE MAYOBAMBA,PUESTOS DE SALUD O POSTAS DE SALUD,HUANUCO,HUANUCO,CHINCHAO,100103,I-1,,ACTIVADO
GOBIERNO REGIONAL,PALO DE ACERO,CENTROS DE SALUD O CENTROS MEDICOS,HUANUCO,HUAMALIES,MONZON,100507,I-3,,ACTIVADO
GOBIERNO REGIONAL,AGUA BLANCA,PUESTOS DE SALUD O POSTAS DE SALUD,HUANUCO,HUAMALIES,MONZON,100507,I-1,,ACTIVADO
GOBIERNO REGIONAL,YAULI- LA OROYA,PUESTOS DE SALUD O POSTAS DE SALUD,JUNIN,YAULI,YAULI,120810,I-2,,ACTIVADO
GOBIERNO REGIONAL,SANTA ROSA DE CHIPAOTA,PUESTOS DE SALUD O POSTAS DE SALUD,SAN MARTIN,SAN MARTIN,CHAZUTA,220904,I-1,,ACTIVADO
GOBIERNO REGIONAL,ALTO LARAN,CENTROS DE SALUD O CENTROS MEDICOS,ICA,CHINCHA,ALTO LARAN,110202,I-3,,ACTIVADO
GOBIERNO REGIONAL,NUEVA AURORA,PUESTOS DE SALUD O POSTAS DE SALUD,PASCO,PASCO,TICLACAYAN,190110,I-1,,ACTIVADO
GOBIERNO REGIONAL,WIRACOCHA,PUESTOS DE SALUD O POSTAS DE SALUD,ICA,CHINCHA,EL CARMEN,110205,I-2,,ACTIVADO
GOBIERNO REGIONAL,SAN FRANCISCO DE ASIS DE PUCARA,PUESTOS DE SALUD O POSTAS DE SALUD,JUNIN,YAULI,MOROCOCHA,120805,I-1,,ACTIVADO
GOBIERNO REGIONAL,ATOCSAICO,PUESTOS DE SALUD O POSTAS DE SALUD,JUNIN,JUNIN,ONDORES,120503,I-1,,ACTIVADO
GOBIERNO REGIONAL,SAN MARCOS,PUESTOS DE SALUD O POSTAS DE SALUD,HUANUCO,PACHITEA,UMARI,100804,I-1,,ACTIVADO
GOBIERNO REGIONAL,ANDA,PUESTOS DE SALUD O POSTAS DE SALUD,HUANUCO,LEONCIO PRADO,SANTO DOMINGO DE ANDA,100610,I-2,,ACTIVADO
GOBIERNO REGIONAL,ZAPOTE,PUESTOS DE SALUD O POSTAS DE SALUD,LORETO,ALTO AMAZONAS,YURIMAGUAS,160201,I-1,,ACTIVADO
GOBIERNO REGIONAL,ACOMAYO,CENTROS DE SALUD O CENTROS MEDICOS,HUANUCO,HUANUCO,CHINCHAO,100103,I-3,,ACTIVADO
GOBIERNO REGIONAL,PUERTO ARTURO,PUESTOS DE SALUD O POSTAS DE SALUD,LORETO,ALTO AMAZONAS,YURIMAGUAS,160201,I-1,,ACTIVADO
GOBIERNO REGIONAL,SAN JOSE,PUESTOS DE SALUD O POSTAS DE SALUD,ICA,CHINCHA,EL CARMEN,110205,I-2,,ACTIVADO
GOBIERNO REGIONAL,SANTO TORIBIO DE MOGROVEJO DE ARAYPAGUA - CHINCHAO,PUESTOS DE SALUD O POSTAS DE SALUD,HUANUCO,HUANUCO,CHINCHAO,100103,I-2,,ACTIVADO
GOBIERNO REGIONAL,SAN JOSE DE CONDOR,PUESTOS DE SALUD O POSTAS DE SALUD,ICA,PISCO,INDEPENDENCIA,110504,I-2,,ACTIVADO
GOBIERNO REGIONAL,NUEVO LORETO,PUESTOS DE SALUD O POSTAS DE SALUD,SAN MARTIN,PICOTA,SHAMBOYACU,220708,I-1,,ACTIVADO
GOBIERNO REGIONAL,LAGO SANANGO,PUESTOS DE SALUD O POSTAS DE SALUD,LORETO,ALTO AMAZONAS,YURIMAGUAS,160201,I-1,,ACTIVADO
GOBIERNO REGIONAL,CARHUAMAYO,CENTROS DE SALUD O CENTROS MEDICOS,JUNIN,JUNIN,CARHUAMAYO,120502,I-3,,ACTIVADO
GOBIERNO REGIONAL,PUEBLO NUEVO,PUESTOS DE SALUD O POSTAS DE SALUD,HUANUCO,LEONCIO PRADO,PUEBLO NUEVO,100609,I-1,,ACTIVADO
GOBIERNO REGIONAL,MOROCOCHA,CENTROS DE SALUD O CENTROS MEDICOS,JUNIN,YAULI,MOROCOCHA,120805,I-3,,ACTIVADO
GOBIERNO REGIONAL,JILLAULLA,PUESTOS DE SALUD O POSTAS DE SALUD,HUANUCO,PACHITEA,MOLINO,100803,I-1,,ACTIVADO
GOBIERNO REGIONAL,SHILCAYO,PUESTOS DE SALUD O POSTAS DE SALUD,SAN MARTIN,SAN MARTIN,CHAZUTA,220904,I-1,,ACTIVADO
GOBIERNO REGIONAL,SASICUCHO,PUESTOS DE SALUD O POSTAS DE SALUD,JUNIN,JUNIN,JUNIN,120501,I-1,,ACTIVADO
GOBIERNO REGIONAL,PACARAN,CENTROS DE SALUD O CENTROS MEDICOS,LIMA,CAÑETE,PACARAN,150511,I-3,,ACTIVADO
GOBIERNO REGIONAL,NUEVO ARICA,PUESTOS DE SALUD O POSTAS DE SALUD,LORETO,ALTO AMAZONAS,LAGUNAS,160206,I-1,,ACTIVADO
GOBIERNO REGIONAL,VISTA ALEGRE DE YURIMAGUAS,PUESTOS DE SALUD O POSTAS DE SALUD,LORETO,ALTO AMAZONAS,YURIMAGUAS,160201,I-1,,ACTIVADO
GOBIERNO REGIONAL,MANZANO,PUESTOS DE SALUD O POSTAS DE SALUD,HUANUCO,PACHITEA,MOLINO,100803,I-1,,ACTIVADO
GOBIERNO REGIONAL,EL PIÑAL,PUESTOS DE SALUD O POSTAS DE SALUD,SAN MARTIN,LAMAS,BARRANQUITA,220503,I-1,,ACTIVADO
GOBIERNO REGIONAL,TAMBILLO-UMARI,CENTROS DE SALUD O CENTROS MEDICOS,HUANUCO,PACHITEA,UMARI,100804,I-3,,ACTIVADO
GOBIERNO REGIONAL,CABEZA TORO LATERAL 5,PUESTOS DE SALUD O POSTAS DE SALUD,ICA,PISCO,INDEPENDENCIA,110504,I-2,,ACTIVADO
GOBIERNO REGIONAL,AYAUCA,PUESTOS DE SALUD O POSTAS DE SALUD,LIMA,YAUYOS,ALLAUCA,151003,I-1,,ACTIVADO
GOBIERNO REGIONAL,ALTO MOHENA,PUESTOS DE SALUD O POSTAS DE SALUD,LORETO,ALTO AMAZONAS,YURIMAGUAS,160201,I-1,,ACTIVADO
GOBIERNO REGIONAL,HUARICHACA,CENTROS DE SALUD O CENTROS MEDICOS,HUANUCO,PACHITEA,MOLINO,100803,I-3,,ACTIVADO
GOBIERNO REGIONAL,CHINCHINGA,PUESTOS DE SALUD O POSTAS DE SALUD,HUANUCO,HUANUCO,SAN PABLO DE PILLAO,100113,I-1,,ACTIVADO
GOBIERNO REGIONAL,CUCHILLA VIEJA,PUESTOS DE SALUD O POSTAS DE SALUD,ICA,PISCO,HUMAY,110503,I-1,,ACTIVADO
GOBIERNO REGIONAL,BARRANQUITA CAYNARACHI,CENTROS DE SALUD O CENTROS MEDICOS,SAN MARTIN,LAMAS,BARRANQUITA,220503,I-3,,ACTIVADO
GOBIERNO REGIONAL,AUCAMPI,PUESTOS DE SALUD O POSTAS DE SALUD,LIMA,YAUYOS,ALLAUCA,151003,I-1,,ACTIVADO
GOBIERNO REGIONAL,P. S. JORGE CHAVEZ,PUESTOS DE SALUD O POSTAS DE SALUD,LORETO,ALTO AMAZONAS,TENIENTE CESAR LOPEZ ROJAS,160211,I-1,,ACTIVADO
GOBIERNO REGIONAL,SANTO TORIBIO DE LA PUNTA,PUESTOS DE SALUD O POSTAS DE SALUD,HUANUCO,PACHITEA,UMARI,100804,I-1,,ACTIVADO
GOBIERNO REGIONAL,PUCAJAGA,PUESTOS DE SALUD O POSTAS DE SALUD,HUANUCO,PACHITEA,MOLINO,100803,I-1,,ACTIVADO
GOBIERNO REGIONAL,SANTA CLARA,PUESTOS DE SALUD O POSTAS DE SALUD,SAN MARTIN,LAMAS,BARRANQUITA,220503,I-1,,ACTIVADO
GOBIERNO REGIONAL,INDEPENDENCIA,CENTROS DE SALUD O CENTROS MEDICOS,ICA,PISCO,INDEPENDENCIA,110504,I-3,,ACTIVADO
GOBIERNO REGIONAL,TOMA DE LEON,PUESTOS DE SALUD O POSTAS DE SALUD,ICA,PISCO,INDEPENDENCIA,110504,I-2,,ACTIVADO
GOBIERNO REGIONAL,ZUÑIGA,PUESTOS DE SALUD O POSTAS DE SALUD,LIMA,CAÑETE,ZUÑIGA,150516,I-2,,ACTIVADO
GOBIERNO REGIONAL,SUNEC,PUESTOS DE SALUD O POSTAS DE SALUD,PASCO,PASCO,TICLACAYAN,190110,I-1,,ACTIVADO
GOBIERNO REGIONAL,HUAYRE,PUESTOS DE SALUD O POSTAS DE SALUD,JUNIN,JUNIN,JUNIN,120501,I-1,,ACTIVADO
GOBIERNO REGIONAL,MOLINOS,CENTROS DE SALUD O CENTROS MEDICOS,HUANUCO,PACHITEA,MOLINO,100803,I-3,,ACTIVADO
GOBIERNO REGIONAL,PUENTE DURAND,PUESTOS DE SALUD O POSTAS DE SALUD,HUANUCO,HUANUCO,CHINCHAO,100103,I-2,,ACTIVADO
GOBIERNO REGIONAL,CABEZA TORO LATERAL 4,PUESTOS DE SALUD O POSTAS DE SALUD,ICA,PISCO,INDEPENDENCIA,110504,I-2,,ACTIVADO
GOBIERNO REGIONAL,TANTA,PUESTOS DE SALUD O POSTAS DE SALUD,LIMA,YAUYOS,TANTA,151028,I-2,,ACTIVADO
GOBIERNO REGIONAL,P.S. NUEVO MUNDO,PUESTOS DE SALUD O POSTAS DE SALUD,LORETO,ALTO AMAZONAS,LAGUNAS,160206,I-1,,ACTIVADO
GOBIERNO REGIONAL,PROVIDENCIA DE YURIMAGUAS,PUESTOS DE SALUD O POSTAS DE SALUD,LORETO,ALTO AMAZONAS,YURIMAGUAS,160201,I-1,,ACTIVADO
GOBIERNO REGIONAL,ACLAS CASTILLO GRANDE,CENTROS DE SALUD O CENTROS MEDICOS,HUANUCO,LEONCIO PRADO,CASTILLO GRANDE,100608,I-3,,ACTIVADO
ESSALUD,HOSPITAL I TINGO MARIA,HOSPITALES O CLINICAS DE ATENCION GENERAL,HUANUCO,LEONCIO PRADO,RUPA-RUPA,100601,II-1,19.0,ACTIVADO
GOBIERNO REGIONAL,SANTIAGO DE BORJA,PUESTOS DE SALUD O POSTAS DE SALUD,SAN MARTIN,LAMAS,BARRANQUITA,220503,I-1,,ACTIVADO
GOBIERNO REGIONAL,LIBERTAD DE CUIPARILLO,PUESTOS DE SALUD O POSTAS DE SALUD,LORETO,ALTO AMAZONAS,TENIENTE CESAR LOPEZ ROJAS,160211,I-1,,ACTIVADO
GOBIERNO REGIONAL,DE APOYO JUNIN,HOSPITALES O CLINICAS DE ATENCION GENERAL,JUNIN,JUNIN,JUNIN,120501,II-1,50.0,ACTIVADO
GOBIERNO REGIONAL,LOS PARACAS,PUESTOS DE SALUD O POSTAS DE SALUD,ICA,PISCO,HUMAY,110503,I-2,,ACTIVADO
ESSALUD,POSTA MEDICA PANAO,PUESTOS DE SALUD O POSTAS DE SALUD,HUANUCO,PACHITEA,PANAO,100801,I-2,0.0,ACTIVADO
GOBIERNO REGIONAL,PILLAO,CENTROS DE SALUD O CENTROS MEDICOS,HUANUCO,HUANUCO,SAN PABLO DE PILLAO,100113,I-3,,ACTIVADO
GOBIERNO REGIONAL,PANAO,CENTROS DE SALUD O CENTROS MEDICOS,HUANUCO,PACHITEA,PANAO,100801,I-3,,ACTIVADO
GOBIERNO REGIONAL,NARANJILLO,PUESTOS DE SALUD O POSTAS DE SALUD,HUANUCO,LEONCIO PRADO,LUYANDO,100605,I-2,,ACTIVADO
GOBIERNO REGIONAL,CURIYACU,PUESTOS DE SALUD O POSTAS DE SALUD,SAN MARTIN,SAN MARTIN,CHAZUTA,220904,I-1,,ACTIVADO
GOBIERNO REGIONAL,HOSPITAL DE TINGO MARIA,HOSPITALES O CLINICAS DE ATENCION GENERAL,HUANUCO,LEONCIO PRADO,LUYANDO,100605,II-1,75.0,ACTIVADO
GOBIERNO REGIONAL,SANANGO,PUESTOS DE SALUD O POSTAS DE SALUD,SAN MARTIN,LAMAS,BARRANQUITA,220503,I-1,,ACTIVADO
GOBIERNO REGIONAL,SANTA ROSA DE SHAPAJILLA,PUESTOS DE SALUD O POSTAS DE SALUD,HUANUCO,LEONCIO PRADO,LUYANDO,100605,I-1,,ACTIVADO
GOBIERNO REGIONAL,RICARDO PALMA,PUESTOS DE SALUD O POSTAS DE SALUD,HUANUCO,LEONCIO PRADO,LUYANDO,100605,I-1,,ACTIVADO
GOBIERNO REGIONAL,CARHUAC,PUESTOS DE SALUD O POSTAS DE SALUD,PASCO,PASCO,NINACACA,190105,I-1,,ACTIVADO
GOBIERNO REGIONAL,PUENTE PEREZ,PUESTOS DE SALUD O POSTAS DE SALUD,HUANUCO,LEONCIO PRADO,MARIANO DAMASO BERAUN,100606,I-1,,ACTIVADO
GOBIERNO REGIONAL,SUPTE SAN JORGE,CENTROS DE SALUD O CENTROS MEDICOS,HUANUCO,LEONCIO PRADO,RUPA-RUPA,100601,I-3,,ACTIVADO
GOBIERNO REGIONAL,COCHAPATA,PUESTOS DE SALUD O POSTAS DE SALUD,HUANUCO,AMBO,AMBO,100201,I-1,,ACTIVADO
GOBIERNO REGIONAL,TAMBILLO GRANDE,PUESTOS DE SALUD O POSTAS DE SALUD,HUANUCO,LEONCIO PRADO,MARIANO DAMASO BERAUN,100606,I-2,,ACTIVADO
GOBIERNO REGIONAL,LAS PALMAS,CENTROS DE SALUD O CENTROS MEDICOS,HUANUCO,LEONCIO PRADO,MARIANO DAMASO BERAUN,100606,I-3,,ACTIVADO
GOBIERNO REGIONAL,BERNALES,PUESTOS DE SALUD O POSTAS DE SALUD,ICA,PISCO,HUMAY,110503,I-2,,ACTIVADO
GOBIERNO REGIONAL,CUIPARI,PUESTOS DE SALUD O POSTAS DE SALUD,LORETO,ALTO AMAZONAS,TENIENTE CESAR LOPEZ ROJAS,160211,I-1,,ACTIVADO
GOBIERNO REGIONAL,PUERTO PIZARRO,PUESTOS DE SALUD O POSTAS DE SALUD,SAN MARTIN,LAMAS,BARRANQUITA,220503,I-1,,ACTIVADO
GOBIERNO REGIONAL,PINQUIRAY,PUESTOS DE SALUD O POSTAS DE SALUD,HUANUCO,PACHITEA,UMARI,100804,I-2,,ACTIVADO
GOBIERNO REGIONAL,DOS PALMAS,PUESTOS DE SALUD O POSTAS DE SALUD,ICA,PISCO,INDEPENDENCIA,110504,I-2,,ACTIVADO
GOBIERNO REGIONAL,PACCHA - LA OROYA,PUESTOS DE SALUD O POSTAS DE SALUD,JUNIN,YAULI,PACCHA,120806,I-2,,ACTIVADO
GOBIERNO REGIONAL,HUAYNACANCHA,PUESTOS DE SALUD O POSTAS DE SALUD,JUNIN,YAULI,LA OROYA,120801,I-1,,ACTIVADO
GOBIERNO REGIONAL,HUANCAYO,PUESTOS DE SALUD O POSTAS DE SALUD,LORETO,ALTO AMAZONAS,LAGUNAS,160206,I-1,,ACTIVADO
GOBIERNO REGIONAL,PUMAHUASI,CENTROS DE SALUD O CENTROS MEDICOS,HUANUCO,LEONCIO PRADO,DANIEL ALOMIA ROBLES,100602,I-3,,ACTIVADO
GOBIERNO REGIONAL,PAMPA DE VILLACURI,PUESTOS DE SALUD O POSTAS DE SALUD,ICA,ICA,SALAS,110108,I-2,,ACTIVADO
GOBIERNO REGIONAL,GLORIA,PUESTOS DE SALUD O POSTAS DE SALUD,LORETO,ALTO AMAZONAS,TENIENTE CESAR LOPEZ ROJAS,160211,I-1,,ACTIVADO
GOBIERNO REGIONAL,PUENTE AUCO,PUESTOS DE SALUD O POSTAS DE SALUD,LIMA,YAUYOS,YAUYOS,151001,I-2,,ACTIVADO
GOBIERNO REGIONAL,PUTINZA,PUESTOS DE SALUD O POSTAS DE SALUD,LIMA,YAUYOS,PUTINZA,151023,I-1,,ACTIVADO
GOBIERNO REGIONAL,CAYUMBA,PUESTOS DE SALUD O POSTAS DE SALUD,HUANUCO,LEONCIO PRADO,MARIANO DAMASO BERAUN,100606,I-2,,ACTIVADO
GOBIERNO REGIONAL,HUATAPI DEL RIO HUALLAGA,PUESTOS DE SALUD O POSTAS DE SALUD,LORETO,ALTO AMAZONAS,SANTA CRUZ,160210,I-1,,ACTIVADO
GOBIERNO REGIONAL,HUACHON,CENTROS DE SALUD O CENTROS MEDICOS,PASCO,PASCO,HUACHON,190102,I-3,,ACTIVADO
GOBIERNO REGIONAL,PROGRESO DE SANTA CRUZ,PUESTOS DE SALUD O POSTAS DE SALUD,LORETO,ALTO AMAZONAS,SANTA CRUZ,160210,I-1,,ACTIVADO
GOBIERNO REGIONAL,SANTA ROSA DE SACCO,CENTROS DE SALUD O CENTROS MEDICOS,JUNIN,YAULI,SANTA ROSA DE SACCO,120808,I-3,,ACTIVADO
GOBIERNO REGIONAL,CHIPA,PUESTOS DE SALUD O POSTAS DE SALUD,PASCO,PASCO,NINACACA,190105,I-1,,ACTIVADO
GOBIERNO REGIONAL,SUITUCANCHA,PUESTOS DE SALUD O POSTAS DE SALUD,JUNIN,YAULI,SUITUCANCHA,120809,I-2,,ACTIVADO
GOBIERNO REGIONAL,CHINCHAVITO,PUESTOS DE SALUD O POSTAS DE SALUD,HUANUCO,PACHITEA,CHAGLLA,100802,I-2,,ACTIVADO
GOBIERNO REGIONAL,SONAPI,PUESTOS DE SALUD O POSTAS DE SALUD,LORETO,ALTO AMAZONAS,TENIENTE CESAR LOPEZ ROJAS,160211,I-1,,ACTIVADO
GOBIERNO REGIONAL,HUASCAR,PUESTOS DE SALUD O POSTAS DE SALUD,HUANUCO,LEONCIO PRADO,RUPA-RUPA,100601,I-1,,ACTIVADO
GOBIERNO REGIONAL,JUAN PABLO II,PUESTOS DE SALUD O POSTAS DE SALUD,JUNIN,YAULI,SANTA ROSA DE SACCO,120808,I-1,,ACTIVADO
GOBIERNO REGIONAL,SANTA ELENA,PUESTOS DE SALUD O POSTAS DE SALUD,SAN MARTIN,LAMAS,BARRANQUITA,220503,I-1,,ACTIVADO
GOBIERNO REGIONAL,CALLANAYACU,PUESTOS DE SALUD O POSTAS DE SALUD,SAN MARTIN,SAN MARTIN,CHAZUTA,220904,I-1,,ACTIVADO
MINSA,SOCORRO,PUESTOS DE SALUD O POSTAS DE SALUD,PASCO,PASCO,NINACACA,190105,I-1,,ACTIVADO
GOBIERNO REGIONAL,YAUYOS,CENTROS DE SALUD O CENTROS MEDICOS,LIMA,YAUYOS,YAUYOS,151001,I-3,,ACTIVADO
GOBIERNO REGIONAL,HUANACAURE,PUESTOS DE SALUD O POSTAS DE SALUD,HUANUCO,HUANUCO,SAN PABLO DE PILLAO,100113,I-1,,ACTIVADO
GOBIERNO REGIONAL,QUILCATACTA,PUESTOS DE SALUD O POSTAS DE SALUD,JUNIN,JUNIN,ULCUMAYO,120504,I-2,,ACTIVADO
GOBIERNO REGIONAL,CHAVIN,PUESTOS DE SALUD O POSTAS DE SALUD,ICA,CHINCHA,CHAVIN,110203,I-2,,ACTIVADO
GOBIERNO REGIONAL,LA VICTORIA,PUESTOS DE SALUD O POSTAS DE SALUD,PASCO,PASCO,PAUCARTAMBO,190107,I-1,,ACTIVADO
GOBIERNO REGIONAL,P.S. LA LOMA,CENTROS DE SALUD O CENTROS MEDICOS,LORETO,ALTO AMAZONAS,YURIMAGUAS,160201,I-3,,ACTIVADO
GOBIERNO REGIONAL,TAYAGASHA,PUESTOS DE SALUD O POSTAS DE SALUD,HUANUCO,PACHITEA,PANAO,100801,I-1,,ACTIVADO
GOBIERNO REGIONAL,TOMAYRICA,PUESTOS DE SALUD O POSTAS DE SALUD,HUANUCO,PACHITEA,PANAO,100801,I-1,,ACTIVADO
GOBIERNO REGIONAL,LA OROYA,CENTROS DE SALUD CON CAMAS DE INTERNAMIENTO,JUNIN,YAULI,LA OROYA,120801,I-4,,ACTIVADO
GOBIERNO REGIONAL,ACHINAMIZA,PUESTOS DE SALUD O POSTAS DE SALUD,SAN MARTIN,SAN MARTIN,CHAZUTA,220904,I-1,,ACTIVADO
GOBIERNO REGIONAL,HUAYHUAY,PUESTOS DE SALUD O POSTAS DE SALUD,JUNIN,YAULI,HUAY HUAY,120803,I-2,,ACTIVADO
GOBIERNO REGIONAL,SHOGUE,PUESTOS DE SALUD O POSTAS DE SALUD,JUNIN,JUNIN,ULCUMAYO,120504,I-1,,ACTIVADO
GOBIERNO REGIONAL,HUARAPATAY,PUESTOS DE SALUD O POSTAS DE SALUD,HUANUCO,PACHITEA,PANAO,100801,I-2,,ACTIVADO
GOBIERNO REGIONAL,CATAHUASI,CENTROS DE SALUD O CENTROS MEDICOS,LIMA,YAUYOS,CATAHUASI,151008,I-3,,ACTIVADO
GOBIERNO REGIONAL,COLONIA PAMPAS,PUESTOS DE SALUD O POSTAS DE SALUD,LIMA,YAUYOS,COLONIA,151011,I-1,,ACTIVADO
GOBIERNO REGIONAL,HUMAY,CENTROS DE SALUD O CENTROS MEDICOS,ICA,PISCO,HUMAY,110503,I-3,,ACTIVADO
GOBIERNO REGIONAL,ALTO PENDENCIA,PUESTOS DE SALUD O POSTAS DE SALUD,HUANUCO,LEONCIO PRADO,DANIEL ALOMIA ROBLES,100602,I-2,,ACTIVADO
GOBIERNO REGIONAL,RANYAC,PUESTOS DE SALUD O POSTAS DE SALUD,PASCO,PASCO,NINACACA,190105,I-1,,ACTIVADO
GOBIERNO REGIONAL,PONGO ISLA,PUESTOS DE SALUD O POSTAS DE SALUD,SAN MARTIN,SAN MARTIN,HUIMBAYOC,220907,I-1,,ACTIVADO
GOBIERNO REGIONAL,ULCUMAYO,CENTROS DE SALUD O CENTROS MEDICOS,JUNIN,JUNIN,ULCUMAYO,120504,I-3,,ACTIVADO
GOBIERNO REGIONAL,ACOBAMBA,PUESTOS DE SALUD O POSTAS DE SALUD,HUANUCO,AMBO,SAN RAFAEL,100207,I-1,,ACTIVADO
GOBIERNO REGIONAL,LAGO NARANJAL,PUESTOS DE SALUD O POSTAS DE SALUD,LORETO,ALTO AMAZONAS,SANTA CRUZ,160210,I-1,,ACTIVADO
GOBIERNO REGIONAL,HUAÑUPIZA,PUESTOS DE SALUD O POSTAS DE SALUD,ICA,CHINCHA,SAN JUAN DE YANAC,110208,I-2,,ACTIVADO
GOBIERNO REGIONAL,SHUCUSHYACU,CENTROS DE SALUD O CENTROS MEDICOS,LORETO,ALTO AMAZONAS,TENIENTE CESAR LOPEZ ROJAS,160211,I-3,,ACTIVADO
GOBIERNO REGIONAL,CHARUPA,PUESTOS DE SALUD O POSTAS DE SALUD,LORETO,ALTO AMAZONAS,LAGUNAS,160206,I-1,,ACTIVADO
GOBIERNO REGIONAL,BELLAVISTA,PUESTOS DE SALUD O POSTAS DE SALUD,PASCO,PASCO,PAUCARTAMBO,190107,I-1,,ACTIVADO
GOBIERNO REGIONAL,YAPACMARCA,PUESTOS DE SALUD O POSTAS DE SALUD,JUNIN,JUNIN,ULCUMAYO,120504,I-1,,ACTIVADO
GOBIERNO REGIONAL,CARANIA,PUESTOS DE SALUD O POSTAS DE SALUD,LIMA,YAUYOS,CARANIA,151007,I-1,,ACTIVADO
GOBIERNO REGIONAL,QUIPARACRA,CENTROS DE SALUD O CENTROS MEDICOS,PASCO,PASCO,HUACHON,190102,I-3,,ACTIVADO
GOBIERNO REGIONAL,CARRETERA KM 1.5,CENTROS DE SALUD O CENTROS MEDICOS,LORETO,ALTO AMAZONAS,YURIMAGUAS,160201,I-3,,ACTIVADO
GOBIERNO REGIONAL,SHALACANCHA,PUESTOS DE SALUD O POSTAS DE SALUD,JUNIN,JUNIN,ULCUMAYO,120504,I-1,,ACTIVADO
GOBIERNO REGIONAL,YARINA,CENTROS DE SALUD O CENTROS MEDICOS,SAN MARTIN,SAN MARTIN,CHIPURANA,220905,I-3,,ACTIVADO
GOBIERNO REGIONAL,CHOCOS,PUESTOS DE SALUD O POSTAS DE SALUD,LIMA,YAUYOS,CHOCOS,151009,I-2,,ACTIVADO
GOBIERNO REGIONAL,C.S. SANTA CRUZ,CENTROS DE SALUD O CENTROS MEDICOS,LORETO,ALTO AMAZONAS,SANTA CRUZ,160210,I-3,,ACTIVADO
GOBIERNO REGIONAL,SAN PEDRO DE CAJAS,CENTROS DE SALUD O CENTROS MEDICOS,JUNIN,TARMA,SAN PEDRO DE CAJAS,120708,I-3,,ACTIVADO
GOBIERNO REGIONAL,TOPA,PUESTOS DE SALUD O POSTAS DE SALUD,HUANUCO,LEONCIO PRADO,DANIEL ALOMIA ROBLES,100602,I-2,,ACTIVADO
GOBIERNO REGIONAL,ACOPALCA,PUESTOS DE SALUD O POSTAS DE SALUD,PASCO,PASCO,PAUCARTAMBO,190107,I-1,,ACTIVADO
GOBIERNO REGIONAL,MIRAFLORES,PUESTOS DE SALUD O POSTAS DE SALUD,LIMA,YAUYOS,MIRAFLORES,151021,I-1,,ACTIVADO
GOBIERNO REGIONAL,UNION CAMPESINA,PUESTOS DE SALUD O POSTAS DE SALUD,LORETO,ALTO AMAZONAS,SANTA CRUZ,160210,I-1,,ACTIVADO
GOBIERNO REGIONAL,PUESTO DE SALUD HUACHINGA,PUESTOS DE SALUD O POSTAS DE SALUD,ICA,CHINCHA,ALTO LARAN,110202,I-2,,ACTIVADO
GOBIERNO REGIONAL,PUCALLPA,PUESTOS DE SALUD O POSTAS DE SALUD,SAN MARTIN,SAN MARTIN,HUIMBAYOC,220907,I-1,,ACTIVADO
GOBIERNO REGIONAL,CHUPACA,PUESTOS DE SALUD O POSTAS DE SALUD,PASCO,PASCO,PAUCARTAMBO,190107,I-1,,ACTIVADO
GOBIERNO REGIONAL,NUEVO SAN JUAN,PUESTOS DE SALUD O POSTAS DE SALUD,SAN MARTIN,SAN MARTIN,EL PORVENIR,220906,I-1,,ACTIVADO
GOBIERNO REGIONAL,SORTILEGIO,PUESTOS DE SALUD O POSTAS DE SALUD,HUANUCO,LEONCIO PRADO,HERMILIO VALDIZAN,100603,I-1,,ACTIVADO
GOBIERNO REGIONAL,AZANGARO,PUESTOS DE SALUD O POSTAS DE SALUD,LIMA,YAUYOS,AZANGARO,151005,I-2,,ACTIVADO
GOBIERNO REGIONAL,RAYANNIOC,PUESTOS DE SALUD O POSTAS DE SALUD,JUNIN,JUNIN,ULCUMAYO,120504,I-1,,ACTIVADO
GOBIERNO REGIONAL,PURHUARACRA,PUESTOS DE SALUD O POSTAS DE SALUD,JUNIN,TARMA,SAN PEDRO DE CAJAS,120708,I-1,,ACTIVADO
GOBIERNO REGIONAL,PUYAY,PUESTOS DE SALUD O POSTAS DE SALUD,JUNIN,JUNIN,ULCUMAYO,120504,I-1,,ACTIVADO
GOBIERNO REGIONAL,HUANGASCAR,PUESTOS DE SALUD O POSTAS DE SALUD,LIMA,YAUYOS,HUANGASCAR,151015,I-2,,ACTIVADO
GOBIERNO REGIONAL,QUIPACANCHA,PUESTOS DE SALUD O POSTAS DE SALUD,JUNIN,JUNIN,ULCUMAYO,120504,I-1,,ACTIVADO
GOBIERNO REGIONAL,HUACACHI,PUESTOS DE SALUD O POSTAS DE SALUD,HUANUCO,PACHITEA,CHAGLLA,100802,I-2,,ACTIVADO
GOBIERNO REGIONAL,INCACHACA YANAMACHAY,PUESTOS DE SALUD O POSTAS DE SALUD,JUNIN,TARMA,PALCAMAYO,120707,I-1,,ACTIVADO
GOBIERNO REGIONAL,TAMARATE,PUESTOS DE SALUD O POSTAS DE SALUD,LORETO,ALTO AMAZONAS,LAGUNAS,160206,I-1,,ACTIVADO
GOBIERNO REGIONAL,SAN PABLO,PUESTOS DE SALUD O POSTAS DE SALUD,HUANUCO,LEONCIO PRADO,DANIEL ALOMIA ROBLES,100602,I-1,,ACTIVADO
GOBIERNO REGIONAL,ACHUAL TIPISCHA,PUESTOS DE SALUD O POSTAS DE SALUD,LORETO,ALTO AMAZONAS,SANTA CRUZ,160210,I-1,,ACTIVADO
GOBIERNO REGIONAL,YANAPUQUIO,PUESTOS DE SALUD O POSTAS DE SALUD,JUNIN,TARMA,PALCAMAYO,120707,I-1,,ACTIVADO
GOBIERNO REGIONAL,HUANTAN,PUESTOS DE SALUD O POSTAS DE SALUD,LIMA,YAUYOS,HUANTAN,151016,I-2,,ACTIVADO
GOBIERNO REGIONAL,PAUCARTAMBO,CENTROS DE SALUD CON CAMAS DE INTERNAMIENTO,PASCO,PASCO,PAUCARTAMBO,190107,I-4,,ACTIVADO
GOBIERNO REGIONAL,TUPE,PUESTOS DE SALUD O POSTAS DE SALUD,LIMA,YAUYOS,TUPE,151031,I-1,,ACTIVADO
GOBIERNO REGIONAL,VITIS,PUESTOS DE SALUD O POSTAS DE SALUD,LIMA,YAUYOS,VITIS,151033,I-2,,ACTIVADO
GOBIERNO REGIONAL,SAN PEDRO DE HUAYHUANTE,PUESTOS DE SALUD O POSTAS DE SALUD,HUANUCO,LEONCIO PRADO,HERMILIO VALDIZAN,100603,I-1,,ACTIVADO
GOBIERNO REGIONAL,PALCAPACCHA,PUESTOS DE SALUD O POSTAS DE SALUD,JUNIN,TARMA,TARMA,120701,I-1,,ACTIVADO
GOBIERNO REGIONAL,PARINARI,PUESTOS DE SALUD O POSTAS DE SALUD,LORETO,ALTO AMAZONAS,TENIENTE CESAR LOPEZ ROJAS,160211,I-1,,ACTIVADO
GOBIERNO REGIONAL,MIRAFLORES,PUESTOS DE SALUD O POSTAS DE SALUD,SAN MARTIN,SAN MARTIN,HUIMBAYOC,220907,I-1,,ACTIVADO
GOBIERNO REGIONAL,12 DE OCTUBRE,PUESTOS DE SALUD O POSTAS DE SALUD,LORETO,LORETO,TIGRE,160303,I-1,,ACTIVADO
GOBIERNO REGIONAL,PELEJO,PUESTOS DE SALUD O POSTAS DE SALUD,SAN MARTIN,SAN MARTIN,EL PORVENIR,220906,I-1,,ACTIVADO
GOBIERNO REGIONAL,SAN AGUSTIN,PUESTOS DE SALUD O POSTAS DE SALUD,HUANUCO,LEONCIO PRADO,HERMILIO VALDIZAN,100603,I-1,,ACTIVADO
GOBIERNO REGIONAL,HUANCAYA,PUESTOS DE SALUD O POSTAS DE SALUD,LIMA,YAUYOS,HUANCAYA,151014,I-2,,ACTIVADO
GOBIERNO REGIONAL,MUÑA,PUESTOS DE SALUD O POSTAS DE SALUD,HUANUCO,PACHITEA,CHAGLLA,100802,I-1,,ACTIVADO
GOBIERNO REGIONAL,PAMPA HERMOSA DE TROMPETEROS,PUESTOS DE SALUD O POSTAS DE SALUD,LORETO,LORETO,TROMPETEROS,160304,I-1,,ACTIVADO
GOBIERNO REGIONAL,HUAMANIA,PUESTOS DE SALUD O POSTAS DE SALUD,JUNIN,TARMA,PALCAMAYO,120707,I-1,,ACTIVADO
GOBIERNO REGIONAL,MIGUEL GRAU SEMINARIO,PUESTOS DE SALUD O POSTAS DE SALUD,UCAYALI,PADRE ABAD,PADRE ABAD,250301,I-1,,ACTIVADO
GOBIERNO REGIONAL,VILLAFRANCA,PUESTOS DE SALUD O POSTAS DE SALUD,LIMA,YAUYOS,CACRA,151006,I-1,,ACTIVADO
GOBIERNO REGIONAL,PUESTO DE SALUD BELLAVISTA,PUESTOS DE SALUD O POSTAS DE SALUD,ICA,CHINCHA,SAN PEDRO DE HUACARPANA,110209,I-1,,ACTIVADO
GOBIERNO REGIONAL,CONDORCOCHA,PUESTOS DE SALUD O POSTAS DE SALUD,JUNIN,TARMA,LA UNION,120705,I-1,,ACTIVADO
GOBIERNO REGIONAL,CHUPAN,PUESTOS DE SALUD O POSTAS DE SALUD,JUNIN,TARMA,SAN PEDRO DE CAJAS,120708,I-1,,ACTIVADO
GOBIERNO REGIONAL,LA DIVISORIA,PUESTOS DE SALUD O POSTAS DE SALUD,UCAYALI,PADRE ABAD,PADRE ABAD,250301,I-1,,ACTIVADO
GOBIERNO REGIONAL,ALIS,PUESTOS DE SALUD O POSTAS DE SALUD,LIMA,YAUYOS,ALIS,151002,I-1,,ACTIVADO
GOBIERNO REGIONAL,SAN JUAN DE YANAC,PUESTOS DE SALUD O POSTAS DE SALUD,ICA,CHINCHA,SAN JUAN DE YANAC,110208,I-2,,ACTIVADO
GOBIERNO REGIONAL,LARAOS,PUESTOS DE SALUD O POSTAS DE SALUD,LIMA,YAUYOS,LARAOS,151018,I-1,,ACTIVADO
GOBIERNO REGIONAL,PUAGMARAY,PUESTOS DE SALUD O POSTAS DE SALUD,PASCO,PASCO,HUACHON,190102,I-1,,ACTIVADO
GOBIERNO REGIONAL,HOSPITAL RURAL DE PAPAPLAYA,CENTROS DE SALUD O CENTROS MEDICOS,SAN MARTIN,SAN MARTIN,PAPAPLAYA,220911,I-3,4.0,ACTIVADO
GOBIERNO REGIONAL,COCHAS,PUESTOS DE SALUD O POSTAS DE SALUD,JUNIN,TARMA,TARMA,120701,I-1,,ACTIVADO
GOBIERNO REGIONAL,CACRA,PUESTOS DE SALUD O POSTAS DE SALUD,LIMA,YAUYOS,CACRA,151006,I-1,,ACTIVADO
GOBIERNO REGIONAL,VIÑAC,PUESTOS DE SALUD O POSTAS DE SALUD,LIMA,YAUYOS,VIÑAC,151032,I-2,,ACTIVADO
GOBIERNO REGIONAL,VISTA ALEGRE,PUESTOS DE SALUD O POSTAS DE SALUD,ICA,CHINCHA,SAN PEDRO DE HUACARPANA,110209,I-2,,ACTIVADO
GOBIERNO REGIONAL,PUERTO MERCEDES,PUESTOS DE SALUD O POSTAS DE SALUD,SAN MARTIN,SAN MARTIN,PAPAPLAYA,220911,I-1,,ACTIVADO
GOBIERNO REGIONAL,3 DE OCTUBRE,PUESTOS DE SALUD O POSTAS DE SALUD,UCAYALI,PADRE ABAD,PADRE ABAD,250301,I-1,,ACTIVADO
GOBIERNO REGIONAL,MADEAN,PUESTOS DE SALUD O POSTAS DE SALUD,LIMA,YAUYOS,MADEAN,151020,I-2,,ACTIVADO
GOBIERNO REGIONAL,CERRO PRIETO,PUESTOS DE SALUD O POSTAS DE SALUD,ICA,ICA,SALAS,110108,I-2,,ACTIVADO
GOBIERNO REGIONAL,MUYLO,PUESTOS DE SALUD O POSTAS DE SALUD,JUNIN,TARMA,TARMA,120701,I-1,,ACTIVADO
GOBIERNO REGIONAL,RICRICAN CAUQUIRAN,PUESTOS DE SALUD O POSTAS DE SALUD,JUNIN,TARMA,PALCAMAYO,120707,I-1,,ACTIVADO
GOBIERNO REGIONAL,CENTRO DE SALUD PALCAMAYO,CENTROS DE SALUD O CENTROS MEDICOS,JUNIN,TARMA,PALCAMAYO,120707,I-3,,ACTIVADO
GOBIERNO REGIONAL,EL HUARANGO,PUESTOS DE SALUD O POSTAS DE SALUD,ICA,ICA,ICA,110101,I-2,,ACTIVADO
GOBIERNO REGIONAL,HUIMBAYOC,CENTROS DE SALUD O CENTROS MEDICOS,SAN MARTIN,SAN MARTIN,HUIMBAYOC,220907,I-3,2.0,ACTIVADO
GOBIERNO REGIONAL,SAN JUAN RIO HUALLAGA,PUESTOS DE SALUD O POSTAS DE SALUD,SAN MARTIN,SAN MARTIN,PAPAPLAYA,220911,I-1,,ACTIVADO
GOBIERNO REGIONAL,CARAPACHO,PUESTOS DE SALUD O POSTAS DE SALUD,JUNIN,JUNIN,ULCUMAYO,120504,I-1,,ACTIVADO
GOBIERNO REGIONAL,HONGOS,PUESTOS DE SALUD O POSTAS DE SALUD,LIMA,YAUYOS,HONGOS,151012,I-1,,ACTIVADO
GOBIERNO REGIONAL,TAMBOS,PUESTOS DE SALUD O POSTAS DE SALUD,JUNIN,JUNIN,ULCUMAYO,120504,I-2,,ACTIVADO
GOBIERNO REGIONAL,COLLAZOS,PUESTOS DE SALUD O POSTAS DE SALUD,ICA,ICA,SALAS,110108,I-2,,ACTIVADO
GOBIERNO REGIONAL,PISCURRURAY,PUESTOS DE SALUD O POSTAS DE SALUD,JUNIN,JUNIN,ULCUMAYO,120504,I-1,,ACTIVADO
GOBIERNO REGIONAL,ACANCOCHA,PUESTOS DE SALUD O POSTAS DE SALUD,JUNIN,TARMA,SAN PEDRO DE CAJAS,120708,I-1,,ACTIVADO
GOBIERNO REGIONAL,JACHAHUANCA,PUESTOS DE SALUD O POSTAS DE SALUD,JUNIN,JUNIN,ULCUMAYO,120504,I-1,,ACTIVADO
GOBIERNO REGIONAL,CHACAPALPA,PUESTOS DE SALUD O POSTAS DE SALUD,JUNIN,YAULI,CHACAPALPA,120802,I-1,,ACTIVADO
GOBIERNO REGIONAL,SUBTANJALLA,CENTROS DE SALUD O CENTROS MEDICOS,ICA,ICA,SUBTANJALLA,110112,I-3,,ACTIVADO
GOBIERNO REGIONAL,ARRABALES,PUESTOS DE SALUD O POSTAS DE SALUD,ICA,ICA,SUBTANJALLA,110112,I-1,,ACTIVADO
GOBIERNO REGIONAL,OCHONGA,PUESTOS DE SALUD O POSTAS DE SALUD,JUNIN,TARMA,PALCAMAYO,120707,I-1,,ACTIVADO
GOBIERNO REGIONAL,SANYACANCHA,PUESTOS DE SALUD O POSTAS DE SALUD,JUNIN,TARMA,TARMA,120701,I-1,,ACTIVADO
GOBIERNO REGIONAL,LA UNION LETICIA,PUESTOS DE SALUD O POSTAS DE SALUD,JUNIN,TARMA,LA UNION,120705,I-2,,ACTIVADO
GOBIERNO REGIONAL,CAMINO DE REYES,PUESTOS DE SALUD O POSTAS DE SALUD,ICA,ICA,SAN JUAN BAUTISTA,110110,I-1,,ACTIVADO
GOBIERNO REGIONAL,LA ANGOSTURA,PUESTOS DE SALUD O POSTAS DE SALUD,ICA,ICA,SUBTANJALLA,110112,I-2,,ACTIVADO
GOBIERNO REGIONAL,CRISTO SALVADOR LA FLORIDA,PUESTOS DE SALUD O POSTAS DE SALUD,LIMA,YAUYOS,VIÑAC,151032,I-1,,ACTIVADO
GOBIERNO REGIONAL,SAN JOAQUIN,CENTROS DE SALUD O CENTROS MEDICOS,ICA,ICA,ICA,110101,I-3,,ACTIVADO
GOBIERNO REGIONAL,YANQUIZA,PUESTOS DE SALUD O POSTAS DE SALUD,ICA,ICA,SUBTANJALLA,110112,I-1,,ACTIVADO
GOBIERNO REGIONAL,TOMAS,PUESTOS DE SALUD O POSTAS DE SALUD,LIMA,YAUYOS,TOMAS,151030,I-2,,ACTIVADO
GOBIERNO REGIONAL,LISCAY,PUESTOS DE SALUD O POSTAS DE SALUD,ICA,CHINCHA,SAN PEDRO DE HUACARPANA,110209,I-2,,ACTIVADO
GOBIERNO REGIONAL,SENOR DE LUREN,PUESTOS DE SALUD O POSTAS DE SALUD,ICA,ICA,ICA,110101,I-2,,ACTIVADO
GOBIERNO REGIONAL,LABORATORIO DE REFERENCIA REGIONAL DE ICA,PATOLOGIA CLINICA,ICA,ICA,ICA,110101,Sin Categoría,,ACTIVADO
GOBIERNO REGIONAL,REGIONAL DE ICA,HOSPITALES O CLINICAS DE ATENCION GENERAL,ICA,ICA,ICA,110101,II-2,40.0,ACTIVADO
ESSALUD,HOSP. IV AUGUSTO HERNANDEZ MENDOZA,HOSPITALES O CLINICAS DE ATENCION GENERAL,ICA,ICA,ICA,110101,II-2,106.0,ACTIVADO
GOBIERNO REGIONAL,YANEC,PUESTOS DE SALUD O POSTAS DE SALUD,JUNIN,TARMA,SAN PEDRO DE CAJAS,120708,I-1,,ACTIVADO
GOBIERNO REGIONAL,LUCMA,PUESTOS DE SALUD O POSTAS DE SALUD,PASCO,PASCO,HUACHON,190102,I-1,,ACTIVADO
GOBIERNO REGIONAL,FONAVI IV,PUESTOS DE SALUD O POSTAS DE SALUD,ICA,ICA,SUBTANJALLA,110112,I-2,,ACTIVADO
GOBIERNO REGIONAL,SAN JUAN BAUTISTA,CENTROS DE SALUD O CENTROS MEDICOS,ICA,ICA,SAN JUAN BAUTISTA,110110,I-3,,ACTIVADO
GOBIERNO REGIONAL,PREVISTO,PUESTOS DE SALUD O POSTAS DE SALUD,UCAYALI,PADRE ABAD,PADRE ABAD,250301,I-1,,ACTIVADO
GOBIERNO REGIONAL,CACHICHE,PUESTOS DE SALUD O POSTAS DE SALUD,ICA,ICA,ICA,110101,I-2,,ACTIVADO
GOBIERNO REGIONAL,SAN MARTIN DE PORRAS,PUESTOS DE SALUD O POSTAS DE SALUD,ICA,ICA,ICA,110101,I-2,,ACTIVADO
GOBIERNO REGIONAL,TALLAPAMPA,PUESTOS DE SALUD O POSTAS DE SALUD,PASCO,PASCO,PAUCARTAMBO,190107,I-1,,ACTIVADO
GOBIERNO REGIONAL,LA PALMA GRANDE,CENTROS DE SALUD O CENTROS MEDICOS,ICA,ICA,ICA,110101,I-3,5.0,ACTIVADO
GOBIERNO REGIONAL,CUYRUHUASI,PUESTOS DE SALUD O POSTAS DE SALUD,JUNIN,TARMA,LA UNION,120705,I-1,,ACTIVADO
GOBIERNO REGIONAL,MULLUCRO,PUESTOS DE SALUD O POSTAS DE SALUD,JUNIN,TARMA,TARMA,120701,I-1,,ACTIVADO
GOBIERNO REGIONAL,NAVARRO,PUESTOS DE SALUD O POSTAS DE SALUD,SAN MARTIN,SAN MARTIN,CHIPURANA,220905,I-1,,ACTIVADO
GOBIERNO REGIONAL,SANTA MARIA DEL SOCORRO,HOSPITALES O CLINICAS DE ATENCION GENERAL,ICA,ICA,ICA,110101,II-1,120.0,ACTIVADO
GOBIERNO REGIONAL,ARAHUANTE,PUESTOS DE SALUD O POSTAS DE SALUD,LORETO,ALTO AMAZONAS,LAGUNAS,160206,I-1,,ACTIVADO
GOBIERNO REGIONAL,EL CARMEN-OLIVO,PUESTOS DE SALUD O POSTAS DE SALUD,ICA,ICA,SAN JUAN BAUTISTA,110110,I-2,,ACTIVADO
GOBIERNO REGIONAL,PASAJE TINGUIÑA VALLE,PUESTOS DE SALUD O POSTAS DE SALUD,ICA,ICA,PARCONA,110106,I-2,,ACTIVADO
GOBIERNO REGIONAL,ASUNCION,PUESTOS DE SALUD O POSTAS DE SALUD,SAN MARTIN,SAN MARTIN,PAPAPLAYA,220911,I-1,,ACTIVADO
GOBIERNO REGIONAL,CHANCHAJALLA,PUESTOS DE SALUD O POSTAS DE SALUD,ICA,ICA,LA TINGUIÑA,110102,I-1,,ACTIVADO
GOBIERNO REGIONAL,SAN ANTONIO  RIO HUALLAGA,PUESTOS DE SALUD O POSTAS DE SALUD,SAN MARTIN,SAN MARTIN,PAPAPLAYA,220911,I-1,,ACTIVADO
GOBIERNO REGIONAL,ACOMAYO,CENTROS DE SALUD O CENTROS MEDICOS,ICA,ICA,PARCONA,110106,I-3,,ACTIVADO
GOBIERNO REGIONAL,SAN RAFAEL,PUESTOS DE SALUD O POSTAS DE SALUD,ICA,ICA,PUEBLO NUEVO,110107,I-1,,ACTIVADO
GOBIERNO REGIONAL,EL ROSARIO,PUESTOS DE SALUD O POSTAS DE SALUD,JUNIN,JAUJA,CURICACA,120406,I-2,,ACTIVADO
GOBIERNO REGIONAL,HUANCACHI,PUESTOS DE SALUD O POSTAS DE SALUD,LIMA,YAUYOS,TOMAS,151030,I-1,,ACTIVADO
GOBIERNO REGIONAL,CANCHAYLLO,PUESTOS DE SALUD O POSTAS DE SALUD,JUNIN,JAUJA,CANCHAYLLO,120405,I-2,,ACTIVADO
GOBIERNO REGIONAL,UCHURACRA,PUESTOS DE SALUD O POSTAS DE SALUD,JUNIN,TARMA,LA UNION,120705,I-1,,ACTIVADO
GOBIERNO REGIONAL,LUJARAJA,PUESTOS DE SALUD O POSTAS DE SALUD,ICA,ICA,TATE,110113,I-2,,ACTIVADO
GOBIERNO REGIONAL,HUALLAMAYO,PUESTOS DE SALUD O POSTAS DE SALUD,PASCO,PASCO,PAUCARTAMBO,190107,I-2,,ACTIVADO
GOBIERNO REGIONAL,CALCA,PUESTOS DE SALUD O POSTAS DE SALUD,JUNIN,TARMA,PALCAMAYO,120707,I-1,,ACTIVADO
GOBIERNO REGIONAL,C.S SANTIAGO,CENTROS DE SALUD CON CAMAS DE INTERNAMIENTO,ICA,ICA,SANTIAGO,110111,I-4,4.0,ACTIVADO
GOBIERNO REGIONAL,NUEVO PAPAPLAYA,PUESTOS DE SALUD O POSTAS DE SALUD,LORETO,ALTO AMAZONAS,TENIENTE CESAR LOPEZ ROJAS,160211,I-1,,ACTIVADO
GOBIERNO REGIONAL,AUQUIMARCA,PUESTOS DE SALUD O POSTAS DE SALUD,PASCO,PASCO,PAUCARTAMBO,190107,I-1,,ACTIVADO
GOBIERNO REGIONAL,SANTA BARBARA,PUESTOS DE SALUD O POSTAS DE SALUD,ICA,ICA,LA TINGUIÑA,110102,I-2,,ACTIVADO
GOBIERNO REGIONAL,TATE,CENTROS DE SALUD O CENTROS MEDICOS,ICA,ICA,TATE,110113,I-3,,ACTIVADO
GOBIERNO REGIONAL,CENTRO DE SALUD PUEBLO NUEVO,CENTROS DE SALUD O CENTROS MEDICOS,ICA,ICA,PUEBLO NUEVO,110107,I-3,,ACTIVADO
GOBIERNO REGIONAL,LA TINGUIÑA,CENTROS DE SALUD O CENTROS MEDICOS,ICA,ICA,LA TINGUIÑA,110102,I-3,,ACTIVADO
GOBIERNO REGIONAL,PUNO,PUESTOS DE SALUD O POSTAS DE SALUD,ICA,ICA,TATE,110113,I-1,,ACTIVADO
GOBIERNO REGIONAL,SAN JOSE 2 DE MAYO,PUESTOS DE SALUD O POSTAS DE SALUD,SAN MARTIN,SAN MARTIN,HUIMBAYOC,220907,I-1,,ACTIVADO
GOBIERNO REGIONAL,EL ARENAL,PUESTOS DE SALUD O POSTAS DE SALUD,ICA,ICA,LOS AQUIJES,110103,I-2,,ACTIVADO
GOBIERNO REGIONAL,NUEVO TRIUNFO,PUESTOS DE SALUD O POSTAS DE SALUD,LORETO,ALTO AMAZONAS,SANTA CRUZ,160210,I-1,,ACTIVADO
GOBIERNO REGIONAL,PARIÑA GRANDE,PUESTOS DE SALUD O POSTAS DE SALUD,ICA,ICA,PUEBLO NUEVO,110107,I-2,,ACTIVADO
GOBIERNO REGIONAL,TIPISHCA,PUESTOS DE SALUD O POSTAS DE SALUD,SAN MARTIN,SAN MARTIN,CHIPURANA,220905,I-1,,ACTIVADO
GOBIERNO REGIONAL,CAÑACHACRA,PUESTOS DE SALUD O POSTAS DE SALUD,PASCO,OXAPAMPA,POZUZO,190305,I-2,,ACTIVADO
GOBIERNO REGIONAL,SANTA MARTHA,PUESTOS DE SALUD O POSTAS DE SALUD,SAN MARTIN,SAN MARTIN,HUIMBAYOC,220907,I-1,,ACTIVADO
GOBIERNO REGIONAL,PARCONA,CENTROS DE SALUD CON CAMAS DE INTERNAMIENTO,ICA,ICA,PARCONA,110106,I-4,6.0,ACTIVADO
GOBIERNO REGIONAL,LOS CALDERONES,PUESTOS DE SALUD O POSTAS DE SALUD,ICA,ICA,TATE,110113,I-1,,ACTIVADO
GOBIERNO REGIONAL,REFORMA,PUESTOS DE SALUD O POSTAS DE SALUD,SAN MARTIN,SAN MARTIN,PAPAPLAYA,220911,I-1,,ACTIVADO
GOBIERNO REGIONAL,CUSHI,PUESTOS DE SALUD O POSTAS DE SALUD,PASCO,OXAPAMPA,POZUZO,190305,I-1,,ACTIVADO
GOBIERNO REGIONAL,SANTA  VIRGINIA,PUESTOS DE SALUD O POSTAS DE SALUD,PASCO,OXAPAMPA,POZUZO,190305,I-2,,ACTIVADO
GOBIERNO REGIONAL,PAMPA DE LA ISLA,PUESTOS DE SALUD O POSTAS DE SALUD,ICA,ICA,SAN JOSE DE LOS MOLINOS,110109,I-2,,ACTIVADO
GOBIERNO REGIONAL,PICOY,PUESTOS DE SALUD O POSTAS DE SALUD,JUNIN,TARMA,ACOBAMBA,120702,I-1,,ACTIVADO
GOBIERNO REGIONAL,PARINA CHICO,PUESTOS DE SALUD O POSTAS DE SALUD,ICA,ICA,LOS AQUIJES,110103,I-2,,ACTIVADO
GOBIERNO REGIONAL,DE APOYO FELIX MAYORCA SOTO,HOSPITALES O CLINICAS DE ATENCION GENERAL,JUNIN,TARMA,TARMA,120701,II-2,111.0,ACTIVADO
GOBIERNO REGIONAL,CALLEJON LOS ESPINOS,PUESTOS DE SALUD O POSTAS DE SALUD,ICA,ICA,PUEBLO NUEVO,110107,I-1,,ACTIVADO
GOBIERNO REGIONAL,CARHUACATAC,PUESTOS DE SALUD O POSTAS DE SALUD,JUNIN,TARMA,TARMA,120701,I-1,,ACTIVADO
GOBIERNO REGIONAL,SAN JUAN DE LA LIBERTAD,PUESTOS DE SALUD O POSTAS DE SALUD,JUNIN,TARMA,HUASAHUASI,120704,I-1,,ACTIVADO
GOBIERNO REGIONAL,PACHACUTEC,CENTROS DE SALUD O CENTROS MEDICOS,ICA,ICA,PACHACUTEC,110105,I-3,,ACTIVADO
GOBIERNO REGIONAL,LOS AQUIJES,CENTROS DE SALUD O CENTROS MEDICOS,ICA,ICA,LOS AQUIJES,110103,I-3,3.0,ACTIVADO
GOBIERNO REGIONAL,POMACHACA,PUESTOS DE SALUD O POSTAS DE SALUD,JUNIN,TARMA,TARMA,120701,I-1,,ACTIVADO
GOBIERNO REGIONAL,PAMPA CHACALTANA,PUESTOS DE SALUD O POSTAS DE SALUD,ICA,ICA,OCUCAJE,110104,I-2,,ACTIVADO
GOBIERNO REGIONAL,TIAMBRA,PUESTOS DE SALUD O POSTAS DE SALUD,JUNIN,TARMA,HUASAHUASI,120704,I-1,,ACTIVADO
GOBIERNO REGIONAL,EL PALTO,PUESTOS DE SALUD O POSTAS DE SALUD,ICA,ICA,PACHACUTEC,110105,I-1,,ACTIVADO
GOBIERNO REGIONAL,TUPIN,PUESTOS DE SALUD O POSTAS DE SALUD,JUNIN,TARMA,ACOBAMBA,120702,I-1,,ACTIVADO
GOBIERNO REGIONAL,TARMATAMBO,PUESTOS DE SALUD O POSTAS DE SALUD,JUNIN,TARMA,TARMA,120701,I-1,,ACTIVADO
GOBIERNO REGIONAL,PUESTO DE SALUD CORDOVA,PUESTOS DE SALUD O POSTAS DE SALUD,ICA,ICA,OCUCAJE,110104,I-1,,ACTIVADO
GOBIERNO REGIONAL,YAURILLA,PUESTOS DE SALUD O POSTAS DE SALUD,ICA,ICA,LOS AQUIJES,110103,I-2,,ACTIVADO
GOBIERNO REGIONAL,BARRIO CENTRAL,PUESTOS DE SALUD O POSTAS DE SALUD,LORETO,ALTO AMAZONAS,LAGUNAS,160206,I-1,,ACTIVADO
GOBIERNO REGIONAL,LA VENTA,PUESTOS DE SALUD O POSTAS DE SALUD,ICA,ICA,SANTIAGO,110111,I-2,,ACTIVADO
GOBIERNO REGIONAL,HUAMATAMBO,PUESTOS DE SALUD O POSTAS DE SALUD,HUANCAVELICA,CASTROVIRREYNA,HUAMATAMBO,90408,I-1,,ACTIVADO
GOBIERNO REGIONAL,VICORA CONGAS,PUESTOS DE SALUD O POSTAS DE SALUD,JUNIN,TARMA,TARMA,120701,I-1,,ACTIVADO
GOBIERNO REGIONAL,AGUADA DE PALOS,PUESTOS DE SALUD O POSTAS DE SALUD,ICA,ICA,SANTIAGO,110111,I-1,,ACTIVADO
GOBIERNO REGIONAL,PP.JJ. EL ROSARIO,PUESTOS DE SALUD O POSTAS DE SALUD,ICA,ICA,LOS AQUIJES,110103,I-2,,ACTIVADO
GOBIERNO REGIONAL,C.S. I-3 LAGUNAS,CENTROS DE SALUD O CENTROS MEDICOS,LORETO,ALTO AMAZONAS,LAGUNAS,160206,I-3,10.0,ACTIVADO
GOBIERNO REGIONAL,BUENA VISTA,PUESTOS DE SALUD O POSTAS DE SALUD,PASCO,OXAPAMPA,POZUZO,190305,I-1,,ACTIVADO
GOBIERNO REGIONAL,LOS MOLINOS,CENTROS DE SALUD O CENTROS MEDICOS,ICA,ICA,SAN JOSE DE LOS MOLINOS,110109,I-3,,ACTIVADO
GOBIERNO REGIONAL,SAN SALVADOR,PUESTOS DE SALUD O POSTAS DE SALUD,PASCO,OXAPAMPA,POZUZO,190305,I-1,,ACTIVADO
GOBIERNO REGIONAL,REFORMA,PUESTOS DE SALUD O POSTAS DE SALUD,LORETO,LORETO,URARINAS,160305,I-1,,ACTIVADO
GOBIERNO REGIONAL,SANTA DOMINGUITA,PUESTOS DE SALUD O POSTAS DE SALUD,ICA,ICA,SANTIAGO,110111,I-2,,ACTIVADO
GOBIERNO REGIONAL,OCUCAJE,CENTROS DE SALUD O CENTROS MEDICOS,ICA,ICA,OCUCAJE,110104,I-3,,ACTIVADO
GOBIERNO REGIONAL,LECHE,PUESTOS DE SALUD O POSTAS DE SALUD,SAN MARTIN,SAN MARTIN,HUIMBAYOC,220907,I-1,,ACTIVADO
GOBIERNO REGIONAL,MALLAMPAMPA,PUESTOS DE SALUD O POSTAS DE SALUD,PASCO,OXAPAMPA,HUANCABAMBA,190303,I-2,,ACTIVADO
GOBIERNO REGIONAL,LINCHA,PUESTOS DE SALUD O POSTAS DE SALUD,LIMA,YAUYOS,LINCHA,151019,I-1,,ACTIVADO
GOBIERNO REGIONAL,MISARURASHA,PUESTOS DE SALUD O POSTAS DE SALUD,JUNIN,TARMA,TARMA,120701,I-1,,ACTIVADO
GOBIERNO REGIONAL,ACOBAMBA,CENTROS DE SALUD CON CAMAS DE INTERNAMIENTO,JUNIN,TARMA,ACOBAMBA,120702,I-4,,ACTIVADO
GOBIERNO REGIONAL,CHIRAS,PUESTOS DE SALUD O POSTAS DE SALUD,JUNIN,TARMA,HUASAHUASI,120704,I-1,,ACTIVADO
GOBIERNO REGIONAL,HUARICOLCA,PUESTOS DE SALUD O POSTAS DE SALUD,JUNIN,TARMA,HUARICOLCA,120703,I-2,,ACTIVADO
GOBIERNO REGIONAL,ARMONIA,PUESTOS DE SALUD O POSTAS DE SALUD,JUNIN,JAUJA,POMACANCHA,120426,I-1,,ACTIVADO
GOBIERNO REGIONAL,TANTARA,CENTROS DE SALUD O CENTROS MEDICOS,HUANCAVELICA,CASTROVIRREYNA,TANTARA,90412,I-3,,ACTIVADO
GOBIERNO REGIONAL,HUASAHUASI,CENTROS DE SALUD CON CAMAS DE INTERNAMIENTO,JUNIN,TARMA,HUASAHUASI,120704,I-4,,ACTIVADO
GOBIERNO REGIONAL,HUACUAS,PUESTOS DE SALUD O POSTAS DE SALUD,JUNIN,TARMA,HUASAHUASI,120704,I-1,,ACTIVADO
GOBIERNO REGIONAL,SAN PEDRO DE HUACARPANA,PUESTOS DE SALUD O POSTAS DE SALUD,ICA,CHINCHA,SAN PEDRO DE HUACARPANA,110209,I-2,,ACTIVADO
GOBIERNO REGIONAL,STA. ISABEL,PUESTOS DE SALUD O POSTAS DE SALUD,PASCO,PASCO,PAUCARTAMBO,190107,I-1,,ACTIVADO
GOBIERNO REGIONAL,CASABLANCA,PUESTOS DE SALUD O POSTAS DE SALUD,JUNIN,JAUJA,POMACANCHA,120426,I-1,,ACTIVADO
GOBIERNO REGIONAL,TINGO MAL PASO,PUESTOS DE SALUD O POSTAS DE SALUD,PASCO,OXAPAMPA,POZUZO,190305,I-1,,ACTIVADO
GOBIERNO REGIONAL,BOQUERON,PUESTOS DE SALUD O POSTAS DE SALUD,UCAYALI,PADRE ABAD,PADRE ABAD,250301,I-2,,ACTIVADO
GOBIERNO REGIONAL,SAN JOSE DE YANAYACU,PUESTOS DE SALUD O POSTAS DE SALUD,SAN MARTIN,SAN MARTIN,HUIMBAYOC,220907,I-1,,ACTIVADO
GOBIERNO REGIONAL,SAN JUAN DE CASTROVIRREYNA,PUESTOS DE SALUD O POSTAS DE SALUD,HUANCAVELICA,CASTROVIRREYNA,SAN JUAN,90410,I-1,,ACTIVADO
GOBIERNO REGIONAL,PUNRAY,PUESTOS DE SALUD O POSTAS DE SALUD,JUNIN,TARMA,HUASAHUASI,120704,I-1,,ACTIVADO
GOBIERNO REGIONAL,PUESTO DE SALUD CALLANGO,PUESTOS DE SALUD O POSTAS DE SALUD,ICA,ICA,OCUCAJE,110104,I-1,,ACTIVADO
GOBIERNO REGIONAL,SAN JOSE DE CAYASH,PUESTOS DE SALUD O POSTAS DE SALUD,JUNIN,TARMA,SAN PEDRO DE CAJAS,120708,I-1,,ACTIVADO
GOBIERNO REGIONAL,SAN JOSE,PUESTOS DE SALUD O POSTAS DE SALUD,PASCO,OXAPAMPA,POZUZO,190305,I-1,,ACTIVADO
GOBIERNO REGIONAL,POMACANCHA,PUESTOS DE SALUD O POSTAS DE SALUD,JUNIN,JAUJA,POMACANCHA,120426,I-1,,ACTIVADO
GOBIERNO REGIONAL,HUARACAYO,PUESTOS DE SALUD O POSTAS DE SALUD,JUNIN,TARMA,ACOBAMBA,120702,I-1,,ACTIVADO
GOBIERNO REGIONAL,COLLPA,PUESTOS DE SALUD O POSTAS DE SALUD,JUNIN,TARMA,ACOBAMBA,120702,I-1,,ACTIVADO
GOBIERNO REGIONAL,LLOCLLAPAMPA,CENTROS DE SALUD O CENTROS MEDICOS,JUNIN,JAUJA,LLOCLLAPAMPA,120414,I-3,,ACTIVADO
GOBIERNO REGIONAL,HUANCANO,PUESTOS DE SALUD O POSTAS DE SALUD,ICA,PISCO,HUANCANO,110502,I-2,,ACTIVADO
GOBIERNO REGIONAL,SHAMBILLO,PUESTOS DE SALUD O POSTAS DE SALUD,UCAYALI,PADRE ABAD,PADRE ABAD,250301,I-2,,ACTIVADO
GOBIERNO REGIONAL,CHUPAMARCA,PUESTOS DE SALUD O POSTAS DE SALUD,HUANCAVELICA,CASTROVIRREYNA,CHUPAMARCA,90405,I-2,,ACTIVADO
GOBIERNO REGIONAL,JANJAILLO,PUESTOS DE SALUD O POSTAS DE SALUD,JUNIN,JAUJA,JANJAILLO,120411,I-2,,ACTIVADO
GOBIERNO REGIONAL,PUESTO SALUD HUAMANI,PUESTOS DE SALUD O POSTAS DE SALUD,ICA,ICA,SAN JOSE DE LOS MOLINOS,110109,I-1,,ACTIVADO
GOBIERNO REGIONAL,HUAYLAHUICHAN,PUESTOS DE SALUD O POSTAS DE SALUD,JUNIN,TARMA,ACOBAMBA,120702,I-1,,ACTIVADO
GOBIERNO REGIONAL,CASCA,PUESTOS DE SALUD O POSTAS DE SALUD,JUNIN,TARMA,HUASAHUASI,120704,I-1,,ACTIVADO
GOBIERNO REGIONAL,CHIPOCAYO,PUESTOS DE SALUD O POSTAS DE SALUD,JUNIN,TARMA,PALCA,120706,I-1,,ACTIVADO
GOBIERNO REGIONAL,P.S. I-1 PUERTO VICTORIA,PUESTOS DE SALUD O POSTAS DE SALUD,LORETO,ALTO AMAZONAS,LAGUNAS,160206,I-1,,ACTIVADO
GOBIERNO REGIONAL,SANTA ROSILLO CHIPURANA,PUESTOS DE SALUD O POSTAS DE SALUD,SAN MARTIN,SAN MARTIN,HUIMBAYOC,220907,I-1,,ACTIVADO
GOBIERNO REGIONAL,TINGO PACCHA,PUESTOS DE SALUD O POSTAS DE SALUD,JUNIN,JAUJA,ACOLLA,120402,I-2,,ACTIVADO
GOBIERNO REGIONAL,HUAMPOMAYO,PUESTOS DE SALUD O POSTAS DE SALUD,HUANUCO,PUERTO INCA,CODO DEL POZUZO,100902,I-1,,ACTIVADO
GOBIERNO REGIONAL,MATACHICO,PUESTOS DE SALUD O POSTAS DE SALUD,JUNIN,JAUJA,LLOCLLAPAMPA,120414,I-1,,ACTIVADO
GOBIERNO REGIONAL,LLACSACACA,PUESTOS DE SALUD O POSTAS DE SALUD,JUNIN,TARMA,PALCA,120706,I-1,,ACTIVADO
GOBIERNO REGIONAL,EL TINGO,PUESTOS DE SALUD O POSTAS DE SALUD,JUNIN,JAUJA,ACOLLA,120402,I-2,,ACTIVADO
GOBIERNO REGIONAL,PAMPACHICA,PUESTOS DE SALUD O POSTAS DE SALUD,PASCO,OXAPAMPA,HUANCABAMBA,190303,I-1,,ACTIVADO
GOBIERNO REGIONAL,OSOMAYO,PUESTOS DE SALUD O POSTAS DE SALUD,PASCO,OXAPAMPA,POZUZO,190305,I-1,,ACTIVADO
GOBIERNO REGIONAL,APAYCANCHILLA,PUESTOS DE SALUD O POSTAS DE SALUD,JUNIN,TARMA,HUARICOLCA,120703,I-1,,ACTIVADO
GOBIERNO REGIONAL,QUETA,PUESTOS DE SALUD O POSTAS DE SALUD,JUNIN,TARMA,TAPO,120709,I-1,,ACTIVADO
GOBIERNO REGIONAL,CASACOTO - SAN ANTONIO,PUESTOS DE SALUD O POSTAS DE SALUD,JUNIN,TARMA,TAPO,120709,I-1,,ACTIVADO
GOBIERNO REGIONAL,AURAHUA,CENTROS DE SALUD O CENTROS MEDICOS,HUANCAVELICA,CASTROVIRREYNA,AURAHUA,90403,I-3,,ACTIVADO
GOBIERNO REGIONAL,LUCMA,PUESTOS DE SALUD O POSTAS DE SALUD,HUANCAVELICA,CASTROVIRREYNA,ARMA,90402,I-1,,ACTIVADO
GOBIERNO REGIONAL,PALCA,CENTROS DE SALUD O CENTROS MEDICOS,JUNIN,TARMA,PALCA,120706,I-3,,ACTIVADO
GOBIERNO REGIONAL,ANCAHUACHANAN,PUESTOS DE SALUD O POSTAS DE SALUD,PASCO,OXAPAMPA,HUANCABAMBA,190303,I-1,,ACTIVADO
GOBIERNO REGIONAL,TUNANMARCA,PUESTOS DE SALUD O POSTAS DE SALUD,JUNIN,JAUJA,TUNAN MARCA,120432,I-1,,ACTIVADO
GOBIERNO REGIONAL,PATAY,PUESTOS DE SALUD O POSTAS DE SALUD,JUNIN,TARMA,PALCA,120706,I-1,,ACTIVADO
GOBIERNO REGIONAL,SACAS,PUESTOS DE SALUD O POSTAS DE SALUD,JUNIN,JAUJA,ACOLLA,120402,I-1,,ACTIVADO
GOBIERNO REGIONAL,YANAMARCA,PUESTOS DE SALUD O POSTAS DE SALUD,JUNIN,JAUJA,ACOLLA,120402,I-2,,ACTIVADO
GOBIERNO REGIONAL,TAPO,PUESTOS DE SALUD O POSTAS DE SALUD,JUNIN,TARMA,TAPO,120709,I-2,,ACTIVADO
GOBIERNO REGIONAL,MARCO,PUESTOS DE SALUD O POSTAS DE SALUD,JUNIN,JAUJA,MARCO,120415,I-2,,ACTIVADO
GOBIERNO REGIONAL,STA. ROSA DE HUARMITA,PUESTOS DE SALUD O POSTAS DE SALUD,JUNIN,CONCEPCION,SAN JOSE DE QUERO,120214,I-1,,ACTIVADO
GOBIERNO REGIONAL,APAYCANCHA,PUESTOS DE SALUD O POSTAS DE SALUD,JUNIN,JAUJA,RICRAN,120427,I-1,,ACTIVADO
GOBIERNO REGIONAL,CHUQUISHUARI,PUESTOS DE SALUD O POSTAS DE SALUD,JUNIN,JAUJA,ACOLLA,120402,I-1,,ACTIVADO
GOBIERNO REGIONAL,COCHARCAS,PUESTOS DE SALUD O POSTAS DE SALUD,ICA,ICA,YAUCA DEL ROSARIO,110114,I-1,,ACTIVADO
GOBIERNO REGIONAL,LANTURACHI,PUESTOS DE SALUD O POSTAS DE SALUD,PASCO,OXAPAMPA,HUANCABAMBA,190303,I-1,,ACTIVADO
GOBIERNO REGIONAL,YANACANCHA,"PUESTOS DE SALUD O POSTAS DE SALUD,PUESTOS DE SALUD O POSTAS DE SALUD",JUNIN,JAUJA,PACA,120422,I-1,,ACTIVADO
GOBIERNO REGIONAL,CARPAPATA,PUESTOS DE SALUD O POSTAS DE SALUD,JUNIN,TARMA,PALCA,120706,I-1,,ACTIVADO
GOBIERNO REGIONAL,CONGAS ANTACUCHO,PUESTOS DE SALUD O POSTAS DE SALUD,JUNIN,TARMA,HUARICOLCA,120703,I-1,,ACTIVADO
GOBIERNO REGIONAL,"C.S. ""SAN CAMILO"" - POZUZO",CENTROS DE SALUD CON CAMAS DE INTERNAMIENTO,PASCO,OXAPAMPA,POZUZO,190305,I-4,,ACTIVADO
GOBIERNO REGIONAL,MACO,PUESTOS DE SALUD O POSTAS DE SALUD,JUNIN,TARMA,TAPO,120709,I-1,,ACTIVADO
GOBIERNO REGIONAL,CHALHUAS,PUESTOS DE SALUD O POSTAS DE SALUD,JUNIN,JAUJA,SINCOS,120431,I-1,,ACTIVADO
GOBIERNO REGIONAL,PUCACURO DE LAGUNAS,PUESTOS DE SALUD O POSTAS DE SALUD,LORETO,ALTO AMAZONAS,LAGUNAS,160206,I-1,,ACTIVADO
GOBIERNO REGIONAL,ASCENCION,PUESTOS DE SALUD O POSTAS DE SALUD,PASCO,OXAPAMPA,POZUZO,190305,I-2,,ACTIVADO
GOBIERNO REGIONAL,PARCO,PUESTOS DE SALUD O POSTAS DE SALUD,JUNIN,JAUJA,PARCO,120425,I-2,,ACTIVADO
GOBIERNO REGIONAL,VILLA DE ARMA,CENTROS DE SALUD O CENTROS MEDICOS,HUANCAVELICA,CASTROVIRREYNA,ARMA,90402,I-3,,ACTIVADO
GOBIERNO REGIONAL,YAROCA,PUESTOS DE SALUD O POSTAS DE SALUD,JUNIN,TARMA,PALCA,120706,I-1,,ACTIVADO
GOBIERNO REGIONAL,ACOLLA,CENTROS DE SALUD O CENTROS MEDICOS,JUNIN,JAUJA,ACOLLA,120402,I-3,,ACTIVADO
GOBIERNO REGIONAL,PACHASCUCHO,PUESTOS DE SALUD O POSTAS DE SALUD,JUNIN,JAUJA,ACOLLA,120402,I-2,,ACTIVADO
GOBIERNO REGIONAL,CAPILLAS NORTE,PUESTOS DE SALUD O POSTAS DE SALUD,HUANCAVELICA,CASTROVIRREYNA,CAPILLAS,90404,I-2,,ACTIVADO
GOBIERNO REGIONAL,CHANCAHUASI,PUESTOS DE SALUD O POSTAS DE SALUD,HUANCAVELICA,CASTROVIRREYNA,CHUPAMARCA,90405,I-1,,ACTIVADO
GOBIERNO REGIONAL,CANCHAPUNCO,PUESTOS DE SALUD O POSTAS DE SALUD,JUNIN,JAUJA,PACCHA,120423,I-1,,ACTIVADO
GOBIERNO REGIONAL,MUCHUYMAYO,PUESTOS DE SALUD O POSTAS DE SALUD,PASCO,OXAPAMPA,HUANCABAMBA,190303,I-1,,ACTIVADO
GOBIERNO REGIONAL,PACCHAC,PUESTOS DE SALUD O POSTAS DE SALUD,JUNIN,TARMA,TAPO,120709,I-1,,ACTIVADO
GOBIERNO REGIONAL,MARISCAL CACERES.,PUESTOS DE SALUD O POSTAS DE SALUD,UCAYALI,PADRE ABAD,PADRE ABAD,250301,I-1,,ACTIVADO
GOBIERNO REGIONAL,SAN ROQUE DE HUARMITA,PUESTOS DE SALUD O POSTAS DE SALUD,JUNIN,CONCEPCION,SAN JOSE DE QUERO,120214,I-1,,ACTIVADO
GOBIERNO REGIONAL,SAN JOSE DE QUERO,CENTROS DE SALUD O CENTROS MEDICOS,JUNIN,CONCEPCION,SAN JOSE DE QUERO,120214,I-3,,ACTIVADO
GOBIERNO REGIONAL,HUACHOS,CENTROS DE SALUD O CENTROS MEDICOS,HUANCAVELICA,CASTROVIRREYNA,HUACHOS,90407,I-3,,ACTIVADO
GOBIERNO REGIONAL,SALLAHUACHAC,PUESTOS DE SALUD O POSTAS DE SALUD,JUNIN,JAUJA,SINCOS,120431,I-1,,ACTIVADO
GOBIERNO REGIONAL,RIO TIGRE,PUESTOS DE SALUD O POSTAS DE SALUD,PASCO,OXAPAMPA,POZUZO,190305,I-1,,ACTIVADO
GOBIERNO REGIONAL,LLAUPI,PUESTOS DE SALUD O POSTAS DE SALUD,JUNIN,JUNIN,ULCUMAYO,120504,I-1,,ACTIVADO
GOBIERNO REGIONAL,HUARIPAMPA,PUESTOS DE SALUD O POSTAS DE SALUD,JUNIN,TARMA,PALCA,120706,I-1,,ACTIVADO
GOBIERNO REGIONAL,PAMPANO,PUESTOS DE SALUD O POSTAS DE SALUD,ICA,PISCO,HUANCANO,110502,I-1,,ACTIVADO
GOBIERNO REGIONAL,YURACMAYO,PUESTOS DE SALUD O POSTAS DE SALUD,JUNIN,TARMA,TAPO,120709,I-1,,ACTIVADO
GOBIERNO REGIONAL,HUANCABAMBA,CENTROS DE SALUD O CENTROS MEDICOS,PASCO,OXAPAMPA,HUANCABAMBA,190303,I-3,,ACTIVADO
GOBIERNO REGIONAL,ÑAHUIN,PUESTOS DE SALUD O POSTAS DE SALUD,JUNIN,TARMA,PALCA,120706,I-1,,ACTIVADO
GOBIERNO REGIONAL,RICRAN,PUESTOS DE SALUD O POSTAS DE SALUD,JUNIN,JAUJA,RICRAN,120427,I-2,,ACTIVADO
GOBIERNO REGIONAL,SEIS DE JULIO,PUESTOS DE SALUD O POSTAS DE SALUD,LORETO,ALTO AMAZONAS,LAGUNAS,160206,I-1,,ACTIVADO
GOBIERNO REGIONAL,PUERTO AZUL,PUESTOS DE SALUD O POSTAS DE SALUD,UCAYALI,PADRE ABAD,PADRE ABAD,250301,I-1,,ACTIVADO
GOBIERNO REGIONAL,PACA,PUESTOS DE SALUD O POSTAS DE SALUD,JUNIN,JAUJA,PACA,120422,I-2,,ACTIVADO
GOBIERNO REGIONAL,USIBAMBA,PUESTOS DE SALUD O POSTAS DE SALUD,JUNIN,CONCEPCION,SAN JOSE DE QUERO,120214,I-2,,ACTIVADO
GOBIERNO REGIONAL,AGUAYTIA,CENTROS DE SALUD CON CAMAS DE INTERNAMIENTO,UCAYALI,PADRE ABAD,PADRE ABAD,250301,I-4,,ACTIVADO
GOBIERNO REGIONAL,HUANCAS,PUESTOS DE SALUD O POSTAS DE SALUD,JUNIN,JAUJA,YAUYOS,120434,I-1,,ACTIVADO
GOBIERNO REGIONAL,CHAQUICOCHA,PUESTOS DE SALUD O POSTAS DE SALUD,JUNIN,CONCEPCION,SAN JOSE DE QUERO,120214,I-2,,ACTIVADO
ESSALUD,POSTA MEDICA ESSALUD  AGUAYTIA,PUESTOS DE SALUD O POSTAS DE SALUD,UCAYALI,PADRE ABAD,PADRE ABAD,250301,I-2,,ACTIVADO
GOBIERNO REGIONAL,STO DOMINGO DE CACHI,PUESTOS DE SALUD O POSTAS DE SALUD,JUNIN,CHUPACA,YANACANCHA,120909,I-1,,ACTIVADO
GOBIERNO REGIONAL,PACCHA MIRAFLORES,PUESTOS DE SALUD O POSTAS DE SALUD,JUNIN,JAUJA,PACCHA,120423,I-1,,ACTIVADO
GOBIERNO REGIONAL,ULLUSCA,PUESTOS DE SALUD O POSTAS DE SALUD,JUNIN,JAUJA,PARCO,120425,I-1,,ACTIVADO
GOBIERNO REGIONAL,PATACANCHA,PUESTOS DE SALUD O POSTAS DE SALUD,JUNIN,JAUJA,PACCHA,120423,I-1,,ACTIVADO
GOBIERNO REGIONAL,SANTA ROSA,PUESTOS DE SALUD O POSTAS DE SALUD,PASCO,OXAPAMPA,POZUZO,190305,I-1,,ACTIVADO
GOBIERNO REGIONAL,YAUYOS,CENTROS DE SALUD O CENTROS MEDICOS,JUNIN,JAUJA,YAUYOS,120434,I-3,,ACTIVADO
GOBIERNO REGIONAL,HOSPITAL DOMINGO OLAVEGOYA,HOSPITALES O CLINICAS DE ATENCION GENERAL,JUNIN,JAUJA,JAUJA,120401,II-1,119.0,ACTIVADO
GOBIERNO REGIONAL,MASAJCANCHA,PUESTOS DE SALUD O POSTAS DE SALUD,JUNIN,JAUJA,PACCHA,120423,I-1,,ACTIVADO
GOBIERNO REGIONAL,ALTO AGUAYTIA.,PUESTOS DE SALUD O POSTAS DE SALUD,UCAYALI,PADRE ABAD,PADRE ABAD,250301,I-1,,ACTIVADO
GOBIERNO REGIONAL,SAN PEDRO DE CHUNAN,PUESTOS DE SALUD O POSTAS DE SALUD,JUNIN,JAUJA,SAN PEDRO DE CHUNAN,120429,I-1,,ACTIVADO
GOBIERNO REGIONAL,SULCAN,PUESTOS DE SALUD O POSTAS DE SALUD,JUNIN,CONCEPCION,SAN JOSE DE QUERO,120214,I-1,,ACTIVADO
GOBIERNO REGIONAL,SAUSA,PUESTOS DE SALUD O POSTAS DE SALUD,JUNIN,JAUJA,SAUSA,120430,I-2,,ACTIVADO
GOBIERNO REGIONAL,PANCAN,PUESTOS DE SALUD O POSTAS DE SALUD,JUNIN,JAUJA,PANCAN,120424,I-1,,ACTIVADO
GOBIERNO REGIONAL,SAN FRANCISCO,PUESTOS DE SALUD O POSTAS DE SALUD,PASCO,OXAPAMPA,CHONTABAMBA,190302,I-1,,ACTIVADO
GOBIERNO REGIONAL,HUASQUICHA,PUESTOS DE SALUD O POSTAS DE SALUD,JUNIN,JAUJA,PANCAN,120424,I-1,,ACTIVADO
GOBIERNO REGIONAL,NUEVO EDEN,PUESTOS DE SALUD O POSTAS DE SALUD,LORETO,UCAYALI,CONTAMANA,160601,I-1,,ACTIVADO
GOBIERNO REGIONAL,SANTA ROSA DE AGUAYTIA,PUESTOS DE SALUD O POSTAS DE SALUD,UCAYALI,PADRE ABAD,PADRE ABAD,250301,I-1,,ACTIVADO
GOBIERNO REGIONAL,TORREBAMBA,PUESTOS DE SALUD O POSTAS DE SALUD,PASCO,OXAPAMPA,CHONTABAMBA,190302,I-1,,ACTIVADO
GOBIERNO REGIONAL,PAMPAHUASI,PUESTOS DE SALUD O POSTAS DE SALUD,ICA,ICA,YAUCA DEL ROSARIO,110114,I-2,,ACTIVADO
GOBIERNO REGIONAL,HUERTAS,PUESTOS DE SALUD O POSTAS DE SALUD,JUNIN,JAUJA,HUERTAS,120410,I-1,,ACTIVADO
GOBIERNO REGIONAL,GRAPANAZU,PUESTOS DE SALUD O POSTAS DE SALUD,PASCO,OXAPAMPA,HUANCABAMBA,190303,I-1,,ACTIVADO
GOBIERNO REGIONAL,YAULI - JAUJA,PUESTOS DE SALUD O POSTAS DE SALUD,JUNIN,JAUJA,YAULI,120433,I-2,,ACTIVADO
GOBIERNO REGIONAL,HUARIPAMPA,PUESTOS DE SALUD O POSTAS DE SALUD,JUNIN,JAUJA,HUARIPAMPA,120409,I-1,,ACTIVADO
GOBIERNO REGIONAL,SHICUY,PUESTOS DE SALUD O POSTAS DE SALUD,JUNIN,CHUPACA,SAN JUAN DE JARPA,120907,I-1,,ACTIVADO
GOBIERNO REGIONAL,CODO DEL POZUZO,CENTROS DE SALUD O CENTROS MEDICOS,HUANUCO,PUERTO INCA,CODO DEL POZUZO,100902,I-3,,ACTIVADO
GOBIERNO REGIONAL,HUARANGAL,PUESTOS DE SALUD O POSTAS DE SALUD,ICA,ICA,YAUCA DEL ROSARIO,110114,I-2,,ACTIVADO
GOBIERNO REGIONAL,CIUTAY,PUESTOS DE SALUD O POSTAS DE SALUD,HUANCAVELICA,CASTROVIRREYNA,MOLLEPAMPA,90409,I-1,,ACTIVADO
GOBIERNO REGIONAL,MARIA TERESA,PUESTOS DE SALUD O POSTAS DE SALUD,PASCO,OXAPAMPA,CHONTABAMBA,190302,I-1,,ACTIVADO
GOBIERNO REGIONAL,MUQUIYAUYO,PUESTOS DE SALUD O POSTAS DE SALUD,JUNIN,JAUJA,MUQUIYAUYO,120421,I-2,,ACTIVADO
GOBIERNO REGIONAL,GRAMAZU,PUESTOS DE SALUD O POSTAS DE SALUD,PASCO,OXAPAMPA,CHONTABAMBA,190302,I-1,,ACTIVADO
GOBIERNO REGIONAL,LLACUARIPAMPA,PUESTOS DE SALUD O POSTAS DE SALUD,JUNIN,JAUJA,SINCOS,120431,I-1,,ACTIVADO
GOBIERNO REGIONAL,HUIPOCA,PUESTOS DE SALUD O POSTAS DE SALUD,UCAYALI,PADRE ABAD,PADRE ABAD,250301,I-2,,ACTIVADO
GOBIERNO REGIONAL,MOLINOS,PUESTOS DE SALUD O POSTAS DE SALUD,JUNIN,JAUJA,MOLINOS,120418,I-2,,ACTIVADO
GOBIERNO REGIONAL,MIRAFLORES DE TSACHOPEN,PUESTOS DE SALUD O POSTAS DE SALUD,PASCO,OXAPAMPA,CHONTABAMBA,190302,I-1,,ACTIVADO
GOBIERNO REGIONAL,MONTECARLO,PUESTOS DE SALUD O POSTAS DE SALUD,PASCO,OXAPAMPA,HUANCABAMBA,190303,I-1,,ACTIVADO
GOBIERNO REGIONAL,CHONTABAMBA,CENTROS DE SALUD O CENTROS MEDICOS,PASCO,OXAPAMPA,CHONTABAMBA,190302,I-3,,ACTIVADO
GOBIERNO REGIONAL,QUILLAZU,PUESTOS DE SALUD O POSTAS DE SALUD,PASCO,OXAPAMPA,OXAPAMPA,190301,I-1,,ACTIVADO
GOBIERNO REGIONAL,ATAURA,PUESTOS DE SALUD O POSTAS DE SALUD,JUNIN,JAUJA,ATAURA,120404,I-1,,ACTIVADO
GOBIERNO REGIONAL,JULCAN,PUESTOS DE SALUD O POSTAS DE SALUD,JUNIN,JAUJA,JULCAN,120412,I-2,,ACTIVADO
GOBIERNO REGIONAL,MUQUI,PUESTOS DE SALUD O POSTAS DE SALUD,JUNIN,JAUJA,MUQUI,120420,I-1,,ACTIVADO
GOBIERNO REGIONAL,TICRAPO,CENTROS DE SALUD O CENTROS MEDICOS,HUANCAVELICA,CASTROVIRREYNA,TICRAPO,90413,I-3,,ACTIVADO
GOBIERNO REGIONAL,SAN JUAN DE JARPA,CENTROS DE SALUD O CENTROS MEDICOS,JUNIN,CHUPACA,SAN JUAN DE JARPA,120907,I-3,,ACTIVADO
GOBIERNO REGIONAL,SAN JOSE DE PUITUCO,PUESTOS DE SALUD O POSTAS DE SALUD,HUANCAVELICA,HUANCAVELICA,ACOBAMBILLA,90102,I-1,,ACTIVADO
GOBIERNO REGIONAL,MASMA,CENTROS DE SALUD O CENTROS MEDICOS,JUNIN,JAUJA,MASMA,120416,I-3,,ACTIVADO
GOBIERNO REGIONAL,HUAMALI,PUESTOS DE SALUD O POSTAS DE SALUD,JUNIN,JAUJA,HUAMALI,120408,I-1,,ACTIVADO
GOBIERNO REGIONAL,ALTO LAGARTO,PUESTOS DE SALUD O POSTAS DE SALUD,PASCO,OXAPAMPA,POZUZO,190305,I-1,,ACTIVADO
GOBIERNO REGIONAL,ANGORA,PUESTOS DE SALUD O POSTAS DE SALUD,LORETO,LORETO,URARINAS,160305,I-1,,ACTIVADO
GOBIERNO REGIONAL,HUANCANI,PUESTOS DE SALUD O POSTAS DE SALUD,JUNIN,JAUJA,LEONOR ORDOÑEZ,120413,I-2,,ACTIVADO
GOBIERNO REGIONAL,ARAMACHAY,PUESTOS DE SALUD O POSTAS DE SALUD,JUNIN,JAUJA,SINCOS,120431,I-1,,ACTIVADO
GOBIERNO REGIONAL,QUICHA GRANDE,PUESTOS DE SALUD O POSTAS DE SALUD,JUNIN,CONCEPCION,ACO,120202,I-1,,ACTIVADO
GOBIERNO REGIONAL,MOLLEPAMPA,PUESTOS DE SALUD O POSTAS DE SALUD,HUANCAVELICA,CASTROVIRREYNA,MOLLEPAMPA,90409,I-2,,ACTIVADO
GOBIERNO REGIONAL,SAN BLAS,PUESTOS DE SALUD O POSTAS DE SALUD,JUNIN,CONCEPCION,CHAMBARA,120204,I-1,,ACTIVADO
GOBIERNO REGIONAL,ERNESTO GERMAN GUZMÁN GONZALES,HOSPITALES O CLINICAS DE ATENCION GENERAL,PASCO,OXAPAMPA,OXAPAMPA,190301,II-1,,ACTIVADO
GOBIERNO REGIONAL,STA. ROSA DE TISTES,PUESTOS DE SALUD O POSTAS DE SALUD,JUNIN,CONCEPCION,CHAMBARA,120204,I-1,,ACTIVADO
GOBIERNO REGIONAL,SANTA ANA,PUESTOS DE SALUD O POSTAS DE SALUD,UCAYALI,PADRE ABAD,PADRE ABAD,250301,I-1,,ACTIVADO
ESSALUD,HOSPITAL I OXAPAMPA,HOSPITALES O CLINICAS DE ATENCION GENERAL,PASCO,OXAPAMPA,OXAPAMPA,190301,II-1,11.0,ACTIVADO
GOBIERNO REGIONAL,NARANJAL,PUESTOS DE SALUD O POSTAS DE SALUD,JUNIN,CHANCHAMAYO,SAN RAMON,120305,I-2,,ACTIVADO
GOBIERNO REGIONAL,QUICHA CHICO,PUESTOS DE SALUD O POSTAS DE SALUD,JUNIN,CONCEPCION,ACO,120202,I-1,,ACTIVADO
GOBIERNO REGIONAL,CHORROPAMPA,PUESTOS DE SALUD O POSTAS DE SALUD,HUANUCO,PUERTO INCA,CODO DEL POZUZO,100902,I-2,,ACTIVADO
GOBIERNO REGIONAL,SINCOS,CENTROS DE SALUD O CENTROS MEDICOS,JUNIN,JAUJA,SINCOS,120431,I-3,,ACTIVADO
GOBIERNO REGIONAL,ANGASMAYO,PUESTOS DE SALUD O POSTAS DE SALUD,JUNIN,CONCEPCION,CHAMBARA,120204,I-1,,ACTIVADO
GOBIERNO REGIONAL,SAN PEDRO DE CHIO,PUESTOS DE SALUD O POSTAS DE SALUD,UCAYALI,PADRE ABAD,IRAZOLA,250302,I-1,,ACTIVADO
GOBIERNO REGIONAL,EL MANTARO,PUESTOS DE SALUD O POSTAS DE SALUD,JUNIN,JAUJA,EL MANTARO,120407,I-1,,ACTIVADO
GOBIERNO REGIONAL,YANACANCHA,PUESTOS DE SALUD O POSTAS DE SALUD,JUNIN,CHUPACA,YANACANCHA,120909,I-2,,ACTIVADO
GOBIERNO REGIONAL,CANTARIZU,PUESTOS DE SALUD O POSTAS DE SALUD,PASCO,OXAPAMPA,OXAPAMPA,190301,I-1,,ACTIVADO
GOBIERNO REGIONAL,PEDREGAL,PUESTOS DE SALUD O POSTAS DE SALUD,JUNIN,CHANCHAMAYO,SAN RAMON,120305,I-1,,ACTIVADO
GOBIERNO REGIONAL,SAN LORENZO,PUESTOS DE SALUD O POSTAS DE SALUD,JUNIN,JAUJA,SAN LORENZO,120428,I-1,,ACTIVADO
GOBIERNO REGIONAL,MASMA CHICCHE,PUESTOS DE SALUD O POSTAS DE SALUD,JUNIN,JAUJA,MASMA CHICCHE,120417,I-1,,ACTIVADO
GOBIERNO REGIONAL,YANAMUCLO,PUESTOS DE SALUD O POSTAS DE SALUD,JUNIN,CONCEPCION,MATAHUASI,120210,I-1,,ACTIVADO
GOBIERNO REGIONAL,QUERO,PUESTOS DE SALUD O POSTAS DE SALUD,JUNIN,JAUJA,MOLINOS,120418,I-1,,ACTIVADO
GOBIERNO REGIONAL,CHAULISMA,PUESTOS DE SALUD O POSTAS DE SALUD,HUANCAVELICA,HUAYTARA,AYAVI,90602,I-1,,ACTIVADO
GOBIERNO REGIONAL,CHAMBARA,PUESTOS DE SALUD O POSTAS DE SALUD,JUNIN,CONCEPCION,CHAMBARA,120204,I-2,,ACTIVADO
GOBIERNO REGIONAL,COCAS,PUESTOS DE SALUD O POSTAS DE SALUD,HUANCAVELICA,CASTROVIRREYNA,COCAS,90406,I-2,,ACTIVADO
GOBIERNO REGIONAL,CHARASMANA,PUESTOS DE SALUD O POSTAS DE SALUD,LORETO,UCAYALI,CONTAMANA,160601,I-1,,ACTIVADO
GOBIERNO REGIONAL,ACO,PUESTOS DE SALUD O POSTAS DE SALUD,JUNIN,CONCEPCION,ACO,120202,I-1,,ACTIVADO
GOBIERNO REGIONAL,PAUCAR APATA,PUESTOS DE SALUD O POSTAS DE SALUD,JUNIN,JAUJA,APATA,120403,I-1,,ACTIVADO
GOBIERNO REGIONAL,SUYTUPAMPA,PUESTOS DE SALUD O POSTAS DE SALUD,HUANCAVELICA,CASTROVIRREYNA,HUACHOS,90407,I-1,,ACTIVADO
GOBIERNO REGIONAL,MARAVILCA,PUESTOS DE SALUD O POSTAS DE SALUD,JUNIN,CONCEPCION,MATAHUASI,120210,I-1,,ACTIVADO
GOBIERNO REGIONAL,ANTAPAMPA,PUESTOS DE SALUD O POSTAS DE SALUD,JUNIN,CHUPACA,HUACHAC,120904,I-1,,ACTIVADO
GOBIERNO REGIONAL,MEZAPATA,PUESTOS DE SALUD O POSTAS DE SALUD,PASCO,OXAPAMPA,OXAPAMPA,190301,I-1,,ACTIVADO
GOBIERNO REGIONAL,SAN LUIS YAICO,PUESTOS DE SALUD O POSTAS DE SALUD,JUNIN,CONCEPCION,MITO,120211,I-1,,ACTIVADO
GOBIERNO REGIONAL,CHURUMAZU,PUESTOS DE SALUD O POSTAS DE SALUD,PASCO,OXAPAMPA,OXAPAMPA,190301,I-1,,ACTIVADO
GOBIERNO REGIONAL,APATA,CENTROS DE SALUD O CENTROS MEDICOS,JUNIN,JAUJA,APATA,120403,I-3,,ACTIVADO
GOBIERNO REGIONAL,HUARISCA,PUESTOS DE SALUD O POSTAS DE SALUD,JUNIN,CHUPACA,AHUAC,120902,I-1,,ACTIVADO
GOBIERNO REGIONAL,CONVENTO,PUESTOS DE SALUD O POSTAS DE SALUD,PASCO,OXAPAMPA,PALCAZU,190304,I-1,,ACTIVADO
GOBIERNO REGIONAL,AYAVI,PUESTOS DE SALUD O POSTAS DE SALUD,HUANCAVELICA,HUAYTARA,AYAVI,90602,I-2,,ACTIVADO
GOBIERNO REGIONAL,SAN RAMON,CENTROS DE SALUD CON CAMAS DE INTERNAMIENTO,JUNIN,CHANCHAMAYO,SAN RAMON,120305,I-4,,ACTIVADO
GOBIERNO REGIONAL,HUAYTARA,CENTROS DE SALUD CON CAMAS DE INTERNAMIENTO,HUANCAVELICA,HUAYTARA,HUAYTARA,90601,I-4,,ACTIVADO
GOBIERNO REGIONAL,COCHA,PUESTOS DE SALUD O POSTAS DE SALUD,HUANCAVELICA,CASTROVIRREYNA,CASTROVIRREYNA,90401,I-2,,ACTIVADO
GOBIERNO REGIONAL,RIO NEGRO,PUESTOS DE SALUD O POSTAS DE SALUD,PASCO,OXAPAMPA,PALCAZU,190304,I-1,,ACTIVADO
GOBIERNO REGIONAL,COYUNGO,PUESTOS DE SALUD O POSTAS DE SALUD,ICA,NAZCA,CHANGUILLO,110302,I-1,,ACTIVADO
GOBIERNO REGIONAL,MATAHULO,PUESTOS DE SALUD O POSTAS DE SALUD,JUNIN,CONCEPCION,MITO,120211,I-1,,ACTIVADO
GOBIERNO REGIONAL,VICSO,PUESTOS DE SALUD O POSTAS DE SALUD,JUNIN,CONCEPCION,ORCOTUNA,120213,I-1,,ACTIVADO
GOBIERNO REGIONAL,SAN CRISTOBAL,PUESTOS DE SALUD O POSTAS DE SALUD,PASCO,OXAPAMPA,PALCAZU,190304,I-2,,ACTIVADO
GOBIERNO REGIONAL,MATAHUASI,CENTROS DE SALUD O CENTROS MEDICOS,JUNIN,CONCEPCION,MATAHUASI,120210,I-3,,ACTIVADO
GOBIERNO REGIONAL,ALTO CHURUMAZU,PUESTOS DE SALUD O POSTAS DE SALUD,PASCO,OXAPAMPA,OXAPAMPA,190301,I-1,,ACTIVADO
GOBIERNO REGIONAL,RIO PISCO,PUESTOS DE SALUD O POSTAS DE SALUD,PASCO,OXAPAMPA,OXAPAMPA,190301,I-1,,ACTIVADO
GOBIERNO REGIONAL,MANZANARES,PUESTOS DE SALUD O POSTAS DE SALUD,JUNIN,CONCEPCION,MANZANARES,120208,I-1,,ACTIVADO
GOBIERNO REGIONAL,SAN JUAN KM. 130,PUESTOS DE SALUD O POSTAS DE SALUD,UCAYALI,PADRE ABAD,IRAZOLA,250302,I-1,,ACTIVADO
GOBIERNO REGIONAL,HUACHAC,CENTROS DE SALUD O CENTROS MEDICOS,JUNIN,CHUPACA,HUACHAC,120904,I-3,,ACTIVADO
GOBIERNO REGIONAL,MARCATUNA,PUESTOS DE SALUD O POSTAS DE SALUD,JUNIN,CHUPACA,HUACHAC,120904,I-1,,ACTIVADO
GOBIERNO REGIONAL,ANDAYMARCA,PUESTOS DE SALUD O POSTAS DE SALUD,HUANCAVELICA,HUAYTARA,SANTIAGO DE CHOCORVOS,90613,I-1,,ACTIVADO
GOBIERNO REGIONAL,HUAYAO,PUESTOS DE SALUD O POSTAS DE SALUD,JUNIN,CHUPACA,HUACHAC,120904,I-1,,ACTIVADO
GOBIERNO REGIONAL,ESMERALDA,PUESTOS DE SALUD O POSTAS DE SALUD,HUANCAVELICA,CASTROVIRREYNA,CASTROVIRREYNA,90401,I-2,,ACTIVADO
GOBIERNO REGIONAL,VISCATAN,PUESTOS DE SALUD O POSTAS DE SALUD,JUNIN,CHANCHAMAYO,VITOC,120306,I-1,,ACTIVADO
GOBIERNO REGIONAL,MITO,PUESTOS DE SALUD O POSTAS DE SALUD,JUNIN,CONCEPCION,MITO,120211,I-1,,ACTIVADO
GOBIERNO REGIONAL,CHACOS,PUESTOS DE SALUD O POSTAS DE SALUD,PASCO,OXAPAMPA,OXAPAMPA,190301,I-1,,ACTIVADO
GOBIERNO REGIONAL,HOSPITAL REGIONAL DOCENTE DE MEDICINA TROPICAL DR. JULIO DEMARINI CARO,HOSPITALES O CLINICAS DE ATENCION GENERAL,JUNIN,CHANCHAMAYO,CHANCHAMAYO,120301,II-1,95.0,ACTIVADO
ESSALUD,HOSPITAL I SELVA CENTRAL Y ENFERMEDADES TROPICALES LA MERCED,HOSPITALES O CLINICAS DE ATENCION GENERAL,JUNIN,CHANCHAMAYO,CHANCHAMAYO,120301,Sin Categoría,19.0,ACTIVADO
GOBIERNO REGIONAL,LA ESPERANZA,PUESTOS DE SALUD O POSTAS DE SALUD,JUNIN,CHANCHAMAYO,SAN RAMON,120305,I-1,,ACTIVADO
GOBIERNO REGIONAL,CURIMARCA,PUESTOS DE SALUD O POSTAS DE SALUD,JUNIN,JAUJA,MOLINOS,120418,I-2,,ACTIVADO
GOBIERNO REGIONAL,VITOC,PUESTOS DE SALUD O POSTAS DE SALUD,JUNIN,CHANCHAMAYO,VITOC,120306,I-2,,ACTIVADO
GOBIERNO REGIONAL,SINTO,PUESTOS DE SALUD O POSTAS DE SALUD,HUANCAVELICA,CASTROVIRREYNA,CASTROVIRREYNA,90401,I-1,,ACTIVADO
GOBIERNO REGIONAL,QUITO ARMA,PUESTOS DE SALUD O POSTAS DE SALUD,HUANCAVELICA,HUAYTARA,QUITO ARMA,90609,I-1,,ACTIVADO
GOBIERNO REGIONAL,MAZUHUAZU,PUESTOS DE SALUD O POSTAS DE SALUD,PASCO,OXAPAMPA,PALCAZU,190304,I-1,,ACTIVADO
GOBIERNO REGIONAL,UTCUYACU,PUESTOS DE SALUD O POSTAS DE SALUD,JUNIN,CHANCHAMAYO,VITOC,120306,I-1,,ACTIVADO
GOBIERNO REGIONAL,SAN JOSE DE APATA,PUESTOS DE SALUD O POSTAS DE SALUD,JUNIN,JAUJA,APATA,120403,I-1,,ACTIVADO
GOBIERNO REGIONAL,NUEVA ESPERANZA,PUESTOS DE SALUD O POSTAS DE SALUD,JUNIN,JAUJA,APATA,120403,I-1,,ACTIVADO
GOBIERNO REGIONAL,VISTA ALEGRE,PUESTOS DE SALUD O POSTAS DE SALUD,JUNIN,HUANCAYO,CHICCHE,120106,I-1,,ACTIVADO
GOBIERNO REGIONAL,SAN JOSE DE ACOBAMBILLA,PUESTOS DE SALUD O POSTAS DE SALUD,HUANCAVELICA,HUANCAVELICA,ACOBAMBILLA,90102,I-1,,ACTIVADO
GOBIERNO REGIONAL,SOGORMO,PUESTOS DE SALUD O POSTAS DE SALUD,PASCO,OXAPAMPA,OXAPAMPA,190301,I-1,,ACTIVADO
GOBIERNO REGIONAL,MONOBAMBA,PUESTOS DE SALUD O POSTAS DE SALUD,JUNIN,JAUJA,MONOBAMBA,120419,I-2,,ACTIVADO
GOBIERNO REGIONAL,ÑAGAZU,PUESTOS DE SALUD O POSTAS DE SALUD,PASCO,OXAPAMPA,VILLA RICA,190307,I-1,,ACTIVADO
GOBIERNO REGIONAL,TOTORA,PUESTOS DE SALUD O POSTAS DE SALUD,HUANCAVELICA,CASTROVIRREYNA,ARMA,90402,I-1,,ACTIVADO
GOBIERNO REGIONAL,NUEVE DE JULIO,PUESTOS DE SALUD O POSTAS DE SALUD,JUNIN,CONCEPCION,NUEVE DE JULIO,120212,I-1,,ACTIVADO
GOBIERNO REGIONAL,CASTROVIRREYNA,CENTROS DE SALUD CON CAMAS DE INTERNAMIENTO,HUANCAVELICA,CASTROVIRREYNA,CASTROVIRREYNA,90401,I-4,9.0,ACTIVADO
GOBIERNO REGIONAL,HUANCHAR,PUESTOS DE SALUD O POSTAS DE SALUD,JUNIN,CONCEPCION,SANTA ROSA DE OCOPA,120215,I-1,,ACTIVADO
GOBIERNO REGIONAL,AHUAC,PUESTOS DE SALUD O POSTAS DE SALUD,JUNIN,CHUPACA,AHUAC,120902,I-2,,ACTIVADO
GOBIERNO REGIONAL,DAVID GUERRERO DUARTE,CENTROS DE SALUD CON CAMAS DE INTERNAMIENTO,JUNIN,CONCEPCION,CONCEPCION,120201,I-4,12.0,ACTIVADO
GOBIERNO REGIONAL,ORCOTUNA,CENTROS DE SALUD O CENTROS MEDICOS,JUNIN,CONCEPCION,ORCOTUNA,120213,I-3,,ACTIVADO
GOBIERNO REGIONAL,PAMPA ENCANTADA,PUESTOS DE SALUD O POSTAS DE SALUD,PASCO,OXAPAMPA,VILLA RICA,190307,I-1,,ACTIVADO
GOBIERNO REGIONAL,TELAPACCHA,PUESTOS DE SALUD O POSTAS DE SALUD,HUANCAVELICA,HUANCAVELICA,ACOBAMBILLA,90102,I-1,,ACTIVADO
GOBIERNO REGIONAL,TSOPIS,PUESTOS DE SALUD O POSTAS DE SALUD,PASCO,OXAPAMPA,PALCAZU,190304,I-1,,ACTIVADO
GOBIERNO REGIONAL,CHICCHE,PUESTOS DE SALUD O POSTAS DE SALUD,JUNIN,JAUJA,APATA,120403,I-1,,ACTIVADO
GOBIERNO REGIONAL,SANTA ROSA DE OTUTO,PUESTOS DE SALUD O POSTAS DE SALUD,HUANCAVELICA,HUAYTARA,SANTIAGO DE CHOCORVOS,90613,I-1,,ACTIVADO
GOBIERNO REGIONAL,CHICCHE,PUESTOS DE SALUD O POSTAS DE SALUD,JUNIN,HUANCAYO,CHICCHE,120106,I-1,,ACTIVADO
GOBIERNO REGIONAL,PAICHE PLAYA,PUESTOS DE SALUD O POSTAS DE SALUD,LORETO,LORETO,TIGRE,160303,I-1,,ACTIVADO
GOBIERNO REGIONAL,PUEBLO PARDO,PUESTOS DE SALUD O POSTAS DE SALUD,JUNIN,CHANCHAMAYO,CHANCHAMAYO,120301,I-1,,ACTIVADO
GOBIERNO REGIONAL,PAMPA HERMOZA DE PAMPA HERMOZA,CENTROS DE SALUD O CENTROS MEDICOS,LORETO,UCAYALI,PAMPA HERMOSA,160604,I-3,,ACTIVADO
GOBIERNO REGIONAL,TINYARI GRANDE,PUESTOS DE SALUD O POSTAS DE SALUD,JUNIN,CHUPACA,SAN JUAN DE YSCOS,120906,I-1,,ACTIVADO
GOBIERNO REGIONAL,STA. ROSA DE OCOPA,CENTROS DE SALUD O CENTROS MEDICOS,JUNIN,CONCEPCION,SANTA ROSA DE OCOPA,120215,I-3,,ACTIVADO
GOBIERNO REGIONAL,CENTRO LAGARTO,PUESTOS DE SALUD O POSTAS DE SALUD,PASCO,OXAPAMPA,PALCAZU,190304,I-1,,ACTIVADO
GOBIERNO REGIONAL,NUEVA ESPERANZA,PUESTOS DE SALUD O POSTAS DE SALUD,PASCO,OXAPAMPA,PALCAZU,190304,I-1,,ACTIVADO
GOBIERNO REGIONAL,SAN JUAN DE ISCOS,PUESTOS DE SALUD O POSTAS DE SALUD,JUNIN,CHUPACA,SAN JUAN DE YSCOS,120906,I-1,,ACTIVADO
GOBIERNO REGIONAL,SAN ANTONIO DE CUSICANCHA,PUESTOS DE SALUD O POSTAS DE SALUD,HUANCAVELICA,HUAYTARA,SAN ANTONIO DE CUSICANCHA,90610,I-2,,ACTIVADO
GOBIERNO REGIONAL,CHONGOS ALTO,CENTROS DE SALUD O CENTROS MEDICOS,JUNIN,HUANCAYO,CHONGOS ALTO,120108,I-3,,ACTIVADO
GOBIERNO REGIONAL,HEROINAS TOLEDO,PUESTOS DE SALUD O POSTAS DE SALUD,JUNIN,CONCEPCION,HEROINAS TOLEDO,120207,I-1,,ACTIVADO
GOBIERNO REGIONAL,PUENTE PAUCARTAMBO,PUESTOS DE SALUD O POSTAS DE SALUD,PASCO,OXAPAMPA,VILLA RICA,190307,I-2,,ACTIVADO
GOBIERNO REGIONAL,TINYARI CHICO,PUESTOS DE SALUD O POSTAS DE SALUD,JUNIN,CHUPACA,SAN JUAN DE YSCOS,120906,I-1,,ACTIVADO
GOBIERNO REGIONAL,SAN LUIS DE SHUARO,CENTROS DE SALUD O CENTROS MEDICOS,JUNIN,CHANCHAMAYO,SAN LUIS DE SHUARO,120304,I-3,,ACTIVADO
GOBIERNO REGIONAL,PEDRO SANCHEZ MEZA - CHUPACA,CENTROS DE SALUD CON CAMAS DE INTERNAMIENTO,JUNIN,CHUPACA,CHUPACA,120901,I-4,,ACTIVADO
GOBIERNO REGIONAL,CABILDO,PUESTOS DE SALUD O POSTAS DE SALUD,ICA,NAZCA,CHANGUILLO,110302,I-2,,ACTIVADO
GOBIERNO REGIONAL,CHACAYBAMBA,PUESTOS DE SALUD O POSTAS DE SALUD,JUNIN,JAUJA,MONOBAMBA,120419,I-1,,ACTIVADO
GOBIERNO REGIONAL,QUICHUAY,PUESTOS DE SALUD O POSTAS DE SALUD,JUNIN,HUANCAYO,QUICHUAY,120127,I-2,,ACTIVADO
GOBIERNO REGIONAL,CENTRO COMPARACHIMAS,PUESTOS DE SALUD O POSTAS DE SALUD,PASCO,OXAPAMPA,PALCAZU,190304,I-1,,ACTIVADO
GOBIERNO REGIONAL,VILLA PROGRESO,PUESTOS DE SALUD O POSTAS DE SALUD,JUNIN,CHANCHAMAYO,CHANCHAMAYO,120301,I-2,,ACTIVADO
GOBIERNO REGIONAL,SICAYA,CENTROS DE SALUD O CENTROS MEDICOS,JUNIN,HUANCAYO,SICAYA,120134,I-3,,ACTIVADO
GOBIERNO REGIONAL,SAN JERONIMO,CENTROS DE SALUD O CENTROS MEDICOS,JUNIN,HUANCAYO,SAN JERONIMO DE TUNAN,120130,I-3,,ACTIVADO
GOBIERNO REGIONAL,HUASICANCHA,PUESTOS DE SALUD O POSTAS DE SALUD,JUNIN,HUANCAYO,HUASICANCHA,120120,I-1,,ACTIVADO
GOBIERNO REGIONAL,PUERTO BELEN,PUESTOS DE SALUD O POSTAS DE SALUD,PASCO,OXAPAMPA,PALCAZU,190304,I-1,,ACTIVADO
GOBIERNO REGIONAL,ALTO ENTAZ,PUESTOS DE SALUD O POSTAS DE SALUD,PASCO,OXAPAMPA,VILLA RICA,190307,I-1,,ACTIVADO
GOBIERNO REGIONAL,QUISHUARPAMPA,PUESTOS DE SALUD O POSTAS DE SALUD,HUANCAVELICA,HUAYTARA,SAN ANTONIO DE CUSICANCHA,90610,I-1,,ACTIVADO
GOBIERNO REGIONAL,SANTA ROSA DE TAMBO,CENTROS DE SALUD O CENTROS MEDICOS,HUANCAVELICA,HUAYTARA,TAMBO,90616,I-3,,ACTIVADO
GOBIERNO REGIONAL,SAN JOSE DE CURIS,PUESTOS DE SALUD O POSTAS DE SALUD,ICA,ICA,YAUCA DEL ROSARIO,110114,I-1,,ACTIVADO
GOBIERNO REGIONAL,VISTA ALEGRE,PUESTOS DE SALUD O POSTAS DE SALUD,HUANCAVELICA,HUAYTARA,SANTO DOMINGO DE CAPILLAS,90615,I-1,,ACTIVADO
GOBIERNO REGIONAL,"HOSP. ""ROMAN EGOAVIL PANDO"" VILLA RICA",HOSPITALES O CLINICAS DE ATENCION GENERAL,PASCO,OXAPAMPA,VILLA RICA,190307,II-1,,ACTIVADO
GOBIERNO REGIONAL,CENTRO ESPERANZA,PUESTOS DE SALUD O POSTAS DE SALUD,PASCO,OXAPAMPA,PALCAZU,190304,I-1,,ACTIVADO
GOBIERNO REGIONAL,CHONGOS BAJO,CENTROS DE SALUD O CENTROS MEDICOS,JUNIN,CHUPACA,CHONGOS BAJO,120903,I-3,,ACTIVADO
GOBIERNO REGIONAL,VILLA OYON,PUESTOS DE SALUD O POSTAS DE SALUD,PASCO,OXAPAMPA,VILLA RICA,190307,I-1,,ACTIVADO
GOBIERNO REGIONAL,INGENIO,PUESTOS DE SALUD O POSTAS DE SALUD,JUNIN,HUANCAYO,INGENIO,120122,I-2,,ACTIVADO
GOBIERNO REGIONAL,INAHUAYA,PUESTOS DE SALUD O POSTAS DE SALUD,LORETO,UCAYALI,INAHUAYA,160602,I-2,,ACTIVADO
GOBIERNO REGIONAL,P.S. AGUARUNA,PUESTOS DE SALUD O POSTAS DE SALUD,PASCO,OXAPAMPA,PALCAZU,190304,I-1,,ACTIVADO
GOBIERNO REGIONAL,CASACANCHA,PUESTOS DE SALUD O POSTAS DE SALUD,JUNIN,HUANCAYO,INGENIO,120122,I-1,,ACTIVADO
GOBIERNO REGIONAL,QUILCAS,PUESTOS DE SALUD O POSTAS DE SALUD,JUNIN,HUANCAYO,QUILCAS,120128,I-2,,ACTIVADO
GOBIERNO REGIONAL,PUMPUNYA,PUESTOS DE SALUD O POSTAS DE SALUD,JUNIN,CHUPACA,CHONGOS BAJO,120903,I-1,,ACTIVADO
GOBIERNO REGIONAL,PUERTO MAYRO,PUESTOS DE SALUD O POSTAS DE SALUD,PASCO,OXAPAMPA,PALCAZU,190304,I-1,,ACTIVADO
GOBIERNO REGIONAL,SANTIAGO DE CHOCORVOS,CENTROS DE SALUD O CENTROS MEDICOS,HUANCAVELICA,HUAYTARA,SANTIAGO DE CHOCORVOS,90613,I-3,,ACTIVADO
GOBIERNO REGIONAL,YANA YANA,PUESTOS DE SALUD O POSTAS DE SALUD,JUNIN,HUANCAYO,CHICCHE,120106,I-1,,ACTIVADO
GOBIERNO REGIONAL,SAN PEDRO DE SAÑO,PUESTOS DE SALUD O POSTAS DE SALUD,JUNIN,HUANCAYO,SAÑO,120132,I-2,,ACTIVADO
GOBIERNO REGIONAL,HUALHUAS,PUESTOS DE SALUD O POSTAS DE SALUD,JUNIN,HUANCAYO,HUALHUAS,120117,I-2,,ACTIVADO
GOBIERNO REGIONAL,BELLO HORIZONTE,PUESTOS DE SALUD O POSTAS DE SALUD,UCAYALI,PADRE ABAD,CURIMANA,250303,I-1,,ACTIVADO
GOBIERNO REGIONAL,CEDROPAMPA,PUESTOS DE SALUD O POSTAS DE SALUD,PASCO,OXAPAMPA,VILLA RICA,190307,I-1,,ACTIVADO
GOBIERNO REGIONAL,LABORATORIO DE SALUD PUBLICA,"PATOLOGIA CLINICA,ANATOMIA PATOLOGICA",JUNIN,HUANCAYO,HUANCAYO,120101,Sin Categoría,,ACTIVADO
GOBIERNO REGIONAL,SAN FRANCISCO,PUESTOS DE SALUD O POSTAS DE SALUD,ICA,PALPA,SANTA CRUZ,110404,I-2,,ACTIVADO
GOBIERNO REGIONAL,PILCOMAYO,CENTROS DE SALUD O CENTROS MEDICOS,JUNIN,HUANCAYO,PILCOMAYO,120125,I-3,,ACTIVADO
GOBIERNO REGIONAL,HUACAN,PUESTOS DE SALUD O POSTAS DE SALUD,JUNIN,HUANCAYO,CHACAPAMPA,120105,I-1,,ACTIVADO
GOBIERNO REGIONAL,CHACAPAMPA,PUESTOS DE SALUD O POSTAS DE SALUD,JUNIN,HUANCAYO,CHACAPAMPA,120105,I-1,,ACTIVADO
GOBIERNO REGIONAL,UCHUBAMBA,PUESTOS DE SALUD O POSTAS DE SALUD,JUNIN,JAUJA,MASMA,120416,I-1,,ACTIVADO
GOBIERNO REGIONAL,PUERTO NUEVO,PUESTOS DE SALUD O POSTAS DE SALUD,UCAYALI,PADRE ABAD,IRAZOLA,250302,I-1,,ACTIVADO
GOBIERNO REGIONAL,COILLOR,PUESTOS DE SALUD O POSTAS DE SALUD,JUNIN,HUANCAYO,SAN AGUSTIN,120129,I-1,,ACTIVADO
GOBIERNO REGIONAL,QUEBRADA PACO,PUESTOS DE SALUD O POSTAS DE SALUD,PASCO,OXAPAMPA,PALCAZU,190304,I-1,,ACTIVADO
GOBIERNO REGIONAL,SAN AGUSTIN DE CAJAS,CENTROS DE SALUD O CENTROS MEDICOS,JUNIN,HUANCAYO,SAN AGUSTIN,120129,I-3,,ACTIVADO
GOBIERNO REGIONAL,TRES DE DICIEMBRE,PUESTOS DE SALUD O POSTAS DE SALUD,JUNIN,CHUPACA,TRES DE DICIEMBRE,120908,I-2,,ACTIVADO
GOBIERNO REGIONAL,SANTA CRUZ,PUESTOS DE SALUD O POSTAS DE SALUD,ICA,PALPA,SANTA CRUZ,110404,I-1,,ACTIVADO
GOBIERNO REGIONAL,SAN FRANCISCO DE SANGAYAICO,PUESTOS DE SALUD O POSTAS DE SALUD,HUANCAVELICA,HUAYTARA,SAN FRANCISCO DE SANGAYAICO,90611,I-2,,ACTIVADO
GOBIERNO REGIONAL,HUAMANCACA CHICO,PUESTOS DE SALUD O POSTAS DE SALUD,JUNIN,CHUPACA,HUAMANCACA CHICO,120905,I-2,,ACTIVADO
GOBIERNO REGIONAL,CHUPURO,PUESTOS DE SALUD O POSTAS DE SALUD,JUNIN,HUANCAYO,CHUPURO,120111,I-2,,ACTIVADO
GOBIERNO REGIONAL,SAN JUAN DE OCCORO,PUESTOS DE SALUD O POSTAS DE SALUD,HUANCAVELICA,HUAYTARA,SAN FRANCISCO DE SANGAYAICO,90611,I-1,,ACTIVADO
GOBIERNO REGIONAL,SANTA ROSA,PUESTOS DE SALUD O POSTAS DE SALUD,HUANCAVELICA,CASTROVIRREYNA,SANTA ANA,90411,I-1,,ACTIVADO
GOBIERNO REGIONAL,CENTRO CASTILLA,PUESTOS DE SALUD O POSTAS DE SALUD,PASCO,OXAPAMPA,PALCAZU,190304,I-2,,ACTIVADO
GOBIERNO REGIONAL,SAN ISIDRO DE HUIRPACANCHA,PUESTOS DE SALUD O POSTAS DE SALUD,HUANCAVELICA,HUAYTARA,SAN ISIDRO,90612,I-2,,ACTIVADO
GOBIERNO REGIONAL,CARHUAPACCHA,PUESTOS DE SALUD O POSTAS DE SALUD,JUNIN,HUANCAYO,CHUPURO,120111,I-1,,ACTIVADO
GOBIERNO REGIONAL,EL CARMEN,PUESTOS DE SALUD O POSTAS DE SALUD,ICA,PALPA,SANTA CRUZ,110404,I-1,,ACTIVADO
GOBIERNO REGIONAL,VILLA DORADA,PUESTOS DE SALUD O POSTAS DE SALUD,JUNIN,CHANCHAMAYO,CHANCHAMAYO,120301,I-1,,ACTIVADO
GOBIERNO REGIONAL,MAYME,PUESTOS DE SALUD O POSTAS DE SALUD,PASCO,OXAPAMPA,VILLA RICA,190307,I-1,,ACTIVADO
GOBIERNO REGIONAL,LA VICTORIA,PUESTOS DE SALUD O POSTAS DE SALUD,JUNIN,HUANCAYO,EL TAMBO,120114,I-1,,ACTIVADO
GOBIERNO REGIONAL,CHAQUICOCHA,PUESTOS DE SALUD O POSTAS DE SALUD,HUANCAVELICA,HUANCAVELICA,VILCA,90116,I-1,,ACTIVADO
GOBIERNO REGIONAL,PLAYA CALIENTE,PUESTOS DE SALUD O POSTAS DE SALUD,PASCO,OXAPAMPA,PALCAZU,190304,I-1,,ACTIVADO
GOBIERNO REGIONAL,SAN LUIS DE CORERAC,PUESTOS DE SALUD O POSTAS DE SALUD,HUANCAVELICA,HUAYTARA,SANTIAGO DE CHOCORVOS,90613,I-1,,ACTIVADO
GOBIERNO REGIONAL,JUSTICIA PAZ Y VIDA,CENTROS DE SALUD CON CAMAS DE INTERNAMIENTO,JUNIN,HUANCAYO,EL TAMBO,120114,I-4,10.0,ACTIVADO
GOBIERNO REGIONAL,NUEVO TAHUANTINSUYO,PUESTOS DE SALUD O POSTAS DE SALUD,UCAYALI,PADRE ABAD,IRAZOLA,250302,I-1,,ACTIVADO
GOBIERNO REGIONAL,SANTA HERMINIA BAJA,PUESTOS DE SALUD O POSTAS DE SALUD,JUNIN,CHANCHAMAYO,SAN LUIS DE SHUARO,120304,I-1,,ACTIVADO
GOBIERNO REGIONAL,VILLA AMERICA,PUESTOS DE SALUD O POSTAS DE SALUD,PASCO,OXAPAMPA,PALCAZU,190304,I-2,,ACTIVADO
GOBIERNO REGIONAL,VIQUES,PUESTOS DE SALUD O POSTAS DE SALUD,JUNIN,HUANCAYO,VIQUES,120136,I-2,,ACTIVADO
GOBIERNO REGIONAL,SINCHI ROCA,PUESTOS DE SALUD O POSTAS DE SALUD,UCAYALI,PADRE ABAD,IRAZOLA,250302,I-1,,ACTIVADO
GOBIERNO REGIONAL,1RO DE MAYO,PUESTOS DE SALUD O POSTAS DE SALUD,JUNIN,HUANCAYO,EL TAMBO,120114,I-1,,ACTIVADO
ESSALUD,HOSPITAL NACIONAL RAMIRO PRIALE,HOSPITALES O CLINICAS DE ATENCION GENERAL,JUNIN,HUANCAYO,EL TAMBO,120114,III-1,258.0,ACTIVADO
GOBIERNO REGIONAL,CHUYA,PUESTOS DE SALUD O POSTAS DE SALUD,HUANCAVELICA,HUANCAVELICA,VILCA,90116,I-1,,ACTIVADO
GOBIERNO REGIONAL,SAÑOS CHICO,PUESTOS DE SALUD O POSTAS DE SALUD,JUNIN,HUANCAYO,EL TAMBO,120114,I-1,,ACTIVADO
GOBIERNO REGIONAL,SAÑOS GRANDE,PUESTOS DE SALUD O POSTAS DE SALUD,JUNIN,HUANCAYO,EL TAMBO,120114,I-1,,ACTIVADO
GOBIERNO REGIONAL,VILLA PERENE,CENTROS DE SALUD CON CAMAS DE INTERNAMIENTO,JUNIN,CHANCHAMAYO,PERENE,120302,I-4,9.0,ACTIVADO
GOBIERNO REGIONAL,PUESTO DE SALUD RAMIRO PRIALE,PUESTOS DE SALUD O POSTAS DE SALUD,JUNIN,HUANCAYO,EL TAMBO,120114,I-1,,ACTIVADO
GOBIERNO REGIONAL,LOS ANGELES,PUESTOS DE SALUD O POSTAS DE SALUD,JUNIN,HUANCAYO,CHACAPAMPA,120105,I-1,,ACTIVADO
GOBIERNO REGIONAL,HUAYUCACHI,CENTROS DE SALUD O CENTROS MEDICOS,JUNIN,HUANCAYO,HUAYUCACHI,120121,I-3,,ACTIVADO
GOBIERNO REGIONAL,VIÑAS,CENTROS DE SALUD O CENTROS MEDICOS,HUANCAVELICA,HUANCAVELICA,ACOBAMBILLA,90102,I-3,,ACTIVADO
GOBIERNO REGIONAL,COLCA,PUESTOS DE SALUD O POSTAS DE SALUD,JUNIN,HUANCAYO,COLCA,120112,I-2,,ACTIVADO
GOBIERNO REGIONAL,CHANGUILLO,CENTROS DE SALUD O CENTROS MEDICOS,ICA,NAZCA,CHANGUILLO,110302,I-3,,ACTIVADO
GOBIERNO REGIONAL,TRES FRONTERAS,PUESTOS DE SALUD O POSTAS DE SALUD,LORETO,PUTUMAYO,TENIENTE MANUEL CLAVERO,160803,I-1,,ACTIVADO
GOBIERNO REGIONAL,HOSPITAL REGIONAL DOCENTE CLINICO QUIRURGICO DANIEL ALCIDES CARRION DE HUANCAYO,HOSPITALES O CLINICAS DE ATENCION ESPECIALIZADA,JUNIN,HUANCAYO,HUANCAYO,120101,III-E,177.0,ACTIVADO
GOBIERNO REGIONAL,BATANYACU,PUESTOS DE SALUD O POSTAS DE SALUD,JUNIN,HUANCAYO,EL TAMBO,120114,I-1,,ACTIVADO
GOBIERNO REGIONAL,HUACRAPUQUIO,PUESTOS DE SALUD O POSTAS DE SALUD,JUNIN,HUANCAYO,HUACRAPUQUIO,120116,I-2,,ACTIVADO
GOBIERNO REGIONAL,HUALAOYO,PUESTOS DE SALUD O POSTAS DE SALUD,JUNIN,HUANCAYO,EL TAMBO,120114,I-1,,ACTIVADO
GOBIERNO REGIONAL,SANTA  ROSA DE CHUCHURRAS,PUESTOS DE SALUD O POSTAS DE SALUD,PASCO,OXAPAMPA,PALCAZU,190304,I-1,,ACTIVADO
GOBIERNO REGIONAL,HUMANMARCA,PUESTOS DE SALUD O POSTAS DE SALUD,JUNIN,HUANCAYO,HUAYUCACHI,120121,I-1,,ACTIVADO
GOBIERNO REGIONAL,SAN MARTIN,CENTROS DE SALUD O CENTROS MEDICOS,JUNIN,HUANCAYO,EL TAMBO,120114,I-3,,ACTIVADO
GOBIERNO REGIONAL,HOSPITAL REGIONAL DOCENTE DE ENFERMEDADES NEOPLASICAS,HOSPITALES O CLINICAS DE ATENCION ESPECIALIZADA,JUNIN,HUANCAYO,EL TAMBO,120114,II-E,,ACTIVADO
GOBIERNO REGIONAL,AUQUIMARCA,CENTROS DE SALUD O CENTROS MEDICOS,JUNIN,HUANCAYO,CHILCA,120107,I-3,,ACTIVADO
GOBIERNO REGIONAL,UMUTO,PUESTOS DE SALUD O POSTAS DE SALUD,JUNIN,HUANCAYO,EL TAMBO,120114,I-1,,ACTIVADO
GOBIERNO REGIONAL,ENEÑAS,PUESTOS DE SALUD O POSTAS DE SALUD,PASCO,OXAPAMPA,VILLA RICA,190307,I-2,,ACTIVADO
GOBIERNO REGIONAL,SANCHIRIO PALOMAR,PUESTOS DE SALUD O POSTAS DE SALUD,JUNIN,CHANCHAMAYO,SAN LUIS DE SHUARO,120304,I-2,,ACTIVADO
GOBIERNO REGIONAL,JUAN PARRA DEL RIEGO,CENTROS DE SALUD O CENTROS MEDICOS,JUNIN,HUANCAYO,EL TAMBO,120114,I-3,,ACTIVADO
GOBIERNO REGIONAL,HUANCAN,CENTROS DE SALUD O CENTROS MEDICOS,JUNIN,HUANCAYO,HUANCAN,120119,I-3,,ACTIVADO
GOBIERNO REGIONAL,"REGIONAL DOCENTE MATERNO INFANTIL ""EL CARMEN""",HOSPITALES O CLINICAS DE ATENCION ESPECIALIZADA,JUNIN,HUANCAYO,HUANCAYO,120101,III-E,161.0,ACTIVADO
GOBIERNO REGIONAL,CORICOCHA,PUESTOS DE SALUD O POSTAS DE SALUD,HUANCAVELICA,HUANCAVELICA,VILCA,90116,I-1,,ACTIVADO
GOBIERNO REGIONAL,HUAÑACANCHA,PUESTOS DE SALUD O POSTAS DE SALUD,HUANCAVELICA,HUAYTARA,SANTO DOMINGO DE CAPILLAS,90615,I-1,,ACTIVADO
GOBIERNO REGIONAL,CHUAMBA.,PUESTOS DE SALUD O POSTAS DE SALUD,JUNIN,HUANCAYO,CULLHUAS,120113,I-1,,ACTIVADO
GOBIERNO REGIONAL,MANTA,PUESTOS DE SALUD O POSTAS DE SALUD,HUANCAVELICA,HUANCAVELICA,MANTA,90110,I-2,,ACTIVADO
GOBIERNO REGIONAL,SAN ALEJANDRO,CENTROS DE SALUD O CENTROS MEDICOS,UCAYALI,PADRE ABAD,IRAZOLA,250302,I-3,16.0,ACTIVADO
GOBIERNO REGIONAL,ANCCAPA,PUESTOS DE SALUD O POSTAS DE SALUD,HUANCAVELICA,HUANCAVELICA,ACOBAMBILLA,90102,I-1,,ACTIVADO
GOBIERNO REGIONAL,PACCHA,PUESTOS DE SALUD O POSTAS DE SALUD,JUNIN,HUANCAYO,EL TAMBO,120114,I-1,,ACTIVADO
GOBIERNO REGIONAL,PUESTO DE SALUD DE AZA,PUESTOS DE SALUD O POSTAS DE SALUD,JUNIN,HUANCAYO,EL TAMBO,120114,I-1,,ACTIVADO
GOBIERNO REGIONAL,LLIPATA,CENTROS DE SALUD O CENTROS MEDICOS,ICA,PALPA,LLIPATA,110402,I-3,,ACTIVADO
GOBIERNO REGIONAL,SAN MIGUEL DE ACOBAMBILLA,PUESTOS DE SALUD O POSTAS DE SALUD,HUANCAVELICA,HUANCAVELICA,ACOBAMBILLA,90102,I-1,,ACTIVADO
GOBIERNO REGIONAL,HUARI,PUESTOS DE SALUD O POSTAS DE SALUD,JUNIN,HUANCAYO,HUANCAN,120119,I-2,,ACTIVADO
GOBIERNO REGIONAL,LA LIBERTAD,CENTROS DE SALUD CON CAMAS DE INTERNAMIENTO,JUNIN,HUANCAYO,HUANCAYO,120101,I-4,6.0,ACTIVADO
GOBIERNO REGIONAL,INCHO,PUESTOS DE SALUD O POSTAS DE SALUD,JUNIN,HUANCAYO,EL TAMBO,120114,I-1,,ACTIVADO
GOBIERNO REGIONAL,CARHUACALLANGA,PUESTOS DE SALUD O POSTAS DE SALUD,JUNIN,HUANCAYO,CARHUACALLANGA,120104,I-1,,ACTIVADO
GOBIERNO REGIONAL,CHILCA,CENTROS DE SALUD CON CAMAS DE INTERNAMIENTO,JUNIN,HUANCAYO,CHILCA,120107,I-4,14.0,ACTIVADO
GOBIERNO REGIONAL,SAN FRANCISCO,PUESTOS DE SALUD O POSTAS DE SALUD,JUNIN,HUANCAYO,HUANCAYO,120101,I-2,,ACTIVADO
GOBIERNO REGIONAL,BAJO MARANKIARI,PUESTOS DE SALUD O POSTAS DE SALUD,JUNIN,CHANCHAMAYO,PERENE,120302,I-1,,ACTIVADO
GOBIERNO REGIONAL,COCHAS GRANDE,PUESTOS DE SALUD O POSTAS DE SALUD,JUNIN,HUANCAYO,EL TAMBO,120114,I-1,,ACTIVADO
GOBIERNO REGIONAL,SACRAMENTO,PUESTOS DE SALUD O POSTAS DE SALUD,ICA,PALPA,PALPA,110401,I-2,,ACTIVADO
GOBIERNO REGIONAL,HUAYLLASPANCA,PUESTOS DE SALUD O POSTAS DE SALUD,JUNIN,HUANCAYO,SAPALLANGA,120133,I-2,,ACTIVADO
GOBIERNO REGIONAL,ALTO ISCOZACIN,PUESTOS DE SALUD O POSTAS DE SALUD,PASCO,OXAPAMPA,PALCAZU,190304,I-1,,ACTIVADO
GOBIERNO REGIONAL,OCOPILLA,CENTROS DE SALUD O CENTROS MEDICOS,JUNIN,HUANCAYO,HUANCAYO,120101,I-3,,ACTIVADO
GOBIERNO REGIONAL,COCHAS CHICO,PUESTOS DE SALUD O POSTAS DE SALUD,JUNIN,HUANCAYO,EL TAMBO,120114,I-2,,ACTIVADO
GOBIERNO REGIONAL,AZAPAMPA,PUESTOS DE SALUD O POSTAS DE SALUD,JUNIN,HUANCAYO,CHILCA,120107,I-2,,ACTIVADO
GOBIERNO REGIONAL,PALIAN,PUESTOS DE SALUD O POSTAS DE SALUD,JUNIN,HUANCAYO,HUANCAYO,120101,I-2,,ACTIVADO
GOBIERNO REGIONAL,ZORRILLOS,PUESTOS DE SALUD O POSTAS DE SALUD,UCAYALI,PADRE ABAD,CURIMANA,250303,I-1,,ACTIVADO
GOBIERNO REGIONAL,BOCAZ,PUESTOS DE SALUD O POSTAS DE SALUD,PASCO,OXAPAMPA,VILLA RICA,190307,I-1,,ACTIVADO
GOBIERNO REGIONAL,JOSE OLAYA DE INAHUAYA,PUESTOS DE SALUD O POSTAS DE SALUD,LORETO,UCAYALI,INAHUAYA,160602,I-1,,ACTIVADO
GOBIERNO REGIONAL,SAN JAVIER,PUESTOS DE SALUD O POSTAS DE SALUD,ICA,NAZCA,CHANGUILLO,110302,I-1,,ACTIVADO
GOBIERNO REGIONAL,LA ISLA,PUESTOS DE SALUD O POSTAS DE SALUD,ICA,PALPA,RIO GRANDE,110403,I-2,,ACTIVADO
GOBIERNO REGIONAL,LA ESPERANZA,PUESTOS DE SALUD O POSTAS DE SALUD,JUNIN,HUANCAYO,CHILCA,120107,I-2,,ACTIVADO
GOBIERNO REGIONAL,CULLPA,PUESTOS DE SALUD O POSTAS DE SALUD,JUNIN,HUANCAYO,EL TAMBO,120114,I-1,,ACTIVADO
GOBIERNO REGIONAL,RETAMA BAJA,"PUESTOS DE SALUD O POSTAS DE SALUD,PUESTOS DE SALUD O POSTAS DE SALUD",JUNIN,HUANCAYO,CULLHUAS,120113,I-1,,ACTIVADO
GOBIERNO REGIONAL,CORDOVA,CENTROS DE SALUD O CENTROS MEDICOS,HUANCAVELICA,HUAYTARA,CORDOVA,90603,I-3,,ACTIVADO
GOBIERNO REGIONAL,LA  MEJORADA,PUESTOS DE SALUD O POSTAS DE SALUD,HUANCAVELICA,HUAYTARA,SANTIAGO DE CHOCORVOS,90613,I-1,,ACTIVADO
GOBIERNO REGIONAL,SANTA ROSA DE MANTA,PUESTOS DE SALUD O POSTAS DE SALUD,HUANCAVELICA,HUANCAVELICA,MANTA,90110,I-1,,ACTIVADO
GOBIERNO REGIONAL,UÑAS,PUESTOS DE SALUD O POSTAS DE SALUD,JUNIN,HUANCAYO,HUANCAYO,120101,I-2,,ACTIVADO
GOBIERNO REGIONAL,SAN MIGUEL DE CURIS,PUESTOS DE SALUD O POSTAS DE SALUD,HUANCAVELICA,HUAYTARA,SANTIAGO DE CHOCORVOS,90613,I-1,,ACTIVADO
GOBIERNO REGIONAL,ALTO YAPAZ,PUESTOS DE SALUD O POSTAS DE SALUD,JUNIN,CHANCHAMAYO,SAN LUIS DE SHUARO,120304,I-1,,ACTIVADO
GOBIERNO REGIONAL,DE APOYO DE PALPA,CENTROS DE SALUD CON CAMAS DE INTERNAMIENTO,ICA,PALPA,PALPA,110401,I-4,22.0,ACTIVADO
GOBIERNO REGIONAL,VILCA,PUESTOS DE SALUD O POSTAS DE SALUD,HUANCAVELICA,HUANCAVELICA,VILCA,90116,I-1,,ACTIVADO
GOBIERNO REGIONAL,COCHARCAS,PUESTOS DE SALUD O POSTAS DE SALUD,JUNIN,HUANCAYO,SAPALLANGA,120133,I-1,,ACTIVADO
GOBIERNO REGIONAL,VILCACOTO,PUESTOS DE SALUD O POSTAS DE SALUD,JUNIN,HUANCAYO,HUANCAYO,120101,I-2,,ACTIVADO
GOBIERNO REGIONAL,COLLPA,PUESTOS DE SALUD O POSTAS DE SALUD,HUANCAVELICA,HUANCAVELICA,MANTA,90110,I-1,,ACTIVADO
GOBIERNO REGIONAL,FLOR DE UN DIA,PUESTOS DE SALUD O POSTAS DE SALUD,PASCO,OXAPAMPA,CONSTITUCION,190308,I-1,,ACTIVADO
GOBIERNO REGIONAL,TIERRA BLANCA,CENTROS DE SALUD O CENTROS MEDICOS,LORETO,UCAYALI,SARAYACU,160605,I-3,,ACTIVADO
GOBIERNO REGIONAL,HUAYLLAHUARA,PUESTOS DE SALUD O POSTAS DE SALUD,HUANCAVELICA,HUANCAVELICA,HUAYLLAHUARA,90107,I-1,,ACTIVADO
GOBIERNO REGIONAL,LA PUNTA,PUESTOS DE SALUD O POSTAS DE SALUD,JUNIN,HUANCAYO,SAPALLANGA,120133,I-2,,ACTIVADO
GOBIERNO REGIONAL,SAN IGNACIO,PUESTOS DE SALUD O POSTAS DE SALUD,ICA,PALPA,PALPA,110401,I-1,,ACTIVADO
GOBIERNO REGIONAL,CABO PANTOJA DE TORRES CAUSANA,PUESTOS DE SALUD O POSTAS DE SALUD,LORETO,MAYNAS,TORRES CAUSANA,160110,I-2,,ACTIVADO
GOBIERNO REGIONAL,TIBILLOS,PUESTOS DE SALUD O POSTAS DE SALUD,ICA,PALPA,TIBILLO,110405,I-2,,ACTIVADO
GOBIERNO REGIONAL,BUENOS AIRES,PUESTOS DE SALUD O POSTAS DE SALUD,PASCO,OXAPAMPA,PALCAZU,190304,I-2,,ACTIVADO
GOBIERNO REGIONAL,MONTE BELLO,PUESTOS DE SALUD O POSTAS DE SALUD,LORETO,UCAYALI,SARAYACU,160605,I-1,,ACTIVADO
ESSALUD,MARIA REICHE NEUMAN,POLICLINICOS,ICA,NAZCA,MARCONA,110304,Sin Categoría,11.0,ACTIVADO
GOBIERNO REGIONAL,CULLHUAS,PUESTOS DE SALUD O POSTAS DE SALUD,JUNIN,HUANCAYO,CULLHUAS,120113,I-2,,ACTIVADO
GOBIERNO REGIONAL,MARCONA,CENTROS DE SALUD O CENTROS MEDICOS,ICA,NAZCA,MARCONA,110304,I-3,,ACTIVADO
GOBIERNO REGIONAL,MILUCHACA,PUESTOS DE SALUD O POSTAS DE SALUD,JUNIN,HUANCAYO,SAPALLANGA,120133,I-1,,ACTIVADO
GOBIERNO REGIONAL,STA. CRUZ DE LARIA,PUESTOS DE SALUD O POSTAS DE SALUD,JUNIN,HUANCAYO,COLCA,120112,I-1,,ACTIVADO
GOBIERNO REGIONAL,LOS MELLIZOS,PUESTOS DE SALUD O POSTAS DE SALUD,PASCO,OXAPAMPA,VILLA RICA,190307,I-1,,ACTIVADO
GOBIERNO REGIONAL,ZONA PATRIA,PUESTOS DE SALUD O POSTAS DE SALUD,JUNIN,CHANCHAMAYO,PERENE,120302,I-1,,ACTIVADO
GOBIERNO REGIONAL,NUEVO DOS DE MAYO,PUESTOS DE SALUD O POSTAS DE SALUD,LORETO,UCAYALI,SARAYACU,160605,I-1,,ACTIVADO
GOBIERNO REGIONAL,MIRAFLORES,PUESTOS DE SALUD O POSTAS DE SALUD,JUNIN,HUANCAYO,SAPALLANGA,120133,I-1,,ACTIVADO
GOBIERNO REGIONAL,TUPAC AMARU,PUESTOS DE SALUD O POSTAS DE SALUD,ICA,NAZCA,MARCONA,110304,I-2,,ACTIVADO
GOBIERNO REGIONAL,ORELLANA,CENTROS DE SALUD O CENTROS MEDICOS,LORETO,UCAYALI,VARGAS GUERRA,160606,I-3,,ACTIVADO
GOBIERNO REGIONAL,SAPALLANGA,CENTROS DE SALUD O CENTROS MEDICOS,JUNIN,HUANCAYO,SAPALLANGA,120133,I-3,,ACTIVADO
GOBIERNO REGIONAL,CURIMANA,CENTROS DE SALUD O CENTROS MEDICOS,UCAYALI,PADRE ABAD,CURIMANA,250303,I-3,,ACTIVADO
GOBIERNO REGIONAL,MOYA,CENTROS DE SALUD O CENTROS MEDICOS,HUANCAVELICA,HUANCAVELICA,MOYA,90112,I-3,,ACTIVADO
GOBIERNO REGIONAL,ALTO PERILLO,PUESTOS DE SALUD O POSTAS DE SALUD,LORETO,UCAYALI,PAMPA HERMOSA,160604,I-1,,ACTIVADO
GOBIERNO REGIONAL,ALTO YURINAKI,PUESTOS DE SALUD O POSTAS DE SALUD,JUNIN,CHANCHAMAYO,PERENE,120302,I-1,,ACTIVADO
GOBIERNO REGIONAL,ISCOZACIN,CENTROS DE SALUD CON CAMAS DE INTERNAMIENTO,PASCO,OXAPAMPA,PALCAZU,190304,I-4,,ACTIVADO
GOBIERNO REGIONAL,SAN FRANCISCO DE MACON,PUESTOS DE SALUD O POSTAS DE SALUD,JUNIN,CONCEPCION,COCHAS,120205,I-1,,ACTIVADO
GOBIERNO REGIONAL,ALTO CACAZU,PUESTOS DE SALUD O POSTAS DE SALUD,PASCO,OXAPAMPA,VILLA RICA,190307,I-1,,ACTIVADO
GOBIERNO REGIONAL,PUCARA,CENTROS DE SALUD O CENTROS MEDICOS,JUNIN,HUANCAYO,PUCARA,120126,I-3,,ACTIVADO
GOBIERNO REGIONAL,PUEBLO NUEVO,PUESTOS DE SALUD O POSTAS DE SALUD,ICA,PALPA,PALPA,110401,I-1,,ACTIVADO
GOBIERNO REGIONAL,ISLAYCHUMPI,PUESTOS DE SALUD O POSTAS DE SALUD,HUANCAVELICA,HUANCAVELICA,MOYA,90112,I-1,,ACTIVADO
GOBIERNO REGIONAL,MARISCAL CACERES,PUESTOS DE SALUD O POSTAS DE SALUD,JUNIN,CHANCHAMAYO,PERENE,120302,I-1,,ACTIVADO
GOBIERNO REGIONAL,SAN MIGUEL DE LA PASCANA,PUESTOS DE SALUD O POSTAS DE SALUD,ICA,NAZCA,EL INGENIO,110303,I-1,,ACTIVADO
GOBIERNO REGIONAL,SHIRINGAMAZU ALTO,PUESTOS DE SALUD O POSTAS DE SALUD,PASCO,OXAPAMPA,PALCAZU,190304,I-1,,ACTIVADO
GOBIERNO REGIONAL,POMAMANTA,PUESTOS DE SALUD O POSTAS DE SALUD,JUNIN,CONCEPCION,COMAS,120206,I-1,,ACTIVADO
GOBIERNO REGIONAL,RAYMONDI,PUESTOS DE SALUD O POSTAS DE SALUD,JUNIN,JUNIN,ULCUMAYO,120504,I-1,,ACTIVADO
GOBIERNO REGIONAL,DOS DE MAYO,PUESTOS DE SALUD O POSTAS DE SALUD,JUNIN,HUANCAYO,PUCARA,120126,I-1,,ACTIVADO
GOBIERNO REGIONAL,CENTRO POBLADO MENOR LA FLORIDA,PUESTOS DE SALUD O POSTAS DE SALUD,JUNIN,CHANCHAMAYO,PERENE,120302,I-1,,ACTIVADO
GOBIERNO REGIONAL,SANTA ROSA TOTERANI,PUESTOS DE SALUD O POSTAS DE SALUD,JUNIN,CHANCHAMAYO,PERENE,120302,I-1,,ACTIVADO
GOBIERNO REGIONAL,RAQUINA,PUESTOS DE SALUD O POSTAS DE SALUD,JUNIN,HUANCAYO,PUCARA,120126,I-1,,ACTIVADO
GOBIERNO REGIONAL,NUEVO UCAYALI KM.98,PUESTOS DE SALUD O POSTAS DE SALUD,UCAYALI,PADRE ABAD,IRAZOLA,250302,I-1,,ACTIVADO
GOBIERNO REGIONAL,SHIRINGAMAZU BAJO,PUESTOS DE SALUD O POSTAS DE SALUD,PASCO,OXAPAMPA,PALCAZU,190304,I-1,,ACTIVADO
GOBIERNO REGIONAL,MAYPUCO,CENTROS DE SALUD O CENTROS MEDICOS,LORETO,LORETO,URARINAS,160305,I-3,,ACTIVADO
GOBIERNO REGIONAL,CENTRO TOTERANI,PUESTOS DE SALUD O POSTAS DE SALUD,JUNIN,CHANCHAMAYO,PERENE,120302,I-1,,ACTIVADO
GOBIERNO REGIONAL,DOS DE MAYO DE SARAYACU,PUESTOS DE SALUD O POSTAS DE SALUD,LORETO,UCAYALI,SARAYACU,160605,I-1,,ACTIVADO
GOBIERNO REGIONAL,SAN JUAN DE CACAZU,CENTROS DE SALUD O CENTROS MEDICOS,PASCO,OXAPAMPA,VILLA RICA,190307,I-3,,ACTIVADO
GOBIERNO REGIONAL,ANDAS,PUESTOS DE SALUD O POSTAS DE SALUD,JUNIN,CONCEPCION,COCHAS,120205,I-1,,ACTIVADO
GOBIERNO REGIONAL,EL PALMAR,PUESTOS DE SALUD O POSTAS DE SALUD,ICA,PALPA,RIO GRANDE,110403,I-1,,ACTIVADO
GOBIERNO REGIONAL,MARCAVALLE,PUESTOS DE SALUD O POSTAS DE SALUD,JUNIN,HUANCAYO,PUCARA,120126,I-2,,ACTIVADO
GOBIERNO REGIONAL,LIBERTAD TOTERANI,PUESTOS DE SALUD O POSTAS DE SALUD,JUNIN,CHANCHAMAYO,PERENE,120302,I-1,,ACTIVADO
GOBIERNO REGIONAL,SANTA INES,PUESTOS DE SALUD O POSTAS DE SALUD,HUANCAVELICA,HUAYTARA,PILPICHACA,90607,I-1,,ACTIVADO
GOBIERNO REGIONAL,ACOPALCA,PUESTOS DE SALUD O POSTAS DE SALUD,JUNIN,HUANCAYO,HUANCAYO,120101,I-1,,ACTIVADO
GOBIERNO REGIONAL,JATUN SUCLLA,PUESTOS DE SALUD O POSTAS DE SALUD,JUNIN,HUANCAYO,PUCARA,120126,I-1,,ACTIVADO
GOBIERNO REGIONAL,SARAMARCA,PUESTOS DE SALUD O POSTAS DE SALUD,ICA,PALPA,PALPA,110401,I-1,,ACTIVADO
GOBIERNO REGIONAL,COCHAS,PUESTOS DE SALUD O POSTAS DE SALUD,JUNIN,CONCEPCION,COCHAS,120205,I-2,,ACTIVADO
GOBIERNO REGIONAL,PUERTO LAGUNA RAYA,PUESTOS DE SALUD O POSTAS DE SALUD,PASCO,OXAPAMPA,PALCAZU,190304,I-2,,ACTIVADO
GOBIERNO REGIONAL,PILCOLLAMA,PUESTOS DE SALUD O POSTAS DE SALUD,JUNIN,CONCEPCION,COCHAS,120205,I-1,,ACTIVADO
GOBIERNO REGIONAL,PAMPA BLANCA,PUESTOS DE SALUD O POSTAS DE SALUD,ICA,PALPA,RIO GRANDE,110403,I-1,,ACTIVADO
GOBIERNO REGIONAL,MAHUIZO,PUESTOS DE SALUD O POSTAS DE SALUD,LORETO,UCAYALI,SARAYACU,160605,I-1,,ACTIVADO
GOBIERNO REGIONAL,LOS ANGELES TOTERANI,PUESTOS DE SALUD O POSTAS DE SALUD,JUNIN,CHANCHAMAYO,PERENE,120302,I-1,,ACTIVADO
GOBIERNO REGIONAL,MARISCAL CASTILLA,PUESTOS DE SALUD O POSTAS DE SALUD,JUNIN,CONCEPCION,MARISCAL CASTILLA,120209,I-2,,ACTIVADO
GOBIERNO REGIONAL,LAS MALVINAS.,PUESTOS DE SALUD O POSTAS DE SALUD,UCAYALI,PADRE ABAD,CURIMANA,250303,I-1,,ACTIVADO
GOBIERNO REGIONAL,LAS CAÑAS,PUESTOS DE SALUD O POSTAS DE SALUD,ICA,NAZCA,NAZCA,110301,I-1,,ACTIVADO
GOBIERNO REGIONAL,LOMA LINDA,PUESTOS DE SALUD O POSTAS DE SALUD,PASCO,OXAPAMPA,PALCAZU,190304,I-1,,ACTIVADO
GOBIERNO REGIONAL,PUERTO YURINAKI,CENTROS DE SALUD O CENTROS MEDICOS,JUNIN,CHANCHAMAYO,PERENE,120302,I-3,,ACTIVADO
GOBIERNO REGIONAL,COMAS,CENTROS DE SALUD O CENTROS MEDICOS,JUNIN,CONCEPCION,COMAS,120206,I-3,,ACTIVADO
GOBIERNO REGIONAL,PILCHACA,PUESTOS DE SALUD O POSTAS DE SALUD,HUANCAVELICA,HUANCAVELICA,PILCHACA,90115,I-1,,ACTIVADO
GOBIERNO REGIONAL,SAN JOSE DE BELEN,PUESTOS DE SALUD O POSTAS DE SALUD,HUANCAVELICA,HUANCAVELICA,LARIA,90109,I-1,,ACTIVADO
GOBIERNO REGIONAL,UBIRIKI,PUESTOS DE SALUD O POSTAS DE SALUD,PASCO,OXAPAMPA,VILLA RICA,190307,I-1,,ACTIVADO
GOBIERNO REGIONAL,PUEBLO LIBRE CURIMANA,PUESTOS DE SALUD O POSTAS DE SALUD,UCAYALI,PADRE ABAD,CURIMANA,250303,I-1,,ACTIVADO
GOBIERNO REGIONAL,PUEBLO LIBRE,PUESTOS DE SALUD O POSTAS DE SALUD,UCAYALI,CORONEL PORTILLO,CAMPOVERDE,250102,I-1,,ACTIVADO
GOBIERNO REGIONAL,HAUSWALD,PUESTOS DE SALUD O POSTAS DE SALUD,PASCO,OXAPAMPA,CONSTITUCION,190308,I-1,,ACTIVADO
GOBIERNO REGIONAL,BELLA ESPERANZA,PUESTOS DE SALUD O POSTAS DE SALUD,PASCO,OXAPAMPA,VILLA RICA,190307,I-1,,ACTIVADO
GOBIERNO REGIONAL,CHOCLOCOCHA,PUESTOS DE SALUD O POSTAS DE SALUD,HUANCAVELICA,CASTROVIRREYNA,SANTA ANA,90411,I-1,,ACTIVADO
GOBIERNO REGIONAL,NUEVA ALDEA,PUESTOS DE SALUD O POSTAS DE SALUD,PASCO,OXAPAMPA,PALCAZU,190304,I-1,,ACTIVADO
GOBIERNO REGIONAL,ÑAHUIMPUQUIO,PUESTOS DE SALUD O POSTAS DE SALUD,HUANCAVELICA,TAYACAJA,ÑAHUIMPUQUIO,90710,I-2,,ACTIVADO
GOBIERNO REGIONAL,TULIN,PUESTOS DE SALUD O POSTAS DE SALUD,ICA,NAZCA,EL INGENIO,110303,I-2,,ACTIVADO
GOBIERNO REGIONAL,SANTA ROSA DE GUINEA,PUESTOS DE SALUD O POSTAS DE SALUD,UCAYALI,PADRE ABAD,NESHUYA,250304,I-1,,ACTIVADO
GOBIERNO REGIONAL,MIGUEL GRAU,PUESTOS DE SALUD O POSTAS DE SALUD,LORETO,UCAYALI,SARAYACU,160605,I-1,,ACTIVADO
GOBIERNO REGIONAL,PAZOS,CENTROS DE SALUD O CENTROS MEDICOS,HUANCAVELICA,TAYACAJA,PAZOS,90711,I-3,,ACTIVADO
GOBIERNO REGIONAL,RACRACALLA,PUESTOS DE SALUD O POSTAS DE SALUD,JUNIN,CONCEPCION,COMAS,120206,I-2,,ACTIVADO
GOBIERNO REGIONAL,SANTA MARIA,PUESTOS DE SALUD O POSTAS DE SALUD,PASCO,OXAPAMPA,PALCAZU,190304,I-1,,ACTIVADO
GOBIERNO REGIONAL,SAN JUAN DE TAHUAPOA,PUESTOS DE SALUD O POSTAS DE SALUD,UCAYALI,PADRE ABAD,CURIMANA,250303,I-1,,ACTIVADO
GOBIERNO REGIONAL,VILLA TROMPETEROS,CENTROS DE SALUD CON CAMAS DE INTERNAMIENTO,LORETO,LORETO,TROMPETEROS,160304,I-4,17.0,ACTIVADO
GOBIERNO REGIONAL,ACOSTAMBO,CENTROS DE SALUD O CENTROS MEDICOS,HUANCAVELICA,TAYACAJA,ACOSTAMBO,90702,I-3,,ACTIVADO
GOBIERNO REGIONAL,EL INGENIO,CENTROS DE SALUD O CENTROS MEDICOS,ICA,NAZCA,EL INGENIO,110303,I-3,,ACTIVADO
GOBIERNO REGIONAL,JOSE GALVEZ,PUESTOS DE SALUD O POSTAS DE SALUD,JUNIN,CHANCHAMAYO,PERENE,120302,I-1,,ACTIVADO
GOBIERNO REGIONAL,VILLA DEL CAMPO,PUESTOS DE SALUD O POSTAS DE SALUD,UCAYALI,PADRE ABAD,NESHUYA,250304,I-1,,ACTIVADO
GOBIERNO REGIONAL,TOTORA JATUNPAMPA,PUESTOS DE SALUD O POSTAS DE SALUD,HUANCAVELICA,HUANCAVELICA,CUENCA,90105,I-1,,ACTIVADO
GOBIERNO REGIONAL,LUQUIA,PUESTOS DE SALUD O POSTAS DE SALUD,HUANCAVELICA,HUANCAVELICA,CUENCA,90105,I-1,,ACTIVADO
GOBIERNO REGIONAL,VON HUMBOLTD,PUESTOS DE SALUD O POSTAS DE SALUD,UCAYALI,PADRE ABAD,ALEXANDER VON HUMBOLDT,250305,I-2,,ACTIVADO
GOBIERNO REGIONAL,LORENCILLO I,PUESTOS DE SALUD O POSTAS DE SALUD,PASCO,OXAPAMPA,CONSTITUCION,190308,I-2,,ACTIVADO
GOBIERNO REGIONAL,SANTA ROSA DE PALCAZU,PUESTOS DE SALUD O POSTAS DE SALUD,PASCO,OXAPAMPA,PALCAZU,190304,I-1,,ACTIVADO
GOBIERNO REGIONAL,TALHUIS,PUESTOS DE SALUD O POSTAS DE SALUD,JUNIN,CONCEPCION,COMAS,120206,I-1,,ACTIVADO
GOBIERNO REGIONAL,JOSE OLAYA,PUESTOS DE SALUD O POSTAS DE SALUD,JUNIN,CHANCHAMAYO,PERENE,120302,I-1,,ACTIVADO
GOBIERNO REGIONAL,ALTO SAN JUAN,PUESTOS DE SALUD O POSTAS DE SALUD,JUNIN,CHANCHAMAYO,PERENE,120302,I-1,,ACTIVADO
GOBIERNO REGIONAL,TINYACCLLA,PUESTOS DE SALUD O POSTAS DE SALUD,HUANCAVELICA,HUANCAVELICA,HUANDO,90119,I-1,,ACTIVADO
GOBIERNO REGIONAL,ALTO PUMPURIANI,PUESTOS DE SALUD O POSTAS DE SALUD,JUNIN,CHANCHAMAYO,PERENE,120302,I-1,,ACTIVADO
GOBIERNO REGIONAL,SAMAN,PUESTOS DE SALUD O POSTAS DE SALUD,LORETO,UCAYALI,SARAYACU,160605,I-1,,ACTIVADO
GOBIERNO REGIONAL,MACUYA,PUESTOS DE SALUD O POSTAS DE SALUD,HUANUCO,PUERTO INCA,TOURNAVISTA,100904,I-1,,ACTIVADO
GOBIERNO REGIONAL,SAN PEDRO DE PICHANAZ,PUESTOS DE SALUD O POSTAS DE SALUD,PASCO,OXAPAMPA,VILLA RICA,190307,I-1,,ACTIVADO
GOBIERNO REGIONAL,LARAMARCA,PUESTOS DE SALUD O POSTAS DE SALUD,HUANCAVELICA,HUAYTARA,LARAMARCA,90605,I-2,,ACTIVADO
GOBIERNO REGIONAL,OCCORO VIEJO,PUESTOS DE SALUD O POSTAS DE SALUD,HUANCAVELICA,HUANCAVELICA,NUEVO OCCORO,90113,I-1,,ACTIVADO
GOBIERNO REGIONAL,SAN JOSE DE LARIA,PUESTOS DE SALUD O POSTAS DE SALUD,HUANCAVELICA,HUANCAVELICA,LARIA,90109,I-1,,ACTIVADO
GOBIERNO REGIONAL,CUENCA,PUESTOS DE SALUD O POSTAS DE SALUD,HUANCAVELICA,HUANCAVELICA,CUENCA,90105,I-1,,ACTIVADO
GOBIERNO REGIONAL,EL MILAGRO KM   83,PUESTOS DE SALUD O POSTAS DE SALUD,UCAYALI,PADRE ABAD,ALEXANDER VON HUMBOLDT,250305,I-1,,ACTIVADO
GOBIERNO REGIONAL,PUERTO SUNGARO,PUESTOS DE SALUD O POSTAS DE SALUD,HUANUCO,PUERTO INCA,PUERTO INCA,100901,I-2,,ACTIVADO
GOBIERNO REGIONAL,CANCHAPALCA,PUESTOS DE SALUD O POSTAS DE SALUD,JUNIN,CONCEPCION,COMAS,120206,I-2,,ACTIVADO
GOBIERNO REGIONAL,PROGRESO DE CONTAMANA,PUESTOS DE SALUD O POSTAS DE SALUD,LORETO,UCAYALI,CONTAMANA,160601,I-1,,ACTIVADO
GOBIERNO REGIONAL,NUEVA ESPERANZA DE URARINAS,PUESTOS DE SALUD O POSTAS DE SALUD,LORETO,LORETO,URARINAS,160305,I-1,,ACTIVADO
GOBIERNO REGIONAL,SAN PEDRO DE MULLACA,PUESTOS DE SALUD O POSTAS DE SALUD,HUANCAVELICA,TAYACAJA,PAZOS,90711,I-1,,ACTIVADO
GOBIERNO REGIONAL,NAVIDAD,PUESTOS DE SALUD O POSTAS DE SALUD,HUANUCO,PUERTO INCA,PUERTO INCA,100901,I-1,,ACTIVADO
GOBIERNO REGIONAL,COYLLORPAMPA,PUESTOS DE SALUD O POSTAS DE SALUD,HUANCAVELICA,TAYACAJA,PAZOS,90711,I-1,,ACTIVADO
GOBIERNO REGIONAL,UNION SIRIA,PUESTOS DE SALUD O POSTAS DE SALUD,PASCO,OXAPAMPA,PUERTO BERMUDEZ,190306,I-1,,ACTIVADO
GOBIERNO REGIONAL,SANTA ROSA DE RIO AMARILLO,PUESTOS DE SALUD O POSTAS DE SALUD,JUNIN,CHANCHAMAYO,PERENE,120302,I-1,,ACTIVADO
GOBIERNO REGIONAL,PAYLLIHUA,PUESTOS DE SALUD O POSTAS DE SALUD,AYACUCHO,LUCANAS,HUAC-HUAS,50607,I-1,,ACTIVADO
GOBIERNO REGIONAL,SAN JOSÉ DE MIRAFLORES,PUESTOS DE SALUD O POSTAS DE SALUD,HUANCAVELICA,HUANCAVELICA,HUANDO,90119,I-1,,ACTIVADO
GOBIERNO REGIONAL,DANTAS,PUESTOS DE SALUD O POSTAS DE SALUD,HUANUCO,PUERTO INCA,YUYAPICHIS,100905,I-1,,ACTIVADO
GOBIERNO REGIONAL,NUEVO OCCORO,CENTROS DE SALUD O CENTROS MEDICOS,HUANCAVELICA,HUANCAVELICA,NUEVO OCCORO,90113,I-3,,ACTIVADO
GOBIERNO REGIONAL,NUEVO TRUJILLO,PUESTOS DE SALUD O POSTAS DE SALUD,HUANUCO,PUERTO INCA,PUERTO INCA,100901,I-1,,ACTIVADO
GOBIERNO REGIONAL,PAHOYAN,PUESTOS DE SALUD O POSTAS DE SALUD,LORETO,UCAYALI,PADRE MARQUEZ,160603,I-1,,ACTIVADO
GOBIERNO REGIONAL,LA UNION,PUESTOS DE SALUD O POSTAS DE SALUD,UCAYALI,PADRE ABAD,NESHUYA,250304,I-1,,ACTIVADO
GOBIERNO REGIONAL,CONSTITUCION,CENTROS DE SALUD CON CAMAS DE INTERNAMIENTO,PASCO,OXAPAMPA,CONSTITUCION,190308,I-4,,ACTIVADO
GOBIERNO REGIONAL,STA. ROSA DE YANAYACU,PUESTOS DE SALUD O POSTAS DE SALUD,HUANUCO,PUERTO INCA,YUYAPICHIS,100905,I-1,,ACTIVADO
GOBIERNO REGIONAL,MONTERRICO,PUESTOS DE SALUD O POSTAS DE SALUD,HUANUCO,PUERTO INCA,YUYAPICHIS,100905,I-1,,ACTIVADO
GOBIERNO REGIONAL,RUNATULLO,PUESTOS DE SALUD O POSTAS DE SALUD,JUNIN,CONCEPCION,COMAS,120206,I-1,,ACTIVADO
GOBIERNO REGIONAL,SANTA CRUZ DE ILA,PUESTOS DE SALUD O POSTAS DE SALUD,HUANCAVELICA,TAYACAJA,PAZOS,90711,I-1,,ACTIVADO
GOBIERNO REGIONAL,EL DORADO,PUESTOS DE SALUD O POSTAS DE SALUD,HUANUCO,PUERTO INCA,YUYAPICHIS,100905,I-1,,ACTIVADO
GOBIERNO REGIONAL,CONAICA,CENTROS DE SALUD O CENTROS MEDICOS,HUANCAVELICA,HUANCAVELICA,CONAYCA,90104,I-3,,ACTIVADO
GOBIERNO REGIONAL,CALLQUI CHICO,PUESTOS DE SALUD O POSTAS DE SALUD,HUANCAVELICA,HUANCAVELICA,HUANCAVELICA,90101,I-1,,ACTIVADO
GOBIERNO REGIONAL,CONTAMANA,CENTROS DE SALUD CON CAMAS DE INTERNAMIENTO,LORETO,UCAYALI,CONTAMANA,160601,I-4,17.0,ACTIVADO
GOBIERNO REGIONAL,NUEVA GALILEA,PUESTOS DE SALUD O POSTAS DE SALUD,LORETO,UCAYALI,PADRE MARQUEZ,160603,I-1,,ACTIVADO
GOBIERNO REGIONAL,TORRES CAUSANA,PUESTOS DE SALUD O POSTAS DE SALUD,LORETO,MAYNAS,TORRES CAUSANA,160110,I-1,,ACTIVADO
GOBIERNO REGIONAL,SAN LUCAS DE TONGOS,PUESTOS DE SALUD O POSTAS DE SALUD,HUANCAVELICA,TAYACAJA,PAZOS,90711,I-1,,ACTIVADO
GOBIERNO REGIONAL,HUAYANAY,PUESTOS DE SALUD O POSTAS DE SALUD,HUANCAVELICA,HUANCAVELICA,PALCA,90114,I-1,,ACTIVADO
GOBIERNO REGIONAL,IZCUCHACA,CENTROS DE SALUD O CENTROS MEDICOS,HUANCAVELICA,HUANCAVELICA,IZCUCHACA,90108,I-3,,ACTIVADO
GOBIERNO REGIONAL,NUEVO PORVENIR,PUESTOS DE SALUD O POSTAS DE SALUD,HUANUCO,PUERTO INCA,PUERTO INCA,100901,I-1,,ACTIVADO
GOBIERNO REGIONAL,SAN JUAN KM. 71,PUESTOS DE SALUD O POSTAS DE SALUD,UCAYALI,PADRE ABAD,NESHUYA,250304,I-1,,ACTIVADO
GOBIERNO REGIONAL,NUEVA JERUSALEN,PUESTOS DE SALUD O POSTAS DE SALUD,HUANCAVELICA,HUAYTARA,PILPICHACA,90607,I-1,,ACTIVADO
GOBIERNO REGIONAL,MONTE DE LOS OLIVOS,PUESTOS DE SALUD O POSTAS DE SALUD,UCAYALI,PADRE ABAD,NESHUYA,250304,I-2,,ACTIVADO
GOBIERNO REGIONAL,LOS ANGELES DE UBIRIKI,PUESTOS DE SALUD O POSTAS DE SALUD,JUNIN,CHANCHAMAYO,PERENE,120302,I-1,,ACTIVADO
GOBIERNO REGIONAL,CONAICASA,PUESTOS DE SALUD O POSTAS DE SALUD,HUANCAVELICA,HUANCAVELICA,PALCA,90114,I-1,,ACTIVADO
GOBIERNO REGIONAL,ASCENSION,CENTROS DE SALUD CON CAMAS DE INTERNAMIENTO,HUANCAVELICA,HUANCAVELICA,ASCENSION,90118,I-4,12.0,ACTIVADO
GOBIERNO REGIONAL,MIRISHARO,PUESTOS DE SALUD O POSTAS DE SALUD,JUNIN,CHANCHAMAYO,PERENE,120302,I-2,,ACTIVADO
GOBIERNO REGIONAL,MOSQUITO PLAYA,PUESTOS DE SALUD O POSTAS DE SALUD,PASCO,OXAPAMPA,CONSTITUCION,190308,I-1,,ACTIVADO
GOBIERNO REGIONAL,NUEVO SAN JUAN KM. 69,PUESTOS DE SALUD O POSTAS DE SALUD,UCAYALI,PADRE ABAD,NESHUYA,250304,I-1,,ACTIVADO
GOBIERNO REGIONAL,SACSAMARCA,PUESTOS DE SALUD O POSTAS DE SALUD,HUANCAVELICA,HUANCAVELICA,HUANCAVELICA,90101,I-1,,ACTIVADO
GOBIERNO REGIONAL,SAN GERONIMO,PUESTOS DE SALUD O POSTAS DE SALUD,HUANCAVELICA,HUANCAVELICA,HUANCAVELICA,90101,I-1,,ACTIVADO
GOBIERNO REGIONAL,TUMBES,PUESTOS DE SALUD O POSTAS DE SALUD,LORETO,UCAYALI,CONTAMANA,160601,I-1,,ACTIVADO
GOBIERNO REGIONAL,CLINICA CAHUAPANAS,PUESTOS DE SALUD O POSTAS DE SALUD,PASCO,OXAPAMPA,CONSTITUCION,190308,I-2,,ACTIVADO
GOBIERNO REGIONAL,INCHATINGARI,PUESTOS DE SALUD O POSTAS DE SALUD,JUNIN,CHANCHAMAYO,PERENE,120302,I-1,,ACTIVADO
ESSALUD,HOSPITAL II HUANCAVELICA,HOSPITALES O CLINICAS DE ATENCION ESPECIALIZADA,HUANCAVELICA,HUANCAVELICA,ASCENSION,90118,II-1,25.0,ACTIVADO
GOBIERNO REGIONAL,CONDADO PICHIKIARI,PUESTOS DE SALUD O POSTAS DE SALUD,JUNIN,CHANCHAMAYO,PICHANAQUI,120303,I-2,,ACTIVADO
GOBIERNO REGIONAL,SANTA ROSA DE CHIVIS,PUESTOS DE SALUD O POSTAS DE SALUD,PASCO,OXAPAMPA,PUERTO BERMUDEZ,190306,I-1,,ACTIVADO
GOBIERNO REGIONAL,SAN LUIS DE PAJONAL,PUESTOS DE SALUD O POSTAS DE SALUD,ICA,NAZCA,NAZCA,110301,I-2,,ACTIVADO
GOBIERNO REGIONAL,SARGENTO LORENZ,PUESTOS DE SALUD O POSTAS DE SALUD,PASCO,OXAPAMPA,PUERTO BERMUDEZ,190306,I-1,,ACTIVADO
GOBIERNO REGIONAL,ALFAPATA,PUESTOS DE SALUD O POSTAS DE SALUD,HUANCAVELICA,TAYACAJA,ACOSTAMBO,90702,I-1,,ACTIVADO
GOBIERNO REGIONAL,HOLANDA,PUESTOS DE SALUD O POSTAS DE SALUD,LORETO,UCAYALI,CONTAMANA,160601,I-1,,ACTIVADO
GOBIERNO REGIONAL,QUIRISHARI,PUESTOS DE SALUD O POSTAS DE SALUD,PASCO,OXAPAMPA,PUERTO BERMUDEZ,190306,I-1,,ACTIVADO
GOBIERNO REGIONAL,NUEVO PIURA,PUESTOS DE SALUD O POSTAS DE SALUD,UCAYALI,CORONEL PORTILLO,NUEVA REQUENA,250106,I-1,,ACTIVADO
GOBIERNO REGIONAL,HUARI,PUESTOS DE SALUD O POSTAS DE SALUD,HUANCAVELICA,TAYACAJA,SAN MARCOS DE ROCCHAC,90716,I-1,,ACTIVADO
GOBIERNO REGIONAL,LABORATORIO REFERENCIAL DE SALUD PUBLICA,PATOLOGIA CLINICA,HUANCAVELICA,HUANCAVELICA,HUANCAVELICA,90101,Sin Categoría,,ACTIVADO
GOBIERNO REGIONAL,HOSPITAL REGIONAL ZACARIAS CORREA VALDIVIA,HOSPITALES O CLINICAS DE ATENCION GENERAL,HUANCAVELICA,HUANCAVELICA,HUANCAVELICA,90101,II-2,126.0,ACTIVADO
GOBIERNO REGIONAL,PILPICHACA,CENTROS DE SALUD O CENTROS MEDICOS,HUANCAVELICA,HUAYTARA,PILPICHACA,90607,I-3,,ACTIVADO
GOBIERNO REGIONAL,QUERCO,CENTROS DE SALUD O CENTROS MEDICOS,HUANCAVELICA,HUAYTARA,QUERCO,90608,I-3,,ACTIVADO
GOBIERNO REGIONAL,SANTIAGO DE QUIRAHUARA,PUESTOS DE SALUD O POSTAS DE SALUD,HUANCAVELICA,HUAYTARA,SANTIAGO DE QUIRAHUARA,90614,I-1,,ACTIVADO
GOBIERNO REGIONAL,PALCA,CENTROS DE SALUD O CENTROS MEDICOS,HUANCAVELICA,HUANCAVELICA,PALCA,90114,I-3,,ACTIVADO
GOBIERNO REGIONAL,SAN FRANCISCO DE CAHUAPANAS,PUESTOS DE SALUD O POSTAS DE SALUD,PASCO,OXAPAMPA,PUERTO BERMUDEZ,190306,I-1,,ACTIVADO
GOBIERNO REGIONAL,VISTA ALEGRE,PUESTOS DE SALUD O POSTAS DE SALUD,HUANCAVELICA,HUANCAVELICA,HUANDO,90119,I-1,,ACTIVADO
GOBIERNO REGIONAL,YUYAPICHIS,CENTROS DE SALUD O CENTROS MEDICOS,HUANUCO,PUERTO INCA,YUYAPICHIS,100905,I-3,,ACTIVADO
GOBIERNO REGIONAL,VILLA REAL PACCHAPATA,PUESTOS DE SALUD O POSTAS DE SALUD,HUANCAVELICA,TAYACAJA,ACOSTAMBO,90702,I-1,,ACTIVADO
GOBIERNO REGIONAL,SAN ANTONIO ALTO PICHANAKI,PUESTOS DE SALUD O POSTAS DE SALUD,JUNIN,CHANCHAMAYO,PERENE,120302,I-1,,ACTIVADO
GOBIERNO REGIONAL,SAN CRISTOBAL,CENTROS DE SALUD O CENTROS MEDICOS,HUANCAVELICA,HUANCAVELICA,HUANCAVELICA,90101,I-3,,ACTIVADO
GOBIERNO REGIONAL,PUERTO LAGARTO,PUESTOS DE SALUD O POSTAS DE SALUD,PASCO,OXAPAMPA,CONSTITUCION,190308,I-1,,ACTIVADO
GOBIERNO REGIONAL,PUCAPANGA,PUESTOS DE SALUD O POSTAS DE SALUD,LORETO,UCAYALI,SARAYACU,160605,I-1,,ACTIVADO
GOBIERNO REGIONAL,UNION PUCUSANI,PUESTOS DE SALUD O POSTAS DE SALUD,JUNIN,CHANCHAMAYO,PERENE,120302,I-1,,ACTIVADO
GOBIERNO REGIONAL,LA MERCED DE NESHUYA,PUESTOS DE SALUD O POSTAS DE SALUD,UCAYALI,CORONEL PORTILLO,CAMPOVERDE,250102,I-2,,ACTIVADO
GOBIERNO REGIONAL,PUERTO INCA,CENTROS DE SALUD O CENTROS MEDICOS,HUANUCO,PUERTO INCA,PUERTO INCA,100901,I-3,,ACTIVADO
GOBIERNO REGIONAL,MONTE ALEGRE-NESHUYA,CENTROS DE SALUD O CENTROS MEDICOS,UCAYALI,PADRE ABAD,NESHUYA,250304,I-3,,ACTIVADO
GOBIERNO REGIONAL,CARAMPA,PUESTOS DE SALUD O POSTAS DE SALUD,HUANCAVELICA,TAYACAJA,PAZOS,90711,I-1,,ACTIVADO
GOBIERNO REGIONAL,SAN FELIPE,PUESTOS DE SALUD O POSTAS DE SALUD,HUANCAVELICA,HUAYTARA,PILPICHACA,90607,I-1,,ACTIVADO
GOBIERNO REGIONAL,TAPO,PUESTOS DE SALUD O POSTAS DE SALUD,HUANCAVELICA,TAYACAJA,HUARIBAMBA,90709,I-1,,ACTIVADO
GOBIERNO REGIONAL,SANTA ANA,CENTROS DE SALUD O CENTROS MEDICOS,HUANCAVELICA,HUANCAVELICA,HUANCAVELICA,90101,I-3,,ACTIVADO
GOBIERNO REGIONAL,EL MILAGRO,PUESTOS DE SALUD O POSTAS DE SALUD,PASCO,OXAPAMPA,PUERTO BERMUDEZ,190306,I-2,,ACTIVADO
GOBIERNO REGIONAL,CARHUANCHO,PUESTOS DE SALUD O POSTAS DE SALUD,HUANCAVELICA,HUAYTARA,PILPICHACA,90607,I-1,,ACTIVADO
GOBIERNO REGIONAL,CENTRO YARINA,PUESTOS DE SALUD O POSTAS DE SALUD,PASCO,OXAPAMPA,CONSTITUCION,190308,I-1,,ACTIVADO
GOBIERNO REGIONAL,ALTO CHIVIS,PUESTOS DE SALUD O POSTAS DE SALUD,PASCO,OXAPAMPA,PUERTO BERMUDEZ,190306,I-1,,ACTIVADO
GOBIERNO REGIONAL,JUVENTUD,PUESTOS DE SALUD O POSTAS DE SALUD,UCAYALI,CORONEL PORTILLO,NUEVA REQUENA,250106,I-1,,ACTIVADO
GOBIERNO REGIONAL,CHURINGAVENI,PUESTOS DE SALUD O POSTAS DE SALUD,JUNIN,CHANCHAMAYO,PERENE,120302,I-1,,ACTIVADO
GOBIERNO REGIONAL,PUTACCA,PUESTOS DE SALUD O POSTAS DE SALUD,HUANCAVELICA,HUANCAVELICA,PALCA,90114,I-1,,ACTIVADO
GOBIERNO REGIONAL,PACOMARCA,PUESTOS DE SALUD O POSTAS DE SALUD,HUANCAVELICA,HUAYTARA,OCOYO,90606,I-1,,ACTIVADO
GOBIERNO REGIONAL,STA ROSA DE CAMONASHARI,PUESTOS DE SALUD O POSTAS DE SALUD,JUNIN,CHANCHAMAYO,PERENE,120302,I-1,,ACTIVADO
GOBIERNO REGIONAL,CACHILLALLAS,PUESTOS DE SALUD O POSTAS DE SALUD,HUANCAVELICA,HUANCAVELICA,HUANDO,90119,I-1,,ACTIVADO
GOBIERNO REGIONAL,SAYHUA,PUESTOS DE SALUD O POSTAS DE SALUD,AYACUCHO,LUCANAS,HUAC-HUAS,50607,I-1,,ACTIVADO
GOBIERNO REGIONAL,LLACSAPIRCA,PUESTOS DE SALUD O POSTAS DE SALUD,JUNIN,HUANCAYO,PARIAHUANCA,120124,I-2,,ACTIVADO
GOBIERNO REGIONAL,NUEVA ACOBAMBILLA,PUESTOS DE SALUD O POSTAS DE SALUD,HUANCAVELICA,HUANCAVELICA,HUANDO,90119,I-1,,ACTIVADO
GOBIERNO REGIONAL,CHILLHUAPAMPA,PUESTOS DE SALUD O POSTAS DE SALUD,HUANCAVELICA,HUANCAVELICA,PALCA,90114,I-1,,ACTIVADO
GOBIERNO REGIONAL,HUANDO,CENTROS DE SALUD CON CAMAS DE INTERNAMIENTO,HUANCAVELICA,HUANCAVELICA,HUANDO,90119,I-4,,ACTIVADO
GOBIERNO REGIONAL,HUACHOCOLPA,PUESTOS DE SALUD O POSTAS DE SALUD,HUANCAVELICA,HUANCAVELICA,HUACHOCOLPA,90106,I-2,,ACTIVADO
GOBIERNO REGIONAL,SAN FERNANDO DE KIVINAKI,CENTROS DE SALUD O CENTROS MEDICOS,JUNIN,CHANCHAMAYO,PERENE,120302,I-1,,ACTIVADO
GOBIERNO REGIONAL,HUAC-HUAS,CENTROS DE SALUD O CENTROS MEDICOS,AYACUCHO,LUCANAS,HUAC-HUAS,50607,I-3,,ACTIVADO
GOBIERNO REGIONAL,LA NUEVA LIBERTAD DE PUNTO,PUESTOS DE SALUD O POSTAS DE SALUD,JUNIN,HUANCAYO,SANTO DOMINGO DE ACOBAMBA,120135,I-1,,ACTIVADO
GOBIERNO REGIONAL,VISTA ALEGRE,CENTROS DE SALUD O CENTROS MEDICOS,ICA,NAZCA,VISTA ALEGRE,110305,I-3,,ACTIVADO
GOBIERNO REGIONAL,CLEYTON,PUESTOS DE SALUD O POSTAS DE SALUD,HUANUCO,PUERTO INCA,PUERTO INCA,100901,I-1,,ACTIVADO
GOBIERNO REGIONAL,DE APOYO DE NAZCA,HOSPITALES O CLINICAS DE ATENCION GENERAL,ICA,NAZCA,NAZCA,110301,II-1,19.0,ACTIVADO
GOBIERNO REGIONAL,CENTRO CUYANI,CENTROS DE SALUD O CENTROS MEDICOS,JUNIN,CHANCHAMAYO,PICHANAQUI,120303,I-3,,ACTIVADO
ESSALUD,NASCA,POLICLINICOS,ICA,NAZCA,VISTA ALEGRE,110305,I-3,0.0,ACTIVADO
GOBIERNO REGIONAL,PUERTO BERMUDEZ,CENTROS DE SALUD CON CAMAS DE INTERNAMIENTO,PASCO,OXAPAMPA,PUERTO BERMUDEZ,190306,I-4,,ACTIVADO
GOBIERNO REGIONAL,CCARHUACCPAMPA,PUESTOS DE SALUD O POSTAS DE SALUD,AYACUCHO,CANGALLO,PARAS,50205,I-1,,ACTIVADO
GOBIERNO REGIONAL,PUEBLO LIBRE,PUESTOS DE SALUD O POSTAS DE SALUD,HUANCAVELICA,HUANCAVELICA,HUANCAVELICA,90101,I-1,,ACTIVADO
GOBIERNO REGIONAL,QUIMINA,PUESTOS DE SALUD O POSTAS DE SALUD,HUANCAVELICA,HUANCAVELICA,ACORIA,90103,I-1,,ACTIVADO
GOBIERNO REGIONAL,ANDRES AVELINO CACERES,PUESTOS DE SALUD O POSTAS DE SALUD,JUNIN,CHANCHAMAYO,PICHANAQUI,120303,I-1,,ACTIVADO
GOBIERNO REGIONAL,MARISCAL CACERES,PUESTOS DE SALUD O POSTAS DE SALUD,HUANCAVELICA,HUANCAVELICA,MARISCAL CACERES,90111,I-2,,ACTIVADO
GOBIERNO REGIONAL,PUERTO LIBRE YARINA,PUESTOS DE SALUD O POSTAS DE SALUD,PASCO,OXAPAMPA,CONSTITUCION,190308,I-1,,ACTIVADO
GOBIERNO REGIONAL,SAN JOSE DE SARAMURO,PUESTOS DE SALUD O POSTAS DE SALUD,LORETO,LORETO,URARINAS,160305,I-1,,ACTIVADO
GOBIERNO REGIONAL,PUERTO AMISTAD,PUESTOS DE SALUD O POSTAS DE SALUD,PASCO,OXAPAMPA,CONSTITUCION,190308,I-1,,ACTIVADO
GOBIERNO REGIONAL,CARHUACUCHO,PUESTOS DE SALUD O POSTAS DE SALUD,AYACUCHO,LUCANAS,LLAUTA,50610,I-1,,ACTIVADO
GOBIERNO REGIONAL,TOLDOPAMPA,PUESTOS DE SALUD O POSTAS DE SALUD,JUNIN,SATIPO,PAMPA HERMOSA,120605,I-2,,ACTIVADO
GOBIERNO REGIONAL,ROHABOYA,PUESTOS DE SALUD O POSTAS DE SALUD,LORETO,UCAYALI,PADRE MARQUEZ,160603,I-1,,ACTIVADO
GOBIERNO REGIONAL,CCONOCC,PUESTOS DE SALUD O POSTAS DE SALUD,HUANCAVELICA,TAYACAJA,AHUAYCHA,90704,I-1,,ACTIVADO
GOBIERNO REGIONAL,NUEVA TUNUYA,PUESTOS DE SALUD O POSTAS DE SALUD,UCAYALI,CORONEL PORTILLO,CAMPOVERDE,250102,I-1,,ACTIVADO
GOBIERNO REGIONAL,HUAYCHULA,PUESTOS DE SALUD O POSTAS DE SALUD,JUNIN,HUANCAYO,PARIAHUANCA,120124,I-1,,ACTIVADO
GOBIERNO REGIONAL,AYACCOCHA,CENTROS DE SALUD O CENTROS MEDICOS,HUANCAVELICA,HUANCAVELICA,ACORIA,90103,I-3,,ACTIVADO
GOBIERNO REGIONAL,TARUGA,PUESTOS DE SALUD O POSTAS DE SALUD,ICA,NAZCA,VISTA ALEGRE,110305,I-1,,ACTIVADO
GOBIERNO REGIONAL,PUERTO AGUACHINI,PUESTOS DE SALUD O POSTAS DE SALUD,PASCO,OXAPAMPA,PUERTO BERMUDEZ,190306,I-1,,ACTIVADO
GOBIERNO REGIONAL,PAMPACHACRA,PUESTOS DE SALUD O POSTAS DE SALUD,HUANCAVELICA,HUANCAVELICA,HUANCAVELICA,90101,I-1,,ACTIVADO
GOBIERNO REGIONAL,LLAUTA,PUESTOS DE SALUD O POSTAS DE SALUD,AYACUCHO,LUCANAS,LLAUTA,50610,I-2,,ACTIVADO
GOBIERNO REGIONAL,BUENA FE,PUESTOS DE SALUD O POSTAS DE SALUD,ICA,NAZCA,NAZCA,110301,I-2,,ACTIVADO
GOBIERNO REGIONAL,HUACAMAYO,PUESTOS DE SALUD O POSTAS DE SALUD,JUNIN,CHANCHAMAYO,PERENE,120302,I-1,,ACTIVADO
GOBIERNO REGIONAL,ANTACCOCHA,PUESTOS DE SALUD O POSTAS DE SALUD,HUANCAVELICA,HUANCAVELICA,HUANCAVELICA,90101,I-1,,ACTIVADO
GOBIERNO REGIONAL,GUACAMAYO,PUESTOS DE SALUD O POSTAS DE SALUD,HUANUCO,PUERTO INCA,YUYAPICHIS,100905,I-1,,ACTIVADO
GOBIERNO REGIONAL,SAN MIGUEL DE HUALLHUA,PUESTOS DE SALUD O POSTAS DE SALUD,HUANCAVELICA,TAYACAJA,AHUAYCHA,90704,I-2,,ACTIVADO
GOBIERNO REGIONAL,PUERTO YESUPE,PUESTOS DE SALUD O POSTAS DE SALUD,PASCO,OXAPAMPA,PUERTO BERMUDEZ,190306,I-2,,ACTIVADO
GOBIERNO REGIONAL,PUCACCOCHA,PUESTOS DE SALUD O POSTAS DE SALUD,HUANCAVELICA,HUANCAVELICA,ACORIA,90103,I-1,,ACTIVADO
GOBIERNO REGIONAL,SAN CRISTOBAL,PUESTOS DE SALUD O POSTAS DE SALUD,JUNIN,CHANCHAMAYO,PERENE,120302,I-1,,ACTIVADO
GOBIERNO REGIONAL,SANTA ROSA KM. 50 CFB,PUESTOS DE SALUD O POSTAS DE SALUD,UCAYALI,CORONEL PORTILLO,CAMPOVERDE,250102,I-1,,ACTIVADO
GOBIERNO REGIONAL,TUPAC AMARU,PUESTOS DE SALUD O POSTAS DE SALUD,HUANCAVELICA,TAYACAJA,AHUAYCHA,90704,I-1,,ACTIVADO
GOBIERNO REGIONAL,SHEBONYA,PUESTOS DE SALUD O POSTAS DE SALUD,HUANUCO,PUERTO INCA,PUERTO INCA,100901,I-2,,ACTIVADO
GOBIERNO REGIONAL,BARINETTI REAL,PUESTOS DE SALUD O POSTAS DE SALUD,JUNIN,CHANCHAMAYO,PICHANAQUI,120303,I-1,,ACTIVADO
GOBIERNO REGIONAL,SACHAPITE,PUESTOS DE SALUD O POSTAS DE SALUD,HUANCAVELICA,HUANCAVELICA,YAULI,90117,I-1,,ACTIVADO
GOBIERNO REGIONAL,PARIACC,PUESTOS DE SALUD O POSTAS DE SALUD,HUANCAVELICA,TAYACAJA,PICHOS,90722,I-1,,ACTIVADO
GOBIERNO REGIONAL,LLAMACANCHA,PUESTOS DE SALUD O POSTAS DE SALUD,HUANCAVELICA,TAYACAJA,ACRAQUIA,90703,I-1,,ACTIVADO
GOBIERNO REGIONAL,ACRAQUIA,CENTROS DE SALUD O CENTROS MEDICOS,HUANCAVELICA,TAYACAJA,ACRAQUIA,90703,I-3,,ACTIVADO
GOBIERNO REGIONAL,CCACCASIRI,PUESTOS DE SALUD O POSTAS DE SALUD,HUANCAVELICA,HUANCAVELICA,ACORIA,90103,I-1,,ACTIVADO
GOBIERNO REGIONAL,P.S. ACOLLA,PUESTOS DE SALUD O POSTAS DE SALUD,PASCO,OXAPAMPA,PUERTO BERMUDEZ,190306,I-1,,ACTIVADO
GOBIERNO REGIONAL,PUERTO PASCUALA,PUESTOS DE SALUD O POSTAS DE SALUD,PASCO,OXAPAMPA,PUERTO BERMUDEZ,190306,I-1,,ACTIVADO
GOBIERNO REGIONAL,AMAMBAY,PUESTOS DE SALUD O POSTAS DE SALUD,PASCO,OXAPAMPA,PUERTO BERMUDEZ,190306,I-2,,ACTIVADO
GOBIERNO REGIONAL,SAN FCO CENTRO KUVIRIANI,PUESTOS DE SALUD O POSTAS DE SALUD,JUNIN,CHANCHAMAYO,PICHANAQUI,120303,I-2,,ACTIVADO
GOBIERNO REGIONAL,SANTIAGO DE TUCUMA,PUESTOS DE SALUD O POSTAS DE SALUD,HUANCAVELICA,TAYACAJA,PAMPAS,90701,I-2,,ACTIVADO
GOBIERNO REGIONAL,LAMPA,PUESTOS DE SALUD O POSTAS DE SALUD,JUNIN,HUANCAYO,PARIAHUANCA,120124,I-2,,ACTIVADO
GOBIERNO REGIONAL,LAIMINA,PUESTOS DE SALUD O POSTAS DE SALUD,HUANCAVELICA,HUANCAVELICA,ACORIA,90103,I-1,,ACTIVADO
GOBIERNO REGIONAL,SAN PEDRO KM 47,PUESTOS DE SALUD O POSTAS DE SALUD,UCAYALI,CORONEL PORTILLO,CAMPOVERDE,250102,I-1,,ACTIVADO
GOBIERNO REGIONAL,PUCARA,PUESTOS DE SALUD O POSTAS DE SALUD,AYACUCHO,LUCANAS,LLAUTA,50610,I-1,,ACTIVADO
GOBIERNO REGIONAL,SIMON BOLIVAR,PUESTOS DE SALUD O POSTAS DE SALUD,UCAYALI,CORONEL PORTILLO,CAMPOVERDE,250102,I-1,,ACTIVADO
GOBIERNO REGIONAL,SAN PABLO DE JUANTIA,PUESTOS DE SALUD O POSTAS DE SALUD,UCAYALI,CORONEL PORTILLO,NUEVA REQUENA,250106,I-1,,ACTIVADO
GOBIERNO REGIONAL,AHUAYCHA,PUESTOS DE SALUD O POSTAS DE SALUD,HUANCAVELICA,TAYACAJA,AHUAYCHA,90704,I-2,,ACTIVADO
GOBIERNO REGIONAL,COPARA,PUESTOS DE SALUD O POSTAS DE SALUD,ICA,NAZCA,VISTA ALEGRE,110305,I-2,,ACTIVADO
GOBIERNO REGIONAL,HUANUCO,PUESTOS DE SALUD O POSTAS DE SALUD,JUNIN,CONCEPCION,ANDAMARCA,120203,I-1,,ACTIVADO
GOBIERNO REGIONAL,LOS ANGELES DE CCARAHUASA,PUESTOS DE SALUD O POSTAS DE SALUD,HUANCAVELICA,HUANCAVELICA,ACORIA,90103,I-1,,ACTIVADO
GOBIERNO REGIONAL,SAN BALVIN,PUESTOS DE SALUD O POSTAS DE SALUD,JUNIN,HUANCAYO,PARIAHUANCA,120124,I-2,,ACTIVADO
GOBIERNO REGIONAL,HUANASPAMPA,PUESTOS DE SALUD O POSTAS DE SALUD,HUANCAVELICA,HUANCAVELICA,ACORIA,90103,I-2,,ACTIVADO
GOBIERNO REGIONAL,LIRIO,PUESTOS DE SALUD O POSTAS DE SALUD,HUANCAVELICA,HUANCAVELICA,ACORIA,90103,I-1,,ACTIVADO
GOBIERNO REGIONAL,PUERTO SIRA,PUESTOS DE SALUD O POSTAS DE SALUD,HUANUCO,PUERTO INCA,PUERTO INCA,100901,I-2,,ACTIVADO
GOBIERNO REGIONAL,COLONIA HUANCA,PUESTOS DE SALUD O POSTAS DE SALUD,JUNIN,CHANCHAMAYO,PICHANAQUI,120303,I-2,,ACTIVADO
GOBIERNO REGIONAL,TEMPESTAD,PUESTOS DE SALUD O POSTAS DE SALUD,LORETO,MAYNAS,TORRES CAUSANA,160110,I-1,,ACTIVADO
GOBIERNO REGIONAL,PRIMAVERA,PUESTOS DE SALUD O POSTAS DE SALUD,JUNIN,CHANCHAMAYO,PICHANAQUI,120303,I-2,,ACTIVADO
GOBIERNO REGIONAL,HUAYARQUI,PUESTOS DE SALUD O POSTAS DE SALUD,HUANCAVELICA,TAYACAJA,HUARIBAMBA,90709,I-1,,ACTIVADO
GOBIERNO REGIONAL,VALLE HERMOSO,PUESTOS DE SALUD O POSTAS DE SALUD,JUNIN,CHANCHAMAYO,PICHANAQUI,120303,I-2,,ACTIVADO
GOBIERNO REGIONAL,TUPAC AMARU,PUESTOS DE SALUD O POSTAS DE SALUD,PASCO,OXAPAMPA,PUERTO BERMUDEZ,190306,I-1,,ACTIVADO
GOBIERNO REGIONAL,SARITA COLONIA,PUESTOS DE SALUD O POSTAS DE SALUD,UCAYALI,CORONEL PORTILLO,CAMPOVERDE,250102,I-1,,ACTIVADO
GOBIERNO REGIONAL,ORELLANA,PUESTOS DE SALUD O POSTAS DE SALUD,PASCO,OXAPAMPA,CONSTITUCION,190308,I-2,,ACTIVADO
GOBIERNO REGIONAL,CIUDAD SATELITE,CENTROS DE SALUD O CENTROS MEDICOS,JUNIN,CHANCHAMAYO,PERENE,120302,I-3,,ACTIVADO
GOBIERNO REGIONAL,INGAHUASI,PUESTOS DE SALUD O POSTAS DE SALUD,HUANCAVELICA,HUAYTARA,PILPICHACA,90607,I-2,,ACTIVADO
GOBIERNO REGIONAL,CONCHAN,PUESTOS DE SALUD O POSTAS DE SALUD,HUANCAVELICA,HUANCAVELICA,ACORIA,90103,I-1,,ACTIVADO
GOBIERNO REGIONAL,HOSPITAL DE APOYO PICHANAKI,HOSPITALES O CLINICAS DE ATENCION GENERAL,JUNIN,CHANCHAMAYO,PICHANAQUI,120303,II-1,43.0,ACTIVADO
GOBIERNO REGIONAL,BUENA VISTA DEL NAPO,PUESTOS DE SALUD O POSTAS DE SALUD,LORETO,MAYNAS,NAPO,160107,I-1,,ACTIVADO
GOBIERNO REGIONAL,CHAYNAPAMPA,PUESTOS DE SALUD O POSTAS DE SALUD,HUANCAVELICA,HUANCAVELICA,ACORIA,90103,I-1,,ACTIVADO
GOBIERNO REGIONAL,LAS TRANCAS,PUESTOS DE SALUD O POSTAS DE SALUD,ICA,NAZCA,VISTA ALEGRE,110305,I-1,,ACTIVADO
GOBIERNO REGIONAL,PAMPAHUASI,PUESTOS DE SALUD O POSTAS DE SALUD,HUANCAVELICA,ANGARAES,LIRCAY,90301,I-1,,ACTIVADO
GOBIERNO REGIONAL,SAN ISIDRO DE ACOBAMBA,CENTROS DE SALUD O CENTROS MEDICOS,HUANCAVELICA,TAYACAJA,SAN MARCOS DE ROCCHAC,90716,I-3,,ACTIVADO
GOBIERNO REGIONAL,ATALLA,PUESTOS DE SALUD O POSTAS DE SALUD,HUANCAVELICA,HUANCAVELICA,YAULI,90117,I-2,,ACTIVADO
GOBIERNO REGIONAL,P.S  LAS MERCEDES KM. 42,PUESTOS DE SALUD O POSTAS DE SALUD,UCAYALI,CORONEL PORTILLO,CAMPOVERDE,250102,I-2,,ACTIVADO
GOBIERNO REGIONAL,HOSPITAL DE PAMPAS,HOSPITALES O CLINICAS DE ATENCION GENERAL,HUANCAVELICA,TAYACAJA,PAMPAS,90701,II-1,38.0,ACTIVADO
GOBIERNO REGIONAL,ZUNGAROYALI,PUESTOS DE SALUD O POSTAS DE SALUD,PASCO,OXAPAMPA,PUERTO BERMUDEZ,190306,I-1,,ACTIVADO
GOBIERNO REGIONAL,ANTARPA,PUESTOS DE SALUD O POSTAS DE SALUD,JUNIN,HUANCAYO,PARIAHUANCA,120124,I-1,,ACTIVADO
GOBIERNO REGIONAL,ACHAPATA,PUESTOS DE SALUD O POSTAS DE SALUD,HUANCAVELICA,HUANCAVELICA,ACORIA,90103,I-1,,ACTIVADO
GOBIERNO REGIONAL,YERBAS BUENAS,PUESTOS DE SALUD O POSTAS DE SALUD,UCAYALI,CORONEL PORTILLO,CAMPOVERDE,250102,I-1,,ACTIVADO
GOBIERNO REGIONAL,ACORIA,CENTROS DE SALUD O CENTROS MEDICOS,HUANCAVELICA,HUANCAVELICA,ACORIA,90103,I-3,,ACTIVADO
GOBIERNO REGIONAL,SAN MARCOS DE ROCCHACC,PUESTOS DE SALUD O POSTAS DE SALUD,HUANCAVELICA,TAYACAJA,SAN MARCOS DE ROCCHAC,90716,I-1,,ACTIVADO
GOBIERNO REGIONAL,UCHCUS - INCAÑAN,PUESTOS DE SALUD O POSTAS DE SALUD,HUANCAVELICA,HUANCAVELICA,YAULI,90117,I-2,,ACTIVADO
GOBIERNO REGIONAL,NUEVA REQUENA,CENTROS DE SALUD O CENTROS MEDICOS,UCAYALI,CORONEL PORTILLO,NUEVA REQUENA,250106,I-3,,ACTIVADO
GOBIERNO REGIONAL,MONTECOLPA,PUESTOS DE SALUD O POSTAS DE SALUD,HUANCAVELICA,TAYACAJA,SAN MARCOS DE ROCCHAC,90716,I-1,,ACTIVADO
GOBIERNO REGIONAL,CHACARILLA,PUESTOS DE SALUD O POSTAS DE SALUD,HUANCAVELICA,HUANCAVELICA,YAULI,90117,I-1,,ACTIVADO
GOBIERNO REGIONAL,NUEVA JERUSALEN,PUESTOS DE SALUD O POSTAS DE SALUD,HUANUCO,PUERTO INCA,PUERTO INCA,100901,I-1,,ACTIVADO
GOBIERNO REGIONAL,CCARHUACC LICAPA,PUESTOS DE SALUD O POSTAS DE SALUD,AYACUCHO,CANGALLO,PARAS,50205,I-1,,ACTIVADO
GOBIERNO REGIONAL,ANEXO 28 DE JULIO,PUESTOS DE SALUD O POSTAS DE SALUD,JUNIN,CHANCHAMAYO,PICHANAQUI,120303,I-2,,ACTIVADO
GOBIERNO REGIONAL,REDENCION NEVATI,PUESTOS DE SALUD O POSTAS DE SALUD,PASCO,OXAPAMPA,PUERTO BERMUDEZ,190306,I-1,,ACTIVADO
GOBIERNO REGIONAL,UNION CUVIRIAKI,PUESTOS DE SALUD O POSTAS DE SALUD,JUNIN,SATIPO,RIO NEGRO,120607,I-2,,ACTIVADO
GOBIERNO REGIONAL,PUESTO DE SALUD LOMAS,PUESTOS DE SALUD O POSTAS DE SALUD,AREQUIPA,CARAVELI,LOMAS,40311,I-2,,ACTIVADO
GOBIERNO REGIONAL,JUANCITO DE SARAYACU,CENTROS DE SALUD O CENTROS MEDICOS,LORETO,UCAYALI,SARAYACU,160605,I-3,,ACTIVADO
GOBIERNO REGIONAL,SOCORRO,PUESTOS DE SALUD O POSTAS DE SALUD,HUANCAVELICA,TAYACAJA,PAMPAS,90701,I-2,,ACTIVADO
GOBIERNO REGIONAL,BOLIVAR DE SARAYACU,PUESTOS DE SALUD O POSTAS DE SALUD,LORETO,UCAYALI,SARAYACU,160605,I-1,,ACTIVADO
GOBIERNO REGIONAL,YAULI,CENTROS DE SALUD CON CAMAS DE INTERNAMIENTO,HUANCAVELICA,HUANCAVELICA,YAULI,90117,I-4,,ACTIVADO
GOBIERNO REGIONAL,LA VIÑA DINAMARCA,PUESTOS DE SALUD O POSTAS DE SALUD,PASCO,OXAPAMPA,CONSTITUCION,190308,I-1,,ACTIVADO
GOBIERNO REGIONAL,ANTAYMISA,PUESTOS DE SALUD O POSTAS DE SALUD,HUANCAVELICA,HUANCAVELICA,ACORIA,90103,I-1,,ACTIVADO
GOBIERNO REGIONAL,MIRAFLORES,PUESTOS DE SALUD O POSTAS DE SALUD,UCAYALI,CORONEL PORTILLO,NUEVA REQUENA,250106,I-1,,ACTIVADO
GOBIERNO REGIONAL,DANIEL HERNANDEZ,CENTROS DE SALUD O CENTROS MEDICOS,HUANCAVELICA,TAYACAJA,DANIEL HERNANDEZ,90706,I-3,,ACTIVADO
GOBIERNO REGIONAL,PAMPA CAMONA,PUESTOS DE SALUD O POSTAS DE SALUD,JUNIN,CHANCHAMAYO,PICHANAQUI,120303,I-2,,ACTIVADO
GOBIERNO REGIONAL,LARAMATE LUCANAS,CENTROS DE SALUD O CENTROS MEDICOS,AYACUCHO,LUCANAS,LARAMATE,50608,I-3,,ACTIVADO
GOBIERNO REGIONAL,YANAUTUTO,PUESTOS DE SALUD O POSTAS DE SALUD,HUANCAVELICA,ANGARAES,LIRCAY,90301,I-1,,ACTIVADO
GOBIERNO REGIONAL,SANTA CRUZ DE INYACC,PUESTOS DE SALUD O POSTAS DE SALUD,HUANCAVELICA,TAYACAJA,HUARIBAMBA,90709,I-1,,ACTIVADO
GOBIERNO REGIONAL,TIRUNTAN,CENTROS DE SALUD O CENTROS MEDICOS,LORETO,UCAYALI,PADRE MARQUEZ,160603,I-3,,ACTIVADO
GOBIERNO REGIONAL,PUERTO ENRIQUE,PUESTOS DE SALUD O POSTAS DE SALUD,LORETO,UCAYALI,SARAYACU,160605,I-1,,ACTIVADO
GOBIERNO REGIONAL,SAN PABLO,PUESTOS DE SALUD O POSTAS DE SALUD,PASCO,OXAPAMPA,PUERTO BERMUDEZ,190306,I-1,,ACTIVADO
GOBIERNO REGIONAL,CASAY OCOBAMBA,PUESTOS DE SALUD O POSTAS DE SALUD,HUANCAVELICA,TAYACAJA,PAMPAS,90701,I-1,,ACTIVADO
GOBIERNO REGIONAL,LOS PINOS,PUESTOS DE SALUD O POSTAS DE SALUD,UCAYALI,CORONEL PORTILLO,CAMPOVERDE,250102,I-1,,ACTIVADO
GOBIERNO REGIONAL,SANTA ROSA DE PACHACCLLA,PUESTOS DE SALUD O POSTAS DE SALUD,HUANCAVELICA,HUANCAVELICA,YAULI,90117,I-2,,ACTIVADO
GOBIERNO REGIONAL,PALTAMACHAY,PUESTOS DE SALUD O POSTAS DE SALUD,HUANCAVELICA,HUANCAVELICA,YAULI,90117,I-1,,ACTIVADO
GOBIERNO REGIONAL,TACSANA,PUESTOS DE SALUD O POSTAS DE SALUD,HUANCAVELICA,HUANCAVELICA,YAULI,90117,I-1,,ACTIVADO
GOBIERNO REGIONAL,LLAHUECC,PUESTOS DE SALUD O POSTAS DE SALUD,HUANCAVELICA,HUANCAVELICA,ACORIA,90103,I-1,,ACTIVADO
GOBIERNO REGIONAL,NARANJAL,PUESTOS DE SALUD O POSTAS DE SALUD,UCAYALI,CORONEL PORTILLO,NUEVA REQUENA,250106,I-1,,ACTIVADO
GOBIERNO REGIONAL,SILVA,PUESTOS DE SALUD O POSTAS DE SALUD,HUANCAVELICA,HUANCAVELICA,ACORIA,90103,I-1,,ACTIVADO
GOBIERNO REGIONAL,NUEVO NEVATI,PUESTOS DE SALUD O POSTAS DE SALUD,PASCO,OXAPAMPA,PUERTO BERMUDEZ,190306,I-1,,ACTIVADO
GOBIERNO REGIONAL,MOTOY,PUESTOS DE SALUD O POSTAS DE SALUD,HUANCAVELICA,HUANCAVELICA,ACORIA,90103,I-2,,ACTIVADO
GOBIERNO REGIONAL,CHUPACA,PUESTOS DE SALUD O POSTAS DE SALUD,HUANCAVELICA,HUANCAVELICA,ACORIA,90103,I-2,,ACTIVADO
GOBIERNO REGIONAL,PATACHANA,PUESTOS DE SALUD O POSTAS DE SALUD,AYACUCHO,LUCANAS,LARAMATE,50608,I-1,,ACTIVADO
GOBIERNO REGIONAL,HUACHIRIKI,CENTROS DE SALUD O CENTROS MEDICOS,JUNIN,CHANCHAMAYO,PICHANAQUI,120303,I-3,,ACTIVADO
GOBIERNO REGIONAL,PUNCO,PUESTOS DE SALUD O POSTAS DE SALUD,JUNIN,CONCEPCION,ANDAMARCA,120203,I-1,,ACTIVADO
GOBIERNO REGIONAL,AMBATO,PUESTOS DE SALUD O POSTAS DE SALUD,HUANCAVELICA,HUANCAVELICA,YAULI,90117,I-2,,ACTIVADO
GOBIERNO REGIONAL,CASTILLAPATA,PUESTOS DE SALUD O POSTAS DE SALUD,HUANCAVELICA,HUANCAVELICA,YAULI,90117,I-2,,ACTIVADO
GOBIERNO REGIONAL,CEDROPAMPA,PUESTOS DE SALUD O POSTAS DE SALUD,HUANCAVELICA,TAYACAJA,SALCABAMBA,90714,I-2,,ACTIVADO
GOBIERNO REGIONAL,APALLA CALABAZA,PUESTOS DE SALUD O POSTAS DE SALUD,JUNIN,SATIPO,PAMPA HERMOSA,120605,I-2,,ACTIVADO
GOBIERNO REGIONAL,OCAÑA,CENTROS DE SALUD O CENTROS MEDICOS,AYACUCHO,LUCANAS,OCAÑA,50612,I-3,,ACTIVADO
GOBIERNO REGIONAL,ESPERANZA  DE AGUAYTIA,PUESTOS DE SALUD O POSTAS DE SALUD,UCAYALI,CORONEL PORTILLO,NUEVA REQUENA,250106,I-1,,ACTIVADO
GOBIERNO REGIONAL,SAN JUAN DE DIOS,PUESTOS DE SALUD O POSTAS DE SALUD,PASCO,OXAPAMPA,PUERTO BERMUDEZ,190306,I-1,,ACTIVADO
GOBIERNO REGIONAL,BOCA SAMAYA,PUESTOS DE SALUD O POSTAS DE SALUD,PASCO,OXAPAMPA,PUERTO BERMUDEZ,190306,I-1,,ACTIVADO
GOBIERNO REGIONAL,JOSE CARLOS MARIATEGUI,PUESTOS DE SALUD O POSTAS DE SALUD,HUANCAVELICA,HUANCAVELICA,ACORIA,90103,I-1,,ACTIVADO
GOBIERNO REGIONAL,CCARHUARANRA,PUESTOS DE SALUD O POSTAS DE SALUD,HUANCAVELICA,HUANCAVELICA,ACORIA,90103,I-1,,ACTIVADO
GOBIERNO REGIONAL,CCOSNIPUQUIO,PUESTOS DE SALUD O POSTAS DE SALUD,HUANCAVELICA,HUANCAVELICA,ACORIA,90103,I-1,,ACTIVADO
GOBIERNO REGIONAL,PICHCCAHUASI,PUESTOS DE SALUD O POSTAS DE SALUD,HUANCAVELICA,HUAYTARA,PILPICHACA,90607,I-1,,ACTIVADO
GOBIERNO REGIONAL,SAN JUAN CENTRO AUTIKI,PUESTOS DE SALUD O POSTAS DE SALUD,JUNIN,CHANCHAMAYO,PICHANAQUI,120303,I-2,,ACTIVADO
GOBIERNO REGIONAL,ALFONSO UGARTE,PUESTOS DE SALUD O POSTAS DE SALUD,LORETO,UCAYALI,PADRE MARQUEZ,160603,I-1,,ACTIVADO
GOBIERNO REGIONAL,CANAAN DEL NORTE,PUESTOS DE SALUD O POSTAS DE SALUD,JUNIN,SATIPO,SATIPO,120601,I-1,,ACTIVADO
GOBIERNO REGIONAL,AYACCOCHA,PUESTOS DE SALUD O POSTAS DE SALUD,HUANCAVELICA,TAYACAJA,SALCABAMBA,90714,I-2,,ACTIVADO
GOBIERNO REGIONAL,SAN JUAN DE PALTARUMI,PUESTOS DE SALUD O POSTAS DE SALUD,HUANCAVELICA,TAYACAJA,DANIEL HERNANDEZ,90706,I-1,,ACTIVADO
GOBIERNO REGIONAL,HUAHUARI,PUESTOS DE SALUD O POSTAS DE SALUD,JUNIN,SATIPO,SATIPO,120601,I-2,,ACTIVADO
GOBIERNO REGIONAL,CONCEPCION LARAMATE,PUESTOS DE SALUD O POSTAS DE SALUD,AYACUCHO,LUCANAS,OTOCA,50613,I-1,,ACTIVADO
GOBIERNO REGIONAL,PIMENTAL,PUESTOS DE SALUD O POSTAS DE SALUD,UCAYALI,CORONEL PORTILLO,CAMPOVERDE,250102,I-2,,ACTIVADO
GOBIERNO REGIONAL,NUEVO OCCORO,PUESTOS DE SALUD O POSTAS DE SALUD,JUNIN,HUANCAYO,PARIAHUANCA,120124,I-1,,ACTIVADO
GOBIERNO REGIONAL,CAMPO VERDE,CENTROS DE SALUD O CENTROS MEDICOS,UCAYALI,CORONEL PORTILLO,CAMPOVERDE,250102,I-3,,ACTIVADO
ESSALUD,POSTA MEDICA CAMPO VERDE,PUESTOS DE SALUD O POSTAS DE SALUD,UCAYALI,CORONEL PORTILLO,CAMPOVERDE,250102,I-2,,ACTIVADO
GOBIERNO REGIONAL,PUCAPAMPA,PUESTOS DE SALUD O POSTAS DE SALUD,HUANCAVELICA,HUANCAVELICA,YAULI,90117,I-1,,ACTIVADO
GOBIERNO REGIONAL,NUEVA ESPERANZA,PUESTOS DE SALUD O POSTAS DE SALUD,UCAYALI,CORONEL PORTILLO,CAMPOVERDE,250102,I-1,,ACTIVADO
GOBIERNO REGIONAL,PATAY,PUESTOS DE SALUD O POSTAS DE SALUD,HUANCAVELICA,TAYACAJA,SALCABAMBA,90714,I-1,,ACTIVADO
GOBIERNO REGIONAL,ANDAMARCA,PUESTOS DE SALUD O POSTAS DE SALUD,JUNIN,CONCEPCION,ANDAMARCA,120203,I-2,,ACTIVADO
GOBIERNO REGIONAL,AGUA BLANCA,PUESTOS DE SALUD O POSTAS DE SALUD,UCAYALI,CORONEL PORTILLO,CAMPOVERDE,250102,I-1,,ACTIVADO
GOBIERNO REGIONAL,SEÑOR DE LOS MILAGROS,PUESTOS DE SALUD O POSTAS DE SALUD,HUANUCO,PUERTO INCA,HONORIA,100903,I-1,,ACTIVADO
GOBIERNO REGIONAL,PUCACOCHA,PUESTOS DE SALUD O POSTAS DE SALUD,JUNIN,CONCEPCION,ANDAMARCA,120203,I-2,,ACTIVADO
GOBIERNO REGIONAL,UNION PORVENIR,PUESTOS DE SALUD O POSTAS DE SALUD,HUANUCO,PUERTO INCA,HONORIA,100903,I-1,,ACTIVADO
GOBIERNO REGIONAL,VILLAPAMPA,PUESTOS DE SALUD O POSTAS DE SALUD,HUANCAVELICA,HUANCAVELICA,YAULI,90117,I-1,,ACTIVADO
GOBIERNO REGIONAL,SEMUYA,PUESTOS DE SALUD O POSTAS DE SALUD,HUANUCO,PUERTO INCA,HONORIA,100903,I-1,,ACTIVADO
GOBIERNO REGIONAL,UNION SHIMASHIRO,PUESTOS DE SALUD O POSTAS DE SALUD,JUNIN,CHANCHAMAYO,PICHANAQUI,120303,I-2,,ACTIVADO
GOBIERNO REGIONAL,TOCCLLACURI,PUESTOS DE SALUD O POSTAS DE SALUD,HUANCAVELICA,TAYACAJA,COLCABAMBA,90705,I-1,,ACTIVADO
GOBIERNO REGIONAL,STO DOMINGO DE ACOBAMBA,CENTROS DE SALUD O CENTROS MEDICOS,JUNIN,HUANCAYO,SANTO DOMINGO DE ACOBAMBA,120135,I-3,,ACTIVADO
GOBIERNO REGIONAL,HUANCAMACHAY,PUESTOS DE SALUD O POSTAS DE SALUD,JUNIN,SATIPO,PAMPA HERMOSA,120605,I-1,,ACTIVADO
GOBIERNO REGIONAL,CCARHUAPATA,PUESTOS DE SALUD O POSTAS DE SALUD,HUANCAVELICA,ANGARAES,LIRCAY,90301,I-2,,ACTIVADO
GOBIERNO REGIONAL,SANTA ISABEL DE NEGUACHI,PUESTOS DE SALUD O POSTAS DE SALUD,PASCO,OXAPAMPA,PUERTO BERMUDEZ,190306,I-1,,ACTIVADO
GOBIERNO REGIONAL,CONDORHUACHANA,PUESTOS DE SALUD O POSTAS DE SALUD,HUANCAVELICA,HUANCAVELICA,YAULI,90117,I-1,,ACTIVADO
GOBIERNO REGIONAL,SAN LUIS DE CHINCHIHUANI,PUESTOS DE SALUD O POSTAS DE SALUD,PASCO,OXAPAMPA,CONSTITUCION,190308,I-1,,ACTIVADO
GOBIERNO REGIONAL,MARISCAL CASTILLA DE PADRE MARQUEZ,PUESTOS DE SALUD O POSTAS DE SALUD,LORETO,UCAYALI,PADRE MARQUEZ,160603,I-1,,ACTIVADO
GOBIERNO REGIONAL,PUESTO DE SALUD  ALTO MANANTAY,PUESTOS DE SALUD O POSTAS DE SALUD,UCAYALI,CORONEL PORTILLO,CAMPOVERDE,250102,I-1,,ACTIVADO
GOBIERNO REGIONAL,PAURAN ATICOCHA,PUESTOS DE SALUD O POSTAS DE SALUD,JUNIN,HUANCAYO,SANTO DOMINGO DE ACOBAMBA,120135,I-1,,ACTIVADO
GOBIERNO REGIONAL,INTUTO,CENTROS DE SALUD O CENTROS MEDICOS,LORETO,LORETO,TIGRE,160303,I-3,,ACTIVADO
GOBIERNO REGIONAL,RUNDOVILCA,PUESTOS DE SALUD O POSTAS DE SALUD,HUANCAVELICA,TAYACAJA,COLCABAMBA,90705,I-1,,ACTIVADO
GOBIERNO REGIONAL,SALCABAMBA,CENTROS DE SALUD O CENTROS MEDICOS,HUANCAVELICA,TAYACAJA,SALCABAMBA,90714,I-3,,ACTIVADO
GOBIERNO REGIONAL,PROGRESO,PUESTOS DE SALUD O POSTAS DE SALUD,HUANUCO,PUERTO INCA,TOURNAVISTA,100904,I-1,,ACTIVADO
GOBIERNO REGIONAL,QUISHUAR,PUESTOS DE SALUD O POSTAS DE SALUD,HUANCAVELICA,TAYACAJA,QUISHUAR,90713,I-2,,ACTIVADO
GOBIERNO REGIONAL,SAN MARTIN DE MOJARAL,PUESTOS DE SALUD O POSTAS DE SALUD,UCAYALI,CORONEL PORTILLO,CAMPOVERDE,250102,I-1,,ACTIVADO
GOBIERNO REGIONAL,ARICA VIEJO,PUESTOS DE SALUD O POSTAS DE SALUD,LORETO,REQUENA,MAQUIA,160505,I-1,,ACTIVADO
GOBIERNO REGIONAL,VELASCO PUCAPAMPA,PUESTOS DE SALUD O POSTAS DE SALUD,HUANCAVELICA,ANGARAES,CCOCHACCASA,90304,I-1,,ACTIVADO
GOBIERNO REGIONAL,PUCACCASA CHOPCCA,PUESTOS DE SALUD O POSTAS DE SALUD,HUANCAVELICA,HUANCAVELICA,YAULI,90117,I-1,,ACTIVADO
GOBIERNO REGIONAL,PUMABAMBA,PUESTOS DE SALUD O POSTAS DE SALUD,JUNIN,HUANCAYO,SANTO DOMINGO DE ACOBAMBA,120135,I-1,,ACTIVADO
GOBIERNO REGIONAL,UNION AMBO,PUESTOS DE SALUD O POSTAS DE SALUD,HUANCAVELICA,HUANCAVELICA,ACORIA,90103,I-1,,ACTIVADO
GOBIERNO REGIONAL,SHAMBO PORVENIR,PUESTOS DE SALUD O POSTAS DE SALUD,UCAYALI,CORONEL PORTILLO,NUEVA REQUENA,250106,I-1,,ACTIVADO
GOBIERNO REGIONAL,PANTY,PUESTOS DE SALUD O POSTAS DE SALUD,JUNIN,HUANCAYO,PARIAHUANCA,120124,I-1,,ACTIVADO
GOBIERNO REGIONAL,SAN JOSE DE  TOMATE,PUESTOS DE SALUD O POSTAS DE SALUD,AYACUCHO,LUCANAS,OCAÑA,50612,I-1,,ACTIVADO
GOBIERNO REGIONAL,SEÑOR DE LOS MILAGROS KM 24,PUESTOS DE SALUD O POSTAS DE SALUD,UCAYALI,CORONEL PORTILLO,CAMPOVERDE,250102,I-1,,ACTIVADO
GOBIERNO REGIONAL,CIENEGUILLA,PUESTOS DE SALUD O POSTAS DE SALUD,HUANCAVELICA,ANGARAES,LIRCAY,90301,I-1,,ACTIVADO
GOBIERNO REGIONAL,CONCORDIA,PUESTOS DE SALUD O POSTAS DE SALUD,LORETO,LORETO,URARINAS,160305,I-1,,ACTIVADO
GOBIERNO REGIONAL,LA LOMA,PUESTOS DE SALUD O POSTAS DE SALUD,HUANCAVELICA,TAYACAJA,SALCAHUASI,90715,I-1,,ACTIVADO
GOBIERNO REGIONAL,CCASAPATA,CENTROS DE SALUD O CENTROS MEDICOS,HUANCAVELICA,HUANCAVELICA,YAULI,90117,I-3,,ACTIVADO
GOBIERNO REGIONAL,HUANTININI,PUESTOS DE SALUD O POSTAS DE SALUD,JUNIN,CHANCHAMAYO,PICHANAQUI,120303,I-2,,ACTIVADO
GOBIERNO REGIONAL,SAN JUAN DE CCARHUACC,CENTROS DE SALUD O CENTROS MEDICOS,HUANCAVELICA,HUANCAVELICA,YAULI,90117,I-3,,ACTIVADO
GOBIERNO REGIONAL,EL PORVENIR KM 25,PUESTOS DE SALUD O POSTAS DE SALUD,UCAYALI,CORONEL PORTILLO,CAMPOVERDE,250102,I-1,,ACTIVADO
GOBIERNO REGIONAL,RIO VENADO,PUESTOS DE SALUD O POSTAS DE SALUD,JUNIN,SATIPO,SATIPO,120601,I-2,,ACTIVADO
GOBIERNO REGIONAL,LLILLINTA,PUESTOS DE SALUD O POSTAS DE SALUD,HUANCAVELICA,HUAYTARA,PILPICHACA,90607,I-2,,ACTIVADO
GOBIERNO REGIONAL,SHABASHIPANGO,PUESTOS DE SALUD O POSTAS DE SALUD,JUNIN,SATIPO,RIO NEGRO,120607,I-1,,ACTIVADO
GOBIERNO REGIONAL,PAMPA MANDARINA,PUESTOS DE SALUD O POSTAS DE SALUD,JUNIN,SATIPO,PAMPA HERMOSA,120605,I-1,,ACTIVADO
GOBIERNO REGIONAL,CCOLLPACCASA,PUESTOS DE SALUD O POSTAS DE SALUD,HUANCAVELICA,HUANCAVELICA,YAULI,90117,I-1,,ACTIVADO
GOBIERNO REGIONAL,SAN JOSE KM 26,PUESTOS DE SALUD O POSTAS DE SALUD,UCAYALI,CORONEL PORTILLO,CAMPOVERDE,250102,I-1,,ACTIVADO
GOBIERNO REGIONAL,LAS PALMAS,CENTROS DE SALUD O CENTROS MEDICOS,JUNIN,CHANCHAMAYO,PICHANAQUI,120303,I-3,,ACTIVADO
GOBIERNO REGIONAL,MARIPOSA,PUESTOS DE SALUD O POSTAS DE SALUD,JUNIN,SATIPO,PAMPA HERMOSA,120605,I-2,,ACTIVADO
GOBIERNO REGIONAL,SALCAHUASI,PUESTOS DE SALUD O POSTAS DE SALUD,HUANCAVELICA,TAYACAJA,SALCAHUASI,90715,I-2,,ACTIVADO
GOBIERNO REGIONAL,CARPAPATA,PUESTOS DE SALUD O POSTAS DE SALUD,HUANCAVELICA,TAYACAJA,COLCABAMBA,90705,I-2,,ACTIVADO
GOBIERNO REGIONAL,SAN ANTONIO DE SALCABAMBA,PUESTOS DE SALUD O POSTAS DE SALUD,HUANCAVELICA,TAYACAJA,SALCAHUASI,90715,I-1,,ACTIVADO
GOBIERNO REGIONAL,IGLESIA HUASI,PUESTOS DE SALUD O POSTAS DE SALUD,AYACUCHO,CANGALLO,PARAS,50205,I-1,,ACTIVADO
GOBIERNO REGIONAL,ALIANZA ANDINO,PUESTOS DE SALUD O POSTAS DE SALUD,HUANCAVELICA,HUANCAVELICA,ACORIA,90103,I-1,,ACTIVADO
GOBIERNO REGIONAL,PUENTE IPOKI,PUESTOS DE SALUD O POSTAS DE SALUD,JUNIN,SATIPO,RIO NEGRO,120607,I-2,,ACTIVADO
GOBIERNO REGIONAL,CHUYAPATA,PUESTOS DE SALUD O POSTAS DE SALUD,HUANCAVELICA,TAYACAJA,SALCAHUASI,90715,I-1,,ACTIVADO
GOBIERNO REGIONAL,PANTACHI SUR,PUESTOS DE SALUD O POSTAS DE SALUD,HUANCAVELICA,HUANCAVELICA,YAULI,90117,I-2,,ACTIVADO
GOBIERNO REGIONAL,PIRCAPAHUANA,PUESTOS DE SALUD O POSTAS DE SALUD,HUANCAVELICA,ANGARAES,LIRCAY,90301,I-1,,ACTIVADO
GOBIERNO REGIONAL,SANTA ROSA DE CHOPCCA,PUESTOS DE SALUD O POSTAS DE SALUD,HUANCAVELICA,HUANCAVELICA,YAULI,90117,I-2,,ACTIVADO
GOBIERNO REGIONAL,SAN ISIDRO DE AMPURHUAY,PUESTOS DE SALUD O POSTAS DE SALUD,HUANCAVELICA,HUANCAVELICA,ACORIA,90103,I-1,,ACTIVADO
GOBIERNO REGIONAL,CHUCLLACCASA,PUESTOS DE SALUD O POSTAS DE SALUD,HUANCAVELICA,HUANCAVELICA,YAULI,90117,I-1,,ACTIVADO
GOBIERNO REGIONAL,PERCAPAMPA,PUESTOS DE SALUD O POSTAS DE SALUD,HUANCAVELICA,ANGARAES,LIRCAY,90301,I-1,,ACTIVADO
GOBIERNO REGIONAL,LOS ANDES DE SOTOPAMPA,PUESTOS DE SALUD O POSTAS DE SALUD,HUANCAVELICA,HUANCAVELICA,YAULI,90117,I-1,,ACTIVADO
GOBIERNO REGIONAL,SAN JUAN DE DIOS DE CCOLLPAPAMPA,PUESTOS DE SALUD O POSTAS DE SALUD,HUANCAVELICA,ANGARAES,LIRCAY,90301,I-2,,ACTIVADO
GOBIERNO REGIONAL,RANRA,PUESTOS DE SALUD O POSTAS DE SALUD,HUANCAVELICA,TAYACAJA,COLCABAMBA,90705,I-1,,ACTIVADO
GOBIERNO REGIONAL,CRUZ PAMPA,PUESTOS DE SALUD O POSTAS DE SALUD,AYACUCHO,VICTOR FAJARDO,VILCANCHOS,51012,I-1,,ACTIVADO
GOBIERNO REGIONAL,PALLALLA,PUESTOS DE SALUD O POSTAS DE SALUD,HUANCAVELICA,HUANCAVELICA,ACORIA,90103,I-2,,ACTIVADO
GOBIERNO REGIONAL,CHUÑUNAPAMPA,PUESTOS DE SALUD O POSTAS DE SALUD,HUANCAVELICA,ACOBAMBA,PAUCARA,90206,I-1,,ACTIVADO
GOBIERNO REGIONAL,HUSNUPATA,PUESTOS DE SALUD O POSTAS DE SALUD,HUANCAVELICA,HUANCAVELICA,YAULI,90117,I-1,,ACTIVADO
GOBIERNO REGIONAL,CLAS UNION ZAPOTILLO,PUESTOS DE SALUD O POSTAS DE SALUD,UCAYALI,CORONEL PORTILLO,YARINACOCHA,250105,I-1,,ACTIVADO
GOBIERNO REGIONAL,BELEN ANAPIARI,PUESTOS DE SALUD O POSTAS DE SALUD,JUNIN,CHANCHAMAYO,PICHANAQUI,120303,I-2,,ACTIVADO
GOBIERNO REGIONAL,PATOCCOCHA,PUESTOS DE SALUD O POSTAS DE SALUD,HUANCAVELICA,HUANCAVELICA,ACORIA,90103,I-1,,ACTIVADO
GOBIERNO REGIONAL,HUARIRUMI - CHONTACANCHA,PUESTOS DE SALUD O POSTAS DE SALUD,HUANCAVELICA,ANGARAES,ANCHONGA,90302,I-1,,ACTIVADO
GOBIERNO REGIONAL,SANTA ROSITA,PUESTOS DE SALUD O POSTAS DE SALUD,JUNIN,SATIPO,PAMPA HERMOSA,120605,I-2,,ACTIVADO
GOBIERNO REGIONAL,SAN JUAN DE CHENI,"PUESTOS DE SALUD O POSTAS DE SALUD,PUESTOS DE SALUD O POSTAS DE SALUD",JUNIN,SATIPO,RIO NEGRO,120607,I-2,,ACTIVADO
GOBIERNO REGIONAL,CCARHUACCOCCO,PUESTOS DE SALUD O POSTAS DE SALUD,AYACUCHO,CANGALLO,PARAS,50205,I-2,,ACTIVADO
GOBIERNO REGIONAL,TUCO,PUESTOS DE SALUD O POSTAS DE SALUD,HUANCAVELICA,ANGARAES,ANCHONGA,90302,I-2,,ACTIVADO
GOBIERNO REGIONAL,LIMAPAMPA,PUESTOS DE SALUD O POSTAS DE SALUD,HUANCAVELICA,HUANCAVELICA,YAULI,90117,I-1,,ACTIVADO
GOBIERNO REGIONAL,BAJO CAPIRO,PUESTOS DE SALUD O POSTAS DE SALUD,JUNIN,SATIPO,SATIPO,120601,I-2,,ACTIVADO
GOBIERNO REGIONAL,SAN JOSE DE ANAPIARI,PUESTOS DE SALUD O POSTAS DE SALUD,JUNIN,CHANCHAMAYO,PICHANAQUI,120303,I-2,,ACTIVADO
GOBIERNO REGIONAL,LIBERTADORES DE CHOPCCA,PUESTOS DE SALUD O POSTAS DE SALUD,HUANCAVELICA,ACOBAMBA,PAUCARA,90206,I-1,,ACTIVADO
GOBIERNO REGIONAL,ROCCHAC,PUESTOS DE SALUD O POSTAS DE SALUD,JUNIN,HUANCAYO,PARIAHUANCA,120124,I-1,,ACTIVADO
GOBIERNO REGIONAL,LIRCAY,HOSPITALES O CLINICAS DE ATENCION GENERAL,HUANCAVELICA,ANGARAES,LIRCAY,90301,II-1,26.0,ACTIVADO
GOBIERNO REGIONAL,CEDRUYO,PUESTOS DE SALUD O POSTAS DE SALUD,JUNIN,HUANCAYO,PARIAHUANCA,120124,I-1,,ACTIVADO
GOBIERNO REGIONAL,ANTONIO RAYMONDI,PUESTOS DE SALUD O POSTAS DE SALUD,UCAYALI,CORONEL PORTILLO,CAMPOVERDE,250102,I-1,,ACTIVADO
GOBIERNO REGIONAL,AÑANCUSI,CENTROS DE SALUD O CENTROS MEDICOS,HUANCAVELICA,HUANCAVELICA,ACORIA,90103,I-3,,ACTIVADO
GOBIERNO REGIONAL,PARCO ALTO,CENTROS DE SALUD O CENTROS MEDICOS,HUANCAVELICA,ANGARAES,ANCHONGA,90302,I-3,,ACTIVADO
GOBIERNO REGIONAL,PANTACHI NORTE,PUESTOS DE SALUD O POSTAS DE SALUD,HUANCAVELICA,HUANCAVELICA,YAULI,90117,I-1,,ACTIVADO
GOBIERNO REGIONAL,PADRE RUMI,PUESTOS DE SALUD O POSTAS DE SALUD,HUANCAVELICA,ACOBAMBA,PAUCARA,90206,I-1,,ACTIVADO
GOBIERNO REGIONAL,HUAÑUNA,PUESTOS DE SALUD O POSTAS DE SALUD,LORETO,UCAYALI,SARAYACU,160605,I-1,,ACTIVADO
GOBIERNO REGIONAL,SANTA ROSA DE ASTILLERIA,PUESTOS DE SALUD O POSTAS DE SALUD,JUNIN,HUANCAYO,SANTO DOMINGO DE ACOBAMBA,120135,I-1,,ACTIVADO
GOBIERNO REGIONAL,MATICHACRA,PUESTOS DE SALUD O POSTAS DE SALUD,JUNIN,HUANCAYO,SANTO DOMINGO DE ACOBAMBA,120135,I-2,,ACTIVADO
GOBIERNO REGIONAL,SAN ANTONIO (AÑAYLLA),PUESTOS DE SALUD O POSTAS DE SALUD,HUANCAVELICA,HUANCAVELICA,ACORIA,90103,I-1,,ACTIVADO
GOBIERNO REGIONAL,NUEVA HONORIA,PUESTOS DE SALUD O POSTAS DE SALUD,HUANUCO,PUERTO INCA,HONORIA,100903,I-2,,ACTIVADO
GOBIERNO REGIONAL,YUNCACHAQUICOCHA,PUESTOS DE SALUD O POSTAS DE SALUD,JUNIN,HUANCAYO,SANTO DOMINGO DE ACOBAMBA,120135,I-2,,ACTIVADO
GOBIERNO REGIONAL,CAMPO SERIO,PUESTOS DE SALUD O POSTAS DE SALUD,LORETO,MAYNAS,TORRES CAUSANA,160110,I-1,,ACTIVADO
GOBIERNO REGIONAL,LA VICTORIA,PUESTOS DE SALUD O POSTAS DE SALUD,UCAYALI,CORONEL PORTILLO,CAMPOVERDE,250102,I-1,,ACTIVADO
GOBIERNO REGIONAL,TOURNAVISTA,CENTROS DE SALUD O CENTROS MEDICOS,HUANUCO,PUERTO INCA,TOURNAVISTA,100904,I-3,,ACTIVADO
GOBIERNO REGIONAL,UNION CAPIRI,PUESTOS DE SALUD O POSTAS DE SALUD,JUNIN,SATIPO,RIO NEGRO,120607,I-2,,ACTIVADO
GOBIERNO REGIONAL,ALTO MARAYNIYOCC,PUESTOS DE SALUD O POSTAS DE SALUD,HUANCAVELICA,ANGARAES,ANCHONGA,90302,I-1,,ACTIVADO
GOBIERNO REGIONAL,SANTA ROSA DE MALLMA,PUESTOS DE SALUD O POSTAS DE SALUD,HUANCAVELICA,TAYACAJA,QUICHUAS,90719,I-1,,ACTIVADO
GOBIERNO REGIONAL,PARATUSHALI,PUESTOS DE SALUD O POSTAS DE SALUD,JUNIN,SATIPO,SATIPO,120601,I-2,,ACTIVADO
GOBIERNO REGIONAL,SAN PEDRO DE ÑAHUINCUCHO,PUESTOS DE SALUD O POSTAS DE SALUD,HUANCAVELICA,ACOBAMBA,ANTA,90203,I-1,,ACTIVADO
GOBIERNO REGIONAL,HUAYLLAY GRANDE,PUESTOS DE SALUD O POSTAS DE SALUD,HUANCAVELICA,ANGARAES,HUALLAY-GRANDE,90308,I-2,,ACTIVADO
GOBIERNO REGIONAL,UCHUYMARCA,PUESTOS DE SALUD O POSTAS DE SALUD,AYACUCHO,LUCANAS,LEONCIO PRADO,50609,I-1,,ACTIVADO
GOBIERNO REGIONAL,SAN PEDRO,PUESTOS DE SALUD O POSTAS DE SALUD,JUNIN,SATIPO,COVIRIALI,120602,I-2,,ACTIVADO
GOBIERNO REGIONAL,PAMPAPUQUIO,PUESTOS DE SALUD O POSTAS DE SALUD,HUANCAVELICA,ACOBAMBA,PAUCARA,90206,I-1,,ACTIVADO
GOBIERNO REGIONAL,JATUSPATA,PUESTOS DE SALUD O POSTAS DE SALUD,HUANCAVELICA,TAYACAJA,SURCUBAMBA,90717,I-1,,ACTIVADO
GOBIERNO REGIONAL,TAMBRAICO,PUESTOS DE SALUD O POSTAS DE SALUD,HUANCAVELICA,ACOBAMBA,ANTA,90203,I-1,,ACTIVADO
GOBIERNO REGIONAL,SANCAYPAMPA,PUESTOS DE SALUD O POSTAS DE SALUD,HUANCAVELICA,ACOBAMBA,ANTA,90203,I-2,,ACTIVADO
GOBIERNO REGIONAL,SAN JUAN DE AHUAY,PUESTOS DE SALUD O POSTAS DE SALUD,HUANCAVELICA,ANGARAES,LIRCAY,90301,I-1,,ACTIVADO
GOBIERNO REGIONAL,ANCHONGA,PUESTOS DE SALUD O POSTAS DE SALUD,HUANCAVELICA,ANGARAES,ANCHONGA,90302,I-1,,ACTIVADO
GOBIERNO REGIONAL,CUSHIVIANI,PUESTOS DE SALUD O POSTAS DE SALUD,JUNIN,SATIPO,RIO NEGRO,120607,I-2,,ACTIVADO
GOBIERNO REGIONAL,MAYUNMARCA,PUESTOS DE SALUD O POSTAS DE SALUD,HUANCAVELICA,ACOBAMBA,ANDABAMBA,90202,I-1,,ACTIVADO
GOBIERNO REGIONAL,ALHUARA,PUESTOS DE SALUD O POSTAS DE SALUD,HUANCAVELICA,HUANCAVELICA,ACORIA,90103,I-1,,ACTIVADO
GOBIERNO REGIONAL,SAN ANDRES,PUESTOS DE SALUD O POSTAS DE SALUD,JUNIN,SATIPO,COVIRIALI,120602,I-1,,ACTIVADO
GOBIERNO REGIONAL,MALDONADILLO,PUESTOS DE SALUD O POSTAS DE SALUD,UCAYALI,ATALAYA,RAIMONDI,250201,I-1,,ACTIVADO
GOBIERNO REGIONAL,OTOCA,CENTROS DE SALUD O CENTROS MEDICOS,AYACUCHO,LUCANAS,OTOCA,50613,I-3,,ACTIVADO
GOBIERNO REGIONAL,SAN PABLO DE OCCO,PUESTOS DE SALUD O POSTAS DE SALUD,HUANCAVELICA,ANGARAES,ANCHONGA,90302,I-2,,ACTIVADO
GOBIERNO REGIONAL,LA PEDRERA,PUESTOS DE SALUD O POSTAS DE SALUD,LORETO,UCAYALI,SARAYACU,160605,I-1,,ACTIVADO
GOBIERNO REGIONAL,PRINCIPE DE PAZ,PUESTOS DE SALUD O POSTAS DE SALUD,HUANUCO,PUERTO INCA,TOURNAVISTA,100904,I-1,,ACTIVADO
GOBIERNO REGIONAL,COLCABAMBA,CENTROS DE SALUD CON CAMAS DE INTERNAMIENTO,HUANCAVELICA,TAYACAJA,COLCABAMBA,90705,I-4,,ACTIVADO
GOBIERNO REGIONAL,VICTORIA,PUESTOS DE SALUD O POSTAS DE SALUD,LORETO,REQUENA,MAQUIA,160505,I-1,,ACTIVADO
GOBIERNO REGIONAL,HUAYANAY,CENTROS DE SALUD O CENTROS MEDICOS,HUANCAVELICA,ACOBAMBA,ANTA,90203,I-3,,ACTIVADO
GOBIERNO REGIONAL,PALMAPAMPA,PUESTOS DE SALUD O POSTAS DE SALUD,JUNIN,SATIPO,COVIRIALI,120602,I-1,,ACTIVADO
GOBIERNO REGIONAL,UNION PROGRESO PATAHUASI,PUESTOS DE SALUD O POSTAS DE SALUD,HUANCAVELICA,ANGARAES,LIRCAY,90301,I-1,,ACTIVADO
GOBIERNO REGIONAL,TIERRA BUENA,PUESTOS DE SALUD O POSTAS DE SALUD,UCAYALI,CORONEL PORTILLO,CAMPOVERDE,250102,I-1,,ACTIVADO
GOBIERNO REGIONAL,BUENOS AIRES DE PARCO CHACAPUNCU,CENTROS DE SALUD O CENTROS MEDICOS,HUANCAVELICA,ANGARAES,ANCHONGA,90302,I-3,,ACTIVADO
GOBIERNO REGIONAL,PATACANCHA,PUESTOS DE SALUD O POSTAS DE SALUD,HUANCAVELICA,ACOBAMBA,ANTA,90203,I-1,,ACTIVADO
GOBIERNO REGIONAL,NUEVO SAN JOSE,PUESTOS DE SALUD O POSTAS DE SALUD,LORETO,REQUENA,MAQUIA,160505,I-1,,ACTIVADO
GOBIERNO REGIONAL,COLCA,PUESTOS DE SALUD O POSTAS DE SALUD,HUANCAVELICA,TAYACAJA,QUICHUAS,90719,I-1,,ACTIVADO
GOBIERNO REGIONAL,IMPITATO CASCADA,PUESTOS DE SALUD O POSTAS DE SALUD,JUNIN,CHANCHAMAYO,PICHANAQUI,120303,I-2,,ACTIVADO
GOBIERNO REGIONAL,SOPLIN VARGAS,PUESTOS DE SALUD O POSTAS DE SALUD,LORETO,PUTUMAYO,TENIENTE MANUEL CLAVERO,160803,I-2,,ACTIVADO
GOBIERNO REGIONAL,PUEBLO LIBRE,PUESTOS DE SALUD O POSTAS DE SALUD,HUANCAVELICA,TAYACAJA,SURCUBAMBA,90717,I-1,,ACTIVADO
GOBIERNO REGIONAL,PACCHO MOLINOS,PUESTOS DE SALUD O POSTAS DE SALUD,HUANCAVELICA,ACOBAMBA,PAUCARA,90206,I-1,,ACTIVADO
GOBIERNO REGIONAL,QUINTAO,PUESTOS DE SALUD O POSTAS DE SALUD,HUANCAVELICA,TAYACAJA,ANDAYMARCA,90720,I-1,,ACTIVADO
GOBIERNO REGIONAL,SONCONCHE,PUESTOS DE SALUD O POSTAS DE SALUD,AYACUCHO,LUCANAS,OCAÑA,50612,I-1,,ACTIVADO
GOBIERNO REGIONAL,VILLA CAPIRI,PUESTOS DE SALUD O POSTAS DE SALUD,JUNIN,SATIPO,RIO NEGRO,120607,I-2,,ACTIVADO
GOBIERNO REGIONAL,TAMBO QUEMADO,PUESTOS DE SALUD O POSTAS DE SALUD,AYACUCHO,LUCANAS,LEONCIO PRADO,50609,I-2,,ACTIVADO
GOBIERNO REGIONAL,SANTA TERESITA,PUESTOS DE SALUD O POSTAS DE SALUD,UCAYALI,CORONEL PORTILLO,YARINACOCHA,250105,I-1,,ACTIVADO
GOBIERNO REGIONAL,PAUCARA,CENTROS DE SALUD CON CAMAS DE INTERNAMIENTO,HUANCAVELICA,ACOBAMBA,PAUCARA,90206,I-4,,ACTIVADO
GOBIERNO REGIONAL,SACHACOTO,PUESTOS DE SALUD O POSTAS DE SALUD,HUANCAVELICA,TAYACAJA,SURCUBAMBA,90717,I-2,,ACTIVADO
GOBIERNO REGIONAL,OCCORO,PUESTOS DE SALUD O POSTAS DE SALUD,HUANCAVELICA,ACOBAMBA,ANTA,90203,I-1,,ACTIVADO
GOBIERNO REGIONAL,NUEVO LIBERAL,PUESTOS DE SALUD O POSTAS DE SALUD,LORETO,REQUENA,MAQUIA,160505,I-1,,ACTIVADO
GOBIERNO REGIONAL,COSME,PUESTOS DE SALUD O POSTAS DE SALUD,HUANCAVELICA,CHURCAMPA,COSME,90511,I-2,,ACTIVADO
GOBIERNO REGIONAL,NUEVO SANTIAGO,PUESTOS DE SALUD O POSTAS DE SALUD,AYACUCHO,LUCANAS,LEONCIO PRADO,50609,I-1,,ACTIVADO
GOBIERNO REGIONAL,OBRERO,PUESTOS DE SALUD O POSTAS DE SALUD,LORETO,REQUENA,MAQUIA,160505,I-1,,ACTIVADO
GOBIERNO REGIONAL,RIO  NEGRO,CENTROS DE SALUD O CENTROS MEDICOS,JUNIN,SATIPO,RIO NEGRO,120607,I-3,,ACTIVADO
GOBIERNO REGIONAL,PUESTO DE SALUD BELLA UNION,PUESTOS DE SALUD O POSTAS DE SALUD,AREQUIPA,CARAVELI,BELLA UNION,40305,I-2,,ACTIVADO
GOBIERNO REGIONAL,CHANQUIL,PUESTOS DE SALUD O POSTAS DE SALUD,HUANCAVELICA,ACOBAMBA,ROSARIO,90208,I-1,,ACTIVADO
GOBIERNO REGIONAL,SANTA MARIA,PUESTOS DE SALUD O POSTAS DE SALUD,JUNIN,SATIPO,COVIRIALI,120602,I-1,,ACTIVADO
GOBIERNO REGIONAL,PELAPATA,PUESTOS DE SALUD O POSTAS DE SALUD,HUANCAVELICA,HUAYTARA,PILPICHACA,90607,I-1,,ACTIVADO
GOBIERNO REGIONAL,RAYANNIYOCC,PUESTOS DE SALUD O POSTAS DE SALUD,HUANCAVELICA,ACOBAMBA,ANTA,90203,I-1,,ACTIVADO
GOBIERNO REGIONAL,SEÑOR DE LOS MILAGROS,PUESTOS DE SALUD O POSTAS DE SALUD,UCAYALI,CORONEL PORTILLO,YARINACOCHA,250105,I-1,,ACTIVADO
GOBIERNO REGIONAL,RIO CHARI ALTO,PUESTOS DE SALUD O POSTAS DE SALUD,JUNIN,SATIPO,RIO NEGRO,120607,I-2,,ACTIVADO
GOBIERNO REGIONAL,HUANCAPITE,PUESTOS DE SALUD O POSTAS DE SALUD,HUANCAVELICA,ACOBAMBA,ANDABAMBA,90202,I-1,,ACTIVADO
GOBIERNO REGIONAL,VISTA ALEGRE DE ANTA,PUESTOS DE SALUD O POSTAS DE SALUD,HUANCAVELICA,ACOBAMBA,ANTA,90203,I-1,,ACTIVADO
GOBIERNO REGIONAL,VISTA ALEGRE DE ANDABAMBA,PUESTOS DE SALUD O POSTAS DE SALUD,HUANCAVELICA,ACOBAMBA,ANDABAMBA,90202,I-1,,ACTIVADO
GOBIERNO REGIONAL,P.S. VALLE NASARATEGUI,PUESTOS DE SALUD O POSTAS DE SALUD,PASCO,OXAPAMPA,PUERTO BERMUDEZ,190306,I-1,,ACTIVADO
GOBIERNO REGIONAL,TACSHITEA,PUESTOS DE SALUD O POSTAS DE SALUD,UCAYALI,CORONEL PORTILLO,CALLERIA,250101,I-2,,ACTIVADO
GOBIERNO REGIONAL,ICHUPAMPA,PUESTOS DE SALUD O POSTAS DE SALUD,HUANCAVELICA,ACOBAMBA,ROSARIO,90208,I-1,,ACTIVADO
GOBIERNO REGIONAL,PITOCUNA,PUESTOS DE SALUD O POSTAS DE SALUD,JUNIN,SATIPO,RIO NEGRO,120607,I-2,,ACTIVADO
GOBIERNO REGIONAL,POCCYACC,PUESTOS DE SALUD O POSTAS DE SALUD,HUANCAVELICA,TAYACAJA,COLCABAMBA,90705,I-1,,ACTIVADO
GOBIERNO REGIONAL,PROVIDENCIA,PUESTOS DE SALUD O POSTAS DE SALUD,LORETO,LORETO,TROMPETEROS,160304,I-1,,ACTIVADO
GOBIERNO REGIONAL,SAN PEDRO DE PALCO,PUESTOS DE SALUD O POSTAS DE SALUD,AYACUCHO,LUCANAS,SAN PEDRO DE PALCO,50618,I-1,,ACTIVADO
GOBIERNO REGIONAL,OCORO,PUESTOS DE SALUD O POSTAS DE SALUD,HUANCAVELICA,TAYACAJA,COLCABAMBA,90705,I-2,,ACTIVADO
GOBIERNO REGIONAL,LLACUA,PUESTOS DE SALUD O POSTAS DE SALUD,HUANCAVELICA,CHURCAMPA,COSME,90511,I-1,,ACTIVADO
GOBIERNO REGIONAL,MANYACC,PUESTOS DE SALUD O POSTAS DE SALUD,HUANCAVELICA,ACOBAMBA,ANTA,90203,I-1,,ACTIVADO
GOBIERNO REGIONAL,SAN FRANCISCO DE YARINACOCHA,PUESTOS DE SALUD O POSTAS DE SALUD,UCAYALI,CORONEL PORTILLO,YARINACOCHA,250105,I-2,,ACTIVADO
GOBIERNO REGIONAL,CHUQUIMARAN,PUESTOS DE SALUD O POSTAS DE SALUD,AYACUCHO,LUCANAS,LEONCIO PRADO,50609,I-1,,ACTIVADO
GOBIERNO REGIONAL,DOS DE MAYO KM.12,PUESTOS DE SALUD O POSTAS DE SALUD,UCAYALI,CORONEL PORTILLO,CALLERIA,250101,I-1,,ACTIVADO
GOBIERNO REGIONAL,DE APOYO MANUEL HIGA ARAKAKI,HOSPITALES O CLINICAS DE ATENCION GENERAL,JUNIN,SATIPO,SATIPO,120601,II-1,18.0,ACTIVADO
GOBIERNO REGIONAL,CASHIVOCOCHA,PUESTOS DE SALUD O POSTAS DE SALUD,UCAYALI,CORONEL PORTILLO,YARINACOCHA,250105,I-1,,ACTIVADO
GOBIERNO REGIONAL,LECCLESPAMPA,PUESTOS DE SALUD O POSTAS DE SALUD,HUANCAVELICA,ACOBAMBA,ROSARIO,90208,I-1,,ACTIVADO
GOBIERNO REGIONAL,ANDAYMARCA,CENTROS DE SALUD O CENTROS MEDICOS,HUANCAVELICA,TAYACAJA,ANDAYMARCA,90720,I-3,,ACTIVADO
GOBIERNO REGIONAL,ANTA,CENTROS DE SALUD O CENTROS MEDICOS,HUANCAVELICA,ACOBAMBA,ANTA,90203,I-3,,ACTIVADO
GOBIERNO REGIONAL,SOCOS,PUESTOS DE SALUD O POSTAS DE SALUD,HUANCAVELICA,TAYACAJA,SURCUBAMBA,90717,I-1,,ACTIVADO
GOBIERNO REGIONAL,CASACANCHA,PUESTOS DE SALUD O POSTAS DE SALUD,HUANCAVELICA,ACOBAMBA,ANTA,90203,I-1,,ACTIVADO
GOBIERNO REGIONAL,URUIZA,PUESTOS DE SALUD O POSTAS DE SALUD,AYACUCHO,LUCANAS,OTOCA,50613,I-1,,ACTIVADO
GOBIERNO REGIONAL,NUEVO SAPOSOA,PUESTOS DE SALUD O POSTAS DE SALUD,UCAYALI,CORONEL PORTILLO,CALLERIA,250101,I-1,,ACTIVADO
GOBIERNO REGIONAL,HUANCAMAYO,PUESTOS DE SALUD O POSTAS DE SALUD,JUNIN,HUANCAYO,SANTO DOMINGO DE ACOBAMBA,120135,I-1,,ACTIVADO
GOBIERNO REGIONAL,SURCUBAMBA,CENTROS DE SALUD CON CAMAS DE INTERNAMIENTO,HUANCAVELICA,TAYACAJA,SURCUBAMBA,90717,I-4,,ACTIVADO
GOBIERNO REGIONAL,ANTACALLA,PUESTOS DE SALUD O POSTAS DE SALUD,HUANCAVELICA,CHURCAMPA,COSME,90511,I-1,,ACTIVADO
GOBIERNO REGIONAL,PARAS,CENTROS DE SALUD O CENTROS MEDICOS,AYACUCHO,CANGALLO,PARAS,50205,I-3,,ACTIVADO
GOBIERNO REGIONAL,PICHIU,PUESTOS DE SALUD O POSTAS DE SALUD,HUANCAVELICA,TAYACAJA,ANDAYMARCA,90720,I-1,,ACTIVADO
GOBIERNO REGIONAL,BUENOS AIRES,PUESTOS DE SALUD O POSTAS DE SALUD,JUNIN,SATIPO,COVIRIALI,120602,I-1,,ACTIVADO
GOBIERNO REGIONAL,PUCA CRUZ,CENTROS DE SALUD O CENTROS MEDICOS,HUANCAVELICA,ACOBAMBA,ROSARIO,90208,I-3,,ACTIVADO
GOBIERNO REGIONAL,COVIRIALI,CENTROS DE SALUD O CENTROS MEDICOS,JUNIN,SATIPO,COVIRIALI,120602,I-3,,ACTIVADO
GOBIERNO REGIONAL,ANTIGUA HONORIA,PUESTOS DE SALUD O POSTAS DE SALUD,HUANUCO,PUERTO INCA,HONORIA,100903,I-1,,ACTIVADO
GOBIERNO REGIONAL,CCARAPA,PUESTOS DE SALUD O POSTAS DE SALUD,HUANCAVELICA,ANGARAES,HUANCA-HUANCA,90307,I-1,,ACTIVADO
GOBIERNO REGIONAL,SANTA MARIA,PUESTOS DE SALUD O POSTAS DE SALUD,HUANCAVELICA,TAYACAJA,HUACHOCOLPA,90707,I-1,,ACTIVADO
GOBIERNO REGIONAL,CALLANMARCA,PUESTOS DE SALUD O POSTAS DE SALUD,HUANCAVELICA,ANGARAES,CALLANMARCA,90303,I-1,,ACTIVADO
GOBIERNO REGIONAL,AOTI,PUESTOS DE SALUD O POSTAS DE SALUD,JUNIN,SATIPO,RIO NEGRO,120607,I-2,,ACTIVADO
GOBIERNO REGIONAL,ANDABAMBA,PUESTOS DE SALUD O POSTAS DE SALUD,HUANCAVELICA,ACOBAMBA,ANDABAMBA,90202,I-2,,ACTIVADO
GOBIERNO REGIONAL,CENTRO DE SALUD ACARI,CENTROS DE SALUD O CENTROS MEDICOS,AREQUIPA,CARAVELI,ACARI,40302,I-3,,ACTIVADO
GOBIERNO REGIONAL,CHACHAS,PUESTOS DE SALUD O POSTAS DE SALUD,HUANCAVELICA,TAYACAJA,COLCABAMBA,90705,I-1,,ACTIVADO
GOBIERNO REGIONAL,PUNCHAYPAMPA,PUESTOS DE SALUD O POSTAS DE SALUD,HUANCAVELICA,ACOBAMBA,ROSARIO,90208,I-1,,ACTIVADO
GOBIERNO REGIONAL,SANTA ROSA,PUESTOS DE SALUD O POSTAS DE SALUD,UCAYALI,CORONEL PORTILLO,YARINACOCHA,250105,I-1,,ACTIVADO
GOBIERNO REGIONAL,NUEVA ALEJANDRIA,PUESTOS DE SALUD O POSTAS DE SALUD,UCAYALI,CORONEL PORTILLO,YARINACOCHA,250105,I-1,,ACTIVADO
GOBIERNO REGIONAL,ALTO VILLA VICTORIA,PUESTOS DE SALUD O POSTAS DE SALUD,JUNIN,SATIPO,RIO NEGRO,120607,I-1,,ACTIVADO
GOBIERNO REGIONAL,SANTA ROSA DE OCCORO,PUESTOS DE SALUD O POSTAS DE SALUD,HUANCAVELICA,CHURCAMPA,CHINCHIHUASI,90503,I-1,,ACTIVADO
GOBIERNO REGIONAL,SAN JACINTO DE ESPITE,PUESTOS DE SALUD O POSTAS DE SALUD,AYACUCHO,VICTOR FAJARDO,VILCANCHOS,51012,I-1,,ACTIVADO
GOBIERNO REGIONAL,HUANCA HUANCA,PUESTOS DE SALUD O POSTAS DE SALUD,HUANCAVELICA,ANGARAES,HUANCA-HUANCA,90307,I-2,,ACTIVADO
GOBIERNO REGIONAL,SAN ANTONIO,PUESTOS DE SALUD O POSTAS DE SALUD,UCAYALI,CORONEL PORTILLO,CALLERIA,250101,I-1,,ACTIVADO
GOBIERNO REGIONAL,ANGOTEROS,PUESTOS DE SALUD O POSTAS DE SALUD,LORETO,MAYNAS,TORRES CAUSANA,160110,I-2,,ACTIVADO
GOBIERNO REGIONAL,VISTA ALEGRE,PUESTOS DE SALUD O POSTAS DE SALUD,HUANCAVELICA,TAYACAJA,SURCUBAMBA,90717,I-1,,ACTIVADO
GOBIERNO REGIONAL,TUPAC AMARU,PUESTOS DE SALUD O POSTAS DE SALUD,UCAYALI,CORONEL PORTILLO,CAMPOVERDE,250102,I-1,,ACTIVADO
GOBIERNO REGIONAL,HUARANHUAY,PUESTOS DE SALUD O POSTAS DE SALUD,HUANCAVELICA,TAYACAJA,COLCABAMBA,90705,I-1,,ACTIVADO
GOBIERNO REGIONAL,LLIPLLINA,PUESTOS DE SALUD O POSTAS DE SALUD,HUANCAVELICA,ACOBAMBA,ROSARIO,90208,I-1,,ACTIVADO
GOBIERNO REGIONAL,SOCCLLABAMBA,PUESTOS DE SALUD O POSTAS DE SALUD,HUANCAVELICA,ANGARAES,LIRCAY,90301,I-1,,ACTIVADO
GOBIERNO REGIONAL,SANTA ROSA DE ACCOMACHAY,PUESTOS DE SALUD O POSTAS DE SALUD,HUANCAVELICA,ACOBAMBA,ROSARIO,90208,I-1,,ACTIVADO
GOBIERNO REGIONAL,CLAS  DE SAN JUAN YARINACOCHA .,PUESTOS DE SALUD O POSTAS DE SALUD,UCAYALI,CORONEL PORTILLO,YARINACOCHA,250105,I-1,,ACTIVADO
GOBIERNO REGIONAL,NUEVA MAGDALENA,PUESTOS DE SALUD O POSTAS DE SALUD,UCAYALI,CORONEL PORTILLO,CALLERIA,250101,I-2,,ACTIVADO
GOBIERNO REGIONAL,POMAVILCA,"PUESTOS DE SALUD O POSTAS DE SALUD,PUESTOS DE SALUD O POSTAS DE SALUD",HUANCAVELICA,ACOBAMBA,ACOBAMBA,90201,I-1,,ACTIVADO
GOBIERNO REGIONAL,HUITOCOCHA,PUESTOS DE SALUD O POSTAS DE SALUD,UCAYALI,CORONEL PORTILLO,YARINACOCHA,250105,I-1,,ACTIVADO
GOBIERNO REGIONAL,CAJA,PUESTOS DE SALUD O POSTAS DE SALUD,AYACUCHO,LUCANAS,SANTA LUCIA,50621,I-1,,ACTIVADO
GOBIERNO REGIONAL,HERMOSA PAMPA,PUESTOS DE SALUD O POSTAS DE SALUD,JUNIN,SATIPO,LLAYLLA,120603,I-2,,ACTIVADO
GOBIERNO REGIONAL,TONSULLA OCCO,PUESTOS DE SALUD O POSTAS DE SALUD,AYACUCHO,CANGALLO,PARAS,50205,I-1,,ACTIVADO
GOBIERNO REGIONAL,SAN ROQUE DE MAQUIA,CENTROS DE SALUD O CENTROS MEDICOS,LORETO,REQUENA,MAQUIA,160505,I-3,,ACTIVADO
GOBIERNO REGIONAL,LEONCIO PRADO,PUESTOS DE SALUD O POSTAS DE SALUD,UCAYALI,CORONEL PORTILLO,YARINACOCHA,250105,I-1,,ACTIVADO
GOBIERNO REGIONAL,SAN JOSE DE YARINACOCHA,CENTROS DE SALUD O CENTROS MEDICOS,UCAYALI,CORONEL PORTILLO,YARINACOCHA,250105,I-3,,ACTIVADO
GOBIERNO REGIONAL,CLAS SAN PABLO DE TUSHMO.,PUESTOS DE SALUD O POSTAS DE SALUD,UCAYALI,CORONEL PORTILLO,YARINACOCHA,250105,I-2,,ACTIVADO
GOBIERNO REGIONAL,TORORUMI,PUESTOS DE SALUD O POSTAS DE SALUD,HUANCAVELICA,ACOBAMBA,ROSARIO,90208,I-1,,ACTIVADO
GOBIERNO REGIONAL,ALTO PITOCUNA,PUESTOS DE SALUD O POSTAS DE SALUD,JUNIN,SATIPO,RIO NEGRO,120607,I-2,,ACTIVADO
GOBIERNO REGIONAL,HUACHOCOLPA,CENTROS DE SALUD O CENTROS MEDICOS,HUANCAVELICA,TAYACAJA,HUACHOCOLPA,90707,I-3,,ACTIVADO
GOBIERNO REGIONAL,QUISPICANCHA,PUESTOS DE SALUD O POSTAS DE SALUD,HUANCAVELICA,ANGARAES,SECCLLA,90312,I-1,,ACTIVADO
GOBIERNO REGIONAL,SUNE GRANDE,PUESTOS DE SALUD O POSTAS DE SALUD,HUANCAVELICA,TAYACAJA,TINTAY PUNCU,90718,I-1,,ACTIVADO
GOBIERNO REGIONAL,ARMA PATACANCHA,PUESTOS DE SALUD O POSTAS DE SALUD,HUANCAVELICA,CHURCAMPA,CHINCHIHUASI,90503,I-1,,ACTIVADO
GOBIERNO REGIONAL,LLAYLLA,CENTROS DE SALUD O CENTROS MEDICOS,JUNIN,SATIPO,LLAYLLA,120603,I-3,,ACTIVADO
GOBIERNO REGIONAL,ANCO,CENTROS DE SALUD O CENTROS MEDICOS,HUANCAVELICA,CHURCAMPA,ANCO,90502,I-3,,ACTIVADO
GOBIERNO REGIONAL,NUEVA UNION,PUESTOS DE SALUD O POSTAS DE SALUD,UCAYALI,CORONEL PORTILLO,YARINACOCHA,250105,I-1,,ACTIVADO
GOBIERNO REGIONAL,NUEVO BOLOGNESI.,PUESTOS DE SALUD O POSTAS DE SALUD,UCAYALI,CORONEL PORTILLO,CALLERIA,250101,I-2,,ACTIVADO
GOBIERNO REGIONAL,LA FLORIDA,PUESTOS DE SALUD O POSTAS DE SALUD,UCAYALI,CORONEL PORTILLO,CALLERIA,250101,I-2,,ACTIVADO
GOBIERNO REGIONAL,CENTRO AMERICA,CENTROS DE SALUD O CENTROS MEDICOS,UCAYALI,CORONEL PORTILLO,YARINACOCHA,250105,I-3,,ACTIVADO
GOBIERNO REGIONAL,SAN ISIDRO DE TOTORA,PUESTOS DE SALUD O POSTAS DE SALUD,AYACUCHO,LUCANAS,SAN PEDRO DE PALCO,50618,I-1,,ACTIVADO
GOBIERNO REGIONAL,ALTO PAURELI,PUESTOS DE SALUD O POSTAS DE SALUD,JUNIN,SATIPO,SATIPO,120601,I-1,,ACTIVADO
GOBIERNO REGIONAL,PATRIA NUEVA,PUESTOS DE SALUD O POSTAS DE SALUD,UCAYALI,CORONEL PORTILLO,CALLERIA,250101,I-1,,ACTIVADO
GOBIERNO REGIONAL,TRES DE OCTUBRE,PUESTOS DE SALUD O POSTAS DE SALUD,HUANCAVELICA,ACOBAMBA,ACOBAMBA,90201,I-1,,ACTIVADO
GOBIERNO REGIONAL,TAURIBAMBA,PUESTOS DE SALUD O POSTAS DE SALUD,HUANCAVELICA,TAYACAJA,HUACHOCOLPA,90707,I-1,,ACTIVADO
GOBIERNO REGIONAL,HOSPITAL AMAZONICO - YARINACOCHA,HOSPITALES O CLINICAS DE ATENCION GENERAL,UCAYALI,CORONEL PORTILLO,YARINACOCHA,250105,II-2,25.0,ACTIVADO
GOBIERNO REGIONAL,ROSARIO,PUESTOS DE SALUD O POSTAS DE SALUD,HUANCAVELICA,ACOBAMBA,ROSARIO,90208,I-2,,ACTIVADO
GOBIERNO REGIONAL,SHIRAMBARI.,PUESTOS DE SALUD O POSTAS DE SALUD,UCAYALI,CORONEL PORTILLO,YARINACOCHA,250105,I-2,,ACTIVADO
GOBIERNO REGIONAL,LIRCAYCCASA,PUESTOS DE SALUD O POSTAS DE SALUD,HUANCAVELICA,ANGARAES,CONGALLA,90306,I-1,,ACTIVADO
GOBIERNO REGIONAL,PUEBLO LIBRE DE PAURIALI,"PUESTOS DE SALUD O POSTAS DE SALUD,PUESTOS DE SALUD O POSTAS DE SALUD",JUNIN,SATIPO,MAZAMARI,120604,I-1,,ACTIVADO
GOBIERNO REGIONAL,LABORATORIO DE REFERENCIA REGIONAL EN SALUD PUBLICA UCAYALI,PATOLOGIA CLINICA,UCAYALI,CORONEL PORTILLO,YARINACOCHA,250105,Sin Categoría,,ACTIVADO
GOBIERNO REGIONAL,CLAS   BELLAVISTA DE YARINACOCHA,PUESTOS DE SALUD O POSTAS DE SALUD,UCAYALI,CORONEL PORTILLO,YARINACOCHA,250105,I-1,,ACTIVADO
GOBIERNO REGIONAL,UCHUYSIHUIS,PUESTOS DE SALUD O POSTAS DE SALUD,HUANCAVELICA,TAYACAJA,TINTAY PUNCU,90718,I-1,,ACTIVADO
GOBIERNO REGIONAL,SANIDAD AEREA,PUESTOS DE SALUD O POSTAS DE SALUD,UCAYALI,CORONEL PORTILLO,YARINACOCHA,250105,I-1,,ACTIVADO
GOBIERNO REGIONAL,NUEVA LUZ DE FATIMA,PUESTOS DE SALUD O POSTAS DE SALUD,UCAYALI,CORONEL PORTILLO,YARINACOCHA,250105,I-1,,ACTIVADO
GOBIERNO REGIONAL,SANIBENI,PUESTOS DE SALUD O POSTAS DE SALUD,JUNIN,SATIPO,SATIPO,120601,I-2,,ACTIVADO
GOBIERNO REGIONAL,ACOBAMBA,HOSPITALES O CLINICAS DE ATENCION GENERAL,HUANCAVELICA,ACOBAMBA,ACOBAMBA,90201,II-1,26.0,ACTIVADO
GOBIERNO REGIONAL,HUSARES DEL PERU.,CENTROS DE SALUD O CENTROS MEDICOS,UCAYALI,CORONEL PORTILLO,YARINACOCHA,250105,I-3,,ACTIVADO
GOBIERNO REGIONAL,MARISCAL SUCRE,PUESTOS DE SALUD O POSTAS DE SALUD,UCAYALI,CORONEL PORTILLO,YARINACOCHA,250105,I-1,,ACTIVADO
GOBIERNO REGIONAL,BOLIVAR DEL MAQUIA,PUESTOS DE SALUD O POSTAS DE SALUD,LORETO,REQUENA,MAQUIA,160505,I-1,,ACTIVADO
GOBIERNO REGIONAL,FRATERNIDAD,CENTROS DE SALUD O CENTROS MEDICOS,UCAYALI,CORONEL PORTILLO,MANANTAY,250107,I-3,,ACTIVADO
GOBIERNO REGIONAL,YANANYAC,PUESTOS DE SALUD O POSTAS DE SALUD,HUANCAVELICA,TAYACAJA,SURCUBAMBA,90717,I-1,,ACTIVADO
GOBIERNO REGIONAL,SAN CRISTOBAL DE COCHA,PUESTOS DE SALUD O POSTAS DE SALUD,HUANCAVELICA,CHURCAMPA,PAUCARBAMBA,90507,I-1,,ACTIVADO
GOBIERNO REGIONAL,MANZANAYOCC,PUESTOS DE SALUD O POSTAS DE SALUD,HUANCAVELICA,CHURCAMPA,ANCO,90502,I-2,,ACTIVADO
GOBIERNO REGIONAL,VILLA MANTARO,PUESTOS DE SALUD O POSTAS DE SALUD,HUANCAVELICA,ACOBAMBA,ROSARIO,90208,I-1,,ACTIVADO
ESSALUD,POSTA MEDICA DE MANANTAY,PUESTOS DE SALUD O POSTAS DE SALUD,UCAYALI,CORONEL PORTILLO,MANANTAY,250107,I-2,,ACTIVADO
GOBIERNO REGIONAL,LUZ Y PAZ,PUESTOS DE SALUD O POSTAS DE SALUD,UCAYALI,CORONEL PORTILLO,MANANTAY,250107,I-1,,ACTIVADO
GOBIERNO REGIONAL,HUANCHOS,PUESTOS DE SALUD O POSTAS DE SALUD,HUANCAVELICA,CHURCAMPA,CHINCHIHUASI,90503,I-1,,ACTIVADO
GOBIERNO REGIONAL,PALOMA ALEGRE,PUESTOS DE SALUD O POSTAS DE SALUD,AYACUCHO,HUANTA,PUCACOLPA,50411,I-1,,ACTIVADO
GOBIERNO REGIONAL,CHAYNABAMBA,PUESTOS DE SALUD O POSTAS DE SALUD,HUANCAVELICA,ANGARAES,CONGALLA,90306,I-1,,ACTIVADO
GOBIERNO REGIONAL,BELEN,PUESTOS DE SALUD O POSTAS DE SALUD,JUNIN,SATIPO,LLAYLLA,120603,I-1,,ACTIVADO
GOBIERNO REGIONAL,TEORIA,PUESTOS DE SALUD O POSTAS DE SALUD,JUNIN,SATIPO,MAZAMARI,120604,I-1,,ACTIVADO
GOBIERNO REGIONAL,CALLERIA,PUESTOS DE SALUD O POSTAS DE SALUD,UCAYALI,CORONEL PORTILLO,CALLERIA,250101,I-1,,ACTIVADO
GOBIERNO REGIONAL,SALLCCABAMBA,PUESTOS DE SALUD O POSTAS DE SALUD,HUANCAVELICA,CHURCAMPA,PAUCARBAMBA,90507,I-1,,ACTIVADO
GOBIERNO REGIONAL,PIURI ISLA,PUESTOS DE SALUD O POSTAS DE SALUD,LORETO,REQUENA,MAQUIA,160505,I-1,,ACTIVADO
GOBIERNO REGIONAL,CLAS TUPAC AMARU,CENTROS DE SALUD O CENTROS MEDICOS,UCAYALI,CORONEL PORTILLO,CALLERIA,250101,I-3,,ACTIVADO
GOBIERNO REGIONAL,SANTO DGO DE MARANKIARI,PUESTOS DE SALUD O POSTAS DE SALUD,JUNIN,SATIPO,SATIPO,120601,I-2,,ACTIVADO
GOBIERNO REGIONAL,CARACHAMA,PUESTOS DE SALUD O POSTAS DE SALUD,LORETO,REQUENA,MAQUIA,160505,I-1,,ACTIVADO
GOBIERNO REGIONAL,NUESTRA SEÑORA DE LAS MERCEDES,PUESTOS DE SALUD O POSTAS DE SALUD,UCAYALI,CORONEL PORTILLO,MANANTAY,250107,I-2,,ACTIVADO
GOBIERNO REGIONAL,NUEVO PARAISO,CENTROS DE SALUD O CENTROS MEDICOS,UCAYALI,CORONEL PORTILLO,CALLERIA,250101,I-3,,ACTIVADO
GOBIERNO REGIONAL,MICAELA BASTIDAS,CENTROS DE SALUD O CENTROS MEDICOS,UCAYALI,CORONEL PORTILLO,CALLERIA,250101,I-3,,ACTIVADO
GOBIERNO REGIONAL,JOSE OLAYA,PUESTOS DE SALUD O POSTAS DE SALUD,UCAYALI,CORONEL PORTILLO,CALLERIA,250101,I-3,,ACTIVADO
GOBIERNO REGIONAL,7 DE JUNIO,CENTROS DE SALUD O CENTROS MEDICOS,UCAYALI,CORONEL PORTILLO,MANANTAY,250107,I-3,,ACTIVADO
ESSALUD,HOSPITAL  ESSALUD PUCALLPA,HOSPITALES O CLINICAS DE ATENCION GENERAL,UCAYALI,CORONEL PORTILLO,CALLERIA,250101,II-2,90.0,ACTIVADO
GOBIERNO REGIONAL,SANTA ROSA DE LAGARTO,PUESTOS DE SALUD O POSTAS DE SALUD,LORETO,LORETO,PARINARI,160302,I-1,,ACTIVADO
GOBIERNO REGIONAL,CHINCHIHUASI,PUESTOS DE SALUD O POSTAS DE SALUD,HUANCAVELICA,CHURCAMPA,CHINCHIHUASI,90503,I-2,,ACTIVADO
GOBIERNO REGIONAL,CAPIRUSHARI,PUESTOS DE SALUD O POSTAS DE SALUD,JUNIN,SATIPO,MAZAMARI,120604,I-2,,ACTIVADO
GOBIERNO REGIONAL,TINTAY PUNCO,CENTROS DE SALUD O CENTROS MEDICOS,HUANCAVELICA,TAYACAJA,TINTAY PUNCU,90718,I-3,,ACTIVADO
GOBIERNO REGIONAL,MANANTAY,PUESTOS DE SALUD O POSTAS DE SALUD,UCAYALI,CORONEL PORTILLO,MANANTAY,250107,I-2,,ACTIVADO
GOBIERNO REGIONAL,9 DE OCTUBRE,CENTROS DE SALUD O CENTROS MEDICOS,UCAYALI,CORONEL PORTILLO,CALLERIA,250101,I-3,,ACTIVADO
GOBIERNO REGIONAL,DOS DE MAYO,PUESTOS DE SALUD O POSTAS DE SALUD,UCAYALI,CORONEL PORTILLO,CALLERIA,250101,I-2,,ACTIVADO
GOBIERNO REGIONAL,CHOCLOCOCHA,CENTROS DE SALUD O CENTROS MEDICOS,HUANCAVELICA,ACOBAMBA,POMACOCHA,90207,I-3,,ACTIVADO
GOBIERNO REGIONAL,OCCOLLO,PUESTOS DE SALUD O POSTAS DE SALUD,AYACUCHO,HUAMANGA,VINCHOS,50114,I-2,,ACTIVADO
GOBIERNO REGIONAL,YUNYACCASA,PUESTOS DE SALUD O POSTAS DE SALUD,HUANCAVELICA,ANGARAES,CONGALLA,90306,I-1,,ACTIVADO
GOBIERNO REGIONAL,UNION CHAVINI,PUESTOS DE SALUD O POSTAS DE SALUD,JUNIN,SATIPO,PANGOA,120606,I-1,,ACTIVADO
GOBIERNO REGIONAL,BELLAVISTA,CENTROS DE SALUD O CENTROS MEDICOS,UCAYALI,CORONEL PORTILLO,CALLERIA,250101,I-3,,ACTIVADO
GOBIERNO REGIONAL,SAN FERNANDO,CENTROS DE SALUD O CENTROS MEDICOS,UCAYALI,CORONEL PORTILLO,MANANTAY,250107,I-3,,ACTIVADO
GOBIERNO REGIONAL,PAUCARBAMBA,CENTROS DE SALUD O CENTROS MEDICOS,HUANCAVELICA,CHURCAMPA,PAUCARBAMBA,90507,I-3,,ACTIVADO
GOBIERNO REGIONAL,CUYOCC,PUESTOS DE SALUD O POSTAS DE SALUD,HUANCAVELICA,CHURCAMPA,ANCO,90502,I-1,,ACTIVADO
GOBIERNO REGIONAL,VILCANCHOS,PUESTOS DE SALUD O POSTAS DE SALUD,AYACUCHO,VICTOR FAJARDO,VILCANCHOS,51012,I-1,,ACTIVADO
GOBIERNO REGIONAL,HOSPITAL REGIONAL DE PUCALLPA,HOSPITALES O CLINICAS DE ATENCION GENERAL,UCAYALI,CORONEL PORTILLO,CALLERIA,250101,II-2,173.0,ACTIVADO
GOBIERNO REGIONAL,DOS UNIDOS,PUESTOS DE SALUD O POSTAS DE SALUD,HUANUCO,PUERTO INCA,HONORIA,100903,I-1,,ACTIVADO
GOBIERNO REGIONAL,YAUCA,PUESTOS DE SALUD O POSTAS DE SALUD,AREQUIPA,CARAVELI,YAUCA,40313,I-2,,ACTIVADO
GOBIERNO REGIONAL,UCHUYTAMBO,PUESTOS DE SALUD O POSTAS DE SALUD,AYACUCHO,LUCANAS,SANTA LUCIA,50621,I-1,,ACTIVADO
GOBIERNO REGIONAL,MIGUEL GRAU,PUESTOS DE SALUD O POSTAS DE SALUD,JUNIN,SATIPO,RIO NEGRO,120607,I-1,,ACTIVADO
GOBIERNO REGIONAL,MAZAMARI,CENTROS DE SALUD CON CAMAS DE INTERNAMIENTO,JUNIN,SATIPO,MAZAMARI,120604,I-4,,ACTIVADO
GOBIERNO REGIONAL,SAN CRISTOBAL,PUESTOS DE SALUD O POSTAS DE SALUD,JUNIN,SATIPO,PANGOA,120606,I-1,,ACTIVADO
GOBIERNO REGIONAL,CHONTAKIARI,PUESTOS DE SALUD O POSTAS DE SALUD,JUNIN,SATIPO,RIO NEGRO,120607,I-1,,ACTIVADO
GOBIERNO REGIONAL,SAN MIGUEL DE ARMA,PUESTOS DE SALUD O POSTAS DE SALUD,HUANCAVELICA,CHURCAMPA,ANCO,90502,I-2,,ACTIVADO
GOBIERNO REGIONAL,SANTA LUCIA,PUESTOS DE SALUD O POSTAS DE SALUD,AYACUCHO,LUCANAS,SANTA LUCIA,50621,I-1,,ACTIVADO
GOBIERNO REGIONAL,SACHABAMBA HUANTA,PUESTOS DE SALUD O POSTAS DE SALUD,AYACUCHO,HUANTA,PUCACOLPA,50411,I-1,,ACTIVADO
GOBIERNO REGIONAL,HUANTASHIRI,PUESTOS DE SALUD O POSTAS DE SALUD,JUNIN,SATIPO,SATIPO,120601,I-2,,ACTIVADO
GOBIERNO REGIONAL,TOTOS,CENTROS DE SALUD O CENTROS MEDICOS,AYACUCHO,CANGALLO,TOTOS,50206,I-3,,ACTIVADO
GOBIERNO REGIONAL,VILCABAMBA,PUESTOS DE SALUD O POSTAS DE SALUD,JUNIN,SATIPO,PANGOA,120606,I-1,,ACTIVADO
GOBIERNO REGIONAL,CUNCHURI,PUESTOS DE SALUD O POSTAS DE SALUD,UCAYALI,CORONEL PORTILLO,IPARIA,250103,I-1,,ACTIVADO
GOBIERNO REGIONAL,AYAHUASAN,PUESTOS DE SALUD O POSTAS DE SALUD,HUANCAVELICA,ACOBAMBA,POMACOCHA,90207,I-1,,ACTIVADO
GOBIERNO REGIONAL,COCHABAMBA GRANDE,PUESTOS DE SALUD O POSTAS DE SALUD,HUANCAVELICA,TAYACAJA,TINTAY PUNCU,90718,I-2,,ACTIVADO
GOBIERNO REGIONAL,CHANCAY,PUESTOS DE SALUD O POSTAS DE SALUD,UCAYALI,CORONEL PORTILLO,CALLERIA,250101,I-1,,ACTIVADO
GOBIERNO REGIONAL,INCAPACCHAN,PUESTOS DE SALUD O POSTAS DE SALUD,HUANCAVELICA,ACOBAMBA,POMACOCHA,90207,I-1,,ACTIVADO
GOBIERNO REGIONAL,SANTA ROSA ALTO KIATARI,PUESTOS DE SALUD O POSTAS DE SALUD,JUNIN,SATIPO,PANGOA,120606,I-1,,ACTIVADO
GOBIERNO REGIONAL,NUEVO JUNIN,PUESTOS DE SALUD O POSTAS DE SALUD,LORETO,REQUENA,MAQUIA,160505,I-1,,ACTIVADO
GOBIERNO REGIONAL,PUCALLPILLO,PUESTOS DE SALUD O POSTAS DE SALUD,UCAYALI,CORONEL PORTILLO,MANANTAY,250107,I-1,,ACTIVADO
GOBIERNO REGIONAL,VISTA ALEGRE DE PACHITEA,,UCAYALI,CORONEL PORTILLO,MASISEA,250104,I-1,,ACTIVADO
GOBIERNO REGIONAL,HUARIBAMBILLA,PUESTOS DE SALUD O POSTAS DE SALUD,HUANCAVELICA,CHURCAMPA,PAUCARBAMBA,90507,I-2,,ACTIVADO
GOBIERNO REGIONAL,YANAMAYO,PUESTOS DE SALUD O POSTAS DE SALUD,UCAYALI,CORONEL PORTILLO,CALLERIA,250101,I-1,,ACTIVADO
GOBIERNO REGIONAL,HUANCCALLACO,PUESTOS DE SALUD O POSTAS DE SALUD,HUANCAVELICA,ACOBAMBA,CAJA,90204,I-1,,ACTIVADO
GOBIERNO REGIONAL,CHAVINI,PUESTOS DE SALUD O POSTAS DE SALUD,JUNIN,SATIPO,PANGOA,120606,I-1,,ACTIVADO
GOBIERNO REGIONAL,SAN JUAN DE PUEBLO LIBRE,PUESTOS DE SALUD O POSTAS DE SALUD,JUNIN,SATIPO,PANGOA,120606,I-1,,ACTIVADO
GOBIERNO REGIONAL,CONGALLA,PUESTOS DE SALUD O POSTAS DE SALUD,HUANCAVELICA,ANGARAES,CONGALLA,90306,I-2,,ACTIVADO
GOBIERNO REGIONAL,SAN MARTIN DE PANGOA,HOSPITALES O CLINICAS DE ATENCION GENERAL,JUNIN,SATIPO,PANGOA,120606,II-1,18.0,ACTIVADO
GOBIERNO REGIONAL,PUERTO SAN ANTONIO,PUESTOS DE SALUD O POSTAS DE SALUD,HUANCAVELICA,TAYACAJA,ROBLE,90721,I-2,,ACTIVADO
GOBIERNO REGIONAL,HUALLHUA,PUESTOS DE SALUD O POSTAS DE SALUD,AYACUCHO,HUANTA,PUCACOLPA,50411,I-2,,ACTIVADO
GOBIERNO REGIONAL,VILLA MARIA,PUESTOS DE SALUD O POSTAS DE SALUD,JUNIN,SATIPO,PANGOA,120606,I-2,,ACTIVADO
GOBIERNO REGIONAL,SECCLLA,CENTROS DE SALUD O CENTROS MEDICOS,HUANCAVELICA,ANGARAES,SECCLLA,90312,I-3,,ACTIVADO
GOBIERNO REGIONAL,RURUNMARCA,PUESTOS DE SALUD O POSTAS DE SALUD,HUANCAVELICA,ACOBAMBA,CAJA,90204,I-1,,ACTIVADO
GOBIERNO REGIONAL,CARCOSI,PUESTOS DE SALUD O POSTAS DE SALUD,HUANCAVELICA,ANGARAES,CONGALLA,90306,I-1,,ACTIVADO
GOBIERNO REGIONAL,SAN RAMON DE PANGOA,CENTROS DE SALUD O CENTROS MEDICOS,JUNIN,SATIPO,PANGOA,120606,I-3,,ACTIVADO
GOBIERNO REGIONAL,HUANCA,PUESTOS DE SALUD O POSTAS DE SALUD,AYACUCHO,LUCANAS,SANTA LUCIA,50621,I-2,,ACTIVADO
GOBIERNO REGIONAL,CCOÑANI,PUESTOS DE SALUD O POSTAS DE SALUD,AYACUCHO,HUAMANGA,VINCHOS,50114,I-1,,ACTIVADO
GOBIERNO REGIONAL,SAN JOSE DE MIRAFLORES,PUESTOS DE SALUD O POSTAS DE SALUD,JUNIN,SATIPO,PANGOA,120606,I-2,,ACTIVADO
GOBIERNO REGIONAL,CUTICSA,PUESTOS DE SALUD O POSTAS DE SALUD,HUANCAVELICA,ANGARAES,SANTO TOMAS DE PATA,90311,I-1,,ACTIVADO
GOBIERNO REGIONAL,COCAS,PUESTOS DE SALUD O POSTAS DE SALUD,AYACUCHO,VICTOR FAJARDO,VILCANCHOS,51012,I-1,,ACTIVADO
GOBIERNO REGIONAL,MARCAVALLE,PUESTOS DE SALUD O POSTAS DE SALUD,HUANCAVELICA,TAYACAJA,HUACHOCOLPA,90707,I-1,,ACTIVADO
GOBIERNO REGIONAL,QUIÑASI,PUESTOS DE SALUD O POSTAS DE SALUD,AYACUCHO,CANGALLO,TOTOS,50206,I-1,,ACTIVADO
GOBIERNO REGIONAL,GALILEA,PUESTOS DE SALUD O POSTAS DE SALUD,UCAYALI,CORONEL PORTILLO,IPARIA,250103,I-2,,ACTIVADO
GOBIERNO REGIONAL,CAJA ESPIRITU,CENTROS DE SALUD O CENTROS MEDICOS,HUANCAVELICA,ACOBAMBA,CAJA,90204,I-3,,ACTIVADO
GOBIERNO REGIONAL,NUEVO AHUAYPA,PUESTOS DE SALUD O POSTAS DE SALUD,UCAYALI,CORONEL PORTILLO,IPARIA,250103,I-1,,ACTIVADO
GOBIERNO REGIONAL,FORTALEZA,PUESTOS DE SALUD O POSTAS DE SALUD,JUNIN,SATIPO,PANGOA,120606,I-2,,ACTIVADO
GOBIERNO REGIONAL,ALTO KIATARI,PUESTOS DE SALUD O POSTAS DE SALUD,JUNIN,SATIPO,PANGOA,120606,I-1,,ACTIVADO
GOBIERNO REGIONAL,SAN JUAN DE OCCOPAMPA,PUESTOS DE SALUD O POSTAS DE SALUD,HUANCAVELICA,CHURCAMPA,LOCROJA,90506,I-2,,ACTIVADO
GOBIERNO REGIONAL,LA MERCED DE CHUPAS,PUESTOS DE SALUD O POSTAS DE SALUD,HUANCAVELICA,CHURCAMPA,LOCROJA,90506,I-1,,ACTIVADO
GOBIERNO REGIONAL,BELLA ESPERANZA,"PUESTOS DE SALUD O POSTAS DE SALUD,PUESTOS DE SALUD O POSTAS DE SALUD",JUNIN,SATIPO,SATIPO,120601,I-1,,ACTIVADO
GOBIERNO REGIONAL,JUAN VELASCO ALVARADO,PUESTOS DE SALUD O POSTAS DE SALUD,UCAYALI,CORONEL PORTILLO,MANANTAY,250107,I-1,,ACTIVADO
GOBIERNO REGIONAL,SAN JERONIMO,PUESTOS DE SALUD O POSTAS DE SALUD,JUNIN,SATIPO,PANGOA,120606,I-1,,ACTIVADO
GOBIERNO REGIONAL,CHUYMAY,PUESTOS DE SALUD O POSTAS DE SALUD,AYACUCHO,CANGALLO,TOTOS,50206,I-1,,ACTIVADO
GOBIERNO REGIONAL,SANTA ELENA,PUESTOS DE SALUD O POSTAS DE SALUD,UCAYALI,CORONEL PORTILLO,CALLERIA,250101,I-1,,ACTIVADO
GOBIERNO REGIONAL,LOCROJA,CENTROS DE SALUD O CENTROS MEDICOS,HUANCAVELICA,CHURCAMPA,LOCROJA,90506,I-3,,ACTIVADO
GOBIERNO REGIONAL,HOSPITAL DE CAMANA,HOSPITALES O CLINICAS DE ATENCION GENERAL,AREQUIPA,CAMANA,CAMANA,40201,II-1,87.0,ACTIVADO
GOBIERNO REGIONAL,JAQUI,PUESTOS DE SALUD O POSTAS DE SALUD,AREQUIPA,CARAVELI,JAQUI,40310,I-2,,ACTIVADO
GOBIERNO REGIONAL,SN ANTONIO DE SONOMORO,CENTROS DE SALUD O CENTROS MEDICOS,JUNIN,SATIPO,PANGOA,120606,I-3,,ACTIVADO
GOBIERNO REGIONAL,IPARIA,CENTROS DE SALUD O CENTROS MEDICOS,UCAYALI,CORONEL PORTILLO,IPARIA,250103,I-2,,ACTIVADO
GOBIERNO REGIONAL,PUCACOLPA,PUESTOS DE SALUD O POSTAS DE SALUD,AYACUCHO,HUANTA,PUCACOLPA,50411,I-1,,ACTIVADO
GOBIERNO REGIONAL,NAYLAM DE SONOMORO,PUESTOS DE SALUD O POSTAS DE SALUD,JUNIN,SATIPO,PANGOA,120606,I-2,,ACTIVADO
GOBIERNO REGIONAL,RUMI TUMI,PUESTOS DE SALUD O POSTAS DE SALUD,LORETO,MAYNAS,NAPO,160107,I-1,,ACTIVADO
GOBIERNO REGIONAL,YAURICAN,PUESTOS DE SALUD O POSTAS DE SALUD,HUANCAVELICA,CHURCAMPA,LOCROJA,90506,I-1,,ACTIVADO
GOBIERNO REGIONAL,PALOMA,PUESTOS DE SALUD O POSTAS DE SALUD,HUANCAVELICA,ACOBAMBA,MARCAS,90205,I-1,,ACTIVADO
GOBIERNO REGIONAL,BOCA KIATARI,PUESTOS DE SALUD O POSTAS DE SALUD,JUNIN,SATIPO,PANGOA,120606,I-2,,ACTIVADO
GOBIERNO REGIONAL,COMUNIDAD NATIVA DE PANGA,PUESTOS DE SALUD O POSTAS DE SALUD,JUNIN,SATIPO,MAZAMARI,120604,I-2,,ACTIVADO
GOBIERNO REGIONAL,TZIRIARI,CENTROS DE SALUD O CENTROS MEDICOS,JUNIN,SATIPO,PANGOA,120606,I-3,,ACTIVADO
GOBIERNO REGIONAL,SHARARA,PUESTOS DE SALUD O POSTAS DE SALUD,UCAYALI,CORONEL PORTILLO,IPARIA,250103,I-2,,ACTIVADO
GOBIERNO REGIONAL,CAMPIRUSHARI,PUESTOS DE SALUD O POSTAS DE SALUD,JUNIN,SATIPO,PANGOA,120606,I-2,,ACTIVADO
GOBIERNO REGIONAL,SAN MIGUEL DE CALLERIA,PUESTOS DE SALUD O POSTAS DE SALUD,UCAYALI,CORONEL PORTILLO,CALLERIA,250101,I-1,,ACTIVADO
GOBIERNO REGIONAL,PUERTO NUEVO,PUESTOS DE SALUD O POSTAS DE SALUD,UCAYALI,CORONEL PORTILLO,IPARIA,250103,I-1,,ACTIVADO
GOBIERNO REGIONAL,TOMANGA,PUESTOS DE SALUD O POSTAS DE SALUD,AYACUCHO,VICTOR FAJARDO,SARHUA,51011,I-1,,ACTIVADO
GOBIERNO REGIONAL,MILLPO,PUESTOS DE SALUD O POSTAS DE SALUD,AYACUCHO,HUAMANGA,VINCHOS,50114,I-1,,ACTIVADO
GOBIERNO REGIONAL,MAICENA,PUESTOS DE SALUD O POSTAS DE SALUD,HUANCAVELICA,ANGARAES,SAN ANTONIO DE ANTAPARCO,90310,I-1,,ACTIVADO
GOBIERNO REGIONAL,SAN JUAN CULLUHUANCCA,PUESTOS DE SALUD O POSTAS DE SALUD,AYACUCHO,HUAMANGA,VINCHOS,50114,I-1,,ACTIVADO
GOBIERNO REGIONAL,HUACRACHIRO,PUESTOS DE SALUD O POSTAS DE SALUD,LORETO,REQUENA,PUINAHUA,160506,I-1,,ACTIVADO
GOBIERNO REGIONAL,SAISA,PUESTOS DE SALUD O POSTAS DE SALUD,AYACUCHO,LUCANAS,SAISA,50614,I-1,,ACTIVADO
GOBIERNO REGIONAL,SANTA ROSA DE DINAMARCA,PUESTOS DE SALUD O POSTAS DE SALUD,UCAYALI,CORONEL PORTILLO,MASISEA,250104,I-1,,ACTIVADO
GOBIERNO REGIONAL,EXITO,PUESTOS DE SALUD O POSTAS DE SALUD,UCAYALI,CORONEL PORTILLO,CALLERIA,250101,I-1,,ACTIVADO
GOBIERNO REGIONAL,PIURA,PUESTOS DE SALUD O POSTAS DE SALUD,LORETO,LORETO,TIGRE,160303,I-1,,ACTIVADO
GOBIERNO REGIONAL,FATIMA,PUESTOS DE SALUD O POSTAS DE SALUD,LORETO,REQUENA,ALTO TAPICHE,160502,I-1,,ACTIVADO
GOBIERNO REGIONAL,NUEVO SAN JUAN,PUESTOS DE SALUD O POSTAS DE SALUD,UCAYALI,CORONEL PORTILLO,MANANTAY,250107,I-2,,ACTIVADO
GOBIERNO REGIONAL,SAN ANTONIO DE ANTAPARCO,PUESTOS DE SALUD O POSTAS DE SALUD,HUANCAVELICA,ANGARAES,SAN ANTONIO DE ANTAPARCO,90310,I-1,,ACTIVADO
GOBIERNO REGIONAL,SANTO DOMINGO DE MASHANGAY,PUESTOS DE SALUD O POSTAS DE SALUD,UCAYALI,CORONEL PORTILLO,CALLERIA,250101,I-2,,ACTIVADO
GOBIERNO REGIONAL,SANTA ROSA COCHAS,PUESTOS DE SALUD O POSTAS DE SALUD,AYACUCHO,HUANCA SANCOS,SANTIAGO DE LUCANAMARCA,50304,I-1,,ACTIVADO
GOBIERNO REGIONAL,CUBANTIA,PUESTOS DE SALUD O POSTAS DE SALUD,JUNIN,SATIPO,PANGOA,120606,I-2,,ACTIVADO
GOBIERNO REGIONAL,NUEVO PARAISO,PUESTOS DE SALUD O POSTAS DE SALUD,UCAYALI,CORONEL PORTILLO,MASISEA,250104,I-1,,ACTIVADO
GOBIERNO REGIONAL,CIUDAD DE DIOS,PUESTOS DE SALUD O POSTAS DE SALUD,JUNIN,SATIPO,PANGOA,120606,I-2,,ACTIVADO
GOBIERNO REGIONAL,LIBERTAD DEL TIGRE,PUESTOS DE SALUD O POSTAS DE SALUD,LORETO,LORETO,TIGRE,160303,I-1,,ACTIVADO
GOBIERNO REGIONAL,PACCHA,PUESTOS DE SALUD O POSTAS DE SALUD,AYACUCHO,HUAMANGA,VINCHOS,50114,I-2,,ACTIVADO
GOBIERNO REGIONAL,SAN ANTONIO DE FORTALEZA,PUESTOS DE SALUD O POSTAS DE SALUD,LORETO,REQUENA,ALTO TAPICHE,160502,I-1,,ACTIVADO
GOBIERNO REGIONAL,PUNKUPATA,PUESTOS DE SALUD O POSTAS DE SALUD,AYACUCHO,CANGALLO,CHUSCHI,50202,I-1,,ACTIVADO
GOBIERNO REGIONAL,SAN PEDRO DE CACHI,PUESTOS DE SALUD O POSTAS DE SALUD,AYACUCHO,HUAMANGA,SANTIAGO DE PISCHA,50111,I-1,,ACTIVADO
GOBIERNO REGIONAL,SAN MIGUEL DE MAYOCC,PUESTOS DE SALUD O POSTAS DE SALUD,HUANCAVELICA,CHURCAMPA,SAN MIGUEL DE MAYOCC,90508,I-1,,ACTIVADO
GOBIERNO REGIONAL,CHURCAMPA,CENTROS DE SALUD CON CAMAS DE INTERNAMIENTO,HUANCAVELICA,CHURCAMPA,CHURCAMPA,90501,I-4,8.0,ACTIVADO
GOBIERNO REGIONAL,VILLA PROGRESO DE EDEN,PUESTOS DE SALUD O POSTAS DE SALUD,JUNIN,SATIPO,MAZAMARI,120604,I-1,,ACTIVADO
GOBIERNO REGIONAL,SAN JOSE DE HUARCAYA,PUESTOS DE SALUD O POSTAS DE SALUD,AYACUCHO,HUANCA SANCOS,SANTIAGO DE LUCANAMARCA,50304,I-1,,ACTIVADO
GOBIERNO REGIONAL,BUENOS AIRES -TZIRIARI,PUESTOS DE SALUD O POSTAS DE SALUD,JUNIN,SATIPO,MAZAMARI,120604,I-1,,ACTIVADO
GOBIERNO REGIONAL,HUARCATAN,PUESTOS DE SALUD O POSTAS DE SALUD,AYACUCHO,HUANTA,PUCACOLPA,50411,I-1,,ACTIVADO
GOBIERNO REGIONAL,NUEVO BAGAZAN,PUESTOS DE SALUD O POSTAS DE SALUD,UCAYALI,CORONEL PORTILLO,MANANTAY,250107,I-1,,ACTIVADO
GOBIERNO REGIONAL,SANTA TERESA DE SHINUYA,PUESTOS DE SALUD O POSTAS DE SALUD,UCAYALI,CORONEL PORTILLO,MANANTAY,250107,I-1,,ACTIVADO
GOBIERNO REGIONAL,SANTA RITA DE CASTILLA,CENTROS DE SALUD O CENTROS MEDICOS,LORETO,LORETO,PARINARI,160302,I-3,,ACTIVADO
GOBIERNO REGIONAL,CATALINAYOC,PUESTOS DE SALUD O POSTAS DE SALUD,AYACUCHO,CANGALLO,CHUSCHI,50202,I-1,,ACTIVADO
GOBIERNO REGIONAL,JERUSALEN DE MIÑARO DE NOMESTSIGUENGA,PUESTOS DE SALUD O POSTAS DE SALUD,JUNIN,SATIPO,PANGOA,120606,I-1,,ACTIVADO
GOBIERNO REGIONAL,LARAMATE,PUESTOS DE SALUD O POSTAS DE SALUD,AYACUCHO,HUAMANGA,SANTIAGO DE PISCHA,50111,I-1,,ACTIVADO
GOBIERNO REGIONAL,LOS ÁNGELES DE EDEN,PUESTOS DE SALUD O POSTAS DE SALUD,JUNIN,SATIPO,PANGOA,120606,I-1,,ACTIVADO
GOBIERNO REGIONAL,PORTA CRUZ,PUESTOS DE SALUD O POSTAS DE SALUD,AYACUCHO,HUANCA SANCOS,CARAPO,50302,I-1,,ACTIVADO
GOBIERNO REGIONAL,ÑAUPALLACCTA,PUESTOS DE SALUD O POSTAS DE SALUD,AYACUCHO,HUAMANGA,VINCHOS,50114,I-1,,ACTIVADO
GOBIERNO REGIONAL,SANTA ROSA DE MASISEA,PUESTOS DE SALUD O POSTAS DE SALUD,UCAYALI,CORONEL PORTILLO,MASISEA,250104,I-1,,ACTIVADO
GOBIERNO REGIONAL,PAMPA CCORIS,PUESTOS DE SALUD O POSTAS DE SALUD,AYACUCHO,HUANTA,AYAHUANCO,50402,I-1,,ACTIVADO
GOBIERNO REGIONAL,LUCANAMARCA,PUESTOS DE SALUD O POSTAS DE SALUD,AYACUCHO,HUANCA SANCOS,SANTIAGO DE LUCANAMARCA,50304,I-2,,ACTIVADO
GOBIERNO REGIONAL,CHEQUITAVO,PUESTOS DE SALUD O POSTAS DE SALUD,UCAYALI,ATALAYA,RAIMONDI,250201,I-1,,ACTIVADO
GOBIERNO REGIONAL,MOLINOS (RUMIHUASI),PUESTOS DE SALUD O POSTAS DE SALUD,AYACUCHO,HUAMANGA,SAN JOSE DE TICLLAS,50109,I-1,,ACTIVADO
GOBIERNO REGIONAL,GLORIABAMBA,PUESTOS DE SALUD O POSTAS DE SALUD,JUNIN,SATIPO,MAZAMARI,120604,I-1,,ACTIVADO
GOBIERNO REGIONAL,MAZARONQUIARI,PUESTOS DE SALUD O POSTAS DE SALUD,JUNIN,SATIPO,PANGOA,120606,I-1,,ACTIVADO
GOBIERNO REGIONAL,CHINCHO,PUESTOS DE SALUD O POSTAS DE SALUD,HUANCAVELICA,ANGARAES,CHINCHO,90305,I-1,,ACTIVADO
GOBIERNO REGIONAL,SANTA ISABEL DE  BAHUANISHO,PUESTOS DE SALUD O POSTAS DE SALUD,UCAYALI,CORONEL PORTILLO,MANANTAY,250107,I-1,,ACTIVADO
GOBIERNO REGIONAL,PUESTO DE SALUD ATIQUIPA,PUESTOS DE SALUD O POSTAS DE SALUD,AREQUIPA,CARAVELI,ATIQUIPA,40304,I-2,,ACTIVADO
GOBIERNO REGIONAL,PUESTO DE SALUD SANTA ROSA,PUESTOS DE SALUD O POSTAS DE SALUD,AREQUIPA,CARAVELI,ATIQUIPA,40304,I-1,,ACTIVADO
GOBIERNO REGIONAL,UTUCURO,PUESTOS DE SALUD O POSTAS DE SALUD,UCAYALI,CORONEL PORTILLO,IPARIA,250103,I-1,,ACTIVADO
GOBIERNO REGIONAL,QOCHACC,PUESTOS DE SALUD O POSTAS DE SALUD,AYACUCHO,HUANTA,AYAHUANCO,50402,I-1,,ACTIVADO
GOBIERNO REGIONAL,SANTA CARMELA DE MASHANGAY,PUESTOS DE SALUD O POSTAS DE SALUD,UCAYALI,CORONEL PORTILLO,CALLERIA,250101,I-1,,ACTIVADO
GOBIERNO REGIONAL,SAN CARLOS DEL PUINHUA,PUESTOS DE SALUD O POSTAS DE SALUD,LORETO,REQUENA,PUINAHUA,160506,I-1,,ACTIVADO
GOBIERNO REGIONAL,CHUQUI HUARCAYA,PUESTOS DE SALUD O POSTAS DE SALUD,AYACUCHO,VICTOR FAJARDO,SARHUA,51011,I-1,,ACTIVADO
GOBIERNO REGIONAL,VINCHOS,CENTROS DE SALUD O CENTROS MEDICOS,AYACUCHO,HUAMANGA,VINCHOS,50114,I-3,,ACTIVADO
GOBIERNO REGIONAL,CHUSCHI,CENTROS DE SALUD O CENTROS MEDICOS,AYACUCHO,CANGALLO,CHUSCHI,50202,I-3,,ACTIVADO
GOBIERNO REGIONAL,PUTACCA,CENTROS DE SALUD O CENTROS MEDICOS,AYACUCHO,HUAMANGA,VINCHOS,50114,I-3,,ACTIVADO
GOBIERNO REGIONAL,MAYHUAVILCA,PUESTOS DE SALUD O POSTAS DE SALUD,AYACUCHO,HUANTA,AYAHUANCO,50402,I-1,,ACTIVADO
GOBIERNO REGIONAL,BRETAÑA,CENTROS DE SALUD O CENTROS MEDICOS,LORETO,REQUENA,PUINAHUA,160506,I-3,,ACTIVADO
GOBIERNO REGIONAL,CENTRO SAURENI,PUESTOS DE SALUD O POSTAS DE SALUD,JUNIN,SATIPO,PANGOA,120606,I-1,,ACTIVADO
GOBIERNO REGIONAL,AUQUILLA,PUESTOS DE SALUD O POSTAS DE SALUD,AYACUCHO,VICTOR FAJARDO,SARHUA,51011,I-1,,ACTIVADO
GOBIERNO REGIONAL,PUERTO BELEN,,UCAYALI,CORONEL PORTILLO,IPARIA,250103,I-2,,ACTIVADO
GOBIERNO REGIONAL,SANTA ELENA,PUESTOS DE SALUD O POSTAS DE SALUD,JUNIN,SATIPO,PANGOA,120606,I-1,,ACTIVADO
GOBIERNO REGIONAL,NUEVA ALIANZA,PUESTOS DE SALUD O POSTAS DE SALUD,UCAYALI,CORONEL PORTILLO,CALLERIA,250101,I-1,,ACTIVADO
GOBIERNO REGIONAL,ARIZONA,PUESTOS DE SALUD O POSTAS DE SALUD,AYACUCHO,HUAMANGA,VINCHOS,50114,I-1,,ACTIVADO
GOBIERNO REGIONAL,SAN MARTIN DE TIO PAMPA,PUESTOS DE SALUD O POSTAS DE SALUD,AYACUCHO,HUANCA SANCOS,SANTIAGO DE LUCANAMARCA,50304,I-1,,ACTIVADO
GOBIERNO REGIONAL,NUEVO UTUQUINIA,PUESTOS DE SALUD O POSTAS DE SALUD,UCAYALI,CORONEL PORTILLO,CALLERIA,250101,I-1,,ACTIVADO
GOBIERNO REGIONAL,TAULLI,PUESTOS DE SALUD O POSTAS DE SALUD,AYACUCHO,HUANCA SANCOS,CARAPO,50302,I-1,,ACTIVADO
GOBIERNO REGIONAL,HUANCASANCOS,CENTROS DE SALUD CON CAMAS DE INTERNAMIENTO,AYACUCHO,HUANCA SANCOS,SANCOS,50301,I-4,,ACTIVADO
GOBIERNO REGIONAL,ROSASPATA,PUESTOS DE SALUD O POSTAS DE SALUD,AYACUCHO,HUAMANGA,VINCHOS,50114,I-1,,ACTIVADO
GOBIERNO REGIONAL,SAN JOSE DE TICCLAS,PUESTOS DE SALUD O POSTAS DE SALUD,AYACUCHO,HUAMANGA,SAN JOSE DE TICLLAS,50109,I-1,,ACTIVADO
GOBIERNO REGIONAL,HUARPA,PUESTOS DE SALUD O POSTAS DE SALUD,HUANCAVELICA,ACOBAMBA,MARCAS,90205,I-1,,ACTIVADO
GOBIERNO REGIONAL,VIRACOCHAN,CENTROS DE SALUD O CENTROS MEDICOS,AYACUCHO,HUANTA,AYAHUANCO,50402,I-3,,ACTIVADO
GOBIERNO REGIONAL,ATACOCHA,PUESTOS DE SALUD O POSTAS DE SALUD,AYACUCHO,HUAMANGA,SANTIAGO DE PISCHA,50111,I-1,,ACTIVADO
GOBIERNO REGIONAL,CUCHUQUESERA,PUESTOS DE SALUD O POSTAS DE SALUD,AYACUCHO,CANGALLO,CHUSCHI,50202,I-1,,ACTIVADO
GOBIERNO REGIONAL,ANGUSILLA,PUESTOS DE SALUD O POSTAS DE SALUD,LORETO,PUTUMAYO,TENIENTE MANUEL CLAVERO,160803,I-1,,ACTIVADO
GOBIERNO REGIONAL,SAN LUIS,PUESTOS DE SALUD O POSTAS DE SALUD,AYACUCHO,LUCANAS,SANCOS,50619,I-1,,ACTIVADO
GOBIERNO REGIONAL,SARHUA,PUESTOS DE SALUD O POSTAS DE SALUD,AYACUCHO,VICTOR FAJARDO,SARHUA,51011,I-2,,ACTIVADO
GOBIERNO REGIONAL,CARAPO,PUESTOS DE SALUD O POSTAS DE SALUD,AYACUCHO,HUANCA SANCOS,CARAPO,50302,I-2,,ACTIVADO
GOBIERNO REGIONAL,CAIMITO,PUESTOS DE SALUD O POSTAS DE SALUD,UCAYALI,CORONEL PORTILLO,MASISEA,250104,I-2,,ACTIVADO
GOBIERNO REGIONAL,VISTA ALEGRE DEL VALLE DE SANTA CRUZ,PUESTOS DE SALUD O POSTAS DE SALUD,JUNIN,SATIPO,RIO TAMBO,120608,I-2,,ACTIVADO
GOBIERNO REGIONAL,SAN JUAN DE SANGARENI,PUESTOS DE SALUD O POSTAS DE SALUD,JUNIN,SATIPO,PANGOA,120606,I-1,,ACTIVADO
GOBIERNO REGIONAL,CANCHA CANCHA,PUESTOS DE SALUD O POSTAS DE SALUD,AYACUCHO,CANGALLO,CHUSCHI,50202,I-1,,ACTIVADO
GOBIERNO REGIONAL,SACSAMARCA,PUESTOS DE SALUD O POSTAS DE SALUD,AYACUCHO,HUANCA SANCOS,SACSAMARCA,50303,I-2,,ACTIVADO
GOBIERNO REGIONAL,MANCHIRI,PUESTOS DE SALUD O POSTAS DE SALUD,AYACUCHO,HUANCA SANCOS,CARAPO,50302,I-1,,ACTIVADO
GOBIERNO REGIONAL,SAN RAFAEL,PUESTOS DE SALUD O POSTAS DE SALUD,AYACUCHO,HUAMANGA,SOCOS,50112,I-1,,ACTIVADO
GOBIERNO REGIONAL,PUERTO OCOPA,CENTROS DE SALUD O CENTROS MEDICOS,JUNIN,SATIPO,RIO TAMBO,120608,I-3,,ACTIVADO
GOBIERNO REGIONAL,LUYANTA,PUESTOS DE SALUD O POSTAS DE SALUD,AYACUCHO,HUAMANGA,SOCOS,50112,I-1,,ACTIVADO
GOBIERNO REGIONAL,COLONIA DEL CACO.,PUESTOS DE SALUD O POSTAS DE SALUD,UCAYALI,CORONEL PORTILLO,IPARIA,250103,I-1,,ACTIVADO
GOBIERNO REGIONAL,SANTIAGO DE PISCHA,PUESTOS DE SALUD O POSTAS DE SALUD,AYACUCHO,HUAMANGA,SANTIAGO DE PISCHA,50111,I-1,,ACTIVADO
GOBIERNO REGIONAL,BELLAVISTA,PUESTOS DE SALUD O POSTAS DE SALUD,AYACUCHO,HUAMANGA,SAN JOSE DE TICLLAS,50109,I-1,,ACTIVADO
GOBIERNO REGIONAL,MASISEA,CENTROS DE SALUD O CENTROS MEDICOS,UCAYALI,CORONEL PORTILLO,MASISEA,250104,I-3,,ACTIVADO
GOBIERNO REGIONAL,LOS MANANTIALES,PUESTOS DE SALUD O POSTAS DE SALUD,JUNIN,SATIPO,PANGOA,120606,I-1,,ACTIVADO
GOBIERNO REGIONAL,ARANHUAY,PUESTOS DE SALUD O POSTAS DE SALUD,AYACUCHO,HUANTA,SANTILLANA,50406,I-1,,ACTIVADO
GOBIERNO REGIONAL,AZANGARO,PUESTOS DE SALUD O POSTAS DE SALUD,AYACUCHO,HUANTA,LURICOCHA,50405,I-1,,ACTIVADO
GOBIERNO REGIONAL,NUEVA BETANIA,PUESTOS DE SALUD O POSTAS DE SALUD,UCAYALI,CORONEL PORTILLO,CALLERIA,250101,I-1,,ACTIVADO
GOBIERNO REGIONAL,SANTA ROSA DE COCHABAMBA,PUESTOS DE SALUD O POSTAS DE SALUD,AYACUCHO,HUAMANGA,SOCOS,50112,I-1,,ACTIVADO
GOBIERNO REGIONAL,NEW YORK,PUESTOS DE SALUD O POSTAS DE SALUD,LORETO,LORETO,NAUTA,160301,I-1,,ACTIVADO
GOBIERNO REGIONAL,PATARA,PUESTOS DE SALUD O POSTAS DE SALUD,AYACUCHO,VICTOR FAJARDO,HUAMANQUIQUIA,51008,I-1,,ACTIVADO
GOBIERNO REGIONAL,AYAHUANCO,PUESTOS DE SALUD O POSTAS DE SALUD,AYACUCHO,HUANTA,AYAHUANCO,50402,I-1,,ACTIVADO
GOBIERNO REGIONAL,SOCOS,PUESTOS DE SALUD O POSTAS DE SALUD,AYACUCHO,HUAMANGA,SOCOS,50112,I-2,,ACTIVADO
GOBIERNO REGIONAL,CHACOLLA,PUESTOS DE SALUD O POSTAS DE SALUD,AYACUCHO,CANGALLO,CHUSCHI,50202,I-1,,ACTIVADO
GOBIERNO REGIONAL,TINCA,PUESTOS DE SALUD O POSTAS DE SALUD,AYACUCHO,VICTOR FAJARDO,HUAMANQUIQUIA,51008,I-1,,ACTIVADO
GOBIERNO REGIONAL,LEONCIO PRADO,PUESTOS DE SALUD O POSTAS DE SALUD,LORETO,LORETO,PARINARI,160302,I-1,,ACTIVADO
GOBIERNO REGIONAL,VARGAS GUERRA,PUESTOS DE SALUD O POSTAS DE SALUD,UCAYALI,CORONEL PORTILLO,MASISEA,250104,I-1,,ACTIVADO
GOBIERNO REGIONAL,SANTA CRUZ DE ANAPATI,PUESTOS DE SALUD O POSTAS DE SALUD,JUNIN,SATIPO,PANGOA,120606,I-1,,ACTIVADO
GOBIERNO REGIONAL,BELLAVISTA DE TENIENTE MANUEL CLAVERO,PUESTOS DE SALUD O POSTAS DE SALUD,LORETO,PUTUMAYO,TENIENTE MANUEL CLAVERO,160803,I-1,,ACTIVADO
GOBIERNO REGIONAL,TAMANCO VIEJO,PUESTOS DE SALUD O POSTAS DE SALUD,LORETO,REQUENA,EMILIO SAN MARTIN,160504,I-2,,ACTIVADO
GOBIERNO REGIONAL,ÑUÑUNHUAYCCO,PUESTOS DE SALUD O POSTAS DE SALUD,AYACUCHO,CANGALLO,MARIA PARADO DE BELLIDO,50204,I-1,,ACTIVADO
GOBIERNO REGIONAL,ALTO CHENCORENI,PUESTOS DE SALUD O POSTAS DE SALUD,UCAYALI,ATALAYA,RAIMONDI,250201,I-1,,ACTIVADO
GOBIERNO REGIONAL,SAN LUIS ALTA,PUESTOS DE SALUD O POSTAS DE SALUD,AYACUCHO,LUCANAS,SANCOS,50619,I-1,,ACTIVADO
GOBIERNO REGIONAL,LLAMOCCTACHI,PUESTOS DE SALUD O POSTAS DE SALUD,HUANCAVELICA,ANGARAES,CHINCHO,90305,I-1,,ACTIVADO
GOBIERNO REGIONAL,ISLA LIBERTAD,PUESTOS DE SALUD O POSTAS DE SALUD,UCAYALI,CORONEL PORTILLO,MASISEA,250104,I-1,,ACTIVADO
GOBIERNO REGIONAL,SANTIAGO DE VADO,PUESTOS DE SALUD O POSTAS DE SALUD,AYACUCHO,LUCANAS,LUCANAS,50611,I-1,,ACTIVADO
GOBIERNO REGIONAL,SANTA SOFIA,PUESTOS DE SALUD O POSTAS DE SALUD,UCAYALI,CORONEL PORTILLO,CALLERIA,250101,I-1,,ACTIVADO
GOBIERNO REGIONAL,LURICOCHA,CENTROS DE SALUD O CENTROS MEDICOS,AYACUCHO,HUANTA,LURICOCHA,50405,I-3,,ACTIVADO
GOBIERNO REGIONAL,SANTA  FILOMENA,CENTROS DE SALUD O CENTROS MEDICOS,AYACUCHO,LUCANAS,SANCOS,50619,I-3,,ACTIVADO
GOBIERNO REGIONAL,HUAMANQUIQUIA,PUESTOS DE SALUD O POSTAS DE SALUD,AYACUCHO,VICTOR FAJARDO,HUAMANQUIQUIA,51008,I-2,,ACTIVADO
GOBIERNO REGIONAL,MANZANAYOCC,PUESTOS DE SALUD O POSTAS DE SALUD,AYACUCHO,HUAMANGA,SOCOS,50112,I-1,,ACTIVADO
GOBIERNO REGIONAL,CHIHUA,PUESTOS DE SALUD O POSTAS DE SALUD,AYACUCHO,HUANTA,IGUAIN,50404,I-1,,ACTIVADO
GOBIERNO REGIONAL,QUINRAPA,PUESTOS DE SALUD O POSTAS DE SALUD,AYACUCHO,HUANTA,HUANTA,50401,I-1,,ACTIVADO
GOBIERNO REGIONAL,SATICA,PUESTOS DE SALUD O POSTAS DE SALUD,AYACUCHO,CANGALLO,LOS MOROCHUCOS,50203,I-1,,ACTIVADO
GOBIERNO REGIONAL,BELLA FLOR,PUESTOS DE SALUD O POSTAS DE SALUD,UCAYALI,CORONEL PORTILLO,MASISEA,250104,I-2,,ACTIVADO
GOBIERNO REGIONAL,SAN VICENTE DE CANAAN,CENTROS DE SALUD O CENTROS MEDICOS,JUNIN,SATIPO,RIO TAMBO,120608,I-3,,ACTIVADO
GOBIERNO REGIONAL,ALLPACHACA,PUESTOS DE SALUD O POSTAS DE SALUD,AYACUCHO,HUAMANGA,CHIARA,50105,I-1,,ACTIVADO
GOBIERNO REGIONAL,CCONTACC,PUESTOS DE SALUD O POSTAS DE SALUD,AYACUCHO,LUCANAS,LUCANAS,50611,I-1,,ACTIVADO
GOBIERNO REGIONAL,SIMPAPATA,CENTROS DE SALUD O CENTROS MEDICOS,AYACUCHO,HUAMANGA,SAN JOSE DE TICLLAS,50109,I-3,,ACTIVADO
GOBIERNO REGIONAL,RANCHA,PUESTOS DE SALUD O POSTAS DE SALUD,AYACUCHO,HUAMANGA,AYACUCHO,50101,I-1,,ACTIVADO
GOBIERNO REGIONAL,PUERTO BETHEL,PUESTOS DE SALUD O POSTAS DE SALUD,UCAYALI,CORONEL PORTILLO,CALLERIA,250101,I-1,,ACTIVADO
GOBIERNO REGIONAL,NUEVA ESPERANZA DE TENIENTE MANUEL CLAVERO,PUESTOS DE SALUD O POSTAS DE SALUD,LORETO,PUTUMAYO,TENIENTE MANUEL CLAVERO,160803,I-1,,ACTIVADO
GOBIERNO REGIONAL,SANTA ISABEL DE YUMBATURO,PUESTOS DE SALUD O POSTAS DE SALUD,LORETO,LORETO,PARINARI,160302,I-1,,ACTIVADO
GOBIERNO REGIONAL,SAN JOSE DE SECCE,CENTROS DE SALUD CON CAMAS DE INTERNAMIENTO,AYACUCHO,HUANTA,SANTILLANA,50406,I-4,,ACTIVADO
GOBIERNO REGIONAL,LA COMPAÑIA,PUESTOS DE SALUD O POSTAS DE SALUD,AYACUCHO,HUAMANGA,PACAYCASA,50107,I-1,,ACTIVADO
GOBIERNO REGIONAL,PAMPA HUASI,PUESTOS DE SALUD O POSTAS DE SALUD,AYACUCHO,LUCANAS,LUCANAS,50611,I-1,,ACTIVADO
GOBIERNO REGIONAL,MAYNAY,PUESTOS DE SALUD O POSTAS DE SALUD,AYACUCHO,HUANTA,HUANTA,50401,I-1,,ACTIVADO
GOBIERNO REGIONAL,"HOSPITAL DE APOYO DE HUANTA ""DANIEL ALCIDES CARRIÓN""",HOSPITALES O CLINICAS DE ATENCION GENERAL,AYACUCHO,HUANTA,HUANTA,50401,II-1,56.0,ACTIVADO
GOBIERNO REGIONAL,HUASCAHURA,PUESTOS DE SALUD O POSTAS DE SALUD,AYACUCHO,HUAMANGA,AYACUCHO,50101,I-1,,ACTIVADO
GOBIERNO REGIONAL,SEÑOR DE LUREN,PUESTOS DE SALUD O POSTAS DE SALUD,AYACUCHO,LUCANAS,SAN CRISTOBAL,50615,I-1,,ACTIVADO
GOBIERNO REGIONAL,ALLCOHUILLCA,PUESTOS DE SALUD O POSTAS DE SALUD,AYACUCHO,HUANTA,IGUAIN,50404,I-1,,ACTIVADO
GOBIERNO REGIONAL,CENTRO DE SALUD CHALA,CENTROS DE SALUD O CENTROS MEDICOS,AREQUIPA,CARAVELI,CHALA,40307,I-3,,ACTIVADO
GOBIERNO REGIONAL,PALLCA,PUESTOS DE SALUD O POSTAS DE SALUD,AYACUCHO,HUANCA SANCOS,SACSAMARCA,50303,I-1,,ACTIVADO
GOBIERNO REGIONAL,UNION PUERTO ASHANINKA,PUESTOS DE SALUD O POSTAS DE SALUD,JUNIN,SATIPO,PANGOA,120606,I-1,,ACTIVADO
GOBIERNO REGIONAL,HUAYLLAY,PUESTOS DE SALUD O POSTAS DE SALUD,AYACUCHO,HUANTA,LURICOCHA,50405,I-1,,ACTIVADO
GOBIERNO REGIONAL,CARAMPA,PUESTOS DE SALUD O POSTAS DE SALUD,AYACUCHO,VICTOR FAJARDO,ALCAMENCA,51002,I-1,,ACTIVADO
GOBIERNO REGIONAL,CCACCAS,PUESTOS DE SALUD O POSTAS DE SALUD,AYACUCHO,HUANTA,HUANTA,50401,I-1,,ACTIVADO
ESSALUD,HUANTA,CENTROS DE SALUD O CENTROS MEDICOS,AYACUCHO,HUANTA,HUANTA,50401,I-3,,ACTIVADO
GOBIERNO REGIONAL,MAZARAY,PUESTOS DE SALUD O POSTAS DE SALUD,UCAYALI,CORONEL PORTILLO,CALLERIA,250101,I-1,,ACTIVADO
GOBIERNO REGIONAL,MARQARAQAY,PUESTOS DE SALUD O POSTAS DE SALUD,AYACUCHO,HUANTA,SANTILLANA,50406,I-1,,ACTIVADO
GOBIERNO REGIONAL,POMABAMBA,CENTROS DE SALUD O CENTROS MEDICOS,AYACUCHO,CANGALLO,MARIA PARADO DE BELLIDO,50204,I-3,,ACTIVADO
GOBIERNO REGIONAL,MORRO DE ARICA,PUESTOS DE SALUD O POSTAS DE SALUD,AYACUCHO,HUAMANGA,AYACUCHO,50101,I-2,,ACTIVADO
GOBIERNO REGIONAL,BELEN,CENTROS DE SALUD O CENTROS MEDICOS,AYACUCHO,HUAMANGA,AYACUCHO,50101,I-3,,ACTIVADO
GOBIERNO REGIONAL,LUCANAS,CENTROS DE SALUD O CENTROS MEDICOS,AYACUCHO,LUCANAS,LUCANAS,50611,I-3,,ACTIVADO
GOBIERNO REGIONAL,MOLLEPATA,PUESTOS DE SALUD O POSTAS DE SALUD,AYACUCHO,HUAMANGA,AYACUCHO,50101,I-2,,ACTIVADO
GOBIERNO REGIONAL,BARRIOS ALTOS,PUESTOS DE SALUD O POSTAS DE SALUD,AYACUCHO,HUAMANGA,AYACUCHO,50101,I-1,,ACTIVADO
GOBIERNO REGIONAL,SANTA ANA,PUESTOS DE SALUD O POSTAS DE SALUD,AYACUCHO,HUAMANGA,AYACUCHO,50101,I-1,,ACTIVADO
GOBIERNO REGIONAL,LICENCIADOS,CENTROS DE SALUD CON CAMAS DE INTERNAMIENTO,AYACUCHO,HUAMANGA,AYACUCHO,50101,I-4,,ACTIVADO
GOBIERNO REGIONAL,MANCO CAPAC,PUESTOS DE SALUD O POSTAS DE SALUD,LORETO,REQUENA,PUINAHUA,160506,I-1,,ACTIVADO
GOBIERNO REGIONAL,HUANCAYOCC,PUESTOS DE SALUD O POSTAS DE SALUD,AYACUCHO,HUANTA,HUANTA,50401,I-1,,ACTIVADO
GOBIERNO REGIONAL,JUSCAYMARCA,PUESTOS DE SALUD O POSTAS DE SALUD,AYACUCHO,CANGALLO,LOS MOROCHUCOS,50203,I-1,,ACTIVADO
GOBIERNO REGIONAL,PALCA,PUESTOS DE SALUD O POSTAS DE SALUD,AYACUCHO,LUCANAS,SANCOS,50619,I-1,,ACTIVADO
GOBIERNO REGIONAL,SISTEMA DE ATENCION MOVIL DE URGENCIA-SAMU,SERVICIO DE TRASLADO DE PACIENTES,AYACUCHO,HUAMANGA,AYACUCHO,50101,Sin Categoría,,ACTIVADO
GOBIERNO REGIONAL,CARMEN ALTO,CENTROS DE SALUD O CENTROS MEDICOS,AYACUCHO,HUAMANGA,CARMEN ALTO,50104,I-3,,ACTIVADO
GOBIERNO REGIONAL,SANTA ROSA DE TAMAYA,PUESTOS DE SALUD O POSTAS DE SALUD,UCAYALI,CORONEL PORTILLO,MASISEA,250104,I-1,,ACTIVADO
GOBIERNO REGIONAL,"HOSPITAL REGIONAL DE AYACUCHO ""MIGUEL ANGEL MARISCAL LLERENA""",HOSPITALES O CLINICAS DE ATENCION GENERAL,AYACUCHO,HUAMANGA,AYACUCHO,50101,II-2,211.0,ACTIVADO
GOBIERNO REGIONAL,SAN ANTONIO DE CULLUCHACA,PUESTOS DE SALUD O POSTAS DE SALUD,AYACUCHO,HUANTA,HUANTA,50401,I-1,,ACTIVADO
GOBIERNO REGIONAL,SAN CRISTOBAL,CENTROS DE SALUD O CENTROS MEDICOS,AYACUCHO,LUCANAS,SAN CRISTOBAL,50615,I-3,,ACTIVADO
GOBIERNO REGIONAL,LLACHOCCMAYO,PUESTOS DE SALUD O POSTAS DE SALUD,AYACUCHO,HUAMANGA,CHIARA,50105,I-1,,ACTIVADO
GOBIERNO REGIONAL,VISTA ALEGRE,CENTROS DE SALUD O CENTROS MEDICOS,AYACUCHO,HUAMANGA,CARMEN ALTO,50104,I-3,,ACTIVADO
GOBIERNO REGIONAL,POKRAS,PUESTOS DE SALUD O POSTAS DE SALUD,AYACUCHO,HUAMANGA,CARMEN ALTO,50104,I-1,,ACTIVADO
GOBIERNO REGIONAL,OBENTENI,PUESTOS DE SALUD O POSTAS DE SALUD,UCAYALI,ATALAYA,RAIMONDI,250201,I-2,,ACTIVADO
GOBIERNO REGIONAL,ALTO CHICHIRENI,PUESTOS DE SALUD O POSTAS DE SALUD,JUNIN,SATIPO,PANGOA,120606,I-1,,ACTIVADO
GOBIERNO REGIONAL,CACO MACAYA,,UCAYALI,CORONEL PORTILLO,IPARIA,250103,I-2,,ACTIVADO
GOBIERNO REGIONAL,MATERENI,PUESTOS DE SALUD O POSTAS DE SALUD,JUNIN,SATIPO,PANGOA,120606,I-1,,ACTIVADO
GOBIERNO REGIONAL,YANAMA,PUESTOS DE SALUD O POSTAS DE SALUD,AYACUCHO,HUAMANGA,CARMEN ALTO,50104,I-1,,ACTIVADO
GOBIERNO REGIONAL,PACAYCASA,PUESTOS DE SALUD O POSTAS DE SALUD,AYACUCHO,HUAMANGA,PACAYCASA,50107,I-2,,ACTIVADO
GOBIERNO REGIONAL,CURIACA DEL CACO,PUESTOS DE SALUD O POSTAS DE SALUD,UCAYALI,CORONEL PORTILLO,IPARIA,250103,I-1,,ACTIVADO
GOBIERNO REGIONAL,HOSPITAL DE APOYO JESUS NAZARENO,HOSPITALES O CLINICAS DE ATENCION ESPECIALIZADA,AYACUCHO,HUAMANGA,JESUS NAZARENO,50115,II-E,24.0,ACTIVADO
GOBIERNO REGIONAL,LOS OLIVOS,CENTROS DE SALUD O CENTROS MEDICOS,AYACUCHO,HUAMANGA,SAN JUAN BAUTISTA,50110,I-3,,ACTIVADO
GOBIERNO REGIONAL,VILLA SAN CRISTOBAL,PUESTOS DE SALUD O POSTAS DE SALUD,AYACUCHO,HUAMANGA,JESUS NAZARENO,50115,I-1,,ACTIVADO
GOBIERNO REGIONAL,CHANQUIL,PUESTOS DE SALUD O POSTAS DE SALUD,AYACUCHO,CANGALLO,LOS MOROCHUCOS,50203,I-2,,ACTIVADO
GOBIERNO REGIONAL,SAN JUAN BAUTISTA,CENTROS DE SALUD CON CAMAS DE INTERNAMIENTO,AYACUCHO,HUAMANGA,SAN JUAN BAUTISTA,50110,I-4,,ACTIVADO
GOBIERNO REGIONAL,IGUAIN,PUESTOS DE SALUD O POSTAS DE SALUD,AYACUCHO,HUANTA,IGUAIN,50404,I-1,,ACTIVADO
GOBIERNO REGIONAL,CONCHOPATA,CENTROS DE SALUD O CENTROS MEDICOS,AYACUCHO,HUAMANGA,ANDRES AVELINO CACERES D.,50116,I-3,,ACTIVADO
GOBIERNO REGIONAL,CHARASMANA,PUESTOS DE SALUD O POSTAS DE SALUD,UCAYALI,CORONEL PORTILLO,MASISEA,250104,I-1,,ACTIVADO
GOBIERNO REGIONAL,PAOTI,PUESTOS DE SALUD O POSTAS DE SALUD,UCAYALI,ATALAYA,RAIMONDI,250201,I-1,,ACTIVADO
GOBIERNO REGIONAL,ÑAHUINPUQUIO,PUESTOS DE SALUD O POSTAS DE SALUD,AYACUCHO,HUAMANGA,SAN JUAN BAUTISTA,50110,I-2,,ACTIVADO
GOBIERNO REGIONAL,CHACA,PUESTOS DE SALUD O POSTAS DE SALUD,AYACUCHO,HUANTA,CHACA,50412,I-1,,ACTIVADO
GOBIERNO REGIONAL,CHIARA,PUESTOS DE SALUD O POSTAS DE SALUD,AYACUCHO,HUAMANGA,CHIARA,50105,I-2,,ACTIVADO
ESSALUD,METROPOLITANO,POLICLINICOS,AYACUCHO,HUAMANGA,AYACUCHO,50101,Sin Categoría,,ACTIVADO
GOBIERNO REGIONAL,ICHUPATA,PUESTOS DE SALUD O POSTAS DE SALUD,AYACUCHO,HUANTA,HUAMANGUILLA,50403,I-1,,ACTIVADO
GOBIERNO REGIONAL,YANAMILLA,PUESTOS DE SALUD O POSTAS DE SALUD,AYACUCHO,HUAMANGA,ANDRES AVELINO CACERES D.,50116,I-1,,ACTIVADO
ESSALUD,HOSPITAL II HUAMANGA,HOSPITALES O CLINICAS DE ATENCION GENERAL,AYACUCHO,HUAMANGA,SAN JUAN BAUTISTA,50110,II-1,66.0,ACTIVADO
GOBIERNO REGIONAL,MIRAFLORES,CENTROS DE SALUD O CENTROS MEDICOS,AYACUCHO,HUAMANGA,SAN JUAN BAUTISTA,50110,I-3,,ACTIVADO
GOBIERNO REGIONAL,JUNIN PABLO,PUESTOS DE SALUD O POSTAS DE SALUD,UCAYALI,CORONEL PORTILLO,MASISEA,250104,I-1,,ACTIVADO
GOBIERNO REGIONAL,SANTA ELENA,CENTROS DE SALUD O CENTROS MEDICOS,AYACUCHO,HUAMANGA,ANDRES AVELINO CACERES D.,50116,I-3,,ACTIVADO
GOBIERNO REGIONAL,PAMPA CANGALLO,CENTROS DE SALUD CON CAMAS DE INTERNAMIENTO,AYACUCHO,CANGALLO,LOS MOROCHUCOS,50203,I-4,,ACTIVADO
GOBIERNO REGIONAL,SAN JUAN DE LUCANAS,PUESTOS DE SALUD O POSTAS DE SALUD,AYACUCHO,LUCANAS,SAN JUAN,50616,I-1,,ACTIVADO
GOBIERNO REGIONAL,VISCATAN,PUESTOS DE SALUD O POSTAS DE SALUD,AYACUCHO,HUANTA,SANTILLANA,50406,I-1,,ACTIVADO
GOBIERNO REGIONAL,MUYURINA,PUESTOS DE SALUD O POSTAS DE SALUD,AYACUCHO,HUAMANGA,TAMBILLO,50113,I-2,,ACTIVADO
GOBIERNO REGIONAL,HUAMBO,PUESTOS DE SALUD O POSTAS DE SALUD,AYACUCHO,VICTOR FAJARDO,ALCAMENCA,51002,I-1,,ACTIVADO
GOBIERNO REGIONAL,HUALLCHANCCA,PUESTOS DE SALUD O POSTAS DE SALUD,AYACUCHO,CANGALLO,LOS MOROCHUCOS,50203,I-1,,ACTIVADO
GOBIERNO REGIONAL,PUEBLO NUEVO DEL CACO,PUESTOS DE SALUD O POSTAS DE SALUD,UCAYALI,CORONEL PORTILLO,IPARIA,250103,I-1,,ACTIVADO
GOBIERNO REGIONAL,SINTICO,PUESTOS DE SALUD O POSTAS DE SALUD,LORETO,REQUENA,EMILIO SAN MARTIN,160504,I-1,,ACTIVADO
GOBIERNO REGIONAL,SEMPAYA,PUESTOS DE SALUD O POSTAS DE SALUD,UCAYALI,ATALAYA,TAHUANIA,250203,I-1,,ACTIVADO
GOBIERNO REGIONAL,PUERTO ALEGRE,PUESTOS DE SALUD O POSTAS DE SALUD,UCAYALI,CORONEL PORTILLO,MASISEA,250104,I-2,,ACTIVADO
GOBIERNO REGIONAL,HUAMANGUILLA,CENTROS DE SALUD O CENTROS MEDICOS,AYACUCHO,HUANTA,HUAMANGUILLA,50403,I-3,,ACTIVADO
GOBIERNO REGIONAL,HUAYHUACONDO,PUESTOS DE SALUD O POSTAS DE SALUD,AYACUCHO,HUAMANGA,TAMBILLO,50113,I-1,,ACTIVADO
GOBIERNO REGIONAL,LLAMAHUILLCA,PUESTOS DE SALUD O POSTAS DE SALUD,AYACUCHO,HUAMANGA,QUINUA,50108,I-1,,ACTIVADO
GOBIERNO REGIONAL,INCARACCAY,PUESTOS DE SALUD O POSTAS DE SALUD,AYACUCHO,CANGALLO,CANGALLO,50201,I-1,,ACTIVADO
GOBIERNO REGIONAL,CAPERUSIA,PUESTOS DE SALUD O POSTAS DE SALUD,JUNIN,SATIPO,RIO TAMBO,120608,I-1,,ACTIVADO
GOBIERNO REGIONAL,ABUJAO,PUESTOS DE SALUD O POSTAS DE SALUD,UCAYALI,CORONEL PORTILLO,MASISEA,250104,I-2,,ACTIVADO
GOBIERNO REGIONAL,FLOR DE PUNGA,CENTROS DE SALUD O CENTROS MEDICOS,LORETO,REQUENA,CAPELO,160503,I-3,,ACTIVADO
GOBIERNO REGIONAL,QUITURARA,PUESTOS DE SALUD O POSTAS DE SALUD,AYACUCHO,HUANTA,HUAMANGUILLA,50403,I-1,,ACTIVADO
GOBIERNO REGIONAL,HUAHUAPUQUIO,PUESTOS DE SALUD O POSTAS DE SALUD,AYACUCHO,CANGALLO,CANGALLO,50201,I-1,,ACTIVADO
GOBIERNO REGIONAL,NIÑO  YUCAY,PUESTOS DE SALUD O POSTAS DE SALUD,AYACUCHO,HUAMANGA,TAMBILLO,50113,I-1,,ACTIVADO
GOBIERNO REGIONAL,ALCAMENCA,PUESTOS DE SALUD O POSTAS DE SALUD,AYACUCHO,VICTOR FAJARDO,ALCAMENCA,51002,I-1,,ACTIVADO
GOBIERNO REGIONAL,HUAYNACANCHA,PUESTOS DE SALUD O POSTAS DE SALUD,AYACUCHO,HUANTA,UCHURACCAY,50410,I-1,,ACTIVADO
GOBIERNO REGIONAL,POTSOTENI,PUESTOS DE SALUD O POSTAS DE SALUD,JUNIN,SATIPO,PANGOA,120606,I-1,,ACTIVADO
GOBIERNO REGIONAL,MANALLASACC,PUESTOS DE SALUD O POSTAS DE SALUD,AYACUCHO,HUAMANGA,CHIARA,50105,I-2,,ACTIVADO
GOBIERNO REGIONAL,HOSPITAL DE APOYO CANGALLO,HOSPITALES O CLINICAS DE ATENCION GENERAL,AYACUCHO,CANGALLO,CANGALLO,50201,II-1,21.0,ACTIVADO
GOBIERNO REGIONAL,QUINUA,CENTROS DE SALUD O CENTROS MEDICOS,AYACUCHO,HUAMANGA,QUINUA,50108,I-3,,ACTIVADO
GOBIERNO REGIONAL,IBERIA,PUESTOS DE SALUD O POSTAS DE SALUD,LORETO,REQUENA,TAPICHE,160509,I-1,,ACTIVADO
GOBIERNO REGIONAL,LIBERTAD DE ANAPATI,PUESTOS DE SALUD O POSTAS DE SALUD,JUNIN,SATIPO,PANGOA,120606,I-1,,ACTIVADO
GOBIERNO REGIONAL,PUTICA,PUESTOS DE SALUD O POSTAS DE SALUD,AYACUCHO,CANGALLO,CANGALLO,50201,I-1,,ACTIVADO
GOBIERNO REGIONAL,CARHUAHURAN,PUESTOS DE SALUD O POSTAS DE SALUD,AYACUCHO,HUANTA,UCHURACCAY,50410,I-2,,ACTIVADO
GOBIERNO REGIONAL,SUSO,PUESTOS DE SALUD O POSTAS DE SALUD,AYACUCHO,HUAMANGA,QUINUA,50108,I-1,,ACTIVADO
GOBIERNO REGIONAL,CIRCAMARCA,PUESTOS DE SALUD O POSTAS DE SALUD,AYACUCHO,VICTOR FAJARDO,HUANCARAYLLA,51009,I-1,,ACTIVADO
GOBIERNO REGIONAL,"HOSPITAL DE APOYO DE PUQUIO ""FELIPE HUAMÁN POMA DE AYALA""",HOSPITALES O CLINICAS DE ATENCION GENERAL,AYACUCHO,LUCANAS,PUQUIO,50601,II-1,50.0,ACTIVADO
GOBIERNO REGIONAL,LLUSITA,PUESTOS DE SALUD O POSTAS DE SALUD,AYACUCHO,VICTOR FAJARDO,HUANCARAYLLA,51009,I-1,,ACTIVADO
GOBIERNO REGIONAL,SAN RAFAEL,PUESTOS DE SALUD O POSTAS DE SALUD,LORETO,MAYNAS,NAPO,160107,I-1,,ACTIVADO
GOBIERNO REGIONAL,UCHURACCAY,PUESTOS DE SALUD O POSTAS DE SALUD,AYACUCHO,HUANTA,UCHURACCAY,50410,I-1,,ACTIVADO
GOBIERNO REGIONAL,SAN PABLO,PUESTOS DE SALUD O POSTAS DE SALUD,AYACUCHO,LUCANAS,SAN PEDRO,50617,I-2,,ACTIVADO
GOBIERNO REGIONAL,TAMBILLO,PUESTOS DE SALUD O POSTAS DE SALUD,AYACUCHO,HUAMANGA,TAMBILLO,50113,I-1,,ACTIVADO
GOBIERNO REGIONAL,ACOSVINCHOS,CENTROS DE SALUD O CENTROS MEDICOS,AYACUCHO,HUAMANGA,ACOS VINCHOS,50103,I-3,,ACTIVADO
GOBIERNO REGIONAL,SHAHUAYA,PUESTOS DE SALUD O POSTAS DE SALUD,UCAYALI,ATALAYA,TAHUANIA,250203,I-1,,ACTIVADO
GOBIERNO REGIONAL,SACHABAMBA,PUESTOS DE SALUD O POSTAS DE SALUD,AYACUCHO,HUAMANGA,CHIARA,50105,I-1,,ACTIVADO
GOBIERNO REGIONAL,HUANCARAYLLA,PUESTOS DE SALUD O POSTAS DE SALUD,AYACUCHO,VICTOR FAJARDO,HUANCARAYLLA,51009,I-2,,ACTIVADO
GOBIERNO REGIONAL,HUANCARUCMA,PUESTOS DE SALUD O POSTAS DE SALUD,AYACUCHO,CANGALLO,CANGALLO,50201,I-1,,ACTIVADO
GOBIERNO REGIONAL,SAN PEDRO,CENTROS DE SALUD O CENTROS MEDICOS,AYACUCHO,LUCANAS,SAN PEDRO,50617,I-3,,ACTIVADO
GOBIERNO REGIONAL,HUATAPI,PUESTOS DE SALUD O POSTAS DE SALUD,LORETO,REQUENA,CAPELO,160503,I-1,,ACTIVADO
GOBIERNO REGIONAL,PUESTO DE SALUD TOCOTA,PUESTOS DE SALUD O POSTAS DE SALUD,AREQUIPA,CARAVELI,HUANUHUANU,40309,I-2,,ACTIVADO
GOBIERNO REGIONAL,SANTA ANA DE AUCARA,PUESTOS DE SALUD O POSTAS DE SALUD,AYACUCHO,LUCANAS,AUCARA,50602,I-1,,ACTIVADO
GOBIERNO REGIONAL,CHILQUES,PUESTOS DE SALUD O POSTAS DE SALUD,AYACUCHO,LUCANAS,PUQUIO,50601,I-1,,ACTIVADO
GOBIERNO REGIONAL,YAVIRO,"PUESTOS DE SALUD O POSTAS DE SALUD,PUESTOS DE SALUD O POSTAS DE SALUD",JUNIN,SATIPO,RIO TAMBO,120608,I-2,,ACTIVADO
GOBIERNO REGIONAL,SANTA ELENA,PUESTOS DE SALUD O POSTAS DE SALUD,LORETO,REQUENA,ALTO TAPICHE,160502,I-2,,ACTIVADO
GOBIERNO REGIONAL,URPAY,PUESTOS DE SALUD O POSTAS DE SALUD,AYACUCHO,HUAMANGA,ACOS VINCHOS,50103,I-1,,ACTIVADO
GOBIERNO REGIONAL,TUNONTUARI RIO ENE,PUESTOS DE SALUD O POSTAS DE SALUD,JUNIN,SATIPO,PANGOA,120606,I-1,,ACTIVADO
GOBIERNO REGIONAL,VALLE ESMERALDA,CENTROS DE SALUD O CENTROS MEDICOS,JUNIN,SATIPO,RIO TAMBO,120608,I-3,,ACTIVADO
GOBIERNO REGIONAL,PAMPARQUE,PUESTOS DE SALUD O POSTAS DE SALUD,AYACUCHO,LUCANAS,PUQUIO,50601,I-1,,ACTIVADO
GOBIERNO REGIONAL,CHICHUCANCHA,PUESTOS DE SALUD O POSTAS DE SALUD,AYACUCHO,CANGALLO,CANGALLO,50201,I-1,,ACTIVADO
GOBIERNO REGIONAL,SECCELAMBRAS,PUESTOS DE SALUD O POSTAS DE SALUD,AYACUCHO,HUAMANGA,ACOCRO,50102,I-1,,ACTIVADO
GOBIERNO REGIONAL,PAMPALCA,PUESTOS DE SALUD O POSTAS DE SALUD,AYACUCHO,HUANTA,UCHURACCAY,50410,I-1,,ACTIVADO
GOBIERNO REGIONAL,HUANCAPI,CENTROS DE SALUD CON CAMAS DE INTERNAMIENTO,AYACUCHO,VICTOR FAJARDO,HUANCAPI,51001,I-4,,ACTIVADO
GOBIERNO REGIONAL,HUARMI ISLA,PUESTOS DE SALUD O POSTAS DE SALUD,LORETO,REQUENA,REQUENA,160501,I-1,,ACTIVADO
GOBIERNO REGIONAL,CHICOSA,PUESTOS DE SALUD O POSTAS DE SALUD,UCAYALI,ATALAYA,RAIMONDI,250201,I-1,,ACTIVADO
GOBIERNO REGIONAL,IQUICHA,PUESTOS DE SALUD O POSTAS DE SALUD,AYACUCHO,HUANTA,UCHURACCAY,50410,I-1,,ACTIVADO
GOBIERNO REGIONAL,QUILLA,PUESTOS DE SALUD O POSTAS DE SALUD,AYACUCHO,VICTOR FAJARDO,COLCA,51007,I-1,,ACTIVADO
GOBIERNO REGIONAL,RELAVE,PUESTOS DE SALUD O POSTAS DE SALUD,AYACUCHO,PARINACOCHAS,PULLO,50705,I-2,,ACTIVADO
GOBIERNO REGIONAL,SANTA FE DE INAMAPUYA,PUESTOS DE SALUD O POSTAS DE SALUD,UCAYALI,CORONEL PORTILLO,MASISEA,250104,I-1,,ACTIVADO
GOBIERNO REGIONAL,SAN CARLOS ALTO ENE,PUESTOS DE SALUD O POSTAS DE SALUD,JUNIN,SATIPO,RIO TAMBO,120608,I-1,,ACTIVADO
GOBIERNO REGIONAL,PALLCCACANCHA,PUESTOS DE SALUD O POSTAS DE SALUD,AYACUCHO,VILCAS HUAMAN,VISCHONGO,51108,I-1,,ACTIVADO
GOBIERNO REGIONAL,SAN JUAN DE MANTARO,PUESTOS DE SALUD O POSTAS DE SALUD,JUNIN,SATIPO,PANGOA,120606,I-1,,ACTIVADO
GOBIERNO REGIONAL,CAROCURAHUAYTE,PUESTOS DE SALUD O POSTAS DE SALUD,LORETO,REQUENA,REQUENA,160501,I-1,,ACTIVADO
GOBIERNO REGIONAL,SAN PEDRO,PUESTOS DE SALUD O POSTAS DE SALUD,LORETO,REQUENA,TAPICHE,160509,I-1,,ACTIVADO
GOBIERNO REGIONAL,MAYO LUREN,PUESTOS DE SALUD O POSTAS DE SALUD,AYACUCHO,LUCANAS,AUCARA,50602,I-2,,ACTIVADO
GOBIERNO REGIONAL,ACOCRO,PUESTOS DE SALUD O POSTAS DE SALUD,AYACUCHO,HUAMANGA,ACOCRO,50102,I-2,,ACTIVADO
GOBIERNO REGIONAL,SAN FRANCISCO DE PAMPAMARCA,PUESTOS DE SALUD O POSTAS DE SALUD,AYACUCHO,LUCANAS,AUCARA,50602,I-1,,ACTIVADO
GOBIERNO REGIONAL,CHONTACA,CENTROS DE SALUD O CENTROS MEDICOS,AYACUCHO,HUAMANGA,ACOCRO,50102,I-3,,ACTIVADO
GOBIERNO REGIONAL,PATAHUASI,PUESTOS DE SALUD O POSTAS DE SALUD,AYACUCHO,VILCAS HUAMAN,VISCHONGO,51108,I-1,,ACTIVADO
GOBIERNO REGIONAL,HUAYCHAO,PUESTOS DE SALUD O POSTAS DE SALUD,AYACUCHO,HUAMANGA,ACOS VINCHOS,50103,I-1,,ACTIVADO
GOBIERNO REGIONAL,PUEBLO NUEVO,PUESTOS DE SALUD O POSTAS DE SALUD,AYACUCHO,PARINACOCHAS,PULLO,50705,I-1,,ACTIVADO
GOBIERNO REGIONAL,COLCA,PUESTOS DE SALUD O POSTAS DE SALUD,AYACUCHO,VICTOR FAJARDO,COLCA,51007,I-1,,ACTIVADO
GOBIERNO REGIONAL,SELVA DE ORO,PUESTOS DE SALUD O POSTAS DE SALUD,JUNIN,SATIPO,RIO TAMBO,120608,I-1,,ACTIVADO
GOBIERNO REGIONAL,PAMPAMARCA,PUESTOS DE SALUD O POSTAS DE SALUD,AYACUCHO,HUAMANGA,ACOCRO,50102,I-1,,ACTIVADO
GOBIERNO REGIONAL,UMASI,PUESTOS DE SALUD O POSTAS DE SALUD,AYACUCHO,VICTOR FAJARDO,CANARIA,51005,I-1,,ACTIVADO
GOBIERNO REGIONAL,CCARHUAPAMPA,PUESTOS DE SALUD O POSTAS DE SALUD,AYACUCHO,LA MAR,TAMBO,50508,I-1,,ACTIVADO
GOBIERNO REGIONAL,CHIRIBAMBA,PUESTOS DE SALUD O POSTAS DE SALUD,AYACUCHO,VILCAS HUAMAN,VISCHONGO,51108,I-1,,ACTIVADO
GOBIERNO REGIONAL,VINUNCURO,PUESTOS DE SALUD O POSTAS DE SALUD,UCAYALI,CORONEL PORTILLO,MASISEA,250104,I-1,,ACTIVADO
GOBIERNO REGIONAL,UMARO,PUESTOS DE SALUD O POSTAS DE SALUD,AYACUCHO,VILCAS HUAMAN,VISCHONGO,51108,I-1,,ACTIVADO
GOBIERNO REGIONAL,SAN MIGUEL DE ENE SHINPINSHARIATO,PUESTOS DE SALUD O POSTAS DE SALUD,JUNIN,SATIPO,PANGOA,120606,I-1,,ACTIVADO
GOBIERNO REGIONAL,CANAYRE,PUESTOS DE SALUD O POSTAS DE SALUD,AYACUCHO,HUANTA,CANAYRE,50409,I-2,,ACTIVADO
GOBIERNO REGIONAL,CHALLHUAMAYO,PUESTOS DE SALUD O POSTAS DE SALUD,AYACUCHO,LA MAR,TAMBO,50508,I-1,,ACTIVADO
GOBIERNO REGIONAL,QUITENI,PUESTOS DE SALUD O POSTAS DE SALUD,JUNIN,SATIPO,RIO TAMBO,120608,I-2,,ACTIVADO
GOBIERNO REGIONAL,CHONGOS CARMEN PAMPA,PUESTOS DE SALUD O POSTAS DE SALUD,AYACUCHO,HUANTA,LLOCHEGUA,50408,I-1,,ACTIVADO
GOBIERNO REGIONAL,TAMBO,CENTROS DE SALUD CON CAMAS DE INTERNAMIENTO,AYACUCHO,LA MAR,TAMBO,50508,I-4,,ACTIVADO
GOBIERNO REGIONAL,FLORIDA,PUESTOS DE SALUD O POSTAS DE SALUD,JUNIN,SATIPO,PANGOA,120606,I-1,,ACTIVADO
GOBIERNO REGIONAL,PALIZADA,PUESTOS DE SALUD O POSTAS DE SALUD,LORETO,LORETO,NAUTA,160301,I-1,,ACTIVADO
GOBIERNO REGIONAL,FE Y ALEGRIA LA PRIMAVERA,PUESTOS DE SALUD O POSTAS DE SALUD,JUNIN,SATIPO,RIO TAMBO,120608,I-1,,ACTIVADO
GOBIERNO REGIONAL,CCANO,PUESTOS DE SALUD O POSTAS DE SALUD,AYACUCHO,HUANTA,UCHURACCAY,50410,I-1,,ACTIVADO
GOBIERNO REGIONAL,TONIROMASHI,PUESTOS DE SALUD O POSTAS DE SALUD,UCAYALI,ATALAYA,TAHUANIA,250203,I-1,,ACTIVADO
GOBIERNO REGIONAL,OSNO,PUESTOS DE SALUD O POSTAS DE SALUD,AYACUCHO,LA MAR,TAMBO,50508,I-1,,ACTIVADO
GOBIERNO REGIONAL,BOCA MANTARO,PUESTOS DE SALUD O POSTAS DE SALUD,JUNIN,SATIPO,PANGOA,120606,I-2,,ACTIVADO
GOBIERNO REGIONAL,QUEMPIRI,PUESTOS DE SALUD O POSTAS DE SALUD,JUNIN,SATIPO,RIO TAMBO,120608,I-1,,ACTIVADO
GOBIERNO REGIONAL,GLORIA SOL NACIENTE,PUESTOS DE SALUD O POSTAS DE SALUD,AYACUCHO,HUANTA,LLOCHEGUA,50408,I-1,,ACTIVADO
GOBIERNO REGIONAL,PUERTO ROCA,PUESTOS DE SALUD O POSTAS DE SALUD,JUNIN,SATIPO,RIO TAMBO,120608,I-2,,ACTIVADO
GOBIERNO REGIONAL,VISCHONGO,CENTROS DE SALUD O CENTROS MEDICOS,AYACUCHO,VILCAS HUAMAN,VISCHONGO,51108,I-3,,ACTIVADO
GOBIERNO REGIONAL,CORAZONPATA,PUESTOS DE SALUD O POSTAS DE SALUD,AYACUCHO,HUANTA,LLOCHEGUA,50408,I-1,,ACTIVADO
GOBIERNO REGIONAL,COCANI,PUESTOS DE SALUD O POSTAS DE SALUD,UCAYALI,ATALAYA,RAIMONDI,250201,I-1,,ACTIVADO
GOBIERNO REGIONAL,CAYARA,PUESTOS DE SALUD O POSTAS DE SALUD,AYACUCHO,VICTOR FAJARDO,CAYARA,51006,I-2,,ACTIVADO
GOBIERNO REGIONAL,VICUS,PUESTOS DE SALUD O POSTAS DE SALUD,AYACUCHO,LA MAR,TAMBO,50508,I-1,,ACTIVADO
GOBIERNO REGIONAL,CHAQUIPAMPA,PUESTOS DE SALUD O POSTAS DE SALUD,AYACUCHO,LUCANAS,SANCOS,50619,I-1,,ACTIVADO
GOBIERNO REGIONAL,POMACOCHA,PUESTOS DE SALUD O POSTAS DE SALUD,AYACUCHO,VILCAS HUAMAN,VISCHONGO,51108,I-1,,ACTIVADO
GOBIERNO REGIONAL,NUEVO SANTA ROSA,PUESTOS DE SALUD O POSTAS DE SALUD,AYACUCHO,HUANTA,CANAYRE,50409,I-1,,ACTIVADO
GOBIERNO REGIONAL,AREQUIPA,PUESTOS DE SALUD O POSTAS DE SALUD,AYACUCHO,HUANTA,LLOCHEGUA,50408,I-1,,ACTIVADO
GOBIERNO REGIONAL,AUCARA,CENTROS DE SALUD O CENTROS MEDICOS,AYACUCHO,LUCANAS,AUCARA,50602,I-3,,ACTIVADO
GOBIERNO REGIONAL,HOSPITAL DE APOYO  SAN MIGUEL,HOSPITALES O CLINICAS DE ATENCION ESPECIALIZADA,AYACUCHO,LA MAR,SAN MIGUEL,50501,II-E,30.0,ACTIVADO
GOBIERNO REGIONAL,RACCAYA,PUESTOS DE SALUD O POSTAS DE SALUD,AYACUCHO,VICTOR FAJARDO,CANARIA,51005,I-1,,ACTIVADO
GOBIERNO REGIONAL,TAMBO DEL ENE,PUESTOS DE SALUD O POSTAS DE SALUD,CUSCO,LA CONVENCION,PICHARI,80910,I-1,,ACTIVADO
GOBIERNO REGIONAL,UNINI,PUESTOS DE SALUD O POSTAS DE SALUD,UCAYALI,ATALAYA,RAIMONDI,250201,I-1,,ACTIVADO
GOBIERNO REGIONAL,CCOLLCCA,PUESTOS DE SALUD O POSTAS DE SALUD,AYACUCHO,HUAMANGA,ACOCRO,50102,I-1,,ACTIVADO
GOBIERNO REGIONAL,CABANA SUR,CENTROS DE SALUD O CENTROS MEDICOS,AYACUCHO,LUCANAS,CABANA,50603,I-3,,ACTIVADO
GOBIERNO REGIONAL,VILLA MEJORADA,PUESTOS DE SALUD O POSTAS DE SALUD,AYACUCHO,HUANTA,LLOCHEGUA,50408,I-1,,ACTIVADO
GOBIERNO REGIONAL,PUESTO DE SALUD ACHANIZO,PUESTOS DE SALUD O POSTAS DE SALUD,AREQUIPA,CARAVELI,CHAPARRA,40308,I-1,,ACTIVADO
GOBIERNO REGIONAL,ANDAMARCA,CENTROS DE SALUD CON CAMAS DE INTERNAMIENTO,AYACUCHO,LUCANAS,CARMEN SALCEDO,50604,I-4,,ACTIVADO
GOBIERNO REGIONAL,CHIHUILLO ALTO SAN ANTONIO,PUESTOS DE SALUD O POSTAS DE SALUD,AYACUCHO,HUANTA,LLOCHEGUA,50408,I-1,,ACTIVADO
GOBIERNO REGIONAL,MICAELA BASTIDAS MORALES,PUESTOS DE SALUD O POSTAS DE SALUD,JUNIN,SATIPO,PANGOA,120606,I-1,,ACTIVADO
GOBIERNO REGIONAL,MAYAPO,PUESTOS DE SALUD O POSTAS DE SALUD,AYACUCHO,HUANTA,CANAYRE,50409,I-1,,ACTIVADO
GOBIERNO REGIONAL,NUEVA ITALIA,PUESTOS DE SALUD O POSTAS DE SALUD,UCAYALI,ATALAYA,TAHUANIA,250203,I-1,,ACTIVADO
GOBIERNO REGIONAL,CCACCAMARCA,PUESTOS DE SALUD O POSTAS DE SALUD,AYACUCHO,HUAMANGA,OCROS,50106,I-1,,ACTIVADO
GOBIERNO REGIONAL,SANTA ANA HUAYCAHUACHO,PUESTOS DE SALUD O POSTAS DE SALUD,AYACUCHO,LUCANAS,SANTA ANA DE HUAYCAHUACHO,50620,I-1,,ACTIVADO
GOBIERNO REGIONAL,NATIVIDAD,PUESTOS DE SALUD O POSTAS DE SALUD,CUSCO,LA CONVENCION,PICHARI,80910,I-2,,ACTIVADO
GOBIERNO REGIONAL,ROSARIO ACON,PUESTOS DE SALUD O POSTAS DE SALUD,AYACUCHO,HUANTA,SIVIA,50407,I-1,,ACTIVADO
GOBIERNO REGIONAL,VILCASHUAMAN,CENTROS DE SALUD CON CAMAS DE INTERNAMIENTO,AYACUCHO,VILCAS HUAMAN,VILCAS HUAMAN,51101,I-4,,ACTIVADO
GOBIERNO REGIONAL,SANTA ROSA DE ABUJAO,PUESTOS DE SALUD O POSTAS DE SALUD,UCAYALI,CORONEL PORTILLO,MASISEA,250104,I-1,,ACTIVADO
GOBIERNO REGIONAL,BOLOGNESI,CENTROS DE SALUD O CENTROS MEDICOS,UCAYALI,ATALAYA,TAHUANIA,250203,I-3,,ACTIVADO
GOBIERNO REGIONAL,SANCOS,PUESTOS DE SALUD O POSTAS DE SALUD,AYACUCHO,LUCANAS,SANCOS,50619,I-2,,ACTIVADO
GOBIERNO REGIONAL,TUPAC AMARU,PUESTOS DE SALUD O POSTAS DE SALUD,UCAYALI,ATALAYA,TAHUANIA,250203,I-1,,ACTIVADO
GOBIERNO REGIONAL,HUALLA,CENTROS DE SALUD O CENTROS MEDICOS,AYACUCHO,VICTOR FAJARDO,HUALLA,51010,I-3,,ACTIVADO
GOBIERNO REGIONAL,TUTUMBARU,PUESTOS DE SALUD O POSTAS DE SALUD,AYACUCHO,HUANTA,SIVIA,50407,I-1,,ACTIVADO
GOBIERNO REGIONAL,YARURI,PUESTOS DE SALUD O POSTAS DE SALUD,AYACUCHO,HUANTA,LLOCHEGUA,50408,I-1,,ACTIVADO
GOBIERNO REGIONAL,SAN GERARDO,PUESTOS DE SALUD O POSTAS DE SALUD,AYACUCHO,HUANTA,SIVIA,50407,I-1,,ACTIVADO
GOBIERNO REGIONAL,CHIHUIRE,PUESTOS DE SALUD O POSTAS DE SALUD,AYACUCHO,VICTOR FAJARDO,ASQUIPATA,51004,I-1,,ACTIVADO
GOBIERNO REGIONAL,PATIBAMBA,PUESTOS DE SALUD O POSTAS DE SALUD,AYACUCHO,LA MAR,SAN MIGUEL,50501,I-1,,ACTIVADO
GOBIERNO REGIONAL,MANTARO,CENTROS DE SALUD O CENTROS MEDICOS,CUSCO,LA CONVENCION,PICHARI,80910,I-3,,ACTIVADO
GOBIERNO REGIONAL,SONDONDO,PUESTOS DE SALUD O POSTAS DE SALUD,AYACUCHO,LUCANAS,CABANA,50603,I-1,,ACTIVADO
GOBIERNO REGIONAL,HUAMBALPA,PUESTOS DE SALUD O POSTAS DE SALUD,AYACUCHO,VILCAS HUAMAN,HUAMBALPA,51105,I-2,,ACTIVADO
GOBIERNO REGIONAL,APONGO,PUESTOS DE SALUD O POSTAS DE SALUD,AYACUCHO,VICTOR FAJARDO,APONGO,51003,I-1,,ACTIVADO
GOBIERNO REGIONAL,TIQUIHUA,PUESTOS DE SALUD O POSTAS DE SALUD,AYACUCHO,VICTOR FAJARDO,HUALLA,51010,I-1,,ACTIVADO
GOBIERNO REGIONAL,MORCOLLA CHICO,PUESTOS DE SALUD O POSTAS DE SALUD,AYACUCHO,VICTOR FAJARDO,ASQUIPATA,51004,I-1,,ACTIVADO
GOBIERNO REGIONAL,TACA,PUESTOS DE SALUD O POSTAS DE SALUD,AYACUCHO,VICTOR FAJARDO,CANARIA,51005,I-1,,ACTIVADO
GOBIERNO REGIONAL,SAN MIGUEL DE OTICA,PUESTOS DE SALUD O POSTAS DE SALUD,JUNIN,SATIPO,RIO TAMBO,120608,I-2,,ACTIVADO
GOBIERNO REGIONAL,OCROS,CENTROS DE SALUD O CENTROS MEDICOS,AYACUCHO,HUAMANGA,OCROS,50106,I-3,,ACTIVADO
GOBIERNO REGIONAL,GUAYAQUIL,PUESTOS DE SALUD O POSTAS DE SALUD,AYACUCHO,HUANTA,SIVIA,50407,I-1,,ACTIVADO
GOBIERNO REGIONAL,NINABAMBA,PUESTOS DE SALUD O POSTAS DE SALUD,AYACUCHO,LA MAR,SAN MIGUEL,50501,I-1,,ACTIVADO
GOBIERNO REGIONAL,RAMON CASTILLA,PUESTOS DE SALUD O POSTAS DE SALUD,UCAYALI,ATALAYA,RAIMONDI,250201,I-1,,ACTIVADO
GOBIERNO REGIONAL,PUERTO AMARGURA,PUESTOS DE SALUD O POSTAS DE SALUD,AYACUCHO,HUANTA,LLOCHEGUA,50408,I-1,,ACTIVADO
GOBIERNO REGIONAL,LLOCHEGUA,CENTROS DE SALUD CON CAMAS DE INTERNAMIENTO,AYACUCHO,HUANTA,LLOCHEGUA,50408,I-4,,ACTIVADO
GOBIERNO REGIONAL,CUTIVIRENI,PUESTOS DE SALUD O POSTAS DE SALUD,JUNIN,SATIPO,RIO TAMBO,120608,I-2,,ACTIVADO
GOBIERNO REGIONAL,LA FLORIDA,PUESTOS DE SALUD O POSTAS DE SALUD,LORETO,PUTUMAYO,PUTUMAYO,160801,I-1,,ACTIVADO
GOBIERNO REGIONAL,USMAY - CHACCO,PUESTOS DE SALUD O POSTAS DE SALUD,AYACUCHO,LA MAR,TAMBO,50508,I-1,,ACTIVADO
GOBIERNO REGIONAL,ASQUIPATA,PUESTOS DE SALUD O POSTAS DE SALUD,AYACUCHO,VICTOR FAJARDO,ASQUIPATA,51004,I-1,,ACTIVADO
GOBIERNO REGIONAL,CHILCAS,PUESTOS DE SALUD O POSTAS DE SALUD,AYACUCHO,LA MAR,CHILCAS,50504,I-2,,ACTIVADO
GOBIERNO REGIONAL,SAN GABRIEL DE VARADERO,CENTROS DE SALUD O CENTROS MEDICOS,LORETO,ALTO AMAZONAS,BALSAPUERTO,160202,I-3,,ACTIVADO
GOBIERNO REGIONAL,SAN REGIS,PUESTOS DE SALUD O POSTAS DE SALUD,LORETO,LORETO,NAUTA,160301,I-1,,ACTIVADO
GOBIERNO REGIONAL,CANARIA,CENTROS DE SALUD O CENTROS MEDICOS,AYACUCHO,VICTOR FAJARDO,CANARIA,51005,I-3,,ACTIVADO
GOBIERNO REGIONAL,CHUMBES,PUESTOS DE SALUD O POSTAS DE SALUD,AYACUCHO,HUAMANGA,OCROS,50106,I-1,,ACTIVADO
GOBIERNO REGIONAL,ACCOMARCA,PUESTOS DE SALUD O POSTAS DE SALUD,AYACUCHO,VILCAS HUAMAN,ACCOMARCA,51102,I-1,,ACTIVADO
GOBIERNO REGIONAL,CCERAOCRO,PUESTOS DE SALUD O POSTAS DE SALUD,AYACUCHO,HUAMANGA,OCROS,50106,I-1,,ACTIVADO
GOBIERNO REGIONAL,MAYOBAMBA,PUESTOS DE SALUD O POSTAS DE SALUD,AYACUCHO,LUCANAS,CHIPAO,50606,I-1,,ACTIVADO
GOBIERNO REGIONAL,CHACA,PUESTOS DE SALUD O POSTAS DE SALUD,AYACUCHO,LA MAR,SAN MIGUEL,50501,I-1,,ACTIVADO
GOBIERNO REGIONAL,PAMPAS,PUESTOS DE SALUD O POSTAS DE SALUD,AYACUCHO,LA MAR,LUIS CARRANZA,50506,I-1,,ACTIVADO
GOBIERNO REGIONAL,QUISTO CENTRAL,PUESTOS DE SALUD O POSTAS DE SALUD,CUSCO,LA CONVENCION,PICHARI,80910,I-2,,ACTIVADO
GOBIERNO REGIONAL,CHUVIVANA,PUESTOS DE SALUD O POSTAS DE SALUD,AYACUCHO,HUANTA,SIVIA,50407,I-1,,ACTIVADO
GOBIERNO REGIONAL,MAYABAMBA,PUESTOS DE SALUD O POSTAS DE SALUD,AYACUCHO,HUAMANGA,OCROS,50106,I-1,,ACTIVADO
GOBIERNO REGIONAL,HUACAÑA,PUESTOS DE SALUD O POSTAS DE SALUD,AYACUCHO,SUCRE,HUACAÑA,50905,I-1,,ACTIVADO
GOBIERNO REGIONAL,MACHENTE,PUESTOS DE SALUD O POSTAS DE SALUD,AYACUCHO,LA MAR,AYNA,50503,I-2,,ACTIVADO
GOBIERNO REGIONAL,COCHAS,PUESTOS DE SALUD O POSTAS DE SALUD,AYACUCHO,LA MAR,SAN MIGUEL,50501,I-1,,ACTIVADO
GOBIERNO REGIONAL,COLPAPAMPA,PUESTOS DE SALUD O POSTAS DE SALUD,AYACUCHO,VILCAS HUAMAN,VILCAS HUAMAN,51101,I-1,,ACTIVADO
GOBIERNO REGIONAL,CHIPAO,CENTROS DE SALUD O CENTROS MEDICOS,AYACUCHO,LUCANAS,CHIPAO,50606,I-3,,ACTIVADO
GOBIERNO REGIONAL,PACCHAHUALLHUA,PUESTOS DE SALUD O POSTAS DE SALUD,AYACUCHO,VILCAS HUAMAN,INDEPENDENCIA,51106,I-2,,ACTIVADO
GOBIERNO REGIONAL,CONCEPCION,PUESTOS DE SALUD O POSTAS DE SALUD,AYACUCHO,VILCAS HUAMAN,CONCEPCION,51104,I-2,,ACTIVADO
GOBIERNO REGIONAL,MORCOLLA,PUESTOS DE SALUD O POSTAS DE SALUD,AYACUCHO,SUCRE,MORCOLLA,50906,I-1,,ACTIVADO
GOBIERNO REGIONAL,POMATAMBO,PUESTOS DE SALUD O POSTAS DE SALUD,AYACUCHO,VILCAS HUAMAN,VILCAS HUAMAN,51101,I-1,,ACTIVADO
GOBIERNO REGIONAL,PUERTO MAYO,PUESTOS DE SALUD O POSTAS DE SALUD,CUSCO,LA CONVENCION,PICHARI,80910,I-2,,ACTIVADO
GOBIERNO REGIONAL,ESCCANA,PUESTOS DE SALUD O POSTAS DE SALUD,AYACUCHO,LA MAR,CHILCAS,50504,I-1,,ACTIVADO
GOBIERNO REGIONAL,PITIRINQUINI,PUESTOS DE SALUD O POSTAS DE SALUD,CUSCO,LA CONVENCION,PICHARI,80910,I-1,,ACTIVADO
GOBIERNO REGIONAL,TINTAY,PUESTOS DE SALUD O POSTAS DE SALUD,AYACUCHO,SUCRE,MORCOLLA,50906,I-1,,ACTIVADO
GOBIERNO REGIONAL,GALICIA,PUESTOS DE SALUD O POSTAS DE SALUD,LORETO,REQUENA,REQUENA,160501,I-1,,ACTIVADO
GOBIERNO REGIONAL,APOYO SIVIA,HOSPITALES O CLINICAS DE ATENCION GENERAL,AYACUCHO,HUANTA,SIVIA,50407,II-1,14.0,ACTIVADO
GOBIERNO REGIONAL,PUESTO DE SALUD CHAPARRA,PUESTOS DE SALUD O POSTAS DE SALUD,AREQUIPA,CARAVELI,CHAPARRA,40308,I-2,,ACTIVADO
GOBIERNO REGIONAL,CHONTA,PUESTOS DE SALUD O POSTAS DE SALUD,AYACUCHO,SUCRE,QUEROBAMBA,50901,I-1,,ACTIVADO
GOBIERNO REGIONAL,TRIBOLINE,PUESTOS DE SALUD O POSTAS DE SALUD,AYACUCHO,HUANTA,SIVIA,50407,I-2,,ACTIVADO
GOBIERNO REGIONAL,REQUENA,CENTROS DE SALUD CON CAMAS DE INTERNAMIENTO,LORETO,REQUENA,REQUENA,160501,I-4,31.0,ACTIVADO
ESSALUD,POSTA MEDICA HUANCABAMBA,PUESTOS DE SALUD O POSTAS DE SALUD,PIURA,HUANCABAMBA,HUANCABAMBA,200301,Sin Categoría,,ACTIVADO
GOBIERNO REGIONAL,SAN ANTONIO ASTANYA,PUESTOS DE SALUD O POSTAS DE SALUD,AYACUCHO,VILCAS HUAMAN,CONCEPCION,51104,I-1,,ACTIVADO
ESSALUD,CENTRO DE ATENCION PRIMARIA II REQUENA,CENTROS DE SALUD CON CAMAS DE INTERNAMIENTO,LORETO,REQUENA,REQUENA,160501,I-3,,ACTIVADO
GOBIERNO REGIONAL,OTARI,PUESTOS DE SALUD O POSTAS DE SALUD,CUSCO,LA CONVENCION,PICHARI,80910,I-1,,ACTIVADO
GOBIERNO REGIONAL,NIÑO JESUS DE PAJONAL,PUESTOS DE SALUD O POSTAS DE SALUD,AYACUCHO,HUAMANGA,OCROS,50106,I-1,,ACTIVADO
GOBIERNO REGIONAL,PALLCCARANA,PUESTOS DE SALUD O POSTAS DE SALUD,AYACUCHO,PARINACOCHAS,CORACORA,50701,I-1,,ACTIVADO
GOBIERNO REGIONAL,SACHARACCAY,CENTROS DE SALUD O CENTROS MEDICOS,AYACUCHO,LA MAR,ANCO,50502,I-3,,ACTIVADO
GOBIERNO REGIONAL,HUARCAS,PUESTOS DE SALUD O POSTAS DE SALUD,AYACUCHO,VILCAS HUAMAN,ACCOMARCA,51102,I-1,,ACTIVADO
GOBIERNO REGIONAL,HUACCAÑA,PUESTOS DE SALUD O POSTAS DE SALUD,AYACUCHO,VILCAS HUAMAN,VILCAS HUAMAN,51101,I-1,,ACTIVADO
GOBIERNO REGIONAL,PONGOCOCHA,PUESTOS DE SALUD O POSTAS DE SALUD,AYACUCHO,VILCAS HUAMAN,ACCOMARCA,51102,I-1,,ACTIVADO
GOBIERNO REGIONAL,QUEROBAMBA,CENTROS DE SALUD CON CAMAS DE INTERNAMIENTO,AYACUCHO,SUCRE,QUEROBAMBA,50901,I-4,,ACTIVADO
GOBIERNO REGIONAL,PICHARI BAJA,PUESTOS DE SALUD O POSTAS DE SALUD,CUSCO,LA CONVENCION,PICHARI,80910,I-1,,ACTIVADO
GOBIERNO REGIONAL,CHAVIÑA,CENTROS DE SALUD O CENTROS MEDICOS,AYACUCHO,LUCANAS,CHAVIÑA,50605,I-3,,ACTIVADO
GOBIERNO REGIONAL,SAN ANTONIO DE COCHAS,PUESTOS DE SALUD O POSTAS DE SALUD,AYACUCHO,VILCAS HUAMAN,HUAMBALPA,51105,I-1,,ACTIVADO
GOBIERNO REGIONAL,ROSARIO,PUESTOS DE SALUD O POSTAS DE SALUD,AYACUCHO,LA MAR,AYNA,50503,I-1,,ACTIVADO
GOBIERNO REGIONAL,PICHARI,CENTROS DE SALUD CON CAMAS DE INTERNAMIENTO,CUSCO,LA CONVENCION,PICHARI,80910,I-4,,ACTIVADO
GOBIERNO REGIONAL,PULLO,CENTROS DE SALUD O CENTROS MEDICOS,AYACUCHO,PARINACOCHAS,PULLO,50705,I-3,,ACTIVADO
GOBIERNO REGIONAL,SAN FRANCISCO DE PUJAS,PUESTOS DE SALUD O POSTAS DE SALUD,AYACUCHO,VILCAS HUAMAN,VILCAS HUAMAN,51101,I-1,,ACTIVADO
GOBIERNO REGIONAL,OVIRI,PUESTOS DE SALUD O POSTAS DE SALUD,JUNIN,SATIPO,RIO TAMBO,120608,I-2,,ACTIVADO
GOBIERNO REGIONAL,RIO BLANCO,PUESTOS DE SALUD O POSTAS DE SALUD,APURIMAC,CHINCHEROS,HUACCANA,30604,I-2,,ACTIVADO
GOBIERNO REGIONAL,TACALLA,PUESTOS DE SALUD O POSTAS DE SALUD,AYACUCHO,LUCANAS,CHIPAO,50606,I-1,,ACTIVADO
GOBIERNO REGIONAL,AHUAYRO,CENTROS DE SALUD O CENTROS MEDICOS,APURIMAC,CHINCHEROS,HUACCANA,30604,I-3,,ACTIVADO
GOBIERNO REGIONAL,OMAYA,PUESTOS DE SALUD O POSTAS DE SALUD,CUSCO,LA CONVENCION,PICHARI,80910,I-2,,ACTIVADO
GOBIERNO REGIONAL,CALLEBAMBA,PUESTOS DE SALUD O POSTAS DE SALUD,APURIMAC,CHINCHEROS,CHINCHEROS,30601,I-1,,ACTIVADO
GOBIERNO REGIONAL,CAPANAHUA,PUESTOS DE SALUD O POSTAS DE SALUD,LORETO,REQUENA,SOPLIN,160508,I-1,,ACTIVADO
GOBIERNO REGIONAL,HUACO,PUESTOS DE SALUD O POSTAS DE SALUD,AYACUCHO,SUCRE,MORCOLLA,50906,I-1,,ACTIVADO
GOBIERNO REGIONAL,AYCARA,PUESTOS DE SALUD O POSTAS DE SALUD,AYACUCHO,PARINACOCHAS,CORACORA,50701,I-1,,ACTIVADO
GOBIERNO REGIONAL,PUESTO DE SALUD QUICACHA,PUESTOS DE SALUD O POSTAS DE SALUD,AREQUIPA,CARAVELI,QUICACHA,40312,I-2,,ACTIVADO
GOBIERNO REGIONAL,SAN JUAN DE KIMBIRI-VRAEM,HOSPITALES O CLINICAS DE ATENCION ESPECIALIZADA,CUSCO,LA CONVENCION,KIMBIRI,80907,II-E,43.0,ACTIVADO
GOBIERNO REGIONAL,HOSPITAL DE APOYO SAN FRANCISCO,HOSPITALES O CLINICAS DE ATENCION GENERAL,AYACUCHO,LA MAR,AYNA,50503,II-1,26.0,ACTIVADO
GOBIERNO REGIONAL,NUEVO HORIZONTE,PUESTOS DE SALUD O POSTAS DE SALUD,UCAYALI,CORONEL PORTILLO,MASISEA,250104,I-1,,ACTIVADO
GOBIERNO REGIONAL,CARHUANCA,PUESTOS DE SALUD O POSTAS DE SALUD,AYACUCHO,VILCAS HUAMAN,CARHUANCA,51103,I-1,,ACTIVADO
GOBIERNO REGIONAL,SAN MARCOS,PUESTOS DE SALUD O POSTAS DE SALUD,AYACUCHO,PARINACOCHAS,CORACORA,50701,I-1,,ACTIVADO
GOBIERNO REGIONAL,HOSPITAL DE APOYO DE CORACORA,HOSPITALES O CLINICAS DE ATENCION GENERAL,AYACUCHO,PARINACOCHAS,CORACORA,50701,II-1,50.0,ACTIVADO
GOBIERNO REGIONAL,DIAMANTE AZUL,PUESTOS DE SALUD O POSTAS DE SALUD,LORETO,MAYNAS,ALTO NANAY,160102,I-1,,ACTIVADO
GOBIERNO REGIONAL,PACOBAMBA,PUESTOS DE SALUD O POSTAS DE SALUD,AYACUCHO,LA MAR,ANCO,50502,I-1,,ACTIVADO
GOBIERNO REGIONAL,SAN ANTONIO DE PINTUYACU,PUESTOS DE SALUD O POSTAS DE SALUD,LORETO,MAYNAS,ALTO NANAY,160102,I-1,,ACTIVADO
GOBIERNO REGIONAL,NUEVA JERUSALEN,PUESTOS DE SALUD O POSTAS DE SALUD,AYACUCHO,LA MAR,SANTA ROSA,50507,I-1,,ACTIVADO
GOBIERNO REGIONAL,MUCHAPAMPA,PUESTOS DE SALUD O POSTAS DE SALUD,AYACUCHO,PARINACOCHAS,CORACORA,50701,I-1,,ACTIVADO
GOBIERNO REGIONAL,ACOS,PUESTOS DE SALUD O POSTAS DE SALUD,AYACUCHO,PARINACOCHAS,CHUMPI,50702,I-1,,ACTIVADO
GOBIERNO REGIONAL,URUCANCHA,PUESTOS DE SALUD O POSTAS DE SALUD,APURIMAC,CHINCHEROS,COCHARCAS,30603,I-1,,ACTIVADO
ESSALUD,POSTA MEDICA ATALAYA,PUESTOS DE SALUD O POSTAS DE SALUD,UCAYALI,ATALAYA,RAIMONDI,250201,I-2,,ACTIVADO
GOBIERNO REGIONAL,CCASACCAHUA,PUESTOS DE SALUD O POSTAS DE SALUD,AYACUCHO,PARINACOCHAS,CORACORA,50701,I-1,,ACTIVADO
GOBIERNO REGIONAL,BELEN,PUESTOS DE SALUD O POSTAS DE SALUD,AYACUCHO,SUCRE,BELEN,50902,I-1,,ACTIVADO
GOBIERNO REGIONAL,SAURAMA,PUESTOS DE SALUD O POSTAS DE SALUD,AYACUCHO,VILCAS HUAMAN,SAURAMA,51107,I-1,,ACTIVADO
GOBIERNO REGIONAL,SIMPE,PUESTOS DE SALUD O POSTAS DE SALUD,APURIMAC,CHINCHEROS,HUACCANA,30604,I-1,,ACTIVADO
GOBIERNO REGIONAL,ATALAYA,CENTROS DE SALUD CON CAMAS DE INTERNAMIENTO,UCAYALI,ATALAYA,RAIMONDI,250201,I-4,,ACTIVADO
GOBIERNO REGIONAL,NEGRO MAYO,PUESTOS DE SALUD O POSTAS DE SALUD,AYACUCHO,PARINACOCHAS,CORACORA,50701,I-1,,ACTIVADO
GOBIERNO REGIONAL,SANTA FE,PUESTOS DE SALUD O POSTAS DE SALUD,LORETO,LORETO,NAUTA,160301,I-1,,ACTIVADO
GOBIERNO REGIONAL,KIMBIRI ALTO,PUESTOS DE SALUD O POSTAS DE SALUD,CUSCO,LA CONVENCION,KIMBIRI,80907,I-1,,ACTIVADO
GOBIERNO REGIONAL,SHIMA,PUESTOS DE SALUD O POSTAS DE SALUD,JUNIN,SATIPO,RIO TAMBO,120608,I-2,,ACTIVADO
GOBIERNO REGIONAL,CHALCOS,PUESTOS DE SALUD O POSTAS DE SALUD,AYACUCHO,SUCRE,CHALCOS,50903,I-1,,ACTIVADO
GOBIERNO REGIONAL,POTONGO,PUESTOS DE SALUD O POSTAS DE SALUD,AYACUCHO,SUCRE,QUEROBAMBA,50901,I-1,,ACTIVADO
GOBIERNO REGIONAL,CHUMPI,CENTROS DE SALUD O CENTROS MEDICOS,AYACUCHO,PARINACOCHAS,CHUMPI,50702,I-3,,ACTIVADO
GOBIERNO REGIONAL,TARCO,PUESTOS DE SALUD O POSTAS DE SALUD,AYACUCHO,PARINACOCHAS,PULLO,50705,I-1,,ACTIVADO
GOBIERNO REGIONAL,BETANIA,CENTROS DE SALUD O CENTROS MEDICOS,JUNIN,SATIPO,RIO TAMBO,120608,I-3,,ACTIVADO
GOBIERNO REGIONAL,IMPANEKIARI,PUESTOS DE SALUD O POSTAS DE SALUD,JUNIN,SATIPO,RIO TAMBO,120608,I-1,,ACTIVADO
GOBIERNO REGIONAL,POMACHUCO,PUESTOS DE SALUD O POSTAS DE SALUD,APURIMAC,CHINCHEROS,HUACCANA,30604,I-2,,ACTIVADO
GOBIERNO REGIONAL,COCHARCAS,PUESTOS DE SALUD O POSTAS DE SALUD,APURIMAC,CHINCHEROS,COCHARCAS,30603,I-2,,ACTIVADO
GOBIERNO REGIONAL,CARHUANILLA,PUESTOS DE SALUD O POSTAS DE SALUD,AYACUCHO,PARINACOCHAS,CHUMPI,50702,I-1,,ACTIVADO
GOBIERNO REGIONAL,SHEVOJA,PUESTOS DE SALUD O POSTAS DE SALUD,JUNIN,SATIPO,RIO TAMBO,120608,I-1,,ACTIVADO
GOBIERNO REGIONAL,SIMARIVA,PUESTOS DE SALUD O POSTAS DE SALUD,AYACUCHO,LA MAR,SANTA ROSA,50507,I-1,,ACTIVADO
GOBIERNO REGIONAL,SANTA ROSA,CENTROS DE SALUD O CENTROS MEDICOS,AYACUCHO,LA MAR,SANTA ROSA,50507,I-3,,ACTIVADO
GOBIERNO REGIONAL,SAN SALVADOR DE QUIJE,PUESTOS DE SALUD O POSTAS DE SALUD,AYACUCHO,SUCRE,SAN SALVADOR DE QUIJE,50909,I-2,,ACTIVADO
GOBIERNO REGIONAL,CASABAMBA,PUESTOS DE SALUD O POSTAS DE SALUD,APURIMAC,CHINCHEROS,CHINCHEROS,30601,I-1,,ACTIVADO
GOBIERNO REGIONAL,SANTIAGO DE PALLCCA,PUESTOS DE SALUD O POSTAS DE SALUD,AYACUCHO,SUCRE,SAN SALVADOR DE QUIJE,50909,I-1,,ACTIVADO
GOBIERNO REGIONAL,SANTA ROSITA DE SHIRINTIARI,PUESTOS DE SALUD O POSTAS DE SALUD,JUNIN,SATIPO,RIO TAMBO,120608,I-1,,ACTIVADO
GOBIERNO REGIONAL,CHILCAYOCC,PUESTOS DE SALUD O POSTAS DE SALUD,AYACUCHO,SUCRE,CHILCAYOC,50904,I-2,,ACTIVADO
GOBIERNO REGIONAL,PATIBAMBA BAJA,PUESTOS DE SALUD O POSTAS DE SALUD,APURIMAC,ABANCAY,ABANCAY,30101,I-2,,ACTIVADO
GOBIERNO REGIONAL,CAYARA,PUESTOS DE SALUD O POSTAS DE SALUD,APURIMAC,CHINCHEROS,CHINCHEROS,30601,I-2,,ACTIVADO
GOBIERNO REGIONAL,MARINTARI,PUESTOS DE SALUD O POSTAS DE SALUD,AYACUCHO,LA MAR,SANTA ROSA,50507,I-1,,ACTIVADO
GOBIERNO REGIONAL,CAPITIRI,PUESTOS DE SALUD O POSTAS DE SALUD,JUNIN,SATIPO,RIO TAMBO,120608,I-2,,ACTIVADO
GOBIERNO REGIONAL,HOSPITAL CHINCHEROS,HOSPITALES O CLINICAS DE ATENCION GENERAL,APURIMAC,CHINCHEROS,CHINCHEROS,30601,II-1,23.0,ACTIVADO
ESSALUD,CENTRO DE ATENCION PRIMARIA II CHINCHEROS,CENTROS DE SALUD O CENTROS MEDICOS,APURIMAC,CHINCHEROS,CHINCHEROS,30601,I-3,0.0,ACTIVADO
GOBIERNO REGIONAL,BOCA CHEMBO,PUESTOS DE SALUD O POSTAS DE SALUD,JUNIN,SATIPO,RIO TAMBO,120608,I-2,,ACTIVADO
GOBIERNO REGIONAL,OSCCOLLO,PUESTOS DE SALUD O POSTAS DE SALUD,APURIMAC,CHINCHEROS,COCHARCAS,30603,I-1,,ACTIVADO
GOBIERNO REGIONAL,BELLAVISTA,PUESTOS DE SALUD O POSTAS DE SALUD,AYACUCHO,PARINACOCHAS,CHUMPI,50702,I-1,,ACTIVADO
GOBIERNO REGIONAL,SAMANIATO,PUESTOS DE SALUD O POSTAS DE SALUD,CUSCO,LA CONVENCION,KIMBIRI,80907,I-2,,ACTIVADO
GOBIERNO REGIONAL,MOYACCASA,PUESTOS DE SALUD O POSTAS DE SALUD,APURIMAC,CHINCHEROS,HUACCANA,30604,I-1,,ACTIVADO
GOBIERNO REGIONAL,CUSHIRENI,PUESTOS DE SALUD O POSTAS DE SALUD,JUNIN,SATIPO,RIO TAMBO,120608,I-1,,ACTIVADO
GOBIERNO REGIONAL,CHIQUINTIRCA,PUESTOS DE SALUD O POSTAS DE SALUD,AYACUCHO,LA MAR,ANCO,50502,I-2,,ACTIVADO
GOBIERNO REGIONAL,ANGELES,PUESTOS DE SALUD O POSTAS DE SALUD,CUSCO,LA CONVENCION,KIMBIRI,80907,I-1,,ACTIVADO
GOBIERNO REGIONAL,SANTA MARIA DE NANAY,CENTROS DE SALUD O CENTROS MEDICOS,LORETO,MAYNAS,ALTO NANAY,160102,I-3,,ACTIVADO
GOBIERNO REGIONAL,COMUNPIARI,PUESTOS DE SALUD O POSTAS DE SALUD,AYACUCHO,LA MAR,SANTA ROSA,50507,I-1,,ACTIVADO
GOBIERNO REGIONAL,CURINGA,PUESTOS DE SALUD O POSTAS DE SALUD,LORETO,REQUENA,SOPLIN,160508,I-1,,ACTIVADO
GOBIERNO REGIONAL,TANCAYLLO,PUESTOS DE SALUD O POSTAS DE SALUD,APURIMAC,CHINCHEROS,URANMARCA,30607,I-1,,ACTIVADO
GOBIERNO REGIONAL,ANCO,PUESTOS DE SALUD O POSTAS DE SALUD,AYACUCHO,LA MAR,ANCO,50502,I-1,,ACTIVADO
GOBIERNO REGIONAL,CHUPARO,PUESTOS DE SALUD O POSTAS DE SALUD,APURIMAC,CHINCHEROS,ANCO HUALLO,30602,I-1,,ACTIVADO
GOBIERNO REGIONAL,HUACCANA,CENTROS DE SALUD CON CAMAS DE INTERNAMIENTO,APURIMAC,CHINCHEROS,HUACCANA,30604,I-4,,ACTIVADO
GOBIERNO REGIONAL,QARIN,PUESTOS DE SALUD O POSTAS DE SALUD,AYACUCHO,LA MAR,CHUNGUI,50505,I-1,,ACTIVADO
GOBIERNO REGIONAL,YURACCHUASI,PUESTOS DE SALUD O POSTAS DE SALUD,AYACUCHO,PARINACOCHAS,PUYUSCA,50706,I-1,,ACTIVADO
GOBIERNO REGIONAL,MUÑAPUCRO,PUESTOS DE SALUD O POSTAS DE SALUD,APURIMAC,CHINCHEROS,ANCO HUALLO,30602,I-2,,ACTIVADO
GOBIERNO REGIONAL,CANAL,PUESTOS DE SALUD O POSTAS DE SALUD,AYACUCHO,LA MAR,SAMUGARI,50509,I-1,,ACTIVADO
GOBIERNO REGIONAL,TANQUIYAURECC,PUESTOS DE SALUD O POSTAS DE SALUD,APURIMAC,ANDAHUAYLAS,SAN ANTONIO DE CACHI,30212,I-1,,ACTIVADO
GOBIERNO REGIONAL,SAURI,CENTROS DE SALUD O CENTROS MEDICOS,APURIMAC,CHINCHEROS,HUACCANA,30604,I-3,,ACTIVADO
GOBIERNO REGIONAL,SANTA CLOTILDE  ( REFERENCIAL),CENTROS DE SALUD CON CAMAS DE INTERNAMIENTO,LORETO,MAYNAS,NAPO,160107,I-4,,ACTIVADO
GOBIERNO REGIONAL,CALLAPAYOCC,PUESTOS DE SALUD O POSTAS DE SALUD,APURIMAC,CHINCHEROS,ONGOY,30606,I-2,,ACTIVADO
GOBIERNO REGIONAL,MARA MARA,PUESTOS DE SALUD O POSTAS DE SALUD,APURIMAC,CHINCHEROS,HUACCANA,30604,I-1,,ACTIVADO
GOBIERNO REGIONAL,URIPA,CENTROS DE SALUD CON CAMAS DE INTERNAMIENTO,APURIMAC,CHINCHEROS,ANCO HUALLO,30602,I-4,,ACTIVADO
GOBIERNO REGIONAL,CENTRO MEDICO  PARROQUIAL,PUESTOS DE SALUD O POSTAS DE SALUD,APURIMAC,CHINCHEROS,ANCO HUALLO,30602,I-2,,ACTIVADO
GOBIERNO REGIONAL,NOHAYA,PUESTOS DE SALUD O POSTAS DE SALUD,UCAYALI,CORONEL PORTILLO,MASISEA,250104,I-1,,ACTIVADO
GOBIERNO REGIONAL,VISTA ALEGRE - SUCRE,PUESTOS DE SALUD O POSTAS DE SALUD,AYACUCHO,SUCRE,SAN SALVADOR DE QUIJE,50909,I-1,,ACTIVADO
GOBIERNO REGIONAL,MAPITUNARI,PUESTOS DE SALUD O POSTAS DE SALUD,CUSCO,LA CONVENCION,KIMBIRI,80907,I-2,,ACTIVADO
GOBIERNO REGIONAL,POYENI,CENTROS DE SALUD O CENTROS MEDICOS,JUNIN,SATIPO,RIO TAMBO,120608,I-3,,ACTIVADO
GOBIERNO REGIONAL,ONGOY,CENTROS DE SALUD O CENTROS MEDICOS,APURIMAC,CHINCHEROS,ONGOY,30606,I-3,,ACTIVADO
GOBIERNO REGIONAL,SAN JUAN DE CULA,PUESTOS DE SALUD O POSTAS DE SALUD,APURIMAC,ANDAHUAYLAS,SAN ANTONIO DE CACHI,30212,I-1,,ACTIVADO
GOBIERNO REGIONAL,URANMARCA,PUESTOS DE SALUD O POSTAS DE SALUD,APURIMAC,CHINCHEROS,URANMARCA,30607,I-2,,ACTIVADO
GOBIERNO REGIONAL,GENARO HERRERA,CENTROS DE SALUD O CENTROS MEDICOS,LORETO,REQUENA,JENARO HERRERA,160510,I-3,,ACTIVADO
GOBIERNO REGIONAL,TOTORABAMBA,PUESTOS DE SALUD O POSTAS DE SALUD,APURIMAC,CHINCHEROS,ANCO HUALLO,30602,I-2,,ACTIVADO
GOBIERNO REGIONAL,CHIARA,PUESTOS DE SALUD O POSTAS DE SALUD,APURIMAC,ANDAHUAYLAS,CHIARA,30203,I-2,,ACTIVADO
GOBIERNO REGIONAL,SAN MARTIN DE PALLCCA,PUESTOS DE SALUD O POSTAS DE SALUD,AYACUCHO,LUCANAS,CHIPAO,50606,I-1,,ACTIVADO
GOBIERNO REGIONAL,SIHUE,PUESTOS DE SALUD O POSTAS DE SALUD,AYACUCHO,SUCRE,PAICO,50907,I-1,,ACTIVADO
GOBIERNO REGIONAL,SANTIAGO DE YAURECC,PUESTOS DE SALUD O POSTAS DE SALUD,APURIMAC,ANDAHUAYLAS,CHIARA,30203,I-1,,ACTIVADO
GOBIERNO REGIONAL,PALMAPAMPA,CENTROS DE SALUD CON CAMAS DE INTERNAMIENTO,AYACUCHO,LA MAR,SAMUGARI,50509,I-4,,ACTIVADO
GOBIERNO REGIONAL,TURURO,PUESTOS DE SALUD O POSTAS DE SALUD,APURIMAC,CHINCHEROS,ONGOY,30606,I-2,,ACTIVADO
GOBIERNO REGIONAL,AUTAMA,PUESTOS DE SALUD O POSTAS DE SALUD,AYACUCHO,SUCRE,SANTIAGO DE PAUCARAY,50910,I-1,,ACTIVADO
GOBIERNO REGIONAL,UNION ROSALES,PUESTOS DE SALUD O POSTAS DE SALUD,CUSCO,LA CONVENCION,KIMBIRI,80907,I-1,,ACTIVADO
GOBIERNO REGIONAL,PAICO,PUESTOS DE SALUD O POSTAS DE SALUD,AYACUCHO,SUCRE,PAICO,50907,I-1,,ACTIVADO
GOBIERNO REGIONAL,PICHIHUILLCA,PUESTOS DE SALUD O POSTAS DE SALUD,AYACUCHO,LA MAR,SAMUGARI,50509,I-1,,ACTIVADO
GOBIERNO REGIONAL,ATIHUARA,PUESTOS DE SALUD O POSTAS DE SALUD,AYACUCHO,SUCRE,SANTIAGO DE PAUCARAY,50910,I-1,,ACTIVADO
GOBIERNO REGIONAL,HUANCANE,PUESTOS DE SALUD O POSTAS DE SALUD,APURIMAC,CHINCHEROS,URANMARCA,30607,I-1,,ACTIVADO
GOBIERNO REGIONAL,SANTA ROSA,PUESTOS DE SALUD O POSTAS DE SALUD,APURIMAC,CHINCHEROS,ONGOY,30606,I-2,,ACTIVADO
GOBIERNO REGIONAL,MANITEA ALTA,PUESTOS DE SALUD O POSTAS DE SALUD,CUSCO,LA CONVENCION,KIMBIRI,80907,I-1,,ACTIVADO
GOBIERNO REGIONAL,CHULLIZANA,PUESTOS DE SALUD O POSTAS DE SALUD,APURIMAC,ANDAHUAYLAS,SAN ANTONIO DE CACHI,30212,I-2,,ACTIVADO
GOBIERNO REGIONAL,MOTOY,PUESTOS DE SALUD O POSTAS DE SALUD,APURIMAC,CHINCHEROS,RANRACANCHA,30608,I-1,,ACTIVADO
GOBIERNO REGIONAL,LOBO TAHUANTINSUYO,CENTROS DE SALUD O CENTROS MEDICOS,CUSCO,LA CONVENCION,KIMBIRI,80907,I-3,,ACTIVADO
GOBIERNO REGIONAL,PUESTO DE SALUD SONDOR,PUESTOS DE SALUD O POSTAS DE SALUD,AREQUIPA,CARAVELI,CAHUACHO,40306,I-2,,ACTIVADO
GOBIERNO REGIONAL,SAMITO I,PUESTOS DE SALUD O POSTAS DE SALUD,LORETO,MAYNAS,ALTO NANAY,160102,I-1,,ACTIVADO
GOBIERNO REGIONAL,HUAYANA,PUESTOS DE SALUD O POSTAS DE SALUD,APURIMAC,ANDAHUAYLAS,HUAYANA,30206,I-2,,ACTIVADO
GOBIERNO REGIONAL,CHACCRAMPA,PUESTOS DE SALUD O POSTAS DE SALUD,APURIMAC,ANDAHUAYLAS,SAN MIGUEL DE CHACCRAMPA,30214,I-2,,ACTIVADO
GOBIERNO REGIONAL,ATICO,CENTROS DE SALUD O CENTROS MEDICOS,AREQUIPA,CARAVELI,ATICO,40303,I-3,,ACTIVADO
GOBIERNO REGIONAL,MOZOBAMBA,PUESTOS DE SALUD O POSTAS DE SALUD,APURIMAC,CHINCHEROS,ONGOY,30606,I-1,,ACTIVADO
GOBIERNO REGIONAL,SAN CRISTOBAL,PUESTOS DE SALUD O POSTAS DE SALUD,APURIMAC,CHINCHEROS,RANRACANCHA,30608,I-1,,ACTIVADO
GOBIERNO REGIONAL,SALLA SALLA,PUESTOS DE SALUD O POSTAS DE SALUD,AYACUCHO,PARINACOCHAS,PUYUSCA,50706,I-1,,ACTIVADO
GOBIERNO REGIONAL,RANRACANCHA,CENTROS DE SALUD O CENTROS MEDICOS,APURIMAC,CHINCHEROS,RANRACANCHA,30608,I-3,,ACTIVADO
GOBIERNO REGIONAL,SORAS,CENTROS DE SALUD O CENTROS MEDICOS,AYACUCHO,SUCRE,SORAS,50911,I-3,,ACTIVADO
GOBIERNO REGIONAL,CHIRUMPIARI,PUESTOS DE SALUD O POSTAS DE SALUD,CUSCO,LA CONVENCION,KIMBIRI,80907,I-2,,ACTIVADO
GOBIERNO REGIONAL,REBELDE HUAYRANA,PUESTOS DE SALUD O POSTAS DE SALUD,APURIMAC,ANDAHUAYLAS,SANTA MARIA DE CHICMO,30215,I-1,,ACTIVADO
GOBIERNO REGIONAL,SAN ANTONIO DE CACHI,PUESTOS DE SALUD O POSTAS DE SALUD,APURIMAC,ANDAHUAYLAS,SAN ANTONIO DE CACHI,30212,I-2,,ACTIVADO
GOBIERNO REGIONAL,IGLESIA PATA,PUESTOS DE SALUD O POSTAS DE SALUD,APURIMAC,ANDAHUAYLAS,SAN MIGUEL DE CHACCRAMPA,30214,I-1,,ACTIVADO
GOBIERNO REGIONAL,BUENA GANA,PUESTOS DE SALUD O POSTAS DE SALUD,AYACUCHO,LA MAR,ANCHIHUAY,50510,I-1,,ACTIVADO
GOBIERNO REGIONAL,ROCCHACC,CENTROS DE SALUD O CENTROS MEDICOS,APURIMAC,CHINCHEROS,ONGOY,30606,I-3,,ACTIVADO
GOBIERNO REGIONAL,SANTIAGO DE YANACULLO,PUESTOS DE SALUD O POSTAS DE SALUD,APURIMAC,ANDAHUAYLAS,SAN MIGUEL DE CHACCRAMPA,30214,I-1,,ACTIVADO
GOBIERNO REGIONAL,RIMA,PUESTOS DE SALUD O POSTAS DE SALUD,UCAYALI,ATALAYA,RAIMONDI,250201,I-1,,ACTIVADO
GOBIERNO REGIONAL,PADRE RUMI,PUESTOS DE SALUD O POSTAS DE SALUD,APURIMAC,CHINCHEROS,RANRACANCHA,30608,I-1,,ACTIVADO
GOBIERNO REGIONAL,MONTERRICO,PUESTOS DE SALUD O POSTAS DE SALUD,AYACUCHO,LA MAR,SAMUGARI,50509,I-1,,ACTIVADO
GOBIERNO REGIONAL,HUAMBURQUE,PUESTOS DE SALUD O POSTAS DE SALUD,APURIMAC,CHINCHEROS,ONGOY,30606,I-1,,ACTIVADO
GOBIERNO REGIONAL,POMACOCHA,PUESTOS DE SALUD O POSTAS DE SALUD,APURIMAC,ANDAHUAYLAS,POMACOCHA,30211,I-2,,ACTIVADO
GOBIERNO REGIONAL,SANTIAGO DE PAUCARAY,PUESTOS DE SALUD O POSTAS DE SALUD,AYACUCHO,SUCRE,SANTIAGO DE PAUCARAY,50910,I-1,,ACTIVADO
GOBIERNO REGIONAL,SAN JUAN PAMPA,PUESTOS DE SALUD O POSTAS DE SALUD,APURIMAC,ANDAHUAYLAS,SAN MIGUEL DE CHACCRAMPA,30214,I-1,,ACTIVADO
GOBIERNO REGIONAL,CASCABAMBA,CENTROS DE SALUD O CENTROS MEDICOS,APURIMAC,ANDAHUAYLAS,SANTA MARIA DE CHICMO,30215,I-3,,ACTIVADO
GOBIERNO REGIONAL,CHUNGUI,CENTROS DE SALUD O CENTROS MEDICOS,AYACUCHO,LA MAR,CHUNGUI,50505,I-3,,ACTIVADO
GOBIERNO REGIONAL,NUEVA HUILLCAYHUA,PUESTOS DE SALUD O POSTAS DE SALUD,APURIMAC,ANDAHUAYLAS,CHIARA,30203,I-1,,ACTIVADO
ESSALUD,CENTRO DE ATENCION PRIMARIA II NAUTA,CENTROS DE SALUD CON CAMAS DE INTERNAMIENTO,LORETO,LORETO,NAUTA,160301,I-3,,ACTIVADO
GOBIERNO REGIONAL,LAMAY,PUESTOS DE SALUD O POSTAS DE SALUD,APURIMAC,ANDAHUAYLAS,SANTA MARIA DE CHICMO,30215,I-1,,ACTIVADO
GOBIERNO REGIONAL,ANCHIHUAY,PUESTOS DE SALUD O POSTAS DE SALUD,AYACUCHO,LA MAR,ANCHIHUAY,50510,I-2,,ACTIVADO
GOBIERNO REGIONAL,NAUTA - NUCLEO BASE,CENTROS DE SALUD CON CAMAS DE INTERNAMIENTO,LORETO,LORETO,NAUTA,160301,I-4,20.0,ACTIVADO
GOBIERNO REGIONAL,CCANTUPATA,PUESTOS DE SALUD O POSTAS DE SALUD,APURIMAC,ANDAHUAYLAS,SANTA MARIA DE CHICMO,30215,I-1,,ACTIVADO
GOBIERNO REGIONAL,SAN PEDRO DE LARCAY,PUESTOS DE SALUD O POSTAS DE SALUD,AYACUCHO,SUCRE,SAN PEDRO DE LARCAY,50908,I-1,,ACTIVADO
GOBIERNO REGIONAL,CHALLHUANI,CENTROS DE SALUD O CENTROS MEDICOS,APURIMAC,CHINCHEROS,OCOBAMBA,30605,I-3,,ACTIVADO
GOBIERNO REGIONAL,HUARIBAMBA,PUESTOS DE SALUD O POSTAS DE SALUD,APURIMAC,CHINCHEROS,RANRACANCHA,30608,I-2,,ACTIVADO
GOBIERNO REGIONAL,URAYUMA,PUESTOS DE SALUD O POSTAS DE SALUD,AYACUCHO,PARINACOCHAS,CORONEL CASTAÑEDA,50703,I-1,,ACTIVADO
GOBIERNO REGIONAL,PORVENIR,PUESTOS DE SALUD O POSTAS DE SALUD,APURIMAC,CHINCHEROS,ONGOY,30606,I-2,,ACTIVADO
GOBIERNO REGIONAL,INCUYO,CENTROS DE SALUD O CENTROS MEDICOS,AYACUCHO,PARINACOCHAS,PUYUSCA,50706,I-3,,ACTIVADO
GOBIERNO REGIONAL,CONDORPAMPA,PUESTOS DE SALUD O POSTAS DE SALUD,AYACUCHO,PARINACOCHAS,UPAHUACHO,50708,I-1,,ACTIVADO
GOBIERNO REGIONAL,UMAMARCA,CENTROS DE SALUD O CENTROS MEDICOS,APURIMAC,ANDAHUAYLAS,TUMAY HUARACA,30217,I-3,,ACTIVADO
GOBIERNO REGIONAL,OCOBAMBA,CENTROS DE SALUD CON CAMAS DE INTERNAMIENTO,APURIMAC,CHINCHEROS,OCOBAMBA,30605,I-4,,ACTIVADO
GOBIERNO REGIONAL,OCCEPATA,PUESTOS DE SALUD O POSTAS DE SALUD,APURIMAC,CHINCHEROS,RANRACANCHA,30608,I-1,,ACTIVADO
GOBIERNO REGIONAL,CCELLOPAMPA,PUESTOS DE SALUD O POSTAS DE SALUD,APURIMAC,AYMARAES,COTARUSE,30406,I-1,,ACTIVADO
GOBIERNO REGIONAL,PAMPAMARCA,PUESTOS DE SALUD O POSTAS DE SALUD,AYACUCHO,PARINACOCHAS,CORACORA,50701,I-1,,ACTIVADO
GOBIERNO REGIONAL,TOTORA DE AYMARAES,PUESTOS DE SALUD O POSTAS DE SALUD,APURIMAC,AYMARAES,COTARUSE,30406,I-1,,ACTIVADO
GOBIERNO REGIONAL,BOCA PUCANI,PUESTOS DE SALUD O POSTAS DE SALUD,UCAYALI,ATALAYA,RAIMONDI,250201,I-1,,ACTIVADO
GOBIERNO REGIONAL,MOLLEPATA,PUESTOS DE SALUD O POSTAS DE SALUD,APURIMAC,ANDAHUAYLAS,HUANCARAY,30205,I-1,,ACTIVADO
GOBIERNO REGIONAL,PAMPACHIRI,CENTROS DE SALUD CON CAMAS DE INTERNAMIENTO,APURIMAC,ANDAHUAYLAS,PAMPACHIRI,30210,I-4,8.0,ACTIVADO
GOBIERNO REGIONAL,LACAYA,PUESTOS DE SALUD O POSTAS DE SALUD,AYACUCHO,PARINACOCHAS,PUYUSCA,50706,I-1,,ACTIVADO
GOBIERNO REGIONAL,CHAICHA,PUESTOS DE SALUD O POSTAS DE SALUD,AYACUCHO,PARINACOCHAS,PUYUSCA,50706,I-1,,ACTIVADO
GOBIERNO REGIONAL,CHOCCEPUQUIO,PUESTOS DE SALUD O POSTAS DE SALUD,APURIMAC,CHINCHEROS,OCOBAMBA,30605,I-2,,ACTIVADO
GOBIERNO REGIONAL,SAN LUIS DE TACSHA CURARAY,PUESTOS DE SALUD O POSTAS DE SALUD,LORETO,MAYNAS,NAPO,160107,I-1,,ACTIVADO
GOBIERNO REGIONAL,EL SOL,PUESTOS DE SALUD O POSTAS DE SALUD,LORETO,REQUENA,SAQUENA,160507,I-1,,ACTIVADO
GOBIERNO REGIONAL,PUEBLO LIBRE,PUESTOS DE SALUD O POSTAS DE SALUD,CUSCO,LA CONVENCION,KIMBIRI,80907,I-2,,ACTIVADO
GOBIERNO REGIONAL,TACSHA CURARAY,PUESTOS DE SALUD O POSTAS DE SALUD,LORETO,MAYNAS,NAPO,160107,I-1,,ACTIVADO
GOBIERNO REGIONAL,OCCOCHO,PUESTOS DE SALUD O POSTAS DE SALUD,APURIMAC,ANDAHUAYLAS,HUANCARAY,30205,I-1,,ACTIVADO
GOBIERNO REGIONAL,BAGAZAN DE SAPUENA,PUESTOS DE SALUD O POSTAS DE SALUD,LORETO,REQUENA,SAQUENA,160507,I-1,,ACTIVADO
GOBIERNO REGIONAL,PALLCCA,PUESTOS DE SALUD O POSTAS DE SALUD,AYACUCHO,LA MAR,CHUNGUI,50505,I-1,,ACTIVADO
GOBIERNO REGIONAL,CHECCCHEPAMPA,PUESTOS DE SALUD O POSTAS DE SALUD,APURIMAC,ANDAHUAYLAS,HUAYANA,30206,I-1,,ACTIVADO
GOBIERNO REGIONAL,ARHUIMAYO,PUESTOS DE SALUD O POSTAS DE SALUD,AYACUCHO,LA MAR,ANCO,50502,I-1,,ACTIVADO
GOBIERNO REGIONAL,NUEVA ESPERANZA,CENTROS DE SALUD O CENTROS MEDICOS,APURIMAC,ANDAHUAYLAS,SANTA MARIA DE CHICMO,30215,I-3,,ACTIVADO
GOBIERNO REGIONAL,AMARGURA,PUESTOS DE SALUD O POSTAS DE SALUD,AYACUCHO,LA MAR,ANCO,50502,I-1,,ACTIVADO
GOBIERNO REGIONAL,SAN MARTIN,CENTROS DE SALUD O CENTROS MEDICOS,AYACUCHO,LA MAR,ANCO,50502,I-3,,ACTIVADO
GOBIERNO REGIONAL,CABAÑA,PUESTOS DE SALUD O POSTAS DE SALUD,APURIMAC,CHINCHEROS,ONGOY,30606,I-1,,ACTIVADO
GOBIERNO REGIONAL,HUANCARAY,CENTROS DE SALUD CON CAMAS DE INTERNAMIENTO,APURIMAC,ANDAHUAYLAS,HUANCARAY,30205,I-4,,ACTIVADO
GOBIERNO REGIONAL,VILLA QUINTIARINA,PUESTOS DE SALUD O POSTAS DE SALUD,CUSCO,LA CONVENCION,VILCABAMBA,80909,I-2,,ACTIVADO
GOBIERNO REGIONAL,SERJALI,PUESTOS DE SALUD O POSTAS DE SALUD,UCAYALI,ATALAYA,RAIMONDI,250201,I-1,,ACTIVADO
GOBIERNO REGIONAL,MOYABAMBA BAJA,PUESTOS DE SALUD O POSTAS DE SALUD,APURIMAC,ANDAHUAYLAS,SANTA MARIA DE CHICMO,30215,I-1,,ACTIVADO
GOBIERNO REGIONAL,CCOCHAPUCRO,"PUESTOS DE SALUD O POSTAS DE SALUD,PUESTOS DE SALUD O POSTAS DE SALUD",APURIMAC,ANDAHUAYLAS,TUMAY HUARACA,30217,I-1,,ACTIVADO
GOBIERNO REGIONAL,LAHUALAHUA,PUESTOS DE SALUD O POSTAS DE SALUD,APURIMAC,AYMARAES,COTARUSE,30406,I-1,,ACTIVADO
GOBIERNO REGIONAL,P.S. I-1 PORVENIR DE IQUITOS,PUESTOS DE SALUD O POSTAS DE SALUD,LORETO,MAYNAS,IQUITOS,160101,I-1,,ACTIVADO
GOBIERNO REGIONAL,TORACCA,PUESTOS DE SALUD O POSTAS DE SALUD,APURIMAC,ANDAHUAYLAS,TURPO,30218,I-1,,ACTIVADO
GOBIERNO REGIONAL,LECHEMAYO,PUESTOS DE SALUD O POSTAS DE SALUD,AYACUCHO,LA MAR,ANCO,50502,I-2,,ACTIVADO
GOBIERNO REGIONAL,VILLA VIRGEN,PUESTOS DE SALUD O POSTAS DE SALUD,CUSCO,LA CONVENCION,VILCABAMBA,80909,I-2,,ACTIVADO
GOBIERNO REGIONAL,CCANCCAYLLO,PUESTOS DE SALUD O POSTAS DE SALUD,APURIMAC,ANDAHUAYLAS,HUANCARAY,30205,I-1,,ACTIVADO
GOBIERNO REGIONAL,SAN JOSE DE VILLA VISTA,PUESTOS DE SALUD O POSTAS DE SALUD,AYACUCHO,LA MAR,CHUNGUI,50505,I-1,,ACTIVADO
GOBIERNO REGIONAL,PUESTO DE SALUD AYROCA,PUESTOS DE SALUD O POSTAS DE SALUD,AREQUIPA,CARAVELI,CAHUACHO,40306,I-1,,ACTIVADO
GOBIERNO REGIONAL,UMACA,PUESTOS DE SALUD O POSTAS DE SALUD,APURIMAC,CHINCHEROS,OCOBAMBA,30605,I-1,,ACTIVADO
GOBIERNO REGIONAL,SANSAYCCA,PUESTOS DE SALUD O POSTAS DE SALUD,AYACUCHO,PARINACOCHAS,UPAHUACHO,50708,I-1,,ACTIVADO
GOBIERNO REGIONAL,PALLACCOCHA,PUESTOS DE SALUD O POSTAS DE SALUD,APURIMAC,ANDAHUAYLAS,TURPO,30218,I-1,,ACTIVADO
GOBIERNO REGIONAL,TARAMBA,PUESTOS DE SALUD O POSTAS DE SALUD,APURIMAC,ANDAHUAYLAS,SANTA MARIA DE CHICMO,30215,I-2,,ACTIVADO
GOBIERNO REGIONAL,CHICMO,CENTROS DE SALUD CON CAMAS DE INTERNAMIENTO,APURIMAC,ANDAHUAYLAS,SANTA MARIA DE CHICMO,30215,I-4,,ACTIVADO
GOBIERNO REGIONAL,PISCOBAMBA,PUESTOS DE SALUD O POSTAS DE SALUD,APURIMAC,CHINCHEROS,OCOBAMBA,30605,I-2,,ACTIVADO
GOBIERNO REGIONAL,BELEN DE ANTA,PUESTOS DE SALUD O POSTAS DE SALUD,APURIMAC,ANDAHUAYLAS,TURPO,30218,I-2,,ACTIVADO
GOBIERNO REGIONAL,CALPAMAYO,PUESTOS DE SALUD O POSTAS DE SALUD,AYACUCHO,PARINACOCHAS,UPAHUACHO,50708,I-2,,ACTIVADO
GOBIERNO REGIONAL,CHILLIHUA,PUESTOS DE SALUD O POSTAS DE SALUD,APURIMAC,ANDAHUAYLAS,PAMPACHIRI,30210,I-1,,ACTIVADO
GOBIERNO REGIONAL,SACHAPUNA,PUESTOS DE SALUD O POSTAS DE SALUD,APURIMAC,CHINCHEROS,OCOBAMBA,30605,I-1,,ACTIVADO
GOBIERNO REGIONAL,PUESTO DE SALUD CAHUACHO,PUESTOS DE SALUD O POSTAS DE SALUD,AREQUIPA,CARAVELI,CAHUACHO,40306,I-2,,ACTIVADO
GOBIERNO REGIONAL,TURPO,CENTROS DE SALUD O CENTROS MEDICOS,APURIMAC,ANDAHUAYLAS,TURPO,30218,I-3,,ACTIVADO
GOBIERNO REGIONAL,MULACANCHA,PUESTOS DE SALUD O POSTAS DE SALUD,APURIMAC,ANDAHUAYLAS,TALAVERA,30216,I-1,,ACTIVADO
GOBIERNO REGIONAL,YANACCMA,PUESTOS DE SALUD O POSTAS DE SALUD,APURIMAC,ANDAHUAYLAS,TURPO,30218,I-1,,ACTIVADO
GOBIERNO REGIONAL,LLANCAMA,PUESTOS DE SALUD O POSTAS DE SALUD,APURIMAC,ANDAHUAYLAS,PAMPACHIRI,30210,I-1,,ACTIVADO
GOBIERNO REGIONAL,VILLA SANTA ROSA,PUESTOS DE SALUD O POSTAS DE SALUD,APURIMAC,ANDAHUAYLAS,TUMAY HUARACA,30217,I-1,,ACTIVADO
GOBIERNO REGIONAL,PARARCA,PUESTOS DE SALUD O POSTAS DE SALUD,AYACUCHO,PAUCAR DEL SARA SARA,PARARCA,50807,I-1,,ACTIVADO
GOBIERNO REGIONAL,VILLA AURORA,PUESTOS DE SALUD O POSTAS DE SALUD,AYACUCHO,LA MAR,CHUNGUI,50505,I-1,,ACTIVADO
GOBIERNO REGIONAL,FERNANDO LORES,PUESTOS DE SALUD O POSTAS DE SALUD,LORETO,MAYNAS,IQUITOS,160101,I-2,,ACTIVADO
GOBIERNO REGIONAL,NUEVO LIBERTAD,PUESTOS DE SALUD O POSTAS DE SALUD,LORETO,MAYNAS,IQUITOS,160101,I-1,,ACTIVADO
GOBIERNO REGIONAL,LA FLORESTA,PUESTOS DE SALUD O POSTAS DE SALUD,UCAYALI,ATALAYA,RAIMONDI,250201,I-1,,ACTIVADO
GOBIERNO REGIONAL,PAMPAMARCA,PUESTOS DE SALUD O POSTAS DE SALUD,APURIMAC,ANDAHUAYLAS,TALAVERA,30216,I-2,,ACTIVADO
GOBIERNO REGIONAL,GRAU,PUESTOS DE SALUD O POSTAS DE SALUD,LORETO,LORETO,NAUTA,160301,I-1,,ACTIVADO
GOBIERNO REGIONAL,CCACCACHA,PUESTOS DE SALUD O POSTAS DE SALUD,APURIMAC,ANDAHUAYLAS,TALAVERA,30216,I-1,,ACTIVADO
GOBIERNO REGIONAL,PISQUICOCHA,PUESTOS DE SALUD O POSTAS DE SALUD,APURIMAC,AYMARAES,COTARUSE,30406,I-2,,ACTIVADO
GOBIERNO REGIONAL,QUILCATA,PUESTOS DE SALUD O POSTAS DE SALUD,AYACUCHO,PAUCAR DEL SARA SARA,SARA SARA,50810,I-1,,ACTIVADO
GOBIERNO REGIONAL,OSCCOLLOPAMPA,PUESTOS DE SALUD O POSTAS DE SALUD,APURIMAC,ANDAHUAYLAS,TALAVERA,30216,I-1,,ACTIVADO
GOBIERNO REGIONAL,UCHUHUANCARAY,PUESTOS DE SALUD O POSTAS DE SALUD,APURIMAC,ANDAHUAYLAS,TALAVERA,30216,I-1,,ACTIVADO
GOBIERNO REGIONAL,CCOCHANI,PUESTOS DE SALUD O POSTAS DE SALUD,AYACUCHO,PARINACOCHAS,UPAHUACHO,50708,I-1,,ACTIVADO
GOBIERNO REGIONAL,LUIS PATA,PUESTOS DE SALUD O POSTAS DE SALUD,APURIMAC,ANDAHUAYLAS,TALAVERA,30216,I-1,,ACTIVADO
GOBIERNO REGIONAL,TAYPICHA,PUESTOS DE SALUD O POSTAS DE SALUD,APURIMAC,ANDAHUAYLAS,TURPO,30218,I-1,,ACTIVADO
GOBIERNO REGIONAL,"ASOCIACION DE COMUNIDAD LOCAL DE ADMINISTRACION DE SALUD ""EL PAUJIL""",PUESTOS DE SALUD O POSTAS DE SALUD,LORETO,MAYNAS,SAN JUAN BAUTISTA,160113,I-2,,ACTIVADO
GOBIERNO REGIONAL,OCCARALLA,PUESTOS DE SALUD O POSTAS DE SALUD,APURIMAC,AYMARAES,SAÑAYCA,30412,I-1,,ACTIVADO
GOBIERNO REGIONAL,PUNTO ALEGRE,PUESTOS DE SALUD O POSTAS DE SALUD,LORETO,MAYNAS,PUNCHANA,160108,I-1,,ACTIVADO
GOBIERNO REGIONAL,TALAVERA,CENTROS DE SALUD CON CAMAS DE INTERNAMIENTO,APURIMAC,ANDAHUAYLAS,TALAVERA,30216,I-4,,ACTIVADO
GOBIERNO REGIONAL,SOCCÑACANCHA,PUESTOS DE SALUD O POSTAS DE SALUD,APURIMAC,ANDAHUAYLAS,ANDAHUAYLAS,30201,I-1,,ACTIVADO
GOBIERNO REGIONAL,LLANTUYHUANCA,PUESTOS DE SALUD O POSTAS DE SALUD,APURIMAC,ANDAHUAYLAS,TALAVERA,30216,I-2,,ACTIVADO
GOBIERNO REGIONAL,SARGENTO LORES,PUESTOS DE SALUD O POSTAS DE SALUD,LORETO,MAYNAS,PUNCHANA,160108,I-1,,ACTIVADO
GOBIERNO REGIONAL,SANTA MERCEDES,PUESTOS DE SALUD O POSTAS DE SALUD,LORETO,PUTUMAYO,PUTUMAYO,160801,I-1,,ACTIVADO
GOBIERNO REGIONAL,SAN JUAN DE OCCOLLO,PUESTOS DE SALUD O POSTAS DE SALUD,APURIMAC,ANDAHUAYLAS,TURPO,30218,I-1,,ACTIVADO
GOBIERNO REGIONAL,CHOCCEPUQUIO,PUESTOS DE SALUD O POSTAS DE SALUD,APURIMAC,ANDAHUAYLAS,ANDAHUAYLAS,30201,I-2,,ACTIVADO
GOBIERNO REGIONAL,SAN JOAQUIN DE OMAGUAS,PUESTOS DE SALUD O POSTAS DE SALUD,LORETO,LORETO,NAUTA,160301,I-1,,ACTIVADO
GOBIERNO REGIONAL,P.S I-2 MAYNAS,PUESTOS DE SALUD O POSTAS DE SALUD,LORETO,MAYNAS,IQUITOS,160101,I-2,,ACTIVADO
GOBIERNO REGIONAL,UPAHUACHO,PUESTOS DE SALUD O POSTAS DE SALUD,AYACUCHO,PARINACOCHAS,UPAHUACHO,50708,I-1,,ACTIVADO
GOBIERNO REGIONAL,SUCARAYLLA,PUESTOS DE SALUD O POSTAS DE SALUD,APURIMAC,ANDAHUAYLAS,ANDAHUAYLAS,30201,I-1,,ACTIVADO
GOBIERNO REGIONAL,MAPALCA,PUESTOS DE SALUD O POSTAS DE SALUD,UCAYALI,ATALAYA,RAIMONDI,250201,I-1,,ACTIVADO
GOBIERNO REGIONAL,CCEÑUARAN,PUESTOS DE SALUD O POSTAS DE SALUD,APURIMAC,ANDAHUAYLAS,ANDAHUAYLAS,30201,I-1,,ACTIVADO
GOBIERNO REGIONAL,NEGRO URCO,PUESTOS DE SALUD O POSTAS DE SALUD,LORETO,MAYNAS,NAPO,160107,I-1,,ACTIVADO
GOBIERNO REGIONAL,VILLA BUEN PASTOR,PUESTOS DE SALUD O POSTAS DE SALUD,LORETO,MAYNAS,SAN JUAN BAUTISTA,160113,I-1,,ACTIVADO
GOBIERNO REGIONAL,SAN PABLO DE CUYANA,PUESTOS DE SALUD O POSTAS DE SALUD,LORETO,MAYNAS,SAN JUAN BAUTISTA,160113,I-1,,ACTIVADO
GOBIERNO REGIONAL,SAN PABLO DE CUYANA,PUESTOS DE SALUD O POSTAS DE SALUD,LORETO,MAYNAS,SAN JUAN BAUTISTA,160113,I-1,,ACTIVADO
GOBIERNO REGIONAL,BELEN CHAPI,PUESTOS DE SALUD O POSTAS DE SALUD,AYACUCHO,LA MAR,CHUNGUI,50505,I-1,,ACTIVADO
GOBIERNO REGIONAL,ANDAHUAYLAS,CENTROS DE SALUD O CENTROS MEDICOS,APURIMAC,ANDAHUAYLAS,ANDAHUAYLAS,30201,I-3,,ACTIVADO
GOBIERNO REGIONAL,HOSPITAL SUBREGIONAL DE ANDAHUAYLAS,HOSPITALES O CLINICAS DE ATENCION GENERAL,APURIMAC,ANDAHUAYLAS,ANDAHUAYLAS,30201,II-2,125.0,ACTIVADO
GOBIERNO REGIONAL,SAN SALVADOR DE OMAGUAS,PUESTOS DE SALUD O POSTAS DE SALUD,LORETO,MAYNAS,FERNANDO LORES,160103,I-1,,ACTIVADO
GOBIERNO REGIONAL,CHANCAVINE,PUESTOS DE SALUD O POSTAS DE SALUD,CUSCO,LA CONVENCION,VILCABAMBA,80909,I-1,,ACTIVADO
GOBIERNO REGIONAL,SAN ANTONIO DE IQUITOS,CENTROS DE SALUD O CENTROS MEDICOS,LORETO,MAYNAS,IQUITOS,160101,I-3,,ACTIVADO
GOBIERNO REGIONAL,SACCLAYA,PUESTOS DE SALUD O POSTAS DE SALUD,APURIMAC,ANDAHUAYLAS,JOSE MARIA ARGUEDAS,30220,I-2,,ACTIVADO
GOBIERNO REGIONAL,BUENAS LOMAS,PUESTOS DE SALUD O POSTAS DE SALUD,LORETO,REQUENA,YAQUERANA,160511,I-1,,ACTIVADO
GOBIERNO REGIONAL,CENTRO DE SALUD CARAVELI,CENTROS DE SALUD O CENTROS MEDICOS,AREQUIPA,CARAVELI,CARAVELI,40301,I-3,,ACTIVADO
GOBIERNO REGIONAL,CHURRUBAMBA,PUESTOS DE SALUD O POSTAS DE SALUD,APURIMAC,ANDAHUAYLAS,PACUCHA,30209,I-2,,ACTIVADO
GOBIERNO REGIONAL,PACAPAUSA,CENTROS DE SALUD O CENTROS MEDICOS,AYACUCHO,PARINACOCHAS,PACAPAUSA,50704,I-3,,ACTIVADO
GOBIERNO REGIONAL,PUCULLOCCOCHA,PUESTOS DE SALUD O POSTAS DE SALUD,APURIMAC,ANDAHUAYLAS,PACUCHA,30209,I-1,,ACTIVADO
GOBIERNO REGIONAL,ANDARAPA,CENTROS DE SALUD CON CAMAS DE INTERNAMIENTO,APURIMAC,ANDAHUAYLAS,ANDARAPA,30202,I-4,,ACTIVADO
GOBIERNO REGIONAL,SAN JERONIMO,CENTROS DE SALUD CON CAMAS DE INTERNAMIENTO,APURIMAC,ANDAHUAYLAS,SAN JERONIMO,30213,I-4,,ACTIVADO
GOBIERNO REGIONAL,TUPAC AMARU DE IQUITOS,CENTROS DE SALUD O CENTROS MEDICOS,LORETO,MAYNAS,IQUITOS,160101,I-3,,ACTIVADO
GOBIERNO REGIONAL,LUCMAHUAYCO,PUESTOS DE SALUD O POSTAS DE SALUD,CUSCO,LA CONVENCION,INKAWASI,80911,I-1,,ACTIVADO
GOBIERNO REGIONAL,KILCACCASA,PUESTOS DE SALUD O POSTAS DE SALUD,APURIMAC,AYMARAES,COTARUSE,30406,I-1,,ACTIVADO
GOBIERNO REGIONAL,HUANCARA,PUESTOS DE SALUD O POSTAS DE SALUD,AYACUCHO,PAUCAR DEL SARA SARA,PAUSA,50801,I-1,,ACTIVADO
GOBIERNO REGIONAL,ZUNGAROCOCHA,PUESTOS DE SALUD O POSTAS DE SALUD,LORETO,MAYNAS,SAN JUAN BAUTISTA,160113,I-2,,ACTIVADO
GOBIERNO REGIONAL,1RO. DE ENERO,PUESTOS DE SALUD O POSTAS DE SALUD,LORETO,MAYNAS,IQUITOS,160101,I-2,,ACTIVADO
GOBIERNO REGIONAL,MORONACOCHA,CENTROS DE SALUD CON CAMAS DE INTERNAMIENTO,LORETO,MAYNAS,IQUITOS,160101,I-4,6.0,ACTIVADO
GOBIERNO REGIONAL,SAN FRANCISCO DE RIVACAICO,PUESTOS DE SALUD O POSTAS DE SALUD,AYACUCHO,PARINACOCHAS,SAN FRANCISCO DE RAVACAYCO,50707,I-1,,ACTIVADO
GOBIERNO REGIONAL,P.S. I-1 VARILLAL,PUESTOS DE SALUD O POSTAS DE SALUD,LORETO,MAYNAS,SAN JUAN BAUTISTA,160113,I-1,,ACTIVADO
GOBIERNO REGIONAL,HUINCHOS,PUESTOS DE SALUD O POSTAS DE SALUD,APURIMAC,ANDAHUAYLAS,ANDAHUAYLAS,30201,I-2,,ACTIVADO
GOBIERNO REGIONAL,LAMPA,PUESTOS DE SALUD O POSTAS DE SALUD,AYACUCHO,PAUCAR DEL SARA SARA,LAMPA,50804,I-1,,ACTIVADO
GOBIERNO REGIONAL,HUANCABAMBA,CENTROS DE SALUD CON CAMAS DE INTERNAMIENTO,APURIMAC,ANDAHUAYLAS,JOSE MARIA ARGUEDAS,30220,I-4,,ACTIVADO
GOBIERNO REGIONAL,PEÑA NEGRA,PUESTOS DE SALUD O POSTAS DE SALUD,LORETO,MAYNAS,SAN JUAN BAUTISTA,160113,I-1,,ACTIVADO
GOBIERNO REGIONAL,SAÑAYCA,PUESTOS DE SALUD O POSTAS DE SALUD,APURIMAC,AYMARAES,SAÑAYCA,30412,I-2,,ACTIVADO
GOBIERNO REGIONAL,MORALILLO,PUESTOS DE SALUD O POSTAS DE SALUD,LORETO,MAYNAS,SAN JUAN BAUTISTA,160113,I-1,,ACTIVADO
GOBIERNO REGIONAL,MIRMACA,PUESTOS DE SALUD O POSTAS DE SALUD,AYACUCHO,PAUCAR DEL SARA SARA,PAUSA,50801,I-1,,ACTIVADO
GOBIERNO REGIONAL,BELLAVISTA NANAY,CENTROS DE SALUD CON CAMAS DE INTERNAMIENTO,LORETO,MAYNAS,PUNCHANA,160108,I-4,3.0,ACTIVADO
GOBIERNO REGIONAL,VARGAS GUERRA,PUESTOS DE SALUD O POSTAS DE SALUD,LORETO,MAYNAS,IQUITOS,160101,I-1,,ACTIVADO
GOBIERNO REGIONAL,PAUSA,CENTROS DE SALUD CON CAMAS DE INTERNAMIENTO,AYACUCHO,PAUCAR DEL SARA SARA,PAUSA,50801,I-4,,ACTIVADO
GOBIERNO REGIONAL,SAN SEBASTIAN DE SACRACA,CENTROS DE SALUD O CENTROS MEDICOS,AYACUCHO,PAUCAR DEL SARA SARA,LAMPA,50804,I-3,,ACTIVADO
GOBIERNO REGIONAL,LOS DELFINES,PUESTOS DE SALUD O POSTAS DE SALUD,LORETO,MAYNAS,SAN JUAN BAUTISTA,160113,I-2,,ACTIVADO
GOBIERNO REGIONAL,PACUCHA,CENTROS DE SALUD CON CAMAS DE INTERNAMIENTO,APURIMAC,ANDAHUAYLAS,PACUCHA,30209,I-4,,ACTIVADO
GOBIERNO REGIONAL,MARCABAMBA,CENTROS DE SALUD O CENTROS MEDICOS,AYACUCHO,PAUCAR DEL SARA SARA,MARCABAMBA,50805,I-3,,ACTIVADO
GOBIERNO REGIONAL,SANTO TOMAS DE SAN JUAN DE BAUTISTA,PUESTOS DE SALUD O POSTAS DE SALUD,LORETO,MAYNAS,SAN JUAN BAUTISTA,160113,I-2,,ACTIVADO
GOBIERNO REGIONAL,HUARQUIZA,PUESTOS DE SALUD O POSTAS DE SALUD,APURIMAC,AYMARAES,SAÑAYCA,30412,I-1,,ACTIVADO
GOBIERNO REGIONAL,POLTOCCSA,PUESTOS DE SALUD O POSTAS DE SALUD,APURIMAC,ANDAHUAYLAS,SAN JERONIMO,30213,I-1,,ACTIVADO
GOBIERNO REGIONAL,YACAPANA I ZONA,PUESTOS DE SALUD O POSTAS DE SALUD,LORETO,MAYNAS,FERNANDO LORES,160103,I-1,,ACTIVADO
GOBIERNO REGIONAL,TANGOSHIARI,PUESTOS DE SALUD O POSTAS DE SALUD,CUSCO,LA CONVENCION,MEGANTONI,80914,I-1,,ACTIVADO
GOBIERNO REGIONAL,CENTRO REHABILITACION ENFERMO MENTAL,CENTROS DE ATENCION PARA DEPENDIENTES A SUSTANCIAS PSICOACTIVAS Y OTRAS DEPENDENCIAS,LORETO,MAYNAS,SAN JUAN BAUTISTA,160113,I-2,,ACTIVADO
GOBIERNO REGIONAL,SAN JAVIER DE ALPABAMBA,PUESTOS DE SALUD O POSTAS DE SALUD,AYACUCHO,PAUCAR DEL SARA SARA,SAN JAVIER DE ALPABAMBA,50808,I-1,,ACTIVADO
GOBIERNO REGIONAL,CAPAYA,PUESTOS DE SALUD O POSTAS DE SALUD,APURIMAC,AYMARAES,CAPAYA,30402,I-1,,ACTIVADO
GOBIERNO REGIONAL,CENTRO FUERTE,PUESTOS DE SALUD O POSTAS DE SALUD,LORETO,MAYNAS,PUNCHANA,160108,I-1,,ACTIVADO
GOBIERNO REGIONAL,MOSECCA,PUESTOS DE SALUD O POSTAS DE SALUD,APURIMAC,AYMARAES,CAPAYA,30402,I-1,,ACTIVADO
GOBIERNO REGIONAL,SORAYA,PUESTOS DE SALUD O POSTAS DE SALUD,APURIMAC,AYMARAES,SORAYA,30413,I-1,,ACTIVADO
GOBIERNO REGIONAL,RUMOCOCHA,PUESTOS DE SALUD O POSTAS DE SALUD,LORETO,MAYNAS,SAN JUAN BAUTISTA,160113,I-1,,ACTIVADO
GOBIERNO REGIONAL,MUTCA,PUESTOS DE SALUD O POSTAS DE SALUD,APURIMAC,AYMARAES,CHALHUANCA,30401,I-1,,ACTIVADO
GOBIERNO REGIONAL,LLIUPAPUQUIO,CENTROS DE SALUD O CENTROS MEDICOS,APURIMAC,ANDAHUAYLAS,SAN JERONIMO,30213,I-3,,ACTIVADO
GOBIERNO REGIONAL,CHACAPUENTE,PUESTOS DE SALUD O POSTAS DE SALUD,APURIMAC,AYMARAES,CAPAYA,30402,I-2,,ACTIVADO
GOBIERNO REGIONAL,CHAMPACCOCHA,PUESTOS DE SALUD O POSTAS DE SALUD,APURIMAC,ANDAHUAYLAS,SAN JERONIMO,30213,I-2,,ACTIVADO
GOBIERNO REGIONAL,LLINQUI,PUESTOS DE SALUD O POSTAS DE SALUD,APURIMAC,AYMARAES,TORAYA,30416,I-1,,ACTIVADO
GOBIERNO REGIONAL,AMERICA DE SAN JUAN BAUTISTA,CENTROS DE SALUD O CENTROS MEDICOS,LORETO,MAYNAS,SAN JUAN BAUTISTA,160113,I-3,,ACTIVADO
GOBIERNO REGIONAL,TORAYA,PUESTOS DE SALUD O POSTAS DE SALUD,APURIMAC,AYMARAES,TORAYA,30416,I-2,,ACTIVADO
GOBIERNO REGIONAL,LAGUNA,PUESTOS DE SALUD O POSTAS DE SALUD,APURIMAC,ANDAHUAYLAS,PACUCHA,30209,I-1,,ACTIVADO
GOBIERNO REGIONAL,PINCAHUACHO,PUESTOS DE SALUD O POSTAS DE SALUD,APURIMAC,AYMARAES,CHALHUANCA,30401,I-1,,ACTIVADO
GOBIERNO REGIONAL,COLTA,PUESTOS DE SALUD O POSTAS DE SALUD,AYACUCHO,PAUCAR DEL SARA SARA,COLTA,50802,I-1,,ACTIVADO
GOBIERNO REGIONAL,CCARAHUATANI,PUESTOS DE SALUD O POSTAS DE SALUD,APURIMAC,AYMARAES,SORAYA,30413,I-1,,ACTIVADO
GOBIERNO REGIONAL,NUEVO PROGRESO,PUESTOS DE SALUD O POSTAS DE SALUD,LORETO,MAYNAS,FERNANDO LORES,160103,I-1,,ACTIVADO
GOBIERNO REGIONAL,KAQUIABAMBA,CENTROS DE SALUD O CENTROS MEDICOS,APURIMAC,ANDAHUAYLAS,KAQUIABAMBA,30219,I-3,,ACTIVADO
GOBIERNO REGIONAL,ANCATIRA,PUESTOS DE SALUD O POSTAS DE SALUD,APURIMAC,ANDAHUAYLAS,SAN JERONIMO,30213,I-2,,ACTIVADO
GOBIERNO REGIONAL,PROGRESO DE SAN JUAN BAUTISTA,PUESTOS DE SALUD O POSTAS DE SALUD,LORETO,MAYNAS,SAN JUAN BAUTISTA,160113,I-2,,ACTIVADO
GOBIERNO REGIONAL,SAN JUAN DE MIRAFLORES,CENTROS DE SALUD CON CAMAS DE INTERNAMIENTO,LORETO,MAYNAS,SAN JUAN BAUTISTA,160113,I-4,10.0,ACTIVADO
GOBIERNO REGIONAL,CONDEBAMBA,PUESTOS DE SALUD O POSTAS DE SALUD,APURIMAC,AYMARAES,TORAYA,30416,I-1,,ACTIVADO
GOBIERNO REGIONAL,CUPISA,PUESTOS DE SALUD O POSTAS DE SALUD,APURIMAC,ANDAHUAYLAS,SAN JERONIMO,30213,I-1,,ACTIVADO
GOBIERNO REGIONAL,PULLURI,PUESTOS DE SALUD O POSTAS DE SALUD,APURIMAC,ANDAHUAYLAS,KAQUIABAMBA,30219,I-1,,ACTIVADO
GOBIERNO REGIONAL,ANISO,PUESTOS DE SALUD O POSTAS DE SALUD,AYACUCHO,PARINACOCHAS,CORONEL CASTAÑEDA,50703,I-2,,ACTIVADO
GOBIERNO REGIONAL,MANACAMIRI,PUESTOS DE SALUD O POSTAS DE SALUD,LORETO,MAYNAS,IQUITOS,160101,I-1,,ACTIVADO
GOBIERNO REGIONAL,MODELO,PUESTOS DE SALUD O POSTAS DE SALUD,LORETO,MAYNAS,SAN JUAN BAUTISTA,160113,I-2,,ACTIVADO
GOBIERNO REGIONAL,INCAHUASI,CENTROS DE SALUD O CENTROS MEDICOS,CUSCO,LA CONVENCION,INKAWASI,80911,I-3,,ACTIVADO
GOBIERNO REGIONAL,TANTA,PUESTOS DE SALUD O POSTAS DE SALUD,APURIMAC,AYMARAES,TORAYA,30416,I-1,,ACTIVADO
GOBIERNO REGIONAL,IZCAHUACA,PUESTOS DE SALUD O POSTAS DE SALUD,APURIMAC,AYMARAES,COTARUSE,30406,I-1,,ACTIVADO
GOBIERNO REGIONAL,CARDOZO,CENTROS DE SALUD O CENTROS MEDICOS,LORETO,MAYNAS,BELEN,160112,I-3,,ACTIVADO
GOBIERNO REGIONAL,MANGUA DE FERNANDO LORES,PUESTOS DE SALUD O POSTAS DE SALUD,LORETO,MAYNAS,FERNANDO LORES,160103,I-1,,ACTIVADO
GOBIERNO REGIONAL,P.S. PADRE COCHA,PUESTOS DE SALUD O POSTAS DE SALUD,LORETO,MAYNAS,PUNCHANA,160108,I-2,,ACTIVADO
GOBIERNO REGIONAL,IHUAYLLO,PUESTOS DE SALUD O POSTAS DE SALUD,APURIMAC,AYMARAES,HUAYLLO,30407,I-1,,ACTIVADO
GOBIERNO REGIONAL,COTAHUACHO,PUESTOS DE SALUD O POSTAS DE SALUD,APURIMAC,ANDAHUAYLAS,PACUCHA,30209,I-2,,ACTIVADO
GOBIERNO REGIONAL,PACCAYBAMBA,PUESTOS DE SALUD O POSTAS DE SALUD,CUSCO,LA CONVENCION,INKAWASI,80911,I-1,,ACTIVADO
GOBIERNO REGIONAL,CHOCCECANCHA,PUESTOS DE SALUD O POSTAS DE SALUD,APURIMAC,ANDAHUAYLAS,SAN JERONIMO,30213,I-1,,ACTIVADO
GOBIERNO REGIONAL,CHULLCUISA,PUESTOS DE SALUD O POSTAS DE SALUD,APURIMAC,ANDAHUAYLAS,SAN JERONIMO,30213,I-1,,ACTIVADO
GOBIERNO REGIONAL,DOS DE MAYO DE FERNANDO LORES,PUESTOS DE SALUD O POSTAS DE SALUD,LORETO,MAYNAS,FERNANDO LORES,160103,I-1,,ACTIVADO
GOBIERNO REGIONAL,MUNICHS - RIO ITAYA,PUESTOS DE SALUD O POSTAS DE SALUD,LORETO,MAYNAS,BELEN,160112,I-1,,ACTIVADO
GOBIERNO REGIONAL,ARGAMA,PUESTOS DE SALUD O POSTAS DE SALUD,APURIMAC,ANDAHUAYLAS,PACUCHA,30209,I-2,,ACTIVADO
GOBIERNO REGIONAL,PESCADORES,PUESTOS DE SALUD O POSTAS DE SALUD,AREQUIPA,CAMANA,OCOÑA,40206,I-1,,ACTIVADO
GOBIERNO REGIONAL,JUTA,PUESTOS DE SALUD O POSTAS DE SALUD,APURIMAC,AYMARAES,LUCRE,30409,I-1,,ACTIVADO
GOBIERNO REGIONAL,"HOSPITAL IQUITOS ""CESAR GARAYAR GARCIA""",HOSPITALES O CLINICAS DE ATENCION GENERAL,LORETO,MAYNAS,IQUITOS,160101,II-2,120.0,ACTIVADO
GOBIERNO REGIONAL,"HOSPITAL REGIONAL DE LORETO ""FELIPE SANTIAGO ARRIOLA IGLESIAS""",HOSPITALES O CLINICAS DE ATENCION GENERAL,LORETO,MAYNAS,PUNCHANA,160108,III-1,100.0,ACTIVADO
GOBIERNO REGIONAL,PUGUIENTIMARI,PUESTOS DE SALUD O POSTAS DE SALUD,CUSCO,LA CONVENCION,ECHARATE,80902,I-1,,ACTIVADO
GOBIERNO REGIONAL,SICUNA,PUESTOS DE SALUD O POSTAS DE SALUD,APURIMAC,AYMARAES,LUCRE,30409,I-1,,ACTIVADO
ESSALUD,CENTRO DE ATENCION PRIMARIA III PUNCHANA,POLICLINICOS,LORETO,MAYNAS,PUNCHANA,160108,I-3,,ACTIVADO
GOBIERNO REGIONAL,ACLAS BELEN DE VILLA BELEN,CENTROS DE SALUD O CENTROS MEDICOS,LORETO,MAYNAS,BELEN,160112,I-3,,ACTIVADO
GOBIERNO REGIONAL,C.S. I-3 9 DE OCTUBRE,CENTROS DE SALUD O CENTROS MEDICOS,LORETO,MAYNAS,BELEN,160112,I-3,,ACTIVADO
GOBIERNO REGIONAL,6 DE OCTUBRE,CENTROS DE SALUD O CENTROS MEDICOS,LORETO,MAYNAS,BELEN,160112,I-3,,ACTIVADO
GOBIERNO REGIONAL,CHALHUANCA,CENTROS DE SALUD CON CAMAS DE INTERNAMIENTO,APURIMAC,AYMARAES,CHALHUANCA,30401,I-4,,ACTIVADO
ESSALUD,HOSPITAL III IQUITOS,HOSPITALES O CLINICAS DE ATENCION ESPECIALIZADA,LORETO,MAYNAS,PUNCHANA,160108,III-1,116.0,ACTIVADO
ESSALUD,CENTRO DE ATENCION PRIMARIA III IQUITOS,POLICLINICOS,LORETO,MAYNAS,IQUITOS,160101,I-3,,ACTIVADO
GOBIERNO REGIONAL,HUAYQUIPA,PUESTOS DE SALUD O POSTAS DE SALUD,APURIMAC,AYMARAES,HUAYLLO,30407,I-1,,ACTIVADO
GOBIERNO REGIONAL,CAYHUACHAHUA,PUESTOS DE SALUD O POSTAS DE SALUD,APURIMAC,AYMARAES,LUCRE,30409,I-1,,ACTIVADO
GOBIERNO REGIONAL,LIBERTAD - RIO MAZAN,PUESTOS DE SALUD O POSTAS DE SALUD,LORETO,MAYNAS,MAZAN,160106,I-1,,ACTIVADO
GOBIERNO REGIONAL,SAN JOSE DE USHUA,PUESTOS DE SALUD O POSTAS DE SALUD,AYACUCHO,PAUCAR DEL SARA SARA,SAN JOSE DE USHUA,50809,I-1,,ACTIVADO
GOBIERNO REGIONAL,LUCRE,CENTROS DE SALUD O CENTROS MEDICOS,APURIMAC,AYMARAES,LUCRE,30409,I-3,,ACTIVADO
GOBIERNO REGIONAL,PICURO YACU,PUESTOS DE SALUD O POSTAS DE SALUD,LORETO,MAYNAS,PUNCHANA,160108,I-1,,ACTIVADO
GOBIERNO REGIONAL,LA PLANCHADA,PUESTOS DE SALUD O POSTAS DE SALUD,AREQUIPA,CAMANA,OCOÑA,40206,I-2,,ACTIVADO
GOBIERNO REGIONAL,HUAMAN URCO,PUESTOS DE SALUD O POSTAS DE SALUD,LORETO,MAYNAS,MAZAN,160106,I-1,,ACTIVADO
GOBIERNO REGIONAL,SANTA ANA DE MUYUY,PUESTOS DE SALUD O POSTAS DE SALUD,LORETO,MAYNAS,FERNANDO LORES,160103,I-1,,ACTIVADO
GOBIERNO REGIONAL,PAMPAMARCA,PUESTOS DE SALUD O POSTAS DE SALUD,APURIMAC,AYMARAES,COTARUSE,30406,I-1,,ACTIVADO
GOBIERNO REGIONAL,COTARUSE,CENTROS DE SALUD O CENTROS MEDICOS,APURIMAC,AYMARAES,COTARUSE,30406,I-3,,ACTIVADO
GOBIERNO REGIONAL,KEPASHIATO,CENTROS DE SALUD O CENTROS MEDICOS,CUSCO,LA CONVENCION,ECHARATE,80902,I-3,,ACTIVADO
GOBIERNO REGIONAL,ESPERANZA TAHUAYO,PUESTOS DE SALUD O POSTAS DE SALUD,LORETO,MAYNAS,FERNANDO LORES,160103,I-1,,ACTIVADO
GOBIERNO REGIONAL,CORCULLA,PUESTOS DE SALUD O POSTAS DE SALUD,AYACUCHO,PAUCAR DEL SARA SARA,CORCULLA,50803,I-1,,ACTIVADO
GOBIERNO REGIONAL,BARRIO FLORIDO,PUESTOS DE SALUD O POSTAS DE SALUD,LORETO,MAYNAS,PUNCHANA,160108,I-1,,ACTIVADO
GOBIERNO REGIONAL,QUILLABAMBA,PUESTOS DE SALUD O POSTAS DE SALUD,APURIMAC,ANDAHUAYLAS,KISHUARA,30207,I-2,,ACTIVADO
GOBIERNO REGIONAL,TACMARA,PUESTOS DE SALUD O POSTAS DE SALUD,APURIMAC,ANDAHUAYLAS,PACOBAMBA,30208,I-1,,ACTIVADO
GOBIERNO REGIONAL,CHECCASA,PUESTOS DE SALUD O POSTAS DE SALUD,APURIMAC,AYMARAES,JUSTO APU SAHUARAURA,30408,I-1,,ACTIVADO
GOBIERNO REGIONAL,SANTA CLARA DEL OJEAL,PUESTOS DE SALUD O POSTAS DE SALUD,LORETO,MAYNAS,PUNCHANA,160108,I-1,,ACTIVADO
GOBIERNO REGIONAL,CHONTABAMBA,PUESTOS DE SALUD O POSTAS DE SALUD,CUSCO,LA CONVENCION,VILCABAMBA,80909,I-1,,ACTIVADO
GOBIERNO REGIONAL,CCARCCO,PUESTOS DE SALUD O POSTAS DE SALUD,CUSCO,LA CONVENCION,INKAWASI,80911,I-1,,ACTIVADO
GOBIERNO REGIONAL,OYOLO,CENTROS DE SALUD O CENTROS MEDICOS,AYACUCHO,PAUCAR DEL SARA SARA,OYOLO,50806,I-3,,ACTIVADO
GOBIERNO REGIONAL,PUESTO DE SALUD LA EUGENIA,PUESTOS DE SALUD O POSTAS DE SALUD,AREQUIPA,CAMANA,MARIANO NICOLAS VALCARCEL,40203,I-2,,ACTIVADO
GOBIERNO REGIONAL,HUASCATAY,PUESTOS DE SALUD O POSTAS DE SALUD,APURIMAC,ANDAHUAYLAS,PACOBAMBA,30208,I-1,,ACTIVADO
GOBIERNO REGIONAL,SAN FRANCISCO DE BUEN PASO,PUESTOS DE SALUD O POSTAS DE SALUD,LORETO,MAYNAS,MAZAN,160106,I-1,,ACTIVADO
GOBIERNO REGIONAL,PUTAYA,PUESTOS DE SALUD O POSTAS DE SALUD,UCAYALI,CORONEL PORTILLO,MASISEA,250104,I-1,,ACTIVADO
GOBIERNO REGIONAL,SAN JUAN DE CHACÑA,PUESTOS DE SALUD O POSTAS DE SALUD,APURIMAC,AYMARAES,SAN JUAN DE CHACÑA,30411,I-2,,ACTIVADO
GOBIERNO REGIONAL,SAN FRANCISCO DE ERE,PUESTOS DE SALUD O POSTAS DE SALUD,LORETO,PUTUMAYO,PUTUMAYO,160801,I-1,,ACTIVADO
GOBIERNO REGIONAL,TINTAY,CENTROS DE SALUD O CENTROS MEDICOS,APURIMAC,AYMARAES,TINTAY,30415,I-3,,ACTIVADO
GOBIERNO REGIONAL,NUEVA VIDA DEL NAPO,PUESTOS DE SALUD O POSTAS DE SALUD,LORETO,MAYNAS,NAPO,160107,I-1,,ACTIVADO
GOBIERNO REGIONAL,COLCA,PUESTOS DE SALUD O POSTAS DE SALUD,APURIMAC,AYMARAES,CARAYBAMBA,30403,I-1,,ACTIVADO
GOBIERNO REGIONAL,PICHIHUA,PUESTOS DE SALUD O POSTAS DE SALUD,APURIMAC,AYMARAES,JUSTO APU SAHUARAURA,30408,I-2,,ACTIVADO
GOBIERNO REGIONAL,URASQUI,PUESTOS DE SALUD O POSTAS DE SALUD,AREQUIPA,CAMANA,MARIANO NICOLAS VALCARCEL,40203,I-2,,ACTIVADO
GOBIERNO REGIONAL,SANTA ROSA,CENTROS DE SALUD CON CAMAS DE INTERNAMIENTO,APURIMAC,AYMARAES,CHAPIMARCA,30404,I-4,,ACTIVADO
GOBIERNO REGIONAL,SOTCCOMAYO,PUESTOS DE SALUD O POSTAS DE SALUD,APURIMAC,ANDAHUAYLAS,KISHUARA,30207,I-1,,ACTIVADO
GOBIERNO REGIONAL,PUESTO DE SALUD SECOCHA,PUESTOS DE SALUD O POSTAS DE SALUD,AREQUIPA,CAMANA,MARIANO NICOLAS VALCARCEL,40203,I-2,,ACTIVADO
GOBIERNO REGIONAL,PIUCA,PUESTOS DE SALUD O POSTAS DE SALUD,AREQUIPA,CONDESUYOS,RIO GRANDE,40606,I-1,,ACTIVADO
GOBIERNO REGIONAL,SOCCO,PUESTOS DE SALUD O POSTAS DE SALUD,APURIMAC,AYMARAES,TAPAIRIHUA,30414,I-2,,ACTIVADO
GOBIERNO REGIONAL,SANTA MARIA DEL OJEAL,PUESTOS DE SALUD O POSTAS DE SALUD,LORETO,MAYNAS,PUNCHANA,160108,I-1,,ACTIVADO
GOBIERNO REGIONAL,TINTAY,PUESTOS DE SALUD O POSTAS DE SALUD,APURIMAC,ANDAHUAYLAS,KISHUARA,30207,I-1,,ACTIVADO
GOBIERNO REGIONAL,SAN ANTONIO - RIO ITAYA,PUESTOS DE SALUD O POSTAS DE SALUD,LORETO,MAYNAS,BELEN,160112,I-1,,ACTIVADO
GOBIERNO REGIONAL,MATAPUQUIO,CENTROS DE SALUD O CENTROS MEDICOS,APURIMAC,ANDAHUAYLAS,KISHUARA,30207,I-3,,ACTIVADO
GOBIERNO REGIONAL,CARAYBAMBA,PUESTOS DE SALUD O POSTAS DE SALUD,APURIMAC,AYMARAES,CARAYBAMBA,30403,I-2,,ACTIVADO
GOBIERNO REGIONAL,YANACA,PUESTOS DE SALUD O POSTAS DE SALUD,APURIMAC,AYMARAES,YANACA,30417,I-2,,ACTIVADO
GOBIERNO REGIONAL,COLPA,PUESTOS DE SALUD O POSTAS DE SALUD,APURIMAC,ANDAHUAYLAS,KISHUARA,30207,I-1,,ACTIVADO
GOBIERNO REGIONAL,TAMSHIYACU,CENTROS DE SALUD O CENTROS MEDICOS,LORETO,MAYNAS,FERNANDO LORES,160103,I-3,,ACTIVADO
GOBIERNO REGIONAL,PANGUANA II ZONA,PUESTOS DE SALUD O POSTAS DE SALUD,LORETO,MAYNAS,FERNANDO LORES,160103,I-1,,ACTIVADO
GOBIERNO REGIONAL,AUCAYO,PUESTOS DE SALUD O POSTAS DE SALUD,LORETO,MAYNAS,FERNANDO LORES,160103,I-2,,ACTIVADO
GOBIERNO REGIONAL,NUEVO VALENTIN,PUESTOS DE SALUD O POSTAS DE SALUD,LORETO,MAYNAS,FERNANDO LORES,160103,I-1,,ACTIVADO
GOBIERNO REGIONAL,CAVIRA,PUESTOS DE SALUD O POSTAS DE SALUD,APURIMAC,ANDAHUAYLAS,KISHUARA,30207,I-2,,ACTIVADO
GOBIERNO REGIONAL,HUANCARPUQUIO,PUESTOS DE SALUD O POSTAS DE SALUD,APURIMAC,AYMARAES,TINTAY,30415,I-1,,ACTIVADO
GOBIERNO REGIONAL,CABO PANTOJA - RÍO AMAZONAS,PUESTOS DE SALUD O POSTAS DE SALUD,LORETO,MAYNAS,IQUITOS,160101,I-1,,ACTIVADO
GOBIERNO REGIONAL,TAPAYRIHUA,CENTROS DE SALUD O CENTROS MEDICOS,APURIMAC,AYMARAES,TAPAIRIHUA,30414,I-3,,ACTIVADO
GOBIERNO REGIONAL,NUEVA LIBERTAD,PUESTOS DE SALUD O POSTAS DE SALUD,LORETO,MAYNAS,NAPO,160107,I-1,,ACTIVADO
GOBIERNO REGIONAL,TRIO RIO,PUESTOS DE SALUD O POSTAS DE SALUD,CUSCO,LA CONVENCION,ECHARATE,80902,I-1,,ACTIVADO
GOBIERNO REGIONAL,SINCHICUY,PUESTOS DE SALUD O POSTAS DE SALUD,LORETO,MAYNAS,INDIANA,160104,I-1,,ACTIVADO
GOBIERNO REGIONAL,YUVENI,PUESTOS DE SALUD O POSTAS DE SALUD,CUSCO,LA CONVENCION,VILCABAMBA,80909,I-2,,ACTIVADO
GOBIERNO REGIONAL,SAN MATEO,PUESTOS DE SALUD O POSTAS DE SALUD,APURIMAC,AYMARAES,TINTAY,30415,I-2,,ACTIVADO
GOBIERNO REGIONAL,PUERTO HUALLANA,PUESTOS DE SALUD O POSTAS DE SALUD,CUSCO,LA CONVENCION,MEGANTONI,80914,I-1,,ACTIVADO
GOBIERNO REGIONAL,SOLEDAD DE VILLA BELEN,PUESTOS DE SALUD O POSTAS DE SALUD,LORETO,MAYNAS,BELEN,160112,I-1,,ACTIVADO
GOBIERNO REGIONAL,NUEVO MUNDO,PUESTOS DE SALUD O POSTAS DE SALUD,CUSCO,LA CONVENCION,MEGANTONI,80914,I-2,,ACTIVADO
GOBIERNO REGIONAL,SARAYCA,PUESTOS DE SALUD O POSTAS DE SALUD,APURIMAC,AYMARAES,YANACA,30417,I-1,,ACTIVADO
GOBIERNO REGIONAL,CENTRO DE SALUD IQUIPI,CENTROS DE SALUD O CENTROS MEDICOS,AREQUIPA,CONDESUYOS,RIO GRANDE,40606,I-3,,ACTIVADO
GOBIERNO REGIONAL,KIRIGUETI,CENTROS DE SALUD O CENTROS MEDICOS,CUSCO,LA CONVENCION,MEGANTONI,80914,I-3,,ACTIVADO
GOBIERNO REGIONAL,CCALLASPUQUIO,PUESTOS DE SALUD O POSTAS DE SALUD,APURIMAC,ANDAHUAYLAS,PACOBAMBA,30208,I-2,,ACTIVADO
GOBIERNO REGIONAL,MATERIATO,PUESTOS DE SALUD O POSTAS DE SALUD,CUSCO,LA CONVENCION,ECHARATE,80902,I-2,,ACTIVADO
GOBIERNO REGIONAL,LAYME,PUESTOS DE SALUD O POSTAS DE SALUD,APURIMAC,AYMARAES,TAPAIRIHUA,30414,I-1,,ACTIVADO
GOBIERNO REGIONAL,CAMANA,PUESTOS DE SALUD O POSTAS DE SALUD,CUSCO,LA CONVENCION,MEGANTONI,80914,I-1,,ACTIVADO
GOBIERNO REGIONAL,KISHUARA,CENTROS DE SALUD CON CAMAS DE INTERNAMIENTO,APURIMAC,ANDAHUAYLAS,KISHUARA,30207,I-4,,ACTIVADO
GOBIERNO REGIONAL,HUIRONAY,PUESTOS DE SALUD O POSTAS DE SALUD,APURIMAC,ANDAHUAYLAS,PACOBAMBA,30208,I-1,,ACTIVADO
GOBIERNO REGIONAL,CHOQUETIRA,PUESTOS DE SALUD O POSTAS DE SALUD,CUSCO,LA CONVENCION,INKAWASI,80911,I-1,,ACTIVADO
GOBIERNO REGIONAL,CHANTA,PUESTOS DE SALUD O POSTAS DE SALUD,APURIMAC,AYMARAES,POCOHUANCA,30410,I-1,,ACTIVADO
GOBIERNO REGIONAL,BUFEO POZO,PUESTOS DE SALUD O POSTAS DE SALUD,UCAYALI,ATALAYA,SEPAHUA,250202,I-1,,ACTIVADO
GOBIERNO REGIONAL,CCERABAMBA,PUESTOS DE SALUD O POSTAS DE SALUD,APURIMAC,ANDAHUAYLAS,PACOBAMBA,30208,I-1,,ACTIVADO
GOBIERNO REGIONAL,YANAYACU BOMBONAJE,PUESTOS DE SALUD O POSTAS DE SALUD,LORETO,MAYNAS,INDIANA,160104,I-1,,ACTIVADO
GOBIERNO REGIONAL,NUEVA VIDA,PUESTOS DE SALUD O POSTAS DE SALUD,CUSCO,LA CONVENCION,MEGANTONI,80914,I-1,,ACTIVADO
GOBIERNO REGIONAL,CENTRO DE SALUD OCOÑA,CENTROS DE SALUD O CENTROS MEDICOS,AREQUIPA,CAMANA,OCOÑA,40206,I-3,,ACTIVADO
GOBIERNO REGIONAL,ANCOBAMBA,PUESTOS DE SALUD O POSTAS DE SALUD,APURIMAC,AYMARAES,CHAPIMARCA,30404,I-2,,ACTIVADO
GOBIERNO REGIONAL,TAQUEBAMBA,PUESTOS DE SALUD O POSTAS DE SALUD,APURIMAC,AYMARAES,TINTAY,30415,I-2,,ACTIVADO
GOBIERNO REGIONAL,TIAPARO,PUESTOS DE SALUD O POSTAS DE SALUD,APURIMAC,AYMARAES,POCOHUANCA,30410,I-1,,ACTIVADO
GOBIERNO REGIONAL,PAMPALLACTA,PUESTOS DE SALUD O POSTAS DE SALUD,APURIMAC,AYMARAES,CHAPIMARCA,30404,I-1,,ACTIVADO
GOBIERNO REGIONAL,MAZAN -  NUCLEO  BASE,CENTROS DE SALUD O CENTROS MEDICOS,LORETO,MAYNAS,MAZAN,160106,I-3,,ACTIVADO
GOBIERNO REGIONAL,POCOHUANCA,PUESTOS DE SALUD O POSTAS DE SALUD,APURIMAC,AYMARAES,POCOHUANCA,30410,I-1,,ACTIVADO
GOBIERNO REGIONAL,HUANCARAMA,CENTROS DE SALUD CON CAMAS DE INTERNAMIENTO,APURIMAC,ANDAHUAYLAS,HUANCARAMA,30204,I-4,,ACTIVADO
GOBIERNO REGIONAL,HUAMBO,PUESTOS DE SALUD O POSTAS DE SALUD,APURIMAC,ANDAHUAYLAS,PACOBAMBA,30208,I-1,,ACTIVADO
GOBIERNO REGIONAL,SELVA ALEGRE,PUESTOS DE SALUD O POSTAS DE SALUD,CUSCO,LA CONVENCION,VILCABAMBA,80909,I-1,,ACTIVADO
GOBIERNO REGIONAL,PACOBAMBA,CENTROS DE SALUD O CENTROS MEDICOS,APURIMAC,ANDAHUAYLAS,PACOBAMBA,30208,I-3,,ACTIVADO
GOBIERNO REGIONAL,OCRABAMBA,PUESTOS DE SALUD O POSTAS DE SALUD,APURIMAC,ABANCAY,PICHIRHUA,30107,I-1,,ACTIVADO
GOBIERNO REGIONAL,PUIJA,PUESTOS DE SALUD O POSTAS DE SALUD,UCAYALI,ATALAYA,SEPAHUA,250202,I-1,,ACTIVADO
GOBIERNO REGIONAL,PICHIUPATA,PUESTOS DE SALUD O POSTAS DE SALUD,APURIMAC,ANDAHUAYLAS,HUANCARAMA,30204,I-2,,ACTIVADO
GOBIERNO REGIONAL,HUANCAPAMPA,PUESTOS DE SALUD O POSTAS DE SALUD,APURIMAC,AYMARAES,POCOHUANCA,30410,I-1,,ACTIVADO
GOBIERNO REGIONAL,PICHIRHUA,PUESTOS DE SALUD O POSTAS DE SALUD,APURIMAC,ABANCAY,PICHIRHUA,30107,I-1,,ACTIVADO
GOBIERNO REGIONAL,CHAPIMARCA,PUESTOS DE SALUD O POSTAS DE SALUD,APURIMAC,AYMARAES,CHAPIMARCA,30404,I-2,,ACTIVADO
GOBIERNO REGIONAL,PAMPACONAS,PUESTOS DE SALUD O POSTAS DE SALUD,CUSCO,LA CONVENCION,VILCABAMBA,80909,I-1,,ACTIVADO
GOBIERNO REGIONAL,SAYHUA,PUESTOS DE SALUD O POSTAS DE SALUD,APURIMAC,ANDAHUAYLAS,HUANCARAMA,30204,I-1,,ACTIVADO
GOBIERNO REGIONAL,AYAHUAY,PUESTOS DE SALUD O POSTAS DE SALUD,APURIMAC,ANTABAMBA,EL ORO,30302,I-2,,ACTIVADO
GOBIERNO REGIONAL,TACMARA,PUESTOS DE SALUD O POSTAS DE SALUD,APURIMAC,ABANCAY,HUANIPACA,30105,I-2,,ACTIVADO
GOBIERNO REGIONAL,SAN JOSE DE ARCAHUA,PUESTOS DE SALUD O POSTAS DE SALUD,APURIMAC,ANDAHUAYLAS,HUANCARAMA,30204,I-1,,ACTIVADO
GOBIERNO REGIONAL,MATECCLLA,PUESTOS DE SALUD O POSTAS DE SALUD,APURIMAC,ANDAHUAYLAS,HUANCARAMA,30204,I-1,,ACTIVADO
GOBIERNO REGIONAL,KITENI,CENTROS DE SALUD CON CAMAS DE INTERNAMIENTO,CUSCO,LA CONVENCION,ECHARATE,80902,I-4,,ACTIVADO
GOBIERNO REGIONAL,KARQUEQUI,PUESTOS DE SALUD O POSTAS DE SALUD,APURIMAC,ABANCAY,HUANIPACA,30105,I-1,,ACTIVADO
GOBIERNO REGIONAL,PAMPAHURA,PUESTOS DE SALUD O POSTAS DE SALUD,APURIMAC,ANDAHUAYLAS,HUANCARAMA,30204,I-1,,ACTIVADO
GOBIERNO REGIONAL,SEPAHUA,CENTROS DE SALUD O CENTROS MEDICOS,UCAYALI,ATALAYA,SEPAHUA,250202,I-3,,ACTIVADO
GOBIERNO REGIONAL,CHALHUANI,PUESTOS DE SALUD O POSTAS DE SALUD,APURIMAC,ABANCAY,PICHIRHUA,30107,I-1,,ACTIVADO
GOBIERNO REGIONAL,INDIANA,CENTROS DE SALUD O CENTROS MEDICOS,LORETO,MAYNAS,INDIANA,160104,I-3,,ACTIVADO
GOBIERNO REGIONAL,KAMANQUIRIATO,PUESTOS DE SALUD O POSTAS DE SALUD,CUSCO,LA CONVENCION,ECHARATE,80902,I-2,,ACTIVADO
GOBIERNO REGIONAL,LOS ANGELES,PUESTOS DE SALUD O POSTAS DE SALUD,APURIMAC,ANDAHUAYLAS,HUANCARAMA,30204,I-1,,ACTIVADO
GOBIERNO REGIONAL,NUEVA LUZ,PUESTOS DE SALUD O POSTAS DE SALUD,CUSCO,LA CONVENCION,MEGANTONI,80914,I-1,,ACTIVADO
GOBIERNO REGIONAL,HUANCARAY,PUESTOS DE SALUD O POSTAS DE SALUD,APURIMAC,ANTABAMBA,PACHACONAS,30306,I-1,,ACTIVADO
GOBIERNO REGIONAL,CASINCHIHUA,CENTROS DE SALUD O CENTROS MEDICOS,APURIMAC,ABANCAY,CHACOCHE,30102,I-3,,ACTIVADO
GOBIERNO REGIONAL,HUANCHULLA,PUESTOS DE SALUD O POSTAS DE SALUD,APURIMAC,ABANCAY,HUANIPACA,30105,I-1,,ACTIVADO
GOBIERNO REGIONAL,FLOR DE AGOSTO,PUESTOS DE SALUD O POSTAS DE SALUD,LORETO,PUTUMAYO,PUTUMAYO,160801,I-1,,ACTIVADO
GOBIERNO REGIONAL,SOTAPA,PUESTOS DE SALUD O POSTAS DE SALUD,APURIMAC,ANDAHUAYLAS,HUANCARAMA,30204,I-1,,ACTIVADO
GOBIERNO REGIONAL,PUERTO RICO,PUESTOS DE SALUD O POSTAS DE SALUD,CUSCO,LA CONVENCION,MEGANTONI,80914,I-1,,ACTIVADO
GOBIERNO REGIONAL,ARMA,PUESTOS DE SALUD O POSTAS DE SALUD,CUSCO,LA CONVENCION,VILCABAMBA,80909,I-1,,ACTIVADO
GOBIERNO REGIONAL,PACHACONAS,CENTROS DE SALUD O CENTROS MEDICOS,APURIMAC,ANTABAMBA,PACHACONAS,30306,I-3,,ACTIVADO
GOBIERNO REGIONAL,ANCHICHA,PUESTOS DE SALUD O POSTAS DE SALUD,APURIMAC,ABANCAY,CHACOCHE,30102,I-1,,ACTIVADO
GOBIERNO REGIONAL,SENSA,PUESTOS DE SALUD O POSTAS DE SALUD,CUSCO,LA CONVENCION,MEGANTONI,80914,I-1,,ACTIVADO
GOBIERNO REGIONAL,PISCAYA,PUESTOS DE SALUD O POSTAS DE SALUD,APURIMAC,ABANCAY,PICHIRHUA,30107,I-1,,ACTIVADO
GOBIERNO REGIONAL,CCOYA,PUESTOS DE SALUD O POSTAS DE SALUD,APURIMAC,ABANCAY,HUANIPACA,30105,I-1,,ACTIVADO
GOBIERNO REGIONAL,KARHUAKAHUA,PUESTOS DE SALUD O POSTAS DE SALUD,APURIMAC,ANDAHUAYLAS,HUANCARAMA,30204,I-2,,ACTIVADO
GOBIERNO REGIONAL,LLACTABAMBA,PUESTOS DE SALUD O POSTAS DE SALUD,APURIMAC,ANDAHUAYLAS,HUANCARAMA,30204,I-1,,ACTIVADO
GOBIERNO REGIONAL,HUANACCMARCA ALTA,PUESTOS DE SALUD O POSTAS DE SALUD,AYACUCHO,PARINACOCHAS,CORONEL CASTAÑEDA,50703,I-1,,ACTIVADO
GOBIERNO REGIONAL,MIARIA,PUESTOS DE SALUD O POSTAS DE SALUD,CUSCO,LA CONVENCION,MEGANTONI,80914,I-2,,ACTIVADO
GOBIERNO REGIONAL,SANTA ROSA DE CALCAUSO,PUESTOS DE SALUD O POSTAS DE SALUD,APURIMAC,ANTABAMBA,JUAN ESPINOZA MEDRANO,30304,I-1,,ACTIVADO
GOBIERNO REGIONAL,CHACOCHE,PUESTOS DE SALUD O POSTAS DE SALUD,APURIMAC,ABANCAY,CHACOCHE,30102,I-1,,ACTIVADO
GOBIERNO REGIONAL,TAMANCO,PUESTOS DE SALUD O POSTAS DE SALUD,LORETO,MAYNAS,MAZAN,160106,I-1,,ACTIVADO
GOBIERNO REGIONAL,COTARMA,PUESTOS DE SALUD O POSTAS DE SALUD,APURIMAC,ABANCAY,PICHIRHUA,30107,I-1,,ACTIVADO
GOBIERNO REGIONAL,SAWAWO,PUESTOS DE SALUD O POSTAS DE SALUD,UCAYALI,ATALAYA,YURUA,250204,I-1,,ACTIVADO
GOBIERNO REGIONAL,HUIRAHUACHO,PUESTOS DE SALUD O POSTAS DE SALUD,APURIMAC,ABANCAY,CIRCA,30103,I-1,,ACTIVADO
GOBIERNO REGIONAL,LUCUCHANGA,PUESTOS DE SALUD O POSTAS DE SALUD,APURIMAC,ABANCAY,PICHIRHUA,30107,I-2,,ACTIVADO
GOBIERNO REGIONAL,PALCAYÑO,PUESTOS DE SALUD O POSTAS DE SALUD,APURIMAC,ANTABAMBA,PACHACONAS,30306,I-1,,ACTIVADO
GOBIERNO REGIONAL,ANTILLA,PUESTOS DE SALUD O POSTAS DE SALUD,APURIMAC,ANTABAMBA,SABAINO,30307,I-1,,ACTIVADO
GOBIERNO REGIONAL,IVOCHOTE,PUESTOS DE SALUD O POSTAS DE SALUD,CUSCO,LA CONVENCION,ECHARATE,80902,I-2,,ACTIVADO
GOBIERNO REGIONAL,ALLPACHACA,PUESTOS DE SALUD O POSTAS DE SALUD,APURIMAC,ABANCAY,PICHIRHUA,30107,I-1,,ACTIVADO
GOBIERNO REGIONAL,SANTA CECILIA,PUESTOS DE SALUD O POSTAS DE SALUD,LORETO,MAYNAS,INDIANA,160104,I-1,,ACTIVADO
GOBIERNO REGIONAL,CCALACCAPCHA,PUESTOS DE SALUD O POSTAS DE SALUD,AYACUCHO,PAUCAR DEL SARA SARA,OYOLO,50806,I-1,,ACTIVADO
GOBIERNO REGIONAL,KARCATERA,PUESTOS DE SALUD O POSTAS DE SALUD,APURIMAC,ABANCAY,ABANCAY,30101,I-1,,ACTIVADO
GOBIERNO REGIONAL,AUQUIBAMBA,PUESTOS DE SALUD O POSTAS DE SALUD,APURIMAC,ABANCAY,PICHIRHUA,30107,I-1,,ACTIVADO
GOBIERNO REGIONAL,ACCOPAMPA,PUESTOS DE SALUD O POSTAS DE SALUD,APURIMAC,ABANCAY,PICHIRHUA,30107,I-1,,ACTIVADO
GOBIERNO REGIONAL,KAMISEA,CENTROS DE SALUD CON CAMAS DE INTERNAMIENTO,CUSCO,LA CONVENCION,MEGANTONI,80914,I-4,,ACTIVADO
GOBIERNO REGIONAL,VITO,PUESTOS DE SALUD O POSTAS DE SALUD,APURIMAC,ANTABAMBA,JUAN ESPINOZA MEDRANO,30304,I-1,,ACTIVADO
GOBIERNO REGIONAL,SERAFIN FILOMENO,PUESTOS DE SALUD O POSTAS DE SALUD,LORETO,MAYNAS,FERNANDO LORES,160103,I-1,,ACTIVADO
GOBIERNO REGIONAL,HUANIPACA,CENTROS DE SALUD O CENTROS MEDICOS,APURIMAC,ABANCAY,HUANIPACA,30105,I-3,,ACTIVADO
GOBIERNO REGIONAL,PUCYURA,CENTROS DE SALUD CON CAMAS DE INTERNAMIENTO,CUSCO,LA CONVENCION,VILCABAMBA,80909,I-4,,ACTIVADO
GOBIERNO REGIONAL,OCOBAMBA,PUESTOS DE SALUD O POSTAS DE SALUD,APURIMAC,ABANCAY,CIRCA,30103,I-1,,ACTIVADO
GOBIERNO REGIONAL,SILCO,PUESTOS DE SALUD O POSTAS DE SALUD,APURIMAC,ANTABAMBA,JUAN ESPINOZA MEDRANO,30304,I-1,,ACTIVADO
GOBIERNO REGIONAL,CHOCORIARI,PUESTOS DE SALUD O POSTAS DE SALUD,CUSCO,LA CONVENCION,MEGANTONI,80914,I-1,,ACTIVADO
GOBIERNO REGIONAL,SHIVANKORENI,PUESTOS DE SALUD O POSTAS DE SALUD,CUSCO,LA CONVENCION,MEGANTONI,80914,I-2,,ACTIVADO
GOBIERNO REGIONAL,CIRIALO,PUESTOS DE SALUD O POSTAS DE SALUD,CUSCO,LA CONVENCION,ECHARATE,80902,I-2,,ACTIVADO
GOBIERNO REGIONAL,MATARA,PUESTOS DE SALUD O POSTAS DE SALUD,APURIMAC,ANTABAMBA,HUAQUIRCA,30303,I-1,,ACTIVADO
GOBIERNO REGIONAL,HUAYLLABAMBA,PUESTOS DE SALUD O POSTAS DE SALUD,APURIMAC,ABANCAY,ABANCAY,30101,I-1,,ACTIVADO
GOBIERNO REGIONAL,MOLLEBAMBA,CENTROS DE SALUD O CENTROS MEDICOS,APURIMAC,ANTABAMBA,JUAN ESPINOZA MEDRANO,30304,I-3,,ACTIVADO
GOBIERNO REGIONAL,CALCAUSO,PUESTOS DE SALUD O POSTAS DE SALUD,APURIMAC,ANTABAMBA,JUAN ESPINOZA MEDRANO,30304,I-2,,ACTIVADO
GOBIERNO REGIONAL,PACHIRI,PUESTOS DE SALUD O POSTAS DE SALUD,CUSCO,LA CONVENCION,ECHARATE,80902,I-1,,ACTIVADO
GOBIERNO REGIONAL,TABLADA ALTA,PUESTOS DE SALUD O POSTAS DE SALUD,APURIMAC,ABANCAY,ABANCAY,30101,I-2,,ACTIVADO
ESSALUD,HOSPITAL BASE II ABANCAY,HOSPITALES O CLINICAS DE ATENCION GENERAL,APURIMAC,ABANCAY,ABANCAY,30101,II-1,83.0,ACTIVADO
GOBIERNO REGIONAL,KIUÑALLA,PUESTOS DE SALUD O POSTAS DE SALUD,APURIMAC,ABANCAY,HUANIPACA,30105,I-1,,ACTIVADO
GOBIERNO REGIONAL,HUAQUIRCA,PUESTOS DE SALUD O POSTAS DE SALUD,APURIMAC,ANTABAMBA,HUAQUIRCA,30303,I-2,,ACTIVADO
GOBIERNO REGIONAL,SAN ANTONIO,PUESTOS DE SALUD O POSTAS DE SALUD,CUSCO,LA CONVENCION,ECHARATE,80902,I-1,,ACTIVADO
GOBIERNO REGIONAL,BELLAVISTA,CENTROS DE SALUD O CENTROS MEDICOS,APURIMAC,ABANCAY,ABANCAY,30101,I-3,,ACTIVADO
GOBIERNO REGIONAL,SAN MARTIN,PUESTOS DE SALUD O POSTAS DE SALUD,APURIMAC,ABANCAY,ABANCAY,30101,I-1,,ACTIVADO
ESSALUD,POSTA MEDICA COTAHUASI,PUESTOS DE SALUD O POSTAS DE SALUD,AREQUIPA,LA UNION,COTAHUASI,40801,I-2,0.0,ACTIVADO
GOBIERNO REGIONAL,PANGOA,PUESTOS DE SALUD O POSTAS DE SALUD,CUSCO,LA CONVENCION,ECHARATE,80902,I-2,,ACTIVADO
GOBIERNO REGIONAL,TAMBURQUI,PUESTOS DE SALUD O POSTAS DE SALUD,APURIMAC,ABANCAY,CIRCA,30103,I-2,,ACTIVADO
GOBIERNO REGIONAL,PUEBLO JOVEN CENTENARIO,CENTROS DE SALUD CON CAMAS DE INTERNAMIENTO,APURIMAC,ABANCAY,ABANCAY,30101,I-4,,ACTIVADO
GOBIERNO REGIONAL,HOSPITAL REGIONAL GUILLERMO DIAZ DE LA VEGA,HOSPITALES O CLINICAS DE ATENCION GENERAL,APURIMAC,ABANCAY,ABANCAY,30101,II-2,180.0,ACTIVADO
GOBIERNO REGIONAL,CENTRO DE SALUD ANTABAMBA,CENTROS DE SALUD CON CAMAS DE INTERNAMIENTO,APURIMAC,ANTABAMBA,ANTABAMBA,30301,I-4,,ACTIVADO
ESSALUD,CENTRO DE ATENCION PRIMARIA I ANTABAMBA,PUESTOS DE SALUD O POSTAS DE SALUD,APURIMAC,ANTABAMBA,ANTABAMBA,30301,I-2,0.0,ACTIVADO
GOBIERNO REGIONAL,METROPOLITANO,CENTROS DE SALUD O CENTROS MEDICOS,APURIMAC,ABANCAY,ABANCAY,30101,I-3,,ACTIVADO
GOBIERNO REGIONAL,PUINAHUA BAJO NAPO,PUESTOS DE SALUD O POSTAS DE SALUD,LORETO,MAYNAS,MAZAN,160106,I-1,,ACTIVADO
GOBIERNO REGIONAL,CIRCA,PUESTOS DE SALUD O POSTAS DE SALUD,APURIMAC,ABANCAY,CIRCA,30103,I-2,,ACTIVADO
GOBIERNO REGIONAL,ANGAMOS,CENTROS DE SALUD O CENTROS MEDICOS,LORETO,REQUENA,YAQUERANA,160511,I-3,,ACTIVADO
GOBIERNO REGIONAL,SAN PEDRO DE MANATI,PUESTOS DE SALUD O POSTAS DE SALUD,LORETO,MAYNAS,INDIANA,160104,I-1,,ACTIVADO
GOBIERNO REGIONAL,TAMBURCO,CENTROS DE SALUD CON CAMAS DE INTERNAMIENTO,APURIMAC,ABANCAY,TAMBURCO,30109,I-4,,ACTIVADO
GOBIERNO REGIONAL,VILLAGLORIA,CENTROS DE SALUD O CENTROS MEDICOS,APURIMAC,ABANCAY,ABANCAY,30101,I-3,,ACTIVADO
GOBIERNO REGIONAL,QUISAPATA,PUESTOS DE SALUD O POSTAS DE SALUD,APURIMAC,ABANCAY,ABANCAY,30101,I-2,,ACTIVADO
GOBIERNO REGIONAL,SANIRIATO,PUESTOS DE SALUD O POSTAS DE SALUD,CUSCO,LA CONVENCION,ECHARATE,80902,I-1,,ACTIVADO
GOBIERNO REGIONAL,KERAPATA,PUESTOS DE SALUD O POSTAS DE SALUD,APURIMAC,ABANCAY,TAMBURCO,30109,I-1,,ACTIVADO
GOBIERNO REGIONAL,MARCAHUASI,PUESTOS DE SALUD O POSTAS DE SALUD,APURIMAC,ABANCAY,ABANCAY,30101,I-1,,ACTIVADO
GOBIERNO REGIONAL,SAN ANTONIO (TAMBURCO),PUESTOS DE SALUD O POSTAS DE SALUD,APURIMAC,ABANCAY,TAMBURCO,30109,I-1,,ACTIVADO
GOBIERNO REGIONAL,CRUZ PATA (LAMBRAMA),PUESTOS DE SALUD O POSTAS DE SALUD,APURIMAC,ABANCAY,LAMBRAMA,30106,I-1,,ACTIVADO
GOBIERNO REGIONAL,ATUMPATA,PUESTOS DE SALUD O POSTAS DE SALUD,APURIMAC,ABANCAY,ABANCAY,30101,I-1,,ACTIVADO
GOBIERNO REGIONAL,SUNCHO,PUESTOS DE SALUD O POSTAS DE SALUD,APURIMAC,ABANCAY,LAMBRAMA,30106,I-1,,ACTIVADO
GOBIERNO REGIONAL,PUESTO DE SALUD TAURISMA,PUESTOS DE SALUD O POSTAS DE SALUD,AREQUIPA,LA UNION,HUAYNACOTAS,40804,I-1,,ACTIVADO
GOBIERNO REGIONAL,MANITI I ZONA,PUESTOS DE SALUD O POSTAS DE SALUD,LORETO,MAYNAS,INDIANA,160104,I-1,,ACTIVADO
GOBIERNO REGIONAL,KORIBENI,PUESTOS DE SALUD O POSTAS DE SALUD,CUSCO,LA CONVENCION,ECHARATE,80902,I-2,,ACTIVADO
GOBIERNO REGIONAL,OYARA,PUESTOS DE SALUD O POSTAS DE SALUD,CUSCO,LA CONVENCION,VILCABAMBA,80909,I-1,,ACTIVADO
GOBIERNO REGIONAL,CAYPE,PUESTOS DE SALUD O POSTAS DE SALUD,APURIMAC,ABANCAY,LAMBRAMA,30106,I-2,,ACTIVADO
GOBIERNO REGIONAL,SIUSAY,PUESTOS DE SALUD O POSTAS DE SALUD,APURIMAC,ABANCAY,LAMBRAMA,30106,I-1,,ACTIVADO
GOBIERNO REGIONAL,TIMPIA,PUESTOS DE SALUD O POSTAS DE SALUD,CUSCO,LA CONVENCION,MEGANTONI,80914,I-2,,ACTIVADO
GOBIERNO REGIONAL,CHUÑOHUACHO,PUESTOS DE SALUD O POSTAS DE SALUD,APURIMAC,ANTABAMBA,ANTABAMBA,30301,I-2,,ACTIVADO
GOBIERNO REGIONAL,CASHIRIARI,PUESTOS DE SALUD O POSTAS DE SALUD,CUSCO,LA CONVENCION,MEGANTONI,80914,I-1,,ACTIVADO
GOBIERNO REGIONAL,CACHORA,CENTROS DE SALUD O CENTROS MEDICOS,APURIMAC,ABANCAY,SAN PEDRO DE CACHORA,30108,I-3,,ACTIVADO
GOBIERNO REGIONAL,PUESTO DE SALUD HUAYNACOTAS,PUESTOS DE SALUD O POSTAS DE SALUD,AREQUIPA,LA UNION,HUAYNACOTAS,40804,I-2,,ACTIVADO
GOBIERNO REGIONAL,MUTKANI,PUESTOS DE SALUD O POSTAS DE SALUD,APURIMAC,ANTABAMBA,HUAQUIRCA,30303,I-1,,ACTIVADO
GOBIERNO REGIONAL,HUICHIHUA,PUESTOS DE SALUD O POSTAS DE SALUD,APURIMAC,GRAU,CHUQUIBAMBILLA,30701,I-1,,ACTIVADO
GOBIERNO REGIONAL,CONCACHA,PUESTOS DE SALUD O POSTAS DE SALUD,APURIMAC,ABANCAY,CURAHUASI,30104,I-2,,ACTIVADO
GOBIERNO REGIONAL,CHISE,PUESTOS DE SALUD O POSTAS DE SALUD,APURIMAC,GRAU,CHUQUIBAMBILLA,30701,I-1,,ACTIVADO
GOBIERNO REGIONAL,SAN LUIS,PUESTOS DE SALUD O POSTAS DE SALUD,APURIMAC,ABANCAY,CURAHUASI,30104,I-2,,ACTIVADO
GOBIERNO REGIONAL,ATANCAMA,PUESTOS DE SALUD O POSTAS DE SALUD,APURIMAC,ABANCAY,LAMBRAMA,30106,I-1,,ACTIVADO
GOBIERNO REGIONAL,COTAHUARCAY,PUESTOS DE SALUD O POSTAS DE SALUD,APURIMAC,GRAU,CHUQUIBAMBILLA,30701,I-2,,ACTIVADO
GOBIERNO REGIONAL,TOTORAY,PUESTOS DE SALUD O POSTAS DE SALUD,APURIMAC,ABANCAY,CURAHUASI,30104,I-1,,ACTIVADO
GOBIERNO REGIONAL,MANGUA DEL MAZAN,PUESTOS DE SALUD O POSTAS DE SALUD,LORETO,MAYNAS,MAZAN,160106,I-1,,ACTIVADO
GOBIERNO REGIONAL,ICHIQUIATO,PUESTOS DE SALUD O POSTAS DE SALUD,CUSCO,LA CONVENCION,ECHARATE,80902,I-1,,ACTIVADO
GOBIERNO REGIONAL,PUESTO DE SALUD PUCCHUN,PUESTOS DE SALUD O POSTAS DE SALUD,AREQUIPA,CAMANA,MARISCAL CACERES,40204,I-2,,ACTIVADO
GOBIERNO REGIONAL,LAMBRAMA,CENTROS DE SALUD CON CAMAS DE INTERNAMIENTO,APURIMAC,ABANCAY,LAMBRAMA,30106,I-4,,ACTIVADO
GOBIERNO REGIONAL,CURANCO,PUESTOS DE SALUD O POSTAS DE SALUD,APURIMAC,ANTABAMBA,ANTABAMBA,30301,I-1,,ACTIVADO
GOBIERNO REGIONAL,FRANCISCO DE ORELLANA,CENTROS DE SALUD O CENTROS MEDICOS,LORETO,MAYNAS,LAS AMAZONAS,160105,I-3,,ACTIVADO
GOBIERNO REGIONAL,CENTRO DE SALUD ALCA,CENTROS DE SALUD O CENTROS MEDICOS,AREQUIPA,LA UNION,ALCA,40802,I-3,,ACTIVADO
GOBIERNO REGIONAL,MATORIATO,PUESTOS DE SALUD O POSTAS DE SALUD,CUSCO,LA CONVENCION,QUELLOUNO,80906,I-1,,ACTIVADO
GOBIERNO REGIONAL,BACAS,PUESTOS DE SALUD O POSTAS DE SALUD,APURIMAC,ABANCAY,CURAHUASI,30104,I-2,,ACTIVADO
GOBIERNO REGIONAL,BREU,PUESTOS DE SALUD O POSTAS DE SALUD,UCAYALI,ATALAYA,YURUA,250204,I-2,,ACTIVADO
GOBIERNO REGIONAL,OCCORURO,PUESTOS DE SALUD O POSTAS DE SALUD,APURIMAC,ABANCAY,CURAHUASI,30104,I-2,,ACTIVADO
GOBIERNO REGIONAL,IDMA,PUESTOS DE SALUD O POSTAS DE SALUD,CUSCO,LA CONVENCION,SANTA ANA,80901,I-1,,ACTIVADO
GOBIERNO REGIONAL,PUESTO DE SALUD LUIS F. CORTEGANA-HUACAPUY,PUESTOS DE SALUD O POSTAS DE SALUD,AREQUIPA,CAMANA,JOSE MARIA QUIMPER,40202,I-2,,ACTIVADO
GOBIERNO REGIONAL,MARCCECCA,PUESTOS DE SALUD O POSTAS DE SALUD,APURIMAC,GRAU,CHUQUIBAMBILLA,30701,I-1,,ACTIVADO
GOBIERNO REGIONAL,PISONAYPATA,PUESTOS DE SALUD O POSTAS DE SALUD,APURIMAC,ABANCAY,CURAHUASI,30104,I-2,,ACTIVADO
GOBIERNO REGIONAL,PUESTO DE SALUD HUARCAYA,PUESTOS DE SALUD O POSTAS DE SALUD,AREQUIPA,LA UNION,HUAYNACOTAS,40804,I-1,,ACTIVADO
GOBIERNO REGIONAL,PATA PATA,PUESTOS DE SALUD O POSTAS DE SALUD,APURIMAC,GRAU,CHUQUIBAMBILLA,30701,I-1,,ACTIVADO
GOBIERNO REGIONAL,EL PUENTE,PUESTOS DE SALUD O POSTAS DE SALUD,AREQUIPA,CAMANA,JOSE MARIA QUIMPER,40202,I-2,,ACTIVADO
GOBIERNO REGIONAL,CENTRO DE SALUD SAN JOSE,CENTROS DE SALUD O CENTROS MEDICOS,AREQUIPA,CAMANA,MARISCAL CACERES,40204,I-3,,ACTIVADO
GOBIERNO REGIONAL,MARJUNI,PUESTOS DE SALUD O POSTAS DE SALUD,APURIMAC,ABANCAY,LAMBRAMA,30106,I-2,,ACTIVADO
GOBIERNO REGIONAL,CHAPIMARCA,PUESTOS DE SALUD O POSTAS DE SALUD,APURIMAC,GRAU,CHUQUIBAMBILLA,30701,I-1,,ACTIVADO
GOBIERNO REGIONAL,POTRERO,PUESTOS DE SALUD O POSTAS DE SALUD,CUSCO,LA CONVENCION,SANTA ANA,80901,I-1,,ACTIVADO
GOBIERNO REGIONAL,PALTAYBAMBA,PUESTOS DE SALUD O POSTAS DE SALUD,CUSCO,LA CONVENCION,VILCABAMBA,80909,I-1,,ACTIVADO
GOBIERNO REGIONAL,EL CARDO,PUESTOS DE SALUD O POSTAS DE SALUD,AREQUIPA,CAMANA,JOSE MARIA QUIMPER,40202,I-2,,ACTIVADO
GOBIERNO REGIONAL,LLANACCOLLPA,PUESTOS DE SALUD O POSTAS DE SALUD,APURIMAC,ANTABAMBA,HUAQUIRCA,30303,I-1,,ACTIVADO
GOBIERNO REGIONAL,TOTORA,PUESTOS DE SALUD O POSTAS DE SALUD,CUSCO,LA CONVENCION,SANTA TERESA,80908,I-1,,ACTIVADO
GOBIERNO REGIONAL,CENTRO DE SALUD SAN GREGORIO,CENTROS DE SALUD O CENTROS MEDICOS,AREQUIPA,CAMANA,NICOLAS DE PIEROLA,40205,I-3,,ACTIVADO
GOBIERNO REGIONAL,VAINILLA,PUESTOS DE SALUD O POSTAS DE SALUD,LORETO,MAYNAS,INDIANA,160104,I-1,,ACTIVADO
GOBIERNO REGIONAL,HACIENDA DEL MEDIO,PUESTOS DE SALUD O POSTAS DE SALUD,AREQUIPA,CAMANA,NICOLAS DE PIEROLA,40205,I-2,,ACTIVADO
GOBIERNO REGIONAL,SAN CAMILO DE LELIS (CHUQUIBAMBILLA),CENTROS DE SALUD CON CAMAS DE INTERNAMIENTO,APURIMAC,GRAU,CHUQUIBAMBILLA,30701,I-4,,ACTIVADO
GOBIERNO REGIONAL,EL CARMEN- CAMANA,PUESTOS DE SALUD O POSTAS DE SALUD,AREQUIPA,CAMANA,SAMUEL PASTOR,40208,I-2,,ACTIVADO
GOBIERNO REGIONAL,CCOCHUA,PUESTOS DE SALUD O POSTAS DE SALUD,APURIMAC,ABANCAY,CURAHUASI,30104,I-2,,ACTIVADO
ESSALUD,HOSPITAL I SAMUEL PASTOR DE CAMANA ESSALUD,HOSPITALES O CLINICAS DE ATENCION ESPECIALIZADA,AREQUIPA,CAMANA,SAMUEL PASTOR,40208,II-1,11.0,ACTIVADO
GOBIERNO REGIONAL,CENTRO DE SALUD LA PAMPA,CENTROS DE SALUD O CENTROS MEDICOS,AREQUIPA,CAMANA,SAMUEL PASTOR,40208,I-3,,ACTIVADO
GOBIERNO REGIONAL,JUAN PABLO VIZCARDO GUZMAN,PUESTOS DE SALUD O POSTAS DE SALUD,AREQUIPA,CAMANA,SAMUEL PASTOR,40208,I-2,,ACTIVADO
ESSALUD,CENTRO DE ATENCION PRIMARIA I CURAHUASI,PUESTOS DE SALUD O POSTAS DE SALUD,APURIMAC,ABANCAY,CURAHUASI,30104,I-2,0.0,ACTIVADO
GOBIERNO REGIONAL,CURAHUASI,CENTROS DE SALUD CON CAMAS DE INTERNAMIENTO,APURIMAC,ABANCAY,CURAHUASI,30104,I-4,,ACTIVADO
GOBIERNO REGIONAL,SULLUCUYOC,PUESTOS DE SALUD O POSTAS DE SALUD,CUSCO,LA CONVENCION,SANTA TERESA,80908,I-1,,ACTIVADO
GOBIERNO REGIONAL,SANTA ANA,CENTROS DE SALUD CON CAMAS DE INTERNAMIENTO,CUSCO,LA CONVENCION,SANTA ANA,80901,I-4,,ACTIVADO
GOBIERNO REGIONAL,PUESTO DE SALUD PUYCA,PUESTOS DE SALUD O POSTAS DE SALUD,AREQUIPA,LA UNION,PUYCA,40806,I-2,,ACTIVADO
GOBIERNO REGIONAL,PALMA REAL,CENTROS DE SALUD CON CAMAS DE INTERNAMIENTO,CUSCO,LA CONVENCION,ECHARATE,80902,I-4,,ACTIVADO
GOBIERNO REGIONAL,QUILLABAMBA,HOSPITALES O CLINICAS DE ATENCION GENERAL,CUSCO,LA CONVENCION,SANTA ANA,80901,II-1,120.0,ACTIVADO
GOBIERNO REGIONAL,CHAPO BOYERO,PUESTOS DE SALUD O POSTAS DE SALUD,CUSCO,LA CONVENCION,QUELLOUNO,80906,I-2,,ACTIVADO
GOBIERNO REGIONAL,PAVAYOC,CENTROS DE SALUD O CENTROS MEDICOS,CUSCO,LA CONVENCION,SANTA ANA,80901,I-3,,ACTIVADO
GOBIERNO REGIONAL,LA PUNTA- CAMANA,PUESTOS DE SALUD O POSTAS DE SALUD,AREQUIPA,CAMANA,SAMUEL PASTOR,40208,I-1,,ACTIVADO
GOBIERNO REGIONAL,SOLIDARIDAD,PUESTOS DE SALUD O POSTAS DE SALUD,AREQUIPA,CAMANA,SAMUEL PASTOR,40208,I-1,,ACTIVADO
GOBIERNO REGIONAL,PIYAY,PUESTOS DE SALUD O POSTAS DE SALUD,APURIMAC,GRAU,PATAYPAMPA,30707,I-1,,ACTIVADO
GOBIERNO REGIONAL,VIRUNDO,PUESTOS DE SALUD O POSTAS DE SALUD,APURIMAC,GRAU,VIRUNDO,30713,I-2,,ACTIVADO
GOBIERNO REGIONAL,DULCE GLORIA,PUESTOS DE SALUD O POSTAS DE SALUD,UCAYALI,ATALAYA,YURUA,250204,I-1,,ACTIVADO
GOBIERNO REGIONAL,UCHUMAYO,PUESTOS DE SALUD O POSTAS DE SALUD,CUSCO,LA CONVENCION,MARANURA,80904,I-1,,ACTIVADO
GOBIERNO REGIONAL,PATAYPAMPA,PUESTOS DE SALUD O POSTAS DE SALUD,APURIMAC,GRAU,PATAYPAMPA,30707,I-2,,ACTIVADO
GOBIERNO REGIONAL,EL ESTRECHO,CENTROS DE SALUD O CENTROS MEDICOS,LORETO,PUTUMAYO,PUTUMAYO,160801,I-3,,ACTIVADO
GOBIERNO REGIONAL,CURPAHUASI,PUESTOS DE SALUD O POSTAS DE SALUD,APURIMAC,GRAU,CURPAHUASI,30702,I-2,,ACTIVADO
GOBIERNO REGIONAL,MARANURA,CENTROS DE SALUD CON CAMAS DE INTERNAMIENTO,CUSCO,LA CONVENCION,MARANURA,80904,I-4,,ACTIVADO
GOBIERNO REGIONAL,QUISCABAMBA,PUESTOS DE SALUD O POSTAS DE SALUD,APURIMAC,GRAU,SANTA ROSA,30710,I-1,,ACTIVADO
GOBIERNO REGIONAL,SANTA ROSA,PUESTOS DE SALUD O POSTAS DE SALUD,APURIMAC,GRAU,SANTA ROSA,30710,I-2,,ACTIVADO
GOBIERNO REGIONAL,CHUNA MARJUNI,PUESTOS DE SALUD O POSTAS DE SALUD,APURIMAC,ABANCAY,CURAHUASI,30104,I-1,,ACTIVADO
GOBIERNO REGIONAL,HUAYANAY,PUESTOS DE SALUD O POSTAS DE SALUD,CUSCO,LA CONVENCION,SANTA ANA,80901,I-1,,ACTIVADO
GOBIERNO REGIONAL,SANTA MARIA DE MARUPA,PUESTOS DE SALUD O POSTAS DE SALUD,LORETO,MAYNAS,LAS AMAZONAS,160105,I-1,,ACTIVADO
GOBIERNO REGIONAL,CHIRUMBIA,PUESTOS DE SALUD O POSTAS DE SALUD,CUSCO,LA CONVENCION,QUELLOUNO,80906,I-1,,ACTIVADO
GOBIERNO REGIONAL,SANTA MARIA,PUESTOS DE SALUD O POSTAS DE SALUD,CUSCO,LA CONVENCION,MARANURA,80904,I-2,,ACTIVADO
GOBIERNO REGIONAL,VILCABAMBA,CENTROS DE SALUD CON CAMAS DE INTERNAMIENTO,APURIMAC,GRAU,VILCABAMBA,30712,I-4,,ACTIVADO
GOBIERNO REGIONAL,HUILLCAPAMPA,PUESTOS DE SALUD O POSTAS DE SALUD,CUSCO,LA CONVENCION,QUELLOUNO,80906,I-2,,ACTIVADO
GOBIERNO REGIONAL,SAN ANTONIO (VILCABAMBA),PUESTOS DE SALUD O POSTAS DE SALUD,APURIMAC,GRAU,SAN ANTONIO,30709,I-1,,ACTIVADO
GOBIERNO REGIONAL,TURPAY,PUESTOS DE SALUD O POSTAS DE SALUD,APURIMAC,GRAU,TURPAY,30711,I-1,,ACTIVADO
GOBIERNO REGIONAL,EL CARMEN,PUESTOS DE SALUD O POSTAS DE SALUD,APURIMAC,ABANCAY,CURAHUASI,30104,I-1,,ACTIVADO
GOBIERNO REGIONAL,SAN PABLO HUAYOPATA,PUESTOS DE SALUD O POSTAS DE SALUD,CUSCO,LA CONVENCION,HUAYOPATA,80903,I-1,,ACTIVADO
GOBIERNO REGIONAL,AYRIHUANCA,PUESTOS DE SALUD O POSTAS DE SALUD,APURIMAC,GRAU,MICAELA BASTIDAS,30706,I-2,,ACTIVADO
GOBIERNO REGIONAL,CHACCO,PUESTOS DE SALUD O POSTAS DE SALUD,CUSCO,LA CONVENCION,ECHARATE,80902,I-1,,ACTIVADO
GOBIERNO REGIONAL,RATCAY,PUESTOS DE SALUD O POSTAS DE SALUD,APURIMAC,GRAU,CURPAHUASI,30702,I-1,,ACTIVADO
GOBIERNO REGIONAL,SONAY,PUESTOS DE SALUD O POSTAS DE SALUD,AREQUIPA,CAMANA,NICOLAS DE PIEROLA,40205,I-2,,ACTIVADO
GOBIERNO REGIONAL,KILCATA,PUESTOS DE SALUD O POSTAS DE SALUD,APURIMAC,ANTABAMBA,OROPESA,30305,I-1,,ACTIVADO
GOBIERNO REGIONAL,YUMIRI,PUESTOS DE SALUD O POSTAS DE SALUD,APURIMAC,ANTABAMBA,OROPESA,30305,I-1,,ACTIVADO
GOBIERNO REGIONAL,HUAYOPATA,PUESTOS DE SALUD O POSTAS DE SALUD,CUSCO,LA CONVENCION,HUAYOPATA,80903,I-1,,ACTIVADO
GOBIERNO REGIONAL,SANTA TERESA,CENTROS DE SALUD CON CAMAS DE INTERNAMIENTO,CUSCO,LA CONVENCION,SANTA TERESA,80908,I-4,,ACTIVADO
GOBIERNO REGIONAL,MAMARA,PUESTOS DE SALUD O POSTAS DE SALUD,APURIMAC,GRAU,MAMARA,30705,I-2,,ACTIVADO
GOBIERNO REGIONAL,COLLPANI,PUESTOS DE SALUD O POSTAS DE SALUD,CUSCO,URUBAMBA,MACHUPICCHU,81304,I-1,,ACTIVADO
GOBIERNO REGIONAL,CRUZ PATA (PALPACACHI),PUESTOS DE SALUD O POSTAS DE SALUD,APURIMAC,GRAU,MARISCAL GAMARRA,30703,I-1,,ACTIVADO
GOBIERNO REGIONAL,SANTA ROSA DE SERJALI,PUESTOS DE SALUD O POSTAS DE SALUD,UCAYALI,ATALAYA,SEPAHUA,250202,I-1,,ACTIVADO
GOBIERNO REGIONAL,TARIBAMBA,PUESTOS DE SALUD O POSTAS DE SALUD,APURIMAC,GRAU,MARISCAL GAMARRA,30703,I-1,,ACTIVADO
GOBIERNO REGIONAL,HUAYO,PUESTOS DE SALUD O POSTAS DE SALUD,APURIMAC,GRAU,CURPAHUASI,30702,I-1,,ACTIVADO
GOBIERNO REGIONAL,ECHARATE,PUESTOS DE SALUD O POSTAS DE SALUD,CUSCO,LA CONVENCION,ECHARATE,80902,I-2,,ACTIVADO
GOBIERNO REGIONAL,HUAMANPATA,PUESTOS DE SALUD O POSTAS DE SALUD,CUSCO,ANTA,MOLLEPATA,80307,I-1,,ACTIVADO
GOBIERNO REGIONAL,HUACULLO,PUESTOS DE SALUD O POSTAS DE SALUD,APURIMAC,ANTABAMBA,OROPESA,30305,I-1,,ACTIVADO
GOBIERNO REGIONAL,ANTILLA,PUESTOS DE SALUD O POSTAS DE SALUD,APURIMAC,ABANCAY,CURAHUASI,30104,I-2,,ACTIVADO
GOBIERNO REGIONAL,TAMBORACCAY,PUESTOS DE SALUD O POSTAS DE SALUD,APURIMAC,GRAU,CURPAHUASI,30702,I-1,,ACTIVADO
GOBIERNO REGIONAL,PICHIBAMBA,PUESTOS DE SALUD O POSTAS DE SALUD,APURIMAC,GRAU,MARISCAL GAMARRA,30703,I-2,,ACTIVADO
GOBIERNO REGIONAL,PACCAYURA,PUESTOS DE SALUD O POSTAS DE SALUD,APURIMAC,GRAU,PROGRESO,30708,I-1,,ACTIVADO
GOBIERNO REGIONAL,CURASCO,PUESTOS DE SALUD O POSTAS DE SALUD,APURIMAC,GRAU,CURASCO,30714,I-2,,ACTIVADO
GOBIERNO REGIONAL,PAMPA CONCEPCION,PUESTOS DE SALUD O POSTAS DE SALUD,CUSCO,LA CONVENCION,ECHARATE,80902,I-2,,ACTIVADO
GOBIERNO REGIONAL,ESTRELLA,PUESTOS DE SALUD O POSTAS DE SALUD,CUSCO,LA CONVENCION,QUELLOUNO,80906,I-1,,ACTIVADO
GOBIERNO REGIONAL,QUELLOUNO,CENTROS DE SALUD CON CAMAS DE INTERNAMIENTO,CUSCO,LA CONVENCION,QUELLOUNO,80906,I-4,,ACTIVADO
GOBIERNO REGIONAL,TOTORA OROPESA,CENTROS DE SALUD O CENTROS MEDICOS,APURIMAC,ANTABAMBA,OROPESA,30305,I-3,,ACTIVADO
GOBIERNO REGIONAL,HUYRO,CENTROS DE SALUD O CENTROS MEDICOS,CUSCO,LA CONVENCION,HUAYOPATA,80903,I-3,,ACTIVADO
GOBIERNO REGIONAL,SAPSI,PUESTOS DE SALUD O POSTAS DE SALUD,APURIMAC,GRAU,MARISCAL GAMARRA,30703,I-1,,ACTIVADO
GOBIERNO REGIONAL,CCASANCCA,PUESTOS DE SALUD O POSTAS DE SALUD,APURIMAC,GRAU,CURASCO,30714,I-1,,ACTIVADO
GOBIERNO REGIONAL,TAMBO,PUESTOS DE SALUD O POSTAS DE SALUD,APURIMAC,GRAU,HUAILLATI,30704,I-1,,ACTIVADO
GOBIERNO REGIONAL,PACCAYPATA,CENTROS DE SALUD O CENTROS MEDICOS,APURIMAC,GRAU,MARISCAL GAMARRA,30703,I-3,,ACTIVADO
GOBIERNO REGIONAL,CHAHUARES,PUESTOS DE SALUD O POSTAS DE SALUD,CUSCO,LA CONVENCION,ECHARATE,80902,I-1,,ACTIVADO
GOBIERNO REGIONAL,MOLLEPATA,CENTROS DE SALUD O CENTROS MEDICOS,CUSCO,ANTA,MOLLEPATA,80307,I-3,,ACTIVADO
GOBIERNO REGIONAL,PAMPAHUITE,PUESTOS DE SALUD O POSTAS DE SALUD,APURIMAC,GRAU,HUAILLATI,30704,I-1,,ACTIVADO
GOBIERNO REGIONAL,MACHUPICCHU,CENTROS DE SALUD CON CAMAS DE INTERNAMIENTO,CUSCO,URUBAMBA,MACHUPICCHU,81304,I-4,,ACTIVADO
GOBIERNO REGIONAL,LLICCHIVILCA,PUESTOS DE SALUD O POSTAS DE SALUD,APURIMAC,GRAU,MARISCAL GAMARRA,30703,I-1,,ACTIVADO
GOBIERNO REGIONAL,SONCCOCCOCHA,PUESTOS DE SALUD O POSTAS DE SALUD,APURIMAC,ANTABAMBA,OROPESA,30305,I-1,,ACTIVADO
GOBIERNO REGIONAL,AMAYBAMBA,PUESTOS DE SALUD O POSTAS DE SALUD,CUSCO,LA CONVENCION,HUAYOPATA,80903,I-2,,ACTIVADO
GOBIERNO REGIONAL,ORAN,PUESTOS DE SALUD O POSTAS DE SALUD,LORETO,MAYNAS,LAS AMAZONAS,160105,I-1,,ACTIVADO
GOBIERNO REGIONAL,PALPACACHI,CENTROS DE SALUD O CENTROS MEDICOS,APURIMAC,GRAU,MARISCAL GAMARRA,30703,I-3,,ACTIVADO
GOBIERNO REGIONAL,TUPAC AMARU QUELLOUNO,PUESTOS DE SALUD O POSTAS DE SALUD,CUSCO,CALCA,YANATILE,80408,I-1,,ACTIVADO
GOBIERNO REGIONAL,PITUHUANCA,PUESTOS DE SALUD O POSTAS DE SALUD,APURIMAC,GRAU,MARISCAL GAMARRA,30703,I-2,,ACTIVADO
GOBIERNO REGIONAL,CCOLLPA,PUESTOS DE SALUD O POSTAS DE SALUD,APURIMAC,ABANCAY,CURAHUASI,30104,I-2,,ACTIVADO
GOBIERNO REGIONAL,KULLCO,PUESTOS DE SALUD O POSTAS DE SALUD,APURIMAC,GRAU,HUAILLATI,30704,I-1,,ACTIVADO
GOBIERNO REGIONAL,HOSPITAL APLAO,HOSPITALES O CLINICAS DE ATENCION GENERAL,AREQUIPA,CASTILLA,APLAO,40401,II-1,32.0,ACTIVADO
ESSALUD,CENTRO MEDICO APLAO,CENTROS DE SALUD O CENTROS MEDICOS,AREQUIPA,CASTILLA,APLAO,40401,I-3,0.0,ACTIVADO
GOBIERNO REGIONAL,PUTUCUSI,CENTROS DE SALUD O CENTROS MEDICOS,CUSCO,CALCA,YANATILE,80408,I-3,,ACTIVADO
GOBIERNO REGIONAL,CCOLLAURO,PUESTOS DE SALUD O POSTAS DE SALUD,APURIMAC,GRAU,MARISCAL GAMARRA,30703,I-1,,ACTIVADO
GOBIERNO REGIONAL,HUAYLLATI,PUESTOS DE SALUD O POSTAS DE SALUD,APURIMAC,GRAU,HUAILLATI,30704,I-2,,ACTIVADO
GOBIERNO REGIONAL,PROGRESO,CENTROS DE SALUD O CENTROS MEDICOS,APURIMAC,GRAU,PROGRESO,30708,I-3,,ACTIVADO
GOBIERNO REGIONAL,UTAPARO,PUESTOS DE SALUD O POSTAS DE SALUD,APURIMAC,GRAU,MARISCAL GAMARRA,30703,I-1,,ACTIVADO
GOBIERNO REGIONAL,CCORICHICHINA,PUESTOS DE SALUD O POSTAS DE SALUD,APURIMAC,GRAU,HUAILLATI,30704,I-1,,ACTIVADO
GOBIERNO REGIONAL,PICOSAYHUAS,PUESTOS DE SALUD O POSTAS DE SALUD,APURIMAC,GRAU,PROGRESO,30708,I-1,,ACTIVADO
GOBIERNO REGIONAL,VILCARO,PUESTOS DE SALUD O POSTAS DE SALUD,APURIMAC,COTABAMBAS,COYLLURQUI,30503,I-2,,ACTIVADO
ESSALUD,POSTA MEDICA   CORIRE,PUESTOS DE SALUD O POSTAS DE SALUD,AREQUIPA,CASTILLA,URACA,40413,I-2,0.0,ACTIVADO
GOBIERNO REGIONAL,PROGRESO LARATA,PUESTOS DE SALUD O POSTAS DE SALUD,APURIMAC,ABANCAY,CURAHUASI,30104,I-1,,ACTIVADO
GOBIERNO REGIONAL,PFACO,PUESTOS DE SALUD O POSTAS DE SALUD,APURIMAC,COTABAMBAS,COYLLURQUI,30503,I-1,,ACTIVADO
GOBIERNO REGIONAL,CAMINO INCA HUAYLLABAMBA,PUESTOS DE SALUD O POSTAS DE SALUD,CUSCO,URUBAMBA,MACHUPICCHU,81304,I-1,,ACTIVADO
GOBIERNO REGIONAL,OCCOBAMBA LACONVENCION,CENTROS DE SALUD O CENTROS MEDICOS,CUSCO,LA CONVENCION,OCOBAMBA,80905,I-3,,ACTIVADO
GOBIERNO REGIONAL,LIMATAMBO,CENTROS DE SALUD CON CAMAS DE INTERNAMIENTO,CUSCO,ANTA,LIMATAMBO,80306,I-4,,ACTIVADO
GOBIERNO REGIONAL,PUENTE SANTIAGO,PUESTOS DE SALUD O POSTAS DE SALUD,CUSCO,LA CONVENCION,QUELLOUNO,80906,I-2,,ACTIVADO
GOBIERNO REGIONAL,SORCCO,PUESTOS DE SALUD O POSTAS DE SALUD,APURIMAC,COTABAMBAS,COYLLURQUI,30503,I-2,,ACTIVADO
GOBIERNO REGIONAL,YORENCCA,PUESTOS DE SALUD O POSTAS DE SALUD,CUSCO,CHUMBIVILCAS,QUIÑOTA,80707,I-1,,ACTIVADO
GOBIERNO REGIONAL,COYLLURQUI,CENTROS DE SALUD CON CAMAS DE INTERNAMIENTO,APURIMAC,COTABAMBAS,COYLLURQUI,30503,I-4,,ACTIVADO
GOBIERNO REGIONAL,CHISCCAHUAYLLA,PUESTOS DE SALUD O POSTAS DE SALUD,APURIMAC,COTABAMBAS,COYLLURQUI,30503,I-1,,ACTIVADO
GOBIERNO REGIONAL,QUILCA,PUESTOS DE SALUD O POSTAS DE SALUD,AREQUIPA,CAMANA,QUILCA,40207,I-2,,ACTIVADO
GOBIERNO REGIONAL,QUESQUENTO,PUESTOS DE SALUD O POSTAS DE SALUD,CUSCO,CALCA,YANATILE,80408,I-1,,ACTIVADO
GOBIERNO REGIONAL,SAN MARTIN,PUESTOS DE SALUD O POSTAS DE SALUD,CUSCO,LA CONVENCION,QUELLOUNO,80906,I-2,,ACTIVADO
GOBIERNO REGIONAL,ALFAMAYO,PUESTOS DE SALUD O POSTAS DE SALUD,CUSCO,LA CONVENCION,HUAYOPATA,80903,I-1,,ACTIVADO
GOBIERNO REGIONAL,PUESTO DE SALUD CHAPACOCO,PUESTOS DE SALUD O POSTAS DE SALUD,AREQUIPA,CASTILLA,CHILCAYMARCA,40405,I-1,,ACTIVADO
GOBIERNO REGIONAL,PAMPACONGA,PUESTOS DE SALUD O POSTAS DE SALUD,CUSCO,ANTA,LIMATAMBO,80306,I-2,,ACTIVADO
GOBIERNO REGIONAL,YADQUIRE,PUESTOS DE SALUD O POSTAS DE SALUD,APURIMAC,COTABAMBAS,COYLLURQUI,30503,I-1,,ACTIVADO
GOBIERNO REGIONAL,ÑAHUINLLA,PUESTOS DE SALUD O POSTAS DE SALUD,APURIMAC,COTABAMBAS,COYLLURQUI,30503,I-2,,ACTIVADO
GOBIERNO REGIONAL,CCONCHACCOTA,PUESTOS DE SALUD O POSTAS DE SALUD,APURIMAC,GRAU,PROGRESO,30708,I-1,,ACTIVADO
GOBIERNO REGIONAL,KUCHUHUACHO,PUESTOS DE SALUD O POSTAS DE SALUD,APURIMAC,COTABAMBAS,CHALLHUAHUACHO,30506,I-1,,ACTIVADO
GOBIERNO REGIONAL,URATARI,PUESTOS DE SALUD O POSTAS DE SALUD,CUSCO,ANTA,LIMATAMBO,80306,I-2,,ACTIVADO
GOBIERNO REGIONAL,CHINGANILLA,PUESTOS DE SALUD O POSTAS DE SALUD,CUSCO,LA CONVENCION,OCOBAMBA,80905,I-1,,ACTIVADO
GOBIERNO REGIONAL,CHANCAMAYO,PUESTOS DE SALUD O POSTAS DE SALUD,CUSCO,CALCA,YANATILE,80408,I-1,,ACTIVADO
GOBIERNO REGIONAL,PUESTO DE SALUD CHILCAYMARCA,PUESTOS DE SALUD O POSTAS DE SALUD,AREQUIPA,CASTILLA,CHILCAYMARCA,40405,I-1,,ACTIVADO
GOBIERNO REGIONAL,MUTUHUASI,PUESTOS DE SALUD O POSTAS DE SALUD,APURIMAC,COTABAMBAS,HAQUIRA,30504,I-1,,ACTIVADO
GOBIERNO REGIONAL,CCONCCACCA,PUESTOS DE SALUD O POSTAS DE SALUD,APURIMAC,GRAU,PROGRESO,30708,I-1,,ACTIVADO
GOBIERNO REGIONAL,MUYUPAY,PUESTOS DE SALUD O POSTAS DE SALUD,CUSCO,CALCA,YANATILE,80408,I-1,,ACTIVADO
GOBIERNO REGIONAL,CENTRO DE SALUD ANDAGUA,CENTROS DE SALUD O CENTROS MEDICOS,AREQUIPA,CASTILLA,ANDAGUA,40402,I-3,,ACTIVADO
GOBIERNO REGIONAL,MONTETONI,PUESTOS DE SALUD O POSTAS DE SALUD,CUSCO,LA CONVENCION,MEGANTONI,80914,I-1,,ACTIVADO
GOBIERNO REGIONAL,COTABAMBAS,CENTROS DE SALUD CON CAMAS DE INTERNAMIENTO,APURIMAC,COTABAMBAS,COTABAMBAS,30502,I-4,,ACTIVADO
GOBIERNO REGIONAL,CHOCCOLLO,PUESTOS DE SALUD O POSTAS DE SALUD,APURIMAC,COTABAMBAS,CHALLHUAHUACHO,30506,I-1,,ACTIVADO
GOBIERNO REGIONAL,CCOCHAPATA,PUESTOS DE SALUD O POSTAS DE SALUD,APURIMAC,COTABAMBAS,COTABAMBAS,30502,I-2,,ACTIVADO
GOBIERNO REGIONAL,CENTRO DE SALUD ORCOPAMPA,CENTROS DE SALUD O CENTROS MEDICOS,AREQUIPA,CASTILLA,ORCOPAMPA,40409,I-3,,ACTIVADO
GOBIERNO REGIONAL,CHILLCA,PUESTOS DE SALUD O POSTAS DE SALUD,CUSCO,URUBAMBA,OLLANTAYTAMBO,81306,I-2,,ACTIVADO
GOBIERNO REGIONAL,SAN JUAN,PUESTOS DE SALUD O POSTAS DE SALUD,APURIMAC,COTABAMBAS,COTABAMBAS,30502,I-1,,ACTIVADO
GOBIERNO REGIONAL,PANTIPATA,PUESTOS DE SALUD O POSTAS DE SALUD,CUSCO,ANTA,CHINCHAYPUJIO,80304,I-2,,ACTIVADO
GOBIERNO REGIONAL,VERSALLES,PUESTOS DE SALUD O POSTAS DE SALUD,CUSCO,LA CONVENCION,OCOBAMBA,80905,I-2,,ACTIVADO
GOBIERNO REGIONAL,PUESTO DE SALUD SOPORO,PUESTOS DE SALUD O POSTAS DE SALUD,AREQUIPA,CASTILLA,ANDAGUA,40402,I-1,,ACTIVADO
GOBIERNO REGIONAL,TAMBULLA,PUESTOS DE SALUD O POSTAS DE SALUD,APURIMAC,COTABAMBAS,CHALLHUAHUACHO,30506,I-2,,ACTIVADO
GOBIERNO REGIONAL,PATARIO,PUESTOS DE SALUD O POSTAS DE SALUD,APURIMAC,COTABAMBAS,CHALLHUAHUACHO,30506,I-1,,ACTIVADO
GOBIERNO REGIONAL,CCASA,PUESTOS DE SALUD O POSTAS DE SALUD,APURIMAC,COTABAMBAS,CHALLHUAHUACHO,30506,I-1,,ACTIVADO
GOBIERNO REGIONAL,COMBAPATA YANATILE,PUESTOS DE SALUD O POSTAS DE SALUD,CUSCO,CALCA,YANATILE,80408,I-1,,ACTIVADO
GOBIERNO REGIONAL,ANCAHUASI,CENTROS DE SALUD O CENTROS MEDICOS,CUSCO,ANTA,ANCAHUASI,80302,I-3,,ACTIVADO
GOBIERNO REGIONAL,ANTA ANTA,PUESTOS DE SALUD O POSTAS DE SALUD,APURIMAC,COTABAMBAS,CHALLHUAHUACHO,30506,I-1,,ACTIVADO
GOBIERNO REGIONAL,PATAN,PUESTOS DE SALUD O POSTAS DE SALUD,APURIMAC,COTABAMBAS,HAQUIRA,30504,I-2,,ACTIVADO
GOBIERNO REGIONAL,LA QUEBRADA,CENTROS DE SALUD CON CAMAS DE INTERNAMIENTO,CUSCO,CALCA,YANATILE,80408,I-4,,ACTIVADO
GOBIERNO REGIONAL,QQUELLO,PUESTOS DE SALUD O POSTAS DE SALUD,APURIMAC,COTABAMBAS,TAMBOBAMBA,30501,I-1,,ACTIVADO
GOBIERNO REGIONAL,COLCA,PUESTOS DE SALUD O POSTAS DE SALUD,APURIMAC,COTABAMBAS,COTABAMBAS,30502,I-2,,ACTIVADO
GOBIERNO REGIONAL,PUESTO DE SALUD ARCATA,PUESTOS DE SALUD O POSTAS DE SALUD,AREQUIPA,CONDESUYOS,CAYARANI,40603,I-1,,ACTIVADO
GOBIERNO REGIONAL,PUESTO DE SALUD AYO,PUESTOS DE SALUD O POSTAS DE SALUD,AREQUIPA,CASTILLA,AYO,40403,I-2,,ACTIVADO
GOBIERNO REGIONAL,HUANCA UMUYTO,PUESTOS DE SALUD O POSTAS DE SALUD,APURIMAC,COTABAMBAS,HAQUIRA,30504,I-1,,ACTIVADO
GOBIERNO REGIONAL,ASACCASI,PUESTOS DE SALUD O POSTAS DE SALUD,APURIMAC,COTABAMBAS,TAMBOBAMBA,30501,I-2,,ACTIVADO
GOBIERNO REGIONAL,OLLANTAYTAMBO,CENTROS DE SALUD CON CAMAS DE INTERNAMIENTO,CUSCO,URUBAMBA,OLLANTAYTAMBO,81306,I-4,,ACTIVADO
GOBIERNO REGIONAL,PISCOCALLA,PUESTOS DE SALUD O POSTAS DE SALUD,APURIMAC,COTABAMBAS,HAQUIRA,30504,I-1,,ACTIVADO
GOBIERNO REGIONAL,PUESTO DE SALUD  B-2,PUESTOS DE SALUD O POSTAS DE SALUD,AREQUIPA,CAYLLOMA,MAJES,40520,I-2,,ACTIVADO
GOBIERNO REGIONAL,QQUEUÑAPAMPA,PUESTOS DE SALUD O POSTAS DE SALUD,APURIMAC,COTABAMBAS,HAQUIRA,30504,I-1,,ACTIVADO
GOBIERNO REGIONAL,ZURITE,PUESTOS DE SALUD O POSTAS DE SALUD,CUSCO,ANTA,ZURITE,80309,I-2,,ACTIVADO
GOBIERNO REGIONAL,PUMAMARCA,PUESTOS DE SALUD O POSTAS DE SALUD,APURIMAC,COTABAMBAS,TAMBOBAMBA,30501,I-2,,ACTIVADO
GOBIERNO REGIONAL,YANASHI,CENTROS DE SALUD O CENTROS MEDICOS,LORETO,MAYNAS,LAS AMAZONAS,160105,I-3,,ACTIVADO
GOBIERNO REGIONAL,CHALHUAHUACHO,CENTROS DE SALUD CON CAMAS DE INTERNAMIENTO,APURIMAC,COTABAMBAS,CHALLHUAHUACHO,30506,I-4,,ACTIVADO
GOBIERNO REGIONAL,PAMPA SAN JOSE,PUESTOS DE SALUD O POSTAS DE SALUD,APURIMAC,COTABAMBAS,HAQUIRA,30504,I-1,,ACTIVADO
GOBIERNO REGIONAL,HUANCCASCCA,PUESTOS DE SALUD O POSTAS DE SALUD,APURIMAC,COTABAMBAS,HAQUIRA,30504,I-2,,ACTIVADO
GOBIERNO REGIONAL,COLLPA,PUESTOS DE SALUD O POSTAS DE SALUD,CUSCO,CHUMBIVILCAS,LLUSCO,80706,I-2,,ACTIVADO
GOBIERNO REGIONAL,BELLAVISTA,PUESTOS DE SALUD O POSTAS DE SALUD,CUSCO,CALCA,YANATILE,80408,I-1,,ACTIVADO
GOBIERNO REGIONAL,ASENTAMIENTO B-1,PUESTOS DE SALUD O POSTAS DE SALUD,AREQUIPA,CAYLLOMA,MAJES,40520,I-2,,ACTIVADO
GOBIERNO REGIONAL,CHOCQUECCA,PUESTOS DE SALUD O POSTAS DE SALUD,APURIMAC,COTABAMBAS,TAMBOBAMBA,30501,I-2,,ACTIVADO
GOBIERNO REGIONAL,CHINCHAYPUJIO,CENTROS DE SALUD O CENTROS MEDICOS,CUSCO,ANTA,CHINCHAYPUJIO,80304,I-3,,ACTIVADO
GOBIERNO REGIONAL,OCCACCAHUA,PUESTOS DE SALUD O POSTAS DE SALUD,APURIMAC,COTABAMBAS,TAMBOBAMBA,30501,I-2,,ACTIVADO
GOBIERNO REGIONAL,OCCORURO,PUESTOS DE SALUD O POSTAS DE SALUD,APURIMAC,COTABAMBAS,TAMBOBAMBA,30501,I-1,,ACTIVADO
GOBIERNO REGIONAL,HOSPITAL CENTRAL DE MAJES- ANGEL GABRIEL CHURA GALLEGOS,HOSPITALES O CLINICAS DE ATENCION GENERAL,AREQUIPA,CAYLLOMA,MAJES,40520,II-1,51.0,ACTIVADO
GOBIERNO REGIONAL,COMPONE,PUESTOS DE SALUD O POSTAS DE SALUD,CUSCO,ANTA,ANTA,80301,I-2,,ACTIVADO
GOBIERNO REGIONAL,HUACHIBAMBA,PUESTOS DE SALUD O POSTAS DE SALUD,CUSCO,CALCA,YANATILE,80408,I-1,,ACTIVADO
GOBIERNO REGIONAL,HUAROCONDO,PUESTOS DE SALUD O POSTAS DE SALUD,CUSCO,ANTA,HUAROCONDO,80305,I-2,,ACTIVADO
GOBIERNO REGIONAL,CONCHACALLA,PUESTOS DE SALUD O POSTAS DE SALUD,CUSCO,ANTA,ANTA,80301,I-1,,ACTIVADO
GOBIERNO REGIONAL,CCOLLANA,PUESTOS DE SALUD O POSTAS DE SALUD,CUSCO,CHUMBIVILCAS,QUIÑOTA,80707,I-1,,ACTIVADO
GOBIERNO REGIONAL,YAVINA,PUESTOS DE SALUD O POSTAS DE SALUD,CUSCO,CHUMBIVILCAS,SANTO TOMAS,80701,I-1,,ACTIVADO
GOBIERNO REGIONAL,PATACANCHA,PUESTOS DE SALUD O POSTAS DE SALUD,CUSCO,URUBAMBA,OLLANTAYTAMBO,81306,I-1,,ACTIVADO
GOBIERNO REGIONAL,CHOQUEMAYO,PUESTOS DE SALUD O POSTAS DE SALUD,APURIMAC,COTABAMBAS,HAQUIRA,30504,I-1,,ACTIVADO
GOBIERNO REGIONAL,ANTAPUNCO,PUESTOS DE SALUD O POSTAS DE SALUD,APURIMAC,COTABAMBAS,HAQUIRA,30504,I-1,,ACTIVADO
GOBIERNO REGIONAL,CENTRO DE SALUD  SANDRITA PEREZ EL PEDREGAL,CENTROS DE SALUD CON CAMAS DE INTERNAMIENTO,AREQUIPA,CAYLLOMA,MAJES,40520,I-4,,ACTIVADO
GOBIERNO REGIONAL,MINASCUCHO,PUESTOS DE SALUD O POSTAS DE SALUD,APURIMAC,COTABAMBAS,CHALLHUAHUACHO,30506,I-1,,ACTIVADO
GOBIERNO REGIONAL,CHUROC,PUESTOS DE SALUD O POSTAS DE SALUD,APURIMAC,COTABAMBAS,TAMBOBAMBA,30501,I-1,,ACTIVADO
GOBIERNO REGIONAL,HUMAHUIRE,PUESTOS DE SALUD O POSTAS DE SALUD,APURIMAC,COTABAMBAS,TAMBOBAMBA,30501,I-1,,ACTIVADO
GOBIERNO REGIONAL,HAQUIRA,CENTROS DE SALUD CON CAMAS DE INTERNAMIENTO,APURIMAC,COTABAMBAS,HAQUIRA,30504,I-4,,ACTIVADO
GOBIERNO REGIONAL,HAPURO,PUESTOS DE SALUD O POSTAS DE SALUD,APURIMAC,COTABAMBAS,HAQUIRA,30504,I-1,,ACTIVADO
GOBIERNO REGIONAL,YANAHUARA,PUESTOS DE SALUD O POSTAS DE SALUD,CUSCO,URUBAMBA,URUBAMBA,81301,I-1,,ACTIVADO
GOBIERNO REGIONAL,TAMBOBAMBA,HOSPITALES O CLINICAS DE ATENCION GENERAL,APURIMAC,COTABAMBAS,TAMBOBAMBA,30501,II-1,,ACTIVADO
GOBIERNO REGIONAL,CENTRO DE SALUD LA COLINA,CENTROS DE SALUD O CENTROS MEDICOS,AREQUIPA,CAYLLOMA,MAJES,40520,I-3,,ACTIVADO
GOBIERNO REGIONAL,TOTORAPALLCA,PUESTOS DE SALUD O POSTAS DE SALUD,CUSCO,CHUMBIVILCAS,LLUSCO,80706,I-1,,ACTIVADO
GOBIERNO REGIONAL,SAN PEDRO DE TOTOYA,PUESTOS DE SALUD O POSTAS DE SALUD,LORETO,PUTUMAYO,PUTUMAYO,160801,I-1,,ACTIVADO
GOBIERNO REGIONAL,PISACCASA,PUESTOS DE SALUD O POSTAS DE SALUD,APURIMAC,COTABAMBAS,MARA,30505,I-2,,ACTIVADO
GOBIERNO REGIONAL,HUAYLLACOCHA,PUESTOS DE SALUD O POSTAS DE SALUD,CUSCO,ANTA,HUAROCONDO,80305,I-1,,ACTIVADO
GOBIERNO REGIONAL,CHACAMACHAY,PUESTOS DE SALUD O POSTAS DE SALUD,APURIMAC,COTABAMBAS,MARA,30505,I-1,,ACTIVADO
GOBIERNO REGIONAL,MARAS,CENTROS DE SALUD CON CAMAS DE INTERNAMIENTO,CUSCO,URUBAMBA,MARAS,81305,I-4,,ACTIVADO
GOBIERNO REGIONAL,OCRABAMBA,PUESTOS DE SALUD O POSTAS DE SALUD,APURIMAC,COTABAMBAS,TAMBOBAMBA,30501,I-1,,ACTIVADO
GOBIERNO REGIONAL,ALHUACCHULLO,PUESTOS DE SALUD O POSTAS DE SALUD,CUSCO,CHUMBIVILCAS,SANTO TOMAS,80701,I-2,,ACTIVADO
GOBIERNO REGIONAL,LLAC-CHUA,PUESTOS DE SALUD O POSTAS DE SALUD,APURIMAC,COTABAMBAS,HAQUIRA,30504,I-2,,ACTIVADO
GOBIERNO REGIONAL,ANTA,CENTROS DE SALUD CON CAMAS DE INTERNAMIENTO,CUSCO,ANTA,ANTA,80301,I-4,,ACTIVADO
GOBIERNO REGIONAL,QUIÑOTA,PUESTOS DE SALUD O POSTAS DE SALUD,CUSCO,CHUMBIVILCAS,QUIÑOTA,80707,I-2,,ACTIVADO
GOBIERNO REGIONAL,COLCCA YANATILE,PUESTOS DE SALUD O POSTAS DE SALUD,CUSCO,CALCA,YANATILE,80408,I-2,,ACTIVADO
GOBIERNO REGIONAL,CHACCARO,PUESTOS DE SALUD O POSTAS DE SALUD,APURIMAC,COTABAMBAS,TAMBOBAMBA,30501,I-2,,ACTIVADO
GOBIERNO REGIONAL,LLIQUE,PUESTOS DE SALUD O POSTAS DE SALUD,CUSCO,CHUMBIVILCAS,SANTO TOMAS,80701,I-2,,ACTIVADO
GOBIERNO REGIONAL,CHACAN,PUESTOS DE SALUD O POSTAS DE SALUD,CUSCO,ANTA,ANTA,80301,I-1,,ACTIVADO
GOBIERNO REGIONAL,PUESTO DE SALUD CHOCO,PUESTOS DE SALUD O POSTAS DE SALUD,AREQUIPA,CASTILLA,CHOCO,40406,I-2,,ACTIVADO
GOBIERNO REGIONAL,HUARACO,PUESTOS DE SALUD O POSTAS DE SALUD,CUSCO,CHUMBIVILCAS,COLQUEMARCA,80704,I-1,,ACTIVADO
GOBIERNO REGIONAL,PUESTO DE SALUD SAN JUAN DE SIGUAS - TAMBILLO,PUESTOS DE SALUD O POSTAS DE SALUD,AREQUIPA,AREQUIPA,SAN JUAN DE SIGUAS,40118,I-2,,ACTIVADO
GOBIERNO REGIONAL,MOCABAMBA,PUESTOS DE SALUD O POSTAS DE SALUD,APURIMAC,COTABAMBAS,HAQUIRA,30504,I-1,,ACTIVADO
GOBIERNO REGIONAL,CRUZPATA,PUESTOS DE SALUD O POSTAS DE SALUD,CUSCO,URUBAMBA,MARAS,81305,I-1,,ACTIVADO
GOBIERNO REGIONAL,CCOYO,PUESTOS DE SALUD O POSTAS DE SALUD,CUSCO,CHUMBIVILCAS,SANTO TOMAS,80701,I-1,,ACTIVADO
GOBIERNO REGIONAL,LLUSCO,PUESTOS DE SALUD O POSTAS DE SALUD,CUSCO,CHUMBIVILCAS,LLUSCO,80706,I-2,,ACTIVADO
GOBIERNO REGIONAL,HUARAQUERAY,PUESTOS DE SALUD O POSTAS DE SALUD,APURIMAC,COTABAMBAS,MARA,30505,I-1,,ACTIVADO
GOBIERNO REGIONAL,URUBAMBA,CENTROS DE SALUD CON CAMAS DE INTERNAMIENTO,CUSCO,URUBAMBA,URUBAMBA,81301,I-4,,ACTIVADO
GOBIERNO REGIONAL,PUCYURA ANTA,CENTROS DE SALUD O CENTROS MEDICOS,CUSCO,ANTA,PUCYURA,80308,I-3,,ACTIVADO
GOBIERNO REGIONAL,LUTTO,PUESTOS DE SALUD O POSTAS DE SALUD,CUSCO,CHUMBIVILCAS,LLUSCO,80706,I-2,,ACTIVADO
GOBIERNO REGIONAL,PUESTO DE SALUD HUAMBO,PUESTOS DE SALUD O POSTAS DE SALUD,AREQUIPA,CAYLLOMA,HUAMBO,40507,I-2,,ACTIVADO
GOBIERNO REGIONAL,CCOCHA,PUESTOS DE SALUD O POSTAS DE SALUD,APURIMAC,COTABAMBAS,HAQUIRA,30504,I-1,,ACTIVADO
GOBIERNO REGIONAL,MARA,CENTROS DE SALUD CON CAMAS DE INTERNAMIENTO,APURIMAC,COTABAMBAS,MARA,30505,I-4,,ACTIVADO
GOBIERNO REGIONAL,SANTA ISABEL DE SIGUAS,PUESTOS DE SALUD O POSTAS DE SALUD,AREQUIPA,AREQUIPA,SANTA ISABEL DE SIGUAS,40120,I-2,,ACTIVADO
GOBIERNO REGIONAL,CENTRO DE SALUD MATARANI,CENTROS DE SALUD O CENTROS MEDICOS,AREQUIPA,ISLAY,ISLAY,40704,I-3,,ACTIVADO
GOBIERNO REGIONAL,CCORIMAYO,PUESTOS DE SALUD O POSTAS DE SALUD,CUSCO,CALCA,YANATILE,80408,I-1,,ACTIVADO
GOBIERNO REGIONAL,PUESTO DE SALUD SANTA RITA DE SIGUAS,PUESTOS DE SALUD O POSTAS DE SALUD,AREQUIPA,AREQUIPA,SANTA RITA DE SIHUAS,40121,I-2,,ACTIVADO
GOBIERNO REGIONAL,ORCCOMA,PUESTOS DE SALUD O POSTAS DE SALUD,CUSCO,CHUMBIVILCAS,SANTO TOMAS,80701,I-1,,ACTIVADO
GOBIERNO REGIONAL,CURCA,PUESTOS DE SALUD O POSTAS DE SALUD,APURIMAC,COTABAMBAS,MARA,30505,I-1,,ACTIVADO
GOBIERNO REGIONAL,SANTO TOMAS,HOSPITALES O CLINICAS DE ATENCION GENERAL,CUSCO,CHUMBIVILCAS,SANTO TOMAS,80701,II-1,35.0,ACTIVADO
GOBIERNO REGIONAL,CCAPI,PUESTOS DE SALUD O POSTAS DE SALUD,CUSCO,PARURO,CCAPI,81003,I-2,,ACTIVADO
GOBIERNO REGIONAL,PFULLPURI CONDEPAMPA,PUESTOS DE SALUD O POSTAS DE SALUD,CUSCO,CHUMBIVILCAS,SANTO TOMAS,80701,I-2,,ACTIVADO
GOBIERNO REGIONAL,APUMARCA,PUESTOS DE SALUD O POSTAS DE SALUD,APURIMAC,COTABAMBAS,TAMBOBAMBA,30501,I-1,,ACTIVADO
GOBIERNO REGIONAL,YUCAY,PUESTOS DE SALUD O POSTAS DE SALUD,CUSCO,URUBAMBA,YUCAY,81307,I-1,,ACTIVADO
GOBIERNO REGIONAL,PUESTO DE SALUD SONDOR,PUESTOS DE SALUD O POSTAS DE SALUD,AREQUIPA,AREQUIPA,SANTA ISABEL DE SIGUAS,40120,I-2,,ACTIVADO
GOBIERNO REGIONAL,CHARAMURAY,PUESTOS DE SALUD O POSTAS DE SALUD,CUSCO,CHUMBIVILCAS,COLQUEMARCA,80704,I-1,,ACTIVADO
GOBIERNO REGIONAL,PAMPURA,PUESTOS DE SALUD O POSTAS DE SALUD,APURIMAC,COTABAMBAS,TAMBOBAMBA,30501,I-2,,ACTIVADO
GOBIERNO REGIONAL,PUESTO DE SALUD TOLCONI,PUESTOS DE SALUD O POSTAS DE SALUD,AREQUIPA,CASTILLA,CHACHAS,40404,I-2,,ACTIVADO
GOBIERNO REGIONAL,YANQUE,PUESTOS DE SALUD O POSTAS DE SALUD,CUSCO,CHUMBIVILCAS,COLQUEMARCA,80704,I-2,,ACTIVADO
GOBIERNO REGIONAL,CACHIMAYO,PUESTOS DE SALUD O POSTAS DE SALUD,CUSCO,ANTA,CACHIMAYO,80303,I-2,,ACTIVADO
GOBIERNO REGIONAL,HUAYLLABAMBA,PUESTOS DE SALUD O POSTAS DE SALUD,CUSCO,URUBAMBA,HUAYLLABAMBA,81303,I-2,,ACTIVADO
GOBIERNO REGIONAL,MELLOTOTORA,PUESTOS DE SALUD O POSTAS DE SALUD,CUSCO,CHUMBIVILCAS,SANTO TOMAS,80701,I-1,,ACTIVADO
GOBIERNO REGIONAL,CCORCCA,PUESTOS DE SALUD O POSTAS DE SALUD,CUSCO,CUSCO,CCORCA,80102,I-2,,ACTIVADO
GOBIERNO REGIONAL,PUESTO DE SALUD QUERQUE,PUESTOS DE SALUD O POSTAS DE SALUD,AREQUIPA,CAYLLOMA,LLUTA,40511,I-1,,ACTIVADO
GOBIERNO REGIONAL,CCACHIN,PUESTOS DE SALUD O POSTAS DE SALUD,CUSCO,CALCA,LARES,80404,I-1,,ACTIVADO
GOBIERNO REGIONAL,PUESTO DE SALUD PITAY,PUESTOS DE SALUD O POSTAS DE SALUD,AREQUIPA,AREQUIPA,SANTA ISABEL DE SIGUAS,40120,I-1,,ACTIVADO
GOBIERNO REGIONAL,CHINCHERO,CENTROS DE SALUD CON CAMAS DE INTERNAMIENTO,CUSCO,URUBAMBA,CHINCHERO,81302,I-4,,ACTIVADO
GOBIERNO REGIONAL,HUANTA,PUESTOS DE SALUD O POSTAS DE SALUD,LORETO,MARISCAL RAMON CASTILLA,PEBAS,160402,I-1,,ACTIVADO
GOBIERNO REGIONAL,LARES,CENTROS DE SALUD O CENTROS MEDICOS,CUSCO,CALCA,LARES,80404,I-3,,ACTIVADO
GOBIERNO REGIONAL,POROY,PUESTOS DE SALUD O POSTAS DE SALUD,CUSCO,CUSCO,POROY,80103,I-2,,ACTIVADO
GOBIERNO REGIONAL,ALCCA VICTORIA,PUESTOS DE SALUD O POSTAS DE SALUD,CUSCO,CHUMBIVILCAS,VELILLE,80708,I-1,,ACTIVADO
GOBIERNO REGIONAL,COLQUEMARCA,CENTROS DE SALUD O CENTROS MEDICOS,CUSCO,CHUMBIVILCAS,COLQUEMARCA,80704,I-3,,ACTIVADO
GOBIERNO REGIONAL,HUAYLLANI,PUESTOS DE SALUD O POSTAS DE SALUD,CUSCO,CHUMBIVILCAS,COLQUEMARCA,80704,I-1,,ACTIVADO
GOBIERNO REGIONAL,CHOQUECANCHA,PUESTOS DE SALUD O POSTAS DE SALUD,CUSCO,CALCA,LARES,80404,I-1,,ACTIVADO
GOBIERNO REGIONAL,CANCAHUANI,PUESTOS DE SALUD O POSTAS DE SALUD,CUSCO,CHUMBIVILCAS,CAPACMARCA,80702,I-1,,ACTIVADO
GOBIERNO REGIONAL,HUARAN,PUESTOS DE SALUD O POSTAS DE SALUD,CUSCO,CALCA,CALCA,80401,I-1,,ACTIVADO
GOBIERNO REGIONAL,PUESTO DE SALUD CAYARANI,PUESTOS DE SALUD O POSTAS DE SALUD,AREQUIPA,CONDESUYOS,CAYARANI,40603,I-2,,ACTIVADO
GOBIERNO REGIONAL,PUESTO DE SALUD VILLA LOURDES,PUESTOS DE SALUD O POSTAS DE SALUD,AREQUIPA,ISLAY,MOLLENDO,40701,I-2,,ACTIVADO
GOBIERNO REGIONAL,PULPERA,PUESTOS DE SALUD O POSTAS DE SALUD,CUSCO,CHUMBIVILCAS,SANTO TOMAS,80701,I-2,,ACTIVADO
ESSALUD,HOSPITAL II MANUEL DE TORRES MUÑOZ MOLLENDO ESSALUD,HOSPITALES O CLINICAS DE ATENCION GENERAL,AREQUIPA,ISLAY,MOLLENDO,40701,II-1,33.0,ACTIVADO
GOBIERNO REGIONAL,PUESTO DE SALUD LLUTA,PUESTOS DE SALUD O POSTAS DE SALUD,AREQUIPA,CAYLLOMA,LLUTA,40511,I-2,,ACTIVADO
GOBIERNO REGIONAL,HUANOQUITE,PUESTOS DE SALUD O POSTAS DE SALUD,CUSCO,PARURO,HUANOQUITE,81005,I-2,,ACTIVADO
GOBIERNO REGIONAL,OCCOTUAN,PUESTOS DE SALUD O POSTAS DE SALUD,CUSCO,URUBAMBA,CHINCHERO,81302,I-1,,ACTIVADO
GOBIERNO REGIONAL,CENTRO DE SALUD ALTO INCLAN,CENTROS DE SALUD CON CAMAS DE INTERNAMIENTO,AREQUIPA,ISLAY,MOLLENDO,40701,I-4,,ACTIVADO
GOBIERNO REGIONAL,MIRAFLORES,PUESTOS DE SALUD O POSTAS DE SALUD,CUSCO,CUSCO,CUSCO,80101,I-2,,ACTIVADO
GOBIERNO REGIONAL,CCAPACMARCA,CENTROS DE SALUD O CENTROS MEDICOS,CUSCO,CHUMBIVILCAS,CAPACMARCA,80702,I-3,,ACTIVADO
GOBIERNO REGIONAL,BRILLO NUEVO,PUESTOS DE SALUD O POSTAS DE SALUD,LORETO,MARISCAL RAMON CASTILLA,PEBAS,160402,I-1,,ACTIVADO
GOBIERNO REGIONAL,INDEPENDENCIA,CENTROS DE SALUD O CENTROS MEDICOS,CUSCO,CUSCO,CUSCO,80101,I-3,,ACTIVADO
GOBIERNO REGIONAL,SAN PEDRO CUSCO,PUESTOS DE SALUD O POSTAS DE SALUD,CUSCO,CUSCO,CUSCO,80101,I-2,,ACTIVADO
GOBIERNO REGIONAL,SUYO,PUESTOS DE SALUD O POSTAS DE SALUD,CUSCO,CALCA,LARES,80404,I-2,,ACTIVADO
GOBIERNO REGIONAL,PICCHU LA RINCONADA,CENTROS DE SALUD O CENTROS MEDICOS,CUSCO,CUSCO,CUSCO,80101,I-3,,ACTIVADO
GOBIERNO REGIONAL,DIGNIDAD NACIONAL,CENTROS DE SALUD O CENTROS MEDICOS,CUSCO,CUSCO,SANTIAGO,80106,I-3,,ACTIVADO
ESSALUD,CENTRO MEDICO SANTIAGO ESSALUD,CENTROS DE SALUD O CENTROS MEDICOS,CUSCO,CUSCO,SANTIAGO,80106,I-3,,ACTIVADO
GOBIERNO REGIONAL,ZARZUELA ALTA,CENTROS DE SALUD O CENTROS MEDICOS,CUSCO,CUSCO,SANTIAGO,80106,I-3,,ACTIVADO
GOBIERNO REGIONAL,SIETE CUARTONES,CENTROS DE SALUD O CENTROS MEDICOS,CUSCO,CUSCO,CUSCO,80101,I-3,,ACTIVADO
GOBIERNO REGIONAL,BELEMPAMPA,CENTROS DE SALUD CON CAMAS DE INTERNAMIENTO,CUSCO,CUSCO,SANTIAGO,80106,I-4,,ACTIVADO
GOBIERNO REGIONAL,OCCOPATA,PUESTOS DE SALUD O POSTAS DE SALUD,CUSCO,CUSCO,SANTIAGO,80106,I-2,,ACTIVADO
GOBIERNO REGIONAL,ANTONIO LORENA DEL CUSCO,HOSPITALES O CLINICAS DE ATENCION GENERAL,CUSCO,CUSCO,SANTIAGO,80106,III-1,198.0,ACTIVADO
GOBIERNO REGIONAL,CENTRO DE SALUD CABANACONDE,CENTROS DE SALUD O CENTROS MEDICOS,AREQUIPA,CAYLLOMA,CABANACONDE,40503,I-3,,ACTIVADO
GOBIERNO REGIONAL,WANCHAQ,CENTROS DE SALUD O CENTROS MEDICOS,CUSCO,CUSCO,WANCHAQ,80108,I-3,,ACTIVADO
GOBIERNO REGIONAL,CHOCCO,CENTROS DE SALUD O CENTROS MEDICOS,CUSCO,CUSCO,SANTIAGO,80106,I-3,,ACTIVADO
GOBIERNO REGIONAL,GORDILLOS,PUESTOS DE SALUD O POSTAS DE SALUD,CAJAMARCA,SAN MIGUEL,CALQUIS,61103,I-1,,ACTIVADO
GOBIERNO REGIONAL,MANCO CAPAC,CENTROS DE SALUD O CENTROS MEDICOS,CUSCO,CUSCO,SANTIAGO,80106,I-3,,ACTIVADO
GOBIERNO REGIONAL,TTIO,CENTROS DE SALUD O CENTROS MEDICOS,CUSCO,CUSCO,WANCHAQ,80108,I-3,,ACTIVADO
GOBIERNO REGIONAL,CALCA,CENTROS DE SALUD CON CAMAS DE INTERNAMIENTO,CUSCO,CALCA,CALCA,80401,I-4,,ACTIVADO
ESSALUD,HOSPITAL NACIONAL ADOLFO GUEVARA VELASCO,HOSPITALES O CLINICAS DE ATENCION GENERAL,CUSCO,CUSCO,WANCHAQ,80108,III-1,274.0,ACTIVADO
GOBIERNO REGIONAL,NUEVA ESPERANZA DEL YAVARI,PUESTOS DE SALUD O POSTAS DE SALUD,LORETO,MARISCAL RAMON CASTILLA,YAVARI,160403,I-1,,ACTIVADO
GOBIERNO REGIONAL,PUESTO DE SALUD TAPAY,PUESTOS DE SALUD O POSTAS DE SALUD,AREQUIPA,CAYLLOMA,TAPAY,40516,I-2,,ACTIVADO
GOBIERNO REGIONAL,PACCARECTAMBO,PUESTOS DE SALUD O POSTAS DE SALUD,CUSCO,PARURO,PACCARITAMBO,81007,I-2,,ACTIVADO
GOBIERNO REGIONAL,HOSPITAL DE APOYO DEPARTAMENTAL CUSCO,HOSPITALES O CLINICAS DE ATENCION GENERAL,CUSCO,CUSCO,CUSCO,80101,III-1,310.0,ACTIVADO
GOBIERNO REGIONAL,BUENA VISTA,CENTROS DE SALUD O CENTROS MEDICOS,CUSCO,CUSCO,CUSCO,80101,I-3,,ACTIVADO
GOBIERNO REGIONAL,CCOYABAMBA,PUESTOS DE SALUD O POSTAS DE SALUD,CUSCO,PARURO,CCAPI,81003,I-2,,ACTIVADO
GOBIERNO REGIONAL,AMPARAES,PUESTOS DE SALUD O POSTAS DE SALUD,CUSCO,CALCA,LARES,80404,I-2,,ACTIVADO
GOBIERNO REGIONAL,CENTRO DE SALUD VITOR,CENTROS DE SALUD O CENTROS MEDICOS,AREQUIPA,AREQUIPA,VITOR,40125,I-3,,ACTIVADO
GOBIERNO REGIONAL,PUESTO DE SALUD TAYA,PUESTOS DE SALUD O POSTAS DE SALUD,AREQUIPA,CAYLLOMA,LLUTA,40511,I-2,,ACTIVADO
GOBIERNO REGIONAL,SAN SEBASTIAN,CENTROS DE SALUD O CENTROS MEDICOS,CUSCO,CUSCO,SAN SEBASTIAN,80105,I-3,,ACTIVADO
GOBIERNO REGIONAL,CENTRO DE SALUD SAN ISIDRO,CENTROS DE SALUD O CENTROS MEDICOS,AREQUIPA,AREQUIPA,LA JOYA,40108,I-3,,ACTIVADO
GOBIERNO REGIONAL,CCORAO,PUESTOS DE SALUD O POSTAS DE SALUD,CUSCO,CUSCO,SAN SEBASTIAN,80105,I-2,,ACTIVADO
GOBIERNO REGIONAL,SANTA ROSA,CENTROS DE SALUD O CENTROS MEDICOS,CUSCO,CUSCO,SAN SEBASTIAN,80105,I-3,,ACTIVADO
GOBIERNO REGIONAL,YAURISQUE,CENTROS DE SALUD O CENTROS MEDICOS,CUSCO,PARURO,YAURISQUE,81009,I-3,,ACTIVADO
GOBIERNO REGIONAL,PUESTO DE SALUD LA CANO,PUESTOS DE SALUD O POSTAS DE SALUD,AREQUIPA,AREQUIPA,LA JOYA,40108,I-1,,ACTIVADO
GOBIERNO REGIONAL,LAMAY,CENTROS DE SALUD O CENTROS MEDICOS,CUSCO,CALCA,LAMAY,80403,I-3,,ACTIVADO
GOBIERNO REGIONAL,PUCAURQUILLO,PUESTOS DE SALUD O POSTAS DE SALUD,LORETO,MARISCAL RAMON CASTILLA,PEBAS,160402,I-1,,ACTIVADO
GOBIERNO REGIONAL,PATABAMBA,PUESTOS DE SALUD O POSTAS DE SALUD,CUSCO,CALCA,TARAY,80407,I-1,,ACTIVADO
GOBIERNO REGIONAL,TUPAC AMARU,CENTROS DE SALUD O CENTROS MEDICOS,CUSCO,CUSCO,SAN SEBASTIAN,80105,I-3,,ACTIVADO
GOBIERNO REGIONAL,OTOCANI,PUESTOS DE SALUD O POSTAS DE SALUD,CUSCO,PAUCARTAMBO,CHALLABAMBA,81103,I-1,,ACTIVADO
GOBIERNO REGIONAL,PUESTO DE SALUD MEJIA,PUESTOS DE SALUD O POSTAS DE SALUD,AREQUIPA,ISLAY,MEJIA,40705,I-2,,ACTIVADO
GOBIERNO REGIONAL,COYA,PUESTOS DE SALUD O POSTAS DE SALUD,CUSCO,CALCA,COYA,80402,I-2,,ACTIVADO
GOBIERNO REGIONAL,ACCHA ALTA - PAMPALLACTA,PUESTOS DE SALUD O POSTAS DE SALUD,CUSCO,CALCA,CALCA,80401,I-1,,ACTIVADO
GOBIERNO REGIONAL,INGATA,PUESTOS DE SALUD O POSTAS DE SALUD,CUSCO,CHUMBIVILCAS,CHAMACA,80703,I-1,,ACTIVADO
GOBIERNO REGIONAL,PUESTO DE SALUD HUANCA,PUESTOS DE SALUD O POSTAS DE SALUD,AREQUIPA,CAYLLOMA,HUANCA,40508,I-2,,ACTIVADO
GOBIERNO REGIONAL,PUESTO DE SALUD SAN CAMILO,PUESTOS DE SALUD O POSTAS DE SALUD,AREQUIPA,AREQUIPA,LA JOYA,40108,I-1,,ACTIVADO
GOBIERNO REGIONAL,VELILLE,CENTROS DE SALUD O CENTROS MEDICOS,CUSCO,CHUMBIVILCAS,VELILLE,80708,I-3,,ACTIVADO
GOBIERNO REGIONAL,PUESTO DE SALUD SAN CAMILO 7,PUESTOS DE SALUD O POSTAS DE SALUD,AREQUIPA,ISLAY,COCACHACRA,40702,I-1,,ACTIVADO
GOBIERNO REGIONAL,SAN JERONIMO,CENTROS DE SALUD CON CAMAS DE INTERNAMIENTO,CUSCO,CUSCO,SAN JERONIMO,80104,I-4,,ACTIVADO
GOBIERNO REGIONAL,PAROBAMBA,PUESTOS DE SALUD O POSTAS DE SALUD,CUSCO,PAUCARTAMBO,CHALLABAMBA,81103,I-2,,ACTIVADO
GOBIERNO REGIONAL,POQUES,PUESTOS DE SALUD O POSTAS DE SALUD,CUSCO,CALCA,LAMAY,80403,I-1,,ACTIVADO
GOBIERNO REGIONAL,HUANCALLE,PUESTOS DE SALUD O POSTAS DE SALUD,CUSCO,CALCA,TARAY,80407,I-1,,ACTIVADO
GOBIERNO REGIONAL,PUESTO DE SALUD JACHAÑA,PUESTOS DE SALUD O POSTAS DE SALUD,AREQUIPA,CAYLLOMA,CAYLLOMA,40505,I-2,,ACTIVADO
GOBIERNO REGIONAL,HUAMA,PUESTOS DE SALUD O POSTAS DE SALUD,CUSCO,CALCA,LAMAY,80403,I-1,,ACTIVADO
GOBIERNO REGIONAL,CCONCHACCOLLO,PUESTOS DE SALUD O POSTAS DE SALUD,CUSCO,CHUMBIVILCAS,CHAMACA,80703,I-1,,ACTIVADO
GOBIERNO REGIONAL,TARAY,PUESTOS DE SALUD O POSTAS DE SALUD,CUSCO,CALCA,TARAY,80407,I-1,,ACTIVADO
GOBIERNO REGIONAL,PUESTO DE SALUD YURAMAYO,PUESTOS DE SALUD O POSTAS DE SALUD,AREQUIPA,AREQUIPA,VITOR,40125,I-1,,ACTIVADO
GOBIERNO REGIONAL,CONCHACALLE,PUESTOS DE SALUD O POSTAS DE SALUD,CUSCO,CUSCO,SAN JERONIMO,80104,I-1,,ACTIVADO
GOBIERNO REGIONAL,PEVAS,CENTROS DE SALUD O CENTROS MEDICOS,LORETO,MARISCAL RAMON CASTILLA,PEBAS,160402,I-3,,ACTIVADO
GOBIERNO REGIONAL,PUESTO DE SALUD BENITO LAZO,PUESTOS DE SALUD O POSTAS DE SALUD,AREQUIPA,AREQUIPA,LA JOYA,40108,I-1,,ACTIVADO
GOBIERNO REGIONAL,PISAC,CENTROS DE SALUD CON CAMAS DE INTERNAMIENTO,CUSCO,CALCA,PISAC,80405,I-4,,ACTIVADO
GOBIERNO REGIONAL,PUESTO DE SALUD ALTO ENSENADA,PUESTOS DE SALUD O POSTAS DE SALUD,AREQUIPA,ISLAY,DEAN VALDIVIA,40703,I-2,,ACTIVADO
GOBIERNO REGIONAL,CHAMACA,PUESTOS DE SALUD O POSTAS DE SALUD,CUSCO,CHUMBIVILCAS,CHAMACA,80703,I-2,,ACTIVADO
GOBIERNO REGIONAL,HUASQUILLAY,PUESTOS DE SALUD O POSTAS DE SALUD,CUSCO,PARURO,OMACHA,81006,I-2,,ACTIVADO
GOBIERNO REGIONAL,CCOCHIRIHUAY,PUESTOS DE SALUD O POSTAS DE SALUD,CUSCO,PARURO,COLCHA,81004,I-1,,ACTIVADO
GOBIERNO REGIONAL,PARURO,CENTROS DE SALUD CON CAMAS DE INTERNAMIENTO,CUSCO,PARURO,PARURO,81001,I-4,,ACTIVADO
GOBIERNO REGIONAL,CENTRO DE SALUD EL CRUCE - TRIUNFO,CENTROS DE SALUD O CENTROS MEDICOS,AREQUIPA,AREQUIPA,LA JOYA,40108,I-3,,ACTIVADO
GOBIERNO REGIONAL,PUESTO DE SALUD PINCHOLLO,PUESTOS DE SALUD O POSTAS DE SALUD,AREQUIPA,CAYLLOMA,CABANACONDE,40503,I-1,,ACTIVADO
GOBIERNO REGIONAL,PUESTO DE SALUD SAN JOSE,PUESTOS DE SALUD O POSTAS DE SALUD,AREQUIPA,AREQUIPA,LA JOYA,40108,I-1,,ACTIVADO
GOBIERNO REGIONAL,CUYO CHICO,PUESTOS DE SALUD O POSTAS DE SALUD,CUSCO,CALCA,PISAC,80405,I-1,,ACTIVADO
GOBIERNO REGIONAL,PUESTO DE SALUD CERRITO BUENAVISTA,PUESTOS DE SALUD O POSTAS DE SALUD,AREQUIPA,AREQUIPA,LA JOYA,40108,I-1,,ACTIVADO
GOBIERNO REGIONAL,ACCHA,CENTROS DE SALUD O CENTROS MEDICOS,CUSCO,PARURO,ACCHA,81002,I-3,,ACTIVADO
GOBIERNO REGIONAL,UCCHUCCARCCO,PUESTOS DE SALUD O POSTAS DE SALUD,CUSCO,CHUMBIVILCAS,CHAMACA,80703,I-1,,ACTIVADO
GOBIERNO REGIONAL,SAYLLA,PUESTOS DE SALUD O POSTAS DE SALUD,CUSCO,CUSCO,SAYLLA,80107,I-2,,ACTIVADO
GOBIERNO REGIONAL,CENTRO DE SALUD LA CURVA,CENTROS DE SALUD O CENTROS MEDICOS,AREQUIPA,ISLAY,DEAN VALDIVIA,40703,I-3,,ACTIVADO
GOBIERNO REGIONAL,CENTRO DE SALUD LA JOYA,CENTROS DE SALUD O CENTROS MEDICOS,AREQUIPA,AREQUIPA,LA JOYA,40108,I-3,,ACTIVADO
GOBIERNO REGIONAL,PUESTO DE SALUD LOS MEDANOS,PUESTOS DE SALUD O POSTAS DE SALUD,AREQUIPA,AREQUIPA,LA JOYA,40108,I-1,,ACTIVADO
GOBIERNO REGIONAL,QUELLO QUELLO,PUESTOS DE SALUD O POSTAS DE SALUD,CUSCO,CALCA,PISAC,80405,I-1,,ACTIVADO
GOBIERNO REGIONAL,PUESTO DE SALUD MADRIGAL,PUESTOS DE SALUD O POSTAS DE SALUD,AREQUIPA,CAYLLOMA,MADRIGAL,40513,I-1,,ACTIVADO
GOBIERNO REGIONAL,COLCHA,PUESTOS DE SALUD O POSTAS DE SALUD,CUSCO,PARURO,COLCHA,81004,I-1,,ACTIVADO
GOBIERNO REGIONAL,CUYO GRANDE,PUESTOS DE SALUD O POSTAS DE SALUD,CUSCO,CALCA,PISAC,80405,I-1,,ACTIVADO
GOBIERNO REGIONAL,AÑAHUICHI,PUESTOS DE SALUD O POSTAS DE SALUD,CUSCO,CHUMBIVILCAS,CHAMACA,80703,I-2,,ACTIVADO
GOBIERNO REGIONAL,PUESTO DE SALUD EL ARENAL,PUESTOS DE SALUD O POSTAS DE SALUD,AREQUIPA,ISLAY,DEAN VALDIVIA,40703,I-2,,ACTIVADO
GOBIERNO REGIONAL,CENTRO DE SALUD LA PUNTA,CENTROS DE SALUD O CENTROS MEDICOS,AREQUIPA,ISLAY,PUNTA DE BOMBON,40706,I-3,,ACTIVADO
GOBIERNO REGIONAL,RONDOCAN,CENTROS DE SALUD O CENTROS MEDICOS,CUSCO,ACOMAYO,RONDOCAN,80206,I-3,,ACTIVADO
GOBIERNO REGIONAL,SAN SALVADOR,CENTROS DE SALUD O CENTROS MEDICOS,CUSCO,CALCA,SAN SALVADOR,80406,I-3,,ACTIVADO
GOBIERNO REGIONAL,CHILLOROYA - LIVITACA,PUESTOS DE SALUD O POSTAS DE SALUD,CUSCO,CHUMBIVILCAS,LIVITACA,80705,I-1,,ACTIVADO
GOBIERNO REGIONAL,NUEVO PEVAS,PUESTOS DE SALUD O POSTAS DE SALUD,LORETO,MARISCAL RAMON CASTILLA,PEBAS,160402,I-1,,ACTIVADO
GOBIERNO REGIONAL,CENTRO DE SALUD CAYLLOMA,CENTROS DE SALUD O CENTROS MEDICOS,AREQUIPA,CAYLLOMA,CAYLLOMA,40505,I-3,,ACTIVADO
GOBIERNO REGIONAL,PUESTO DE SALUD MACA,PUESTOS DE SALUD O POSTAS DE SALUD,AREQUIPA,CAYLLOMA,MACA,40512,I-1,,ACTIVADO
GOBIERNO REGIONAL,PUESTO DE SALUD LARI,PUESTOS DE SALUD O POSTAS DE SALUD,AREQUIPA,CAYLLOMA,LARI,40510,I-2,,ACTIVADO
GOBIERNO REGIONAL,OROPESA,CENTROS DE SALUD O CENTROS MEDICOS,CUSCO,QUISPICANCHI,OROPESA,81211,I-3,,ACTIVADO
GOBIERNO REGIONAL,SAYLLAFAYA,PUESTOS DE SALUD O POSTAS DE SALUD,CUSCO,CALCA,LAMAY,80403,I-2,,ACTIVADO
GOBIERNO REGIONAL,CENTRO DE SALUD COCACHACRA,CENTROS DE SALUD O CENTROS MEDICOS,AREQUIPA,ISLAY,COCACHACRA,40702,I-3,,ACTIVADO
GOBIERNO REGIONAL,PILLPINTO,PUESTOS DE SALUD O POSTAS DE SALUD,CUSCO,PARURO,PILLPINTO,81008,I-1,,ACTIVADO
GOBIERNO REGIONAL,OMACHA,PUESTOS DE SALUD O POSTAS DE SALUD,CUSCO,PARURO,OMACHA,81006,I-2,,ACTIVADO
GOBIERNO REGIONAL,TOCRA,PUESTOS DE SALUD O POSTAS DE SALUD,CUSCO,PAUCARTAMBO,COLQUEPATA,81104,I-1,,ACTIVADO
GOBIERNO REGIONAL,LUCRE,PUESTOS DE SALUD O POSTAS DE SALUD,CUSCO,QUISPICANCHI,LUCRE,81208,I-2,,ACTIVADO
GOBIERNO REGIONAL,ACOS,PUESTOS DE SALUD O POSTAS DE SALUD,CUSCO,ACOMAYO,ACOS,80203,I-1,,ACTIVADO
GOBIERNO REGIONAL,ANTAPALLPA,PUESTOS DE SALUD O POSTAS DE SALUD,CUSCO,PARURO,OMACHA,81006,I-2,,ACTIVADO
GOBIERNO REGIONAL,SAHUA SAHUA,PUESTOS DE SALUD O POSTAS DE SALUD,CUSCO,PARURO,OMACHA,81006,I-1,,ACTIVADO
GOBIERNO REGIONAL,HUASAC,PUESTOS DE SALUD O POSTAS DE SALUD,CUSCO,PAUCARTAMBO,CAICAY,81102,I-1,,ACTIVADO
GOBIERNO REGIONAL,PUESTO DE SALUD EL FISCAL,PUESTOS DE SALUD O POSTAS DE SALUD,AREQUIPA,ISLAY,COCACHACRA,40702,I-1,,ACTIVADO
GOBIERNO REGIONAL,SANTA  LUCIA,PUESTOS DE SALUD O POSTAS DE SALUD,CUSCO,ACOMAYO,POMACANCHI,80205,I-1,,ACTIVADO
GOBIERNO REGIONAL,SAN FRANCISCO DE PEVAS,PUESTOS DE SALUD O POSTAS DE SALUD,LORETO,MARISCAL RAMON CASTILLA,PEBAS,160402,I-1,,ACTIVADO
GOBIERNO REGIONAL,PUESTO DE SALUD ACHOMA,PUESTOS DE SALUD O POSTAS DE SALUD,AREQUIPA,CAYLLOMA,ACHOMA,40502,I-2,,ACTIVADO
GOBIERNO REGIONAL,CAICAY,PUESTOS DE SALUD O POSTAS DE SALUD,CUSCO,PAUCARTAMBO,CAICAY,81102,I-1,,ACTIVADO
GOBIERNO REGIONAL,TIRACANCHA,PUESTOS DE SALUD O POSTAS DE SALUD,CUSCO,CALCA,SAN SALVADOR,80406,I-1,,ACTIVADO
GOBIERNO REGIONAL,LIVITACA,CENTROS DE SALUD CON CAMAS DE INTERNAMIENTO,CUSCO,CHUMBIVILCAS,LIVITACA,80705,I-4,,ACTIVADO
GOBIERNO REGIONAL,KISIO,PUESTOS DE SALUD O POSTAS DE SALUD,CUSCO,CHUMBIVILCAS,LIVITACA,80705,I-1,,ACTIVADO
GOBIERNO REGIONAL,PUESTO DE SALUD ICHUPAMPA,PUESTOS DE SALUD O POSTAS DE SALUD,AREQUIPA,CAYLLOMA,ICHUPAMPA,40509,I-2,,ACTIVADO
GOBIERNO REGIONAL,ACOMAYO,CENTROS DE SALUD CON CAMAS DE INTERNAMIENTO,CUSCO,ACOMAYO,ACOMAYO,80201,I-4,,ACTIVADO
GOBIERNO REGIONAL,PUESTO DE SALUD YURA,PUESTOS DE SALUD O POSTAS DE SALUD,AREQUIPA,AREQUIPA,YURA,40128,I-2,,ACTIVADO
GOBIERNO REGIONAL,ANDAHUAYLILLAS,PUESTOS DE SALUD O POSTAS DE SALUD,CUSCO,QUISPICANCHI,ANDAHUAYLILLAS,81202,I-2,,ACTIVADO
GOBIERNO REGIONAL,COLQUEPATA,PUESTOS DE SALUD O POSTAS DE SALUD,CUSCO,PAUCARTAMBO,COLQUEPATA,81104,I-2,,ACTIVADO
GOBIERNO REGIONAL,PUESTO DE SALUD UCHUMAYO,PUESTOS DE SALUD O POSTAS DE SALUD,AREQUIPA,AREQUIPA,UCHUMAYO,40124,I-1,,ACTIVADO
GOBIERNO REGIONAL,SAN JUAN DE POMACANCHI,PUESTOS DE SALUD O POSTAS DE SALUD,CUSCO,ACOMAYO,POMACANCHI,80205,I-1,,ACTIVADO
GOBIERNO REGIONAL,URPAY,PUESTOS DE SALUD O POSTAS DE SALUD,CUSCO,QUISPICANCHI,HUARO,81207,I-1,,ACTIVADO
GOBIERNO REGIONAL,PUESTO DE SALUD YANQUE,PUESTOS DE SALUD O POSTAS DE SALUD,AREQUIPA,CAYLLOMA,YANQUE,40519,I-1,,ACTIVADO
GOBIERNO REGIONAL,HUARA HUARA,PUESTOS DE SALUD O POSTAS DE SALUD,CUSCO,QUISPICANCHI,CCATCA,81205,I-1,,ACTIVADO
GOBIERNO REGIONAL,VIZCOCHONI,PUESTOS DE SALUD O POSTAS DE SALUD,CUSCO,PAUCARTAMBO,COLQUEPATA,81104,I-2,,ACTIVADO
GOBIERNO REGIONAL,HUANCARANI,CENTROS DE SALUD CON CAMAS DE INTERNAMIENTO,CUSCO,PAUCARTAMBO,HUANCARANI,81105,I-4,,ACTIVADO
GOBIERNO REGIONAL,CHALLABAMBA,CENTROS DE SALUD O CENTROS MEDICOS,CUSCO,PAUCARTAMBO,CHALLABAMBA,81103,I-3,,ACTIVADO
GOBIERNO REGIONAL,PATAQUEÑA -LIVITACA,PUESTOS DE SALUD O POSTAS DE SALUD,CUSCO,CHUMBIVILCAS,LIVITACA,80705,I-1,,ACTIVADO
GOBIERNO REGIONAL,PUESTO DE SALUD COPORAQUE,PUESTOS DE SALUD O POSTAS DE SALUD,AREQUIPA,CAYLLOMA,COPORAQUE,40506,I-2,,ACTIVADO
GOBIERNO REGIONAL,SUYKUTAMBO,PUESTOS DE SALUD O POSTAS DE SALUD,CUSCO,ESPINAR,SUYCKUTAMBO,80807,I-2,,ACTIVADO
GOBIERNO REGIONAL,TAYACOME,PUESTOS DE SALUD O POSTAS DE SALUD,MADRE DE DIOS,MANU,FITZCARRALD,170202,I-2,,ACTIVADO
GOBIERNO REGIONAL,HUARO,PUESTOS DE SALUD O POSTAS DE SALUD,CUSCO,QUISPICANCHI,HUARO,81207,I-2,,ACTIVADO
GOBIERNO REGIONAL,PUESTO DE SALUD LA PASCANA,PUESTOS DE SALUD O POSTAS DE SALUD,AREQUIPA,ISLAY,COCACHACRA,40702,I-1,,ACTIVADO
GOBIERNO REGIONAL,PUESTO DE SALUD EL TORO,PUESTOS DE SALUD O POSTAS DE SALUD,AREQUIPA,ISLAY,COCACHACRA,40702,I-1,,ACTIVADO
GOBIERNO REGIONAL,SAN JOSE DE COCHIQUINAS,PUESTOS DE SALUD O POSTAS DE SALUD,LORETO,MARISCAL RAMON CASTILLA,PEBAS,160402,I-1,,ACTIVADO
GOBIERNO REGIONAL,URINSAYA,PUESTOS DE SALUD O POSTAS DE SALUD,CUSCO,ESPINAR,COPORAQUE,80803,I-2,,ACTIVADO
GOBIERNO REGIONAL,URCOS,CENTROS DE SALUD CON CAMAS DE INTERNAMIENTO,CUSCO,QUISPICANCHI,URCOS,81201,I-4,,ACTIVADO
GOBIERNO REGIONAL,CENTRO DE SALUD CONGATA,CENTROS DE SALUD O CENTROS MEDICOS,AREQUIPA,AREQUIPA,UCHUMAYO,40124,I-3,,ACTIVADO
GOBIERNO REGIONAL,CENTRO DE SALUD CIUDAD DE DIOS,CENTROS DE SALUD O CENTROS MEDICOS,AREQUIPA,AREQUIPA,YURA,40128,I-3,,ACTIVADO
GOBIERNO REGIONAL,CENTRO DE SALUD CERRO VERDE,CENTROS DE SALUD O CENTROS MEDICOS,AREQUIPA,AREQUIPA,UCHUMAYO,40124,I-3,,ACTIVADO
GOBIERNO REGIONAL,PUESTO DE SALUD EL CURAL,PUESTOS DE SALUD O POSTAS DE SALUD,AREQUIPA,AREQUIPA,CERRO COLORADO,40104,I-1,,ACTIVADO
GOBIERNO REGIONAL,SANGARARA,PUESTOS DE SALUD O POSTAS DE SALUD,CUSCO,ACOMAYO,SANGARARA,80207,I-1,,ACTIVADO
GOBIERNO REGIONAL,PUESTO DE SALUD PERUARBO,PUESTOS DE SALUD O POSTAS DE SALUD,AREQUIPA,AREQUIPA,CERRO COLORADO,40104,I-2,,ACTIVADO
GOBIERNO REGIONAL,CENTRO DE SALUD CHIVAY,CENTROS DE SALUD CON CAMAS DE INTERNAMIENTO,AREQUIPA,CAYLLOMA,CHIVAY,40501,I-4,,ACTIVADO
ESSALUD,POSTA MEDICA CHIVAY,PUESTOS DE SALUD O POSTAS DE SALUD,AREQUIPA,CAYLLOMA,CHIVAY,40501,I-2,0.0,ACTIVADO
GOBIERNO REGIONAL,PUESTO DE SALUD CIUDAD MUNICIPAL,PUESTOS DE SALUD O POSTAS DE SALUD,AREQUIPA,AREQUIPA,CERRO COLORADO,40104,I-2,,ACTIVADO
GOBIERNO REGIONAL,PAUCARTAMBO,CENTROS DE SALUD CON CAMAS DE INTERNAMIENTO,CUSCO,PAUCARTAMBO,PAUCARTAMBO,81101,I-4,,ACTIVADO
GOBIERNO REGIONAL,CENTRO DE SALUD TIABAYA,CENTROS DE SALUD O CENTROS MEDICOS,AREQUIPA,AREQUIPA,TIABAYA,40123,I-3,,ACTIVADO
GOBIERNO REGIONAL,AYRE,PUESTOS DE SALUD O POSTAS DE SALUD,CUSCO,PAUCARTAMBO,COLQUEPATA,81104,I-1,,ACTIVADO
GOBIERNO REGIONAL,SAN ANTONIO - BAJO AMAZONAS,PUESTOS DE SALUD O POSTAS DE SALUD,LORETO,MARISCAL RAMON CASTILLA,SAN PABLO,160404,I-1,,ACTIVADO
GOBIERNO REGIONAL,SURIMANA,PUESTOS DE SALUD O POSTAS DE SALUD,CUSCO,CANAS,TUPAC AMARU,80508,I-1,,ACTIVADO
GOBIERNO REGIONAL,CENTRO DE SALUD SEMI RURAL PACHACUTEC,PUESTOS DE SALUD O POSTAS DE SALUD,AREQUIPA,AREQUIPA,CERRO COLORADO,40104,I-3,,ACTIVADO
GOBIERNO REGIONAL,PUESTO DE SALUD PAMPA DE CAMARONES,PUESTOS DE SALUD O POSTAS DE SALUD,AREQUIPA,AREQUIPA,SACHACA,40117,I-2,,ACTIVADO
GOBIERNO REGIONAL,AUSANTA,PUESTOS DE SALUD O POSTAS DE SALUD,CUSCO,CHUMBIVILCAS,LIVITACA,80705,I-1,,ACTIVADO
GOBIERNO REGIONAL,CENTRO DE SALUD ALTO LIBERTAD,CENTROS DE SALUD O CENTROS MEDICOS,AREQUIPA,AREQUIPA,CERRO COLORADO,40104,I-3,,ACTIVADO
GOBIERNO REGIONAL,POMACANCHI,CENTROS DE SALUD CON CAMAS DE INTERNAMIENTO,CUSCO,ACOMAYO,POMACANCHI,80205,I-4,,ACTIVADO
GOBIERNO REGIONAL,CENTRO DE SALUD MARISCAL CASTILLA,CENTROS DE SALUD O CENTROS MEDICOS,AREQUIPA,AREQUIPA,CERRO COLORADO,40104,I-3,,ACTIVADO
GOBIERNO REGIONAL,PUESTO DE SALUD JOSE S. ATAHUALPA,PUESTOS DE SALUD O POSTAS DE SALUD,AREQUIPA,AREQUIPA,CERRO COLORADO,40104,I-2,,ACTIVADO
GOBIERNO REGIONAL,PUESTO DE SALUD SACHACA,PUESTOS DE SALUD O POSTAS DE SALUD,AREQUIPA,AREQUIPA,SACHACA,40117,I-2,,ACTIVADO
GOBIERNO REGIONAL,PUESTO DE SALUD CAMINOS DEL INCA,PUESTOS DE SALUD O POSTAS DE SALUD,AREQUIPA,AREQUIPA,JACOBO HUNTER,40107,I-2,,ACTIVADO
GOBIERNO REGIONAL,MARITZA CAMPOS DIAZ - ZAMACOLA,CENTROS DE SALUD CON CAMAS DE INTERNAMIENTO,AREQUIPA,AREQUIPA,CERRO COLORADO,40104,I-4,12.0,ACTIVADO
GOBIERNO REGIONAL,MARCACONGA,PUESTOS DE SALUD O POSTAS DE SALUD,CUSCO,ACOMAYO,SANGARARA,80207,I-2,,ACTIVADO
ESSALUD,POSTA MEDICA CONO NORTE,PUESTOS DE SALUD O POSTAS DE SALUD,AREQUIPA,AREQUIPA,CERRO COLORADO,40104,I-2,,ACTIVADO
GOBIERNO REGIONAL,PUESTO DE SALUD CANOCOTA,PUESTOS DE SALUD O POSTAS DE SALUD,AREQUIPA,CAYLLOMA,CHIVAY,40501,I-1,,ACTIVADO
GOBIERNO REGIONAL,CCATCCA,CENTROS DE SALUD CON CAMAS DE INTERNAMIENTO,CUSCO,QUISPICANCHI,CCATCA,81205,I-4,,ACTIVADO
GOBIERNO REGIONAL,PUESTO DE SALUD MARGEN DERECHA,PUESTOS DE SALUD O POSTAS DE SALUD,AREQUIPA,AREQUIPA,CERRO COLORADO,40104,I-2,,ACTIVADO
GOBIERNO REGIONAL,CENTRO DE SALUD CERRO COLORADO,CENTROS DE SALUD O CENTROS MEDICOS,AREQUIPA,AREQUIPA,CERRO COLORADO,40104,I-3,,ACTIVADO
GOBIERNO REGIONAL,PUESTO DE SALUD AMPLIACION PAMPAS DEL CUZCO,PUESTOS DE SALUD O POSTAS DE SALUD,AREQUIPA,AREQUIPA,JACOBO HUNTER,40107,I-2,,ACTIVADO
GOBIERNO REGIONAL,PUESTO DE SALUD UPIS PAISAJISTA,PUESTOS DE SALUD O POSTAS DE SALUD,AREQUIPA,AREQUIPA,JACOBO HUNTER,40107,I-2,,ACTIVADO
GOBIERNO REGIONAL,PUESTO DE SALUD SAN JOSE,PUESTOS DE SALUD O POSTAS DE SALUD,AREQUIPA,AREQUIPA,CAYMA,40103,I-2,,ACTIVADO
GOBIERNO REGIONAL,CENTRO DE SALUD JAVIER LLOSA GARCIA -  HUNTER,CENTROS DE SALUD CON CAMAS DE INTERNAMIENTO,AREQUIPA,AREQUIPA,JACOBO HUNTER,40107,I-4,,ACTIVADO
GOBIERNO REGIONAL,PUESTO DE SALUD ALTO ALIANZA,PUESTOS DE SALUD O POSTAS DE SALUD,AREQUIPA,AREQUIPA,JACOBO HUNTER,40107,I-2,,ACTIVADO
GOBIERNO REGIONAL,PUESTO DE SALUD CHILPINILLA,PUESTOS DE SALUD O POSTAS DE SALUD,AREQUIPA,AREQUIPA,JACOBO HUNTER,40107,I-2,,ACTIVADO
GOBIERNO REGIONAL,PUESTO DE SALUD TUTI,PUESTOS DE SALUD O POSTAS DE SALUD,AREQUIPA,CAYLLOMA,TUTI,40518,I-2,,ACTIVADO
GOBIERNO REGIONAL,PUESTO DE SALUD DANIEL ALCIDES CARRION,PUESTOS DE SALUD O POSTAS DE SALUD,AREQUIPA,AREQUIPA,JACOBO HUNTER,40107,I-2,,ACTIVADO
GOBIERNO REGIONAL,PUESTO DE SALUD NAZARENO,PUESTOS DE SALUD O POSTAS DE SALUD,AREQUIPA,AREQUIPA,CERRO COLORADO,40104,I-2,,ACTIVADO
GOBIERNO REGIONAL,CENTRO DE SALUD BUENOS AIRES DE CAYMA,CENTROS DE SALUD O CENTROS MEDICOS,AREQUIPA,AREQUIPA,CAYMA,40103,I-3,,ACTIVADO
GOBIERNO REGIONAL,PICHIHUA COLQUEPATA,PUESTOS DE SALUD O POSTAS DE SALUD,CUSCO,PAUCARTAMBO,COLQUEPATA,81104,I-1,,ACTIVADO
GOBIERNO REGIONAL,PUESTO DE SALUD DEAN VALDIVIA,PUESTOS DE SALUD O POSTAS DE SALUD,AREQUIPA,AREQUIPA,CAYMA,40103,I-2,,ACTIVADO
GOBIERNO REGIONAL,PUESTO DE SALUD LA TOMILLA,PUESTOS DE SALUD O POSTAS DE SALUD,AREQUIPA,AREQUIPA,CAYMA,40103,I-2,,ACTIVADO
ESSALUD,HOSPITAL III YANAHUARA,HOSPITALES O CLINICAS DE ATENCION GENERAL,AREQUIPA,AREQUIPA,YANAHUARA,40126,II-2,161.0,ACTIVADO
GOBIERNO REGIONAL,PUESTO DE SALUD CERRO JULI,PUESTOS DE SALUD O POSTAS DE SALUD,AREQUIPA,AREQUIPA,JOSE LUIS BUSTAMANTE Y RIVERO,40129,I-2,,ACTIVADO
GOBIERNO REGIONAL,CENTRO DE SALUD FRANCISCO BOLOGNESI,CENTROS DE SALUD O CENTROS MEDICOS,AREQUIPA,AREQUIPA,CAYMA,40103,I-3,,ACTIVADO
GOBIERNO REGIONAL,PUESTO DE SALUD RAFAEL BELAUNDE,PUESTOS DE SALUD O POSTAS DE SALUD,AREQUIPA,AREQUIPA,CAYMA,40103,I-2,,ACTIVADO
GOBIERNO REGIONAL,TOCCOCCORI,PUESTOS DE SALUD O POSTAS DE SALUD,CUSCO,CANAS,TUPAC AMARU,80508,I-2,,ACTIVADO
GOBIERNO REGIONAL,QUIQUIJANA,CENTROS DE SALUD CON CAMAS DE INTERNAMIENTO,CUSCO,QUISPICANCHI,QUIQUIJANA,81212,I-4,,ACTIVADO
GOBIERNO REGIONAL,CENTRO DE SALUD YANAHUARA,CENTROS DE SALUD O CENTROS MEDICOS,AREQUIPA,AREQUIPA,YANAHUARA,40126,I-3,,ACTIVADO
GOBIERNO REGIONAL,PUESTO DE SALUD SALAVERRY,PUESTOS DE SALUD O POSTAS DE SALUD,AREQUIPA,AREQUIPA,SOCABAYA,40122,I-2,,ACTIVADO
GOBIERNO REGIONAL,PUESTO DE SALUD CIUDAD MI TRABAJO,PUESTOS DE SALUD O POSTAS DE SALUD,AREQUIPA,AREQUIPA,SOCABAYA,40122,I-2,,ACTIVADO
GOBIERNO REGIONAL,HOSPITAL REGIONAL HONORIO DELGADO ESPINOZA,HOSPITALES O CLINICAS DE ATENCION ESPECIALIZADA,AREQUIPA,AREQUIPA,AREQUIPA,40101,III-1,673.0,ACTIVADO
GOBIERNO REGIONAL,HUAYHUAHUASI,PUESTOS DE SALUD O POSTAS DE SALUD,CUSCO,ESPINAR,COPORAQUE,80803,I-2,,ACTIVADO
ESSALUD,HOSPITAL NACIONAL III-1 CARLOS ALBERTO SEGUÍN ESCOBEDO,HOSPITALES O CLINICAS DE ATENCION GENERAL,AREQUIPA,AREQUIPA,AREQUIPA,40101,III-1,372.0,ACTIVADO
ESSALUD,POLICLINICO METROPOLITANO ESSALUD,POLICLINICOS,AREQUIPA,AREQUIPA,AREQUIPA,40101,I-3,0.0,ACTIVADO
GOBIERNO REGIONAL,PUESTO DE SALUD 13 DE ENERO,PUESTOS DE SALUD O POSTAS DE SALUD,AREQUIPA,AREQUIPA,JOSE LUIS BUSTAMANTE Y RIVERO,40129,I-2,,ACTIVADO
GOBIERNO REGIONAL,INSTITUTO REGIONAL DE ENFERMEDADES NEOPASICAS,INSTITUTOS DE SALUD ESPECIALIZADOS,AREQUIPA,AREQUIPA,AREQUIPA,40101,III-2,25.0,ACTIVADO
GOBIERNO REGIONAL,COPORAQUE,PUESTOS DE SALUD O POSTAS DE SALUD,CUSCO,ESPINAR,COPORAQUE,80803,I-2,,ACTIVADO
ESSALUD,CAP III MELITON SALAS TEJADA,CENTROS DE SALUD O CENTROS MEDICOS,AREQUIPA,AREQUIPA,SOCABAYA,40122,I-3,0.0,ACTIVADO
GOBIERNO REGIONAL,CENTRO DE SALUD SAN MARTIN DE SOCABAYA,CENTROS DE SALUD O CENTROS MEDICOS,AREQUIPA,AREQUIPA,SOCABAYA,40122,I-3,,ACTIVADO
GOBIERNO REGIONAL,LABORATORIO REFERENCIAL REGIONAL AREQUIPA,PATOLOGIA CLINICA,AREQUIPA,AREQUIPA,AREQUIPA,40101,Sin Categoría,,ACTIVADO
GOBIERNO REGIONAL,HOSPITAL III GOYENECHE,HOSPITALES O CLINICAS DE ATENCION GENERAL,AREQUIPA,AREQUIPA,AREQUIPA,40101,III-1,250.0,ACTIVADO
GOBIERNO REGIONAL,PUESTO DE SALUD SAN FERNANDO,PUESTOS DE SALUD O POSTAS DE SALUD,AREQUIPA,AREQUIPA,SOCABAYA,40122,I-2,,ACTIVADO
GOBIERNO REGIONAL,KCAURY,PUESTOS DE SALUD O POSTAS DE SALUD,CUSCO,QUISPICANCHI,CCATCA,81205,I-2,,ACTIVADO
GOBIERNO REGIONAL,PUESTO DE SALUD LARA,PUESTOS DE SALUD O POSTAS DE SALUD,AREQUIPA,AREQUIPA,SOCABAYA,40122,I-2,,ACTIVADO
GOBIERNO REGIONAL,PUESTO DE SALUD HEROES DEL CENEPA,PUESTOS DE SALUD O POSTAS DE SALUD,AREQUIPA,AREQUIPA,ALTO SELVA ALEGRE,40102,I-2,,ACTIVADO
GOBIERNO REGIONAL,CENTRO DE SALUD INDEPENDENCIA,CENTROS DE SALUD O CENTROS MEDICOS,AREQUIPA,AREQUIPA,ALTO SELVA ALEGRE,40102,I-3,,ACTIVADO
GOBIERNO REGIONAL,CENTRO DE SALUD MIRAFLORES,CENTROS DE SALUD O CENTROS MEDICOS,AREQUIPA,AREQUIPA,MIRAFLORES,40110,I-3,,ACTIVADO
GOBIERNO REGIONAL,COLCA QUIQUIJANA,PUESTOS DE SALUD O POSTAS DE SALUD,CUSCO,QUISPICANCHI,QUIQUIJANA,81212,I-1,,ACTIVADO
GOBIERNO REGIONAL,PUESTO DE SALUD FELIX NAQUIRA VILDOSO,PUESTOS DE SALUD O POSTAS DE SALUD,AREQUIPA,AREQUIPA,JOSE LUIS BUSTAMANTE Y RIVERO,40129,I-2,,ACTIVADO
GOBIERNO REGIONAL,PUESTO DE SALUD TARUCAMARCA,PUESTOS DE SALUD O POSTAS DE SALUD,AREQUIPA,CAYLLOMA,TISCO,40517,I-2,,ACTIVADO
GOBIERNO REGIONAL,CENTRO DE SALUD MATEO PUMACAHUA,CENTROS DE SALUD O CENTROS MEDICOS,AREQUIPA,AREQUIPA,MIRAFLORES,40110,I-3,,ACTIVADO
GOBIERNO REGIONAL,PUESTO DE SALUD SAN JUAN BAUTISTA,PUESTOS DE SALUD O POSTAS DE SALUD,AREQUIPA,AREQUIPA,ALTO SELVA ALEGRE,40102,I-2,,ACTIVADO
GOBIERNO REGIONAL,CENTRO DE SALUD ALTO SELVA ALEGRE,CENTROS DE SALUD O CENTROS MEDICOS,AREQUIPA,AREQUIPA,ALTO SELVA ALEGRE,40102,I-3,,ACTIVADO
GOBIERNO REGIONAL,PAMPACAMARA,PUESTOS DE SALUD O POSTAS DE SALUD,CUSCO,QUISPICANCHI,CCATCA,81205,I-2,,ACTIVADO
GOBIERNO REGIONAL,CENTRO DE SALUD VICTOR RAUL HINOJOSA,CENTROS DE SALUD O CENTROS MEDICOS,AREQUIPA,AREQUIPA,JOSE LUIS BUSTAMANTE Y RIVERO,40129,I-3,,ACTIVADO
GOBIERNO REGIONAL,CENTRO DE SALUD MANUEL PRADO,CENTROS DE SALUD O CENTROS MEDICOS,AREQUIPA,AREQUIPA,PAUCARPATA,40112,I-3,,ACTIVADO
ESSALUD,CAP III ALTO SELVA ALEGRE,POLICLINICOS,AREQUIPA,AREQUIPA,ALTO SELVA ALEGRE,40102,I-3,0.0,ACTIVADO
GOBIERNO REGIONAL,CENTRO DE SALUD LAS ESMERALDAS,CENTROS DE SALUD O CENTROS MEDICOS,AREQUIPA,AREQUIPA,JOSE LUIS BUSTAMANTE Y RIVERO,40129,I-3,,ACTIVADO
GOBIERNO REGIONAL,CENTRO DE SALUD MARIANO MELGAR,CENTROS DE SALUD CON CAMAS DE INTERNAMIENTO,AREQUIPA,AREQUIPA,MARIANO MELGAR,40109,I-4,,ACTIVADO
GOBIERNO REGIONAL,CENTRO DE SALUD EDIFICADORES MISTI,CENTROS DE SALUD CON CAMAS DE INTERNAMIENTO,AREQUIPA,AREQUIPA,MIRAFLORES,40110,I-4,,ACTIVADO
GOBIERNO REGIONAL,CENTRO DE SALUD APURIMAC,CENTROS DE SALUD O CENTROS MEDICOS,AREQUIPA,AREQUIPA,ALTO SELVA ALEGRE,40102,I-3,,ACTIVADO
GOBIERNO REGIONAL,MOLLOMARCA,PUESTOS DE SALUD O POSTAS DE SALUD,CUSCO,PAUCARTAMBO,PAUCARTAMBO,81101,I-2,,ACTIVADO
ESSALUD,HOSPITAL I EDMUNDO ESCOMEL,HOSPITALES O CLINICAS DE ATENCION GENERAL,AREQUIPA,AREQUIPA,PAUCARPATA,40112,I-4,48.0,ACTIVADO
GOBIERNO REGIONAL,CENTRO DE SALUD PORVENIR MIRAFLORES,CENTROS DE SALUD O CENTROS MEDICOS,AREQUIPA,AREQUIPA,MIRAFLORES,40110,I-3,,ACTIVADO
GOBIERNO REGIONAL,PUESTO DE SALUD LEONES DEL MISTI,PUESTOS DE SALUD O POSTAS DE SALUD,AREQUIPA,AREQUIPA,ALTO SELVA ALEGRE,40102,I-2,,ACTIVADO
GOBIERNO REGIONAL,CENTRO DE SALUD AMPLIAC. PAUCARPATA,CENTROS DE SALUD CON CAMAS DE INTERNAMIENTO,AREQUIPA,AREQUIPA,PAUCARPATA,40112,I-4,,ACTIVADO
GOBIERNO REGIONAL,CHICHINA,PUESTOS DE SALUD O POSTAS DE SALUD,CUSCO,QUISPICANCHI,CCATCA,81205,I-1,,ACTIVADO
GOBIERNO REGIONAL,CUSIPATA,CENTROS DE SALUD O CENTROS MEDICOS,CUSCO,QUISPICANCHI,CUSIPATA,81206,I-3,,ACTIVADO
GOBIERNO REGIONAL,PUESTO DE SALUD ATALAYA,PUESTOS DE SALUD O POSTAS DE SALUD,AREQUIPA,AREQUIPA,MARIANO MELGAR,40109,I-2,,ACTIVADO
GOBIERNO REGIONAL,PUESTO DE SALUD TOMASA T. COMDEMAYTA,PUESTOS DE SALUD O POSTAS DE SALUD,AREQUIPA,AREQUIPA,MIRAFLORES,40110,I-2,,ACTIVADO
GOBIERNO REGIONAL,CENTRO DE SALUD 15 DE AGOSTO,CENTROS DE SALUD O CENTROS MEDICOS,AREQUIPA,AREQUIPA,PAUCARPATA,40112,I-3,,ACTIVADO
GOBIERNO REGIONAL,PUESTO DE SALUD MACHAHUAYA,PUESTOS DE SALUD O POSTAS DE SALUD,AREQUIPA,AREQUIPA,MOLLEBAYA,40111,I-2,,ACTIVADO
GOBIERNO REGIONAL,PONGOÑA,PUESTOS DE SALUD O POSTAS DE SALUD,CUSCO,CANAS,YANAOCA,80501,I-2,,ACTIVADO
GOBIERNO REGIONAL,CENTRO DE SALUD GENERALISIMO SAN MARTIN,CENTROS DE SALUD O CENTROS MEDICOS,AREQUIPA,AREQUIPA,MARIANO MELGAR,40109,I-3,,ACTIVADO
GOBIERNO REGIONAL,CENTRO DE SALUD CAMPO MARTE,CENTROS DE SALUD O CENTROS MEDICOS,AREQUIPA,AREQUIPA,PAUCARPATA,40112,I-3,,ACTIVADO
GOBIERNO REGIONAL,PUESTO DE SALUD LEOPOLDO RONDON - SABANDIA,PUESTOS DE SALUD O POSTAS DE SALUD,AREQUIPA,AREQUIPA,SABANDIA,40116,I-2,,ACTIVADO
GOBIERNO REGIONAL,PUESTO DE SALUD ALTO JESUS,PUESTOS DE SALUD O POSTAS DE SALUD,AREQUIPA,AREQUIPA,PAUCARPATA,40112,I-2,,ACTIVADO
GOBIERNO REGIONAL,PUESTO DE SALUD MIGUEL GRAU  MODULO A,PUESTOS DE SALUD O POSTAS DE SALUD,AREQUIPA,AREQUIPA,PAUCARPATA,40112,I-2,,ACTIVADO
GOBIERNO REGIONAL,HUINCHIRI,PUESTOS DE SALUD O POSTAS DE SALUD,CUSCO,CANAS,QUEHUE,80507,I-2,,ACTIVADO
GOBIERNO REGIONAL,PUESTO DE SALUD EL MIRADOR,PUESTOS DE SALUD O POSTAS DE SALUD,AREQUIPA,AREQUIPA,MARIANO MELGAR,40109,I-2,,ACTIVADO
GOBIERNO REGIONAL,ACOPIA,PUESTOS DE SALUD O POSTAS DE SALUD,CUSCO,ACOMAYO,ACOPIA,80202,I-1,,ACTIVADO
GOBIERNO REGIONAL,CENTRO DE SALUD CIUDAD BLANCA,CENTROS DE SALUD O CENTROS MEDICOS,AREQUIPA,AREQUIPA,PAUCARPATA,40112,I-3,,ACTIVADO
GOBIERNO REGIONAL,CENTRO DE SALUD NUEVA ALBORADA,CENTROS DE SALUD O CENTROS MEDICOS,AREQUIPA,AREQUIPA,PAUCARPATA,40112,I-3,,ACTIVADO
GOBIERNO REGIONAL,PUESTO DE SALUD JERUSALEN,PUESTOS DE SALUD O POSTAS DE SALUD,AREQUIPA,AREQUIPA,MARIANO MELGAR,40109,I-2,,ACTIVADO
GOBIERNO REGIONAL,CHITIBAMBA,PUESTOS DE SALUD O POSTAS DE SALUD,CUSCO,CANAS,CHECCA,80502,I-1,,ACTIVADO
GOBIERNO REGIONAL,CENTRO DE SALUD DE CHARACATO,CENTROS DE SALUD O CENTROS MEDICOS,AREQUIPA,AREQUIPA,CHARACATO,40105,I-3,,ACTIVADO
GOBIERNO REGIONAL,CENTRO DE SALUD MIGUEL GRAU  B,CENTROS DE SALUD O CENTROS MEDICOS,AREQUIPA,AREQUIPA,PAUCARPATA,40112,I-3,,ACTIVADO
GOBIERNO REGIONAL,PUESTO DE SALUD ISRAEL,PUESTOS DE SALUD O POSTAS DE SALUD,AREQUIPA,AREQUIPA,PAUCARPATA,40112,I-2,,ACTIVADO
GOBIERNO REGIONAL,CENTRO DE SALUD SAN JUAN DE CIUDAD BLANCA,CENTROS DE SALUD O CENTROS MEDICOS,AREQUIPA,AREQUIPA,PAUCARPATA,40112,I-3,,ACTIVADO
GOBIERNO REGIONAL,HAMPATURA,PUESTOS DE SALUD O POSTAS DE SALUD,CUSCO,CANAS,YANAOCA,80501,I-1,,ACTIVADO
GOBIERNO REGIONAL,TUNGASUCA,PUESTOS DE SALUD O POSTAS DE SALUD,CUSCO,CANAS,TUPAC AMARU,80508,I-2,,ACTIVADO
GOBIERNO REGIONAL,PUESTO DE SALUD YARABAMBA,PUESTOS DE SALUD O POSTAS DE SALUD,AREQUIPA,AREQUIPA,YARABAMBA,40127,I-2,,ACTIVADO
GOBIERNO REGIONAL,PUESTO DE SALUD VILLA JESUS,PUESTOS DE SALUD O POSTAS DE SALUD,AREQUIPA,AREQUIPA,PAUCARPATA,40112,I-2,,ACTIVADO
GOBIERNO REGIONAL,MOSOCLLACTA,PUESTOS DE SALUD O POSTAS DE SALUD,CUSCO,ACOMAYO,MOSOC LLACTA,80204,I-1,,ACTIVADO
GOBIERNO REGIONAL,PUESTO DE SALUD MOLLEBAYA,PUESTOS DE SALUD O POSTAS DE SALUD,AREQUIPA,AREQUIPA,MOLLEBAYA,40111,I-1,,ACTIVADO
GOBIERNO REGIONAL,PAMPAMARCA,PUESTOS DE SALUD O POSTAS DE SALUD,CUSCO,CANAS,PAMPAMARCA,80506,I-2,,ACTIVADO
GOBIERNO REGIONAL,PUESTO DE SALUD SANTA ROSA DE SIBAYO,PUESTOS DE SALUD O POSTAS DE SALUD,AREQUIPA,CAYLLOMA,SIBAYO,40515,I-2,,ACTIVADO
GOBIERNO REGIONAL,CCAPANA,PUESTOS DE SALUD O POSTAS DE SALUD,CUSCO,QUISPICANCHI,CCATCA,81205,I-1,,ACTIVADO
GOBIERNO REGIONAL,QUEHUE,PUESTOS DE SALUD O POSTAS DE SALUD,CUSCO,CANAS,QUEHUE,80507,I-2,,ACTIVADO
GOBIERNO REGIONAL,CHECACUPE,PUESTOS DE SALUD O POSTAS DE SALUD,CUSCO,CANCHIS,CHECACUPE,80602,I-2,,ACTIVADO
GOBIERNO REGIONAL,PUESTO DE SALUD QUEQUEÑA,PUESTOS DE SALUD O POSTAS DE SALUD,AREQUIPA,AREQUIPA,QUEQUEÑA,40115,I-2,,ACTIVADO
GOBIERNO REGIONAL,PUESTO DE SALUD TISCO,PUESTOS DE SALUD O POSTAS DE SALUD,AREQUIPA,CAYLLOMA,TISCO,40517,I-2,,ACTIVADO
GOBIERNO REGIONAL,CENTRO DE SALUD CALLALLI,CENTROS DE SALUD O CENTROS MEDICOS,AREQUIPA,CAYLLOMA,CALLALLI,40504,I-3,,ACTIVADO
GOBIERNO REGIONAL,COMBAPATA CANCHIS,CENTROS DE SALUD CON CAMAS DE INTERNAMIENTO,CUSCO,CANCHIS,COMBAPATA,80603,I-4,,ACTIVADO
GOBIERNO REGIONAL,YANAOCA,CENTROS DE SALUD CON CAMAS DE INTERNAMIENTO,CUSCO,CANAS,YANAOCA,80501,I-4,,ACTIVADO
GOBIERNO REGIONAL,BETANIA,PUESTOS DE SALUD O POSTAS DE SALUD,LORETO,PUTUMAYO,PUTUMAYO,160801,I-1,,ACTIVADO
GOBIERNO REGIONAL,PATRIA,PUESTOS DE SALUD O POSTAS DE SALUD,CUSCO,PAUCARTAMBO,KOSÑIPATA,81106,I-2,,ACTIVADO
GOBIERNO REGIONAL,CHILLIHUANI,PUESTOS DE SALUD O POSTAS DE SALUD,CUSCO,QUISPICANCHI,CUSIPATA,81206,I-1,,ACTIVADO
GOBIERNO REGIONAL,PITUMARCA,CENTROS DE SALUD O CENTROS MEDICOS,CUSCO,CANCHIS,PITUMARCA,80605,I-3,,ACTIVADO
GOBIERNO REGIONAL,PUESTO DE SALUD SUMBAY - CHASQUIPAMPA,PUESTOS DE SALUD O POSTAS DE SALUD,AREQUIPA,AREQUIPA,YANAHUARA,40126,I-1,,ACTIVADO
ESSALUD,ESPINAR - ESSALUD,CENTROS DE SALUD CON CAMAS DE INTERNAMIENTO,CUSCO,ESPINAR,ESPINAR,80801,I-4,,ACTIVADO
GOBIERNO REGIONAL,SANTA ELENA DE IMAZA,PUESTOS DE SALUD O POSTAS DE SALUD,LORETO,MARISCAL RAMON CASTILLA,SAN PABLO,160404,I-1,,ACTIVADO
GOBIERNO REGIONAL,PUESTO DE SALUD MIGUEL GRAU  MODULO C-D,PUESTOS DE SALUD O POSTAS DE SALUD,AREQUIPA,AREQUIPA,PAUCARPATA,40112,I-2,,ACTIVADO
GOBIERNO REGIONAL,PICHIGUA ESPINAR,PUESTOS DE SALUD O POSTAS DE SALUD,CUSCO,ESPINAR,PICHIGUA,80806,I-2,,ACTIVADO
GOBIERNO REGIONAL,PILCOPATA,CENTROS DE SALUD O CENTROS MEDICOS,CUSCO,PAUCARTAMBO,KOSÑIPATA,81106,I-3,,ACTIVADO
GOBIERNO REGIONAL,YAURI,CENTROS DE SALUD CON CAMAS DE INTERNAMIENTO,CUSCO,ESPINAR,ESPINAR,80801,I-4,,ACTIVADO
GOBIERNO REGIONAL,ESPINAR,HOSPITALES O CLINICAS DE ATENCION GENERAL,CUSCO,ESPINAR,ESPINAR,80801,II-1,32.0,ACTIVADO
GOBIERNO REGIONAL,TINTA,CENTROS DE SALUD O CENTROS MEDICOS,CUSCO,CANCHIS,TINTA,80608,I-3,,ACTIVADO
GOBIERNO REGIONAL,CARHUAYO,PUESTOS DE SALUD O POSTAS DE SALUD,CUSCO,QUISPICANCHI,CCARHUAYO,81204,I-2,,ACTIVADO
GOBIERNO REGIONAL,CHECCA,PUESTOS DE SALUD O POSTAS DE SALUD,CUSCO,CANAS,CHECCA,80502,I-2,,ACTIVADO
GOBIERNO REGIONAL,CENTRO DE SALUD CHIGUATA,CENTROS DE SALUD O CENTROS MEDICOS,AREQUIPA,AREQUIPA,CHIGUATA,40106,I-3,,ACTIVADO
GOBIERNO REGIONAL,PUESTO DE SALUD PIACA,PUESTOS DE SALUD O POSTAS DE SALUD,AREQUIPA,AREQUIPA,POCSI,40113,I-2,,ACTIVADO
GOBIERNO REGIONAL,PUESTO DE SALUD POCSI,PUESTOS DE SALUD O POSTAS DE SALUD,AREQUIPA,AREQUIPA,POCSI,40113,I-1,,ACTIVADO
GOBIERNO REGIONAL,PUESTO DE SALUD COTACOTA,PUESTOS DE SALUD O POSTAS DE SALUD,AREQUIPA,CAYLLOMA,TISCO,40517,I-2,,ACTIVADO
GOBIERNO REGIONAL,OCONGATE,CENTROS DE SALUD CON CAMAS DE INTERNAMIENTO,CUSCO,QUISPICANCHI,OCONGATE,81210,I-4,,ACTIVADO
GOBIERNO REGIONAL,CHIARA,PUESTOS DE SALUD O POSTAS DE SALUD,CUSCO,CANCHIS,COMBAPATA,80603,I-2,,ACTIVADO
GOBIERNO REGIONAL,PUESTO DE SALUD ARENALES,PUESTOS DE SALUD O POSTAS DE SALUD,AREQUIPA,AREQUIPA,CHIGUATA,40106,I-1,,ACTIVADO
GOBIERNO REGIONAL,PUESTO DE SALUD POLOBAYA,PUESTOS DE SALUD O POSTAS DE SALUD,AREQUIPA,AREQUIPA,POLOBAYA,40114,I-2,,ACTIVADO
ESSALUD,POSTA MEDICA SALVACION,PUESTOS DE SALUD O POSTAS DE SALUD,MADRE DE DIOS,MANU,MANU,170201,I-1,,ACTIVADO
GOBIERNO REGIONAL,GAMITANA,PUESTOS DE SALUD O POSTAS DE SALUD,MADRE DE DIOS,MANU,MANU,170201,I-1,,ACTIVADO
GOBIERNO REGIONAL,CONDEVILUYO,PUESTOS DE SALUD O POSTAS DE SALUD,CUSCO,CANAS,LANGUI,80504,I-1,,ACTIVADO
GOBIERNO REGIONAL,SAN PEDRO CANCHIS,PUESTOS DE SALUD O POSTAS DE SALUD,CUSCO,CANCHIS,SAN PEDRO,80607,I-2,,ACTIVADO
ESSALUD,HOSPITAL II ILO,HOSPITALES O CLINICAS DE ATENCION ESPECIALIZADA,MOQUEGUA,ILO,ILO,180301,II-1,23.0,ACTIVADO
GOBIERNO REGIONAL,C.S. ALTO ILO,CENTROS DE SALUD O CENTROS MEDICOS,MOQUEGUA,ILO,ILO,180301,I-3,,ACTIVADO
GOBIERNO REGIONAL,P.S. PACOCHA,PUESTOS DE SALUD O POSTAS DE SALUD,MOQUEGUA,ILO,PACOCHA,180303,I-2,,ACTIVADO
GOBIERNO REGIONAL,C.S. JHON F. KENNEDY - ILO,CENTROS DE SALUD O CENTROS MEDICOS,MOQUEGUA,ILO,ILO,180301,I-3,,ACTIVADO
GOBIERNO REGIONAL,HOSPITAL ILO,HOSPITALES O CLINICAS DE ATENCION GENERAL,MOQUEGUA,ILO,ILO,180301,II-1,45.0,ACTIVADO
GOBIERNO REGIONAL,C.S. MIRAMAR,CENTROS DE SALUD O CENTROS MEDICOS,MOQUEGUA,ILO,ILO,180301,I-3,,ACTIVADO
GOBIERNO REGIONAL,TINTAYA MARQUIRI,PUESTOS DE SALUD O POSTAS DE SALUD,CUSCO,ESPINAR,ESPINAR,80801,I-1,,ACTIVADO
GOBIERNO REGIONAL,C.S. PAMPA INALAMBRICA,CENTROS DE SALUD O CENTROS MEDICOS,MOQUEGUA,ILO,ILO,180301,I-3,,ACTIVADO
GOBIERNO REGIONAL,TINKI,PUESTOS DE SALUD O POSTAS DE SALUD,CUSCO,QUISPICANCHI,OCONGATE,81210,I-2,,ACTIVADO
GOBIERNO REGIONAL,PUESTO DE SALUD CHALHUANCA,PUESTOS DE SALUD O POSTAS DE SALUD,AREQUIPA,CAYLLOMA,CALLALLI,40504,I-2,,ACTIVADO
GOBIERNO REGIONAL,SAN PABLO CANCHIS,PUESTOS DE SALUD O POSTAS DE SALUD,CUSCO,CANCHIS,SAN PABLO,80606,I-2,,ACTIVADO
GOBIERNO REGIONAL,EL DESCANSO,CENTROS DE SALUD CON CAMAS DE INTERNAMIENTO,CUSCO,CANAS,KUNTURKANKI,80503,I-4,,ACTIVADO
GOBIERNO REGIONAL,REMANSO,PUESTOS DE SALUD O POSTAS DE SALUD,LORETO,PUTUMAYO,PUTUMAYO,160801,I-2,,ACTIVADO
GOBIERNO REGIONAL,SAN MIGUEL,PUESTOS DE SALUD O POSTAS DE SALUD,CUSCO,ESPINAR,PICHIGUA,80806,I-1,,ACTIVADO
GOBIERNO REGIONAL,LANGUI,PUESTOS DE SALUD O POSTAS DE SALUD,CUSCO,CANAS,LANGUI,80504,I-2,,ACTIVADO
GOBIERNO REGIONAL,QUEHUAR,PUESTOS DE SALUD O POSTAS DE SALUD,CUSCO,CANCHIS,SICUANI,80601,I-2,,ACTIVADO
GOBIERNO REGIONAL,ACCOCUNCA,PUESTOS DE SALUD O POSTAS DE SALUD,CUSCO,ESPINAR,ALTO PICHIGUA,80808,I-2,,ACTIVADO
GOBIERNO REGIONAL,HERCCA,PUESTOS DE SALUD O POSTAS DE SALUD,CUSCO,CANCHIS,SICUANI,80601,I-1,,ACTIVADO
GOBIERNO REGIONAL,P.S. YALAQUE,PUESTOS DE SALUD O POSTAS DE SALUD,MOQUEGUA,GENERAL SANCHEZ CERRO,LA CAPILLA,180205,I-1,,ACTIVADO
GOBIERNO REGIONAL,P.S. CHILATA,PUESTOS DE SALUD O POSTAS DE SALUD,MOQUEGUA,GENERAL SANCHEZ CERRO,PUQUINA,180208,I-1,,ACTIVADO
GOBIERNO REGIONAL,SICUANI,HOSPITALES O CLINICAS DE ATENCION GENERAL,CUSCO,CANCHIS,SICUANI,80601,II-1,80.0,ACTIVADO
ESSALUD,HOSPITAL ESSALUD SICUANI,HOSPITALES O CLINICAS DE ATENCION GENERAL,CUSCO,CANCHIS,SICUANI,80601,II-1,18.0,ACTIVADO
GOBIERNO REGIONAL,LA JOYA,PUESTOS DE SALUD O POSTAS DE SALUD,MADRE DE DIOS,TAMBOPATA,TAMBOPATA,170101,I-2,,ACTIVADO
GOBIERNO REGIONAL,TECHO OBRERO,CENTROS DE SALUD CON CAMAS DE INTERNAMIENTO,CUSCO,CANCHIS,SICUANI,80601,I-4,,ACTIVADO
GOBIERNO REGIONAL,ITAHUANIA,PUESTOS DE SALUD O POSTAS DE SALUD,MADRE DE DIOS,MANU,MANU,170201,I-2,,ACTIVADO
GOBIERNO REGIONAL,PAMPAPHALLA,CENTROS DE SALUD O CENTROS MEDICOS,CUSCO,CANCHIS,SICUANI,80601,I-3,,ACTIVADO
GOBIERNO REGIONAL,LA FLORIDA,PUESTOS DE SALUD O POSTAS DE SALUD,CUSCO,CANCHIS,SICUANI,80601,I-2,,ACTIVADO
GOBIERNO REGIONAL,PUESTO DE SALUD PILLONES,PUESTOS DE SALUD O POSTAS DE SALUD,AREQUIPA,CAYLLOMA,SAN ANTONIO DE CHUCA,40514,I-1,,ACTIVADO
GOBIERNO REGIONAL,P.S. SANTA ROSA,PUESTOS DE SALUD O POSTAS DE SALUD,MOQUEGUA,GENERAL SANCHEZ CERRO,PUQUINA,180208,I-1,,ACTIVADO
GOBIERNO REGIONAL,PALLPATA,PUESTOS DE SALUD O POSTAS DE SALUD,CUSCO,ESPINAR,PALLPATA,80805,I-2,,ACTIVADO
GOBIERNO REGIONAL,SANTA BARBARA,PUESTOS DE SALUD O POSTAS DE SALUD,CUSCO,CANCHIS,SAN PABLO,80606,I-2,,ACTIVADO
GOBIERNO REGIONAL,UZCUPATA,PUESTOS DE SALUD O POSTAS DE SALUD,CUSCO,CANCHIS,SICUANI,80601,I-1,,ACTIVADO
GOBIERNO REGIONAL,C.S. PUQUINA,CENTROS DE SALUD O CENTROS MEDICOS,MOQUEGUA,GENERAL SANCHEZ CERRO,PUQUINA,180208,I-3,,ACTIVADO
GOBIERNO REGIONAL,CHECTUYOC,PUESTOS DE SALUD O POSTAS DE SALUD,CUSCO,CANCHIS,MARANGANI,80604,I-1,,ACTIVADO
GOBIERNO REGIONAL,BALTA,PUESTOS DE SALUD O POSTAS DE SALUD,UCAYALI,PURUS,PURUS,250401,I-1,,ACTIVADO
GOBIERNO REGIONAL,P.S. LA CAPILLA,PUESTOS DE SALUD O POSTAS DE SALUD,MOQUEGUA,GENERAL SANCHEZ CERRO,LA CAPILLA,180205,I-1,,ACTIVADO
GOBIERNO REGIONAL,MARANGANI,CENTROS DE SALUD O CENTROS MEDICOS,CUSCO,CANCHIS,MARANGANI,80604,I-3,,ACTIVADO
GOBIERNO REGIONAL,LAYO,CENTROS DE SALUD O CENTROS MEDICOS,CUSCO,CANAS,LAYO,80505,I-3,,ACTIVADO
GOBIERNO REGIONAL,PUESTO DE SALUD SALINAS HUITO,PUESTOS DE SALUD O POSTAS DE SALUD,AREQUIPA,AREQUIPA,SAN JUAN DE TARUCANI,40119,I-1,,ACTIVADO
GOBIERNO REGIONAL,CCUYO,PUESTOS DE SALUD O POSTAS DE SALUD,CUSCO,CANCHIS,MARANGANI,80604,I-1,,ACTIVADO
GOBIERNO REGIONAL,CONDOROMA,PUESTOS DE SALUD O POSTAS DE SALUD,CUSCO,ESPINAR,CONDOROMA,80802,I-1,,ACTIVADO
GOBIERNO REGIONAL,OCCORURO,PUESTOS DE SALUD O POSTAS DE SALUD,CUSCO,ESPINAR,OCORURO,80804,I-2,,ACTIVADO
GOBIERNO REGIONAL,OCCOBAMBA MARANGANI,PUESTOS DE SALUD O POSTAS DE SALUD,CUSCO,CANCHIS,MARANGANI,80604,I-2,,ACTIVADO
GOBIERNO REGIONAL,P.S. SALINAS MOCHE,PUESTOS DE SALUD O POSTAS DE SALUD,MOQUEGUA,GENERAL SANCHEZ CERRO,PUQUINA,180208,I-1,,ACTIVADO
GOBIERNO REGIONAL,SAN PABLO DE RAMON CASTILLA,CENTROS DE SALUD O CENTROS MEDICOS,LORETO,MARISCAL RAMON CASTILLA,SAN PABLO,160404,I-3,,ACTIVADO
GOBIERNO REGIONAL,PUESTO DE SALUD IMATA,PUESTOS DE SALUD O POSTAS DE SALUD,AREQUIPA,CAYLLOMA,SAN ANTONIO DE CHUCA,40514,I-2,,ACTIVADO
GOBIERNO REGIONAL,P.S. AMATA,PUESTOS DE SALUD O POSTAS DE SALUD,MOQUEGUA,GENERAL SANCHEZ CERRO,COALAQUE,180203,I-1,,ACTIVADO
GOBIERNO REGIONAL,PUESTO DE SALUD SAN JUAN DE TARUCANI,PUESTOS DE SALUD O POSTAS DE SALUD,AREQUIPA,AREQUIPA,SAN JUAN DE TARUCANI,40119,I-2,,ACTIVADO
GOBIERNO REGIONAL,ALTO COLLANA,PUESTOS DE SALUD O POSTAS DE SALUD,PUNO,MELGAR,MACARI,210805,I-1,,ACTIVADO
GOBIERNO REGIONAL,C.S. COALAQUE,PUESTOS DE SALUD O POSTAS DE SALUD,MOQUEGUA,GENERAL SANCHEZ CERRO,COALAQUE,180203,I-3,,ACTIVADO
GOBIERNO REGIONAL,P.S. QUINSACHATA,PUESTOS DE SALUD O POSTAS DE SALUD,MOQUEGUA,GENERAL SANCHEZ CERRO,UBINAS,180210,I-1,,ACTIVADO
GOBIERNO REGIONAL,GASTA BALA,PUESTOS DE SALUD O POSTAS DE SALUD,UCAYALI,PURUS,PURUS,250401,I-1,,ACTIVADO
GOBIERNO REGIONAL,PAMPA BAJA,PUESTOS DE SALUD O POSTAS DE SALUD,TACNA,JORGE BASADRE,ITE,230303,I-2,,ACTIVADO
GOBIERNO REGIONAL,C.S. SAN ANTONIO,CENTROS DE SALUD O CENTROS MEDICOS,MOQUEGUA,MARISCAL NIETO,MOQUEGUA,180101,I-3,,ACTIVADO
GOBIERNO REGIONAL,NUEVA LUZ,PUESTOS DE SALUD O POSTAS DE SALUD,UCAYALI,PURUS,PURUS,250401,I-1,,ACTIVADO
GOBIERNO REGIONAL,PHINAYA,PUESTOS DE SALUD O POSTAS DE SALUD,CUSCO,CANCHIS,PITUMARCA,80605,I-1,,ACTIVADO
GOBIERNO REGIONAL,MARCAPATA,PUESTOS DE SALUD O POSTAS DE SALUD,CUSCO,QUISPICANCHI,MARCAPATA,81209,I-2,,ACTIVADO
GOBIERNO REGIONAL,CENTRO DE SALUD OMATE - MOQUEGUA,CENTROS DE SALUD O CENTROS MEDICOS,MOQUEGUA,GENERAL SANCHEZ CERRO,OMATE,180201,I-3,,ACTIVADO
GOBIERNO REGIONAL,ITE,PUESTOS DE SALUD O POSTAS DE SALUD,TACNA,JORGE BASADRE,ITE,230303,I-2,,ACTIVADO
GOBIERNO REGIONAL,P.S. CHALLAGUAYO,PUESTOS DE SALUD O POSTAS DE SALUD,MOQUEGUA,GENERAL SANCHEZ CERRO,OMATE,180201,I-1,,ACTIVADO
ESSALUD,HOSPITAL II MOQUEGUA,HOSPITALES O CLINICAS DE ATENCION ESPECIALIZADA,MOQUEGUA,MARISCAL NIETO,MOQUEGUA,180101,II-1,31.0,ACTIVADO
GOBIERNO REGIONAL,BAJO COLLANA,PUESTOS DE SALUD O POSTAS DE SALUD,PUNO,MELGAR,MACARI,210805,I-1,,ACTIVADO
GOBIERNO REGIONAL,C.S. SAN FRANCISCO,CENTROS DE SALUD O CENTROS MEDICOS,MOQUEGUA,MARISCAL NIETO,MOQUEGUA,180101,I-3,,ACTIVADO
GOBIERNO REGIONAL,P.S. 28 DE JULIO,PUESTOS DE SALUD O POSTAS DE SALUD,MOQUEGUA,MARISCAL NIETO,MOQUEGUA,180101,I-2,,ACTIVADO
GOBIERNO REGIONAL,HOSPITAL REGIONAL MOQUEGUA,HOSPITALES O CLINICAS DE ATENCION GENERAL,MOQUEGUA,MARISCAL NIETO,MOQUEGUA,180101,II-2,64.0,ACTIVADO
GOBIERNO REGIONAL,P.S. MERCADO CENTRAL,PUESTOS DE SALUD O POSTAS DE SALUD,MOQUEGUA,MARISCAL NIETO,MOQUEGUA,180101,I-2,,ACTIVADO
GOBIERNO REGIONAL,MIGUEL GRAU,PUESTOS DE SALUD O POSTAS DE SALUD,UCAYALI,PURUS,PURUS,250401,I-1,,ACTIVADO
GOBIERNO REGIONAL,P.S. CHACLAYA,PUESTOS DE SALUD O POSTAS DE SALUD,MOQUEGUA,GENERAL SANCHEZ CERRO,UBINAS,180210,I-1,,ACTIVADO
GOBIERNO REGIONAL,PINAYA,PUESTOS DE SALUD O POSTAS DE SALUD,PUNO,LAMPA,SANTA LUCIA,210709,I-2,,ACTIVADO
GOBIERNO REGIONAL,PICCHU,PUESTOS DE SALUD O POSTAS DE SALUD,PUNO,MELGAR,SANTA ROSA,210808,I-1,,ACTIVADO
GOBIERNO REGIONAL,BOCA MANU,PUESTOS DE SALUD O POSTAS DE SALUD,MADRE DE DIOS,MANU,FITZCARRALD,170202,I-2,,ACTIVADO
GOBIERNO REGIONAL,LABORATORIO REGIONAL DE SALUD PUBLICA -MOQUEGUA,PATOLOGIA CLINICA,MOQUEGUA,MARISCAL NIETO,MOQUEGUA,180101,Sin Categoría,,ACTIVADO
GOBIERNO REGIONAL,P.S. LOS ANGELES,PUESTOS DE SALUD O POSTAS DE SALUD,MOQUEGUA,MARISCAL NIETO,MOQUEGUA,180101,I-2,,ACTIVADO
GOBIERNO REGIONAL,PARINA,PUESTOS DE SALUD O POSTAS DE SALUD,PUNO,LAMPA,OCUVIRI,210705,I-1,,ACTIVADO
GOBIERNO REGIONAL,MACARI,CENTROS DE SALUD O CENTROS MEDICOS,PUNO,MELGAR,MACARI,210805,I-3,,ACTIVADO
GOBIERNO REGIONAL,OCUVIRI,PUESTOS DE SALUD O POSTAS DE SALUD,PUNO,LAMPA,OCUVIRI,210705,I-2,,ACTIVADO
GOBIERNO REGIONAL,C.S. SAMEGUA,CENTROS DE SALUD O CENTROS MEDICOS,MOQUEGUA,MARISCAL NIETO,SAMEGUA,180104,I-3,,ACTIVADO
GOBIERNO REGIONAL,QUISHUARA,PUESTOS DE SALUD O POSTAS DE SALUD,PUNO,MELGAR,MACARI,210805,I-2,,ACTIVADO
GOBIERNO REGIONAL,KUNURANA ALTO,PUESTOS DE SALUD O POSTAS DE SALUD,PUNO,MELGAR,SANTA ROSA,210808,I-1,,ACTIVADO
GOBIERNO REGIONAL,SELQUE,PUESTOS DE SALUD O POSTAS DE SALUD,PUNO,MELGAR,MACARI,210805,I-1,,ACTIVADO
GOBIERNO REGIONAL,LLALLI,CENTROS DE SALUD O CENTROS MEDICOS,PUNO,MELGAR,LLALLI,210804,I-3,,ACTIVADO
GOBIERNO REGIONAL,P.S. QUINISTAQUILLAS,PUESTOS DE SALUD O POSTAS DE SALUD,MOQUEGUA,GENERAL SANCHEZ CERRO,QUINISTAQUILLAS,180209,I-1,,ACTIVADO
GOBIERNO REGIONAL,SAN MARCOS,PUESTOS DE SALUD O POSTAS DE SALUD,UCAYALI,PURUS,PURUS,250401,I-1,,ACTIVADO
GOBIERNO REGIONAL,KUNURANA BAJO,PUESTOS DE SALUD O POSTAS DE SALUD,PUNO,MELGAR,SANTA ROSA,210808,I-1,,ACTIVADO
GOBIERNO REGIONAL,P.S. YACANGO,PUESTOS DE SALUD O POSTAS DE SALUD,MOQUEGUA,MARISCAL NIETO,TORATA,180106,I-1,,ACTIVADO
GOBIERNO REGIONAL,CUPI,PUESTOS DE SALUD O POSTAS DE SALUD,PUNO,MELGAR,CUPI,210803,I-2,,ACTIVADO
GOBIERNO REGIONAL,SANTA CRUZ,PUESTOS DE SALUD O POSTAS DE SALUD,PUNO,MELGAR,MACARI,210805,I-1,,ACTIVADO
GOBIERNO REGIONAL,P.S. ANASCAPA,PUESTOS DE SALUD O POSTAS DE SALUD,MOQUEGUA,GENERAL SANCHEZ CERRO,UBINAS,180210,I-1,,ACTIVADO
GOBIERNO REGIONAL,P.S. TUMILACA,PUESTOS DE SALUD O POSTAS DE SALUD,MOQUEGUA,MARISCAL NIETO,SAMEGUA,180104,I-1,,ACTIVADO
GOBIERNO REGIONAL,P.S. MATALAQUE,PUESTOS DE SALUD O POSTAS DE SALUD,MOQUEGUA,GENERAL SANCHEZ CERRO,MATALAQUE,180207,I-3,,ACTIVADO
GOBIERNO REGIONAL,NINA CORANI,PUESTOS DE SALUD O POSTAS DE SALUD,PUNO,MELGAR,CUPI,210803,I-1,,ACTIVADO
GOBIERNO REGIONAL,P.S. HUATAGUA,PUESTOS DE SALUD O POSTAS DE SALUD,MOQUEGUA,GENERAL SANCHEZ CERRO,MATALAQUE,180207,I-1,,ACTIVADO
GOBIERNO REGIONAL,INCACANCHA,PUESTOS DE SALUD O POSTAS DE SALUD,CUSCO,QUISPICANCHI,MARCAPATA,81209,I-1,,ACTIVADO
GOBIERNO REGIONAL,JUSTO JUEZ JATUN AYLLU,PUESTOS DE SALUD O POSTAS DE SALUD,PUNO,MELGAR,SANTA ROSA,210808,I-1,,ACTIVADO
GOBIERNO REGIONAL,HUAMANRURO,PUESTOS DE SALUD O POSTAS DE SALUD,PUNO,MELGAR,MACARI,210805,I-1,,ACTIVADO
GOBIERNO REGIONAL,SANTA ROSA,CENTROS DE SALUD O CENTROS MEDICOS,PUNO,MELGAR,SANTA ROSA,210808,I-3,,ACTIVADO
GOBIERNO REGIONAL,CHIMBOTE,PUESTOS DE SALUD O POSTAS DE SALUD,LORETO,MARISCAL RAMON CASTILLA,RAMON CASTILLA,160401,I-1,,ACTIVADO
GOBIERNO REGIONAL,VILCAMARCA,PUESTOS DE SALUD O POSTAS DE SALUD,PUNO,LAMPA,OCUVIRI,210705,I-1,,ACTIVADO
GOBIERNO REGIONAL,CANGALLI PICHACANI,PUESTOS DE SALUD O POSTAS DE SALUD,PUNO,MELGAR,NUÑOA,210806,I-1,,ACTIVADO
GOBIERNO REGIONAL,LAGUNILLAS,PUESTOS DE SALUD O POSTAS DE SALUD,PUNO,LAMPA,SANTA LUCIA,210709,I-2,,ACTIVADO
ESSALUD,CENTRO DE ATENCION PRIMARIA  I  LOCUMBA,CENTROS DE SALUD O CENTROS MEDICOS,TACNA,JORGE BASADRE,LOCUMBA,230301,I-2,,ACTIVADO
GOBIERNO REGIONAL,UNION COLLANA,PUESTOS DE SALUD O POSTAS DE SALUD,PUNO,MELGAR,UMACHIRI,210809,I-1,,ACTIVADO
GOBIERNO REGIONAL,LOCUMBA,CENTROS DE SALUD O CENTROS MEDICOS,TACNA,JORGE BASADRE,LOCUMBA,230301,I-3,,ACTIVADO
GOBIERNO REGIONAL,P.S. YALAGUA,PUESTOS DE SALUD O POSTAS DE SALUD,MOQUEGUA,GENERAL SANCHEZ CERRO,UBINAS,180210,I-1,,ACTIVADO
GOBIERNO REGIONAL,MANSILLA,PUESTOS DE SALUD O POSTAS DE SALUD,MADRE DE DIOS,MANU,MANU,170201,I-1,,ACTIVADO
GOBIERNO REGIONAL,QUINCE MIL,CENTROS DE SALUD O CENTROS MEDICOS,CUSCO,QUISPICANCHI,CAMANTI,81203,I-3,,ACTIVADO
GOBIERNO REGIONAL,TINCOPALCA,PUESTOS DE SALUD O POSTAS DE SALUD,PUNO,SAN ROMAN,CABANILLAS,211103,I-1,,ACTIVADO
GOBIERNO REGIONAL,UMACHIRI,PUESTOS DE SALUD O POSTAS DE SALUD,PUNO,MELGAR,UMACHIRI,210809,I-2,,ACTIVADO
GOBIERNO REGIONAL,QUELCAYA,PUESTOS DE SALUD O POSTAS DE SALUD,PUNO,CARABAYA,CORANI,210305,I-1,,ACTIVADO
GOBIERNO REGIONAL,CHIVAY,PUESTOS DE SALUD O POSTAS DE SALUD,PUNO,LAMPA,VILAVILA,210710,I-1,,ACTIVADO
GOBIERNO REGIONAL,C.S. LLOQUE,PUESTOS DE SALUD O POSTAS DE SALUD,MOQUEGUA,GENERAL SANCHEZ CERRO,LLOQUE,180206,I-3,,ACTIVADO
GOBIERNO REGIONAL,PALOTOA,PUESTOS DE SALUD O POSTAS DE SALUD,MADRE DE DIOS,MANU,MANU,170201,I-1,,ACTIVADO
GOBIERNO REGIONAL,CHUQUIBAMBILLA,PUESTOS DE SALUD O POSTAS DE SALUD,PUNO,MELGAR,UMACHIRI,210809,I-1,,ACTIVADO
GOBIERNO REGIONAL,C.S. CHOJATA,PUESTOS DE SALUD O POSTAS DE SALUD,MOQUEGUA,GENERAL SANCHEZ CERRO,CHOJATA,180202,I-3,,ACTIVADO
GOBIERNO REGIONAL,VILA VILA,PUESTOS DE SALUD O POSTAS DE SALUD,TACNA,TACNA,SAMA,230109,I-2,,ACTIVADO
GOBIERNO REGIONAL,SUNIMARCA,PUESTOS DE SALUD O POSTAS DE SALUD,PUNO,MELGAR,AYAVIRI,210801,I-1,,ACTIVADO
GOBIERNO REGIONAL,P.S. PACHAS,PUESTOS DE SALUD O POSTAS DE SALUD,MOQUEGUA,GENERAL SANCHEZ CERRO,CHOJATA,180202,I-1,,ACTIVADO
GOBIERNO REGIONAL,P.S. SACUAYA,PUESTOS DE SALUD O POSTAS DE SALUD,MOQUEGUA,MARISCAL NIETO,CUCHUMBAYA,180103,I-2,,ACTIVADO
GOBIERNO REGIONAL,PURUS,CENTROS DE SALUD O CENTROS MEDICOS,UCAYALI,PURUS,PURUS,250401,I-3,,ACTIVADO
GOBIERNO REGIONAL,P.S. MUYLAQUE,PUESTOS DE SALUD O POSTAS DE SALUD,MOQUEGUA,MARISCAL NIETO,SAN CRISTOBAL,180105,I-2,,ACTIVADO
GOBIERNO REGIONAL,PUMACHANCA,PUESTOS DE SALUD O POSTAS DE SALUD,PUNO,CARABAYA,OLLACHEA,210308,I-2,,ACTIVADO
GOBIERNO REGIONAL,P.S. SAN CRISTOBAL,PUESTOS DE SALUD O POSTAS DE SALUD,MOQUEGUA,MARISCAL NIETO,SAN CRISTOBAL,180105,I-2,,ACTIVADO
GOBIERNO REGIONAL,CENTRO DE SALUD CARUMAS - MOQUEGUA,CENTROS DE SALUD O CENTROS MEDICOS,MOQUEGUA,MARISCAL NIETO,CARUMAS,180102,I-3,,ACTIVADO
GOBIERNO REGIONAL,C.S. CUCHUMBAYA,PUESTOS DE SALUD O POSTAS DE SALUD,MOQUEGUA,MARISCAL NIETO,CUCHUMBAYA,180103,I-3,,ACTIVADO
GOBIERNO REGIONAL,C.S. CALACOA,PUESTOS DE SALUD O POSTAS DE SALUD,MOQUEGUA,MARISCAL NIETO,SAN CRISTOBAL,180105,I-3,,ACTIVADO
GOBIERNO REGIONAL,C.S. YUNGA,PUESTOS DE SALUD O POSTAS DE SALUD,MOQUEGUA,GENERAL SANCHEZ CERRO,YUNGA,180211,I-3,,ACTIVADO
GOBIERNO REGIONAL,BOCA DEL RIO,PUESTOS DE SALUD O POSTAS DE SALUD,TACNA,TACNA,SAMA,230109,I-2,,ACTIVADO
GOBIERNO REGIONAL,C.S. CAMBRUNE,PUESTOS DE SALUD O POSTAS DE SALUD,MOQUEGUA,MARISCAL NIETO,CARUMAS,180102,I-3,,ACTIVADO
GOBIERNO REGIONAL,CHILAHUITO,PUESTOS DE SALUD O POSTAS DE SALUD,PUNO,LAMPA,PARATIA,210707,I-1,,ACTIVADO
GOBIERNO REGIONAL,P.S. SOQUEZANE,PUESTOS DE SALUD O POSTAS DE SALUD,MOQUEGUA,MARISCAL NIETO,CUCHUMBAYA,180103,I-2,,ACTIVADO
GOBIERNO REGIONAL,AYMAÑA,PUESTOS DE SALUD O POSTAS DE SALUD,PUNO,CARABAYA,CORANI,210305,I-1,,ACTIVADO
GOBIERNO REGIONAL,CHACACONIZA,PUESTOS DE SALUD O POSTAS DE SALUD,PUNO,CARABAYA,CORANI,210305,I-1,,ACTIVADO
GOBIERNO REGIONAL,TOLAPALCA,PUESTOS DE SALUD O POSTAS DE SALUD,PUNO,PUNO,MAÑAZO,210109,I-2,,ACTIVADO
GOBIERNO REGIONAL,VILAVILA,PUESTOS DE SALUD O POSTAS DE SALUD,PUNO,LAMPA,VILAVILA,210710,I-2,,ACTIVADO
GOBIERNO REGIONAL,CONDORMILLA ALTO,PUESTOS DE SALUD O POSTAS DE SALUD,PUNO,MELGAR,AYAVIRI,210801,I-1,,ACTIVADO
GOBIERNO REGIONAL,AZAROMA,PUESTOS DE SALUD O POSTAS DE SALUD,PUNO,CARABAYA,OLLACHEA,210308,I-2,,ACTIVADO
GOBIERNO REGIONAL,ISLA DEL TIGRE,PUESTOS DE SALUD O POSTAS DE SALUD,LORETO,MARISCAL RAMON CASTILLA,RAMON CASTILLA,160401,I-1,,ACTIVADO
GOBIERNO REGIONAL,PUCARAPATA,PUESTOS DE SALUD O POSTAS DE SALUD,PUNO,MELGAR,NUÑOA,210806,I-1,,ACTIVADO
GOBIERNO REGIONAL,NUÑOA,CENTROS DE SALUD O CENTROS MEDICOS,PUNO,MELGAR,NUÑOA,210806,I-3,,ACTIVADO
GOBIERNO REGIONAL,CAYARANI,PUESTOS DE SALUD O POSTAS DE SALUD,PUNO,MELGAR,ORURILLO,210807,I-1,,ACTIVADO
GOBIERNO REGIONAL,SAN BERNARDO,PUESTOS DE SALUD O POSTAS DE SALUD,UCAYALI,PURUS,PURUS,250401,I-1,,ACTIVADO
GOBIERNO REGIONAL,JANCHALLANI,PUESTOS DE SALUD O POSTAS DE SALUD,PUNO,MELGAR,ORURILLO,210807,I-1,,ACTIVADO
GOBIERNO REGIONAL,CONDORMILLA BAJO,PUESTOS DE SALUD O POSTAS DE SALUD,PUNO,MELGAR,AYAVIRI,210801,I-1,,ACTIVADO
GOBIERNO REGIONAL,SANTA LUCIA,CENTROS DE SALUD CON CAMAS DE INTERNAMIENTO,PUNO,LAMPA,SANTA LUCIA,210709,I-4,,ACTIVADO
GOBIERNO REGIONAL,CORANI,PUESTOS DE SALUD O POSTAS DE SALUD,PUNO,CARABAYA,CORANI,210305,I-2,,ACTIVADO
GOBIERNO REGIONAL,PARATIA,CENTROS DE SALUD O CENTROS MEDICOS,PUNO,LAMPA,PARATIA,210707,I-3,,ACTIVADO
GOBIERNO REGIONAL,PALCA,CENTROS DE SALUD CON CAMAS DE INTERNAMIENTO,PUNO,LAMPA,PALCA,210706,I-4,,ACTIVADO
GOBIERNO REGIONAL,PUERTO LUZ,PUESTOS DE SALUD O POSTAS DE SALUD,MADRE DE DIOS,MANU,MADRE DE DIOS,170203,I-1,,ACTIVADO
GOBIERNO REGIONAL,CONO NORTE,CENTROS DE SALUD O CENTROS MEDICOS,PUNO,MELGAR,AYAVIRI,210801,I-3,,ACTIVADO
GOBIERNO REGIONAL,PUEBLO LIBRE,PUESTOS DE SALUD O POSTAS DE SALUD,PUNO,MELGAR,AYAVIRI,210801,I-1,,ACTIVADO
GOBIERNO REGIONAL,CHOQUE,PUESTOS DE SALUD O POSTAS DE SALUD,MADRE DE DIOS,MANU,HUEPETUHE,170204,I-2,,ACTIVADO
GOBIERNO REGIONAL,HUAYCHO,PUESTOS DE SALUD O POSTAS DE SALUD,PUNO,MELGAR,NUÑOA,210806,I-1,,ACTIVADO
GOBIERNO REGIONAL,CHIRIUNO,PUESTOS DE SALUD O POSTAS DE SALUD,PUNO,MELGAR,NUÑOA,210806,I-1,,ACTIVADO
GOBIERNO REGIONAL,SAN JUAN DE DIOS (AYAVIRI),HOSPITALES O CLINICAS DE ATENCION GENERAL,PUNO,MELGAR,AYAVIRI,210801,II-1,56.0,ACTIVADO
GOBIERNO REGIONAL,YOMIBATO,PUESTOS DE SALUD O POSTAS DE SALUD,MADRE DE DIOS,MANU,FITZCARRALD,170202,I-1,,ACTIVADO
GOBIERNO REGIONAL,P.S. OYO OYO,PUESTOS DE SALUD O POSTAS DE SALUD,MOQUEGUA,GENERAL SANCHEZ CERRO,ICHUÑA,180204,I-1,,ACTIVADO
GOBIERNO REGIONAL,LAS YARAS,PUESTOS DE SALUD O POSTAS DE SALUD,TACNA,TACNA,SAMA,230109,I-2,,ACTIVADO
GOBIERNO REGIONAL,MIRAVE,PUESTOS DE SALUD O POSTAS DE SALUD,TACNA,JORGE BASADRE,ILABAYA,230302,I-1,,ACTIVADO
GOBIERNO REGIONAL,ICHUCAHUA,PUESTOS DE SALUD O POSTAS DE SALUD,PUNO,MELGAR,ORURILLO,210807,I-1,,ACTIVADO
GOBIERNO REGIONAL,ALTO PUQUIRI,PUESTOS DE SALUD O POSTAS DE SALUD,MADRE DE DIOS,MANU,MADRE DE DIOS,170203,I-1,,ACTIVADO
GOBIERNO REGIONAL,SAN JOSE DE KARENE,PUESTOS DE SALUD O POSTAS DE SALUD,MADRE DE DIOS,MANU,MADRE DE DIOS,170203,I-1,,ACTIVADO
GOBIERNO REGIONAL,ISIVILLA,CENTROS DE SALUD O CENTROS MEDICOS,PUNO,CARABAYA,CORANI,210305,I-3,,ACTIVADO
GOBIERNO REGIONAL,C.S. ICHUÑA,CENTROS DE SALUD O CENTROS MEDICOS,MOQUEGUA,GENERAL SANCHEZ CERRO,ICHUÑA,180204,I-3,,ACTIVADO
GOBIERNO REGIONAL,HUEPETUHE,CENTROS DE SALUD O CENTROS MEDICOS,MADRE DE DIOS,MANU,HUEPETUHE,170204,I-3,,ACTIVADO
GOBIERNO REGIONAL,PACAJE,PUESTOS DE SALUD O POSTAS DE SALUD,PUNO,CARABAYA,MACUSANI,210301,I-2,,ACTIVADO
GOBIERNO REGIONAL,PASANACOLLO,PUESTOS DE SALUD O POSTAS DE SALUD,PUNO,MELGAR,NUÑOA,210806,I-2,,ACTIVADO
ESSALUD,CENTRO DE ATENCION PRIMARIA II CABALLOCOCHA,HOSPITALES O CLINICAS DE ATENCION GENERAL,LORETO,MARISCAL RAMON CASTILLA,RAMON CASTILLA,160401,I-3,,ACTIVADO
GOBIERNO REGIONAL,CABALLOCOCHA,CENTROS DE SALUD CON CAMAS DE INTERNAMIENTO,LORETO,MARISCAL RAMON CASTILLA,RAMON CASTILLA,160401,I-4,22.0,ACTIVADO
GOBIERNO REGIONAL,ORURILLO,CENTROS DE SALUD O CENTROS MEDICOS,PUNO,MELGAR,ORURILLO,210807,I-3,,ACTIVADO
GOBIERNO REGIONAL,SANTA TERESA,PUESTOS DE SALUD O POSTAS DE SALUD,LORETO,MARISCAL RAMON CASTILLA,YAVARI,160403,I-1,,ACTIVADO
GOBIERNO REGIONAL,LOS OLIVOS,PUESTOS DE SALUD O POSTAS DE SALUD,TACNA,TACNA,TACNA,230101,I-1,,ACTIVADO
GOBIERNO REGIONAL,ILABAYA,CENTROS DE SALUD O CENTROS MEDICOS,TACNA,JORGE BASADRE,ILABAYA,230302,I-3,,ACTIVADO
GOBIERNO REGIONAL,TATAMACO,PUESTOS DE SALUD O POSTAS DE SALUD,PUNO,CARABAYA,MACUSANI,210301,I-2,,ACTIVADO
GOBIERNO REGIONAL,PALESTINA,PUESTOS DE SALUD O POSTAS DE SALUD,UCAYALI,PURUS,PURUS,250401,I-1,,ACTIVADO
GOBIERNO REGIONAL,CHARAMAYA,PUESTOS DE SALUD O POSTAS DE SALUD,PUNO,PUNO,MAÑAZO,210109,I-1,,ACTIVADO
GOBIERNO REGIONAL,QUEBRADA NUEVA,PUESTOS DE SALUD O POSTAS DE SALUD,MADRE DE DIOS,MANU,HUEPETUHE,170204,I-2,,ACTIVADO
GOBIERNO REGIONAL,INCLAN,PUESTOS DE SALUD O POSTAS DE SALUD,TACNA,TACNA,INCLAN,230105,I-2,,ACTIVADO
GOBIERNO REGIONAL,P.S. CHAJE,PUESTOS DE SALUD O POSTAS DE SALUD,MOQUEGUA,GENERAL SANCHEZ CERRO,ICHUÑA,180204,I-1,,ACTIVADO
GOBIERNO REGIONAL,P.S. UMALZO,PUESTOS DE SALUD O POSTAS DE SALUD,MOQUEGUA,GENERAL SANCHEZ CERRO,ICHUÑA,180204,I-1,,ACTIVADO
GOBIERNO REGIONAL,SALVACION,CENTROS DE SALUD O CENTROS MEDICOS,MADRE DE DIOS,MANU,MANU,170201,I-3,,ACTIVADO
GOBIERNO REGIONAL,RIVERA COYLATA,PUESTOS DE SALUD O POSTAS DE SALUD,PUNO,LAMPA,LAMPA,210701,I-1,,ACTIVADO
GOBIERNO REGIONAL,ACLLAMAYO,PUESTOS DE SALUD O POSTAS DE SALUD,PUNO,MELGAR,ORURILLO,210807,I-2,,ACTIVADO
GOBIERNO REGIONAL,CACHIPASCANA,PUESTOS DE SALUD O POSTAS DE SALUD,PUNO,PUNO,MAÑAZO,210109,I-1,,ACTIVADO
GOBIERNO REGIONAL,ANGARA ALTO,PUESTOS DE SALUD O POSTAS DE SALUD,PUNO,LAMPA,PUCARA,210708,I-1,,ACTIVADO
GOBIERNO REGIONAL,CHACANEQUE,PUESTOS DE SALUD O POSTAS DE SALUD,PUNO,CARABAYA,OLLACHEA,210308,I-1,,ACTIVADO
GOBIERNO REGIONAL,OLLACHEA,CENTROS DE SALUD O CENTROS MEDICOS,PUNO,CARABAYA,OLLACHEA,210308,I-3,,ACTIVADO
GOBIERNO REGIONAL,CORUCA,PUESTOS DE SALUD O POSTAS DE SALUD,TACNA,TACNA,INCLAN,230105,I-2,,ACTIVADO
GOBIERNO REGIONAL,BALSAPATA,PUESTOS DE SALUD O POSTAS DE SALUD,PUNO,MELGAR,ORURILLO,210807,I-1,,ACTIVADO
GOBIERNO REGIONAL,28 DE AGOSTO,CENTROS DE SALUD O CENTROS MEDICOS,TACNA,TACNA,TACNA,230101,I-3,,ACTIVADO
GOBIERNO REGIONAL,CUSHILLOCOCHA,PUESTOS DE SALUD O POSTAS DE SALUD,LORETO,MARISCAL RAMON CASTILLA,RAMON CASTILLA,160401,I-1,,ACTIVADO
GOBIERNO REGIONAL,COLQUE,PUESTOS DE SALUD O POSTAS DE SALUD,PUNO,LAMPA,PUCARA,210708,I-1,,ACTIVADO
GOBIERNO REGIONAL,BOROGUENA,PUESTOS DE SALUD O POSTAS DE SALUD,TACNA,JORGE BASADRE,ILABAYA,230302,I-1,,ACTIVADO
GOBIERNO REGIONAL,LOS PALOS,PUESTOS DE SALUD O POSTAS DE SALUD,TACNA,TACNA,LA YARADA LOS PALOS,230111,I-2,,ACTIVADO
GOBIERNO REGIONAL,CAMBAYA,PUESTOS DE SALUD O POSTAS DE SALUD,TACNA,JORGE BASADRE,ILABAYA,230302,I-1,,ACTIVADO
GOBIERNO REGIONAL,SAN MARTIN DE P. (MACUSANI),HOSPITALES O CLINICAS DE ATENCION GENERAL,PUNO,CARABAYA,MACUSANI,210301,II-1,20.0,ACTIVADO
GOBIERNO REGIONAL,CAYCHIHUE,PUESTOS DE SALUD O POSTAS DE SALUD,MADRE DE DIOS,MANU,HUEPETUHE,170204,I-1,,ACTIVADO
GOBIERNO REGIONAL,QUIMIRI,PUESTOS DE SALUD O POSTAS DE SALUD,MADRE DE DIOS,MANU,HUEPETUHE,170204,I-1,,ACTIVADO
GOBIERNO REGIONAL,5 Y 6  LA YARADA,PUESTOS DE SALUD O POSTAS DE SALUD,TACNA,TACNA,TACNA,230101,I-1,,ACTIVADO
GOBIERNO REGIONAL,CHOQUESANI,PUESTOS DE SALUD O POSTAS DE SALUD,PUNO,MELGAR,ORURILLO,210807,I-1,,ACTIVADO
GOBIERNO REGIONAL,HUAYTA CENTRAL,PUESTOS DE SALUD O POSTAS DE SALUD,PUNO,LAMPA,LAMPA,210701,I-1,,ACTIVADO
GOBIERNO REGIONAL,CHIJNAYA,PUESTOS DE SALUD O POSTAS DE SALUD,PUNO,LAMPA,PUCARA,210708,I-1,,ACTIVADO
GOBIERNO REGIONAL,TUNI GRANDE,PUESTOS DE SALUD O POSTAS DE SALUD,PUNO,LAMPA,PUCARA,210708,I-1,,ACTIVADO
GOBIERNO REGIONAL,SAN GABAN,CENTROS DE SALUD CON CAMAS DE INTERNAMIENTO,PUNO,CARABAYA,SAN GABAN,210309,I-4,,ACTIVADO
GOBIERNO REGIONAL,TIRAPATA,PUESTOS DE SALUD O POSTAS DE SALUD,PUNO,AZANGARO,TIRAPATA,210215,I-2,,ACTIVADO
GOBIERNO REGIONAL,HUAYTA TUPAC AMARU,PUESTOS DE SALUD O POSTAS DE SALUD,PUNO,LAMPA,LAMPA,210701,I-2,,ACTIVADO
GOBIERNO REGIONAL,PUNQUIRI,PUESTOS DE SALUD O POSTAS DE SALUD,MADRE DE DIOS,MANU,HUEPETUHE,170204,I-1,,ACTIVADO
GOBIERNO REGIONAL,BOCA COLORADO,PUESTOS DE SALUD O POSTAS DE SALUD,MADRE DE DIOS,MANU,MADRE DE DIOS,170203,I-2,,ACTIVADO
GOBIERNO REGIONAL,SANTA ROSA,PUESTOS DE SALUD O POSTAS DE SALUD,TACNA,TACNA,TACNA,230101,I-1,,ACTIVADO
GOBIERNO REGIONAL,CAMILACA,PUESTOS DE SALUD O POSTAS DE SALUD,TACNA,CANDARAVE,CAMILACA,230203,I-2,,ACTIVADO
GOBIERNO REGIONAL,ANCOCALA,PUESTOS DE SALUD O POSTAS DE SALUD,TACNA,CANDARAVE,CAIRANI,230202,I-1,,ACTIVADO
GOBIERNO REGIONAL,LOROMAYO,PUESTOS DE SALUD O POSTAS DE SALUD,PUNO,CARABAYA,SAN GABAN,210309,I-2,,ACTIVADO
GOBIERNO REGIONAL,HUATAQUITA,PUESTOS DE SALUD O POSTAS DE SALUD,PUNO,SAN ROMAN,CABANILLAS,211103,I-1,,ACTIVADO
GOBIERNO REGIONAL,HUAYTIRI,PUESTOS DE SALUD O POSTAS DE SALUD,TACNA,CANDARAVE,CANDARAVE,230201,I-2,,ACTIVADO
ESSALUD,HOSPITAL I LAMPA - ESSALUD - RED ASISTENCIAL JULIACA,HOSPITALES O CLINICAS DE ATENCION GENERAL,PUNO,LAMPA,LAMPA,210701,II-1,11.0,ACTIVADO
GOBIERNO REGIONAL,PUCARA,CENTROS DE SALUD O CENTROS MEDICOS,PUNO,LAMPA,PUCARA,210708,I-3,,ACTIVADO
GOBIERNO REGIONAL,ANTONIO BARRIONUEVO (LAMPA),HOSPITALES O CLINICAS DE ATENCION GENERAL,PUNO,LAMPA,LAMPA,210701,II-1,11.0,ACTIVADO
GOBIERNO REGIONAL,SAN MIGUEL DE CARI CARI,PUESTOS DE SALUD O POSTAS DE SALUD,PUNO,PUNO,MAÑAZO,210109,I-1,,ACTIVADO
GOBIERNO REGIONAL,CAIRANI,PUESTOS DE SALUD O POSTAS DE SALUD,TACNA,CANDARAVE,CAIRANI,230202,I-2,,ACTIVADO
GOBIERNO REGIONAL,C.S. PUENTE BELLO,PUESTOS DE SALUD O POSTAS DE SALUD,MOQUEGUA,MARISCAL NIETO,SAN CRISTOBAL,180105,I-3,,ACTIVADO
GOBIERNO REGIONAL,NESTOR CACERES,PUESTOS DE SALUD O POSTAS DE SALUD,PUNO,LAMPA,CABANILLA,210702,I-1,,ACTIVADO
GOBIERNO REGIONAL,PROGRESO,CENTROS DE SALUD O CENTROS MEDICOS,PUNO,AZANGARO,ASILLO,210204,I-3,,ACTIVADO
GOBIERNO REGIONAL,ASILLO,CENTROS DE SALUD CON CAMAS DE INTERNAMIENTO,PUNO,AZANGARO,ASILLO,210204,I-4,,ACTIVADO
ESSALUD,C.A.P. II CABANILLAS,PUESTOS DE SALUD O POSTAS DE SALUD,PUNO,SAN ROMAN,CABANILLAS,211103,I-3,,ACTIVADO
GOBIERNO REGIONAL,CABANILLAS,CENTROS DE SALUD O CENTROS MEDICOS,PUNO,SAN ROMAN,CABANILLAS,211103,I-3,,ACTIVADO
GOBIERNO REGIONAL,CABANILLA,CENTROS DE SALUD CON CAMAS DE INTERNAMIENTO,PUNO,LAMPA,CABANILLA,210702,I-4,,ACTIVADO
GOBIERNO REGIONAL,JUNCAL,PUESTOS DE SALUD O POSTAS DE SALUD,PUNO,PUNO,SAN ANTONIO,210113,I-2,,ACTIVADO
GOBIERNO REGIONAL,LARIMAYO,PUESTOS DE SALUD O POSTAS DE SALUD,PUNO,MELGAR,ANTAUTA,210802,I-2,,ACTIVADO
GOBIERNO REGIONAL,MAÑAZO,CENTROS DE SALUD O CENTROS MEDICOS,PUNO,PUNO,MAÑAZO,210109,I-3,,ACTIVADO
GOBIERNO REGIONAL,QUELLOQUELLO,PUESTOS DE SALUD O POSTAS DE SALUD,PUNO,LAMPA,LAMPA,210701,I-1,,ACTIVADO
GOBIERNO REGIONAL,J.D.CHOQUEHUANCA,CENTROS DE SALUD CON CAMAS DE INTERNAMIENTO,PUNO,AZANGARO,JOSE DOMINGO CHOQUEHUANCA,210207,I-4,,ACTIVADO
GOBIERNO REGIONAL,TAYPE,PUESTOS DE SALUD O POSTAS DE SALUD,PUNO,CARABAYA,AYAPATA,210303,I-1,,ACTIVADO
GOBIERNO REGIONAL,CURIBAYA,PUESTOS DE SALUD O POSTAS DE SALUD,TACNA,CANDARAVE,CURIBAYA,230204,I-1,,ACTIVADO
GOBIERNO REGIONAL,LECHEMAYO,PUESTOS DE SALUD O POSTAS DE SALUD,PUNO,CARABAYA,SAN GABAN,210309,I-1,,ACTIVADO
GOBIERNO REGIONAL,PUESTO DE ESCALERA,PUESTOS DE SALUD O POSTAS DE SALUD,PUNO,CARABAYA,AYAPATA,210303,I-2,,ACTIVADO
GOBIERNO REGIONAL,AYAPATA,CENTROS DE SALUD CON CAMAS DE INTERNAMIENTO,PUNO,CARABAYA,AYAPATA,210303,I-4,9.0,ACTIVADO
GOBIERNO REGIONAL,HUANUARA,PUESTOS DE SALUD O POSTAS DE SALUD,TACNA,CANDARAVE,HUANUARA,230205,I-2,,ACTIVADO
GOBIERNO REGIONAL,SAN ANTONIO DE CACAO,PUESTOS DE SALUD O POSTAS DE SALUD,LORETO,MARISCAL RAMON CASTILLA,RAMON CASTILLA,160401,I-1,,ACTIVADO
GOBIERNO REGIONAL,PUERTO MANOA,PUESTOS DE SALUD O POSTAS DE SALUD,PUNO,CARABAYA,SAN GABAN,210309,I-2,,ACTIVADO
GOBIERNO REGIONAL,KCANA,PUESTOS DE SALUD O POSTAS DE SALUD,PUNO,CARABAYA,AYAPATA,210303,I-1,,ACTIVADO
GOBIERNO REGIONAL,CABANA,CENTROS DE SALUD O CENTROS MEDICOS,PUNO,SAN ROMAN,CABANA,211102,I-3,,ACTIVADO
GOBIERNO REGIONAL,SAN ANTON,CENTROS DE SALUD CON CAMAS DE INTERNAMIENTO,PUNO,AZANGARO,SAN ANTON,210211,I-4,,ACTIVADO
GOBIERNO REGIONAL,LLALLAHUA,PUESTOS DE SALUD O POSTAS DE SALUD,PUNO,AZANGARO,SANTIAGO DE PUPUJA,210214,I-1,,ACTIVADO
GOBIERNO REGIONAL,CUESTA BLANCA,PUESTOS DE SALUD O POSTAS DE SALUD,PUNO,CARABAYA,SAN GABAN,210309,I-1,,ACTIVADO
GOBIERNO REGIONAL,ÑAUPAPAMPA,PUESTOS DE SALUD O POSTAS DE SALUD,PUNO,AZANGARO,ASILLO,210204,I-2,,ACTIVADO
GOBIERNO REGIONAL,QUINSACHATA,PUESTOS DE SALUD O POSTAS DE SALUD,PUNO,LAMPA,CABANILLA,210702,I-1,,ACTIVADO
GOBIERNO REGIONAL,CHAÑOCAHUA,PUESTOS DE SALUD O POSTAS DE SALUD,PUNO,LAMPA,LAMPA,210701,I-2,,ACTIVADO
GOBIERNO REGIONAL,HABITAT,PUESTOS DE SALUD O POSTAS DE SALUD,TACNA,TACNA,TACNA,230101,I-2,,ACTIVADO
GOBIERNO REGIONAL,ANTAUTA,CENTROS DE SALUD O CENTROS MEDICOS,PUNO,MELGAR,ANTAUTA,210802,I-3,,ACTIVADO
GOBIERNO REGIONAL,LARO,PUESTOS DE SALUD O POSTAS DE SALUD,PUNO,LAMPA,NICASIO,210704,I-1,,ACTIVADO
GOBIERNO REGIONAL,SANTIAGO DE PUPUJA,PUESTOS DE SALUD O POSTAS DE SALUD,PUNO,AZANGARO,SANTIAGO DE PUPUJA,210214,I-2,,ACTIVADO
GOBIERNO REGIONAL,AUGUSTO B. LEGUIA,CENTROS DE SALUD O CENTROS MEDICOS,TACNA,TACNA,TACNA,230101,I-3,,ACTIVADO
GOBIERNO REGIONAL,HUACOCHULLO,PUESTOS DE SALUD O POSTAS DE SALUD,PUNO,PUNO,PICHACANI,210111,I-2,,ACTIVADO
GOBIERNO REGIONAL,ISLA,PUESTOS DE SALUD O POSTAS DE SALUD,PUNO,SAN ROMAN,JULIACA,211101,I-2,,ACTIVADO
GOBIERNO REGIONAL,LAS BEGONIAS,PUESTOS DE SALUD O POSTAS DE SALUD,TACNA,TACNA,CORONEL GREGORIO ALBARRACIN L.,230110,I-2,,ACTIVADO
GOBIERNO REGIONAL,SAN ISIDRO,PUESTOS DE SALUD O POSTAS DE SALUD,PUNO,AZANGARO,SAN ANTON,210211,I-1,,ACTIVADO
GOBIERNO REGIONAL,YANARICO,PUESTOS DE SALUD O POSTAS DE SALUD,PUNO,PUNO,VILQUE,210115,I-1,,ACTIVADO
GOBIERNO REGIONAL,NUEVO PACARAN,PUESTOS DE SALUD O POSTAS DE SALUD,MADRE DE DIOS,TAHUAMANU,TAHUAMANU,170303,I-1,,ACTIVADO
GOBIERNO REGIONAL,QUILAHUANI,PUESTOS DE SALUD O POSTAS DE SALUD,TACNA,CANDARAVE,QUILAHUANI,230206,I-2,,ACTIVADO
GOBIERNO REGIONAL,NICASIO,PUESTOS DE SALUD O POSTAS DE SALUD,PUNO,LAMPA,NICASIO,210704,I-2,,ACTIVADO
GOBIERNO REGIONAL,VILQUE,PUESTOS DE SALUD O POSTAS DE SALUD,PUNO,PUNO,VILQUE,210115,I-2,,ACTIVADO
GOBIERNO REGIONAL,RAMON COPAJA,PUESTOS DE SALUD O POSTAS DE SALUD,TACNA,TACNA,ALTO DE LA ALIANZA,230102,I-2,,ACTIVADO
GOBIERNO REGIONAL,LABORATORIO DE SALUD PUBLICA,PATOLOGIA CLINICA,TACNA,TACNA,TACNA,230101,Sin Categoría,,ACTIVADO
GOBIERNO REGIONAL,HOSPITAL HIPOLITO UNANUE DE TACNA,HOSPITALES O CLINICAS DE ATENCION GENERAL,TACNA,TACNA,TACNA,230101,II-2,224.0,ACTIVADO
GOBIERNO REGIONAL,METROPOLITANO,CENTROS DE SALUD O CENTROS MEDICOS,TACNA,TACNA,TACNA,230101,I-3,,ACTIVADO
GOBIERNO REGIONAL,SAN FRANCISCO,CENTROS DE SALUD CON CAMAS DE INTERNAMIENTO,TACNA,TACNA,CORONEL GREGORIO ALBARRACIN L.,230110,I-4,,ACTIVADO
GOBIERNO REGIONAL,VIÑANI,PUESTOS DE SALUD O POSTAS DE SALUD,TACNA,TACNA,CORONEL GREGORIO ALBARRACIN L.,230110,I-2,,ACTIVADO
GOBIERNO REGIONAL,CANDARAVE,CENTROS DE SALUD O CENTROS MEDICOS,TACNA,CANDARAVE,CANDARAVE,230201,I-3,,ACTIVADO
GOBIERNO REGIONAL,CABECERA MALINOSKI,PUESTOS DE SALUD O POSTAS DE SALUD,MADRE DE DIOS,TAMBOPATA,INAMBARI,170102,I-1,,ACTIVADO
GOBIERNO REGIONAL,JUAN VELASCO ALVARADO,PUESTOS DE SALUD O POSTAS DE SALUD,TACNA,TACNA,ALTO DE LA ALIANZA,230102,I-2,,ACTIVADO
GOBIERNO REGIONAL,BELLAVISTA CALLARU,PUESTOS DE SALUD O POSTAS DE SALUD,LORETO,MARISCAL RAMON CASTILLA,RAMON CASTILLA,160401,I-1,,ACTIVADO
ESSALUD,CENTRO  DE    ATENCION PRIMARIA  III  METROPOLITANO DE TACNA,POLICLINICOS,TACNA,TACNA,TACNA,230101,I-3,0.0,ACTIVADO
GOBIERNO REGIONAL,VISTA ALEGRE,PUESTOS DE SALUD O POSTAS DE SALUD,TACNA,TACNA,CORONEL GREGORIO ALBARRACIN L.,230110,I-2,,ACTIVADO
GOBIERNO REGIONAL,PUESTO DE SALUD ITUATA,PUESTOS DE SALUD O POSTAS DE SALUD,PUNO,CARABAYA,ITUATA,210307,I-2,,ACTIVADO
GOBIERNO REGIONAL,LEONCIO PRADO,CENTROS DE SALUD O CENTROS MEDICOS,TACNA,TACNA,TACNA,230101,I-3,,ACTIVADO
GOBIERNO REGIONAL,COLLANA CABANA,PUESTOS DE SALUD O POSTAS DE SALUD,PUNO,SAN ROMAN,CABANA,211102,I-1,,ACTIVADO
GOBIERNO REGIONAL,5 DE NOVIEMBRE,PUESTOS DE SALUD O POSTAS DE SALUD,TACNA,TACNA,CORONEL GREGORIO ALBARRACIN L.,230110,I-2,,ACTIVADO
GOBIERNO REGIONAL,LA ESPERANZA,CENTROS DE SALUD CON CAMAS DE INTERNAMIENTO,TACNA,TACNA,ALTO DE LA ALIANZA,230102,I-4,,ACTIVADO
GOBIERNO REGIONAL,CHIJCHIPANI,PUESTOS DE SALUD O POSTAS DE SALUD,PUNO,AZANGARO,SANTIAGO DE PUPUJA,210214,I-1,,ACTIVADO
GOBIERNO REGIONAL,ALTO ALIANZA,CENTROS DE SALUD O CENTROS MEDICOS,TACNA,TACNA,ALTO DE LA ALIANZA,230102,I-3,,ACTIVADO
GOBIERNO REGIONAL,ARICOTA,PUESTOS DE SALUD O POSTAS DE SALUD,TACNA,CANDARAVE,QUILAHUANI,230206,I-2,,ACTIVADO
GOBIERNO REGIONAL,CAÑICUTO,PUESTOS DE SALUD O POSTAS DE SALUD,PUNO,AZANGARO,SAN ANTON,210211,I-2,,ACTIVADO
GOBIERNO REGIONAL,TAYACCUCHO,PUESTOS DE SALUD O POSTAS DE SALUD,PUNO,CARABAYA,MACUSANI,210301,I-1,,ACTIVADO
GOBIERNO REGIONAL,JESUS MARIA,PUESTOS DE SALUD O POSTAS DE SALUD,TACNA,TACNA,TACNA,230101,I-2,,ACTIVADO
GOBIERNO REGIONAL,RANCHO PUCACHUPA,PUESTOS DE SALUD O POSTAS DE SALUD,PUNO,SAN ROMAN,JULIACA,211101,I-2,,ACTIVADO
GOBIERNO REGIONAL,FRANCISCO BOLOGNESI,CENTROS DE SALUD O CENTROS MEDICOS,TACNA,TACNA,TACNA,230101,I-3,,ACTIVADO
GOBIERNO REGIONAL,CIUDAD NUEVA,CENTROS DE SALUD CON CAMAS DE INTERNAMIENTO,TACNA,TACNA,CIUDAD NUEVA,230104,I-4,,ACTIVADO
GOBIERNO REGIONAL,CONO NORTE,PUESTOS DE SALUD O POSTAS DE SALUD,TACNA,TACNA,CIUDAD NUEVA,230104,I-2,,ACTIVADO
GOBIERNO REGIONAL,LA NATIVIDAD,CENTROS DE SALUD O CENTROS MEDICOS,TACNA,TACNA,TACNA,230101,I-3,,ACTIVADO
GOBIERNO REGIONAL,INTIORKO,PUESTOS DE SALUD O POSTAS DE SALUD,TACNA,TACNA,CIUDAD NUEVA,230104,I-2,,ACTIVADO
GOBIERNO REGIONAL,AJOYANI,CENTROS DE SALUD O CENTROS MEDICOS,PUNO,CARABAYA,AJOYANI,210302,I-3,,ACTIVADO
GOBIERNO REGIONAL,CALAPUJA,PUESTOS DE SALUD O POSTAS DE SALUD,PUNO,LAMPA,CALAPUJA,210703,I-2,,ACTIVADO
GOBIERNO REGIONAL,POCOLLAY,CENTROS DE SALUD O CENTROS MEDICOS,TACNA,TACNA,POCOLLAY,230108,I-3,,ACTIVADO
GOBIERNO REGIONAL,CHIPISPAYA,PUESTOS DE SALUD O POSTAS DE SALUD,TACNA,TARATA,HEROES ALBARRACIN,230402,I-2,,ACTIVADO
GOBIERNO REGIONAL,TAMBILLO,PUESTOS DE SALUD O POSTAS DE SALUD,PUNO,CARABAYA,ITUATA,210307,I-2,,ACTIVADO
GOBIERNO REGIONAL,SANTA CRUZ,PUESTOS DE SALUD O POSTAS DE SALUD,TACNA,CANDARAVE,CANDARAVE,230201,I-2,,ACTIVADO
ESSALUD,HOSPITAL III DANIEL ALCIDES CARRIÓN,HOSPITALES O CLINICAS DE ATENCION GENERAL,TACNA,TACNA,CALANA,230103,II-2,118.0,ACTIVADO
GOBIERNO REGIONAL,CONDORIRI,PUESTOS DE SALUD O POSTAS DE SALUD,PUNO,PUNO,TIQUILLACA,210114,I-1,,ACTIVADO
GOBIERNO REGIONAL,CARLOS CORNEJO ROSELLO,HOSPITALES O CLINICAS DE ATENCION GENERAL,PUNO,AZANGARO,AZANGARO,210201,II-1,45.0,ACTIVADO
GOBIERNO REGIONAL,MANTARO CHICO,PUESTOS DE SALUD O POSTAS DE SALUD,PUNO,AZANGARO,SANTIAGO DE PUPUJA,210214,I-1,,ACTIVADO
GOBIERNO REGIONAL,AYACACHI,PUESTOS DE SALUD O POSTAS DE SALUD,PUNO,SAN ROMAN,CABANA,211102,I-1,,ACTIVADO
GOBIERNO REGIONAL,TOTORA,PUESTOS DE SALUD O POSTAS DE SALUD,TACNA,CANDARAVE,CANDARAVE,230201,I-2,,ACTIVADO
GOBIERNO REGIONAL,CENTRO DE SALUD ALIANZA,CENTROS DE SALUD CON CAMAS DE INTERNAMIENTO,PUNO,AZANGARO,AZANGARO,210201,I-4,,ACTIVADO
GOBIERNO REGIONAL,CALANA,PUESTOS DE SALUD O POSTAS DE SALUD,TACNA,TACNA,CALANA,230103,I-2,,ACTIVADO
GOBIERNO REGIONAL,TIQUILLACA,PUESTOS DE SALUD O POSTAS DE SALUD,PUNO,PUNO,TIQUILLACA,210114,I-2,,ACTIVADO
GOBIERNO REGIONAL,UNOCOLLA,PUESTOS DE SALUD O POSTAS DE SALUD,PUNO,SAN ROMAN,JULIACA,211101,I-2,,ACTIVADO
GOBIERNO REGIONAL,CARLOS GUTIERREZ,PUESTOS DE SALUD O POSTAS DE SALUD,PUNO,AZANGARO,POTONI,210209,I-2,,ACTIVADO
GOBIERNO REGIONAL,CENTRAL ESQUEN,PUESTOS DE SALUD O POSTAS DE SALUD,PUNO,SAN ROMAN,JULIACA,211101,I-1,,ACTIVADO
GOBIERNO REGIONAL,CENTRO DE SALUD SAN JOSE,CENTROS DE SALUD O CENTROS MEDICOS,PUNO,AZANGARO,SAN JOSE,210212,I-3,,ACTIVADO
GOBIERNO REGIONAL,ACHAYA,PUESTOS DE SALUD O POSTAS DE SALUD,PUNO,AZANGARO,ACHAYA,210202,I-2,,ACTIVADO
GOBIERNO REGIONAL,PACHIA,PUESTOS DE SALUD O POSTAS DE SALUD,TACNA,TACNA,PACHIA,230106,I-2,,ACTIVADO
GOBIERNO REGIONAL,SANTA ADRIANA,CENTROS DE SALUD CON CAMAS DE INTERNAMIENTO,PUNO,SAN ROMAN,JULIACA,211101,I-4,,ACTIVADO
GOBIERNO REGIONAL,COLLANA JULIACA,PUESTOS DE SALUD O POSTAS DE SALUD,PUNO,SAN ROMAN,JULIACA,211101,I-1,,ACTIVADO
GOBIERNO REGIONAL,CHINGORA,PUESTOS DE SALUD O POSTAS DE SALUD,PUNO,SAN ROMAN,JULIACA,211101,I-1,,ACTIVADO
GOBIERNO REGIONAL,SANTA CATALINA,CENTROS DE SALUD O CENTROS MEDICOS,PUNO,SAN ROMAN,JULIACA,211101,I-3,,ACTIVADO
GOBIERNO REGIONAL,SANTA MARIA,PUESTOS DE SALUD O POSTAS DE SALUD,PUNO,SAN ROMAN,JULIACA,211101,I-2,,ACTIVADO
GOBIERNO REGIONAL,LOS CHOFERES,PUESTOS DE SALUD O POSTAS DE SALUD,PUNO,SAN ROMAN,JULIACA,211101,I-2,,ACTIVADO
GOBIERNO REGIONAL,ATUNCOLLA,CENTROS DE SALUD O CENTROS MEDICOS,PUNO,PUNO,ATUNCOLLA,210104,I-3,,ACTIVADO
GOBIERNO REGIONAL,P.S. PASTO GRANDE,PUESTOS DE SALUD O POSTAS DE SALUD,MOQUEGUA,MARISCAL NIETO,CARUMAS,180102,I-1,,ACTIVADO
GOBIERNO REGIONAL,JORGE CHAVEZ,CENTROS DE SALUD O CENTROS MEDICOS,PUNO,SAN ROMAN,JULIACA,211101,I-3,,ACTIVADO
GOBIERNO REGIONAL,MARIANO MELGAR,PUESTOS DE SALUD O POSTAS DE SALUD,PUNO,SAN ROMAN,SAN MIGUEL,211105,I-2,,ACTIVADO
GOBIERNO REGIONAL,ESCURI,PUESTOS DE SALUD O POSTAS DE SALUD,PUNO,SAN ROMAN,JULIACA,211101,I-1,,ACTIVADO
GOBIERNO REGIONAL,SITAJARA,PUESTOS DE SALUD O POSTAS DE SALUD,TACNA,TARATA,SITAJARA,230405,I-1,,ACTIVADO
GOBIERNO REGIONAL,SUSAPAYA,PUESTOS DE SALUD O POSTAS DE SALUD,TACNA,TARATA,SUSAPAYA,230406,I-2,,ACTIVADO
GOBIERNO REGIONAL,PICHACANI,PUESTOS DE SALUD O POSTAS DE SALUD,PUNO,PUNO,PICHACANI,210111,I-2,,ACTIVADO
GOBIERNO REGIONAL,CONO SUR,CENTROS DE SALUD CON CAMAS DE INTERNAMIENTO,PUNO,SAN ROMAN,JULIACA,211101,I-4,,ACTIVADO
GOBIERNO REGIONAL,JILATAMARCA,PUESTOS DE SALUD O POSTAS DE SALUD,PUNO,PUNO,PICHACANI,210111,I-1,,ACTIVADO
GOBIERNO REGIONAL,REVOLUCION,CENTROS DE SALUD O CENTROS MEDICOS,PUNO,SAN ROMAN,SAN MIGUEL,211105,I-3,,ACTIVADO
GOBIERNO REGIONAL,TAPARACHI,PUESTOS DE SALUD O POSTAS DE SALUD,PUNO,SAN ROMAN,JULIACA,211101,I-2,,ACTIVADO
GOBIERNO REGIONAL,CHUCATAMANI,PUESTOS DE SALUD O POSTAS DE SALUD,TACNA,TARATA,HEROES ALBARRACIN,230402,I-2,,ACTIVADO
GOBIERNO REGIONAL,VIRGEN DEL ROSARIO SOLLOCOTA,PUESTOS DE SALUD O POSTAS DE SALUD,PUNO,AZANGARO,SAN JOSE,210212,I-1,,ACTIVADO
GOBIERNO REGIONAL,CARLOS MONJE MEDRANO,HOSPITALES O CLINICAS DE ATENCION GENERAL,PUNO,SAN ROMAN,JULIACA,211101,II-2,188.0,ACTIVADO
GOBIERNO REGIONAL,YABROCO,PUESTOS DE SALUD O POSTAS DE SALUD,TACNA,TARATA,SUSAPAYA,230406,I-1,,ACTIVADO
GOBIERNO REGIONAL,SAN PEDRO COLLANA,PUESTOS DE SALUD O POSTAS DE SALUD,PUNO,AZANGARO,CAMINACA,210205,I-1,,ACTIVADO
GOBIERNO REGIONAL,9 DE OCTUBRE,PUESTOS DE SALUD O POSTAS DE SALUD,PUNO,SAN ROMAN,JULIACA,211101,I-2,,ACTIVADO
GOBIERNO REGIONAL,GUADALUPE,CENTROS DE SALUD O CENTROS MEDICOS,PUNO,SAN ROMAN,JULIACA,211101,I-3,,ACTIVADO
GOBIERNO REGIONAL,ARAPA,CENTROS DE SALUD CON CAMAS DE INTERNAMIENTO,PUNO,AZANGARO,ARAPA,210203,I-4,,ACTIVADO
GOBIERNO REGIONAL,POTONI,CENTROS DE SALUD O CENTROS MEDICOS,PUNO,AZANGARO,POTONI,210209,I-3,,ACTIVADO
GOBIERNO REGIONAL,SAN JUAN DE SALINAS,PUESTOS DE SALUD O POSTAS DE SALUD,PUNO,AZANGARO,SAN JUAN DE SALINAS,210213,I-2,,ACTIVADO
GOBIERNO REGIONAL,CARACOTO,CENTROS DE SALUD O CENTROS MEDICOS,PUNO,SAN ROMAN,CARACOTO,211104,I-3,,ACTIVADO
GOBIERNO REGIONAL,PUESTO DE SALUD HANAJQUIA,PUESTOS DE SALUD O POSTAS DE SALUD,PUNO,AZANGARO,AZANGARO,210201,I-1,,ACTIVADO
GOBIERNO REGIONAL,VILCAPATA,PUESTOS DE SALUD O POSTAS DE SALUD,PUNO,SAN ROMAN,JULIACA,211101,I-2,,ACTIVADO
GOBIERNO REGIONAL,PUESTO DE SALUD YAJCHATA,PUESTOS DE SALUD O POSTAS DE SALUD,PUNO,AZANGARO,AZANGARO,210201,I-1,,ACTIVADO
GOBIERNO REGIONAL,UPINA,PUESTOS DE SALUD O POSTAS DE SALUD,PUNO,CARABAYA,ITUATA,210307,I-2,,ACTIVADO
GOBIERNO REGIONAL,AYUSUMA,PUESTOS DE SALUD O POSTAS DE SALUD,PUNO,CARABAYA,COASA,210304,I-1,,ACTIVADO
GOBIERNO REGIONAL,CAMINACA,CENTROS DE SALUD O CENTROS MEDICOS,PUNO,AZANGARO,CAMINACA,210205,I-3,,ACTIVADO
GOBIERNO REGIONAL,CURAYLLU,PUESTOS DE SALUD O POSTAS DE SALUD,PUNO,AZANGARO,ARAPA,210203,I-1,,ACTIVADO
GOBIERNO REGIONAL,LARAQUERI,CENTROS DE SALUD O CENTROS MEDICOS,PUNO,PUNO,PICHACANI,210111,I-3,,ACTIVADO
GOBIERNO REGIONAL,PAUCARCOLLA,PUESTOS DE SALUD O POSTAS DE SALUD,PUNO,PUNO,PAUCARCOLLA,210110,I-2,,ACTIVADO
GOBIERNO REGIONAL,PUERTO ALEGRIA DE RAMON CASTILLA,PUESTOS DE SALUD O POSTAS DE SALUD,LORETO,MARISCAL RAMON CASTILLA,RAMON CASTILLA,160401,I-1,,ACTIVADO
GOBIERNO REGIONAL,IMPUCHI,PUESTOS DE SALUD O POSTAS DE SALUD,PUNO,AZANGARO,ARAPA,210203,I-1,,ACTIVADO
GOBIERNO REGIONAL,QUEJO MOCO,PUESTOS DE SALUD O POSTAS DE SALUD,PUNO,AZANGARO,SAMAN,210210,I-1,,ACTIVADO
GOBIERNO REGIONAL,HABITH HUMANITY,PUESTOS DE SALUD O POSTAS DE SALUD,PUNO,PUNO,PUNO,210101,I-1,,ACTIVADO
GOBIERNO REGIONAL,MORORCO,PUESTOS DE SALUD O POSTAS DE SALUD,PUNO,AZANGARO,MUÑANI,210208,I-2,,ACTIVADO
GOBIERNO REGIONAL,HIGUERANI,PUESTOS DE SALUD O POSTAS DE SALUD,TACNA,TACNA,PACHIA,230106,I-1,,ACTIVADO
GOBIERNO REGIONAL,UCHUHUMA,PUESTOS DE SALUD O POSTAS DE SALUD,PUNO,CARABAYA,COASA,210304,I-1,,ACTIVADO
GOBIERNO REGIONAL,TICACO,PUESTOS DE SALUD O POSTAS DE SALUD,TACNA,TARATA,TICACO,230408,I-2,,ACTIVADO
GOBIERNO REGIONAL,CANCHI GRANDE,PUESTOS DE SALUD O POSTAS DE SALUD,PUNO,SAN ROMAN,CARACOTO,211104,I-1,,ACTIVADO
GOBIERNO REGIONAL,ISLANDIA DEL YAVARI,CENTROS DE SALUD O CENTROS MEDICOS,LORETO,MARISCAL RAMON CASTILLA,YAVARI,160403,I-3,,ACTIVADO
GOBIERNO REGIONAL,JASSANA GRANDE,PUESTOS DE SALUD O POSTAS DE SALUD,PUNO,AZANGARO,SAMAN,210210,I-1,,ACTIVADO
GOBIERNO REGIONAL,AGUAS CALIENTES,PUESTOS DE SALUD O POSTAS DE SALUD,PUNO,PUNO,ACORA,210102,I-2,,ACTIVADO
GOBIERNO REGIONAL,TARATA,CENTROS DE SALUD O CENTROS MEDICOS,TACNA,TARATA,TARATA,230401,I-3,,ACTIVADO
GOBIERNO REGIONAL,JOSE ANTONIO ENCINAS,CENTROS DE SALUD CON CAMAS DE INTERNAMIENTO,PUNO,PUNO,PUNO,210101,I-4,5.0,ACTIVADO
GOBIERNO REGIONAL,VIRGEN DE LA CANDELARIA,PUESTOS DE SALUD O POSTAS DE SALUD,PUNO,PUNO,PUNO,210101,I-2,,ACTIVADO
GOBIERNO REGIONAL,TARUCACHI,PUESTOS DE SALUD O POSTAS DE SALUD,TACNA,TARATA,TARUCACHI,230407,I-2,,ACTIVADO
GOBIERNO REGIONAL,ESTIQUE PAMPA,PUESTOS DE SALUD O POSTAS DE SALUD,TACNA,TARATA,ESTIQUE PAMPA,230404,I-2,,ACTIVADO
GOBIERNO REGIONAL,4 DE NOVIEMBRE,CENTROS DE SALUD O CENTROS MEDICOS,PUNO,PUNO,PUNO,210101,I-3,,ACTIVADO
GOBIERNO REGIONAL,PUNTA PERDIDA,PUESTOS DE SALUD O POSTAS DE SALUD,PUNO,EL COLLAO,SANTA ROSA,210504,I-1,,ACTIVADO
GOBIERNO REGIONAL,HUARIJUYO,PUESTOS DE SALUD O POSTAS DE SALUD,PUNO,PUNO,PICHACANI,210111,I-1,,ACTIVADO
GOBIERNO REGIONAL,CRUCERO,CENTROS DE SALUD CON CAMAS DE INTERNAMIENTO,PUNO,CARABAYA,CRUCERO,210306,I-4,,ACTIVADO
GOBIERNO REGIONAL,MANUEL NUÑEZ BUTRON,HOSPITALES O CLINICAS DE ATENCION GENERAL,PUNO,PUNO,PUNO,210101,II-2,215.0,ACTIVADO
GOBIERNO REGIONAL,LABORATORIO DE REFERENCIA REGIONAL DE SALUD PUBLICA,"PATOLOGIA CLINICA,ANATOMIA PATOLOGICA",PUNO,PUNO,PUNO,210101,Sin Categoría,,ACTIVADO
GOBIERNO REGIONAL,METROPOLITANO PUNO,CENTROS DE SALUD O CENTROS MEDICOS,PUNO,PUNO,PUNO,210101,I-3,,ACTIVADO
GOBIERNO REGIONAL,VALLECITO,CENTROS DE SALUD O CENTROS MEDICOS,PUNO,PUNO,PUNO,210101,I-3,,ACTIVADO
GOBIERNO REGIONAL,SAMAN,CENTROS DE SALUD O CENTROS MEDICOS,PUNO,AZANGARO,SAMAN,210210,I-3,,ACTIVADO
GOBIERNO REGIONAL,SUCHIS,PUESTOS DE SALUD O POSTAS DE SALUD,PUNO,SAN ROMAN,CARACOTO,211104,I-1,,ACTIVADO
GOBIERNO REGIONAL,COAZA,CENTROS DE SALUD O CENTROS MEDICOS,PUNO,CARABAYA,COASA,210304,I-3,,ACTIVADO
GOBIERNO REGIONAL,PUERTO PUNO,PUESTOS DE SALUD O POSTAS DE SALUD,PUNO,PUNO,PUNO,210101,I-2,,ACTIVADO
GOBIERNO REGIONAL,MUNI CHICO,PUESTOS DE SALUD O POSTAS DE SALUD,PUNO,AZANGARO,SAMAN,210210,I-1,,ACTIVADO
GOBIERNO REGIONAL,SIMON BOLIVAR,CENTROS DE SALUD O CENTROS MEDICOS,PUNO,PUNO,PUNO,210101,I-3,,ACTIVADO
GOBIERNO REGIONAL,SALCEDO,PUESTOS DE SALUD O POSTAS DE SALUD,PUNO,PUNO,PUNO,210101,I-1,,ACTIVADO
GOBIERNO REGIONAL,MUNI GRANDE,PUESTOS DE SALUD O POSTAS DE SALUD,PUNO,AZANGARO,SAMAN,210210,I-1,,ACTIVADO
GOBIERNO REGIONAL,CHEJOÑA,PUESTOS DE SALUD O POSTAS DE SALUD,PUNO,PUNO,PUNO,210101,I-2,,ACTIVADO
ESSALUD,HOSPITAL BASE III (PUNO) - RED ASISTENCIAL PUNO,HOSPITALES O CLINICAS DE ATENCION ESPECIALIZADA,PUNO,PUNO,PUNO,210101,II-2,73.0,ACTIVADO
GOBIERNO REGIONAL,PUNCUCHUPA,PUESTOS DE SALUD O POSTAS DE SALUD,PUNO,AZANGARO,CHUPA,210206,I-1,,ACTIVADO
GOBIERNO REGIONAL,SALLACONI,PUESTOS DE SALUD O POSTAS DE SALUD,PUNO,CARABAYA,USICAYOS,210310,I-1,,ACTIVADO
GOBIERNO REGIONAL,COLLACACHI,PUESTOS DE SALUD O POSTAS DE SALUD,PUNO,PUNO,PICHACANI,210111,I-1,,ACTIVADO
GOBIERNO REGIONAL,CHUPA,CENTROS DE SALUD CON CAMAS DE INTERNAMIENTO,PUNO,AZANGARO,CHUPA,210206,I-4,,ACTIVADO
GOBIERNO REGIONAL,TALABAYA,PUESTOS DE SALUD O POSTAS DE SALUD,TACNA,TARATA,ESTIQUE,230403,I-2,,ACTIVADO
GOBIERNO REGIONAL,TARACO,CENTROS DE SALUD CON CAMAS DE INTERNAMIENTO,PUNO,HUANCANE,TARACO,210607,I-4,,ACTIVADO
GOBIERNO REGIONAL,CHUCARIPO,PUESTOS DE SALUD O POSTAS DE SALUD,PUNO,AZANGARO,SAMAN,210210,I-2,,ACTIVADO
GOBIERNO REGIONAL,HUATTA,PUESTOS DE SALUD O POSTAS DE SALUD,PUNO,PUNO,HUATA,210108,I-2,,ACTIVADO
GOBIERNO REGIONAL,JALLIHUAYA,PUESTOS DE SALUD O POSTAS DE SALUD,PUNO,PUNO,PUNO,210101,I-1,,ACTIVADO
GOBIERNO REGIONAL,USICAYOS,CENTROS DE SALUD O CENTROS MEDICOS,PUNO,CARABAYA,USICAYOS,210310,I-3,,ACTIVADO
GOBIERNO REGIONAL,TAHUANA,PUESTOS DE SALUD O POSTAS DE SALUD,PUNO,CARABAYA,COASA,210304,I-1,,ACTIVADO
GOBIERNO REGIONAL,PALCA,PUESTOS DE SALUD O POSTAS DE SALUD,TACNA,TACNA,PALCA,230107,I-2,,ACTIVADO
GOBIERNO REGIONAL,SORAZA,PUESTOS DE SALUD O POSTAS DE SALUD,PUNO,PUNO,COATA,210107,I-2,,ACTIVADO
GOBIERNO REGIONAL,HUANCOLLUSCO,PUESTOS DE SALUD O POSTAS DE SALUD,PUNO,HUANCANE,TARACO,210607,I-1,,ACTIVADO
GOBIERNO REGIONAL,SANTA ROSA DE RAMON CASTILLA,CENTROS DE SALUD O CENTROS MEDICOS,LORETO,MARISCAL RAMON CASTILLA,YAVARI,160403,I-3,,ACTIVADO
GOBIERNO REGIONAL,MUÑANI,CENTROS DE SALUD CON CAMAS DE INTERNAMIENTO,PUNO,AZANGARO,MUÑANI,210208,I-4,,ACTIVADO
GOBIERNO REGIONAL,SUCASCO,PUESTOS DE SALUD O POSTAS DE SALUD,PUNO,PUNO,COATA,210107,I-1,,ACTIVADO
GOBIERNO REGIONAL,JAYAVE,PUESTOS DE SALUD O POSTAS DE SALUD,MADRE DE DIOS,TAMBOPATA,INAMBARI,170102,I-1,,ACTIVADO
GOBIERNO REGIONAL,COATA,CENTROS DE SALUD O CENTROS MEDICOS,PUNO,PUNO,COATA,210107,I-3,,ACTIVADO
GOBIERNO REGIONAL,INCHUPALLA,PUESTOS DE SALUD O POSTAS DE SALUD,PUNO,PUNO,PICHACANI,210111,I-1,,ACTIVADO
GOBIERNO REGIONAL,TOQUELA,PUESTOS DE SALUD O POSTAS DE SALUD,TACNA,TACNA,PACHIA,230106,I-1,,ACTIVADO
GOBIERNO REGIONAL,CAPLINA,PUESTOS DE SALUD O POSTAS DE SALUD,TACNA,TACNA,PACHIA,230106,I-2,,ACTIVADO
GOBIERNO REGIONAL,JASANA POCCELIN,PUESTOS DE SALUD O POSTAS DE SALUD,PUNO,HUANCANE,TARACO,210607,I-1,,ACTIVADO
GOBIERNO REGIONAL,CHUCAHUACAS,PUESTOS DE SALUD O POSTAS DE SALUD,PUNO,AZANGARO,CHUPA,210206,I-1,,ACTIVADO
GOBIERNO REGIONAL,ORURO,PUESTOS DE SALUD O POSTAS DE SALUD,PUNO,CARABAYA,CRUCERO,210306,I-1,,ACTIVADO
GOBIERNO REGIONAL,PUSI,CENTROS DE SALUD O CENTROS MEDICOS,PUNO,HUANCANE,PUSI,210605,I-3,,ACTIVADO
GOBIERNO REGIONAL,ICHU,PUESTOS DE SALUD O POSTAS DE SALUD,PUNO,PUNO,PUNO,210101,I-2,,ACTIVADO
GOBIERNO REGIONAL,ESQUENA,PUESTOS DE SALUD O POSTAS DE SALUD,PUNO,CARABAYA,COASA,210304,I-2,,ACTIVADO
GOBIERNO REGIONAL,CARUCAYA,PUESTOS DE SALUD O POSTAS DE SALUD,PUNO,PUNO,PICHACANI,210111,I-1,,ACTIVADO
GOBIERNO REGIONAL,CHOCCO,PUESTOS DE SALUD O POSTAS DE SALUD,PUNO,AZANGARO,CHUPA,210206,I-1,,ACTIVADO
GOBIERNO REGIONAL,CHACAMARCA,PUESTOS DE SALUD O POSTAS DE SALUD,PUNO,AZANGARO,SAMAN,210210,I-1,,ACTIVADO
GOBIERNO REGIONAL,CARUMAS,PUESTOS DE SALUD O POSTAS DE SALUD,PUNO,PUNO,ACORA,210102,I-2,,ACTIVADO
GOBIERNO REGIONAL,PUQUIS,PUESTOS DE SALUD O POSTAS DE SALUD,PUNO,HUANCANE,TARACO,210607,I-1,,ACTIVADO
GOBIERNO REGIONAL,VILAVILANI,PUESTOS DE SALUD O POSTAS DE SALUD,TACNA,TACNA,PALCA,230107,I-2,,ACTIVADO
GOBIERNO REGIONAL,VUELTA GRANDE,PUESTOS DE SALUD O POSTAS DE SALUD,MADRE DE DIOS,TAMBOPATA,LABERINTO,170104,I-1,,ACTIVADO
GOBIERNO REGIONAL,ESCALLANI,PUESTOS DE SALUD O POSTAS DE SALUD,PUNO,PUNO,CAPACHICA,210105,I-2,,ACTIVADO
GOBIERNO REGIONAL,ISAÑURA,PUESTOS DE SALUD O POSTAS DE SALUD,PUNO,PUNO,CAPACHICA,210105,I-2,,ACTIVADO
GOBIERNO REGIONAL,SACUYO RIO GRANDE,PUESTOS DE SALUD O POSTAS DE SALUD,PUNO,PUNO,ACORA,210102,I-1,,ACTIVADO
GOBIERNO REGIONAL,OSCOROQUE,PUESTOS DE SALUD O POSTAS DE SALUD,PUNO,CARABAYA,CRUCERO,210306,I-1,,ACTIVADO
GOBIERNO REGIONAL,CUCHOCHACAMARCA,PUESTOS DE SALUD O POSTAS DE SALUD,PUNO,HUANCANE,HUANCANE,210601,I-1,,ACTIVADO
GOBIERNO REGIONAL,CHUCUITO,CENTROS DE SALUD O CENTROS MEDICOS,PUNO,PUNO,CHUCUITO,210106,I-3,,ACTIVADO
GOBIERNO REGIONAL,PEDRO VILCAPAZA,PUESTOS DE SALUD O POSTAS DE SALUD,PUNO,SAN ANTONIO DE PUTINA,PEDRO VILCA APAZA,211003,I-2,,ACTIVADO
GOBIERNO REGIONAL,HUAYLLAHUECO,PUESTOS DE SALUD O POSTAS DE SALUD,PUNO,PUNO,PLATERIA,210112,I-1,,ACTIVADO
GOBIERNO REGIONAL,RAMIS,PUESTOS DE SALUD O POSTAS DE SALUD,PUNO,HUANCANE,TARACO,210607,I-1,,ACTIVADO
GOBIERNO REGIONAL,PUTINA,CENTROS DE SALUD CON CAMAS DE INTERNAMIENTO,PUNO,SAN ANTONIO DE PUTINA,PUTINA,211001,I-4,7.0,ACTIVADO
GOBIERNO REGIONAL,CAMATA,PUESTOS DE SALUD O POSTAS DE SALUD,PUNO,PUNO,PLATERIA,210112,I-1,,ACTIVADO
GOBIERNO REGIONAL,HUANCHO,PUESTOS DE SALUD O POSTAS DE SALUD,PUNO,HUANCANE,HUANCANE,210601,I-1,,ACTIVADO
GOBIERNO REGIONAL,CALLAZA,PUESTOS DE SALUD O POSTAS DE SALUD,PUNO,CHUCUITO,HUACULLANI,210403,I-2,,ACTIVADO
GOBIERNO REGIONAL,SANTA ROSA DEL COLLAO,PUESTOS DE SALUD O POSTAS DE SALUD,PUNO,EL COLLAO,SANTA ROSA,210504,I-2,,ACTIVADO
GOBIERNO REGIONAL,CHICHILLAPI,PUESTOS DE SALUD O POSTAS DE SALUD,PUNO,EL COLLAO,SANTA ROSA,210504,I-1,,ACTIVADO
GOBIERNO REGIONAL,PLATERIA,PUESTOS DE SALUD O POSTAS DE SALUD,PUNO,PUNO,PLATERIA,210112,I-2,,ACTIVADO
GOBIERNO REGIONAL,CAPACHICA,CENTROS DE SALUD O CENTROS MEDICOS,PUNO,PUNO,CAPACHICA,210105,I-3,,ACTIVADO
GOBIERNO REGIONAL,LAGARTO,PUESTOS DE SALUD O POSTAS DE SALUD,MADRE DE DIOS,TAMBOPATA,LABERINTO,170104,I-1,,ACTIVADO
GOBIERNO REGIONAL,SACO,PUESTOS DE SALUD O POSTAS DE SALUD,PUNO,CARABAYA,COASA,210304,I-1,,ACTIVADO
GOBIERNO REGIONAL,COCHIRAYA,PUESTOS DE SALUD O POSTAS DE SALUD,PUNO,PUNO,CHUCUITO,210106,I-2,,ACTIVADO
GOBIERNO REGIONAL,CCOTA,PUESTOS DE SALUD O POSTAS DE SALUD,PUNO,PUNO,PLATERIA,210112,I-1,,ACTIVADO
GOBIERNO REGIONAL,LUQUINA CHICO,PUESTOS DE SALUD O POSTAS DE SALUD,PUNO,PUNO,CHUCUITO,210106,I-1,,ACTIVADO
GOBIERNO REGIONAL,ACOCOLLO,PUESTOS DE SALUD O POSTAS DE SALUD,PUNO,HUANCANE,HUANCANE,210601,I-1,,ACTIVADO
GOBIERNO REGIONAL,HUANACAMAYA,PUESTOS DE SALUD O POSTAS DE SALUD,PUNO,EL COLLAO,SANTA ROSA,210504,I-1,,ACTIVADO
GOBIERNO REGIONAL,YAPURA,PUESTOS DE SALUD O POSTAS DE SALUD,PUNO,PUNO,CAPACHICA,210105,I-1,,ACTIVADO
GOBIERNO REGIONAL,TEJENA PATA,PUESTOS DE SALUD O POSTAS DE SALUD,PUNO,HUANCANE,HUANCANE,210601,I-1,,ACTIVADO
GOBIERNO REGIONAL,CHURO,PUESTOS DE SALUD O POSTAS DE SALUD,PUNO,PUNO,CHUCUITO,210106,I-2,,ACTIVADO
GOBIERNO REGIONAL,HUATASANI,PUESTOS DE SALUD O POSTAS DE SALUD,PUNO,HUANCANE,HUATASANI,210603,I-1,,ACTIVADO
GOBIERNO REGIONAL,ACORA,CENTROS DE SALUD O CENTROS MEDICOS,PUNO,PUNO,ACORA,210102,I-3,,ACTIVADO
GOBIERNO REGIONAL,PERKA,PUESTOS DE SALUD O POSTAS DE SALUD,PUNO,PUNO,PLATERIA,210112,I-2,,ACTIVADO
GOBIERNO REGIONAL,COHASIA,PUESTOS DE SALUD O POSTAS DE SALUD,PUNO,HUANCANE,HUANCANE,210601,I-1,,ACTIVADO
GOBIERNO REGIONAL,LLACHON,PUESTOS DE SALUD O POSTAS DE SALUD,PUNO,PUNO,CAPACHICA,210105,I-2,,ACTIVADO
GOBIERNO REGIONAL,CAPILLA PAMPA,PUESTOS DE SALUD O POSTAS DE SALUD,PUNO,SANDIA,PATAMBUCO,211204,I-1,,ACTIVADO
GOBIERNO REGIONAL,PALLALLA,PUESTOS DE SALUD O POSTAS DE SALUD,PUNO,PUNO,PLATERIA,210112,I-1,,ACTIVADO
GOBIERNO REGIONAL,CCOTOS,PUESTOS DE SALUD O POSTAS DE SALUD,PUNO,PUNO,CAPACHICA,210105,I-1,,ACTIVADO
GOBIERNO REGIONAL,TAIPISIRCA,PUESTOS DE SALUD O POSTAS DE SALUD,PUNO,PUNO,ACORA,210102,I-1,,ACTIVADO
GOBIERNO REGIONAL,HUAYLLAPATA,PUESTOS DE SALUD O POSTAS DE SALUD,PUNO,SAN ANTONIO DE PUTINA,PUTINA,211001,I-2,,ACTIVADO
GOBIERNO REGIONAL,CUYURAYA,PUESTOS DE SALUD O POSTAS DE SALUD,PUNO,HUANCANE,HUANCANE,210601,I-1,,ACTIVADO
GOBIERNO REGIONAL,CUCHO ESQUEÑA,PUESTOS DE SALUD O POSTAS DE SALUD,PUNO,PUNO,ACORA,210102,I-1,,ACTIVADO
GOBIERNO REGIONAL,TOTORANI,PUESTOS DE SALUD O POSTAS DE SALUD,PUNO,PUNO,ACORA,210102,I-2,,ACTIVADO
GOBIERNO REGIONAL,HOSPITAL LUCIO ALDAZABAL PAUCA,HOSPITALES O CLINICAS DE ATENCION GENERAL,PUNO,HUANCANE,HUANCANE,210601,II-1,30.0,ACTIVADO
GOBIERNO REGIONAL,COTAPATA,PUESTOS DE SALUD O POSTAS DE SALUD,PUNO,HUANCANE,HUANCANE,210601,I-2,,ACTIVADO
GOBIERNO REGIONAL,CARITAMAYA,PUESTOS DE SALUD O POSTAS DE SALUD,PUNO,PUNO,ACORA,210102,I-2,,ACTIVADO
GOBIERNO REGIONAL,VISCACHANI,PUESTOS DE SALUD O POSTAS DE SALUD,PUNO,HUANCANE,HUANCANE,210601,I-1,,ACTIVADO
GOBIERNO REGIONAL,HUARISANI,PUESTOS DE SALUD O POSTAS DE SALUD,PUNO,HUANCANE,HUANCANE,210601,I-1,,ACTIVADO
GOBIERNO REGIONAL,CULTA,PUESTOS DE SALUD O POSTAS DE SALUD,PUNO,PUNO,ACORA,210102,I-2,,ACTIVADO
GOBIERNO REGIONAL,CAPASO,PUESTOS DE SALUD O POSTAS DE SALUD,PUNO,EL COLLAO,CAPASO,210502,I-2,,ACTIVADO
GOBIERNO REGIONAL,CORACORANI,PUESTOS DE SALUD O POSTAS DE SALUD,TACNA,TARATA,TARATA,230401,I-2,,ACTIVADO
GOBIERNO REGIONAL,CHALLAPUJO SUYO,PUESTOS DE SALUD O POSTAS DE SALUD,PUNO,EL COLLAO,ILAVE,210501,I-2,,ACTIVADO
GOBIERNO REGIONAL,CHANCACHI,PUESTOS DE SALUD O POSTAS DE SALUD,PUNO,PUNO,ACORA,210102,I-1,,ACTIVADO
GOBIERNO REGIONAL,ESTABLECIMIENTO DE SALUD TITILACA,PUESTOS DE SALUD O POSTAS DE SALUD,PUNO,PUNO,PLATERIA,210112,I-1,,ACTIVADO
GOBIERNO REGIONAL,QUILCAPUNCO,PUESTOS DE SALUD O POSTAS DE SALUD,PUNO,SAN ANTONIO DE PUTINA,QUILCAPUNCU,211004,I-2,,ACTIVADO
GOBIERNO REGIONAL,BELGICA,PUESTOS DE SALUD O POSTAS DE SALUD,MADRE DE DIOS,TAHUAMANU,IÑAPARI,170301,I-1,,ACTIVADO
GOBIERNO REGIONAL,ULLACACHI,PUESTOS DE SALUD O POSTAS DE SALUD,PUNO,EL COLLAO,ILAVE,210501,I-2,,ACTIVADO
GOBIERNO REGIONAL,AMANTANI,PUESTOS DE SALUD O POSTAS DE SALUD,PUNO,PUNO,AMANTANI,210103,I-2,,ACTIVADO
GOBIERNO REGIONAL,CONCHACHIRI,PUESTOS DE SALUD O POSTAS DE SALUD,TACNA,TARATA,TARATA,230401,I-2,,ACTIVADO
GOBIERNO REGIONAL,MAZOCRUZ,CENTROS DE SALUD CON CAMAS DE INTERNAMIENTO,PUNO,EL COLLAO,SANTA ROSA,210504,I-4,,ACTIVADO
GOBIERNO REGIONAL,AMPARANI,PUESTOS DE SALUD O POSTAS DE SALUD,PUNO,PUNO,ACORA,210102,I-2,,ACTIVADO
GOBIERNO REGIONAL,HUALLATIRI,PUESTOS DE SALUD O POSTAS DE SALUD,PUNO,HUANCANE,VILQUE CHICO,210608,I-1,,ACTIVADO
GOBIERNO REGIONAL,MUNAYPA,PUESTOS DE SALUD O POSTAS DE SALUD,PUNO,HUANCANE,INCHUPALLA,210604,I-1,,ACTIVADO
GOBIERNO REGIONAL,CAPALLA,PUESTOS DE SALUD O POSTAS DE SALUD,PUNO,PUNO,ACORA,210102,I-1,,ACTIVADO
GOBIERNO REGIONAL,CONDURIRI,CENTROS DE SALUD O CENTROS MEDICOS,PUNO,EL COLLAO,CONDURIRI,210505,I-3,,ACTIVADO
GOBIERNO REGIONAL,HUANCASAYANI,PUESTOS DE SALUD O POSTAS DE SALUD,PUNO,SANDIA,LIMBANI,211203,I-1,,ACTIVADO
GOBIERNO REGIONAL,SANTA ROSA YANAQUE,PUESTOS DE SALUD O POSTAS DE SALUD,PUNO,PUNO,ACORA,210102,I-2,,ACTIVADO
GOBIERNO REGIONAL,VILUTA,PUESTOS DE SALUD O POSTAS DE SALUD,PUNO,EL COLLAO,CAPASO,210502,I-1,,ACTIVADO
GOBIERNO REGIONAL,THUNCO,PUESTOS DE SALUD O POSTAS DE SALUD,PUNO,PUNO,ACORA,210102,I-1,,ACTIVADO
GOBIERNO REGIONAL,VILLASOCA,PUESTOS DE SALUD O POSTAS DE SALUD,PUNO,PUNO,ACORA,210102,I-2,,ACTIVADO
GOBIERNO REGIONAL,LIMBANI,PUESTOS DE SALUD O POSTAS DE SALUD,PUNO,SANDIA,LIMBANI,211203,I-2,,ACTIVADO
GOBIERNO REGIONAL,CHIJICHAYA,CENTROS DE SALUD O CENTROS MEDICOS,PUNO,EL COLLAO,ILAVE,210501,I-3,,ACTIVADO
GOBIERNO REGIONAL,CANU CANU,PUESTOS DE SALUD O POSTAS DE SALUD,PUNO,SANDIA,PATAMBUCO,211204,I-1,,ACTIVADO
GOBIERNO REGIONAL,TAQUILE,PUESTOS DE SALUD O POSTAS DE SALUD,PUNO,PUNO,AMANTANI,210103,I-2,,ACTIVADO
GOBIERNO REGIONAL,VILQUECHICO,CENTROS DE SALUD CON CAMAS DE INTERNAMIENTO,PUNO,HUANCANE,VILQUE CHICO,210608,I-4,,ACTIVADO
GOBIERNO REGIONAL,INCHUPALLA,PUESTOS DE SALUD O POSTAS DE SALUD,PUNO,HUANCANE,INCHUPALLA,210604,I-2,,ACTIVADO
GOBIERNO REGIONAL,ALTO PERU,CENTROS DE SALUD O CENTROS MEDICOS,TACNA,TACNA,PALCA,230107,I-3,,ACTIVADO
GOBIERNO REGIONAL,PUNA AYLLU,PUESTOS DE SALUD O POSTAS DE SALUD,PUNO,SANDIA,PATAMBUCO,211204,I-1,,ACTIVADO
GOBIERNO REGIONAL,PHARA,CENTROS DE SALUD O CENTROS MEDICOS,PUNO,SANDIA,PHARA,211205,I-3,,ACTIVADO
GOBIERNO REGIONAL,JACHOCCO HUARACCO,PUESTOS DE SALUD O POSTAS DE SALUD,PUNO,EL COLLAO,ILAVE,210501,I-1,,ACTIVADO
GOBIERNO REGIONAL,CRUCERO,PUESTOS DE SALUD O POSTAS DE SALUD,PUNO,PUNO,ACORA,210102,I-1,,ACTIVADO
GOBIERNO REGIONAL,COCOSANI,PUESTOS DE SALUD O POSTAS DE SALUD,PUNO,PUNO,ACORA,210102,I-1,,ACTIVADO
GOBIERNO REGIONAL,CHILUYO,PUESTOS DE SALUD O POSTAS DE SALUD,TACNA,TARATA,TARATA,230401,I-1,,ACTIVADO
GOBIERNO REGIONAL,CHECCA,CENTROS DE SALUD O CENTROS MEDICOS,PUNO,EL COLLAO,ILAVE,210501,I-3,,ACTIVADO
GOBIERNO REGIONAL,BOCA UNION,PUESTOS DE SALUD O POSTAS DE SALUD,MADRE DE DIOS,TAMBOPATA,LABERINTO,170104,I-2,,ACTIVADO
GOBIERNO REGIONAL,ROSARIO ALTO ANCOMARCA,PUESTOS DE SALUD O POSTAS DE SALUD,PUNO,EL COLLAO,CAPASO,210502,I-1,,ACTIVADO
GOBIERNO REGIONAL,SICTA,PUESTOS DE SALUD O POSTAS DE SALUD,PUNO,HUANCANE,VILQUE CHICO,210608,I-1,,ACTIVADO
GOBIERNO REGIONAL,CENTRO DE SALUD METROPOLITANO ILAVE,CENTROS DE SALUD O CENTROS MEDICOS,PUNO,EL COLLAO,ILAVE,210501,I-3,,ACTIVADO
GOBIERNO REGIONAL,ILAVE,HOSPITALES O CLINICAS DE ATENCION GENERAL,PUNO,EL COLLAO,ILAVE,210501,II-1,35.0,ACTIVADO
GOBIERNO REGIONAL,CHURO LOPEZ,PUESTOS DE SALUD O POSTAS DE SALUD,PUNO,EL COLLAO,ILAVE,210501,I-2,,ACTIVADO
GOBIERNO REGIONAL,VILLA JACANTAYA,PUESTOS DE SALUD O POSTAS DE SALUD,PUNO,MOHO,MOHO,210901,I-1,,ACTIVADO
GOBIERNO REGIONAL,ORIENTAL,PUESTOS DE SALUD O POSTAS DE SALUD,PUNO,SANDIA,CUYOCUYO,211202,I-1,,ACTIVADO
GOBIERNO REGIONAL,KANKORA,PUESTOS DE SALUD O POSTAS DE SALUD,PUNO,EL COLLAO,ILAVE,210501,I-2,,ACTIVADO
GOBIERNO REGIONAL,TUPALA,PUESTOS DE SALUD O POSTAS DE SALUD,PUNO,EL COLLAO,CAPASO,210502,I-2,,ACTIVADO
GOBIERNO REGIONAL,PACCO RISALAZO,PUESTOS DE SALUD O POSTAS DE SALUD,PUNO,EL COLLAO,ILAVE,210501,I-2,,ACTIVADO
GOBIERNO REGIONAL,CHUA,PUESTOS DE SALUD O POSTAS DE SALUD,PUNO,EL COLLAO,CAPASO,210502,I-1,,ACTIVADO
GOBIERNO REGIONAL,JAYU JAYU,PUESTOS DE SALUD O POSTAS DE SALUD,PUNO,PUNO,ACORA,210102,I-2,,ACTIVADO
GOBIERNO REGIONAL,SISINAHUYO,PUESTOS DE SALUD O POSTAS DE SALUD,PUNO,HUANCANE,VILQUE CHICO,210608,I-1,,ACTIVADO
GOBIERNO REGIONAL,JACHAJAA,PUESTOS DE SALUD O POSTAS DE SALUD,PUNO,MOHO,MOHO,210901,I-2,,ACTIVADO
GOBIERNO REGIONAL,JACHAPARU,PUESTOS DE SALUD O POSTAS DE SALUD,PUNO,MOHO,MOHO,210901,I-1,,ACTIVADO
GOBIERNO REGIONAL,SAN JUAN QUISHUARANI,PUESTOS DE SALUD O POSTAS DE SALUD,PUNO,HUANCANE,VILQUE CHICO,210608,I-2,,ACTIVADO
GOBIERNO REGIONAL,CHEJANI,PUESTOS DE SALUD O POSTAS DE SALUD,PUNO,SANDIA,PHARA,211205,I-1,,ACTIVADO
GOBIERNO REGIONAL,FLOR DE ACRE,PUESTOS DE SALUD O POSTAS DE SALUD,MADRE DE DIOS,TAHUAMANU,IBERIA,170302,I-2,,ACTIVADO
GOBIERNO REGIONAL,PATAMBUCO,CENTROS DE SALUD O CENTROS MEDICOS,PUNO,SANDIA,PATAMBUCO,211204,I-3,,ACTIVADO
GOBIERNO REGIONAL,SALES GRANDE,PUESTOS DE SALUD O POSTAS DE SALUD,PUNO,EL COLLAO,CONDURIRI,210505,I-1,,ACTIVADO
GOBIERNO REGIONAL,PUNA LAQUEQUE,PUESTOS DE SALUD O POSTAS DE SALUD,PUNO,SANDIA,CUYOCUYO,211202,I-1,,ACTIVADO
GOBIERNO REGIONAL,NUEVA ESPERANZA,PUESTOS DE SALUD O POSTAS DE SALUD,MADRE DE DIOS,TAHUAMANU,IÑAPARI,170301,I-1,,ACTIVADO
GOBIERNO REGIONAL,CHILACOLLO,PUESTOS DE SALUD O POSTAS DE SALUD,PUNO,EL COLLAO,ILAVE,210501,I-1,,ACTIVADO
GOBIERNO REGIONAL,CORARACA,PUESTOS DE SALUD O POSTAS DE SALUD,PUNO,EL COLLAO,ILAVE,210501,I-1,,ACTIVADO
GOBIERNO REGIONAL,CHUCARAYA,PUESTOS DE SALUD O POSTAS DE SALUD,PUNO,EL COLLAO,ILAVE,210501,I-2,,ACTIVADO
GOBIERNO REGIONAL,TIQUI TIQUI,PUESTOS DE SALUD O POSTAS DE SALUD,PUNO,HUANCANE,VILQUE CHICO,210608,I-1,,ACTIVADO
GOBIERNO REGIONAL,LABERINTO,PUESTOS DE SALUD O POSTAS DE SALUD,MADRE DE DIOS,TAMBOPATA,LABERINTO,170104,I-2,,ACTIVADO
GOBIERNO REGIONAL,LAQUI,PUESTOS DE SALUD O POSTAS DE SALUD,PUNO,PUNO,ACORA,210102,I-1,,ACTIVADO
GOBIERNO REGIONAL,ANCOAMAYA,PUESTOS DE SALUD O POSTAS DE SALUD,PUNO,EL COLLAO,ILAVE,210501,I-2,,ACTIVADO
GOBIERNO REGIONAL,TICANI CARIQUITA,PUESTOS DE SALUD O POSTAS DE SALUD,PUNO,HUANCANE,ROSASPATA,210606,I-1,,ACTIVADO
GOBIERNO REGIONAL,ANCOMARCA,PUESTOS DE SALUD O POSTAS DE SALUD,TACNA,TACNA,PALCA,230107,I-1,,ACTIVADO
GOBIERNO REGIONAL,IÑAPARI,PUESTOS DE SALUD O POSTAS DE SALUD,MADRE DE DIOS,TAHUAMANU,IÑAPARI,170301,I-2,,ACTIVADO
GOBIERNO REGIONAL,PRIMAVERA,PUESTOS DE SALUD O POSTAS DE SALUD,MADRE DE DIOS,TAHUAMANU,IÑAPARI,170301,I-1,,ACTIVADO
GOBIERNO REGIONAL,PROVIDENCIA,PUESTOS DE SALUD O POSTAS DE SALUD,PUNO,EL COLLAO,SANTA ROSA,210504,I-1,,ACTIVADO
GOBIERNO REGIONAL,CAMICACHI,CENTROS DE SALUD O CENTROS MEDICOS,PUNO,EL COLLAO,ILAVE,210501,I-3,,ACTIVADO
GOBIERNO REGIONAL,UMUCHI,PUESTOS DE SALUD O POSTAS DE SALUD,PUNO,MOHO,MOHO,210901,I-1,,ACTIVADO
GOBIERNO REGIONAL,SULLCACATURA,PUESTOS DE SALUD O POSTAS DE SALUD,PUNO,PUNO,ACORA,210102,I-1,,ACTIVADO
GOBIERNO REGIONAL,SOLITARIO,PUESTOS DE SALUD O POSTAS DE SALUD,PUNO,HUANCANE,VILQUE CHICO,210608,I-2,,ACTIVADO
GOBIERNO REGIONAL,PILCUYO,CENTROS DE SALUD CON CAMAS DE INTERNAMIENTO,PUNO,EL COLLAO,PILCUYO,210503,I-4,,ACTIVADO
GOBIERNO REGIONAL,ALTO PAVITA,PUESTOS DE SALUD O POSTAS DE SALUD,PUNO,CHUCUITO,ZEPITA,210407,I-2,,ACTIVADO
GOBIERNO REGIONAL,CHILINA,PUESTOS DE SALUD O POSTAS DE SALUD,MADRE DE DIOS,TAHUAMANU,IBERIA,170302,I-1,,ACTIVADO
GOBIERNO REGIONAL,ALTO CAZADOR,PUESTOS DE SALUD O POSTAS DE SALUD,PUNO,HUANCANE,VILQUE CHICO,210608,I-2,,ACTIVADO
GOBIERNO REGIONAL,ANANEA,CENTROS DE SALUD CON CAMAS DE INTERNAMIENTO,PUNO,SAN ANTONIO DE PUTINA,ANANEA,211002,I-4,,ACTIVADO
GOBIERNO REGIONAL,RIO KAÑO,PUESTOS DE SALUD O POSTAS DE SALUD,TACNA,TACNA,PALCA,230107,I-2,,ACTIVADO
GOBIERNO REGIONAL,MULLACONTIHUECO,CENTROS DE SALUD O CENTROS MEDICOS,PUNO,EL COLLAO,ILAVE,210501,I-3,,ACTIVADO
GOBIERNO REGIONAL,CUYO CUYO,CENTROS DE SALUD CON CAMAS DE INTERNAMIENTO,PUNO,SANDIA,CUYOCUYO,211202,I-4,,ACTIVADO
GOBIERNO REGIONAL,MARCUYO,PUESTOS DE SALUD O POSTAS DE SALUD,PUNO,EL COLLAO,PILCUYO,210503,I-2,,ACTIVADO
GOBIERNO REGIONAL,ROSACANI,PUESTOS DE SALUD O POSTAS DE SALUD,PUNO,EL COLLAO,ILAVE,210501,I-2,,ACTIVADO
GOBIERNO REGIONAL,ROSASPATA,CENTROS DE SALUD CON CAMAS DE INTERNAMIENTO,PUNO,HUANCANE,ROSASPATA,210606,I-4,3.0,ACTIVADO
GOBIERNO REGIONAL,SARAPI ARROYO,PUESTOS DE SALUD O POSTAS DE SALUD,PUNO,EL COLLAO,PILCUYO,210503,I-2,,ACTIVADO
GOBIERNO REGIONAL,PACUNCANI CALLATA,PUESTOS DE SALUD O POSTAS DE SALUD,PUNO,EL COLLAO,ILAVE,210501,I-2,,ACTIVADO
GOBIERNO REGIONAL,MAQUERCOTA,PUESTOS DE SALUD O POSTAS DE SALUD,PUNO,EL COLLAO,PILCUYO,210503,I-2,,ACTIVADO
GOBIERNO REGIONAL,CHIPANA,CENTROS DE SALUD O CENTROS MEDICOS,PUNO,EL COLLAO,PILCUYO,210503,I-3,,ACTIVADO
GOBIERNO REGIONAL,MOHO,CENTROS DE SALUD CON CAMAS DE INTERNAMIENTO,PUNO,MOHO,MOHO,210901,I-4,6.0,ACTIVADO
GOBIERNO REGIONAL,SAN MARTIN DE PORRES,PUESTOS DE SALUD O POSTAS DE SALUD,MADRE DE DIOS,TAHUAMANU,IBERIA,170302,I-1,,ACTIVADO
GOBIERNO REGIONAL,SAN MARTIN DE PORRES DE IBERIA,HOSPITALES O CLINICAS DE ATENCION GENERAL,MADRE DE DIOS,TAHUAMANU,IBERIA,170302,II-1,25.0,ACTIVADO
GOBIERNO REGIONAL,PUESTO DE SALUD IGUARA,PUESTOS DE SALUD O POSTAS DE SALUD,PUNO,SANDIA,SANDIA,211201,I-1,,ACTIVADO
GOBIERNO REGIONAL,LORETO,PUESTOS DE SALUD O POSTAS DE SALUD,MADRE DE DIOS,TAMBOPATA,LAS PIEDRAS,170103,I-1,,ACTIVADO
GOBIERNO REGIONAL,CCUMANI HUANCASAYANI,PUESTOS DE SALUD O POSTAS DE SALUD,PUNO,SANDIA,CUYOCUYO,211202,I-1,,ACTIVADO
GOBIERNO REGIONAL,APOROMA,PUESTOS DE SALUD O POSTAS DE SALUD,PUNO,SANDIA,PHARA,211205,I-1,,ACTIVADO
GOBIERNO REGIONAL,YAPUTIRA,PUESTOS DE SALUD O POSTAS DE SALUD,PUNO,HUANCANE,VILQUE CHICO,210608,I-1,,ACTIVADO
GOBIERNO REGIONAL,ACCASO,PUESTOS DE SALUD O POSTAS DE SALUD,PUNO,EL COLLAO,PILCUYO,210503,I-2,,ACTIVADO
GOBIERNO REGIONAL,ÑAPA,PUESTOS DE SALUD O POSTAS DE SALUD,PUNO,HUANCANE,ROSASPATA,210606,I-1,,ACTIVADO
GOBIERNO REGIONAL,PHARATA,PUESTOS DE SALUD O POSTAS DE SALUD,PUNO,EL COLLAO,ILAVE,210501,I-2,,ACTIVADO
GOBIERNO REGIONAL,LUCERNA,PUESTOS DE SALUD O POSTAS DE SALUD,MADRE DE DIOS,TAMBOPATA,LAS PIEDRAS,170103,I-1,,ACTIVADO
GOBIERNO REGIONAL,HOSPITAL SANDIA,HOSPITALES O CLINICAS DE ATENCION GENERAL,PUNO,SANDIA,SANDIA,211201,II-1,30.0,ACTIVADO
GOBIERNO REGIONAL,CAYLLOMA,PUESTOS DE SALUD O POSTAS DE SALUD,PUNO,HUANCANE,COJATA,210602,I-1,,ACTIVADO
GOBIERNO REGIONAL,ARROZAL,PUESTOS DE SALUD O POSTAS DE SALUD,MADRE DE DIOS,TAHUAMANU,IBERIA,170302,I-1,,ACTIVADO
GOBIERNO REGIONAL,CCAPUNA,PUESTOS DE SALUD O POSTAS DE SALUD,PUNO,SANDIA,SANDIA,211201,I-1,,ACTIVADO
GOBIERNO REGIONAL,HUAYLLACUYO,PUESTOS DE SALUD O POSTAS DE SALUD,PUNO,HUANCANE,ROSASPATA,210606,I-1,,ACTIVADO
GOBIERNO REGIONAL,JULI,HOSPITALES O CLINICAS DE ATENCION GENERAL,PUNO,CHUCUITO,JULI,210401,II-1,29.0,ACTIVADO
GOBIERNO REGIONAL,LUNAR DE ORO,PUESTOS DE SALUD O POSTAS DE SALUD,PUNO,SAN ANTONIO DE PUTINA,ANANEA,211002,I-2,,ACTIVADO
GOBIERNO REGIONAL,QUENEQUE,PUESTOS DE SALUD O POSTAS DE SALUD,PUNO,SANDIA,SANDIA,211201,I-1,,ACTIVADO
GOBIERNO REGIONAL,SAN PEDRO DE HUAYLLATA,PUESTOS DE SALUD O POSTAS DE SALUD,PUNO,EL COLLAO,PILCUYO,210503,I-1,,ACTIVADO
GOBIERNO REGIONAL,RINCONADA,CENTROS DE SALUD O CENTROS MEDICOS,PUNO,SAN ANTONIO DE PUTINA,ANANEA,211002,I-3,,ACTIVADO
GOBIERNO REGIONAL,QUELLAHUYO POMAOCA,PUESTOS DE SALUD O POSTAS DE SALUD,PUNO,MOHO,MOHO,210901,I-1,,ACTIVADO
GOBIERNO REGIONAL,CONIMA,CENTROS DE SALUD CON CAMAS DE INTERNAMIENTO,PUNO,MOHO,CONIMA,210902,I-4,,ACTIVADO
GOBIERNO REGIONAL,CACHIPUCARA,PUESTOS DE SALUD O POSTAS DE SALUD,PUNO,EL COLLAO,PILCUYO,210503,I-1,,ACTIVADO
GOBIERNO REGIONAL,HALLA ALTOS GRANDE,PUESTOS DE SALUD O POSTAS DE SALUD,PUNO,HUANCANE,ROSASPATA,210606,I-1,,ACTIVADO
GOBIERNO REGIONAL,TRAPICHE,PUESTOS DE SALUD O POSTAS DE SALUD,PUNO,HUANCANE,COJATA,210602,I-1,,ACTIVADO
GOBIERNO REGIONAL,SULLCA,PUESTOS DE SALUD O POSTAS DE SALUD,PUNO,MOHO,MOHO,210901,I-1,,ACTIVADO
GOBIERNO REGIONAL,ABEJA,PUESTOS DE SALUD O POSTAS DE SALUD,MADRE DE DIOS,TAHUAMANU,IBERIA,170302,I-2,,ACTIVADO
GOBIERNO REGIONAL,SUCUNI JAPISI,PUESTOS DE SALUD O POSTAS DE SALUD,PUNO,MOHO,CONIMA,210902,I-1,,ACTIVADO
GOBIERNO REGIONAL,OCOPAMAPA,PUESTOS DE SALUD O POSTAS DE SALUD,PUNO,MOHO,MOHO,210901,I-1,,ACTIVADO
GOBIERNO REGIONAL,ISILLUMA,PUESTOS DE SALUD O POSTAS DE SALUD,PUNO,SANDIA,ALTO INAMBARI,211209,I-1,,ACTIVADO
GOBIERNO REGIONAL,TRES ISLAS,PUESTOS DE SALUD O POSTAS DE SALUD,MADRE DE DIOS,TAMBOPATA,TAMBOPATA,170101,I-2,,ACTIVADO
GOBIERNO REGIONAL,COJATA,CENTROS DE SALUD CON CAMAS DE INTERNAMIENTO,PUNO,HUANCANE,COJATA,210602,I-4,5.0,ACTIVADO
GOBIERNO REGIONAL,CUPISAYA,PUESTOS DE SALUD O POSTAS DE SALUD,PUNO,MOHO,TILALI,210904,I-1,,ACTIVADO
GOBIERNO REGIONAL,TILALI,PUESTOS DE SALUD O POSTAS DE SALUD,PUNO,MOHO,TILALI,210904,I-2,,ACTIVADO
GOBIERNO REGIONAL,QUIACA,PUESTOS DE SALUD O POSTAS DE SALUD,PUNO,SANDIA,QUIACA,211206,I-2,,ACTIVADO
GOBIERNO REGIONAL,HUAYRAPATA,PUESTOS DE SALUD O POSTAS DE SALUD,PUNO,MOHO,HUAYRAPATA,210903,I-2,,ACTIVADO
GOBIERNO REGIONAL,NINANTAYA,PUESTOS DE SALUD O POSTAS DE SALUD,PUNO,MOHO,MOHO,210901,I-1,,ACTIVADO
GOBIERNO REGIONAL,SAN LORENZO,PUESTOS DE SALUD O POSTAS DE SALUD,MADRE DE DIOS,TAHUAMANU,TAHUAMANU,170303,I-1,,ACTIVADO
GOBIERNO REGIONAL,POMATA,CENTROS DE SALUD O CENTROS MEDICOS,PUNO,CHUCUITO,POMATA,210406,I-3,,ACTIVADO
GOBIERNO REGIONAL,QUIQUIRA,CENTROS DE SALUD O CENTROS MEDICOS,PUNO,SANDIA,ALTO INAMBARI,211209,I-3,,ACTIVADO
GOBIERNO REGIONAL,MANCOARI,PUESTOS DE SALUD O POSTAS DE SALUD,PUNO,SANDIA,ALTO INAMBARI,211209,I-1,,ACTIVADO
GOBIERNO REGIONAL,SABALUYOC,PUESTOS DE SALUD O POSTAS DE SALUD,MADRE DE DIOS,TAMBOPATA,LAS PIEDRAS,170103,I-1,,ACTIVADO
GOBIERNO REGIONAL,PAMPA YANAMAYO,PUESTOS DE SALUD O POSTAS DE SALUD,PUNO,SANDIA,ALTO INAMBARI,211209,I-2,,ACTIVADO
GOBIERNO REGIONAL,SINA,PUESTOS DE SALUD O POSTAS DE SALUD,PUNO,SAN ANTONIO DE PUTINA,SINA,211005,I-1,,ACTIVADO
GOBIERNO REGIONAL,MASIAPO,CENTROS DE SALUD CON CAMAS DE INTERNAMIENTO,PUNO,SANDIA,ALTO INAMBARI,211209,I-4,,ACTIVADO
GOBIERNO REGIONAL,ALERTA,PUESTOS DE SALUD O POSTAS DE SALUD,MADRE DE DIOS,TAHUAMANU,TAHUAMANU,170303,I-2,,ACTIVADO
GOBIERNO REGIONAL,ALTA PASTORA,PUESTOS DE SALUD O POSTAS DE SALUD,MADRE DE DIOS,TAMBOPATA,TAMBOPATA,170101,I-1,,ACTIVADO
GOBIERNO REGIONAL,NUEVO MILENIO,CENTROS DE SALUD O CENTROS MEDICOS,MADRE DE DIOS,TAMBOPATA,TAMBOPATA,170101,I-3,11.0,ACTIVADO
ESSALUD,HOSPITAL I VICTOR ALFREDO LAZO PERALTA,HOSPITALES O CLINICAS DE ATENCION GENERAL,MADRE DE DIOS,TAMBOPATA,TAMBOPATA,170101,II-1,25.0,ACTIVADO
GOBIERNO REGIONAL,JORGE CHAVEZ,CENTROS DE SALUD O CENTROS MEDICOS,MADRE DE DIOS,TAMBOPATA,TAMBOPATA,170101,I-3,,ACTIVADO
GOBIERNO REGIONAL,VILLA ROCIO,PUESTOS DE SALUD O POSTAS DE SALUD,MADRE DE DIOS,TAHUAMANU,TAHUAMANU,170303,I-1,,ACTIVADO
GOBIERNO REGIONAL,SANTA ROSA,HOSPITALES O CLINICAS DE ATENCION GENERAL,MADRE DE DIOS,TAMBOPATA,TAMBOPATA,170101,II-2,95.0,ACTIVADO
GOBIERNO REGIONAL,PACAYSUIZO,PUESTOS DE SALUD O POSTAS DE SALUD,PUNO,SANDIA,ALTO INAMBARI,211209,I-1,,ACTIVADO
GOBIERNO REGIONAL,CUTURAPI,CENTROS DE SALUD O CENTROS MEDICOS,PUNO,YUNGUYO,CUTURAPI,211304,I-3,,ACTIVADO
GOBIERNO REGIONAL,UNION,PUESTOS DE SALUD O POSTAS DE SALUD,MADRE DE DIOS,TAMBOPATA,TAMBOPATA,170101,I-1,,ACTIVADO
GOBIERNO REGIONAL,LABORATORIO REFERENCIAL REGIONAL DE LA DIRECCION REGIONAL DE SALUD MADRE DE DIOS,PATOLOGIA CLINICA,MADRE DE DIOS,TAMBOPATA,TAMBOPATA,170101,Sin Categoría,,ACTIVADO
GOBIERNO REGIONAL,AA.HH. PUEBLO VIEJO,PUESTOS DE SALUD O POSTAS DE SALUD,MADRE DE DIOS,TAMBOPATA,TAMBOPATA,170101,I-1,,ACTIVADO
GOBIERNO REGIONAL,YANAHUAYA,CENTROS DE SALUD O CENTROS MEDICOS,PUNO,SANDIA,YANAHUAYA,211208,I-3,,ACTIVADO
GOBIERNO REGIONAL,CACHUELA,PUESTOS DE SALUD O POSTAS DE SALUD,MADRE DE DIOS,TAMBOPATA,TAMBOPATA,170101,I-1,,ACTIVADO
GOBIERNO REGIONAL,EL TRIUNFO,PUESTOS DE SALUD O POSTAS DE SALUD,MADRE DE DIOS,TAMBOPATA,LAS PIEDRAS,170103,I-1,,ACTIVADO
GOBIERNO REGIONAL,QUEÑUANI,CENTROS DE SALUD O CENTROS MEDICOS,PUNO,YUNGUYO,YUNGUYO,211301,I-3,,ACTIVADO
GOBIERNO REGIONAL,SAN JUAN DEL ORO,CENTROS DE SALUD CON CAMAS DE INTERNAMIENTO,PUNO,SANDIA,SAN JUAN DEL ORO,211207,I-4,,ACTIVADO
GOBIERNO REGIONAL,PLANCHON,PUESTOS DE SALUD O POSTAS DE SALUD,MADRE DE DIOS,TAMBOPATA,LAS PIEDRAS,170103,I-2,,ACTIVADO
GOBIERNO REGIONAL,SUDADERO,PUESTOS DE SALUD O POSTAS DE SALUD,MADRE DE DIOS,TAMBOPATA,LAS PIEDRAS,170103,I-1,,ACTIVADO
GOBIERNO REGIONAL,TARUCANI,PUESTOS DE SALUD O POSTAS DE SALUD,PUNO,MOHO,HUAYRAPATA,210903,I-2,,ACTIVADO
GOBIERNO REGIONAL,LA NOVIA,PUESTOS DE SALUD O POSTAS DE SALUD,MADRE DE DIOS,TAHUAMANU,TAHUAMANU,170303,I-1,,ACTIVADO
GOBIERNO REGIONAL,ALEGRIA,PUESTOS DE SALUD O POSTAS DE SALUD,MADRE DE DIOS,TAMBOPATA,LAS PIEDRAS,170103,I-2,,ACTIVADO
GOBIERNO REGIONAL,MAVILA,PUESTOS DE SALUD O POSTAS DE SALUD,MADRE DE DIOS,TAMBOPATA,LAS PIEDRAS,170103,I-2,,ACTIVADO
GOBIERNO REGIONAL,YANAMAYO,PUESTOS DE SALUD O POSTAS DE SALUD,PUNO,SANDIA,SAN JUAN DEL ORO,211207,I-2,,ACTIVADO
GOBIERNO REGIONAL,YUNGUYO,HOSPITALES O CLINICAS DE ATENCION GENERAL,PUNO,YUNGUYO,YUNGUYO,211301,II-1,31.0,ACTIVADO
GOBIERNO REGIONAL,SHIRINGAYOC,PUESTOS DE SALUD O POSTAS DE SALUD,MADRE DE DIOS,TAHUAMANU,TAHUAMANU,170303,I-1,,ACTIVADO
GOBIERNO REGIONAL,PICHICHO SANTA ROSA,PUESTOS DE SALUD O POSTAS DE SALUD,PUNO,YUNGUYO,YUNGUYO,211301,I-2,,ACTIVADO
GOBIERNO REGIONAL,YANAPATA,CENTROS DE SALUD O CENTROS MEDICOS,PUNO,YUNGUYO,YUNGUYO,211301,I-3,,ACTIVADO
GOBIERNO REGIONAL,SANQUIRA,CENTROS DE SALUD O CENTROS MEDICOS,PUNO,YUNGUYO,YUNGUYO,211301,I-3,,ACTIVADO
GOBIERNO REGIONAL,TAPOJE,PUESTOS DE SALUD O POSTAS DE SALUD,PUNO,YUNGUYO,YUNGUYO,211301,I-1,,ACTIVADO
GOBIERNO REGIONAL,PUTINA PUNCO,CENTROS DE SALUD CON CAMAS DE INTERNAMIENTO,PUNO,SANDIA,SAN PEDRO DE PUTINA PUNCO,211210,I-4,10.0,ACTIVADO
GOBIERNO REGIONAL,ESPIRITU SANTO,PUESTOS DE SALUD O POSTAS DE SALUD,PUNO,YUNGUYO,YUNGUYO,211301,I-1,,ACTIVADO
GOBIERNO REGIONAL,COPANI,CENTROS DE SALUD O CENTROS MEDICOS,PUNO,YUNGUYO,COPANI,211303,I-3,,ACTIVADO
GOBIERNO REGIONAL,PAJJANA SAN AGUSTIN,PUESTOS DE SALUD O POSTAS DE SALUD,PUNO,YUNGUYO,YUNGUYO,211301,I-1,,ACTIVADO
GOBIERNO REGIONAL,LUCINE,PUESTOS DE SALUD O POSTAS DE SALUD,PUNO,SANDIA,SAN JUAN DEL ORO,211207,I-1,,ACTIVADO
GOBIERNO REGIONAL,KCANAMARCA,PUESTOS DE SALUD O POSTAS DE SALUD,PUNO,YUNGUYO,YUNGUYO,211301,I-1,,ACTIVADO
GOBIERNO REGIONAL,AYCHUYO,CENTROS DE SALUD O CENTROS MEDICOS,PUNO,YUNGUYO,YUNGUYO,211301,I-3,,ACTIVADO
GOBIERNO REGIONAL,SANTA MARIA,PUESTOS DE SALUD O POSTAS DE SALUD,MADRE DE DIOS,TAHUAMANU,TAHUAMANU,170303,I-1,,ACTIVADO
GOBIERNO REGIONAL,OLLARAYA,CENTROS DE SALUD O CENTROS MEDICOS,PUNO,YUNGUYO,OLLARAYA,211305,I-3,,ACTIVADO
GOBIERNO REGIONAL,UNICACHI,CENTROS DE SALUD O CENTROS MEDICOS,PUNO,YUNGUYO,UNICACHI,211307,I-3,,ACTIVADO
GOBIERNO REGIONAL,PUESTO DE SALUD DE PAMPA GRANDE,PUESTOS DE SALUD O POSTAS DE SALUD,PUNO,SANDIA,SAN PEDRO DE PUTINA PUNCO,211210,I-1,,ACTIVADO
GOBIERNO REGIONAL,TINICACHI,PUESTOS DE SALUD O POSTAS DE SALUD,PUNO,YUNGUYO,TINICACHI,211306,I-2,,ACTIVADO
GOBIERNO REGIONAL,SAN IGNACIO,PUESTOS DE SALUD O POSTAS DE SALUD,PUNO,SANDIA,SAN PEDRO DE PUTINA PUNCO,211210,I-2,,ACTIVADO
GOBIERNO REGIONAL,BAJO ALEGRIA,PUESTOS DE SALUD O POSTAS DE SALUD,MADRE DE DIOS,TAMBOPATA,LAS PIEDRAS,170103,I-1,,ACTIVADO
GOBIERNO REGIONAL,ANAPIA,PUESTOS DE SALUD O POSTAS DE SALUD,PUNO,YUNGUYO,ANAPIA,211302,I-2,,ACTIVADO
GOBIERNO REGIONAL,LAGO VALENCIA,PUESTOS DE SALUD O POSTAS DE SALUD,MADRE DE DIOS,TAMBOPATA,LAS PIEDRAS,170103,I-1,,ACTIVADO
GOBIERNO REGIONAL,PALMA REAL,PUESTOS DE SALUD O POSTAS DE SALUD,MADRE DE DIOS,TAMBOPATA,TAMBOPATA,170101,I-1,,ACTIVADO
ESSALUD,CANGALLO,PUESTOS DE SALUD O POSTAS DE SALUD,AYACUCHO,CANGALLO,CANGALLO,50201,I-2,,ACTIVADO
GOBIERNO REGIONAL,COTOMONILLO,PUESTOS DE SALUD O POSTAS DE SALUD,HUANUCO,LEONCIO PRADO,JOSE CRESPO Y CASTILLO,100604,I-1,,ACTIVADO
ESSALUD,CENTRO DE ATENCION PRIMARIA I SAN ANTONIO DEL ESTRECHO-ESSALUD,CENTROS DE SALUD O CENTROS MEDICOS,LORETO,PUTUMAYO,PUTUMAYO,160801,Sin Categoría,,ACTIVADO
ESSALUD,CENTRO DE ATENCIÓN PRIMARIA I SAN ANTONIO DEL ESTRECHO-ESSALUD,CENTROS DE SALUD O CENTROS MEDICOS,LORETO,PUTUMAYO,PUTUMAYO,160801,Sin Categoría,,ACTIVADO
ESSALUD,CENTRO MEDICO PAMPAS,CENTROS MEDICOS ESPECIALIZADOS,HUANCAVELICA,TAYACAJA,PAMPAS,90701,I-3,0.0,ACTIVADO
GOBIERNO REGIONAL,CHOSGON,PUESTOS DE SALUD O POSTAS DE SALUD,AMAZONAS,BONGARA,JAZAN,10307,I-1,,ACTIVADO
GOBIERNO REGIONAL,SISTEMA DE ATENCION DE URGENCIA-SAMU,ATENCION PRE HOSPITALARIA,HUANUCO,HUANUCO,HUANUCO,100101,Sin Categoría,,ACTIVADO
GOBIERNO REGIONAL,LOS UROS,PUESTOS DE SALUD O POSTAS DE SALUD,PUNO,PUNO,PUNO,210101,I-1,,ACTIVADO
GOBIERNO REGIONAL,MIRAFLORES DE NAUTA,PUESTOS DE SALUD O POSTAS DE SALUD,LORETO,LORETO,NAUTA,160301,I-2,,ACTIVADO
ESSALUD,POSTA MEDICA DE SANTO TOMÁS - ESSALUD,PUESTOS DE SALUD O POSTAS DE SALUD,CUSCO,CHUMBIVILCAS,SANTO TOMAS,80701,I-2,,ACTIVADO
GOBIERNO REGIONAL,LA FLORIDA,PUESTOS DE SALUD O POSTAS DE SALUD,AMAZONAS,UTCUBAMBA,CAJARURO,10702,I-1,,ACTIVADO
GOBIERNO REGIONAL,CALLACAMI,PUESTOS DE SALUD O POSTAS DE SALUD,PUNO,CHUCUITO,JULI,210401,I-1,,ACTIVADO
GOBIERNO REGIONAL,PARIAMARCA,PUESTOS DE SALUD O POSTAS DE SALUD,MADRE DE DIOS,TAMBOPATA,TAMBOPATA,170101,I-1,,ACTIVADO
GOBIERNO REGIONAL,MOLINO,PUESTOS DE SALUD O POSTAS DE SALUD,PUNO,CHUCUITO,JULI,210401,I-2,,ACTIVADO
GOBIERNO REGIONAL,NUEVO OLAYA,PUESTOS DE SALUD O POSTAS DE SALUD,LORETO,UCAYALI,CONTAMANA,160601,I-1,,ACTIVADO
ESSALUD,SAN MIGUEL,PUESTOS DE SALUD O POSTAS DE SALUD,AYACUCHO,LA MAR,SAN MIGUEL,50501,I-2,,ACTIVADO
ESSALUD,POSTA DE SALUD DE OYOTUN - ESSALUD,PUESTOS DE SALUD O POSTAS DE SALUD,LAMBAYEQUE,CHICLAYO,OYOTUN,140110,I-2,,ACTIVADO
GOBIERNO REGIONAL,DESAGUADERO,CENTROS DE SALUD O CENTROS MEDICOS,PUNO,CHUCUITO,DESAGUADERO,210402,I-3,11.0,ACTIVADO
ESSALUD,CORACORA,PUESTOS DE SALUD O POSTAS DE SALUD,AYACUCHO,PARINACOCHAS,CORACORA,50701,I-2,,ACTIVADO
GOBIERNO REGIONAL,SAN PEDRO DE PILAS,PUESTOS DE SALUD O POSTAS DE SALUD,LIMA,YAUYOS,SAN PEDRO DE PILAS,151027,I-2,,ACTIVADO
GOBIERNO REGIONAL,SAN PEDRO DE PILAS,PUESTOS DE SALUD O POSTAS DE SALUD,LIMA,YAUYOS,SAN PEDRO DE PILAS,151027,I-2,,ACTIVADO
ESSALUD,CENTRO DE ATENCION PRIMARIA III PEDRO REYES BARBOZA - BARRANCA,POLICLINICOS,LIMA,BARRANCA,BARRANCA,150201,I-3,,ACTIVADO
GOBIERNO REGIONAL,AYMAS,PUESTOS DE SALUD O POSTAS DE SALUD,APURIMAC,ABANCAY,ABANCAY,30101,Sin Categoría,,ACTIVADO
GOBIERNO REGIONAL,CANTA GALLO,PUESTOS DE SALUD O POSTAS DE SALUD,LORETO,MAYNAS,BELEN,160112,I-1,,ACTIVADO
ESSALUD,POSTA MEDICA  LAS ALAMEDAS,PUESTOS DE SALUD O POSTAS DE SALUD,UCAYALI,CORONEL PORTILLO,YARINACOCHA,250105,I-2,,ACTIVADO
GOBIERNO REGIONAL,GUACAMAYO PACAL,PUESTOS DE SALUD O POSTAS DE SALUD,MADRE DE DIOS,MANU,MADRE DE DIOS,170203,I-1,,ACTIVADO
GOBIERNO REGIONAL,CHIU CHIU,PUESTOS DE SALUD O POSTAS DE SALUD,LIMA,BARRANCA,BARRANCA,150201,I-1,,ACTIVADO
ESSALUD,POSTA MEDICA YURA ESSALUD,PUESTOS DE SALUD O POSTAS DE SALUD,AREQUIPA,AREQUIPA,YURA,40128,I-2,,ACTIVADO
ESSALUD,CENTRO MEDICO TAYABAMBA,CENTROS DE SALUD O CENTROS MEDICOS,LA LIBERTAD,PATAZ,TAYABAMBA,130801,Sin Categoría,,ACTIVADO
ESSALUD,POSTA MEDICA DE PUERTO BERMUDEZ,PUESTOS DE SALUD O POSTAS DE SALUD,PASCO,OXAPAMPA,PUERTO BERMUDEZ,190306,I-2,,ACTIVADO
GOBIERNO REGIONAL,SAN PABLO DE SINUYA,PUESTOS DE SALUD O POSTAS DE SALUD,LORETO,UCAYALI,CONTAMANA,160601,I-1,,ACTIVADO
ESSALUD,PUEBLO NUEVO,POLICLINICOS,ICA,CHINCHA,PUEBLO NUEVO,110207,I-3,,ACTIVADO
ESSALUD,POSTA MEDICA DE HUALGAYOC,PUESTOS DE SALUD O POSTAS DE SALUD,CAJAMARCA,HUALGAYOC,HUALGAYOC,60703,I-2,,ACTIVADO
GOBIERNO REGIONAL,OCOÑA,PUESTOS DE SALUD O POSTAS DE SALUD,PUNO,EL COLLAO,ILAVE,210501,I-1,,ACTIVADO
GOBIERNO REGIONAL,BELLO HORIZONTE,PUESTOS DE SALUD O POSTAS DE SALUD,SAN MARTIN,SAN MARTIN,LA BANDA DE SHILCAYO,220909,I-1,,ACTIVADO
GOBIERNO REGIONAL,YANKUNTICH,PUESTOS DE SALUD O POSTAS DE SALUD,LORETO,DATEM DEL MARAÑON,MORONA,160704,I-1,,ACTIVADO
GOBIERNO REGIONAL,VALENCIA,PUESTOS DE SALUD O POSTAS DE SALUD,LORETO,LORETO,TROMPETEROS,160304,I-1,,ACTIVADO
ESSALUD,POSTA MÉDICA SAN PEDRO DE LLOC,PUESTOS DE SALUD O POSTAS DE SALUD,LA LIBERTAD,PACASMAYO,SAN PEDRO DE LLOC,130701,Sin Categoría,,ACTIVADO
ESSALUD,POSTA MEDICA DE SAN MIGUEL,PUESTOS DE SALUD O POSTAS DE SALUD,CAJAMARCA,SAN MIGUEL,SAN MIGUEL,61101,I-2,,ACTIVADO
GOBIERNO REGIONAL,INDEPENDENCIA DEL SHANUSI,PUESTOS DE SALUD O POSTAS DE SALUD,LORETO,ALTO AMAZONAS,YURIMAGUAS,160201,I-1,,ACTIVADO
ESSALUD,HOSPITAL I CLINICA UNIVERSITARIA UNA -ESSALUD,CENTROS DE SALUD O CENTROS MEDICOS,PUNO,PUNO,PUNO,210101,Sin Categoría,,ACTIVADO
ESSALUD,CENTRO MEDICO OTUZCO,CENTROS DE SALUD O CENTROS MEDICOS,LA LIBERTAD,OTUZCO,OTUZCO,130601,Sin Categoría,,ACTIVADO
GOBIERNO REGIONAL,PUESTO DE SALUD MACHAGUAY,PUESTOS DE SALUD O POSTAS DE SALUD,AREQUIPA,CASTILLA,MACHAGUAY,40408,I-2,,ACTIVADO
GOBIERNO REGIONAL,MATUCANA,PUESTOS DE SALUD O POSTAS DE SALUD,AYACUCHO,HUANTA,SIVIA,50407,I-1,,ACTIVADO
GOBIERNO REGIONAL,CARAL,PUESTOS DE SALUD O POSTAS DE SALUD,LIMA,BARRANCA,SUPE,150204,I-2,,ACTIVADO
ESSALUD,CENTRO DE ATENCION PRIMARIA II GUADALUPE,CENTROS DE SALUD O CENTROS MEDICOS,LA LIBERTAD,PACASMAYO,GUADALUPE,130702,Sin Categoría,,ACTIVADO
GOBIERNO REGIONAL,PUTUCUNAY,PUESTOS DE SALUD O POSTAS DE SALUD,AYACUCHO,LA MAR,CHUNGUI,50505,I-1,,ACTIVADO
GOBIERNO REGIONAL,QUISQUIS,PUESTOS DE SALUD O POSTAS DE SALUD,AMAZONAS,LUYA,COCABAMBA,10503,I-1,,ACTIVADO
ESSALUD,CENTRO MEDICO DE HUAYLLAY,CENTROS DE SALUD O CENTROS MEDICOS,PASCO,PASCO,HUAYLLAY,190104,I-3,,ACTIVADO
GOBIERNO REGIONAL,SANTA RITA DE NANAY,PUESTOS DE SALUD O POSTAS DE SALUD,LORETO,MAYNAS,IQUITOS,160101,I-1,,ACTIVADO
ESSALUD,POSTA MEDICA DE PAUCARTAMBO,PUESTOS DE SALUD O POSTAS DE SALUD,PASCO,PASCO,PAUCARTAMBO,190107,I-3,,ACTIVADO
GOBIERNO REGIONAL,P.S. NATIVIDAD,PUESTOS DE SALUD O POSTAS DE SALUD,LORETO,ALTO AMAZONAS,YURIMAGUAS,160201,I-2,,ACTIVADO
GOBIERNO REGIONAL,PUCACURO DE TROMPETERO,PUESTOS DE SALUD O POSTAS DE SALUD,LORETO,LORETO,TROMPETEROS,160304,I-2,,ACTIVADO
GOBIERNO REGIONAL,MONTE SALVADO,PUESTOS DE SALUD O POSTAS DE SALUD,MADRE DE DIOS,TAMBOPATA,LAS PIEDRAS,170103,I-1,,ACTIVADO
ESSALUD,POSTA MEDICA SANDIA - ESSALUD - RED ASISTENCIAL JULIACA,PUESTOS DE SALUD O POSTAS DE SALUD,PUNO,SANDIA,SANDIA,211201,I-2,,ACTIVADO
ESSALUD,CENTRO MEDICO CONCEPCIÓN,CENTROS DE SALUD O CENTROS MEDICOS,JUNIN,CONCEPCION,CONCEPCION,120201,Sin Categoría,,ACTIVADO
GOBIERNO REGIONAL,MAMAYAQUE,PUESTOS DE SALUD O POSTAS DE SALUD,AMAZONAS,CONDORCANQUI,EL CENEPA,10402,I-1,,ACTIVADO
ESSALUD,AGUSTIN GAVIDIA SALCEDO,POLICLINICOS,LAMBAYEQUE,LAMBAYEQUE,LAMBAYEQUE,140301,I-3,,ACTIVADO
GOBIERNO REGIONAL,BUENAVISTA,PUESTOS DE SALUD O POSTAS DE SALUD,LIMA,BARRANCA,BARRANCA,150201,I-2,,ACTIVADO
ESSALUD,POSTA MEDICA DE CHURCAMPA,PUESTOS DE SALUD O POSTAS DE SALUD,HUANCAVELICA,CHURCAMPA,CHURCAMPA,90501,I-2,0.0,ACTIVADO
GOBIERNO REGIONAL,SISTEMA DE ATENCION MOVIL DE URGENCIA,"SERVICIO DE TRASLADO DE PACIENTES,ATENCION DOMICILIARIA,ATENCION PRE HOSPITALARIA",HUANCAVELICA,HUANCAVELICA,ASCENSION,90118,Sin Categoría,,ACTIVADO
GOBIERNO REGIONAL,QUINOCAY,PUESTOS DE SALUD O POSTAS DE SALUD,LIMA,YAUYOS,QUINOCAY,151025,I-1,,ACTIVADO
GOBIERNO REGIONAL,YAMBRASBAMBA,PUESTOS DE SALUD O POSTAS DE SALUD,AMAZONAS,BONGARA,YAMBRASBAMBA,10312,I-1,,ACTIVADO
GOBIERNO REGIONAL,ANTA,PUESTOS DE SALUD O POSTAS DE SALUD,LIMA,BARRANCA,PARAMONGA,150202,I-1,,ACTIVADO
ESSALUD,POSTA  MEDICA DE  CHUQUIBAMBA,PUESTOS DE SALUD O POSTAS DE SALUD,AREQUIPA,CONDESUYOS,CHUQUIBAMBA,40601,I-2,0.0,ACTIVADO
ESSALUD,TUCUME - ESSALUD,PUESTOS DE SALUD O POSTAS DE SALUD,LAMBAYEQUE,LAMBAYEQUE,TUCUME,140312,I-2,,ACTIVADO
GOBIERNO REGIONAL,COLLINI,PUESTOS DE SALUD O POSTAS DE SALUD,PUNO,CHUCUITO,POMATA,210406,I-1,,ACTIVADO
GOBIERNO REGIONAL,LABORATORIO DE REFERENCIA REGIONAL EN SALUD PUBLICA-AYACUCHO,PATOLOGIA CLINICA,AYACUCHO,HUAMANGA,AYACUCHO,50101,Sin Categoría,,ACTIVADO
ESSALUD,CAP II HUNTER,PUESTOS DE SALUD O POSTAS DE SALUD,AREQUIPA,AREQUIPA,JACOBO HUNTER,40107,Sin Categoría,0.0,ACTIVADO
ESSALUD,SAN FRANCISCO,PUESTOS DE SALUD O POSTAS DE SALUD,AYACUCHO,LA MAR,AYNA,50503,I-2,,ACTIVADO
GOBIERNO REGIONAL,SHINTUYA,PUESTOS DE SALUD O POSTAS DE SALUD,MADRE DE DIOS,MANU,MANU,170201,I-2,,ACTIVADO
GOBIERNO REGIONAL,PROGRESO,PUESTOS DE SALUD O POSTAS DE SALUD,HUANCAVELICA,ACOBAMBA,PAUCARA,90206,I-1,,ACTIVADO
GOBIERNO REGIONAL,CHUCUNA,PUESTOS DE SALUD O POSTAS DE SALUD,HUANCAVELICA,TAYACAJA,ACOSTAMBO,90702,I-1,,ACTIVADO
ESSALUD,POSTA MEDICA CHALA,PUESTOS DE SALUD O POSTAS DE SALUD,AREQUIPA,CARAVELI,CHALA,40307,I-2,0.0,ACTIVADO
GOBIERNO REGIONAL,YANABAMBA,PUESTOS DE SALUD O POSTAS DE SALUD,JUNIN,HUANCAYO,SANTO DOMINGO DE ACOBAMBA,120135,I-1,,ACTIVADO
ESSALUD,POLICLINICO JAUJA,POLICLINICOS,JUNIN,JAUJA,JAUJA,120401,Sin Categoría,,ACTIVADO
ESSALUD,CENTRO DE ATENCION PRIMARIA II SAN JACINTO,CENTROS DE SALUD O CENTROS MEDICOS,ANCASH,SANTA,NEPEÑA,21806,I-3,,ACTIVADO
ESSALUD,POSTA MEDICA SANTA RITA,PUESTOS DE SALUD O POSTAS DE SALUD,AREQUIPA,AREQUIPA,SANTA RITA DE SIHUAS,40121,I-2,0.0,ACTIVADO
GOBIERNO REGIONAL,P.S. VISTA ALEGRE DE CUMBA,PUESTOS DE SALUD O POSTAS DE SALUD,AMAZONAS,UTCUBAMBA,CUMBA,10703,I-1,,ACTIVADO
GOBIERNO REGIONAL,SAN PABLO DE VALERA,PUESTOS DE SALUD O POSTAS DE SALUD,AMAZONAS,BONGARA,VALERA,10311,I-1,,ACTIVADO
ESSALUD,POST MEDICA PAIJAN,PUESTOS DE SALUD O POSTAS DE SALUD,LA LIBERTAD,ASCOPE,PAIJAN,130205,Sin Categoría,,ACTIVADO
GOBIERNO REGIONAL,VISTA ALEGRE,PUESTOS DE SALUD O POSTAS DE SALUD,AMAZONAS,RODRIGUEZ DE MENDOZA,VISTA ALEGRE,10612,I-1,,ACTIVADO
ESSALUD,HOSPITAL I RIOJA,HOSPITALES O CLINICAS DE ATENCION GENERAL,SAN MARTIN,RIOJA,RIOJA,220801,Sin Categoría,,ACTIVADO
GOBIERNO REGIONAL,PISUQUIA,PUESTOS DE SALUD O POSTAS DE SALUD,AMAZONAS,LUYA,PISUQUIA,10514,I-2,,ACTIVADO
GOBIERNO REGIONAL,PUERTO PORVENIR,PUESTOS DE SALUD O POSTAS DE SALUD,LORETO,ALTO AMAZONAS,BALSAPUERTO,160202,I-1,,ACTIVADO
GOBIERNO REGIONAL,SAN ISIDRO,PUESTOS DE SALUD O POSTAS DE SALUD,HUANUCO,LEONCIO PRADO,HERMILIO VALDIZAN,100603,I-2,,ACTIVADO
ESSALUD,POSTA MEDICA PALLASCA,PUESTOS DE SALUD O POSTAS DE SALUD,ANCASH,PALLASCA,PALLASCA,21508,I-2,,ACTIVADO
GOBIERNO REGIONAL,C.S. MARISCAL NIETO,CENTROS DE SALUD O CENTROS MEDICOS,MOQUEGUA,MARISCAL NIETO,MOQUEGUA,180101,I-3,,ACTIVADO
GOBIERNO REGIONAL,IMPERIAL,PUESTOS DE SALUD O POSTAS DE SALUD,HUANCAVELICA,TAYACAJA,ÑAHUIMPUQUIO,90710,I-1,,ACTIVADO
GOBIERNO REGIONAL,SANTO TORIBIO,PUESTOS DE SALUD O POSTAS DE SALUD,AMAZONAS,RODRIGUEZ DE MENDOZA,CHIRIMOTO,10602,I-1,,ACTIVADO
ESSALUD,PAUCARTAMBO - ESSALUD,PUESTOS DE SALUD O POSTAS DE SALUD,CUSCO,PAUCARTAMBO,PAUCARTAMBO,81101,I-2,,ACTIVADO
GOBIERNO REGIONAL,SANTA CLARA DE NANAY,CENTROS DE SALUD O CENTROS MEDICOS,LORETO,MAYNAS,SAN JUAN BAUTISTA,160113,I-3,,ACTIVADO
ESSALUD,POSTA MEDICA CHICAMA,PUESTOS DE SALUD O POSTAS DE SALUD,LA LIBERTAD,ASCOPE,CHICAMA,130202,Sin Categoría,,ACTIVADO
ESSALUD,POSTA MEDICA BELLAVISTA,PUESTOS DE SALUD O POSTAS DE SALUD,SAN MARTIN,BELLAVISTA,BELLAVISTA,220201,Sin Categoría,,ACTIVADO
ESSALUD,POSTA MEDICA ATICO,PUESTOS DE SALUD O POSTAS DE SALUD,AREQUIPA,CARAVELI,ATICO,40303,I-2,0.0,ACTIVADO
GOBIERNO REGIONAL,LUPUNA,PUESTOS DE SALUD O POSTAS DE SALUD,LORETO,MAYNAS,BELEN,160112,I-1,,ACTIVADO
GOBIERNO REGIONAL,P.S. VARADERO,PUESTOS DE SALUD O POSTAS DE SALUD,MOQUEGUA,ILO,ILO,180301,I-2,,ACTIVADO
GOBIERNO REGIONAL,GERARDO GONZALES VILLEGAS,PUESTOS DE SALUD O POSTAS DE SALUD,TUMBES,TUMBES,TUMBES,240101,I-2,,ACTIVADO
GOBIERNO REGIONAL,HUACHOJAICO,PUESTOS DE SALUD O POSTAS DE SALUD,HUANCAVELICA,HUAYTARA,CORDOVA,90603,I-1,,ACTIVADO
ESSALUD,POSTA MEDICA DE JAYANCA,PUESTOS DE SALUD O POSTAS DE SALUD,LAMBAYEQUE,LAMBAYEQUE,JAYANCA,140304,I-2,,ACTIVADO
GOBIERNO REGIONAL,COMBOCA,PUESTOS DE SALUD O POSTAS DE SALUD,AMAZONAS,BONGARA,SHIPASBAMBA,10310,I-1,,ACTIVADO
ESSALUD,CENTRO MEDICO DE VILLA RICA,CENTROS DE SALUD O CENTROS MEDICOS,PASCO,OXAPAMPA,VILLA RICA,190307,Sin Categoría,,ACTIVADO
GOBIERNO REGIONAL,SANTA CRUZ,PUESTOS DE SALUD O POSTAS DE SALUD,LIMA,CAÑETE,SAN LUIS,150514,I-1,,ACTIVADO
ESSALUD,CENTRO MEDICO DE YANAHUANCA,CENTROS DE SALUD O CENTROS MEDICOS,PASCO,DANIEL ALCIDES CARRION,YANAHUANCA,190201,I-3,,ACTIVADO
ESSALUD,POSTA MEDICA ACARI,PUESTOS DE SALUD O POSTAS DE SALUD,AREQUIPA,CARAVELI,ACARI,40302,I-2,0.0,ACTIVADO
ESSALUD,CENTRO DE ATENCION PRIMARIA II LAREDO,CENTROS DE SALUD O CENTROS MEDICOS,LA LIBERTAD,TRUJILLO,LAREDO,130106,Sin Categoría,,ACTIVADO
GOBIERNO REGIONAL,LAMPA GRANDE,PUESTOS DE SALUD O POSTAS DE SALUD,PUNO,CHUCUITO,POMATA,210406,I-1,,ACTIVADO
GOBIERNO REGIONAL,PISO,PUESTOS DE SALUD O POSTAS DE SALUD,HUANUCO,MARAÑON,HUACRACHUCO,100701,I-2,,ACTIVADO
GOBIERNO REGIONAL,CENTRO DE SALUD VIRACO,CENTROS DE SALUD O CENTROS MEDICOS,AREQUIPA,CASTILLA,VIRACO,40414,I-3,,ACTIVADO
ESSALUD,POSTA MEDICA CONCHUCOS,PUESTOS DE SALUD O POSTAS DE SALUD,ANCASH,PALLASCA,CONCHUCOS,21503,I-2,,ACTIVADO
ESSALUD,POLICLINICO SAN SEBASTIAN ESSALUD,POLICLINICOS,CUSCO,CUSCO,SAN SEBASTIAN,80105,I-3,,ACTIVADO
GOBIERNO REGIONAL,PUESTO DE SALUD MALLCUSUCA,PUESTOS DE SALUD O POSTAS DE SALUD,PUNO,MOHO,MOHO,210901,I-1,,ACTIVADO
GOBIERNO REGIONAL,PIHUAS,PUESTOS DE SALUD O POSTAS DE SALUD,JUNIN,HUANCAYO,CULLHUAS,120113,I-1,,ACTIVADO
ESSALUD,CENTRO MEDICO DE SAN JUAN,CENTROS DE SALUD O CENTROS MEDICOS,PASCO,PASCO,YANACANCHA,190113,I-4,,ACTIVADO
GOBIERNO REGIONAL,RIO GRANDE,CENTROS DE SALUD O CENTROS MEDICOS,ICA,PALPA,RIO GRANDE,110403,I-3,,ACTIVADO
GOBIERNO REGIONAL,LAS MALVINAS,PUESTOS DE SALUD O POSTAS DE SALUD,LIMA,CAÑETE,IMPERIAL,150507,I-2,,ACTIVADO
ESSALUD,POSTA MEDICA MOROCOCHA,PUESTOS DE SALUD O POSTAS DE SALUD,JUNIN,YAULI,MOROCOCHA,120805,Sin Categoría,,ACTIVADO
GOBIERNO REGIONAL,ACHU,PUESTOS DE SALUD O POSTAS DE SALUD,AMAZONAS,CONDORCANQUI,EL CENEPA,10402,I-1,,ACTIVADO
GOBIERNO REGIONAL,BOCA DEL COPAL DEL RIO CORRIENTES,PUESTOS DE SALUD O POSTAS DE SALUD,LORETO,LORETO,TROMPETEROS,160304,I-1,,ACTIVADO
ESSALUD,QUEROBAMBA,PUESTOS DE SALUD O POSTAS DE SALUD,AYACUCHO,SUCRE,QUEROBAMBA,50901,I-2,,ACTIVADO
GOBIERNO REGIONAL,LA FLORIDA,PUESTOS DE SALUD O POSTAS DE SALUD,AMAZONAS,BONGARA,SHIPASBAMBA,10310,I-1,,ACTIVADO
ESSALUD,POSTA MEDICA DE SAN MARCOS,PUESTOS DE SALUD O POSTAS DE SALUD,CAJAMARCA,SAN MARCOS,PEDRO GALVEZ,61001,I-2,,ACTIVADO
ESSALUD,POSTA MEDICA SANTIAGO DE CHUCO,PUESTOS DE SALUD O POSTAS DE SALUD,LA LIBERTAD,SANTIAGO DE CHUCO,SANTIAGO DE CHUCO,131001,Sin Categoría,,ACTIVADO
GOBIERNO REGIONAL,EL ALAMO,PUESTOS DE SALUD O POSTAS DE SALUD,LORETO,PUTUMAYO,PUTUMAYO,160801,I-1,,ACTIVADO
GOBIERNO REGIONAL,QUEROPALCA,PUESTOS DE SALUD O POSTAS DE SALUD,HUANUCO,LAURICOCHA,QUEROPALCA,101004,I-2,,ACTIVADO
ESSALUD,POSTA MÉDICA DE SANTA CRUZ,PUESTOS DE SALUD O POSTAS DE SALUD,CAJAMARCA,SANTA CRUZ,SANTA CRUZ,61301,I-2,,ACTIVADO
GOBIERNO REGIONAL,SANTA ISABEL DE COPAL,PUESTOS DE SALUD O POSTAS DE SALUD,LORETO,LORETO,TROMPETEROS,160304,I-1,,ACTIVADO
ESSALUD,CENTRO DE ATENCION PRIMARIA II LURIN,CENTROS DE SALUD O CENTROS MEDICOS,LIMA,LIMA,LURIN,150119,I-3,0.0,ACTIVADO
GOBIERNO REGIONAL,COCABAMBA,CENTROS DE SALUD O CENTROS MEDICOS,AMAZONAS,LUYA,COCABAMBA,10503,I-3,,ACTIVADO
GOBIERNO REGIONAL,SAPUENA,PUESTOS DE SALUD O POSTAS DE SALUD,LORETO,REQUENA,SAQUENA,160507,I-1,,ACTIVADO
ESSALUD,CENTRO DE ATENCION PRIMARIA II,CENTROS DE SALUD O CENTROS MEDICOS,CAJAMARCA,CAJAMARCA,LOS BAÑOS DEL INCA,60108,I-3,,ACTIVADO
GOBIERNO REGIONAL,SONENE,PUESTOS DE SALUD O POSTAS DE SALUD,MADRE DE DIOS,TAMBOPATA,TAMBOPATA,170101,I-1,,ACTIVADO
ESSALUD,SAN CLEMENTE,PUESTOS DE SALUD O POSTAS DE SALUD,ICA,PISCO,SAN CLEMENTE,110507,I-4,,ACTIVADO
GOBIERNO REGIONAL,VILLA GONZALO,PUESTOS DE SALUD O POSTAS DE SALUD,AMAZONAS,CONDORCANQUI,RIO SANTIAGO,10403,I-1,,ACTIVADO
GOBIERNO REGIONAL,COAYLLO,PUESTOS DE SALUD O POSTAS DE SALUD,LIMA,CAÑETE,COAYLLO,150506,I-1,,ACTIVADO
GOBIERNO REGIONAL,HUARIPAMPA,PUESTOS DE SALUD O POSTAS DE SALUD,HUANUCO,MARAÑON,HUACRACHUCO,100701,I-2,,ACTIVADO
ESSALUD,HOSPITAL II ALBERTO HURTADO ABADIA - LA OROYA,HOSPITALES O CLINICAS DE ATENCION GENERAL,JUNIN,YAULI,SANTA ROSA DE SACCO,120808,Sin Categoría,47.0,ACTIVADO
GOBIERNO REGIONAL,P.S. EL SIGLO,PUESTOS DE SALUD O POSTAS DE SALUD,MOQUEGUA,MARISCAL NIETO,MOQUEGUA,180101,I-2,,ACTIVADO
GOBIERNO REGIONAL,PUERTO PARDO,PUESTOS DE SALUD O POSTAS DE SALUD,MADRE DE DIOS,TAMBOPATA,TAMBOPATA,170101,I-1,,ACTIVADO
ESSALUD,POSTA MEDICA LA JOYA,PUESTOS DE SALUD O POSTAS DE SALUD,AREQUIPA,AREQUIPA,LA JOYA,40108,I-2,,ACTIVADO
ESSALUD,CENTRO DE ATENCION PRIMARIA I EL PEDREGAL ESSALUD,PUESTOS DE SALUD O POSTAS DE SALUD,AREQUIPA,CAYLLOMA,MAJES,40520,I-3,,ACTIVADO
ESSALUD,JULI,PUESTOS DE SALUD O POSTAS DE SALUD,PUNO,CHUCUITO,JULI,210401,I-3,,ACTIVADO
ESSALUD,POSTA MEDICA LA UNION,PUESTOS DE SALUD O POSTAS DE SALUD,HUANUCO,DOS DE MAYO,LA UNION,100301,I-2,,ACTIVADO
ESSALUD,CENTRO DE ATENCIÓN DE MEDICINA COMPLEMENTARIA,PUESTOS DE SALUD O POSTAS DE SALUD,PUNO,PUNO,PUNO,210101,Sin Categoría,,ACTIVADO
GOBIERNO REGIONAL,PUESTO DE SALUD LA CENTRAL,PUESTOS DE SALUD O POSTAS DE SALUD,AREQUIPA,CASTILLA,APLAO,40401,I-1,,ACTIVADO
ESSALUD,POSTA MEDICA HUAMACHUCO,PUESTOS DE SALUD O POSTAS DE SALUD,LA LIBERTAD,SANCHEZ CARRION,HUAMACHUCO,130901,Sin Categoría,,ACTIVADO
GOBIERNO REGIONAL,09 DE ENERO,CENTROS DE SALUD O CENTROS MEDICOS,AMAZONAS,CHACHAPOYAS,CHACHAPOYAS,10101,I-3,,ACTIVADO
GOBIERNO REGIONAL,VILLA HERMOSA,PUESTOS DE SALUD O POSTAS DE SALUD,AMAZONAS,BONGARA,YAMBRASBAMBA,10312,I-1,,ACTIVADO
GOBIERNO REGIONAL,VISTA ALEGRE DE EL ALTO TIGRE,PUESTOS DE SALUD O POSTAS DE SALUD,LORETO,LORETO,TIGRE,160303,I-1,,ACTIVADO
GOBIERNO REGIONAL,AYACANCHA,PUESTOS DE SALUD O POSTAS DE SALUD,HUANCAVELICA,TAYACAJA,HUARIBAMBA,90709,I-1,,ACTIVADO
GOBIERNO REGIONAL,HUAYANTO,PUESTOS DE SALUD O POSTAS DE SALUD,HUANCAVELICA,HUAYTARA,QUITO ARMA,90609,I-1,,ACTIVADO
GOBIERNO REGIONAL,SANTA ROSA DE HUAYLLATA,PUESTOS DE SALUD O POSTAS DE SALUD,PUNO,EL COLLAO,ILAVE,210501,I-2,,ACTIVADO
GOBIERNO REGIONAL,PUESTO DE SALUD COLLON,PUESTOS DE SALUD O POSTAS DE SALUD,ANCASH,HUARAZ,TARICA,20112,I-1,,ACTIVADO
ESSALUD,"ESSALUD HOSPITAL 1 ""AGUSTIN ARBULU NEYRA"" FERREÑAFE",HOSPITALES O CLINICAS DE ATENCION GENERAL,LAMBAYEQUE,FERREÑAFE,PUEBLO NUEVO,140206,Sin Categoría,17.0,ACTIVADO
ESSALUD,ESSALUD CALCA,CENTROS DE SALUD O CENTROS MEDICOS,CUSCO,CALCA,CALCA,80401,I-3,,ACTIVADO
GOBIERNO REGIONAL,NUEVO PORVENIR,PUESTOS DE SALUD O POSTAS DE SALUD,LORETO,LORETO,TROMPETEROS,160304,I-1,,ACTIVADO
ESSALUD,POSTA MEDICA ZARUMILLA,PUESTOS DE SALUD O POSTAS DE SALUD,TUMBES,ZARUMILLA,ZARUMILLA,240301,I-2,,ACTIVADO
ESSALUD,CENTRO DE ATENCION PRIMARIA I   ITE,PUESTOS DE SALUD O POSTAS DE SALUD,TACNA,JORGE BASADRE,ITE,230303,I-2,,ACTIVADO
GOBIERNO REGIONAL,KUMPIN,PUESTOS DE SALUD O POSTAS DE SALUD,AMAZONAS,CONDORCANQUI,EL CENEPA,10402,I-1,,ACTIVADO
GOBIERNO REGIONAL,SAN JOSE KM.34,PUESTOS DE SALUD O POSTAS DE SALUD,SAN MARTIN,SAN MARTIN,LA BANDA DE SHILCAYO,220909,I-1,,ACTIVADO
ESSALUD,CENTRO MEDICO HUARMEY,CENTROS DE SALUD O CENTROS MEDICOS,ANCASH,HUARMEY,HUARMEY,21101,I-3,,ACTIVADO
GOBIERNO REGIONAL,ATUEN,PUESTOS DE SALUD O POSTAS DE SALUD,AMAZONAS,CHACHAPOYAS,CHUQUIBAMBA,10106,I-1,,ACTIVADO
GOBIERNO REGIONAL,VIRGEN DEL CARMEN,PUESTOS DE SALUD O POSTAS DE SALUD,UCAYALI,PADRE ABAD,NESHUYA,250304,I-1,,ACTIVADO
ESSALUD,POSTA MEDICA DE HUARON,PUESTOS DE SALUD O POSTAS DE SALUD,PASCO,PASCO,HUAYLLAY,190104,I-2,,ACTIVADO
GOBIERNO REGIONAL,HERMILIO VALDIZAN,PUESTOS DE SALUD O POSTAS DE SALUD,HUANUCO,LEONCIO PRADO,HERMILIO VALDIZAN,100603,I-1,,ACTIVADO
ESSALUD,POSTA MEDICA PEDRO RUIZ GALLO,PUESTOS DE SALUD O POSTAS DE SALUD,AMAZONAS,BONGARA,JAZAN,10307,I-2,,ACTIVADO
GOBIERNO REGIONAL,CHOCNA,PUESTOS DE SALUD O POSTAS DE SALUD,LIMA,HUAROCHIRI,SAN MATEO,150722,I-1,,ACTIVADO
GOBIERNO REGIONAL,PICOTANI,PUESTOS DE SALUD O POSTAS DE SALUD,PUNO,SAN ANTONIO DE PUTINA,PUTINA,211001,I-1,,ACTIVADO
GOBIERNO REGIONAL,MEDIO MUNDO,PUESTOS DE SALUD O POSTAS DE SALUD,LIMA,HUAURA,VEGUETA,150812,I-2,,ACTIVADO
GOBIERNO REGIONAL,MARIATEGUI,PUESTOS DE SALUD O POSTAS DE SALUD,LIMA,HUAURA,VEGUETA,150812,I-2,,ACTIVADO
GOBIERNO REGIONAL,PRIMAVERA,PUESTOS DE SALUD O POSTAS DE SALUD,LIMA,HUAURA,VEGUETA,150812,I-2,,ACTIVADO
GOBIERNO REGIONAL,VEGUETA,CENTROS DE SALUD O CENTROS MEDICOS,LIMA,HUAURA,VEGUETA,150812,I-3,,ACTIVADO
ESSALUD,POSTA MEDICA COBRIZA,CENTROS DE SALUD O CENTROS MEDICOS,HUANCAVELICA,CHURCAMPA,SAN PEDRO DE CORIS,90509,I-2,,ACTIVADO
ESSALUD,POSTA MEDICA MARH TUNEL,PUESTOS DE SALUD O POSTAS DE SALUD,JUNIN,YAULI,YAULI,120810,Sin Categoría,,ACTIVADO
ESSALUD,POLICLINICO AZANGARO - ESSALUD - RED ASISTENCIAL JULIACA,POLICLINICOS,PUNO,AZANGARO,AZANGARO,210201,I-3,,ACTIVADO
GOBIERNO REGIONAL,P.S. EL ALGARROBAL,PUESTOS DE SALUD O POSTAS DE SALUD,MOQUEGUA,ILO,EL ALGARROBAL,180302,I-1,,ACTIVADO
GOBIERNO REGIONAL,UNTUCUCA,PUESTOS DE SALUD O POSTAS DE SALUD,PUNO,SANDIA,QUIACA,211206,I-1,,ACTIVADO
GOBIERNO REGIONAL,ANCOPUTO,PUESTOS DE SALUD O POSTAS DE SALUD,PUNO,CHUCUITO,ZEPITA,210407,I-1,,ACTIVADO
ESSALUD,POSTA MEDICA SAN PEDRO DE CAJAS,CENTROS DE SALUD O CENTROS MEDICOS,JUNIN,TARMA,SAN PEDRO DE CAJAS,120708,Sin Categoría,,ACTIVADO
GOBIERNO REGIONAL,HUARI,PUESTOS DE SALUD O POSTAS DE SALUD,JUNIN,YAULI,LA OROYA,120801,I-1,,ACTIVADO
ESSALUD,CENTRO DE ATENCION PRIMARIA I TARATA,PUESTOS DE SALUD O POSTAS DE SALUD,TACNA,TARATA,TARATA,230401,I-2,,ACTIVADO
ESSALUD,CENTRO DE ATENCION PRIMARIA II POMABAMBA,PUESTOS DE SALUD O POSTAS DE SALUD,ANCASH,POMABAMBA,POMABAMBA,21601,I-3,0.0,ACTIVADO
ESSALUD,CAP III METROPOLITANO DEL CALLAO-RED ASISTENCIAL SABOGAL,POLICLINICOS,CALLAO,CALLAO,LA PERLA,70104,I-3,,ACTIVADO
GOBIERNO REGIONAL,TUCUNARE,PUESTOS DE SALUD O POSTAS DE SALUD,LORETO,LORETO,URARINAS,160305,I-2,,ACTIVADO
ESSALUD,CENTRO DE ATENCION PRIMARIA I DESAGUADERO,PUESTOS DE SALUD O POSTAS DE SALUD,PUNO,CHUCUITO,DESAGUADERO,210402,I-3,,ACTIVADO
ESSALUD,SEGURO SOCIAL DE SALUD,HOSPITALES O CLINICAS DE ATENCION GENERAL,LIMA,LIMA,SANTA ANITA,150137,II-1,57.0,ACTIVADO
GOBIERNO REGIONAL,VISTA HERMOZA,PUESTOS DE SALUD O POSTAS DE SALUD,AMAZONAS,RODRIGUEZ DE MENDOZA,OMIA,10609,I-1,,ACTIVADO
GOBIERNO REGIONAL,DUNIA CHICO,PUESTOS DE SALUD O POSTAS DE SALUD,AMAZONAS,BONGARA,JAZAN,10307,I-1,,ACTIVADO
GOBIERNO REGIONAL,MOLLEBAMBA,PUESTOS DE SALUD O POSTAS DE SALUD,AYACUCHO,LA MAR,CHUNGUI,50505,I-1,,ACTIVADO
GOBIERNO REGIONAL,NUEVO NAZARETH,PUESTOS DE SALUD O POSTAS DE SALUD,UCAYALI,CORONEL PORTILLO,IPARIA,250103,I-1,,ACTIVADO
GOBIERNO REGIONAL,COLLONCE,CENTROS DE SALUD O CENTROS MEDICOS,AMAZONAS,LUYA,OCUMAL,10513,I-3,,ACTIVADO
GOBIERNO REGIONAL,CANAAN DEL CHIRIYACU,PUESTOS DE SALUD O POSTAS DE SALUD,LORETO,LORETO,NAUTA,160301,I-1,,ACTIVADO
GOBIERNO REGIONAL,YACUS,PUESTOS DE SALUD O POSTAS DE SALUD,HUANUCO,HUANUCO,YACUS,100112,I-2,,ACTIVADO
GOBIERNO REGIONAL,YACUS,PUESTOS DE SALUD O POSTAS DE SALUD,HUANUCO,HUANUCO,YACUS,100112,I-2,,ACTIVADO
ESSALUD,POSTA MEDICA TOCACHE,PUESTOS DE SALUD O POSTAS DE SALUD,SAN MARTIN,TOCACHE,TOCACHE,221001,I-2,,ACTIVADO
GOBIERNO REGIONAL,LA UNION,PUESTOS DE SALUD O POSTAS DE SALUD,AMAZONAS,BONGARA,JAZAN,10307,I-1,,ACTIVADO
ESSALUD,VILCASHUAMAN,PUESTOS DE SALUD O POSTAS DE SALUD,AYACUCHO,VILCAS HUAMAN,VILCAS HUAMAN,51101,I-2,,ACTIVADO
GOBIERNO REGIONAL,SAN JUAN DE CODO,PUESTOS DE SALUD O POSTAS DE SALUD,HUANUCO,PUERTO INCA,CODO DEL POZUZO,100902,I-1,,ACTIVADO
GOBIERNO REGIONAL,PUESTO DE SALUD HUAMI,PUESTOS DE SALUD O POSTAS DE SALUD,AREQUIPA,CASTILLA,VIRACO,40414,I-1,,ACTIVADO
GOBIERNO REGIONAL,SAMU DIRESA LORETO.-CPCED,"SERVICIO DE TRASLADO DE PACIENTES,ATENCION DOMICILIARIA",LORETO,MAYNAS,PUNCHANA,160108,Sin Categoría,,ACTIVADO
ESSALUD,CENTRO DE ATENCION II CHALHUANCA,CENTROS DE SALUD O CENTROS MEDICOS,APURIMAC,AYMARAES,CHALHUANCA,30401,I-2,0.0,ACTIVADO
ESSALUD,POSTA MEDICA DE MUQUIYAUYO,PUESTOS DE SALUD O POSTAS DE SALUD,JUNIN,JAUJA,MUQUIYAUYO,120421,Sin Categoría,,ACTIVADO
ESSALUD,HUANCAPI,PUESTOS DE SALUD O POSTAS DE SALUD,AYACUCHO,VICTOR FAJARDO,HUANCAPI,51001,I-2,,ACTIVADO
ESSALUD,POSTA MEDICA HUANCANE - ESSALUD - RED ASISTENCIAL JULIACA,PUESTOS DE SALUD O POSTAS DE SALUD,PUNO,HUANCANE,HUANCANE,210601,I-3,,ACTIVADO
GOBIERNO REGIONAL,SAN MIGUEL DE PORO PORO,PUESTOS DE SALUD O POSTAS DE SALUD,AMAZONAS,LUYA,PISUQUIA,10514,I-2,,ACTIVADO
GOBIERNO REGIONAL,CANAAN,PUESTOS DE SALUD O POSTAS DE SALUD,AMAZONAS,CHACHAPOYAS,CHUQUIBAMBA,10106,I-1,,ACTIVADO
ESSALUD,POLICLINICO JULIACA - ESSALUD - RED ASISTENCIAL JULIACA,POLICLINICOS,PUNO,SAN ROMAN,JULIACA,211101,I-3,,ACTIVADO
GOBIERNO REGIONAL,OQUISH,PUESTOS DE SALUD O POSTAS DE SALUD,AMAZONAS,CHACHAPOYAS,SOLOCO,10120,I-1,,ACTIVADO
GOBIERNO REGIONAL,HUAPAPA,PUESTOS DE SALUD O POSTAS DE SALUD,LORETO,PUTUMAYO,PUTUMAYO,160801,I-1,,ACTIVADO
GOBIERNO REGIONAL,P.S. LA BODEGUILLA,PUESTOS DE SALUD O POSTAS DE SALUD,MOQUEGUA,MARISCAL NIETO,MOQUEGUA,180101,I-2,,ACTIVADO
GOBIERNO REGIONAL,SAN JOSE DE LUPUNA,PUESTOS DE SALUD O POSTAS DE SALUD,LORETO,MAYNAS,IQUITOS,160101,I-1,,ACTIVADO
GOBIERNO REGIONAL,SAN MIGUEL,PUESTOS DE SALUD O POSTAS DE SALUD,LIMA,CANTA,SAN BUENAVENTURA,150406,I-1,,ACTIVADO
GOBIERNO REGIONAL,P.S. VENTANILLA BAJA,PUESTOS DE SALUD O POSTAS DE SALUD,CALLAO,CALLAO,VENTANILLA,70106,I-2,0.0,ACTIVADO
ESSALUD,HOSPITAL I ALTO MAYO,HOSPITALES O CLINICAS DE ATENCION GENERAL,SAN MARTIN,MOYOBAMBA,MOYOBAMBA,220101,II-1,20.0,ACTIVADO
GOBIERNO REGIONAL,NUEVO CHACHAPOYAS,PUESTOS DE SALUD O POSTAS DE SALUD,AMAZONAS,RODRIGUEZ DE MENDOZA,OMIA,10609,I-1,,ACTIVADO
ESSALUD,POSTA MEDICA PAMPAS,PUESTOS DE SALUD O POSTAS DE SALUD,ANCASH,PALLASCA,PAMPAS,21509,I-2,,ACTIVADO
ESSALUD,URCOS ESSALUD,CENTROS DE SALUD O CENTROS MEDICOS,CUSCO,QUISPICANCHI,URCOS,81201,I-3,,ACTIVADO
GOBIERNO REGIONAL,LAGO INAMBARILLO,PUESTOS DE SALUD O POSTAS DE SALUD,MADRE DE DIOS,TAMBOPATA,INAMBARI,170102,I-1,,ACTIVADO
ESSALUD,CENTRO MEDICO RODRIGUEZ DE MENDOZA,CENTROS DE SALUD O CENTROS MEDICOS,AMAZONAS,RODRIGUEZ DE MENDOZA,SAN NICOLAS,10601,I-3,,ACTIVADO
GOBIERNO REGIONAL,ARAYA GRANDE,PUESTOS DE SALUD O POSTAS DE SALUD,LIMA,BARRANCA,BARRANCA,150201,I-2,,ACTIVADO
ESSALUD,POSTA MEDICA DE HUAYTARA,PUESTOS DE SALUD O POSTAS DE SALUD,HUANCAVELICA,HUAYTARA,HUAYTARA,90601,I-2,0.0,ACTIVADO
ESSALUD,HOSPITAL I HUARIACA,HOSPITALES O CLINICAS DE ATENCION GENERAL,PASCO,PASCO,HUARIACA,190103,II-1,94.0,ACTIVADO
GOBIERNO REGIONAL,IZCUCHACA,PUESTOS DE SALUD O POSTAS DE SALUD,AMAZONAS,CHACHAPOYAS,MOLINOPAMPA,10114,I-1,,ACTIVADO
ESSALUD,POSTA MEDICA SAN CRISTOBAL,PUESTOS DE SALUD O POSTAS DE SALUD,JUNIN,YAULI,YAULI,120810,Sin Categoría,,ACTIVADO
GOBIERNO REGIONAL,SIRAYA,PUESTOS DE SALUD O POSTAS DE SALUD,PUNO,EL COLLAO,ILAVE,210501,I-2,,ACTIVADO
GOBIERNO REGIONAL,JANANSAYA,PUESTOS DE SALUD O POSTAS DE SALUD,PUNO,SAN ANTONIO DE PUTINA,QUILCAPUNCU,211004,I-1,,ACTIVADO
ESSALUD,POSTA MEDICA MATARANI,PUESTOS DE SALUD O POSTAS DE SALUD,AREQUIPA,ISLAY,ISLAY,40704,I-2,0.0,ACTIVADO
GOBIERNO REGIONAL,MATASENCCA,PUESTOS DE SALUD O POSTAS DE SALUD,HUANCAVELICA,TAYACAJA,ACRAQUIA,90703,I-1,,ACTIVADO
ESSALUD,POSTA MEDICA VITOR,PUESTOS DE SALUD O POSTAS DE SALUD,AREQUIPA,AREQUIPA,VITOR,40125,I-2,,ACTIVADO
ESSALUD,POSTA MEDICA SUNGARO,PUESTOS DE SALUD O POSTAS DE SALUD,HUANUCO,PUERTO INCA,PUERTO INCA,100901,I-2,0.0,ACTIVADO
ESSALUD,CENTRO DE ATENCION PRIMARIA II OSCAR FERNANDEZ DAVILA VÉLEZ,CENTROS DE SALUD O CENTROS MEDICOS,TACNA,TACNA,TACNA,230101,I-3,0.0,ACTIVADO
GOBIERNO REGIONAL,GUAYABAL,PUESTOS DE SALUD O POSTAS DE SALUD,AMAZONAS,CONDORCANQUI,RIO SANTIAGO,10403,I-1,,ACTIVADO
GOBIERNO REGIONAL,SAN JERONIMO,PUESTOS DE SALUD O POSTAS DE SALUD,AMAZONAS,BONGARA,JAZAN,10307,I-1,,ACTIVADO
GOBIERNO REGIONAL,PUESTO DE SALUD PISCOPAMPA,PUESTOS DE SALUD O POSTAS DE SALUD,AREQUIPA,CASTILLA,PAMPACOLCA,40410,I-1,,ACTIVADO
ESSALUD,CHAVALINA,PUESTOS DE SALUD O POSTAS DE SALUD,ICA,ICA,SAN JOSE DE LOS MOLINOS,110109,I-2,,ACTIVADO
GOBIERNO REGIONAL,EL DORADO,PUESTOS DE SALUD O POSTAS DE SALUD,AMAZONAS,RODRIGUEZ DE MENDOZA,OMIA,10609,I-1,,ACTIVADO
GOBIERNO REGIONAL,PUESTO DE SALUD OCCO,PUESTOS DE SALUD O POSTAS DE SALUD,AYACUCHO,VILCAS HUAMAN,INDEPENDENCIA,51106,I-1,,ACTIVADO
GOBIERNO REGIONAL,P.S. ARONDAYA,PUESTOS DE SALUD O POSTAS DE SALUD,MOQUEGUA,MARISCAL NIETO,TORATA,180106,I-1,,ACTIVADO
ESSALUD,ACOMAYO - ESSALUD,PUESTOS DE SALUD O POSTAS DE SALUD,CUSCO,ACOMAYO,ACOMAYO,80201,I-2,,ACTIVADO
GOBIERNO REGIONAL,JAMALCA,CENTROS DE SALUD O CENTROS MEDICOS,AMAZONAS,UTCUBAMBA,JAMALCA,10705,I-3,,ACTIVADO
ESSALUD,HOSPITAL II FLORENCIA DE MORA,HOSPITALES O CLINICAS DE ATENCION GENERAL,LA LIBERTAD,TRUJILLO,FLORENCIA DE MORA,130103,II-2,20.0,ACTIVADO
GOBIERNO REGIONAL,PIO PACHAMARCA,PUESTOS DE SALUD O POSTAS DE SALUD,HUANCAVELICA,CHURCAMPA,PACHAMARCA,90510,I-1,,ACTIVADO
ESSALUD,POSTA MEDICA DE COLQUIJIRCA,PUESTOS DE SALUD O POSTAS DE SALUD,PASCO,PASCO,TINYAHUARCO,190111,I-3,,ACTIVADO
GOBIERNO REGIONAL,BELEN DE TROMPETEROS,PUESTOS DE SALUD O POSTAS DE SALUD,LORETO,LORETO,TROMPETEROS,160304,I-2,,ACTIVADO
GOBIERNO REGIONAL,PACOPACUNI,PUESTOS DE SALUD O POSTAS DE SALUD,PUNO,SANDIA,LIMBANI,211203,I-1,,ACTIVADO
ESSALUD,POSTA MEDICA DE BAÑOS,PUESTOS DE SALUD O POSTAS DE SALUD,HUANUCO,LAURICOCHA,BAÑOS,101002,I-2,,ACTIVADO
ESSALUD,CENTRO ATENCION PRIMARIA II CHILCA,CENTROS DE SALUD O CENTROS MEDICOS,JUNIN,HUANCAYO,CHILCA,120107,Sin Categoría,,ACTIVADO
GOBIERNO REGIONAL,FITZCARRALD,PUESTOS DE SALUD O POSTAS DE SALUD,MADRE DE DIOS,TAMBOPATA,TAMBOPATA,170101,I-1,,ACTIVADO
GOBIERNO REGIONAL,PUESTO DE SALUD HUANJA,PUESTOS DE SALUD O POSTAS DE SALUD,ANCASH,HUARAZ,INDEPENDENCIA,20105,I-1,,ACTIVADO
ESSALUD,CENTRO DE ATENCION PRIMARIA I  ILABAYA,PUESTOS DE SALUD O POSTAS DE SALUD,TACNA,JORGE BASADRE,ILABAYA,230302,I-2,,ACTIVADO
GOBIERNO REGIONAL,PUMARANRA,PUESTOS DE SALUD O POSTAS DE SALUD,HUANCAVELICA,ACOBAMBA,PAUCARA,90206,I-1,,ACTIVADO
GOBIERNO REGIONAL,QUITACHI,PUESTOS DE SALUD O POSTAS DE SALUD,AMAZONAS,CHACHAPOYAS,SOLOCO,10120,I-1,,ACTIVADO
ESSALUD,CENTRO DE ATENCION PRIMARIA III METROPOLITANO DE PUNO,POLICLINICOS,PUNO,PUNO,PUNO,210101,I-3,,ACTIVADO
GOBIERNO REGIONAL,MONTE CRISTO,PUESTOS DE SALUD O POSTAS DE SALUD,LORETO,ALTO AMAZONAS,JEBEROS,160205,I-1,,ACTIVADO
GOBIERNO REGIONAL,QUICHIRRAGRA,PUESTOS DE SALUD O POSTAS DE SALUD,HUANUCO,HUACAYBAMBA,HUACAYBAMBA,100401,I-2,,ACTIVADO
GOBIERNO REGIONAL,QUICHIRRAGRA,PUESTOS DE SALUD O POSTAS DE SALUD,HUANUCO,HUACAYBAMBA,HUACAYBAMBA,100401,I-2,,ACTIVADO
ESSALUD,CENTRO DE ATENCION PRIMARIA III PAUCARPATA,POLICLINICOS,AREQUIPA,AREQUIPA,PAUCARPATA,40112,I-3,0.0,ACTIVADO
GOBIERNO REGIONAL,CENTRO DE SALUD 4 DE OCTUBRE,CENTROS DE SALUD O CENTROS MEDICOS,AREQUIPA,AREQUIPA,SOCABAYA,40122,I-3,,ACTIVADO
GOBIERNO REGIONAL,PURHUAY,PUESTOS DE SALUD O POSTAS DE SALUD,ANCASH,CARHUAZ,MARCARA,20606,I-1,,ACTIVADO
ESSALUD,POSTA MEDICA UCHIZA,PUESTOS DE SALUD O POSTAS DE SALUD,SAN MARTIN,TOCACHE,UCHIZA,221005,I-2,,ACTIVADO
GOBIERNO REGIONAL,CCARANACC,PUESTOS DE SALUD O POSTAS DE SALUD,HUANCAVELICA,CHURCAMPA,SAN MIGUEL DE MAYOCC,90508,I-1,,ACTIVADO
GOBIERNO REGIONAL,PARIHUANCA,PUESTOS DE SALUD O POSTAS DE SALUD,ANCASH,CARHUAZ,PARIAHUANCA,20607,I-1,,ACTIVADO
GOBIERNO REGIONAL,JANANSAYA,PUESTOS DE SALUD O POSTAS DE SALUD,PUNO,SANDIA,SAN PEDRO DE PUTINA PUNCO,211210,I-1,,ACTIVADO
GOBIERNO REGIONAL,CHONTA,PUESTOS DE SALUD O POSTAS DE SALUD,MADRE DE DIOS,TAMBOPATA,TAMBOPATA,170101,I-1,,ACTIVADO
GOBIERNO REGIONAL,LOERO,PUESTOS DE SALUD O POSTAS DE SALUD,MADRE DE DIOS,TAMBOPATA,TAMBOPATA,170101,I-1,,ACTIVADO
ESSALUD,POSTA MEDICA LAMAS,PUESTOS DE SALUD O POSTAS DE SALUD,SAN MARTIN,LAMAS,LAMAS,220501,Sin Categoría,,ACTIVADO
ESSALUD,POSTA MEDICA YUNGAY,PUESTOS DE SALUD O POSTAS DE SALUD,ANCASH,YUNGAY,YUNGAY,22001,Sin Categoría,,ACTIVADO
GOBIERNO REGIONAL,RUNUYA,PUESTOS DE SALUD O POSTAS DE SALUD,UCAYALI,CORONEL PORTILLO,IPARIA,250103,I-1,,ACTIVADO
ESSALUD,CENTRO DE ATENCION PRIMARIA I CHUQUIBAMBILLA,PUESTOS DE SALUD O POSTAS DE SALUD,APURIMAC,GRAU,CHUQUIBAMBILLA,30701,I-2,0.0,ACTIVADO
ESSALUD,HOSPITAL I TARMA,HOSPITALES O CLINICAS DE ATENCION GENERAL,JUNIN,TARMA,TARMA,120701,Sin Categoría,,ACTIVADO
GOBIERNO REGIONAL,CHACHAS,PUESTOS DE SALUD O POSTAS DE SALUD,AREQUIPA,CASTILLA,CHACHAS,40404,I-2,,ACTIVADO
GOBIERNO REGIONAL,CHACHAS,PUESTOS DE SALUD O POSTAS DE SALUD,AREQUIPA,CASTILLA,CHACHAS,40404,I-2,,ACTIVADO
ESSALUD,POSTA MEDICA SAN RAFAEL - ESSALUD - RED ASISTENCIAL JULIACA,PUESTOS DE SALUD O POSTAS DE SALUD,PUNO,MELGAR,ANTAUTA,210802,I-2,,ACTIVADO
ESSALUD,POSTA MEDICA DE UCUPE - ESSALUD,PUESTOS DE SALUD O POSTAS DE SALUD,LAMBAYEQUE,CHICLAYO,LAGUNAS,140107,I-2,,ACTIVADO
GOBIERNO REGIONAL,LA PRIMAVERA,PUESTOS DE SALUD O POSTAS DE SALUD,AMAZONAS,RODRIGUEZ DE MENDOZA,OMIA,10609,I-1,,ACTIVADO
ESSALUD,CENTRO DE ATENCIÓN PRIMARIA II ACORA - RED ASISTENCIAL PUNO,CENTROS DE SALUD O CENTROS MEDICOS,PUNO,PUNO,ACORA,210102,I-3,,ACTIVADO
ESSALUD,CENTRO MEDICO LIRCAY,CENTROS DE SALUD O CENTROS MEDICOS,HUANCAVELICA,ANGARAES,LIRCAY,90301,I-3,,ACTIVADO
GOBIERNO REGIONAL,GALLITO,PUESTOS DE SALUD O POSTAS DE SALUD,LORETO,MAYNAS,IQUITOS,160101,I-1,,ACTIVADO
ESSALUD,CENTRO DE ATENCIÓN PRIMARIA I ECHARATE - KITENI,PUESTOS DE SALUD O POSTAS DE SALUD,CUSCO,LA CONVENCION,ECHARATE,80902,I-2,,ACTIVADO
ESSALUD,MACACONA,POLICLINICOS,ICA,ICA,SUBTANJALLA,110112,I-3,,ACTIVADO
GOBIERNO REGIONAL,SANTA ANA TARUCANI,PUESTOS DE SALUD O POSTAS DE SALUD,PUNO,SAN ANTONIO DE PUTINA,PUTINA,211001,I-2,,ACTIVADO
GOBIERNO REGIONAL,BOLAYNA,PUESTOS DE SALUD O POSTAS DE SALUD,HUANUCO,LEONCIO PRADO,LUYANDO,100605,I-2,,ACTIVADO
ESSALUD,HOSPITAL I SANTA MARGARITA,HOSPITALES O CLINICAS DE ATENCION GENERAL,APURIMAC,ANDAHUAYLAS,ANDAHUAYLAS,30201,II-1,22.0,ACTIVADO
GOBIERNO REGIONAL,CHAQUILA,PUESTOS DE SALUD O POSTAS DE SALUD,LIMA,BARRANCA,BARRANCA,150201,I-2,,ACTIVADO
GOBIERNO REGIONAL,BELLA,PUESTOS DE SALUD O POSTAS DE SALUD,HUANUCO,LEONCIO PRADO,MARIANO DAMASO BERAUN,100606,I-1,,ACTIVADO
GOBIERNO REGIONAL,SACHAVACA,PUESTOS DE SALUD O POSTAS DE SALUD,HUANUCO,HUAMALIES,MONZON,100507,I-1,,ACTIVADO
GOBIERNO REGIONAL,VINTO BAJO,PUESTOS DE SALUD O POSTAS DE SALUD,LIMA,BARRANCA,BARRANCA,150201,I-1,,ACTIVADO
GOBIERNO REGIONAL,SANTA ROSA DEL PISQUI,PUESTOS DE SALUD O POSTAS DE SALUD,LORETO,UCAYALI,CONTAMANA,160601,I-1,,ACTIVADO
ESSALUD,POSTA MEDICA CARTAVIO,PUESTOS DE SALUD O POSTAS DE SALUD,LA LIBERTAD,ASCOPE,SANTIAGO DE CAO,130207,Sin Categoría,,ACTIVADO
GOBIERNO REGIONAL,MAZUKO,CENTROS DE SALUD O CENTROS MEDICOS,MADRE DE DIOS,TAMBOPATA,INAMBARI,170102,I-3,,ACTIVADO
ESSALUD,POSTA MEDICA DE CONTUMAZA,PUESTOS DE SALUD O POSTAS DE SALUD,CAJAMARCA,CONTUMAZA,CONTUMAZA,60501,I-2,,ACTIVADO
GOBIERNO REGIONAL,PUESTO DE SALUD SOCCOSPATA,PUESTOS DE SALUD O POSTAS DE SALUD,APURIMAC,ANDAHUAYLAS,TURPO,30218,I-1,,ACTIVADO
GOBIERNO REGIONAL,SAN PEDRO DE MIMOSA,PUESTOS DE SALUD O POSTAS DE SALUD,HUANCAVELICA,ANGARAES,CCOCHACCASA,90304,I-1,,ACTIVADO
ESSALUD,CENTRO DE ATENCION PRIMARIA III MANTARO,POLICLINICOS,JUNIN,HUANCAYO,HUANCAYO,120101,Sin Categoría,0.0,ACTIVADO
GOBIERNO REGIONAL,BALERIANA,PUESTOS DE SALUD O POSTAS DE SALUD,AMAZONAS,LUYA,COCABAMBA,10503,I-1,,ACTIVADO
ESSALUD,C.A.P. I ASILLO,PUESTOS DE SALUD O POSTAS DE SALUD,PUNO,AZANGARO,ASILLO,210204,I-2,,ACTIVADO
GOBIERNO REGIONAL,FORTUNA,PUESTOS DE SALUD O POSTAS DE SALUD,MADRE DE DIOS,TAMBOPATA,LABERINTO,170104,I-1,,ACTIVADO
ESSALUD,TAMBO DE MORA,PUESTOS DE SALUD O POSTAS DE SALUD,ICA,CHINCHA,TAMBO DE MORA,110211,Sin Categoría,,ACTIVADO
GOBIERNO REGIONAL,SANGAMAYO - ALTO PAUYA,PUESTOS DE SALUD O POSTAS DE SALUD,LORETO,UCAYALI,PAMPA HERMOSA,160604,I-1,,ACTIVADO
GOBIERNO REGIONAL,NUEVO PACARAN,PUESTOS DE SALUD O POSTAS DE SALUD,MADRE DE DIOS,TAHUAMANU,TAHUAMANU,170303,I-1,,ACTIVADO
GOBIERNO REGIONAL,SAN JUAN DE PAVAYACU,PUESTOS DE SALUD O POSTAS DE SALUD,LORETO,LORETO,TIGRE,160303,I-1,,ACTIVADO
GOBIERNO REGIONAL,SANTA ROSA CHIA TIPISHCA,PUESTOS DE SALUD O POSTAS DE SALUD,LORETO,UCAYALI,CONTAMANA,160601,I-1,,ACTIVADO
GOBIERNO REGIONAL,CUMPE,PUESTOS DE SALUD O POSTAS DE SALUD,LIMA,HUAROCHIRI,CASTA,150724,I-1,,ACTIVADO
ESSALUD,POSTA MEDICA SAUSAL,PUESTOS DE SALUD O POSTAS DE SALUD,LA LIBERTAD,ASCOPE,CHICAMA,130202,Sin Categoría,,ACTIVADO
ESSALUD,CAS URUBAMBA - ESSALUD,HOSPITALES O CLINICAS DE ATENCION GENERAL,CUSCO,URUBAMBA,URUBAMBA,81301,I-4,5.0,ACTIVADO
ESSALUD,HUANCASANCOS,PUESTOS DE SALUD O POSTAS DE SALUD,AYACUCHO,HUANCA SANCOS,SANCOS,50301,I-2,,ACTIVADO
GOBIERNO REGIONAL,BAJO PAVITA,PUESTOS DE SALUD O POSTAS DE SALUD,PUNO,CHUCUITO,ZEPITA,210407,I-1,,ACTIVADO
GOBIERNO REGIONAL,CUISPES,PUESTOS DE SALUD O POSTAS DE SALUD,AMAZONAS,BONGARA,CUISPES,10305,I-1,,ACTIVADO
ESSALUD,POSTA MEDICA DE BAMBAMARCA,PUESTOS DE SALUD O POSTAS DE SALUD,CAJAMARCA,HUALGAYOC,BAMBAMARCA,60701,I-2,,ACTIVADO
ESSALUD,MACHU PICCHU - ESSALUD,CENTROS DE SALUD O CENTROS MEDICOS,CUSCO,URUBAMBA,MACHUPICCHU,81304,I-2,,ACTIVADO
GOBIERNO REGIONAL,JORGE CHAVEZ,PUESTOS DE SALUD O POSTAS DE SALUD,MADRE DE DIOS,TAMBOPATA,TAMBOPATA,170101,I-1,,ACTIVADO
ESSALUD,POSTA MEDICA SECHURA,PUESTOS DE SALUD O POSTAS DE SALUD,PIURA,SECHURA,SECHURA,200801,Sin Categoría,,ACTIVADO
ESSALUD,CENTRO DE ATENCION PRIMARIA II COTABAMBAS,PUESTOS DE SALUD O POSTAS DE SALUD,APURIMAC,COTABAMBAS,TAMBOBAMBA,30501,I-2,0.0,ACTIVADO
GOBIERNO REGIONAL,EL GUAMBO,PUESTOS DE SALUD O POSTAS DE SALUD,AMAZONAS,RODRIGUEZ DE MENDOZA,OMIA,10609,I-1,,ACTIVADO
GOBIERNO REGIONAL,NUEVA ESPERANZA,PUESTOS DE SALUD O POSTAS DE SALUD,HUANUCO,PUERTO INCA,CODO DEL POZUZO,100902,I-1,,ACTIVADO
ESSALUD,YUNGUYO,PUESTOS DE SALUD O POSTAS DE SALUD,PUNO,YUNGUYO,YUNGUYO,211301,I-3,,ACTIVADO
ESSALUD,PUQUIO,CENTROS DE SALUD O CENTROS MEDICOS,AYACUCHO,LUCANAS,PUQUIO,50601,I-3,,ACTIVADO
GOBIERNO REGIONAL,PACHAMARCA,PUESTOS DE SALUD O POSTAS DE SALUD,HUANCAVELICA,CHURCAMPA,PACHAMARCA,90510,I-1,,ACTIVADO
GOBIERNO REGIONAL,CHIRAPA,PUESTOS DE SALUD O POSTAS DE SALUD,LORETO,ALTO AMAZONAS,YURIMAGUAS,160201,I-1,,ACTIVADO
GOBIERNO REGIONAL,PUESTO DE SALUD MI PERU,PUESTOS DE SALUD O POSTAS DE SALUD,CALLAO,CALLAO,MI PERU,70107,I-2,0.0,ACTIVADO
GOBIERNO REGIONAL,CERRO AZUL,CENTROS DE SALUD O CENTROS MEDICOS,LIMA,CAÑETE,CERRO AZUL,150504,I-3,,ACTIVADO
ESSALUD,POSTA MEDICA PISCOBAMBA,PUESTOS DE SALUD O POSTAS DE SALUD,ANCASH,MARISCAL LUZURIAGA,PISCOBAMBA,21301,I-2,,ACTIVADO
ESSALUD,CENTRO MEDICO AYAVIRI - ESSALUD - RED ASISTENCIAL JULIACA,CENTROS DE SALUD O CENTROS MEDICOS,PUNO,MELGAR,AYAVIRI,210801,I-3,,ACTIVADO
GOBIERNO REGIONAL,HERBAY ALTO,PUESTOS DE SALUD O POSTAS DE SALUD,LIMA,CAÑETE,SAN VICENTE DE CAÑETE,150501,I-2,,ACTIVADO
ESSALUD,RENE TOCHE GROPPO,HOSPITALES O CLINICAS DE ATENCION GENERAL,ICA,CHINCHA,CHINCHA ALTA,110201,II-1,84.0,ACTIVADO
GOBIERNO REGIONAL,CATERPIZA,PUESTOS DE SALUD O POSTAS DE SALUD,AMAZONAS,CONDORCANQUI,RIO SANTIAGO,10403,I-1,,ACTIVADO
ESSALUD,CAP HUYRO - ESSALUD,PUESTOS DE SALUD O POSTAS DE SALUD,CUSCO,LA CONVENCION,HUAYOPATA,80903,I-2,,ACTIVADO
GOBIERNO REGIONAL,JOSE OLAYA DEL RIO CORRIENTES,PUESTOS DE SALUD O POSTAS DE SALUD,LORETO,LORETO,TROMPETEROS,160304,I-1,,ACTIVADO
GOBIERNO REGIONAL,PAURANGA,PUESTOS DE SALUD O POSTAS DE SALUD,HUANCAVELICA,CASTROVIRREYNA,CAPILLAS,90404,I-1,,ACTIVADO
GOBIERNO REGIONAL,SANTA ROSA TIROLER,PUESTOS DE SALUD O POSTAS DE SALUD,LIMA,HUAURA,VEGUETA,150812,I-1,,ACTIVADO
GOBIERNO REGIONAL,FANRRE,PUESTOS DE SALUD O POSTAS DE SALUD,AMAZONAS,BONGARA,CUISPES,10305,I-1,,ACTIVADO
GOBIERNO REGIONAL,MOYAN,CENTROS DE SALUD O CENTROS MEDICOS,LAMBAYEQUE,FERREÑAFE,INCAHUASI,140203,I-3,,ACTIVADO
GOBIERNO REGIONAL,MARONA,PUESTOS DE SALUD O POSTAS DE SALUD,HUANUCO,LEONCIO PRADO,LUYANDO,100605,I-2,,ACTIVADO
ESSALUD,SEGURO SOCIAL DE SALUD,HOSPITALES O CLINICAS DE ATENCION ESPECIALIZADA,LIMA,LIMA,ATE,150103,II-1,68.0,ACTIVADO
GOBIERNO REGIONAL,GUADALUPE,CENTROS DE SALUD CON CAMAS DE INTERNAMIENTO,ICA,ICA,SALAS,110108,I-4,3.0,ACTIVADO
ESSALUD,POSTA MEDICA CARAVELI,PUESTOS DE SALUD O POSTAS DE SALUD,AREQUIPA,CARAVELI,CARAVELI,40301,I-2,0.0,ACTIVADO
ESSALUD,POSTA MEDICA DE CHICRIN,PUESTOS DE SALUD O POSTAS DE SALUD,PASCO,PASCO,YANACANCHA,190113,I-2,,ACTIVADO
GOBIERNO REGIONAL,CUÑI,PUESTOS DE SALUD O POSTAS DE SALUD,HUANCAVELICA,ACOBAMBA,MARCAS,90205,I-1,,ACTIVADO
GOBIERNO REGIONAL,MASHUAYLLO,PUESTOS DE SALUD O POSTAS DE SALUD,HUANCAVELICA,TAYACAJA,DANIEL HERNANDEZ,90706,I-1,,ACTIVADO
GOBIERNO REGIONAL,BOCA AMIGO,PUESTOS DE SALUD O POSTAS DE SALUD,MADRE DE DIOS,MANU,MADRE DE DIOS,170203,I-1,,ACTIVADO
GOBIERNO REGIONAL,PUESTO DE SALUD HORACIO ZEBALLOS GÁMEZ ,PUESTOS DE SALUD O POSTAS DE SALUD,AREQUIPA,AREQUIPA,SOCABAYA,40122,I-2,,ACTIVADO
GOBIERNO REGIONAL,HUERTA HUARAYA,PUESTOS DE SALUD O POSTAS DE SALUD,PUNO,PUNO,PUNO,210101,I-1,,ACTIVADO
GOBIERNO REGIONAL,CENTRO DE SALUD MENTAL COMUNITARIO - MOQUEGUA,CENTROS MEDICOS ESPECIALIZADOS,MOQUEGUA,MARISCAL NIETO,MOQUEGUA,180101,I-3,,ACTIVADO
ESSALUD,POSTA MEDICA DE OLMOS,PUESTOS DE SALUD O POSTAS DE SALUD,LAMBAYEQUE,LAMBAYEQUE,OLMOS,140308,I-2,,ACTIVADO
GOBIERNO REGIONAL,TAZO GRANDE,PUESTOS DE SALUD O POSTAS DE SALUD,HUANUCO,HUAMALIES,MONZON,100507,I-1,,ACTIVADO
ESSALUD,CENTRO MEDICO HUARI,CENTROS DE SALUD O CENTROS MEDICOS,ANCASH,HUARI,HUARI,21001,I-3,,ACTIVADO
GOBIERNO REGIONAL,CCOCHACCASA,CENTROS DE SALUD O CENTROS MEDICOS,HUANCAVELICA,ANGARAES,CCOCHACCASA,90304,I-3,,ACTIVADO
GOBIERNO REGIONAL,LABORATORIO DE SALUD PUBLICA,PATOLOGIA CLINICA,LORETO,MAYNAS,IQUITOS,160101,Sin Categoría,,ACTIVADO
GOBIERNO REGIONAL,TRANCA,PUESTOS DE SALUD O POSTAS DE SALUD,HUANCAVELICA,ANGARAES,SECCLLA,90312,I-1,,ACTIVADO
GOBIERNO REGIONAL,MONTEALEGRE,PUESTOS DE SALUD O POSTAS DE SALUD,AMAZONAS,RODRIGUEZ DE MENDOZA,LIMABAMBA,10605,I-1,,ACTIVADO
ESSALUD,POSTA MEDICA LLATA,PUESTOS DE SALUD O POSTAS DE SALUD,HUANUCO,HUAMALIES,LLATA,100501,I-2,,ACTIVADO
ESSALUD,CENTRO DE ATENCION PRIMARIA I PICHANAQUI,CENTROS DE SALUD O CENTROS MEDICOS,JUNIN,CHANCHAMAYO,PICHANAQUI,120303,Sin Categoría,,ACTIVADO
ESSALUD,POSTA MEDICA CORPACANCHA,PUESTOS DE SALUD O POSTAS DE SALUD,JUNIN,YAULI,MARCAPOMACOCHA,120804,Sin Categoría,,ACTIVADO
ESSALUD,FELIX TORREALVA GUTIERREZ,HOSPITALES O CLINICAS DE ATENCION GENERAL,ICA,ICA,ICA,110101,II-1,55.0,ACTIVADO
GOBIERNO REGIONAL,HUANCHAY,PUESTOS DE SALUD O POSTAS DE SALUD,HUANUCO,MARAÑON,HUACRACHUCO,100701,I-1,,ACTIVADO
GOBIERNO REGIONAL,EL CARMEN,PUESTOS DE SALUD O POSTAS DE SALUD,HUANCAVELICA,CHURCAMPA,EL CARMEN,90504,I-2,,ACTIVADO
GOBIERNO REGIONAL,PAUJIL,PUESTOS DE SALUD O POSTAS DE SALUD,AMAZONAS,RODRIGUEZ DE MENDOZA,OMIA,10609,I-1,,ACTIVADO
ESSALUD,POSTA MEDICA PACHACAYO,PUESTOS DE SALUD O POSTAS DE SALUD,JUNIN,JAUJA,CANCHAYLLO,120405,Sin Categoría,,ACTIVADO
GOBIERNO REGIONAL,OLLABAMBA,PUESTOS DE SALUD O POSTAS DE SALUD,APURIMAC,ANDAHUAYLAS,SAN JERONIMO,30213,I-1,,ACTIVADO
ESSALUD,POSTA MEDICA DE BOLIVAR,PUESTOS DE SALUD O POSTAS DE SALUD,LA LIBERTAD,BOLIVAR,BOLIVAR,130301,Sin Categoría,,ACTIVADO
GOBIERNO REGIONAL,SANTA MARTHA,PUESTOS DE SALUD O POSTAS DE SALUD,HUANUCO,PUERTO INCA,CODO DEL POZUZO,100902,I-1,,ACTIVADO
ESSALUD,POSTA MEDICA LA CRUZ,PUESTOS DE SALUD O POSTAS DE SALUD,TUMBES,TUMBES,LA CRUZ,240103,I-2,,ACTIVADO
ESSALUD,POSTA MEDICA DE ANDAYCHAGUA,PUESTOS DE SALUD O POSTAS DE SALUD,JUNIN,YAULI,HUAY HUAY,120803,Sin Categoría,,ACTIVADO
GOBIERNO REGIONAL,BUENA VISTA,PUESTOS DE SALUD O POSTAS DE SALUD,AMAZONAS,LUYA,COCABAMBA,10503,I-1,,ACTIVADO
ESSALUD,POSTA MEDICA COCACHACRA,PUESTOS DE SALUD O POSTAS DE SALUD,AREQUIPA,ISLAY,COCACHACRA,40702,I-2,0.0,ACTIVADO
GOBIERNO REGIONAL,AGUA BLANCA,PUESTOS DE SALUD O POSTAS DE SALUD,HUANUCO,PUERTO INCA,CODO DEL POZUZO,100902,I-1,,ACTIVADO
ESSALUD,POSTA MEDICA DE CASTROVIRREYNA,PUESTOS DE SALUD O POSTAS DE SALUD,HUANCAVELICA,CASTROVIRREYNA,CASTROVIRREYNA,90401,I-2,0.0,ACTIVADO
ESSALUD,POSTA MEDICA DE MOTUPE - ESSALUD,PUESTOS DE SALUD O POSTAS DE SALUD,LAMBAYEQUE,LAMBAYEQUE,MOTUPE,140307,I-2,,ACTIVADO
GOBIERNO REGIONAL,JIVIA,PUESTOS DE SALUD O POSTAS DE SALUD,HUANUCO,LAURICOCHA,JIVIA,101003,I-2,,ACTIVADO
ESSALUD,HOSPITAL I EL BUEN SAMARITANO,HOSPITALES O CLINICAS DE ATENCION GENERAL,AMAZONAS,UTCUBAMBA,BAGUA GRANDE,10701,II-1,13.0,ACTIVADO
ESSALUD,"CENTRO DE ATENCION PRIMARIA II ""LUIS PALZA LEVANO""",CENTROS DE SALUD O CENTROS MEDICOS,TACNA,TACNA,CORONEL GREGORIO ALBARRACIN L.,230110,I-3,0.0,ACTIVADO
ESSALUD,POSTA MEDICA ESSALUD CONTAMANA,CENTROS DE SALUD O CENTROS MEDICOS,LORETO,UCAYALI,CONTAMANA,160601,I-3,,ACTIVADO
ESSALUD,POSTA MEDICA QUIRUVILCA,PUESTOS DE SALUD O POSTAS DE SALUD,LA LIBERTAD,SANTIAGO DE CHUCO,QUIRUVILCA,131006,Sin Categoría,,ACTIVADO
ESSALUD,POSTA MEDICA  LAMUD,PUESTOS DE SALUD O POSTAS DE SALUD,AMAZONAS,LUYA,LAMUD,10501,I-2,,ACTIVADO
ESSALUD,POSTA MEDICA AUCAYACU,PUESTOS DE SALUD O POSTAS DE SALUD,HUANUCO,LEONCIO PRADO,JOSE CRESPO Y CASTILLO,100604,I-2,0.0,ACTIVADO
ESSALUD,POLICLINICO ILAVE - RED ASISTENCIAL PUNO,POLICLINICOS,PUNO,EL COLLAO,ILAVE,210501,I-3,,ACTIVADO
GOBIERNO REGIONAL,LABORATORIO REFERENCIAL REGIONAL DE SALUD PUBLICA Y ENTOMOLOGIA MEDICA,"PATOLOGIA CLINICA,ANATOMIA PATOLOGICA",SAN MARTIN,SAN MARTIN,MORALES,220910,Sin Categoría,,ACTIVADO
GOBIERNO REGIONAL,QUIVILLA,CENTROS DE SALUD O CENTROS MEDICOS,HUANUCO,DOS DE MAYO,QUIVILLA,100316,I-3,,ACTIVADO
GOBIERNO REGIONAL,NAPURUKA,PUESTOS DE SALUD O POSTAS DE SALUD,AMAZONAS,CONDORCANQUI,NIEVA,10401,I-1,,ACTIVADO
GOBIERNO REGIONAL,CANGALLI,PUESTOS DE SALUD O POSTAS DE SALUD,PUNO,EL COLLAO,ILAVE,210501,I-1,,ACTIVADO
GOBIERNO REGIONAL,SAN CARLOS,PUESTOS DE SALUD O POSTAS DE SALUD,AMAZONAS,BONGARA,SAN CARLOS,10309,I-1,,ACTIVADO
GOBIERNO REGIONAL,ALTO PAJACUSA,PUESTOS DE SALUD O POSTAS DE SALUD,AMAZONAS,CONDORCANQUI,NIEVA,10401,I-1,,ACTIVADO
GOBIERNO REGIONAL,SAN JOSE DE SOCOS,PUESTOS DE SALUD O POSTAS DE SALUD,AYACUCHO,LA MAR,CHUNGUI,50505,I-1,,ACTIVADO
GOBIERNO REGIONAL,C.S. UBINAS,CENTROS DE SALUD O CENTROS MEDICOS,MOQUEGUA,GENERAL SANCHEZ CERRO,UBINAS,180210,I-3,,ACTIVADO
GOBIERNO REGIONAL,C.S. UBINAS,CENTROS DE SALUD O CENTROS MEDICOS,MOQUEGUA,GENERAL SANCHEZ CERRO,UBINAS,180210,I-3,,ACTIVADO
GOBIERNO REGIONAL,PUESTO DE SALUD SALAMANCA,PUESTOS DE SALUD O POSTAS DE SALUD,AREQUIPA,CONDESUYOS,SALAMANCA,40607,I-2,,ACTIVADO
GOBIERNO REGIONAL,PUESTO DE SALUD HUARHUA,PUESTOS DE SALUD O POSTAS DE SALUD,AREQUIPA,LA UNION,PAMPAMARCA,40805,I-2,,ACTIVADO
GOBIERNO REGIONAL,PUESTO DE SALUD VELINGA,PUESTOS DE SALUD O POSTAS DE SALUD,AREQUIPA,LA UNION,QUECHUALLA,40807,I-1,,ACTIVADO
GOBIERNO REGIONAL,PUESTO DE SALUD VELINGA,PUESTOS DE SALUD O POSTAS DE SALUD,AREQUIPA,LA UNION,QUECHUALLA,40807,I-1,,ACTIVADO
GOBIERNO REGIONAL,PARAC,PUESTOS DE SALUD O POSTAS DE SALUD,LIMA,HUAROCHIRI,SAN MATEO,150722,I-1,,ACTIVADO
GOBIERNO REGIONAL,HUAYRUL,PUESTOS DE SALUD O POSTAS DE SALUD,LAMBAYEQUE,FERREÑAFE,INCAHUASI,140203,I-2,,ACTIVADO
GOBIERNO REGIONAL,CANCHACHALA,PUESTOS DE SALUD O POSTAS DE SALUD,LAMBAYEQUE,FERREÑAFE,INCAHUASI,140203,I-2,,ACTIVADO
GOBIERNO REGIONAL,BUENOS AIRES,PUESTOS DE SALUD O POSTAS DE SALUD,LIMA,BARRANCA,PATIVILCA,150203,I-2,,ACTIVADO
GOBIERNO REGIONAL,EL CARMEN,CENTROS DE SALUD O CENTROS MEDICOS,ICA,CHINCHA,EL CARMEN,110205,I-3,,ACTIVADO
GOBIERNO REGIONAL,CENTRO DE SALUD MENTAL COMUNITARIO ACOBAMBA,CENTROS MEDICOS ESPECIALIZADOS,HUANCAVELICA,ACOBAMBA,ACOBAMBA,90201,Sin Categoría,,ACTIVADO
GOBIERNO REGIONAL,BASHUTAK,PUESTOS DE SALUD O POSTAS DE SALUD,AMAZONAS,CONDORCANQUI,NIEVA,10401,I-1,,ACTIVADO
GOBIERNO REGIONAL,QUILMANA,CENTROS DE SALUD O CENTROS MEDICOS,LIMA,CAÑETE,QUILMANA,150512,I-3,6.0,ACTIVADO
GOBIERNO REGIONAL,VILLA JARDÍN CUCUYA,PUESTOS DE SALUD O POSTAS DE SALUD,LIMA,HUAROCHIRI,SANTO DOMINGO DE LOS OLLEROS,150731,I-2,,ACTIVADO
GOBIERNO REGIONAL,OMAS,PUESTOS DE SALUD O POSTAS DE SALUD,LIMA,YAUYOS,OMAS,151022,I-2,,ACTIVADO
GOBIERNO REGIONAL,PUQUIAN,PUESTOS DE SALUD O POSTAS DE SALUD,JUNIN,CONCEPCION,COMAS,120206,I-1,,ACTIVADO
GOBIERNO REGIONAL,CUCULI,PUESTOS DE SALUD O POSTAS DE SALUD,LIMA,HUAROCHIRI,MARIATANA,150713,I-2,,ACTIVADO
MINSA,HUASCATA,PUESTOS DE SALUD O POSTAS DE SALUD,LIMA,LIMA,CHACLACAYO,150107,I-2,,ACTIVADO
GOBIERNO REGIONAL,NUEVA UNIDA,PUESTOS DE SALUD O POSTAS DE SALUD,AMAZONAS,CONDORCANQUI,NIEVA,10401,I-1,,ACTIVADO
GOBIERNO REGIONAL,TOTORAS,PUESTOS DE SALUD O POSTAS DE SALUD,LAMBAYEQUE,FERREÑAFE,INCAHUASI,140203,I-2,,ACTIVADO
GOBIERNO REGIONAL,PAANTAN ENTSA,PUESTOS DE SALUD O POSTAS DE SALUD,AMAZONAS,CONDORCANQUI,EL CENEPA,10402,I-1,,ACTIVADO
GOBIERNO REGIONAL,ATSAKUS,PUESTOS DE SALUD O POSTAS DE SALUD,AMAZONAS,CONDORCANQUI,NIEVA,10401,I-1,,ACTIVADO
GOBIERNO REGIONAL,LAURA CALLER,PUESTOS DE SALUD O POSTAS DE SALUD,LIMA,CAÑETE,SAN LUIS,150514,I-2,,ACTIVADO
GOBIERNO REGIONAL,SAMU-TACNA,"SERVICIO DE TRASLADO DE PACIENTES,ATENCION PRE HOSPITALARIA",TACNA,TACNA,TACNA,230101,Sin Categoría,,ACTIVADO
GOBIERNO REGIONAL,CENTRO DE SALUD CHUQUIBAMBA,CENTROS DE SALUD CON CAMAS DE INTERNAMIENTO,AREQUIPA,CONDESUYOS,CHUQUIBAMBA,40601,I-4,,ACTIVADO
GOBIERNO REGIONAL,YANQUE,PUESTOS DE SALUD O POSTAS DE SALUD,AREQUIPA,CONDESUYOS,CHICHAS,40604,I-1,,ACTIVADO
GOBIERNO REGIONAL,IRAY,PUESTOS DE SALUD O POSTAS DE SALUD,AREQUIPA,CONDESUYOS,IRAY,40605,I-1,,ACTIVADO
GOBIERNO REGIONAL,CENTRO DE SALUD YANAQUIHUA,CENTROS DE SALUD O CENTROS MEDICOS,AREQUIPA,CONDESUYOS,YANAQUIHUA,40608,I-3,,ACTIVADO
GOBIERNO REGIONAL,PUESTO DE SALUD PAMPAMARCA,PUESTOS DE SALUD O POSTAS DE SALUD,AREQUIPA,LA UNION,PAMPAMARCA,40805,I-2,,ACTIVADO
GOBIERNO REGIONAL,UPACA,PUESTOS DE SALUD O POSTAS DE SALUD,LIMA,BARRANCA,PATIVILCA,150203,I-1,,ACTIVADO
GOBIERNO REGIONAL,COLPAR,PUESTOS DE SALUD O POSTAS DE SALUD,JUNIN,HUANCAYO,QUILCAS,120128,I-1,,ACTIVADO
GOBIERNO REGIONAL,PUESTO DE SALUD MUNGUI,PUESTOS DE SALUD O POSTAS DE SALUD,AREQUIPA,LA UNION,PAMPAMARCA,40805,I-2,,ACTIVADO
GOBIERNO REGIONAL,PUESTO DE SALUD TAURIA,PUESTOS DE SALUD O POSTAS DE SALUD,AREQUIPA,LA UNION,TAURIA,40809,I-2,,ACTIVADO
GOBIERNO REGIONAL,PUESTO DE SALUD TOMEPAMPA,PUESTOS DE SALUD O POSTAS DE SALUD,AREQUIPA,LA UNION,TOMEPAMPA,40810,I-2,,ACTIVADO
GOBIERNO REGIONAL,SAN MIGUEL  DE ACO,PUESTOS DE SALUD O POSTAS DE SALUD,ANCASH,CARHUAZ,SAN MIGUEL DE ACO,20608,I-1,,ACTIVADO
GOBIERNO REGIONAL,LA TRANCA,PUESTOS DE SALUD O POSTAS DE SALUD,LAMBAYEQUE,FERREÑAFE,INCAHUASI,140203,I-2,,ACTIVADO
GOBIERNO REGIONAL,LAQUIPAMPA,PUESTOS DE SALUD O POSTAS DE SALUD,LAMBAYEQUE,FERREÑAFE,INCAHUASI,140203,I-1,,ACTIVADO
GOBIERNO REGIONAL,CRUZ LOMA,PUESTOS DE SALUD O POSTAS DE SALUD,LAMBAYEQUE,FERREÑAFE,INCAHUASI,140203,I-2,,ACTIVADO
GOBIERNO REGIONAL,UYURPAMPA,PUESTOS DE SALUD O POSTAS DE SALUD,LAMBAYEQUE,FERREÑAFE,INCAHUASI,140203,I-2,,ACTIVADO
GOBIERNO REGIONAL,KONGACHA,PUESTOS DE SALUD O POSTAS DE SALUD,LAMBAYEQUE,FERREÑAFE,INCAHUASI,140203,I-2,,ACTIVADO
GOBIERNO REGIONAL,POTAO,PUESTOS DE SALUD O POSTAS DE SALUD,LIMA,BARRANCA,BARRANCA,150201,I-1,,ACTIVADO
GOBIERNO REGIONAL,LIMONCILLO,PUESTOS DE SALUD O POSTAS DE SALUD,LIMA,BARRANCA,BARRANCA,150201,I-1,,ACTIVADO
GOBIERNO REGIONAL,LAS VEGAS,PUESTOS DE SALUD O POSTAS DE SALUD,LIMA,BARRANCA,PATIVILCA,150203,I-1,,ACTIVADO
GOBIERNO REGIONAL,PURMACANA,PUESTOS DE SALUD O POSTAS DE SALUD,LIMA,BARRANCA,BARRANCA,150201,I-1,,ACTIVADO
GOBIERNO REGIONAL,YANACCOCHA,PUESTOS DE SALUD O POSTAS DE SALUD,HUANCAVELICA,ACOBAMBA,POMACOCHA,90207,I-2,,ACTIVADO
GOBIERNO REGIONAL,YURACMAYO,PUESTOS DE SALUD O POSTAS DE SALUD,LIMA,HUAROCHIRI,SAN MATEO,150722,I-1,,ACTIVADO
ESSALUD,POSTA MEDICA JUNÍN,PUESTOS DE SALUD O POSTAS DE SALUD,JUNIN,JUNIN,JUNIN,120501,Sin Categoría,,ACTIVADO
GOBIERNO REGIONAL,PANAILLO,PUESTOS DE SALUD O POSTAS DE SALUD,UCAYALI,CORONEL PORTILLO,CALLERIA,250101,I-1,,ACTIVADO
GOBIERNO REGIONAL,PALMERANI,PUESTOS DE SALUD O POSTAS DE SALUD,PUNO,SANDIA,SAN PEDRO DE PUTINA PUNCO,211210,I-1,,ACTIVADO
GOBIERNO REGIONAL,BUEN SUCESO,PUESTOS DE SALUD O POSTAS DE SALUD,LORETO,MARISCAL RAMON CASTILLA,YAVARI,160403,I-1,,ACTIVADO
GOBIERNO REGIONAL,CANAAN,PUESTOS DE SALUD O POSTAS DE SALUD,LORETO,UCAYALI,CONTAMANA,160601,I-1,,ACTIVADO
GOBIERNO REGIONAL,CHAGLLA,CENTROS DE SALUD O CENTROS MEDICOS,HUANUCO,PACHITEA,CHAGLLA,100802,I-3,,ACTIVADO
GOBIERNO REGIONAL,CENTRO DE SALUD LA REAL,CENTROS DE SALUD O CENTROS MEDICOS,AREQUIPA,CASTILLA,APLAO,40401,I-3,,ACTIVADO
GOBIERNO REGIONAL,PUESTO DE SALUD ACOY,PUESTOS DE SALUD O POSTAS DE SALUD,AREQUIPA,CASTILLA,APLAO,40401,I-1,,ACTIVADO
GOBIERNO REGIONAL,CENTRO DE SALUD PAMPACOLCA,CENTROS DE SALUD O CENTROS MEDICOS,AREQUIPA,CASTILLA,PAMPACOLCA,40410,I-3,,ACTIVADO
GOBIERNO REGIONAL,PUESTO DE SALUD SAN ANTONIO,PUESTOS DE SALUD O POSTAS DE SALUD,AREQUIPA,CASTILLA,PAMPACOLCA,40410,I-1,,ACTIVADO
GOBIERNO REGIONAL,PUESTO DE SALUD UÑON,PUESTOS DE SALUD O POSTAS DE SALUD,AREQUIPA,CASTILLA,UÑON,40412,I-1,,ACTIVADO
GOBIERNO REGIONAL,PUESTO DE SALUD EL PEDREGAL,PUESTOS DE SALUD O POSTAS DE SALUD,AREQUIPA,CASTILLA,URACA,40413,I-1,,ACTIVADO
GOBIERNO REGIONAL,CENTRO DE SALUD CORIRE,CENTROS DE SALUD CON CAMAS DE INTERNAMIENTO,AREQUIPA,CASTILLA,URACA,40413,I-4,,ACTIVADO
ESSALUD,POSTA MEDICA DE CHONGOYAPE - ESAALUD,PUESTOS DE SALUD O POSTAS DE SALUD,LAMBAYEQUE,CHICLAYO,CHONGOYAPE,140102,I-2,,ACTIVADO
GOBIERNO REGIONAL,YOMBLON DE COCABAMBA,PUESTOS DE SALUD O POSTAS DE SALUD,AMAZONAS,LUYA,COCABAMBA,10503,I-1,,ACTIVADO
ESSALUD,POSTA MEDICA DE POZUZO,PUESTOS DE SALUD O POSTAS DE SALUD,PASCO,OXAPAMPA,POZUZO,190305,I-2,,ACTIVADO
ESSALUD,POSTA MEDICA MALABRIGO,PUESTOS DE SALUD O POSTAS DE SALUD,LA LIBERTAD,ASCOPE,RAZURI,130206,Sin Categoría,,ACTIVADO
GOBIERNO REGIONAL,ILLAHUASI,PUESTOS DE SALUD O POSTAS DE SALUD,APURIMAC,ANDAHUAYLAS,ANDARAPA,30202,I-2,,ACTIVADO
GOBIERNO REGIONAL,NUEVO SAN MARTIN,PUESTOS DE SALUD O POSTAS DE SALUD,LORETO,LORETO,TROMPETEROS,160304,I-1,,ACTIVADO
GOBIERNO REGIONAL,SAN JUAN DE ZAPOTE,PUESTOS DE SALUD O POSTAS DE SALUD,LORETO,ALTO AMAZONAS,YURIMAGUAS,160201,I-1,,ACTIVADO
ESSALUD,CAP II TORATA,CENTROS DE SALUD O CENTROS MEDICOS,MOQUEGUA,MARISCAL NIETO,TORATA,180106,I-3,,ACTIVADO
GOBIERNO REGIONAL,Centro Salud Mental Comunitario Ilo,CENTROS DE SALUD O CENTROS MEDICOS,MOQUEGUA,ILO,ILO,180301,I-3,,ACTIVADO
ESSALUD,POSTA MEDICA DE OMATE,PUESTOS DE SALUD O POSTAS DE SALUD,MOQUEGUA,GENERAL SANCHEZ CERRO,OMATE,180201,I-2,,ACTIVADO
ESSALUD,CENTRO DE ATENCION PRIMARIA II SAN JUAN BAUTISTA,CENTROS DE SALUD O CENTROS MEDICOS,LORETO,MAYNAS,SAN JUAN BAUTISTA,160113,I-3,,ACTIVADO
ESSALUD,QUILLABAMBA -ESSALUD,CENTROS DE SALUD CON CAMAS DE INTERNAMIENTO,CUSCO,LA CONVENCION,SANTA ANA,80901,I-4,8.0,ACTIVADO
ESSALUD,POSTA MEDICA SAN GABAN - ESSALUD - RED ASISTENCIAL JULIACA,PUESTOS DE SALUD O POSTAS DE SALUD,PUNO,CARABAYA,MACUSANI,210301,I-2,,ACTIVADO
GOBIERNO REGIONAL,YUCURUCHI,PUESTOS DE SALUD O POSTAS DE SALUD,LORETO,REQUENA,SAQUENA,160507,I-1,,ACTIVADO
ESSALUD,HOSPITAL I RIO NEGRO - SATIPO,HOSPITALES O CLINICAS DE ATENCION GENERAL,JUNIN,SATIPO,RIO NEGRO,120607,Sin Categoría,,ACTIVADO
ESSALUD,CENTRO MEDICO LA SOLEDAD,PUESTOS DE SALUD O POSTAS DE SALUD,LA LIBERTAD,PATAZ,PARCOY,130808,I-2,,ACTIVADO
GOBIERNO REGIONAL,SAN ROQUE DE YURIMAGUAS,PUESTOS DE SALUD O POSTAS DE SALUD,LORETO,ALTO AMAZONAS,YURIMAGUAS,160201,I-1,,ACTIVADO
MINSA,RED DE SERVICIOS DE SALUD SAN JUAN DE MIRAFLORES - VILLA MARIA DEL TRIUNFO,PUESTOS DE SALUD O POSTAS DE SALUD,LIMA,LIMA,LIMA,150101,I-2,,ACTIVADO
GOBIERNO REGIONAL,COLCABAMBA,PUESTOS DE SALUD O POSTAS DE SALUD,APURIMAC,AYMARAES,COLCABAMBA,30405,I-2,,ACTIVADO
GOBIERNO REGIONAL,INFIERNO,PUESTOS DE SALUD O POSTAS DE SALUD,MADRE DE DIOS,TAMBOPATA,TAMBOPATA,170101,I-1,,ACTIVADO
GOBIERNO REGIONAL,CHILCHOS,PUESTOS DE SALUD O POSTAS DE SALUD,AMAZONAS,CHACHAPOYAS,LEIMEBAMBA,10110,I-1,,ACTIVADO
GOBIERNO REGIONAL,ANTA,PUESTOS DE SALUD O POSTAS DE SALUD,HUANCAVELICA,TAYACAJA,HUARIBAMBA,90709,I-1,,ACTIVADO
GOBIERNO REGIONAL,SAN ISIDRO,PUESTOS DE SALUD O POSTAS DE SALUD,LORETO,MARISCAL RAMON CASTILLA,SAN PABLO,160404,I-1,,ACTIVADO
GOBIERNO REGIONAL,SAN FELIPE,PUESTOS DE SALUD O POSTAS DE SALUD,LORETO,MARISCAL RAMON CASTILLA,SAN PABLO,160404,I-1,,ACTIVADO
ESSALUD,POSTA MEDICA DE ACOBAMBA,PUESTOS DE SALUD O POSTAS DE SALUD,HUANCAVELICA,ACOBAMBA,ACOBAMBA,90201,I-2,1.0,ACTIVADO
GOBIERNO REGIONAL,PUESTO DE SALUD SAN JOSE DE POMACOCHAS,PUESTOS DE SALUD O POSTAS DE SALUD,AMAZONAS,BONGARA,FLORIDA,10306,I-1,,ACTIVADO
GOBIERNO REGIONAL,P.S. 18 DE MAYO,PUESTOS DE SALUD O POSTAS DE SALUD,MOQUEGUA,ILO,ILO,180301,I-2,,ACTIVADO
ESSALUD,"VIRU ""VICTOR SOLES GARCIA""",HOSPITALES O CLINICAS DE ATENCION GENERAL,LA LIBERTAD,VIRU,VIRU,131201,Sin Categoría,6.0,ACTIVADO
GOBIERNO REGIONAL,JULCAMARCA,CENTROS DE SALUD O CENTROS MEDICOS,HUANCAVELICA,ANGARAES,JULCAMARCA,90309,I-3,,ACTIVADO
ESSALUD,HOSPITAL BASE III JULIACA - ESSALUD - RED ASISTENCIAL JULIACA,HOSPITALES O CLINICAS DE ATENCION ESPECIALIZADA,PUNO,SAN ROMAN,JULIACA,211101,II-2,76.0,ACTIVADO
ESSALUD,SANTA MARGARITA,POLICLINICOS,ICA,ICA,SANTIAGO,110111,I-3,,ACTIVADO
GOBIERNO REGIONAL,SANTA RITA,PUESTOS DE SALUD O POSTAS DE SALUD,MADRE DE DIOS,TAMBOPATA,INAMBARI,170102,I-1,,ACTIVADO
GOBIERNO REGIONAL,SAN VICENTE,CENTROS DE SALUD O CENTROS MEDICOS,LIMA,CAÑETE,SAN VICENTE DE CAÑETE,150501,I-3,,ACTIVADO
ESSALUD,POLICLINICO METROPOLITANO HUANCAYO,POLICLINICOS,JUNIN,HUANCAYO,EL TAMBO,120114,Sin Categoría,,ACTIVADO
ESSALUD,POSTA MEDICA JEQUETEPEQUE,PUESTOS DE SALUD O POSTAS DE SALUD,LA LIBERTAD,PACASMAYO,JEQUETEPEQUE,130703,Sin Categoría,,ACTIVADO
GOBIERNO REGIONAL,PICHUTA,PUESTOS DE SALUD O POSTAS DE SALUD,HUANCAVELICA,CASTROVIRREYNA,HUACHOS,90407,I-1,,ACTIVADO
GOBIERNO REGIONAL,TINQUERCCASA,CENTROS DE SALUD O CENTROS MEDICOS,HUANCAVELICA,ACOBAMBA,PAUCARA,90206,I-3,,ACTIVADO
GOBIERNO REGIONAL,SANTA ANA,PUESTOS DE SALUD O POSTAS DE SALUD,HUANCAVELICA,CASTROVIRREYNA,SANTA ANA,90411,I-2,,ACTIVADO
GOBIERNO REGIONAL,CHACOYA,PUESTOS DE SALUD O POSTAS DE SALUD,HUANCAVELICA,CASTROVIRREYNA,TICRAPO,90413,I-1,,ACTIVADO
GOBIERNO REGIONAL,CCOYLLORPANCCA,PUESTOS DE SALUD O POSTAS DE SALUD,HUANCAVELICA,CHURCAMPA,PACHAMARCA,90510,I-1,,ACTIVADO
GOBIERNO REGIONAL,CURIMARAY,PUESTOS DE SALUD O POSTAS DE SALUD,HUANCAVELICA,ACOBAMBA,ACOBAMBA,90201,I-1,,ACTIVADO
GOBIERNO REGIONAL,VILLA RICA,PUESTOS DE SALUD O POSTAS DE SALUD,HUANCAVELICA,ACOBAMBA,ACOBAMBA,90201,I-1,,ACTIVADO
GOBIERNO REGIONAL,CCASCCABAMBA,PUESTOS DE SALUD O POSTAS DE SALUD,HUANCAVELICA,ANGARAES,CCOCHACCASA,90304,I-1,,ACTIVADO
GOBIERNO REGIONAL,LA MERCED,PUESTOS DE SALUD O POSTAS DE SALUD,HUANCAVELICA,CHURCAMPA,LA MERCED,90505,I-1,,ACTIVADO
GOBIERNO REGIONAL,SANTA ISABEL,PUESTOS DE SALUD O POSTAS DE SALUD,HUANUCO,HUANUCO,SAN PABLO DE PILLAO,100113,I-1,,ACTIVADO
GOBIERNO REGIONAL,NUEVA ESPERANZA,PUESTOS DE SALUD O POSTAS DE SALUD,HUANCAVELICA,TAYACAJA,AHUAYCHA,90704,I-2,,ACTIVADO
GOBIERNO REGIONAL,POMACOCHA,PUESTOS DE SALUD O POSTAS DE SALUD,HUANCAVELICA,ACOBAMBA,POMACOCHA,90207,I-1,,ACTIVADO
GOBIERNO REGIONAL,CAMAYOCC,PUESTOS DE SALUD O POSTAS DE SALUD,HUANCAVELICA,CASTROVIRREYNA,SAN JUAN,90410,I-1,,ACTIVADO
GOBIERNO REGIONAL,SAN PEDRO DE PARIARCA,PUESTOS DE SALUD O POSTAS DE SALUD,HUANUCO,HUAMALIES,TANTAMAYO,100511,I-1,,ACTIVADO
GOBIERNO REGIONAL,CENTRO DE IMAGENOLOGIA REFERENCIAL INTERPROVINCIAL DE LA ZONA NOR-ORIENTAL DE HUANCAVELICA,CENTROS MEDICOS ESPECIALIZADOS,HUANCAVELICA,TAYACAJA,PAMPAS,90701,Sin Categoría,,ACTIVADO
GOBIERNO REGIONAL,MANTACRA,PUESTOS DE SALUD O POSTAS DE SALUD,HUANCAVELICA,TAYACAJA,PAMPAS,90701,I-1,,ACTIVADO
GOBIERNO REGIONAL,SANTO DOMINGO DE CAPILLAS SUR,PUESTOS DE SALUD O POSTAS DE SALUD,HUANCAVELICA,HUAYTARA,SANTO DOMINGO DE CAPILLAS,90615,I-1,,ACTIVADO
GOBIERNO REGIONAL,CONSTANCIA,PUESTOS DE SALUD O POSTAS DE SALUD,HUANCAVELICA,ANGARAES,LIRCAY,90301,I-1,,ACTIVADO
GOBIERNO REGIONAL,CCARHUACC,PUESTOS DE SALUD O POSTAS DE SALUD,HUANCAVELICA,ACOBAMBA,ACOBAMBA,90201,I-1,,ACTIVADO
GOBIERNO REGIONAL,MARAYHUACA,PUESTOS DE SALUD O POSTAS DE SALUD,LAMBAYEQUE,FERREÑAFE,INCAHUASI,140203,I-1,,ACTIVADO
GOBIERNO REGIONAL,MOCHUMI VIEJO,PUESTOS DE SALUD O POSTAS DE SALUD,LAMBAYEQUE,FERREÑAFE,PITIPO,140205,I-1,,ACTIVADO
GOBIERNO REGIONAL,OCOYO,PUESTOS DE SALUD O POSTAS DE SALUD,HUANCAVELICA,HUAYTARA,OCOYO,90606,I-2,,ACTIVADO
GOBIERNO REGIONAL,WICHIM,PUESTOS DE SALUD O POSTAS DE SALUD,AMAZONAS,CONDORCANQUI,EL CENEPA,10402,I-1,,ACTIVADO
GOBIERNO REGIONAL,HUAJINTAY,PUESTOS DE SALUD O POSTAS DE SALUD,HUANCAVELICA,CASTROVIRREYNA,HUACHOS,90407,I-1,,ACTIVADO
GOBIERNO REGIONAL,CENTRO DE SALUD MENTAL COMUNITARIO SIMON BOLIVAR,CENTROS MEDICOS ESPECIALIZADOS,AREQUIPA,AREQUIPA,AREQUIPA,40101,I-3,,ACTIVADO
GOBIERNO REGIONAL,LANCHIPAMPA,PUESTOS DE SALUD O POSTAS DE SALUD,LAMBAYEQUE,FERREÑAFE,INCAHUASI,140203,I-2,,ACTIVADO
GOBIERNO REGIONAL,ASTOBAMBA,PUESTOS DE SALUD O POSTAS DE SALUD,HUANCAVELICA,CASTROVIRREYNA,SANTA ANA,90411,I-1,,ACTIVADO
GOBIERNO REGIONAL,PATIBAMBA,PUESTOS DE SALUD O POSTAS DE SALUD,HUANCAVELICA,CHURCAMPA,PACHAMARCA,90510,I-1,,ACTIVADO
GOBIERNO REGIONAL,COTAS,PUESTOS DE SALUD O POSTAS DE SALUD,HUANCAVELICA,CASTROVIRREYNA,ARMA,90402,I-1,,ACTIVADO
GOBIERNO REGIONAL,PALMACANCHA,PUESTOS DE SALUD O POSTAS DE SALUD,HUANCAVELICA,HUAYTARA,SANTIAGO DE CHOCORVOS,90613,I-1,,ACTIVADO
GOBIERNO REGIONAL,CCARABAMBA,PUESTOS DE SALUD O POSTAS DE SALUD,HUANCAVELICA,ACOBAMBA,ACOBAMBA,90201,I-1,,ACTIVADO
GOBIERNO REGIONAL,HUACHHUA,PUESTOS DE SALUD O POSTAS DE SALUD,HUANCAVELICA,ACOBAMBA,PAUCARA,90206,I-1,,ACTIVADO
GOBIERNO REGIONAL,TOCAS,PUESTOS DE SALUD O POSTAS DE SALUD,HUANCAVELICA,TAYACAJA,COLCABAMBA,90705,I-2,,ACTIVADO
GOBIERNO REGIONAL,VIOLETAS ACCOYANCA,PUESTOS DE SALUD O POSTAS DE SALUD,HUANCAVELICA,TAYACAJA,QUICHUAS,90719,I-1,,ACTIVADO
GOBIERNO REGIONAL,UCHCUPAMPA,PUESTOS DE SALUD O POSTAS DE SALUD,HUANCAVELICA,ANGARAES,LIRCAY,90301,I-1,,ACTIVADO
GOBIERNO REGIONAL,DOS DE MAYO,PUESTOS DE SALUD O POSTAS DE SALUD,HUANCAVELICA,TAYACAJA,ACRAQUIA,90703,I-1,,ACTIVADO
GOBIERNO REGIONAL,MARCAS,PUESTOS DE SALUD O POSTAS DE SALUD,HUANCAVELICA,ACOBAMBA,MARCAS,90205,I-2,,ACTIVADO
GOBIERNO REGIONAL,COBRIZA (MACHAHUAY),PUESTOS DE SALUD O POSTAS DE SALUD,HUANCAVELICA,CHURCAMPA,SAN PEDRO DE CORIS,90509,I-1,,ACTIVADO
GOBIERNO REGIONAL,PACCAY,PUESTOS DE SALUD O POSTAS DE SALUD,HUANCAVELICA,CHURCAMPA,CHURCAMPA,90501,I-2,,ACTIVADO
GOBIERNO REGIONAL,LA ESPERANZA,PUESTOS DE SALUD O POSTAS DE SALUD,HUANUCO,HUANUCO,AMARILIS,100102,I-2,,ACTIVADO
GOBIERNO REGIONAL,SANTA ROSA DE ACORA,PUESTOS DE SALUD O POSTAS DE SALUD,HUANCAVELICA,HUAYTARA,SAN FRANCISCO DE SANGAYAICO,90611,I-1,,ACTIVADO
GOBIERNO REGIONAL,LA TRAPOSA,PUESTOS DE SALUD O POSTAS DE SALUD,LAMBAYEQUE,FERREÑAFE,PITIPO,140205,I-2,,ACTIVADO
GOBIERNO REGIONAL,PUESTO DE SALUD DE SAN PEDRO DE PILLAO,PUESTOS DE SALUD O POSTAS DE SALUD,HUANUCO,HUANUCO,SAN PABLO DE PILLAO,100113,I-1,,ACTIVADO
GOBIERNO REGIONAL,MARCAS,PUESTOS DE SALUD O POSTAS DE SALUD,HUANCAVELICA,CASTROVIRREYNA,CAPILLAS,90404,I-1,,ACTIVADO
GOBIERNO REGIONAL,CAJAMARCA,PUESTOS DE SALUD O POSTAS DE SALUD,HUANCAVELICA,CASTROVIRREYNA,CAPILLAS,90404,I-1,,ACTIVADO
GOBIERNO REGIONAL,OCOBAMBA,PUESTOS DE SALUD O POSTAS DE SALUD,HUANCAVELICA,HUAYTARA,LARAMARCA,90605,I-2,,ACTIVADO
GOBIERNO REGIONAL,SANTA ROSA DE OLAYA,PUESTOS DE SALUD O POSTAS DE SALUD,HUANCAVELICA,HUAYTARA,SANTIAGO DE CHOCORVOS,90613,I-1,,ACTIVADO
GOBIERNO REGIONAL,BUENA VISTA,PUESTOS DE SALUD O POSTAS DE SALUD,HUANCAVELICA,ANGARAES,LIRCAY,90301,I-2,,ACTIVADO
GOBIERNO REGIONAL,CHAHUARMA,PUESTOS DE SALUD O POSTAS DE SALUD,HUANCAVELICA,ANGARAES,LIRCAY,90301,I-1,,ACTIVADO
GOBIERNO REGIONAL,CARHUANCHO,PUESTOS DE SALUD O POSTAS DE SALUD,HUANCAVELICA,CHURCAMPA,SAN PEDRO DE CORIS,90509,I-1,,ACTIVADO
GOBIERNO REGIONAL,TUCSIPAMPA,PUESTOS DE SALUD O POSTAS DE SALUD,HUANCAVELICA,ANGARAES,LIRCAY,90301,I-1,,ACTIVADO
GOBIERNO REGIONAL,SAN JOSE,PUESTOS DE SALUD O POSTAS DE SALUD,HUANCAVELICA,TAYACAJA,QUICHUAS,90719,I-2,,ACTIVADO
GOBIERNO REGIONAL,POMACANCHA,PUESTOS DE SALUD O POSTAS DE SALUD,HUANCAVELICA,ACOBAMBA,CAJA,90204,I-1,,ACTIVADO
GOBIERNO REGIONAL,CHOPCCAPAMPA,PUESTOS DE SALUD O POSTAS DE SALUD,HUANCAVELICA,ACOBAMBA,PAUCARA,90206,I-1,,ACTIVADO
GOBIERNO REGIONAL,SANTIAGO DE PICHUS,CENTROS DE SALUD O CENTROS MEDICOS,HUANCAVELICA,TAYACAJA,PICHOS,90722,I-3,,ACTIVADO
GOBIERNO REGIONAL,OTILIA,PUESTOS DE SALUD O POSTAS DE SALUD,MADRE DE DIOS,TAMBOPATA,TAMBOPATA,170101,I-1,,ACTIVADO
GOBIERNO REGIONAL,ISCOPAMPA,PUESTOS DE SALUD O POSTAS DE SALUD,HUANUCO,LAURICOCHA,RONDOS,101005,I-2,,ACTIVADO
GOBIERNO REGIONAL,LAS PALMAS,PUESTOS DE SALUD O POSTAS DE SALUD,SAN MARTIN,SAN MARTIN,LA BANDA DE SHILCAYO,220909,I-1,,ACTIVADO
MINSA,CIENEGUILLO SUR ALTO,PUESTOS DE SALUD O POSTAS DE SALUD,PIURA,SULLANA,SULLANA,200601,I-1,,ACTIVADO
GOBIERNO REGIONAL,C.S. TORATA,CENTROS DE SALUD O CENTROS MEDICOS,MOQUEGUA,MARISCAL NIETO,TORATA,180106,I-3,,ACTIVADO
GOBIERNO REGIONAL,ALTO SAN JUAN DE TULUMAYO,PUESTOS DE SALUD O POSTAS DE SALUD,HUANUCO,LEONCIO PRADO,LUYANDO,100605,I-1,,ACTIVADO
GOBIERNO REGIONAL,HOGAR PROTEGIDO MOQUEGUA,ESTABLECIMIENTOS DE RECUPERACION O REPOSO,MOQUEGUA,MARISCAL NIETO,MOQUEGUA,180101,Sin Categoría,,ACTIVADO
GOBIERNO REGIONAL,LIMON,PUESTOS DE SALUD O POSTAS DE SALUD,SAN MARTIN,BELLAVISTA,BELLAVISTA,220201,I-1,,ACTIVADO
GOBIERNO REGIONAL,NUEVO HORIZONTE,PUESTOS DE SALUD O POSTAS DE SALUD,HUANUCO,PUERTO INCA,CODO DEL POZUZO,100902,I-1,,ACTIVADO
GOBIERNO REGIONAL,COSMA,PUESTOS DE SALUD O POSTAS DE SALUD,HUANUCO,LAURICOCHA,RONDOS,101005,I-1,,ACTIVADO
GOBIERNO REGIONAL,AMARACAYRE,PUESTOS DE SALUD O POSTAS DE SALUD,MADRE DE DIOS,TAMBOPATA,INAMBARI,170102,I-1,,ACTIVADO
GOBIERNO REGIONAL,GALILEA,CENTROS DE SALUD O CENTROS MEDICOS,AMAZONAS,CONDORCANQUI,RIO SANTIAGO,10403,I-3,,ACTIVADO
GOBIERNO REGIONAL,SECCHA,PUESTOS DE SALUD O POSTAS DE SALUD,HUANUCO,LAURICOCHA,RONDOS,101005,I-1,,ACTIVADO
GOBIERNO REGIONAL,WARIWAYIN,PUESTOS DE SALUD O POSTAS DE SALUD,HUANUCO,LAURICOCHA,RONDOS,101005,I-1,,ACTIVADO
GOBIERNO REGIONAL,RIO AZUL,PUESTOS DE SALUD O POSTAS DE SALUD,HUANUCO,LEONCIO PRADO,HERMILIO VALDIZAN,100603,I-1,,ACTIVADO
ESSALUD,PALPA,PUESTOS DE SALUD O POSTAS DE SALUD,ICA,PALPA,PALPA,110401,I-2,,ACTIVADO
GOBIERNO REGIONAL,HUAYTA CORRAL,PUESTOS DE SALUD O POSTAS DE SALUD,HUANCAVELICA,TAYACAJA,ACOSTAMBO,90702,I-1,,ACTIVADO
GOBIERNO REGIONAL,ANTA,CENTROS DE SALUD O CENTROS MEDICOS,ANCASH,CARHUAZ,ANTA,20604,I-3,,ACTIVADO
GOBIERNO REGIONAL,VICOS,PUESTOS DE SALUD O POSTAS DE SALUD,ANCASH,CARHUAZ,MARCARA,20606,I-2,,ACTIVADO
GOBIERNO REGIONAL,RECUAYHUANCA,PUESTOS DE SALUD O POSTAS DE SALUD,ANCASH,CARHUAZ,MARCARA,20606,I-1,,ACTIVADO
GOBIERNO REGIONAL,BAJO PUQUIRI,PUESTOS DE SALUD O POSTAS DE SALUD,MADRE DE DIOS,MANU,MADRE DE DIOS,170203,I-1,,ACTIVADO
GOBIERNO REGIONAL,BARRIOS ALTOS,PUESTOS DE SALUD O POSTAS DE SALUD,CAJAMARCA,SAN IGNACIO,SAN JOSE DE LOURDES,60906,I-1,,ACTIVADO
GOBIERNO REGIONAL,PUESTO DE SALUD PASHPA,PUESTOS DE SALUD O POSTAS DE SALUD,ANCASH,HUARAZ,TARICA,20112,I-1,,ACTIVADO
GOBIERNO REGIONAL,PUENTE INAMBARI,PUESTOS DE SALUD O POSTAS DE SALUD,MADRE DE DIOS,TAMBOPATA,INAMBARI,170102,I-1,,ACTIVADO
ESSALUD,POSTA MEDICA CABANA,PUESTOS DE SALUD O POSTAS DE SALUD,ANCASH,PALLASCA,CABANA,21501,I-2,,ACTIVADO
GOBIERNO REGIONAL,HUARACAYOG,PUESTOS DE SALUD O POSTAS DE SALUD,HUANUCO,LAURICOCHA,RONDOS,101005,I-1,,ACTIVADO
ESSALUD,CENTRO MEDICO SIHUAS,CENTROS DE SALUD O CENTROS MEDICOS,ANCASH,SIHUAS,SIHUAS,21901,I-3,,ACTIVADO
GOBIERNO REGIONAL,MATAQUITA,PUESTOS DE SALUD O POSTAS DE SALUD,ANCASH,HUARAZ,JANGAS,20106,I-1,,ACTIVADO
GOBIERNO REGIONAL,PUNQUIRI CHICO,PUESTOS DE SALUD O POSTAS DE SALUD,MADRE DE DIOS,MANU,MADRE DE DIOS,170203,I-1,,ACTIVADO
GOBIERNO REGIONAL,P.S. LA PUNTA  ( EX-LUIS VALLEJO SANTONI ),PUESTOS DE SALUD O POSTAS DE SALUD,CALLAO,CALLAO,LA PUNTA,70105,I-2,0.0,ACTIVADO
GOBIERNO REGIONAL,PUESTO DE SALUD PARACSHA,PUESTOS DE SALUD O POSTAS DE SALUD,HUANUCO,LAURICOCHA,JESUS,101001,I-1,,ACTIVADO
GOBIERNO REGIONAL,DIAMANTE,PUESTOS DE SALUD O POSTAS DE SALUD,MADRE DE DIOS,MANU,FITZCARRALD,170202,I-1,,ACTIVADO
GOBIERNO REGIONAL,PUESTO DE SALUD SAN JUAN DE NUPE,PUESTOS DE SALUD O POSTAS DE SALUD,HUANUCO,LAURICOCHA,JESUS,101001,I-1,,ACTIVADO
GOBIERNO REGIONAL,HUACARCOCHA,PUESTOS DE SALUD O POSTAS DE SALUD,HUANUCO,LAURICOCHA,RONDOS,101005,I-1,,ACTIVADO
GOBIERNO REGIONAL,NUEVA ASPUZANA,PUESTOS DE SALUD O POSTAS DE SALUD,HUANUCO,LEONCIO PRADO,JOSE CRESPO Y CASTILLO,100604,I-1,,ACTIVADO
GOBIERNO REGIONAL,TUPAC AMARU,PUESTOS DE SALUD O POSTAS DE SALUD,HUANUCO,LEONCIO PRADO,PUCAYACU,100607,I-1,,ACTIVADO
GOBIERNO REGIONAL,SANTA ROSA DE PATOPAMPA,PUESTOS DE SALUD O POSTAS DE SALUD,HUANUCO,LAURICOCHA,RONDOS,101005,I-1,,ACTIVADO
GOBIERNO REGIONAL,EL PRADO,PUESTOS DE SALUD O POSTAS DE SALUD,MADRE DE DIOS,TAMBOPATA,TAMBOPATA,170101,I-1,,ACTIVADO
GOBIERNO REGIONAL,VICHURI,PUESTOS DE SALUD O POSTAS DE SALUD,HUANCAVELICA,HUAYTARA,OCOYO,90606,I-1,,ACTIVADO
GOBIERNO REGIONAL,OCROCOCHA,PUESTOS DE SALUD O POSTAS DE SALUD,HUANCAVELICA,CASTROVIRREYNA,TANTARA,90412,I-1,,ACTIVADO
GOBIERNO REGIONAL,COCHAMARCA,PUESTOS DE SALUD O POSTAS DE SALUD,HUANCAVELICA,CASTROVIRREYNA,AURAHUA,90403,I-1,,ACTIVADO
GOBIERNO REGIONAL,ÑUNYA JALCA,CENTROS DE SALUD O CENTROS MEDICOS,AMAZONAS,UTCUBAMBA,BAGUA GRANDE,10701,I-3,,ACTIVADO
GOBIERNO REGIONAL,PILCOCANCHA,PUESTOS DE SALUD O POSTAS DE SALUD,HUANUCO,LAURICOCHA,RONDOS,101005,I-1,,ACTIVADO
GOBIERNO REGIONAL,CHAVIN DE PARIARCA,CENTROS DE SALUD O CENTROS MEDICOS,HUANUCO,HUAMALIES,CHAVIN DE PARIARCA,100503,I-3,,ACTIVADO
GOBIERNO REGIONAL,MARCOPATA,PUESTOS DE SALUD O POSTAS DE SALUD,HUANCAVELICA,TAYACAJA,DANIEL HERNANDEZ,90706,I-1,,ACTIVADO
GOBIERNO REGIONAL,LLATA,CENTROS DE SALUD CON CAMAS DE INTERNAMIENTO,HUANUCO,HUAMALIES,LLATA,100501,I-4,12.0,ACTIVADO
GOBIERNO REGIONAL,EL VALOR,PUESTOS DE SALUD O POSTAS DE SALUD,AMAZONAS,UTCUBAMBA,EL MILAGRO,10704,I-1,,ACTIVADO
GOBIERNO REGIONAL,HUARIBAMBA,CENTROS DE SALUD O CENTROS MEDICOS,HUANCAVELICA,TAYACAJA,HUARIBAMBA,90709,I-3,,ACTIVADO
GOBIERNO REGIONAL,QUINTAOJO,PUESTOS DE SALUD O POSTAS DE SALUD,HUANCAVELICA,TAYACAJA,ACOSTAMBO,90702,I-1,,ACTIVADO
GOBIERNO REGIONAL,LA HUACA,PUESTOS DE SALUD O POSTAS DE SALUD,CAJAMARCA,JAEN,HUABAL,60805,I-1,,ACTIVADO
GOBIERNO REGIONAL,SAN JUAN GRANDE,PUESTOS DE SALUD O POSTAS DE SALUD,MADRE DE DIOS,MANU,MADRE DE DIOS,170203,I-2,,ACTIVADO
GOBIERNO REGIONAL,MUCHIC,PUESTOS DE SALUD O POSTAS DE SALUD,HUANCAVELICA,HUAYTARA,HUAYTARA,90601,I-1,,ACTIVADO
GOBIERNO REGIONAL,QUICHUAS,CENTROS DE SALUD O CENTROS MEDICOS,HUANCAVELICA,TAYACAJA,QUICHUAS,90719,I-3,,ACTIVADO
GOBIERNO REGIONAL,SANTA ROSA DE CHANGUELETA,PUESTOS DE SALUD O POSTAS DE SALUD,HUANCAVELICA,TAYACAJA,SALCABAMBA,90714,I-1,,ACTIVADO
GOBIERNO REGIONAL,PUESTO DE SALUD CONSUELO,PUESTOS DE SALUD O POSTAS DE SALUD,HUANUCO,LEONCIO PRADO,PUCAYACU,100607,I-1,,ACTIVADO
GOBIERNO REGIONAL,SANTA CRUZ DE BUENA VISTA,PUESTOS DE SALUD O POSTAS DE SALUD,AMAZONAS,UTCUBAMBA,CAJARURO,10702,I-2,,ACTIVADO
GOBIERNO REGIONAL,HUILLARAN,PUESTOS DE SALUD O POSTAS DE SALUD,AMAZONAS,UTCUBAMBA,JAMALCA,10705,I-1,,ACTIVADO
GOBIERNO REGIONAL,HUAYACUNDO ARMA,PUESTOS DE SALUD O POSTAS DE SALUD,HUANCAVELICA,HUAYTARA,HUAYACUNDO ARMA,90604,I-1,,ACTIVADO
GOBIERNO REGIONAL,ALTO AYRIHUAS,PUESTOS DE SALUD O POSTAS DE SALUD,PUNO,CHUCUITO,ZEPITA,210407,I-1,,ACTIVADO
GOBIERNO REGIONAL,VILLA CHIMU,PUESTOS DE SALUD O POSTAS DE SALUD,PUNO,CHUCUITO,ZEPITA,210407,I-1,,ACTIVADO
GOBIERNO REGIONAL,SHULLUYACU,PUESTOS DE SALUD O POSTAS DE SALUD,HUANUCO,YAROWILCA,CHACABAMBA,101103,I-2,,ACTIVADO
GOBIERNO REGIONAL,TASAPA PATACOLLO,PUESTOS DE SALUD O POSTAS DE SALUD,PUNO,CHUCUITO,ZEPITA,210407,I-1,,ACTIVADO
GOBIERNO REGIONAL,JOROBAMBA,PUESTOS DE SALUD O POSTAS DE SALUD,AMAZONAS,UTCUBAMBA,EL MILAGRO,10704,I-1,,ACTIVADO
GOBIERNO REGIONAL,NUEVA CHONTA,PUESTOS DE SALUD O POSTAS DE SALUD,UCAYALI,PADRE ABAD,PADRE ABAD,250301,I-1,,ACTIVADO
GOBIERNO REGIONAL,VISTA ALEGRE,PUESTOS DE SALUD O POSTAS DE SALUD,AMAZONAS,UTCUBAMBA,BAGUA GRANDE,10701,I-1,,ACTIVADO
ESSALUD,HOSPITAL I CHEPEN ESSALUD,HOSPITALES O CLINICAS DE ATENCION GENERAL,LA LIBERTAD,CHEPEN,CHEPEN,130401,II-1,14.0,ACTIVADO
GOBIERNO REGIONAL,YACANGO,PUESTOS DE SALUD O POSTAS DE SALUD,PUNO,CHUCUITO,JULI,210401,Sin Categoría,,ACTIVADO
GOBIERNO REGIONAL,PALERMO,PUESTOS DE SALUD O POSTAS DE SALUD,HUANCAVELICA,CHURCAMPA,EL CARMEN,90504,I-1,,ACTIVADO
GOBIERNO REGIONAL,PATALLACCTA,PUESTOS DE SALUD O POSTAS DE SALUD,HUANCAVELICA,CHURCAMPA,PACHAMARCA,90510,I-1,,ACTIVADO
GOBIERNO REGIONAL,VILLAMAYO,PUESTOS DE SALUD O POSTAS DE SALUD,HUANCAVELICA,CHURCAMPA,PACHAMARCA,90510,I-1,,ACTIVADO
GOBIERNO REGIONAL,SANTA ROSA,PUESTOS DE SALUD O POSTAS DE SALUD,HUANUCO,LAURICOCHA,BAÑOS,101002,I-2,,ACTIVADO
GOBIERNO REGIONAL,CARANCAS,PUESTOS DE SALUD O POSTAS DE SALUD,PUNO,CHUCUITO,DESAGUADERO,210402,I-1,,ACTIVADO
GOBIERNO REGIONAL,TULACOLLO,PUESTOS DE SALUD O POSTAS DE SALUD,PUNO,CHUCUITO,KELLUYO,210404,I-1,,ACTIVADO
GOBIERNO REGIONAL,CHACABAMBA,PUESTOS DE SALUD O POSTAS DE SALUD,HUANUCO,YAROWILCA,CHACABAMBA,101103,I-1,,ACTIVADO
GOBIERNO REGIONAL,KELLUYO,CENTROS DE SALUD O CENTROS MEDICOS,PUNO,CHUCUITO,KELLUYO,210404,I-3,,ACTIVADO
GOBIERNO REGIONAL,AMPATIRI,PUESTOS DE SALUD O POSTAS DE SALUD,PUNO,CHUCUITO,POMATA,210406,I-2,,ACTIVADO
GOBIERNO REGIONAL,NUEVA SAMARIA,PUESTOS DE SALUD O POSTAS DE SALUD,UCAYALI,CORONEL PORTILLO,IPARIA,250103,I-1,,ACTIVADO
GOBIERNO REGIONAL,ZEPITA,CENTROS DE SALUD O CENTROS MEDICOS,PUNO,CHUCUITO,ZEPITA,210407,I-3,,ACTIVADO
ESSALUD,POSTA MEDICA IBERIA,PUESTOS DE SALUD O POSTAS DE SALUD,MADRE DE DIOS,TAHUAMANU,IBERIA,170302,I-2,,ACTIVADO
GOBIERNO REGIONAL,NARANJOS ALTOS,CENTROS DE SALUD O CENTROS MEDICOS,AMAZONAS,UTCUBAMBA,CAJARURO,10702,I-3,,ACTIVADO
GOBIERNO REGIONAL,ÑUNYA TEMPLE,PUESTOS DE SALUD O POSTAS DE SALUD,AMAZONAS,UTCUBAMBA,BAGUA GRANDE,10701,I-1,,ACTIVADO
GOBIERNO REGIONAL,NARANJITOS,CENTROS DE SALUD O CENTROS MEDICOS,AMAZONAS,UTCUBAMBA,CAJARURO,10702,I-3,,ACTIVADO
GOBIERNO REGIONAL,SANTA ROSA DE SHESHEA,PUESTOS DE SALUD O POSTAS DE SALUD,UCAYALI,CORONEL PORTILLO,IPARIA,250103,I-1,,ACTIVADO
GOBIERNO REGIONAL,SAN PEDRO DE CORIS,CENTROS DE SALUD O CENTROS MEDICOS,HUANCAVELICA,CHURCAMPA,SAN PEDRO DE CORIS,90509,I-3,,ACTIVADO
GOBIERNO REGIONAL,SOCOS,PUESTOS DE SALUD O POSTAS DE SALUD,JUNIN,HUANCAYO,CHUPURO,120111,I-1,,ACTIVADO
GOBIERNO REGIONAL,CENTRO DE SALUD MENTAL COMUNITARIO MAJES,CENTROS MEDICOS ESPECIALIZADOS,AREQUIPA,CAYLLOMA,MAJES,40520,I-3,,ACTIVADO
GOBIERNO REGIONAL,CHALLHUAPUQUIO,PUESTOS DE SALUD O POSTAS DE SALUD,HUANCAVELICA,ANGARAES,LIRCAY,90301,I-1,,ACTIVADO
GOBIERNO REGIONAL,SANTO TOMAS DE PATA,PUESTOS DE SALUD O POSTAS DE SALUD,HUANCAVELICA,ANGARAES,SANTO TOMAS DE PATA,90311,I-1,,ACTIVADO
GOBIERNO REGIONAL,IZANI,PUESTOS DE SALUD O POSTAS DE SALUD,PUNO,CHUCUITO,ZEPITA,210407,I-2,,ACTIVADO
GOBIERNO REGIONAL,TOTOROMA,PUESTOS DE SALUD O POSTAS DE SALUD,PUNO,CHUCUITO,KELLUYO,210404,I-1,,ACTIVADO
GOBIERNO REGIONAL,HORACIO CEVALLOS,PUESTOS DE SALUD O POSTAS DE SALUD,MADRE DE DIOS,TAMBOPATA,LABERINTO,170104,I-1,,ACTIVADO
GOBIERNO REGIONAL,VENENILLO,PUESTOS DE SALUD O POSTAS DE SALUD,HUANUCO,LEONCIO PRADO,JOSE CRESPO Y CASTILLO,100604,I-2,,ACTIVADO
GOBIERNO REGIONAL,HUACULLANI,CENTROS DE SALUD O CENTROS MEDICOS,PUNO,CHUCUITO,HUACULLANI,210403,I-3,,ACTIVADO
GOBIERNO REGIONAL,SAN MARTIN,CENTROS DE SALUD O CENTROS MEDICOS,AMAZONAS,UTCUBAMBA,BAGUA GRANDE,10701,I-3,,ACTIVADO
GOBIERNO REGIONAL,PUESTO DE SALUD I-1 BUEN JESUS DE PAZ,PUESTOS DE SALUD O POSTAS DE SALUD,LORETO,MARISCAL RAMON CASTILLA,PEBAS,160402,I-1,,ACTIVADO
GOBIERNO REGIONAL,SANTA ROSA DE SIRABAMBA,PUESTOS DE SALUD O POSTAS DE SALUD,HUANUCO,HUANUCO,SANTA MARIA DEL VALLE,100109,I-2,,ACTIVADO
GOBIERNO REGIONAL,JOSE OLAYA,CENTROS DE SALUD O CENTROS MEDICOS,AMAZONAS,UTCUBAMBA,CAJARURO,10702,I-3,,ACTIVADO
ESSALUD,POSTA MEDICA MAZUKO,PUESTOS DE SALUD O POSTAS DE SALUD,MADRE DE DIOS,TAMBOPATA,INAMBARI,170102,I-2,,ACTIVADO
GOBIERNO REGIONAL,AMAQUIRIA,PUESTOS DE SALUD O POSTAS DE SALUD,UCAYALI,CORONEL PORTILLO,IPARIA,250103,I-1,,ACTIVADO
GOBIERNO REGIONAL,PASIRI,PUESTOS DE SALUD O POSTAS DE SALUD,PUNO,CHUCUITO,JULI,210401,I-1,,ACTIVADO
GOBIERNO REGIONAL,P.S. LOS ANGELES - ILO,PUESTOS DE SALUD O POSTAS DE SALUD,MOQUEGUA,ILO,ILO,180301,I-2,,ACTIVADO
GOBIERNO REGIONAL,CHUPACC,PUESTOS DE SALUD O POSTAS DE SALUD,HUANCAVELICA,ANGARAES,SANTO TOMAS DE PATA,90311,I-1,,ACTIVADO
GOBIERNO REGIONAL,PUEBLO LIBRE,CENTROS DE SALUD O CENTROS MEDICOS,PUNO,CHUCUITO,JULI,210401,I-3,,ACTIVADO
GOBIERNO REGIONAL,QUERUMA,PUESTOS DE SALUD O POSTAS DE SALUD,PUNO,CHUCUITO,JULI,210401,I-1,,ACTIVADO
GOBIERNO REGIONAL,TAMBILLO,PUESTOS DE SALUD O POSTAS DE SALUD,PUNO,CHUCUITO,POMATA,210406,I-1,,ACTIVADO
GOBIERNO REGIONAL,COLLPAJAHUIRA,PUESTOS DE SALUD O POSTAS DE SALUD,PUNO,CHUCUITO,JULI,210401,I-1,,ACTIVADO
GOBIERNO REGIONAL,CHACOCOLLO,PUESTOS DE SALUD O POSTAS DE SALUD,PUNO,CHUCUITO,KELLUYO,210404,I-1,,ACTIVADO
GOBIERNO REGIONAL,SANTIAGO MUCHO CHAMBILLA,PUESTOS DE SALUD O POSTAS DE SALUD,PUNO,CHUCUITO,JULI,210401,I-1,,ACTIVADO
GOBIERNO REGIONAL,CCAJJE,PUESTOS DE SALUD O POSTAS DE SALUD,PUNO,CHUCUITO,JULI,210401,I-1,,ACTIVADO
GOBIERNO REGIONAL,SAN JUAN DE YARIHUANI,PUESTOS DE SALUD O POSTAS DE SALUD,PUNO,CHUCUITO,JULI,210401,I-1,,ACTIVADO
GOBIERNO REGIONAL,BAJO  LLALLAHUA,PUESTOS DE SALUD O POSTAS DE SALUD,PUNO,CHUCUITO,PISACOMA,210405,I-2,,ACTIVADO
GOBIERNO REGIONAL,SANTA CRUZ AYRIHUAS,PUESTOS DE SALUD O POSTAS DE SALUD,PUNO,CHUCUITO,DESAGUADERO,210402,I-2,,ACTIVADO
GOBIERNO REGIONAL,TUQUINA,PUESTOS DE SALUD O POSTAS DE SALUD,PUNO,CHUCUITO,POMATA,210406,I-1,,ACTIVADO
GOBIERNO REGIONAL,SABAYNO,PUESTOS DE SALUD O POSTAS DE SALUD,APURIMAC,ANTABAMBA,SABAINO,30307,I-2,,ACTIVADO
GOBIERNO REGIONAL,PIZACOMA,CENTROS DE SALUD O CENTROS MEDICOS,PUNO,CHUCUITO,PISACOMA,210405,I-3,,ACTIVADO
GOBIERNO REGIONAL,ESPERANZA DE PANAILLO,PUESTOS DE SALUD O POSTAS DE SALUD,UCAYALI,CORONEL PORTILLO,YARINACOCHA,250105,I-2,,ACTIVADO
GOBIERNO REGIONAL,PARCO PATACOLLO,PUESTOS DE SALUD O POSTAS DE SALUD,PUNO,CHUCUITO,ZEPITA,210407,I-2,,ACTIVADO
GOBIERNO REGIONAL,SICUYANI,PUESTOS DE SALUD O POSTAS DE SALUD,PUNO,CHUCUITO,ZEPITA,210407,I-2,,ACTIVADO
GOBIERNO REGIONAL,CENTRO DE SALUD COTAHUASI,CENTROS DE SALUD CON CAMAS DE INTERNAMIENTO,AREQUIPA,LA UNION,COTAHUASI,40801,I-4,,ACTIVADO
GOBIERNO REGIONAL,CHALLAPAMPA,PUESTOS DE SALUD O POSTAS DE SALUD,PUNO,CHUCUITO,JULI,210401,I-1,,ACTIVADO
GOBIERNO REGIONAL,PUESTO DE SALUD CHURCA,PUESTOS DE SALUD O POSTAS DE SALUD,AREQUIPA,LA UNION,PUYCA,40806,I-2,,ACTIVADO
GOBIERNO REGIONAL,MOLINO KAPIA,PUESTOS DE SALUD O POSTAS DE SALUD,PUNO,CHUCUITO,ZEPITA,210407,I-1,,ACTIVADO
GOBIERNO REGIONAL,CASIMUYO,PUESTOS DE SALUD O POSTAS DE SALUD,PUNO,CHUCUITO,JULI,210401,I-2,,ACTIVADO
GOBIERNO REGIONAL,ROSARIO DE SORAPA,PUESTOS DE SALUD O POSTAS DE SALUD,PUNO,CHUCUITO,JULI,210401,I-1,,ACTIVADO
GOBIERNO REGIONAL,BATALLA,PUESTOS DE SALUD O POSTAS DE SALUD,PUNO,CHUCUITO,POMATA,210406,I-1,,ACTIVADO
GOBIERNO REGIONAL,HUAPACA SAN MIGUEL,PUESTOS DE SALUD O POSTAS DE SALUD,PUNO,CHUCUITO,POMATA,210406,I-2,,ACTIVADO
GOBIERNO REGIONAL,CASPA CENTRAL,PUESTOS DE SALUD O POSTAS DE SALUD,PUNO,CHUCUITO,JULI,210401,I-2,,ACTIVADO
GOBIERNO REGIONAL,PUESTO DE SALUD ISPACAS,PUESTOS DE SALUD O POSTAS DE SALUD,AREQUIPA,CONDESUYOS,YANAQUIHUA,40608,I-2,,ACTIVADO
GOBIERNO REGIONAL,PUESTO DE SALUD CHICHAS,PUESTOS DE SALUD O POSTAS DE SALUD,AREQUIPA,CONDESUYOS,CHICHAS,40604,I-2,,ACTIVADO
GOBIERNO REGIONAL,PUESTO DE SALUD ESCALERILLAS,PUESTOS DE SALUD O POSTAS DE SALUD,AREQUIPA,CASTILLA,URACA,40413,I-1,,ACTIVADO
GOBIERNO REGIONAL,SANTA ROSA,PUESTOS DE SALUD O POSTAS DE SALUD,MADRE DE DIOS,TAMBOPATA,INAMBARI,170102,I-2,,ACTIVADO
GOBIERNO REGIONAL,PUESTO DE SALUD PUCUNCHO,PUESTOS DE SALUD O POSTAS DE SALUD,AREQUIPA,CONDESUYOS,SALAMANCA,40607,I-1,,ACTIVADO
GOBIERNO REGIONAL,VIRGENES DEL SOL,PUESTOS DE SALUD O POSTAS DE SALUD,MADRE DE DIOS,TAMBOPATA,LABERINTO,170104,I-1,,ACTIVADO
GOBIERNO REGIONAL,TAURIPAMPA,PUESTOS DE SALUD O POSTAS DE SALUD,LIMA,YAUYOS,TAURIPAMPA,151029,I-1,,ACTIVADO
GOBIERNO REGIONAL,PUESTO DE SALUD TORAN,PUESTOS DE SALUD O POSTAS DE SALUD,AREQUIPA,CASTILLA,URACA,40413,I-2,,ACTIVADO
GOBIERNO REGIONAL,PUESTO DE SALUD ANDARAY,PUESTOS DE SALUD O POSTAS DE SALUD,AREQUIPA,CONDESUYOS,ANDARAY,40602,I-1,,ACTIVADO
GOBIERNO REGIONAL,LAS MERCEDES,PUESTOS DE SALUD O POSTAS DE SALUD,MADRE DE DIOS,TAMBOPATA,LABERINTO,170104,I-1,,ACTIVADO
GOBIERNO REGIONAL,PUESTO DE SALUD YACHANGUILLO,PUESTOS DE SALUD O POSTAS DE SALUD,AREQUIPA,CONDESUYOS,CHICHAS,40604,I-1,,ACTIVADO
GOBIERNO REGIONAL,CENTRO DE SALUD CHEN CHEN,CENTROS DE SALUD O CENTROS MEDICOS,MOQUEGUA,MARISCAL NIETO,MOQUEGUA,180101,I-3,,ACTIVADO
GOBIERNO REGIONAL,CENTRO DE SALUD HUANCARQUI,CENTROS DE SALUD O CENTROS MEDICOS,AREQUIPA,CASTILLA,HUANCARQUI,40407,I-3,,ACTIVADO
GOBIERNO REGIONAL,PRIMAVERA BAJA,PUESTOS DE SALUD O POSTAS DE SALUD,MADRE DE DIOS,TAMBOPATA,INAMBARI,170102,I-1,,ACTIVADO
GOBIERNO REGIONAL,ALTO LIBERTAD,PUESTOS DE SALUD O POSTAS DE SALUD,MADRE DE DIOS,TAMBOPATA,INAMBARI,170102,I-1,,ACTIVADO
GOBIERNO REGIONAL,ALTO KANAMPA,"PUESTOS DE SALUD O POSTAS DE SALUD,PUESTOS DE SALUD O POSTAS DE SALUD",AMAZONAS,CONDORCANQUI,NIEVA,10401,I-1,,ACTIVADO
GOBIERNO REGIONAL,PARIAHUANCA,PUESTOS DE SALUD O POSTAS DE SALUD,JUNIN,HUANCAYO,PARIAHUANCA,120124,I-2,,ACTIVADO
GOBIERNO REGIONAL,SOLEDAD,PUESTOS DE SALUD O POSTAS DE SALUD,AMAZONAS,CONDORCANQUI,RIO SANTIAGO,10403,I-1,,ACTIVADO
GOBIERNO REGIONAL,PUESTO DE SALUD TIPAN,PUESTOS DE SALUD O POSTAS DE SALUD,AREQUIPA,CASTILLA,TIPAN,40411,I-2,,ACTIVADO
GOBIERNO REGIONAL,SANTA ELENA,PUESTOS DE SALUD O POSTAS DE SALUD,LIMA,BARRANCA,BARRANCA,150201,I-2,,ACTIVADO
GOBIERNO REGIONAL,SARAYACU,PUESTOS DE SALUD O POSTAS DE SALUD,MADRE DE DIOS,TAMBOPATA,INAMBARI,170102,I-1,,ACTIVADO
GOBIERNO REGIONAL,UNION PROGRESO,PUESTOS DE SALUD O POSTAS DE SALUD,MADRE DE DIOS,TAMBOPATA,INAMBARI,170102,I-1,,ACTIVADO
GOBIERNO REGIONAL,CALETA VIDAL,PUESTOS DE SALUD O POSTAS DE SALUD,LIMA,BARRANCA,SUPE,150204,I-1,,ACTIVADO
GOBIERNO REGIONAL,P.S. I-2 CAHUIDE,PUESTOS DE SALUD O POSTAS DE SALUD,LORETO,MAYNAS,SAN JUAN BAUTISTA,160113,I-1,,ACTIVADO
GOBIERNO REGIONAL,BAJO TAMBOPATA,PUESTOS DE SALUD O POSTAS DE SALUD,MADRE DE DIOS,TAMBOPATA,TAMBOPATA,170101,I-1,,ACTIVADO
GOBIERNO REGIONAL,YUTUPIS,PUESTOS DE SALUD O POSTAS DE SALUD,AMAZONAS,CONDORCANQUI,RIO SANTIAGO,10403,I-1,,ACTIVADO
GOBIERNO REGIONAL,SAN JUAN DE MIRAFLORES,PUESTOS DE SALUD O POSTAS DE SALUD,APURIMAC,ANDAHUAYLAS,ANDARAPA,30202,I-1,,ACTIVADO
GOBIERNO REGIONAL,AYAMBIS,PUESTOS DE SALUD O POSTAS DE SALUD,AMAZONAS,CONDORCANQUI,RIO SANTIAGO,10403,I-1,,ACTIVADO
GOBIERNO REGIONAL,IPRESS I-2 MASUSA,PUESTOS DE SALUD O POSTAS DE SALUD,LORETO,MAYNAS,PUNCHANA,160108,I-2,,ACTIVADO
GOBIERNO REGIONAL,PUESTO DE SALUD CASPI,PUESTOS DE SALUD O POSTAS DE SALUD,AREQUIPA,LA UNION,TORO,40811,I-2,,ACTIVADO
GOBIERNO REGIONAL,PUESTO DE SALUD CASPI,PUESTOS DE SALUD O POSTAS DE SALUD,AREQUIPA,LA UNION,TORO,40811,I-2,,ACTIVADO
GOBIERNO REGIONAL,QUISTOCOCHA,PUESTOS DE SALUD O POSTAS DE SALUD,LORETO,MAYNAS,SAN JUAN BAUTISTA,160113,I-2,,ACTIVADO
GOBIERNO REGIONAL,PUESTO DE SALUD TORO,PUESTOS DE SALUD O POSTAS DE SALUD,AREQUIPA,LA UNION,TORO,40811,I-2,,ACTIVADO
GOBIERNO REGIONAL,PUESTO DE SALUD TORO,PUESTOS DE SALUD O POSTAS DE SALUD,AREQUIPA,LA UNION,TORO,40811,I-2,,ACTIVADO
GOBIERNO REGIONAL,SHIRINGA,PUESTOS DE SALUD O POSTAS DE SALUD,AMAZONAS,CONDORCANQUI,RIO SANTIAGO,10403,I-1,,ACTIVADO
GOBIERNO REGIONAL,CANDUNGOS,CENTROS DE SALUD O CENTROS MEDICOS,AMAZONAS,CONDORCANQUI,RIO SANTIAGO,10403,I-3,,ACTIVADO
GOBIERNO REGIONAL,CHANTA UMACA,PUESTOS DE SALUD O POSTAS DE SALUD,APURIMAC,ANDAHUAYLAS,ANDARAPA,30202,I-1,,ACTIVADO
GOBIERNO REGIONAL,POQUERA CHICO,PUESTOS DE SALUD O POSTAS DE SALUD,PUNO,SANDIA,QUIACA,211206,Sin Categoría,,ACTIVADO
GOBIERNO REGIONAL,HUABAL,PUESTOS DE SALUD O POSTAS DE SALUD,AMAZONAS,CONDORCANQUI,RIO SANTIAGO,10403,I-1,,ACTIVADO
GOBIERNO REGIONAL,PUESTO DE SALUD HUATIAPILLA,PUESTOS DE SALUD O POSTAS DE SALUD,AREQUIPA,CASTILLA,APLAO,40401,I-2,,ACTIVADO
GOBIERNO REGIONAL,SANTA CATALINA,PUESTOS DE SALUD O POSTAS DE SALUD,LIMA,BARRANCA,BARRANCA,150201,I-2,,ACTIVADO
GOBIERNO REGIONAL,FRAILE RUMI,PUESTOS DE SALUD O POSTAS DE SALUD,HUANUCO,MARAÑON,SAN BUENAVENTURA,100703,I-1,,ACTIVADO
GOBIERNO REGIONAL,PUESTO DE SALUD SAYLA,PUESTOS DE SALUD O POSTAS DE SALUD,AREQUIPA,LA UNION,SAYLA,40808,I-2,,ACTIVADO
GOBIERNO REGIONAL,PUESTO DE SALUD SAYLA,PUESTOS DE SALUD O POSTAS DE SALUD,AREQUIPA,LA UNION,SAYLA,40808,I-2,,ACTIVADO
GOBIERNO REGIONAL,PUESTO DE SALUD EL CASTILLO,PUESTOS DE SALUD O POSTAS DE SALUD,AREQUIPA,CASTILLA,APLAO,40401,I-1,,ACTIVADO
GOBIERNO REGIONAL,TUTINO,PUESTOS DE SALUD O POSTAS DE SALUD,AMAZONAS,CONDORCANQUI,EL CENEPA,10402,I-1,,ACTIVADO
GOBIERNO REGIONAL,KAGKAS,PUESTOS DE SALUD O POSTAS DE SALUD,AMAZONAS,CONDORCANQUI,RIO SANTIAGO,10403,I-1,,ACTIVADO
GOBIERNO REGIONAL,PIEDRA GRANDE,PUESTOS DE SALUD O POSTAS DE SALUD,LIMA,HUAROCHIRI,SANTO DOMINGO DE LOS OLLEROS,150731,I-2,,ACTIVADO
GOBIERNO REGIONAL,PUYHUALLA,CENTROS DE SALUD O CENTROS MEDICOS,APURIMAC,ANDAHUAYLAS,ANDARAPA,30202,I-3,,ACTIVADO
GOBIERNO REGIONAL,HERBAY BAJO,PUESTOS DE SALUD O POSTAS DE SALUD,LIMA,CAÑETE,SAN VICENTE DE CAÑETE,150501,I-2,,ACTIVADO
GOBIERNO REGIONAL,SEÑOR DE LOS MILAGROS,PUESTOS DE SALUD O POSTAS DE SALUD,LIMA,CAÑETE,CERRO AZUL,150504,I-1,,ACTIVADO
GOBIERNO REGIONAL,PUESTO DE SALUD TAGRE,PUESTOS DE SALUD O POSTAS DE SALUD,AREQUIPA,CASTILLA,TIPAN,40411,I-1,,ACTIVADO
GOBIERNO REGIONAL,AYAVIRI,PUESTOS DE SALUD O POSTAS DE SALUD,LIMA,YAUYOS,AYAVIRI,151004,I-2,,ACTIVADO
GOBIERNO REGIONAL,TAMBO DE SAN JOSE,PUESTOS DE SALUD O POSTAS DE SALUD,HUANUCO,HUANUCO,SANTA MARIA DEL VALLE,100109,I-2,,ACTIVADO
GOBIERNO REGIONAL,PUESTO DE SALUD CHARCANA,PUESTOS DE SALUD O POSTAS DE SALUD,AREQUIPA,LA UNION,CHARCANA,40803,I-2,,ACTIVADO
GOBIERNO REGIONAL,CENTRO TUNDUZA,PUESTOS DE SALUD O POSTAS DE SALUD,AMAZONAS,CONDORCANQUI,NIEVA,10401,I-1,,ACTIVADO
GOBIERNO REGIONAL,SAN PEDRO DE INAMAPUYA,PUESTOS DE SALUD O POSTAS DE SALUD,UCAYALI,CORONEL PORTILLO,MASISEA,250104,I-1,,ACTIVADO
GOBIERNO REGIONAL,HUANCAS,PUESTOS DE SALUD O POSTAS DE SALUD,APURIMAC,ANDAHUAYLAS,ANDARAPA,30202,I-2,,ACTIVADO
GOBIERNO REGIONAL,P.S. I-1 NUEVA JERUSALEN,PUESTOS DE SALUD O POSTAS DE SALUD,LORETO,LORETO,TROMPETEROS,160304,I-1,,ACTIVADO
GOBIERNO REGIONAL,PUESTO DE SALUD VILLAMAR,PUESTOS DE SALUD O POSTAS DE SALUD,HUANUCO,MARAÑON,SAN BUENAVENTURA,100703,I-1,,ACTIVADO
GOBIERNO REGIONAL,SAN BERNARDO,PUESTOS DE SALUD O POSTAS DE SALUD,MADRE DE DIOS,TAMBOPATA,TAMBOPATA,170101,I-1,,ACTIVADO
GOBIERNO REGIONAL,HUAMPICA,PUESTOS DE SALUD O POSTAS DE SALUD,APURIMAC,ANDAHUAYLAS,ANDARAPA,30202,I-2,,ACTIVADO
GOBIERNO REGIONAL,P.S. BAHIA BLANCA,PUESTOS DE SALUD O POSTAS DE SALUD,CALLAO,CALLAO,VENTANILLA,70106,I-2,0.0,ACTIVADO
GOBIERNO REGIONAL,P.S. BAHIA BLANCA,PUESTOS DE SALUD O POSTAS DE SALUD,CALLAO,CALLAO,VENTANILLA,70106,I-2,0.0,ACTIVADO
ESSALUD,POSTA MEDICA DE MILPO,PUESTOS DE SALUD O POSTAS DE SALUD,PASCO,PASCO,SAN FCO DE ASIS DE YARUSYACAN,190108,I-2,,ACTIVADO
GOBIERNO REGIONAL,HUAMPAMI,CENTROS DE SALUD CON CAMAS DE INTERNAMIENTO,AMAZONAS,CONDORCANQUI,EL CENEPA,10402,I-4,3.0,ACTIVADO
GOBIERNO REGIONAL,YUJACKIM,PUESTOS DE SALUD O POSTAS DE SALUD,AMAZONAS,CONDORCANQUI,RIO SANTIAGO,10403,I-1,,ACTIVADO
GOBIERNO REGIONAL,CHAPIZA,PUESTOS DE SALUD O POSTAS DE SALUD,AMAZONAS,CONDORCANQUI,RIO SANTIAGO,10403,I-1,,ACTIVADO
GOBIERNO REGIONAL,PUESTO DE SALUD ANDAMARCA,PUESTOS DE SALUD O POSTAS DE SALUD,AREQUIPA,LA UNION,CHARCANA,40803,I-1,,ACTIVADO
GOBIERNO REGIONAL,PUESTO DE SALUD ANDAMARCA,PUESTOS DE SALUD O POSTAS DE SALUD,AREQUIPA,LA UNION,CHARCANA,40803,I-1,,ACTIVADO
GOBIERNO REGIONAL,KUYUMATAK,PUESTOS DE SALUD O POSTAS DE SALUD,AMAZONAS,CONDORCANQUI,EL CENEPA,10402,I-1,,ACTIVADO
GOBIERNO REGIONAL,BUCHIGKIM,PUESTOS DE SALUD O POSTAS DE SALUD,AMAZONAS,CONDORCANQUI,EL CENEPA,10402,I-1,,ACTIVADO
ESSALUD,CENTRO DE ATENCION PRIMARIA I - IMAZA,PUESTOS DE SALUD O POSTAS DE SALUD,AMAZONAS,BAGUA,IMAZA,10205,Sin Categoría,,ACTIVADO
GOBIERNO REGIONAL,UTCAS,PUESTOS DE SALUD O POSTAS DE SALUD,LIMA,CAJATAMBO,CAJATAMBO,150301,I-1,,ACTIVADO
ESSALUD,"CENTRO MEDICO ""JUAN AITA VALLE"" ETEN",CENTROS DE SALUD O CENTROS MEDICOS,LAMBAYEQUE,CHICLAYO,ETEN,140103,I-3,,ACTIVADO
GOBIERNO REGIONAL,LA QUEBRADA,PUESTOS DE SALUD O POSTAS DE SALUD,LIMA,CAÑETE,SAN LUIS,150514,I-2,,ACTIVADO
GOBIERNO REGIONAL,LA QUEBRADA,PUESTOS DE SALUD O POSTAS DE SALUD,LIMA,CAÑETE,SAN LUIS,150514,I-2,,ACTIVADO
GOBIERNO REGIONAL,SANTA BARBARA,PUESTOS DE SALUD O POSTAS DE SALUD,LIMA,CAÑETE,SAN LUIS,150514,I-1,,ACTIVADO
GOBIERNO REGIONAL,MANAS,PUESTOS DE SALUD O POSTAS DE SALUD,LIMA,CAJATAMBO,MANAS,150305,I-2,,ACTIVADO
GOBIERNO REGIONAL,MANAS,PUESTOS DE SALUD O POSTAS DE SALUD,LIMA,CAJATAMBO,MANAS,150305,I-2,,ACTIVADO
