DISTRITO,prec_min,prec_max,prec_mean,prec_std,pbi_per_capita,tasa_pobreza
CODO DEL POZUZO,1284.40087890625,4180.15283203125,3189.469951923077,759.4677437477388,9490.142459033697,36.6949079840401
TOURNAVISTA,1462.623779296875,2252.925048828125,1741.302001953125,204.0435877464225,7585.207096486446,44.654631191794124
ALEXANDER VON HUMBOLDT,1483.9390869140625,1793.65771484375,1638.79833984375,154.85931396485577,9943.065614302077,45.93525716184934
IRAZOLA,1937.849853515625,4112.1044921875,2646.98125,665.522128360554,12569.089569224076,16.567479601325466
NESHUYA,1708.3682861328125,2162.259521484375,1943.3514404296875,161.45492422386923,7297.5398758299925,21.86167189383208
PADRE ABAD,2471.299560546875,4653.1923828125,3396.698828125,520.1443516680841,7297.589129152459,-0.2515728833142532
CURIMANA,1888.2001953125,2914.509521484375,2249.673409598214,303.2963115562772,12737.638446522174,12.911949002557169
PUERTO INCA,1674.0633544921875,3355.52001953125,2348.258203125,476.581090285327,10302.304187458725,39.47277449646187
NUEVA REQUENA,1107.865478515625,2169.6962890625,1612.5600043402778,305.83025074411165,6591.576842195143,49.23374235322348
CAMPOVERDE,1426.9498291015625,1913.927490234375,1615.2926432291667,123.42889947305538,9627.680130757893,6.484766921801171
CONTAMANA,984.0640258789062,3642.236083984375,1849.2192708333334,627.7805671164558,6609.746921562613,16.113036112706588
HUANCHACO,3.716067314147949,6.3694939613342285,4.954594612121582,0.9955029610343034,6602.810739289229,24.603913645616096
SANTIAGO DE CAO,,,,,8725.886814698102,29.2024173822941
SIMBAL,19.42619514465332,119.8951644897461,57.2926139831543,38.14583655659834,2260.159266026606,12.855947201175308
MAGDALENA DE CAO,4.623356819152832,7.640544414520264,6.131950378417969,1.5085937976837347,2825.246502460902,31.360915666961347
CHOCOPE,3.1151862144470215,3.1151862144470215,3.1151862144470215,0.0,6313.137412277082,17.89240979393626
PAIJAN,4.561501979827881,4.561501979827881,4.561501979827881,0.0,4961.506638996729,24.783215936825812
SINSICAP,93.38580322265625,374.48992919921875,225.74017333984375,103.50705311538904,8942.74199778582,33.194263720055496
CHICAMA,3.6479175090789795,432.645263671875,93.0794906616211,144.1343646011268,5275.927773436368,25.096334047164067
RAZURI,9.019684791564941,9.019684791564941,9.019684791564941,0.0,3763.088895994126,18.45421164210147
MARMOT,454.1706848144531,601.2166748046875,527.6936645507812,73.52299499511876,12396.946306764661,23.355852941112538
ASCOPE,13.854079246520996,40.592628479003906,29.449228922526043,11.36078171846531,7322.671098540393,23.67455561191997
CASCAS,690.31103515625,721.8936157226562,706.102294921875,15.791290283232614,8202.584614063771,19.449834551768085
CASA GRANDE,3.0481929779052734,62.158348083496094,24.529696146647137,23.023526444057726,3725.75544135963,21.118059059993463
SAN BENITO,91.13331604003906,406.1954345703125,262.894775390625,135.51682752176922,6366.851826424452,48.979707557570755
SAN PEDRO DE LLOC,7.855528831481934,31.15217399597168,18.43463897705078,10.125371343393075,8332.767769129598,33.41379171911858
CUPISNIQUE,90.29888153076172,201.50408935546875,155.84600830078125,47.52774638526179,4547.0192677330915,20.567795229562595
CORONEL GREGORIO ALBARRACIN LANCHIPA,26.840646743774414,26.840646743774414,26.840646743774414,0.0,9127.094055037016,35.45431606766103
POCOLLAY,29.974895477294922,42.45490264892578,34.50836181640625,5.63763817948814,6198.083930243585,19.99270765365985
CALANA,,,,,7124.91875062017,42.596869563799615
TACNA,13.528853416442871,67.42636108398438,26.95562744140625,15.813203809311668,6194.880163311809,30.54463288297141
SAMA,13.614538192749023,18.509510040283203,14.937798394097221,1.4347493277370036,13556.834553526813,23.390467839936566
CIUDAD NUEVA,23.58119773864746,25.780038833618164,24.680618286132812,1.0994205474853516,7959.508325786198,31.715753887154165
ITE,6.145175933837891,15.683561325073242,9.860884530203682,3.14448266699834,4826.867213132298,1.4368577189725116
ILO,2.851372241973877,4.080556869506836,3.3222386042277017,0.5414149536719449,10467.634736309567,8.09848796635292
ALTO DE LA ALIANZA,21.096012115478516,51.268428802490234,30.525508880615234,12.07669261945709,4337.469050086933,7.091124904014169
PACHIA,25.802658081054688,266.87933349609375,103.0560302734375,91.10407596309301,8626.590785014267,27.144146421455602
ESTIQUE-PAMPA,189.56466674804688,189.56466674804688,189.56466674804688,0.0,2120.989628360673,50.987724992276384
ESTIQUE,80.77284240722656,257.3257141113281,169.04928588867188,88.27643585205111,4015.4418533047083,58.469502192889486
TARUCACHI,272.4508361816406,296.90350341796875,284.67718505859375,12.226333618173584,8590.583707607371,34.57076652161136
INCLAN,14.982848167419434,120.62055969238281,36.126818339029946,30.340154836958767,10215.399739986231,32.51266712416685
LOCUMBA,9.967159271240234,14.504263877868652,11.916683741978236,1.3911350912536653,8514.104843569912,-2.0158660122910845
EL ALGARROBAL,2.0411410331726074,4.95739221572876,3.3366893768310546,0.9919277105924923,7653.055152835278,16.859893003989676
PALCA,83.29850769042969,381.20458984375,243.6221923828125,105.4605626458205,7096.688913232134,13.183243721376417
HEROES ALBARRACIN,112.45561218261719,262.62103271484375,190.97943115234375,61.49762634029253,3564.4340288977182,15.68728602623326
CURIBAYA,93.25628662109375,171.3068084716797,132.28155517578125,39.025260925293715,5840.467374815874,22.477842721228157
SITAJARA,256.8685302734375,298.26361083984375,277.5660705566406,20.697540283203125,6618.0836871206375,17.91864133454309
QUILAHUANI,,,,,11171.366678656748,-4.689497155636815
PACOCHA,3.9370052814483643,11.724479675292969,7.830742359161377,3.893737196922304,9030.854868705384,36.21865384176301
TARATA,292.1437072753906,394.7743835449219,328.6783970424107,31.056256249258784,2710.879533911798,8.908854613902903
HUANUARA,204.46450805664062,204.46450805664062,204.46450805664062,0.0,8972.251908184386,28.588702961667245
TICACO,293.4743957519531,354.061279296875,323.9895426432292,24.736479148093323,6844.75315875105,56.111240046249605
ILABAYA,15.21198844909668,89.23237609863281,40.323875427246094,24.356949376580367,5969.233999082124,11.20923112620365
SAMEGUA,,,,,9835.028866522603,-12.954312841194948
PUNTA DE BOMBON,1.3188366889953613,3.8300769329071045,2.1446800231933594,0.8414400970708985,11092.998567487854,20.70993667179834
CAIRANI,131.30690002441406,312.894287109375,222.1005859375,90.7936935424808,10793.840357348596,41.51439452497857
SUSAPAYA,305.57745361328125,421.26519775390625,363.42132568359375,57.8438720703125,5482.3474303320845,54.37521181330891
DEAN VALDIVIA,3.7683682441711426,3.7683682441711426,3.7683682441711426,0.0,7072.362872446356,6.556756083213749
CAMILACA,153.93312072753906,394.227294921875,273.9807434082031,94.08458246434853,8993.790294210692,32.45048834854782
MEJIA,5.603732109069824,5.603732109069824,5.603732109069824,0.0,10926.635381367078,18.0203431482992
CAPAZO,308.8865051269531,432.083251953125,373.52159288194446,40.652971946223296,6562.47728646413,23.410774685437964
CANDARAVE,228.6865234375,496.7353820800781,345.6043294270833,88.64085475438,7443.0230700085485,64.66515020525551
ISLAY,9.32132339477539,19.98979377746582,12.499126434326172,3.8965601774452616,4680.9950779819155,2.4554450740727027
TORATA,30.19502067565918,438.4172668457031,160.9075469970703,122.87493833217641,4411.380127757988,28.806094922418602
MOQUEGUA,1.668137788772583,99.23377990722656,15.32958799419981,19.95878209677334,10437.577467182593,32.0153975764815
CUCHUMBAYA,,,,,12068.72008571247,41.286794874090205
PISACOMA,345.2205505371094,506.5758361816406,444.26568603515625,54.44606306262637,7783.969635258998,26.469747302063432
COCACHACRA,2.2288782596588135,9.100851058959961,4.630947875976562,1.918480299155691,11010.598693676073,29.620758092561534
MOLLENDO,5.817272663116455,9.393951416015625,7.992462158203125,1.2402227076339354,9084.908075142903,19.125271488673135
LA CAPILLA,5.468591213226318,212.61468505859375,50.751961844308035,69.26901977056777,6064.640736184627,29.03690411867661
CAMANA,,,,,9084.186816525242,19.852115867538842
QUINISTAQUILLAS,223.66392517089844,274.4653625488281,249.06463623046875,25.40071868896599,12614.109699397908,34.323578347840765
JOSE MARIA QUIMPER,,,,,7892.521882670146,19.45584495934549
KELLUYO,456.8634338378906,523.9893798828125,489.80634765625,24.16346206022562,12693.930967442018,30.656505908532797
SAN CRISTOBAL,352.7982482910156,447.2822265625,396.32904052734375,40.6289359062054,140.76468773076704,24.561057794725325
DESAGUADERO,615.1153564453125,615.1153564453125,615.1153564453125,0.0,10465.707513125672,41.89075376158252
SAMUEL PASTOR,10.438843727111816,10.438843727111816,10.438843727111816,0.0,8261.141204714513,24.229094146172706
QUEQUEÑA,,,,,7102.977948602398,-1.595487023103221
OMATE,268.1097717285156,344.9598388671875,306.5347900390625,38.425033569338964,8275.282329606507,43.92882251070988
SANTA ROSA,416.6865539550781,655.9932250976562,509.5124405570652,58.43604252161006,2037.2932561973212,11.414015487060716
YARABAMBA,16.970613479614258,55.76887893676758,30.136520385742188,18.127063801249577,7340.984336487464,15.193504920267703
POLOBAYA,53.234901428222656,313.8319091796875,163.28150939941406,94.74158400884367,9071.337714535239,16.065080589347616
MOLLEBAYA,94.72196197509766,94.72196197509766,94.72196197509766,0.0,12433.68213422455,45.61657139756226
CARUMAS,120.1946792602539,606.7019653320312,471.123828125,129.89650906491903,6445.189345179058,-7.035113209680432
PUQUINA,114.51439666748047,414.8288269042969,326.53427734375,114.30647331997537,5574.519191320437,72.0662280048999
QUILCA,10.332216262817383,17.609067916870117,13.950037002563477,3.0368385205508357,6494.72886924639,40.84085213599078
COALAQUE,402.6905822753906,415.7982177734375,409.244384765625,6.5538177490412,10746.206353106223,28.348583711937394
HUACULLANI,440.9959716796875,627.0911865234375,530.3994140625,66.61162429978825,8986.253328979054,24.176589990755705
SOCABAYA,,,,,6410.719388698883,29.283311122864852
POCSI,239.91200256347656,369.72039794921875,304.8161926269531,64.90419769287155,9539.802299340068,32.81683642569008
JACOBO HUNTER,,,,,8291.23264804412,34.678233789250854
SABANDIA,,,,,10905.934971598668,33.334066990051724
CONDURIRI,548.4331665039062,750.7890014648438,655.6218872070312,62.63068684269327,5893.840718367943,26.343710218828733
JOSE LUIS BUSTAMANTE Y RIVERO,,,,,7017.013560206696,22.039923695390108
TIABAYA,25.538349151611328,25.538349151611328,25.538349151611328,0.0,6823.675540603527,22.730900745197324
SACHACA,,,,,3609.455155603644,22.076375794709783
CHARACATO,,,,,8888.360831193728,42.00655145300597
LA JOYA,7.717258453369141,13.467845916748047,10.292322794596354,1.8120656836393905,8783.165816539668,33.90335083421293
PAUCARPATA,,,,,8015.340369927383,-19.105829519964203
SANTA RITA DE SIGUAS,6.407511234283447,9.782958030700684,8.457791137695313,1.3280439648466558,7296.238599874559,34.83851164794642
AREQUIPA,,,,,3753.887773848757,27.921042920781623
MATALAQUE,241.65707397460938,398.8556213378906,321.717236328125,51.6753769049208,6738.064031703923,24.719368653311538
YANAHUARA,,,,,6971.856450419691,19.17222320366671
UCHUMAYO,12.723071098327637,19.11042594909668,15.916748046875,3.193677425384557,5593.168192335143,41.8616907997902
NICOLAS DE PIEROLA,12.816840171813965,16.32105255126953,14.340389251708984,1.4959145529280873,7516.1428650019725,39.21289693184287
ZEPITA,540.4351196289062,778.2709350585938,659.005615234375,88.97811801476031,9212.152570443615,13.406834982645863
SAN JUAN DE SIGUAS,,,,,13658.557703631592,31.105784306868028
COPANI,,,,,8523.733438495517,10.42514898188071
MARIANO MELGAR,96.04554748535156,96.04554748535156,96.04554748535156,0.0,8772.651172168293,4.305727528166042
CHOJATA,387.29443359375,536.1150512695312,483.36551339285717,49.92803813750653,7776.662252701499,15.599241631150523
MARISCAL CACERES,10.312342643737793,16.02564811706543,12.817671457926432,2.0774249109967338,2243.686354102875,37.93590208574138
MIRAFLORES,,,,,7920.458373652349,39.2968756806413
CHIGUATA,273.23992919921875,335.7677307128906,296.2764078776042,28.053554887087092,8180.69062982308,32.69628130145939
ALTO SELVA ALEGRE,,,,,15389.726337455859,35.87643680271996
CUTURAPI,901.3602905273438,901.3602905273438,901.3602905273438,0.0,7422.917105656632,32.742674306724375
POMATA,681.1837768554688,891.9031372070312,757.9153645833334,95.07670143277079,8904.642027000837,15.377776071655717
ANAPIA,1003.4693603515625,1003.4693603515625,1003.4693603515625,0.0,7895.86469088427,31.47883817010911
LLOQUE,516.099609375,524.6708984375,520.38525390625,4.28564453125,4493.965887141404,37.00614287841523
UNICACHI,,,,,11428.468443545062,36.314369947203616
YUNGUYO,919.0469970703125,919.0469970703125,919.0469970703125,0.0,10255.799098060323,42.83370057211964
OLLARAYA,1000.97314453125,1000.97314453125,1000.97314453125,0.0,10373.095841129141,35.624557708015956
CERRO COLORADO,42.68644714355469,73.24744415283203,57.96694564819336,15.280498504638672,5271.837635615783,30.271723113123745
TINICACHI,,,,,12208.382932808297,41.052253574746416
JULI,688.8590087890625,901.9246826171875,789.7001139322916,74.81866375206293,3794.4468116231574,24.6021811112641
CAYMA,146.7146759033203,215.44064331054688,181.07766723632812,34.36298370361413,9760.571281400811,11.771880231584234
YUNGA,,,,,14571.366877429937,22.55399554084354
VITOR,6.508062839508057,45.94091033935547,14.632080078125,11.554815223991705,5028.391024607935,13.826460327903265
SANTA ISABEL DE SIGUAS,12.234134674072266,33.535736083984375,22.88493537902832,10.650800704956055,6301.106811191685,14.872325875384277
URACA,11.442133903503418,16.80936050415039,14.128982543945312,1.8652587030398056,8298.954095262923,22.832219939267233
MAJES,10.855462074279785,37.171226501464844,15.369253976004464,6.9610478175306465,6489.573037651402,13.113701185000581
OCOÑA,11.38504409790039,15.46856689453125,13.597750150240385,1.1889109118055767,3348.009706801602,20.380577055414395
PILCUYO,804.566162109375,804.566162109375,804.566162109375,0.0,8205.688924418082,-3.4042200043067865
ICHUÑA,475.2013244628906,601.8731689453125,535.6539713541666,37.23385627762347,4813.088858821686,28.199405610594077
SAN ANTONIO,517.9952392578125,594.9422607421875,560.529052734375,32.63754985591206,9420.777291905544,25.018082130433363
UBINAS,454.24481201171875,811.2274169921875,636.8849487304688,117.3342104399373,5241.72729729859,12.743670533977141
PICHACANI,497.9705810546875,758.5525512695312,603.5329241071429,74.7915468565942,12649.80321505262,34.88868502648607
YURA,30.966815948486328,496.49542236328125,249.25436401367188,137.63612161067567,5650.240122991288,39.06355206439838
SAN JUAN DE TARUCANI,265.07781982421875,842.6183471679688,495.42305715460526,189.99143907667772,7033.815451382973,0.8866020344653869
HUANCA,106.3674545288086,457.36346435546875,283.2441813151042,143.30678629623702,10440.55165210901,13.559128321506787
CHUCUITO,751.4738159179688,819.2827758789062,785.3782958984375,33.90447998046875,4307.407050698134,13.462864753190527
MARIANO NICOLAS VALCARCEL,11.556739807128906,17.83102798461914,13.273464965820313,2.308124349457348,8682.379803812388,10.90145348336703
HUANCARQUI,15.398069381713867,90.24078369140625,42.20385996500651,28.587946324764214,11921.428262847285,37.44212262897623
IRAY,62.73567581176758,285.3873291015625,174.06150817871094,111.3258266448976,3177.550296316317,22.092607918407946
APLAO,16.556320190429688,225.2976837158203,77.55774943033855,78.80432146869826,8553.901575596912,21.032277380340837
PUNO,576.8488159179688,738.860595703125,646.117333984375,70.57269239621417,8779.64838274527,-5.057935466101302
TIQUILLACA,569.2967529296875,602.2838134765625,589.0353190104166,14.227375327225433,10345.46861533193,34.5312704531384
ATICO,5.47031831741333,16.096935272216797,9.65279812282986,2.162219942689358,4289.147867365755,6.411124077197911
LLUTA,32.97112274169922,510.9785461425781,183.54216851128473,148.63506575687933,4038.630160747171,25.898989453994925
TIPAN,308.1715087890625,308.1715087890625,308.1715087890625,0.0,9565.824696850694,29.160654069372875
CARAVELI,10.779854774475098,42.937599182128906,24.110422770182293,11.288265569061558,8890.954019699559,45.40987893757976
RIO GRANDE,18.71677589416504,37.209842681884766,27.96331024169922,9.246533393859913,8751.47855103763,5.36769401321332
CHALA,6.201738357543945,10.32658863067627,7.755891799926758,1.8309593612802668,9039.344628490928,-20.292682337312378
ACHOMA,456.7969665527344,517.0017700195312,487.775390625,22.77994525109308,5959.925835264527,27.75774317130542
PAUCARCOLLA,566.952880859375,566.952880859375,566.952880859375,0.0,8696.761091483011,52.0076677226628
UÑON,126.21598815917969,157.21536254882812,141.71566772460938,15.499687194826096,8879.217419896044,43.58419529409156
MACA,479.40380859375,517.3002319335938,498.3520202636719,18.948211669921875,5856.945745920897,28.144891229119388
CABANILLAS,566.483642578125,653.8074951171875,613.0289417613636,26.526508635208625,13597.32353343427,17.62545721551929
ATUNCOLLA,,,,,9421.498762735362,37.10683894955966
YANQUE,381.86846923828125,567.9519653320312,506.0637904575893,58.6596885259661,4426.089508392054,10.39680700443297
CHUQUIBAMBA,14.952447891235352,490.40277099609375,173.09898546006946,188.78065137396686,9969.66082590149,32.14536654034329
COATA,,,,,5075.954989318036,32.5820523874994
HUAMBO,87.63410949707031,469.77362060546875,211.9012451171875,126.2552026696985,10361.253811227356,40.90314861248319
CABANACONDE,369.57904052734375,469.813720703125,434.7342122395833,46.116923860524786,11475.786737022212,66.39490058366616
SAN ANTONIO DE CHUCA,455.67431640625,715.79345703125,549.5615234375,70.17198096298259,5537.953044944868,30.886239507681506
HUATA,543.5045166015625,543.5045166015625,543.5045166015625,0.0,10890.128387732966,17.365545614387518
CHAPARRA,4.282344341278076,33.39508056640625,10.110731942313057,7.3734608731485345,9238.342780809495,24.616385317120084
CABANA,707.841796875,787.096435546875,741.1751302083334,33.55758450937033,10466.18047998347,-1.5361385733367747
PAMPACOLCA,407.3623352050781,526.0598754882812,466.71112060546875,59.348770141603524,13690.378947961843,14.579303033664127
VIRACO,478.1822814941406,478.1822814941406,478.1822814941406,0.0,7263.835651991389,18.86076342830344
ANDARAY,13.315594673156738,267.3697204589844,78.42120361328125,84.75393951131285,5738.791506927531,17.138674030981115
AYO,131.417724609375,211.47769165039062,171.4477081298828,40.02998352050781,5331.45671112343,27.28532308050583
CHIVAY,511.1689758300781,556.6380004882812,533.9035034179688,22.734512329106682,5552.5691451036855,12.66370101426699
COPORAQUE,501.3011779785156,501.3011779785156,501.3011779785156,0.0,7768.694871757687,41.81546000986707
YANAQUIHUA,47.68480682373047,158.34811401367188,98.39906141493056,36.16089586242986,9023.455924449932,25.003105973772957
ICHUPAMPA,478.03009033203125,478.03009033203125,478.03009033203125,0.0,8830.072397990058,24.860495182920783
YAUCA,5.04969596862793,6.812936305999756,6.290139007568359,0.6478655692969892,10481.54974710807,20.081579252306234
MACHAGUAY,236.3970489501953,400.3625793457031,318.37982177734375,81.98276519775426,8039.005675633721,27.327860257884687
ATIQUIPA,6.487861633300781,9.46510124206543,7.823164939880371,1.2516341741429888,12360.60223147195,37.37647397001452
CAPACHICA,576.4310302734375,807.5455322265625,691.98828125,115.5572509765625,7206.029500286132,11.993046764336496
CABANILLA,675.1564331054688,973.995361328125,787.1492919921875,120.34627567847879,16160.507499768857,15.12825266387115
MADRIGAL,416.9241943359375,463.182861328125,433.8497721354167,20.823465368198192,9877.002043295019,20.44410956835003
TILALI,,,,,5428.5273307511525,4.8119361479017755
CARACOTO,536.7236938476562,579.4420776367188,558.0828857421875,21.35919189453125,4787.322505816663,12.711132104177533
CONIMA,,,,,9447.417245729555,17.856686896830116
CHICHAS,159.71847534179688,193.28306579589844,178.20967610677084,13.91418010051394,7329.611644022447,38.11583771069091
HUANUHUANU,9.30318546295166,59.334938049316406,27.656163533528645,15.539895512590517,10142.001482276275,28.938419935028875
TUTI,569.9810791015625,569.9810791015625,569.9810791015625,0.0,9419.712873720635,27.903848670513167
PUSI,622.1676635742188,622.1676635742188,622.1676635742188,0.0,7781.513262029382,37.763469432519585
ANDAGUA,252.3949737548828,465.6916809082031,341.43876953125,90.47164815577037,5459.618845794785,22.93942317400905
CAHUACHO,30.033035278320312,215.22178649902344,105.52084350585938,60.254670366458335,3455.458325942406,30.856972748933345
LARI,490.4884338378906,632.6923828125,552.9931640625,51.16353323057225,6660.455143798937,23.451673706012556
QUICACHA,26.617610931396484,127.39116668701172,57.693023681640625,32.164408629465626,10569.196382970416,28.980435240994428
SANTA LUCIA,600.4363403320312,834.8640747070312,673.5373186383929,70.31370945964103,8642.281232390611,16.25862013582627
JULIACA,595.897216796875,901.737548828125,791.4132690429688,117.01706816798124,4262.7836638640365,-11.582257374146437
URANMARCA,1067.566650390625,1067.566650390625,1067.566650390625,0.0,8519.542777553546,22.98581256720544
ARANCAY,,,,,9155.952139186511,46.3412220414991
MORO,11.98362922668457,33.00749969482422,21.763827006022137,8.645118032041657,5348.4276913966005,38.893231033623884
MIRGAS,576.4100341796875,576.4100341796875,576.4100341796875,0.0,8461.175317836583,39.48096226886756
COISHCO,,,,,8174.626155338,43.54196082709326
LLAMELLIN,586.3203735351562,586.3203735351562,586.3203735351562,0.0,4571.0891065081305,26.32986386442156
NUEVO CHIMBOTE,6.580111026763916,7.992369174957275,7.286240100860596,0.7061290740966797,9073.36208104485,27.959735611083936
YUNGAY,382.9794616699219,541.3404541015625,487.370849609375,73.83005994279699,9682.353579104703,15.735221568484747
COCHABAMBA,457.3128356933594,3333.67041015625,1995.64453125,1061.340471494854,11249.153729525831,20.25890715959425
HUATA,160.2745361328125,160.2745361328125,160.2745361328125,0.0,11161.40615610471,34.23656724656712
NEPEÑA,6.4654951095581055,26.186975479125977,13.463453674316407,6.972729244552442,3866.9918961287267,43.05826655753224
PAMPAROMAS,40.881351470947266,104.63201904296875,67.55248260498047,23.168937510057315,5186.524880254632,22.908305864785007
SAN LUIS,775.0146484375,775.0146484375,775.0146484375,0.0,9545.10580162598,18.247161027228827
CHACCHO,697.7113037109375,697.7113037109375,697.7113037109375,0.0,9541.357852736626,25.00791938284896
SANTA,16.652843475341797,16.652843475341797,16.652843475341797,0.0,9545.143058918144,34.01810123393672
CARAZ,290.05255126953125,412.62249755859375,351.3375244140625,61.28497314453125,19558.19447196416,3.342177757996872
BAMBAS,273.0921630859375,422.50738525390625,347.7997741699219,74.70761108398438,9712.671532079501,-9.442714297058572
PAROBAMBA,1492.451904296875,1531.837890625,1512.1448974609375,19.6929931640625,11406.696920541797,16.741947257626247
UMACHIRI,700.5914306640625,755.7686767578125,732.037109375,20.77930217488814,10862.005290479607,6.68931361128762
PALLPATA,759.8361206054688,909.591796875,828.1953735351562,47.921803353987656,9954.173753917394,17.37789703529034
AZANGARO,631.6292724609375,678.3118286132812,650.0526529947916,20.115657773553846,7054.192266078963,22.783295217737926
ESPINAR,820.0986938476562,1058.94482421875,905.3439127604166,82.06783583698721,10276.907661479803,18.201273864654798
NASCA,5.885811805725098,20.128013610839844,8.418236541748048,4.045532572348576,5681.524356387285,46.787013017061184
QUILCAPUNCU,918.5108642578125,941.3927612304688,929.1580200195312,8.92344277057699,7289.544179779973,29.9011714690348
AYAVIRI,612.3145751953125,734.8060913085938,677.6436157226562,38.79959946224998,6543.90935651269,29.507115394162426
PUYCA,603.9530639648438,879.1566162109375,781.0856370192307,69.90449277911024,8245.622418158968,34.333107160651025
HUAYNACOTAS,289.3475646972656,896.5939331054688,704.8116319444445,183.3573843301548,14943.975700020526,7.917503233288464
ALTO PICHIGUA,766.3248291015625,870.0328369140625,831.16943359375,46.15265727513115,2398.204422224756,40.58667681130403
CAYARANI,581.4122924804688,817.8260498046875,753.2240397135416,62.959769048912314,10058.780571123541,23.8635357019681
PICHIGUA,836.6172485351562,878.5841064453125,857.6007080078125,20.983428955100315,3161.8523864310455,35.05720925861819
APARICIO POMARES,406.2986145019531,549.8561401367188,478.077392578125,71.77876281738443,6584.2044026317,8.922141504397668
HUANCHAY,74.28764343261719,74.28764343261719,74.28764343261719,0.0,11266.8517909021,1.693618509759034
RECUAY,514.723388671875,791.5277099609375,653.1255493164062,138.40216064453125,8192.840057286388,37.26834487037543
YANAS,,,,,4766.765666212082,30.64614289146275
TICAPAMPA,460.13433837890625,815.3316650390625,637.7330322265625,177.59866333008074,5854.088872220095,11.469226684637345
QUEROPALCA,766.2843627929688,766.2843627929688,766.2843627929688,0.0,10038.793246804027,11.955053780879584
CHIQUIAN,684.0084838867188,684.0084838867188,684.0084838867188,0.0,5808.90010484859,41.88152176622154
AMBO,824.7959594726562,1203.0263671875,1015.5057373046875,137.30178394571877,8649.375768745924,7.158821606990081
CHETILLA,,,,,8136.715519711442,49.64009429883945
BOLIVAR,639.3229370117188,1004.581298828125,837.275390625,129.2432682619464,6045.198957182549,11.49068898028197
PUEBLO NUEVO,18.652462005615234,54.61025619506836,37.7861073811849,14.770264532027348,14431.832267975977,34.57587888412574
JUANJUI,1479.95166015625,1964.1181640625,1709.8138020833333,198.41431651924208,9901.757066954033,20.07072286376523
JOSE SABOGAL,685.0469970703125,961.7498168945312,801.8603515625,97.15781561040059,1924.5722400271789,34.047811466235146
SACANCHE,1044.025390625,1453.964111328125,1248.9947509765625,204.9693603515625,8559.362944308283,16.83828996828711
ETEN PUERTO,,,,,6014.640605694836,22.558106408915588
EL ESLABON,1457.874267578125,1457.874267578125,1457.874267578125,0.0,10557.300004388671,25.613787630935818
JORGE CHAVEZ,,,,,5622.437784701899,9.967188163277909
ANTONIO RAYMONDI,254.6558380126953,254.6558380126953,254.6558380126953,0.0,7655.790675599303,36.11236518130189
CAJACAY,371.6661071777344,421.30609130859375,396.486083984375,24.819992065434377,9514.961836941371,17.301796502926223
LA LIBERTAD,,,,,10597.265582510365,21.57100126989972
QUIVILLA,,,,,4399.110778832672,10.084759380872317
COLCABAMBA,73.27081298828125,73.27081298828125,73.27081298828125,0.0,6996.496292477155,-13.435004881929657
OLLEROS,867.4312744140625,935.0386962890625,901.2349853515625,33.8037109375,6575.164066517132,22.134583560997463
PAMPAS GRANDE,6.791373252868652,27.649261474609375,20.610790252685547,9.772368803003994,6040.012302278865,61.18923132419374
CARHUAPAMPA,111.28294372558594,111.28294372558594,111.28294372558594,0.0,13296.362720843292,36.769064318470356
PAUCAS,537.9866333007812,537.9866333007812,537.9866333007812,0.0,9214.945132882867,24.71109430398408
SANTA ROSA,420.3797912597656,420.3797912597656,420.3797912597656,0.0,4217.348136994864,21.056637561875984
CORONGO,570.84130859375,570.84130859375,570.84130859375,0.0,10753.585841164328,25.336988392180697
HUACRACHUCO,688.7614135742188,1360.1524658203125,979.445556640625,261.1306728260267,14366.4685910379,33.20678672762815
ACO,659.1386108398438,659.1386108398438,659.1386108398438,0.0,11097.39578165344,7.287807770367326
SANTIAGO DE CHOCORVOS,39.161949157714844,536.230224609375,314.55854936079544,182.60724511601612,3441.8901021379597,41.71482542003308
OLLACHEA,634.76806640625,2098.962646484375,1301.82421875,514.8341377041401,6547.297781401246,35.73071973161866
ANDAHUAYLILLAS,627.6194458007812,668.1099243164062,647.8646850585938,20.2452392578125,11800.73344755987,35.772785885619015
SAN CLEMENTE,6.2998223304748535,6.2998223304748535,6.2998223304748535,0.0,5876.991603143658,31.57713608214591
HUANCARAMA,1139.92041015625,1362.4757080078125,1251.197998046875,111.27764892579799,9331.458284438686,25.29424986540985
INDEPENDENCIA,6.686184883117676,6.99116849899292,6.838676452636719,0.15249180793780845,10323.90216028801,35.0929185395023
ACORA,580.4307861328125,888.03076171875,739.1301700367648,102.16804860247335,5219.208585265751,33.87721200612067
MAÑAZO,551.07861328125,671.402587890625,617.9638671875,50.033805095818664,7821.4239318146,19.68938933588464
VILQUE,642.8961181640625,661.6367797851562,652.2664794921875,9.37033081059657,-1723.8020202072184,16.395973406546485
CHILCAYMARCA,338.6348571777344,478.27227783203125,408.45355224609375,69.8187103271501,4926.83707599713,26.5278444289298
CALLALLI,561.9324340820312,1026.3629150390625,743.78515625,128.47131143059886,7242.295545820519,48.23530227242781
TAPAY,449.45220947265625,521.09521484375,485.2737121582031,35.821502685546875,4256.650454105451,6.4133938651914875
TARACO,607.5958862304688,662.1046142578125,634.8502197265625,27.25436401368896,12897.233911794905,2.9871210137133986
ACOCHACA,653.849853515625,653.849853515625,653.849853515625,0.0,3709.5758661181017,27.471412618547753
SIHUAS,,,,,6679.866539909049,25.76331552784027
LLAPO,,,,,8392.221731858273,27.600124965556123
HUAYAN,178.98036193847656,178.98036193847656,178.98036193847656,0.0,12323.819867198346,28.659297968627506
CAHUAC,,,,,3692.413546461682,21.651966180477924
AQUIA,601.3435668945312,762.3133544921875,671.684326171875,67.26329384734126,11489.491256464878,47.34795157903123
LA UNION,851.5087890625,901.029052734375,876.2689208984375,24.7601318359375,8030.699183058761,0.9864403228522676
SUCCHA,,,,,5055.474046856147,12.57254462829631
OBAS,1159.269775390625,1159.269775390625,1159.269775390625,0.0,9386.310422789813,23.45117859776429
HUACLLAN,147.99693298339844,147.99693298339844,147.99693298339844,0.0,8597.17908672041,0.35216783268749197
LA MERCED,259.3515930175781,259.3515930175781,259.3515930175781,0.0,6199.349368523616,22.36218393351893
CHUQUIS,,,,,8209.406254970057,49.922052485920275
PACHAS,634.062255859375,718.8319702148438,671.3858235677084,35.33956523907234,6844.05920941472,25.313297324439425
PIRA,121.9023666381836,162.56373596191406,138.6003214518229,17.37674426428893,8340.552035753744,28.46051358578025
PUNCHAO,,,,,9986.39202356314,6.097528522411295
SAN PEDRO DE CHANA,654.7525634765625,680.4108276367188,667.5816650390625,12.829132080114421,12758.050448436057,15.754578879407838
PARIACOTO,64.39570617675781,64.39570617675781,64.39570617675781,0.0,4286.553503519453,19.372054295140945
INDEPENDENCIA,264.8021240234375,822.9783935546875,578.9687906901041,233.21191674519676,14399.100123968801,20.23427354865649
MIRAFLORES,464.13226318359375,564.9815673828125,514.556884765625,50.42465209961861,2143.7366014324944,44.22465692505653
ORCOPAMPA,414.81646728515625,734.5202026367188,601.935205078125,107.71526657308351,7544.64471489325,33.36536591087687
SUYCKUTAMBO,885.3421630859375,970.8558349609375,925.68974609375,29.668669251884445,9764.95161945373,8.328130645944519
CHACHAS,245.56320190429688,866.4727172851562,607.9591796875,230.85029288999527,8842.975603205097,28.697571676480074
VISTA ALEGRE,6.542908191680908,24.04143524169922,11.75686264038086,7.2115578534634395,6131.901440538219,32.47332622745178
TIRAPATA,724.36669921875,724.36669921875,724.36669921875,0.0,7375.633248928174,42.102235577819
CUPI,736.3214111328125,736.3214111328125,736.3214111328125,0.0,6520.997196023502,48.708110298525604
CAYLLOMA,630.98193359375,926.8692626953125,800.4781901041666,87.79137576407513,6231.905729167365,9.77358712258197
COJATA,563.65869140625,970.3577270507812,795.7649536132812,127.36091537678095,10548.806291063074,12.837137331844927
PAMPAMARCA,447.1096496582031,780.7305908203125,645.0198800223214,126.7448928615929,9071.046457895141,6.136332116280755
CHANGUILLO,4.392457485198975,8.672311782836914,6.415139516194661,1.5373104189849391,5921.271214218037,21.48970211339528
ORURILLO,774.8963012695312,872.4633178710938,827.6299438476562,39.163820124030636,10698.799626299751,31.995375616695018
MACARI,743.5584106445312,843.236083984375,775.2127278645834,33.60346350710625,8921.898562629827,39.81001774883653
ASILLO,667.426513671875,787.7256469726562,718.7178955078125,51.89602058271488,10438.58635651688,23.860734645362157
CHINCHAO,865.623291015625,2980.567626953125,1877.72021484375,746.5858451717078,9888.886525770837,20.20228715117734
CHAGLLA,1082.8116455078125,3076.36572265625,2293.239990234375,679.9425033621177,5513.014967233783,27.276369883731107
IPARIA,1460.2442626953125,4035.4052734375,2200.956510416667,621.0838844657393,6319.456879409091,12.472856475549655
CONSTITUCION,1938.82861328125,3656.994140625,2657.248798076923,509.12492569169393,10241.880815369786,56.3430808254216
YUYAPICHIS,1816.524658203125,3384.5126953125,2401.6537224264707,431.73998402260384,9831.110796300394,0.88508459322912
ILAVE,745.6975708007812,922.0523681640625,824.6852213541666,53.073930907495566,7937.295218107555,27.771108683435866
PILLUANA,940.8717041015625,940.8717041015625,940.8717041015625,0.0,8351.982149926345,55.35409328844459
BALSAS,592.8545532226562,684.6749877929688,622.2982788085938,36.417332931851774,11832.994687365275,25.101997668399967
TRES UNIDOS,1068.2392578125,1272.9248046875,1156.2244466145833,85.99405983301425,6225.28583349251,22.149414474977583
PICSI,8.098138809204102,8.098138809204102,8.098138809204102,0.0,9641.292143510114,19.63831865784359
TUMAN,28.786840438842773,36.69537353515625,32.74110794067383,3.9542665481568533,7393.4220426983175,22.294124773563883
BUENOS AIRES,906.1674194335938,1164.4244384765625,1015.96337890625,96.53715352500541,7346.956390318339,45.592727120147956
HUASMIN,711.9720458984375,803.6309204101562,762.7107747395834,38.05819712183592,11296.33055596157,-8.177928669942602
OYOTUN,181.35400390625,366.23046875,276.72857666015625,84.04254494199658,10476.24904696409,48.00150551944488
QUEROCOTO,624.6600952148438,774.2338256835938,699.4469604492188,74.786865234375,10440.528908001916,3.640642713247825
CUTERVO,785.439697265625,854.7174072265625,814.1390380859375,27.500337611995857,11916.436421462988,21.00021506148378
SAN MARTIN,1819.4127197265625,1917.5833740234375,1868.3544921875,40.078515400388646,8063.0115248982775,18.561333695520073
PROVIDENCIA,1091.1163330078125,1091.1163330078125,1091.1163330078125,0.0,10045.858913884891,33.828299046560794
COLCAMAR,983.0878295898438,983.0878295898438,983.0878295898438,0.0,7069.199730219632,1.0281347217437862
COCHAMAL,1172.1444091796875,1447.4654541015625,1309.804931640625,137.6605224609375,8972.499057465326,31.932589991229143
UCO,523.3346557617188,523.3346557617188,523.3346557617188,0.0,7609.570836896946,55.364644349302786
JIRCAN,638.9075927734375,1582.251708984375,1110.57958984375,471.6720581054727,8290.987894978154,4.552389931107843
MANCOS,328.63653564453125,328.63653564453125,328.63653564453125,0.0,9785.471076310741,27.845592514155936
RANRAHIRCA,,,,,5545.337950299583,15.070267333050865
HUACCHIS,433.2064514160156,433.2064514160156,433.2064514160156,0.0,14277.161827056381,31.388308092895535
CHINGAS,,,,,4981.947855500894,25.287216661236283
YANACANCHA,769.9859619140625,887.9202880859375,828.953125,58.9671630859375,4357.434161636804,15.377696364335357
VILCABAMBA,,,,,11474.332620500203,32.31808427306611
HUANCAPON,206.46011352539062,206.46011352539062,206.46011352539062,0.0,10374.988081888809,52.06522164680115
GOYLLARISQUIZGA,883.6329956054688,883.6329956054688,883.6329956054688,0.0,9872.359451156466,22.13644312409052
SANTA ROSA,652.3350219726562,812.823486328125,732.5792236328125,80.24423217774017,9885.03652779284,35.79636913222273
PISUQUIA,863.443359375,1030.3819580078125,942.052490234375,68.49811501379183,7963.259681459256,5.6009056319325445
SHANAO,1657.48193359375,1657.48193359375,1657.48193359375,0.0,5308.236885542505,10.653454347729868
MORROPE,5.677238941192627,73.87813568115234,39.683448791503906,25.800600995271015,8227.41367458118,32.08609416820566
PITIPO,12.746070861816406,332.55084228515625,139.790087890625,117.3932572600393,5968.514865463665,47.261740428039474
TOCMOCHE,350.3902587890625,437.5240173339844,393.9571533203125,43.56687927246361,10925.359200253253,30.334200231784898
LA BANDA DE SHILCAYO,2130.39111328125,3993.321533203125,2782.6881510416665,856.9060260278867,7558.827855493584,20.304129542152687
SAN JUAN DE LICUPIS,714.32421875,714.32421875,714.32421875,0.0,5523.5084096224655,24.98937108135031
PAUCARBAMBA,1122.8848876953125,1122.8848876953125,1122.8848876953125,0.0,7035.8424750410195,6.243883990454236
CHINCHIHUASI,901.8115234375,1020.726318359375,961.2689208984375,59.4573974609375,9238.794362826873,34.0677298953305
COLCABAMBA,585.5487670898438,812.05517578125,704.90283203125,92.87249784541373,6308.826341588076,38.234995934851135
HUANTAR,770.65087890625,888.1920166015625,829.4214477539062,58.77056884765625,5533.338813300706,18.218645007503795
YURUA,1428.755126953125,2111.025146484375,1654.754222972973,151.5395510175913,8731.061634475736,17.949367783607478
COCHABAMBA,28.5037899017334,28.5037899017334,28.5037899017334,0.0,8734.89971332617,28.988173444780728
YAUTAN,7.287583351135254,10.115525245666504,8.375127156575521,1.243376468912238,6479.170473886611,18.449203959391067
JANGAS,,,,,6586.885083145032,24.008010780612665
CAJABAMBA,846.494873046875,846.494873046875,846.494873046875,0.0,8696.149812072908,56.49582683749773
PADRE MARQUEZ,1088.8304443359375,1931.3338623046875,1404.3743832236842,260.8340137850783,3655.7469755080274,21.29461448881005
COLONIA,140.18797302246094,270.18023681640625,224.52020263671875,59.70008708131623,3777.6086768703344,19.624897719681666
ACORIA,503.8139343261719,965.28955078125,752.3487141927084,150.55465871954559,5844.667336242692,15.286872915472612
PACHAMARCA,1042.3515625,1042.3515625,1042.3515625,0.0,7359.658544864458,36.16287957249905
SAN PEDRO DE PILAS,205.3077850341797,205.3077850341797,205.3077850341797,0.0,8932.722696794013,22.281637401728453
HUACHOCOLPA,998.2305908203125,1098.0728759765625,1035.9319661458333,44.27256564436269,12426.068650848656,15.25940442517861
LARES,320.52239990234375,583.9205932617188,458.4153238932292,102.00864298350497,10572.978869606059,44.81956048409518
SANTA ANA,569.6884155273438,909.2457885742188,758.324853515625,124.34971969908227,7520.184410109719,46.29404506770456
CHICLA,959.3099365234375,959.3099365234375,959.3099365234375,0.0,7942.951376291933,15.993646513919423
LLUSCO,803.671142578125,868.760009765625,843.0885416666666,28.29432360051269,4992.411906086573,-2.998099270409245
SAN JUAN DE SALINAS,630.631591796875,630.631591796875,630.631591796875,0.0,7944.4605920228305,40.11270534755383
PEDRO VILCA APAZA,658.5814208984375,674.3225708007812,666.4520263671875,7.87057495123104,7134.024083239585,14.73055261359994
OCORURO,816.0870361328125,984.9291381835938,879.32861328125,75.15596835081327,8968.155681014268,36.85938398744153
INCHUPALLA,760.200927734375,789.782958984375,774.991943359375,14.791015625,5518.307169343031,-4.551557265677534
PUCARA,662.9324951171875,738.0224609375,686.525537109375,28.228747417781296,9558.039542723516,38.38896007448964
COLQUEMARCA,969.5573120117188,985.500732421875,977.529052734375,7.97171020513654,12598.216739007734,6.832421060788281
SANTA ROSA,,,,,7673.719554629427,35.96146178599787
TUPAC AMARU,940.94873046875,940.94873046875,940.94873046875,0.0,9205.135166296825,25.214096017546513
NUÑOA,923.1956787109375,1307.3109130859375,1113.9893663194443,117.63793455241802,10070.431975133337,10.690908709050328
CAPAYA,,,,,6796.338584342491,18.894455306098294
VILCABAMBA,,,,,8672.27744543125,35.294776854350516
MICAELA BASTIDAS,788.237548828125,992.7534790039062,890.4954833984375,102.25796508789517,8037.7772023453845,26.588416796728513
AJOYANI,945.517578125,1069.197509765625,1007.502685546875,46.16704922859666,8293.028295646494,33.766194707087266
SAN PABLO,841.1897583007812,1089.6376953125,957.54052734375,102.03775196312307,5680.9706484336,54.64660876773228
CHALLHUAHUACHO,939.337158203125,994.98974609375,967.1634521484375,27.8262939453125,8073.530522776829,1.536375824334229
MOSOC LLACTA,886.71630859375,886.71630859375,886.71630859375,0.0,9493.994873736348,49.25818862452936
POMACOCHA,954.5354614257812,954.5354614257812,954.5354614257812,0.0,12353.430823385126,26.565339062848196
POMACOCHA,,,,,10877.81247825562,11.518239275153077
NUEVO IMPERIAL,3.8638992309570312,5.859740734100342,4.861820220947266,0.9979207515716838,14459.54737253467,5.045295613915151
PACARAN,8.270584106445312,14.163278579711914,11.216931343078613,2.946347236633301,5697.957311335851,22.163194138344497
CAJA,892.572998046875,1065.2508544921875,978.9119262695312,86.33892822265625,10616.961910162034,38.82475167886689
CHUPAMARCA,632.6790771484375,1024.734375,868.6228515625,181.36990913892632,8550.026017215056,23.08676319433699
LURIN,6.475782871246338,8.443406105041504,7.4595947265625,0.9838116168976119,14569.408799653018,47.66732395371021
PAZOS,542.8912353515625,560.6399536132812,551.765625,8.874359130911847,5575.105143934546,3.232364649226618
HUACRAPUQUIO,710.11767578125,710.11767578125,710.11767578125,0.0,5480.834473457671,24.818665782309182
CHINCHA BAJA,,,,,6201.822063667933,6.214098333803214
CAPILLAS,34.54158401489258,337.8058776855469,150.92105102539062,117.39333753447605,1628.3128270705793,30.454478239374517
CHINCHA ALTA,7.073647499084473,9.551348686218262,8.312498092651367,1.2388505935668945,6422.734934957717,38.30331085145951
COASA,764.39501953125,4645.95654296875,3454.6166487068967,1249.877121339961,5722.602015338906,18.6885730947842
COCAS,,,,,8451.181359428623,-14.063207849407014
URUBAMBA,285.1939697265625,340.6282958984375,312.9111328125,27.7171630859375,9025.267927331479,27.984222201947418
CALCA,370.5267333984375,479.01727294921875,424.7720031738281,54.245269775390625,13628.512517647658,31.55107827600264
GROCIO PRADO,5.3955078125,5.406960487365723,5.401234149932861,0.005726337432861328,10851.27151455815,31.064421324425464
SAN JUAN,96.43291473388672,96.43291473388672,96.43291473388672,0.0,6269.28903301279,43.53673287733231
MOLLEPAMPA,400.447265625,497.273681640625,448.8604736328125,48.4132080078125,5304.755985954926,8.934194805264266
LAMUD,662.0938110351562,662.0938110351562,662.0938110351562,0.0,9475.757514519517,35.20324158175674
QUEROCOTILLO,571.2990112304688,836.8565673828125,713.5626953125,99.76882497697821,4039.3003789380737,42.88761268716962
LLAMA,328.9345703125,778.3136596679688,545.683837890625,143.63022957992328,13494.376297563062,-1.6788137600977535
RUMISAPA,,,,,11538.32036216386,29.79477738878466
CORTEGANA,899.5621948242188,899.5621948242188,899.5621948242188,0.0,6592.473043685885,17.437302534884928
CHADIN,,,,,2860.5964127273674,23.77715990347531
CHIGUIRIP,793.0606079101562,793.0606079101562,793.0606079101562,0.0,12061.617122496238,30.215147253075045
HUICUNGO,443.4772644042969,3779.724365234375,1768.1814123376623,833.9820891185452,7656.380464242146,17.691571538296714
SANTA ROSA,1321.5859375,1721.132568359375,1456.1959635416667,187.34657472429302,11713.448935920385,14.864378812575824
LAMBAYEQUE,5.938625335693359,70.7268295288086,31.900370279947918,27.970264338925467,3216.7170236168986,25.51228626232037
SHAPAJA,1304.7269287109375,1304.7269287109375,1304.7269287109375,0.0,6201.874931138682,8.691310917057962
YUNGAR,342.5351867675781,342.5351867675781,342.5351867675781,0.0,8015.731099154549,8.71262306672222
YARUMAYO,,,,,8140.9417812942265,35.19059924434755
AMARILIS,1138.6837158203125,1249.1358642578125,1193.9097900390625,55.22607421875,6649.803585562269,7.768089472620158
PALCAZU,2505.2197265625,4295.0087890625,3801.968070652174,448.0762169034421,9868.549797042497,34.994687513638176
CHORAS,1142.24609375,1142.24609375,1142.24609375,0.0,4797.138711852217,31.938869392809266
JACAS CHICO,974.0119018554688,974.0119018554688,974.0119018554688,0.0,7572.86154493612,-0.8871009318589493
HUANUCO,602.9808349609375,1236.440185546875,919.7105102539062,316.72967529296875,8360.886895135696,14.836530214965173
SANTA CRUZ DE COCACHACRA,,,,,9543.316502176247,42.91164104571059
SAN JERONIMO DE TUNAN,,,,,10134.844634266668,10.282517032904776
CONGALLA,691.0623168945312,710.2548828125,700.6585693359375,9.5962829590329,4626.073724486392,18.033936065359185
HUANCA-HUANCA,853.6132202148438,853.6132202148438,853.6132202148438,0.0,3397.6574877931334,31.930913398778447
LUNAHUANA,6.0765862464904785,7.618264675140381,6.878416538238525,0.7405243079525742,11833.030465695527,36.75085763923893
HUAYLLAY GRANDE,,,,,8996.942035938775,21.226916709332563
HUANGASCAR,,,,,5754.5403903303395,16.037347079625377
CASTROVIRREYNA,417.174560546875,826.358154296875,606.9085693359375,152.32322486813842,12653.455926567569,46.33554792547761
CERRO AZUL,,,,,8347.023902878576,51.08349495696368
ZUÑIGA,10.40752124786377,28.272024154663086,19.339773178100586,8.93225145339967,11537.891552191479,39.68287076172693
ANTA,980.8551635742188,980.8551635742188,980.8551635742188,0.0,8202.555444230327,26.279772138475362
ACOBAMBA,941.8762817382812,941.8762817382812,941.8762817382812,0.0,14182.243774645962,12.876014175386105
SANTA ANA,1069.7735595703125,1204.0750732421875,1126.581787109375,56.74579503017153,13266.022527329613,12.543333901651522
QUILMANA,1.6742572784423828,3.461111307144165,2.531178092956543,0.7173412783339105,7253.107554562779,32.837711578986365
LINCHA,653.5113525390625,653.5113525390625,653.5113525390625,0.0,10914.712852863067,31.275973313330255
ASCENSION,889.6265869140625,1006.4876098632812,929.5009765625,54.44940677625819,9936.127848755443,46.023978894196446
ACOLLA,615.1044921875,615.1044921875,615.1044921875,0.0,12105.894672597045,34.75675138804209
ANCON,7.8248395919799805,12.42722225189209,10.126030921936035,2.3011913299560547,5105.2296182596865,2.4537954736027316
CALAPUJA,754.9000244140625,781.9446411132812,768.42236328125,13.522308349643811,10058.154379995318,40.77921426584378
PARURO,694.1190795898438,801.59521484375,747.857177734375,53.738067626961794,11175.273460548764,10.029090590283806
AYAVI,53.18505096435547,215.68824768066406,128.0043741861979,66.96240151105309,2723.781540730657,19.240430920714726
ITUATA,788.307861328125,3922.984375,2410.12060546875,1127.4289367254748,4450.224462002675,28.75300309377542
HUMAY,6.425312519073486,19.5208797454834,9.335578918457031,4.185049136413305,1882.303466719698,54.935012346759464
HUANOQUITE,876.8999633789062,1207.7181396484375,1043.2005208333333,135.0618394144997,7191.779496666327,71.64877834008041
ANDAHUAYLAS,718.8939208984375,780.9881591796875,749.9410400390625,31.047119140625,10152.626767387887,34.10084588704274
SAN JERONIMO,597.6802368164062,774.54052734375,686.1103515625,88.43014526367715,12507.071156288084,22.25205071919418
URCOS,637.305419921875,637.305419921875,637.305419921875,0.0,8222.284341259325,33.01758472720825
SANTA MARIA DE CHICMO,731.951416015625,965.5144653320312,823.3938802083334,101.86305274249311,12885.846636713875,38.31483138810754
YAURISQUE,,,,,3859.6956253553262,20.189985616642126
SANTIAGO DE ANCHUCAYA,703.1204833984375,703.1204833984375,703.1204833984375,0.0,2889.852681934536,51.928170338684836
MANZANARES,,,,,7833.356903310144,28.451061387871032
ANTIOQUIA,10.711124420166016,87.31074523925781,37.56492614746094,29.868122065959952,9152.196346817922,32.46614633637091
SAN AGUSTIN,,,,,7901.9157557177205,34.98886378081692
HUALHUAS,,,,,1797.67369988037,31.323799159216836
ORCOTUNA,,,,,7732.639881461635,37.58410750704418
NUEVE DE JULIO,,,,,4086.5914984854403,15.741202201796153
PATAMBUCO,596.1163330078125,957.2532348632812,707.4075317382812,147.54490151075132,10009.017646490116,16.625473690809542
PATAYPAMPA,743.4451904296875,743.4451904296875,743.4451904296875,0.0,9099.794738290544,8.497686505424575
POCOHUANCA,1131.2740478515625,1131.2740478515625,1131.2740478515625,0.0,5180.3606410179345,31.592518459303395
SANDIA,790.5444946289062,2505.824951171875,1679.6806640625,639.6260270361519,6458.399247989919,36.68404755268171
YANACA,1123.2501220703125,1123.2501220703125,1123.2501220703125,0.0,4822.359434333145,31.866592992278285
SAN JUAN DEL ORO,1253.546630859375,1856.119140625,1524.7781575520833,249.64410326309758,7811.962708180485,50.11738650021306
TATE,,,,,10865.426961503716,24.916059717564302
SANTIAGO,2.6999034881591797,34.84559631347656,7.66162573772928,6.877979916898128,5042.821860993368,35.03112483388769
SAÑAYCA,770.3168334960938,821.4237060546875,795.8702392578125,25.553436279315097,9512.139546553533,8.624486857910284
PACHACONAS,876.2785034179688,1003.5813598632812,939.929931640625,63.65142822265625,6409.227144882678,19.193504462883986
SORAYA,,,,,5621.381503212968,35.43306636348666
PACHACUTEC,,,,,7678.908920136327,37.73653166114716
SAN PEDRO,,,,,4894.273032741878,20.590495785037266
LIVITACA,961.926025390625,1148.852783203125,1056.2691243489583,55.25201185412263,6339.052083958454,23.926011222129
HAQUIRA,915.7106323242188,1032.60546875,950.08515625,42.56489031675906,4406.366322233454,2.2318937997878585
PAMPACHIRI,543.132568359375,966.8162841796875,803.8590494791666,149.95653299852617,13894.175398749168,19.644561987900858
EL ORO,,,,,8105.790655915186,38.35574745279679
TINTA,833.3233642578125,833.3233642578125,833.3233642578125,0.0,5900.823476022243,33.628075241598495
PUEBLO NUEVO,,,,,8641.939732202665,32.50998582071814
PALCA,576.6122436523438,1297.512451171875,937.0623779296875,360.45010375976693,7663.015850927511,25.7466053077144
ATAVILLOS ALTO,399.1748962402344,650.175048828125,513.8630777994791,103.60489374849362,7337.091201400332,25.10594737942265
IBERIA,996.407470703125,1643.12841796875,1302.6111421130952,209.04037809992576,9842.500100130275,15.095182907898295
MEGANTONI,2053.944091796875,4906.5146484375,3048.464285714286,639.7356093745749,10272.523130141915,35.482426303038025
PALCAMAYO,463.92742919921875,483.8790283203125,473.9032287597656,9.975799560546875,6408.496557168418,31.314594165840848
VITOC,2379.8193359375,3913.635009765625,3473.86181640625,633.3762363526488,6272.54527806596,32.38028271989199
MAZAMARI - PANGOA,1132.099365234375,3252.4404296875,2063.0712890625,494.43631621237967,7174.844908545068,17.109477359986293
LAMPIAN,124.48564147949219,124.48564147949219,124.48564147949219,0.0,1094.2365057932457,-7.300143798068667
HUACHO,0.9741125702857971,4.15906286239624,1.797353744506836,1.1947378305709093,3454.426813404343,41.45729067630543
IHUARI,62.11305236816406,275.94805908203125,166.4989013671875,87.37116360845715,12100.622802333575,17.817438159873937
CALETA DE CARQUIN,,,,,12934.903140503851,12.058363539353191
HUALMAY,1.4975452423095703,1.4975452423095703,1.4975452423095703,0.0,7252.891881330865,35.4021836787099
SANTA BARBARA DE CARHUACAYAN,730.2720336914062,1032.9500732421875,841.07490234375,116.83170386067863,9729.670889167299,19.119810401213055
SANTA MARIA,2.252251625061035,2.252251625061035,2.252251625061035,0.0,8933.750463630608,40.89904576069932
SANTA CRUZ DE ANDAMARCA,510.7645263671875,658.2006225585938,598.9156087239584,63.55726052929941,17236.642425365713,34.25508924365046
SAN RAMON,1630.1202392578125,3350.373779296875,2648.6949869791665,717.1828437834622,11358.72473430373,35.253539848007165
VEINTISIETE DE NOVIEMBRE,268.1982116699219,359.9056091308594,314.0519104003906,45.85369873046875,7616.2472255577,4.510664331991986
TAMBOPATA,1135.572509765625,2964.984619140625,1664.86036849711,309.40930178620994,5133.378678198723,43.179159780796006
IGUAIN,,,,,3180.6610392272823,28.91875796850784
HUAMANGUILLA,536.844482421875,536.844482421875,536.844482421875,0.0,8610.39090760167,19.460842911306955
TAMBO,272.54998779296875,387.302490234375,333.7755126953125,51.03522676388615,5730.947764147089,27.150827010133767
KIMBIRI,1249.6278076171875,2223.25390625,1906.8929966517858,307.3400652367363,3733.238871206978,-1.6435284934748005
PICHARI,1737.824462890625,2495.360107421875,2093.5226004464284,245.96078106325945,6060.28134727242,31.129792172210063
HUACCANA,939.977783203125,1091.4453125,1031.1328938802083,65.56960989571883,4755.355989156815,9.559427377268927
ORONCCOY,809.13720703125,1142.107177734375,984.374755859375,136.49681913203142,13061.424905217695,4.709945712346983
SIVIA,482.5149230957031,3393.1923828125,1832.8974609375,891.6727620660382,10644.919270848352,2.1646122067316327
SANTILLANA,533.0250854492188,1145.3419189453125,810.475341796875,253.2527743400447,7976.082076050148,41.69032562484888
LLOCHEGUA,2665.2919921875,4052.39111328125,3405.441162109375,495.3554065571135,12439.832416670077,15.561049094608169
ANCO,505.6127014160156,1632.9249267578125,1050.6748046875,461.7156755289414,8232.104922942855,48.00591564874749
SAMUGARI,733.428955078125,1905.998046875,1338.6375325520833,479.446851884232,5416.147396015209,16.962978054215533
CHILCAS,739.9595336914062,739.9595336914062,739.9595336914062,0.0,12569.372231808971,-0.6103693638942005
SAN MIGUEL,291.79803466796875,436.5294494628906,362.5708923339844,67.54943693605183,9616.730131053977,8.252133400770113
ANCHIHUAY,398.470458984375,1894.6656494140625,1037.8563639322917,629.8702158959715,4888.261537020631,43.537174300104084
CANAYRE,2720.63623046875,3984.668701171875,3415.3802083333335,523.6085637496656,7428.983965749176,22.661527330949987
QUISQUI (KICHKI),1021.7794189453125,1021.7794189453125,1021.7794189453125,0.0,5373.145239845729,16.775690552640988
HUANCABAMBA,992.3351440429688,2317.494873046875,1582.88330078125,413.4846314015153,3851.600807106992,27.400273387791817
POZUZO,1448.72412109375,2943.802978515625,2244.28046875,572.9332083110552,10778.532642594924,32.52674104251317
PUERTO BERMUDEZ,1821.0216064453125,4282.57275390625,2794.714725378788,558.5597726021809,13728.249921410392,41.76098223853691
PANAO,499.35260009765625,1548.4337158203125,912.1745442708333,276.5083873054926,3804.2972785425764,46.72748844839389
UMARI,1020.9824829101562,1020.9824829101562,1020.9824829101562,0.0,9688.907710071713,19.603470313163715
YAUYUCAN,,,,,6048.072292634519,5.109284708769426
ANDABAMBA,,,,,6538.623848705912,18.79802258315086
SAUCE,1022.5549926757812,1022.5549926757812,1022.5549926757812,0.0,6222.818227283393,28.90420759874329
NINABAMBA,1448.11181640625,1448.11181640625,1448.11181640625,0.0,5408.027690960552,10.543616106840837
ALBERTO LEVEAU,,,,,8145.564883834481,10.642736276574357
LEIMEBAMBA,569.5609130859375,745.67822265625,657.6195678710938,88.05865478515625,5507.149650766887,30.15681822324828
PULAN,535.531005859375,1134.92041015625,835.2257080078125,299.6947021484375,8811.370477339517,24.270214726443232
SAUCEPAMPA,905.0119018554688,905.0119018554688,905.0119018554688,0.0,7849.285671652589,25.491954931173797
HUALGAYOC,723.0345458984375,865.6985473632812,794.3665771484375,71.3320007324284,7283.155859400771,13.622569979498959
LUCMA,489.03839111328125,628.3717041015625,558.705078125,69.6666564941473,5277.309013875207,21.54398928691349
SAYAPULLO,560.0614624023438,645.9965209960938,610.84912109375,36.784696913396566,6269.686008295002,11.136502835975435
SARTIMBAMBA,736.6288452148438,828.5747680664062,782.601806640625,45.97296142578125,10266.173677477269,38.3529761668718
CONDEBAMBA,835.357666015625,862.2770385742188,848.8173828125,13.459686279331471,9502.751562873142,40.52874002085629
CONDORMARCA,641.2190551757812,764.4436645507812,682.3262125651041,58.06582061801447,5067.334265604347,-2.6928179335714084
CAMPANILLA,1652.244873046875,3260.28759765625,2695.4296875,443.2783832922752,8297.996916287677,11.05733709711385
SANTA CATALINA,986.8934936523438,1184.96044921875,1085.927001953125,99.03347778320783,10254.161370115367,2.552061173648813
SAN JERONIMO,819.09326171875,852.779052734375,835.9361572265625,16.8428955078125,2991.7841566358848,15.249640983896526
JAMALCA,1061.1279296875,1671.5587158203125,1378.41748046875,249.79163192611114,9630.080577139805,23.748430453144586
BELLAVISTA,579.3458862304688,707.9788818359375,620.2264811197916,44.937265501817855,6012.12872316246,3.25532170452205
SAN JOSE DEL ALTO,777.564453125,824.8253784179688,798.640625,18.275658976861678,9711.796005779477,11.172102803120302
LA COIPA,647.5681762695312,807.317138671875,727.442626953125,79.8744812011777,5710.22253037245,9.940639418777522
PARATIA,688.5797119140625,730.933837890625,711.4562174479166,18.851476742260257,2585.3536980064428,28.10900994098416
SAN JUAN DE TANTARANCHE,,,,,3117.3726863505117,26.040165055543756
CONCEPCION,542.823486328125,542.823486328125,542.823486328125,0.0,8144.254839984146,14.1739366999412
HUAROCHIRI,505.9904479980469,552.5823974609375,534.8450927734375,20.581521443383373,8779.167505164445,27.65231308209097
COSME,,,,,5287.050124686774,16.799798731191018
CONAYCA,,,,,9915.777376332122,20.9251733451092
SANTA CRUZ DE FLORES,3.368732213973999,3.368732213973999,3.368732213973999,0.0,3015.4398131931202,50.10178135447806
IZCUCHACA,541.2337646484375,541.2337646484375,541.2337646484375,0.0,7801.76060405805,45.10691577685522
NUEVO OCCORO,822.2999267578125,1032.3905029296875,942.0000813802084,88.23759469971901,4366.95140071263,5.506281446086035
HUAYACUNDO ARMA,,,,,6044.491676593522,37.44598626818762
SANTIAGO,,,,,8142.196013949242,37.170948317373885
KISHUARA,716.2354736328125,1035.185546875,882.1590169270834,130.5297846476459,5418.759904148143,7.776050668710724
SANTO DOMINGO DE CAPILLAS,385.8033142089844,385.8033142089844,385.8033142089844,0.0,6846.333367310524,37.28166465632291
WANCHAQ,,,,,11018.878427643322,48.06897877618829
HUAYTARA,57.57717514038086,300.1639709472656,140.4607137044271,112.95438770118191,6269.324391430554,8.16182790633379
OCONGATE,660.8543701171875,1038.105712890625,786.2293701171875,123.16740777669612,10507.076336195425,11.237457684786046
YANACANCHA,727.5681762695312,1122.6658935546875,875.85234375,150.2084163355696,4610.879436027146,40.26492200265254
TRES DE DICIEMBRE,,,,,9589.412533745848,29.07242966238472
HUANCAN,748.7453002929688,748.7453002929688,748.7453002929688,0.0,12324.7058619737,33.27214412859285
SAN ISIDRO,,,,,585.0664996181322,30.10883824600745
MAGDALENA DEL MAR,,,,,5609.31423358857,30.860438813922162
SAN JUAN DE ISCOS,769.80517578125,769.80517578125,769.80517578125,0.0,9731.21638154162,5.102918075333754
SAN BORJA,5.741158962249756,5.741158962249756,5.741158962249756,0.0,7390.863841871022,40.70976559932173
LINCE,,,,,9113.437620113926,42.5438498864166
SANTIAGO DE SURCO,,,,,6188.044439852538,21.559138838979585
SALCABAMBA,675.6507568359375,675.6507568359375,675.6507568359375,0.0,8259.7693624187,24.347845752792065
VITIS,941.9043579101562,941.9043579101562,941.9043579101562,0.0,7532.968293823762,2.0333874616641694
PUEBLO LIBRE,,,,,11503.346184979422,32.71382134026752
LA PUNTA,,,,,8763.262529903639,33.58086162571216
JEPELACIO,1586.48681640625,1694.9697265625,1653.5260416666667,47.843384871254756,9012.807986225607,24.067134745010335
HUAMBO,,,,,6764.369101632597,41.86530039805754
PACORA,,,,,6537.1813277825195,19.988841535300892
LA JALCA,882.9393310546875,882.9393310546875,882.9393310546875,0.0,6702.325436541138,33.469088888404
LIMABAMBA,1217.9776611328125,1692.8004150390625,1551.6715494791667,165.09955473162717,9183.356427134891,9.705034919618265
SAN JUAN BAUTISTA,2714.77490234375,3362.85791015625,3029.6724759615386,172.0564527807467,6737.046557539211,24.64671773688643
IQUITOS,2868.146728515625,3116.8349609375,3005.8723958333335,103.27520009636967,8869.32457068924,22.384686131457464
PAMPAS DE HOSPITAL,449.192138671875,1022.1475830078125,740.1868489583334,199.98862351998105,14226.202395936318,28.379618830614124
ZORRITOS,0.0,307.8265075683594,113.88395472935268,135.09178135400498,10613.374110295077,19.45709606749962
SAN JACINTO,357.0335388183594,741.2041015625,536.63271484375,144.3371881240845,7021.929403496477,23.027911064924982
LA PECA,967.5442504882812,967.5442504882812,967.5442504882812,0.0,11603.641766491834,37.3907075716226
MATAPALO,635.1673583984375,974.46533203125,830.9108276367188,135.4181558804987,6775.773880935346,18.44853644142674
LA CRUZ,,,,,1885.6263944664388,0.9013434889198102
SAN FRANCISCO DE DAGUAS,,,,,4975.741067247787,51.243758563081315
SANTO DOMINGO DE LA CAPILLA,879.287109375,879.287109375,879.287109375,0.0,2387.624236922433,45.7218111803573
MARISCAL BENAVIDES,1215.0850830078125,1215.0850830078125,1215.0850830078125,0.0,6945.459547876074,5.616059573415722
CHACHAPOYAS,663.186767578125,663.186767578125,663.186767578125,0.0,8055.255137568655,35.34561707867792
LA RAMADA,,,,,13029.311936825849,17.455378441729852
LONYA CHICO,852.3464965820312,1128.1097412109375,990.2281494140625,137.8816223144565,8980.782121292488,28.952308229965894
TABALOSOS,1390.509033203125,1903.8193359375,1646.5104166666667,209.56009264096798,7342.698413573407,29.413361935202406
SANTA ROSA DE OCOPA,,,,,10488.216743550467,21.483882995255172
SANTA ROSA,,,,,1366.5940729763443,13.243515016204054
ATAURA,,,,,8706.843674325697,14.641884215256109
CALLAHUANCA,,,,,10312.5955816609,11.257121267781363
YAUYOS,851.0947265625,851.0947265625,851.0947265625,0.0,3564.2412626604755,12.52266687654333
LLOCLLAPAMPA,819.7897338867188,819.7897338867188,819.7897338867188,0.0,11431.262129620787,23.99232564925967
SAN JUAN DE RONTOY,534.5846557617188,534.5846557617188,534.5846557617188,0.0,9015.489222483242,14.263600163338722
CAJAY,532.982177734375,532.982177734375,532.982177734375,0.0,6754.136258297596,35.2307809856893
ACZO,,,,,9898.345598318854,47.30869233003891
MONZON,975.1837768554688,3638.590087890625,2541.579296875,920.3292397281502,14812.078573413188,16.299201379449357
MAGDALENA,896.5411987304688,896.5411987304688,896.5411987304688,0.0,8545.598765175486,28.591067508030655
LONGUITA,949.9453735351562,949.9453735351562,949.9453735351562,0.0,8744.661758901007,32.49527665454401
SAN ANTONIO,3203.623779296875,3203.623779296875,3203.623779296875,0.0,6621.917301379268,32.080034063789114
CHIMBAN,952.5813598632812,952.5813598632812,952.5813598632812,0.0,5450.466891605624,26.13932901874131
MIRACOSTA,557.0360717773438,755.5362548828125,653.9564208984375,81.10431166924795,10491.007449632736,36.140236275395836
SAN LUIS DE LUCMA,877.9424438476562,877.9424438476562,877.9424438476562,0.0,5431.7485222733985,32.23373429020986
SOCOTA,868.5753173828125,868.5753173828125,868.5753173828125,0.0,8214.698711658177,6.4350636650905315
INGUILPATA,,,,,6567.02765970465,38.0373409658391
HUANCAS,,,,,9436.939477239175,38.30936255900113
PAPAPLAYA,1859.7777099609375,2759.774658203125,2310.523193359375,337.28367641176135,9000.986315860844,13.550708437321276
VISTA ALEGRE,777.5333251953125,1809.6871337890625,1329.6612955729167,342.8521395131338,11112.619832773697,25.56906753171403
PINTO RECODO,1652.4844970703125,2141.57421875,1939.899169921875,191.18123321603784,6469.950803435759,35.24993489216604
MOTUPE,76.01600646972656,413.90911865234375,272.57232666015625,122.75588069373651,7190.375194119886,21.860292706309576
SANTO TOMAS,949.9498901367188,949.9498901367188,949.9498901367188,0.0,5063.708852653078,41.09467071649018
CHILIQUIN,,,,,6667.120219771665,60.458087419290415
CHURUJA,718.4571533203125,718.4571533203125,718.4571533203125,0.0,9131.901479134556,13.210209510475265
RIOJA,1710.81689453125,2311.596923828125,2011.2069091796875,300.3900146484375,10270.965849936056,4.284330952693377
CAÑARIS,421.8608703613281,533.2525634765625,467.11517333984375,45.446900477886786,5233.504027467124,29.557278934073135
PIMPINGOS,885.6912231445312,885.6912231445312,885.6912231445312,0.0,10608.81776031698,35.823437576892154
CALZADA,1411.05615234375,1411.05615234375,1411.05615234375,0.0,12066.913576414852,21.537004392328466
ELIAS SOPLIN VARGAS,2027.3936767578125,2086.98486328125,2057.189208984375,29.795593261781264,9240.304709671102,46.79890994981551
CAYNARACHI,2734.300537109375,4042.75048828125,3341.948828125,436.1751112793206,13630.387437674199,4.9209130041512665
LONYA GRANDE,1502.513671875,1577.4462890625,1539.97998046875,37.46630859375,5678.632402689281,35.393779345474165
SAN CARLOS,,,,,4266.035890065748,15.9120876886166
ALTO TAPICHE,1593.708984375,2463.0009765625,1932.910472972973,204.51100840526803,2663.839253287164,50.79066859310945
ASUNCION,,,,,12488.132934467549,54.88773029752177
OLLEROS,730.7282104492188,730.7282104492188,730.7282104492188,0.0,9963.096969062173,13.500151183249782
POSIC,,,,,7833.245987268635,16.7566429613713
YAMON,1316.6536865234375,1316.6536865234375,1316.6536865234375,0.0,8839.90587895946,37.89381830469703
NIEVA,1454.1651611328125,2613.4501953125,1806.9373883928572,278.1865305917656,4623.532858104871,19.19304025315728
MANSERICHE,1965.7218017578125,2840.330322265625,2364.2560096153848,254.71245187618828,15337.255938850478,24.318831731016427
YAVARI,1583.213623046875,2967.748046875,2211.135641163793,296.27132099971345,8387.663545925683,25.380826308136154
PARINARI,2010.905517578125,3258.043701171875,2516.9890046296296,254.83470370264763,8328.184383814678,-3.7950973429648442
SAN FRANCISCO DEL YESO,668.5935668945312,869.7117309570312,769.1526489257812,100.55908203125,10177.299871696076,24.79243380858644
MOYOBAMBA,1245.92724609375,2620.509521484375,1645.779575892857,322.25725604606106,9443.02769521014,14.654083389037392
BARRANCA,1769.116943359375,3497.8046875,2448.957275390625,419.37270934739286,8671.652072837394,17.60315766400342
CUMBA,735.42578125,1118.56298828125,944.8448893229166,158.43915137732535,5628.5766336640645,46.65448005203221
CRISTO NOS VALGA,16.162137985229492,25.424591064453125,20.793365478515625,4.631226539611915,9414.405071407988,6.152396585811154
RINCONADA LLICUAR,,,,,13646.0734894251,37.19807780121966
HUARMACA,283.07940673828125,768.6336669921875,504.49327256944446,116.66363268783307,12036.260138464933,20.815556045022873
BERNAL,,,,,12779.55987991819,20.803597472562483
BELLAVISTA DE LA UNION,,,,,6466.3529707064445,36.85557844077567
EL TALLAN,,,,,5031.185539224258,30.100769418533357
VICE,23.68390655517578,28.6625919342041,26.173248291015625,2.4893426895143427,7622.639239701056,33.55919495829296
SAN MIGUEL DE EL FAIQUE,353.52362060546875,483.04388427734375,418.28375244140625,64.7601318359375,8167.174736866084,39.52276990799292
CURA MORI,44.32963180541992,44.32963180541992,44.32963180541992,0.0,11282.574555412846,20.03037425225016
SONDORILLO,,,,,2922.6061108555423,15.816448982383745
SALITRAL,418.42962646484375,700.5897827148438,555.632421875,104.91901600087358,12588.65095838184,8.722742101633028
SONDOR,280.8197937011719,509.7546691894531,377.5896911621094,95.03125615369427,7525.976304263032,12.618842050315672
LA UNION,11.725140571594238,21.475662231445312,15.040936787923178,4.550747327205545,6719.35679015774,69.23641637963088
LA ARENA,11.688962936401367,11.688962936401367,11.688962936401367,0.0,4963.686874219497,43.6701937110518
TARICA,629.4500122070312,629.4500122070312,629.4500122070312,0.0,3035.429984402692,4.733884506879679
PIMENTEL,43.47295379638672,43.47295379638672,43.47295379638672,0.0,10469.511751885744,5.1631306488464475
SAN PABLO,1265.7288818359375,1446.6162109375,1383.9049479166667,83.61536712621887,8219.953901565212,32.22799092577737
VARGAS GUERRA,1193.2198486328125,2098.16552734375,1421.6602711397059,215.50687306341777,4130.117300776838,33.2089719606695
JOSE LEONARDO ORTIZ,,,,,4114.763683809151,33.233257529760465
COMANDANTE NOEL,7.872669219970703,12.701921463012695,10.2872953414917,2.414626121520996,6992.645902129615,21.17566309669453
PARIAHUANCA,,,,,13007.064575868179,23.118186099956496
HUACHIS,683.4575805664062,683.4575805664062,683.4575805664062,0.0,7221.225945909186,29.918192862390363
RAHUAPAMPA,,,,,3490.571140645681,26.288395094399956
ANTA,,,,,7262.770807742167,-8.289505591213029
SAN MIGUEL DE ACO,658.4337158203125,658.4337158203125,658.4337158203125,0.0,7181.8292907569885,21.553005541372094
MASIN,602.3018188476562,602.3018188476562,602.3018188476562,0.0,-90.65992882471528,12.228903486095296
PONTO,575.0741577148438,575.0741577148438,575.0741577148438,0.0,7837.115400446563,27.62817128362768
TANTAMAYO,351.7174072265625,640.8898315429688,467.3896484375,124.93524286482518,7307.196409373966,69.77888503905115
ACOPAMPA,466.5707092285156,466.5707092285156,466.5707092285156,0.0,10088.619094440255,30.512224982114567
SINGA,424.7276916503906,424.7276916503906,424.7276916503906,0.0,13546.868284836037,20.29705470741403
BUENA VISTA ALTA,7.132223606109619,15.390076637268066,10.556487083435059,3.0367024938338827,11379.695088643271,38.827022529658784
HUACACHI,488.0778503417969,488.0778503417969,488.0778503417969,0.0,7193.333928335508,32.24031830813819
TINCO,,,,,4680.42227377499,31.30141735677762
MARCARA,647.0965576171875,647.0965576171875,647.0965576171875,0.0,15720.079409749582,34.10275889823507
ATAQUERO,,,,,8177.655302043465,55.848153472443116
PINRA,497.8178405761719,656.4663696289062,577.14208984375,79.32426452636865,8041.787875738839,8.036673470111264
HUACAYBAMBA,476.71112060546875,876.7063598632812,620.39228515625,146.02193534531523,7927.624738669991,32.104481152171815
SANTA CRUZ,338.38104248046875,498.2798156738281,410.3870442708333,66.23793728536006,8594.254282303566,11.104283050276923
PISCOBAMBA,,,,,7566.918764228172,33.33268969513372
SAPOSOA,1789.06689453125,2880.607666015625,2387.598046875,380.43839124462056,6279.013979359292,11.219702327708584
CHONTABAMBA,1525.7236328125,2184.748779296875,1916.0846354166667,282.472570930521,6359.423176278824,18.739497795923732
OXAPAMPA,1937.2945556640625,2517.7841796875,2209.88525390625,238.2953925537078,7901.740189352005,20.573651286431407
VILLA RICA,1844.455322265625,4423.3818359375,2740.947998046875,879.8148653167242,6369.725686598706,39.63725079017064
HUACHON,416.6127014160156,1384.2413330078125,711.06494140625,287.7574121614638,5861.462651968507,38.77681665913621
TICLACAYAN,533.937255859375,722.1859741210938,647.439111328125,69.34440568453006,8319.290683075691,6.3142393533042345
COLPAS,1069.2410888671875,1213.556884765625,1139.6565755208333,58.96818479948143,7235.068347737434,25.82401166499773
RAIMONDI,1509.7330322265625,3349.67822265625,2193.370052083333,382.17861566675833,12511.978965748065,14.35630217876241
CAYNA,992.3643798828125,992.3643798828125,992.3643798828125,0.0,47.09057482096432,6.122426339869982
HUACAR,939.7943115234375,939.7943115234375,939.7943115234375,0.0,11274.520555767385,21.744744243634443
CONCHAMARCA,1076.9405517578125,1076.9405517578125,1076.9405517578125,0.0,11738.255577492888,20.372758173162705
MARGOS,976.0695190429688,1023.2994995117188,999.6845092773438,23.614990234375,1779.8293027755517,61.40074729518284
SAN PEDRO DE CHAULAN,955.4937744140625,1117.88916015625,1036.69140625,81.19769287111669,6971.937217758954,31.49439738041044
PILLCO MARCA,,,,,6885.677402012626,4.335737488686441
ANDOAS,1707.69775390625,2720.92333984375,2149.5884868421053,197.9810606430199,3777.4649158465363,16.52838993743587
ALTO NANAY,2191.818603515625,3341.085693359375,2557.667447916667,242.86629792427075,5666.549937227373,40.32074943144097
MAZAN,2205.22314453125,2833.0576171875,2525.4986661585367,154.31316773523167,4668.272463602514,56.326641593048876
TROMPETEROS,1730.327392578125,2606.57373046875,2116.2306985294117,191.69899656879934,13256.811330270868,1.2102503164306242
TIGRE,1734.924560546875,2736.908203125,2246.237075617284,213.54958286954377,10807.035179442384,-3.1988657770856754
NAPO,1753.948486328125,2931.2705078125,2114.616256476684,207.1802149437173,11814.665284982477,53.06447763057673
PUTUMAYO,1854.314453125,2999.27099609375,2376.886938202247,219.20066224118676,10165.016192129706,30.844212660563556
TORRES CAUSANA,1649.220947265625,2385.114013671875,2012.930078125,164.4459621504255,4612.844686348312,11.975609021854503
TENIENTE MANUEL CLAVERO,1561.468505859375,2377.331298828125,1904.6613924050632,195.85789461584375,6426.439201160679,33.01943629183653
CHETO,949.5517578125,949.5517578125,949.5517578125,0.0,9468.123683683754,-14.536216085253166
LUYA VIEJO,,,,,4333.616573324163,25.050632598957414
CONILA,1363.3145751953125,1363.3145751953125,1363.3145751953125,0.0,10138.995290517163,29.917317592646278
SATIPO,1456.67041015625,3112.95263671875,2002.201171875,645.5506726498205,7279.023805525595,38.86405209306744
CHURCAMPA,867.1901245117188,867.1901245117188,867.1901245117188,0.0,6875.537577351208,9.791560715611935
LOCROJA,,,,,10132.879904610474,26.285307421050387
ANCO,973.9508056640625,973.9508056640625,973.9508056640625,0.0,9332.78993445812,11.11863060910619
SAN PEDRO DE CORIS,955.1366577148438,955.1366577148438,955.1366577148438,0.0,6917.1015025427605,28.830756335114756
CARAMPOMA,788.088134765625,903.6966552734375,845.8923950195312,57.80426025390625,11477.989410092745,11.569805164554637
SANTA ROSA DE QUIVES,28.850431442260742,430.0237731933594,171.28818359375,143.3757328851785,4756.810017200309,18.87848741259669
COCHAS,1774.53759765625,1774.53759765625,1774.53759765625,0.0,9847.806820832791,10.062769078146564
ANDAMARCA,810.9959106445312,1456.3720703125,1009.769140625,233.00110916428395,9779.30377390515,34.76704362735485
MARISCAL CASTILLA,1743.2030029296875,1743.2030029296875,1743.2030029296875,0.0,7071.360682058029,37.87676674984998
POMACANCHA,515.8897705078125,677.1559448242188,596.5228271484375,80.6330871582089,8978.399066726353,21.480691450638794
LACHAQUI,586.9454956054688,586.9454956054688,586.9454956054688,0.0,4246.659270844091,25.573569924400424
SANTA ROSA DE SACCO,790.7684936523438,790.7684936523438,790.7684936523438,0.0,10772.081057620704,3.271128780496838
CARABAYLLO,14.993961334228516,14.993961334228516,14.993961334228516,0.0,7445.293590671033,20.504850279898193
COCHAMARCA,36.103519439697266,140.16275024414062,88.13313293457031,52.029615402221715,6431.830938442881,24.246930744373827
PACHANGARA,460.1087951660156,502.8704528808594,481.4896240234375,21.380828857421875,11147.027677510669,64.31189636544963
NAVAN,72.83946990966797,76.10523223876953,74.47235107421875,1.6328811645507812,5886.968928371722,8.320494613387545
HUAYLLAY,551.4678955078125,956.6468505859375,790.6136997767857,129.53647344608567,3774.616110909321,46.96265858128656
TINYAHUARCO,,,,,3330.1124794282887,39.952881601987116
SEPAHUA,1754.7899169921875,2591.598876953125,2110.802797379032,207.09636535653672,9818.029854036919,29.209546067352044
SAN LUIS DE SHUARO,1737.8857421875,2136.852783203125,1937.3692626953125,199.4835205078125,4158.7119425111505,51.379307262927
LABERINTO,1684.5748291015625,2387.188720703125,2022.1147203947369,180.29094030789673,13264.382545953093,30.581582089102945
ULCUMAYO,342.20733642578125,1829.17431640625,906.8787977430555,598.1620085564609,1754.211776348834,30.83738793501893
CAUJUL,153.7576446533203,250.86277770996094,202.31021118164062,48.55256652832031,13089.369104870115,24.20319020473682
CHAUPIMARCA,,,,,8633.052401607856,43.35353323627941
ANDAJES,285.14215087890625,401.3680419921875,343.2550964355469,58.112945556640625,7709.860664388822,41.447038507163256
PICHANAQUI,1463.93798828125,3020.32958984375,1921.4798177083333,469.4801041433207,6365.242739573151,15.614840687556814
NINACACA,353.51806640625,755.9664306640625,558.26083984375,151.05489347840208,9197.408343056213,5.211292081018488
PERENE,1666.665771484375,2654.814453125,2010.22607421875,317.2257181934283,7887.095892725455,21.955290439065145
VEGUETA,1.0320158004760742,1.0535210371017456,1.0427684783935547,0.010752618313000896,11309.905646049565,12.999421534035303
SANTA LEONOR,586.2313232421875,648.13525390625,622.2481689453125,22.654220619508266,8342.682945986118,24.047131380769674
CHECRAS,100.0296859741211,583.6650390625,341.84735107421875,241.81767654418974,8450.905284385633,43.56157202026209
CARHUAMAYO,507.2293395996094,507.2293395996094,507.2293395996094,0.0,6909.163363358432,18.14047517369815
VICCO,960.8125610351562,1021.5743408203125,986.589599609375,25.646122170093804,7829.163128836798,24.357649280326378
CHANCHAMAYO,681.9010009765625,2596.0126953125,1864.894140625,652.486888359914,8923.405306676177,25.870341022125928
LACABAMBA,612.7732543945312,612.7732543945312,612.7732543945312,0.0,2869.494822030123,37.72646323307927
TAURIJA,1603.4005126953125,1603.4005126953125,1603.4005126953125,0.0,3955.443733682861,-8.703340009769079
TAYABAMBA,924.8866577148438,1268.2890625,1115.8214518229167,142.8077705877315,10229.792282068145,15.899495578520549
SALAVERRY,18.06403923034668,25.088117599487305,21.576078414916992,3.5120391845703125,8512.596314383825,28.16925538419209
OYON,472.75286865234375,712.8009643554688,580.2022298177084,101.08241401449081,7448.049990941962,43.00118434640292
YANAHUANCA,726.6024169921875,993.8604736328125,868.04638671875,98.74093157262693,8055.30179919618,17.62146328740692
SAN MIGUEL DE CAURI,918.1812744140625,1297.421142578125,1176.2357584635417,124.79136864164407,9042.745116085012,-3.148290590628111
SUPE PUERTO,,,,,6380.720959071916,34.295671689492046
SUPE,1.8309608697891235,8.743330001831055,4.3328537940979,2.629591714740698,5665.085823793062,15.46956416761556
BARRANCA,1.7637763023376465,4.338737487792969,3.0512568950653076,1.2874805927276611,8587.535765293045,7.155000113644579
AMBAR,31.189220428466797,178.83543395996094,103.56538391113281,53.405296931149614,5064.881667154904,15.634819154301638
SAN PEDRO,6.419913291931152,107.73255920410156,48.329541015625,34.9494631109558,9224.758267143416,22.232119635162256
COCHAS,16.889841079711914,45.305660247802734,31.439524332682293,11.610774265294797,2892.2491872864784,15.92883003192681
PATIVILCA,3.5104868412017822,10.928510665893555,6.822478612263997,3.080004778607167,11087.466911976931,-8.083490856486037
COLQUIOC,62.542579650878906,166.34593200683594,114.44425964355469,51.90167617797866,9417.79244723913,38.45599295330698
PARAMONGA,2.935932159423828,11.67501449584961,7.305473327636719,4.369541168212891,8768.089202941626,44.12312561918083
HUARMEY,1.5628080368041992,47.33066177368164,10.371234258015951,12.33819335405343,10948.07295183654,34.772829870092586
LAGUNAS,1986.851318359375,2695.6689453125,2251.784978693182,179.52500643365184,12996.423333387731,7.93471494362775
URARINAS,2012.798828125,2856.663330078125,2378.053435114504,188.16065071998037,11043.11019505439,21.97762699078723
JEBEROS,1667.69091796875,2496.5419921875,2054.8629464285714,196.35530916228777,2477.3773060050644,24.90218027155813
CAHUAPANAS,1880.5816650390625,3457.1455078125,2696.9565033783783,443.5280927850751,4161.269099792895,33.98191584342865
BALSAPUERTO,2178.599609375,3773.59375,2963.198918269231,480.57308828923755,6125.544266912963,35.02510733077121
RIO TAMBO,1439.370849609375,3184.476318359375,2047.9467329545455,378.12273591512377,8078.273150632502,13.987393018322564
VILCABAMBA,456.16827392578125,2038.3226318359375,1197.2112926136363,475.47576583645304,9552.97706140737,26.229933346203406
SIMON BOLIVAR,564.86181640625,1021.0418701171875,847.3974609375,148.71974115829383,5822.768560539604,31.859206069228616
GORGOR,189.4108428955078,486.553466796875,336.99066162109375,121.31607153882707,8560.300293431235,46.8373348322015
MANAS,97.50373077392578,110.85946655273438,104.18159484863281,6.677867889405387,5733.851202940032,35.56759809737085
PAUCARTAMBO,329.2546081542969,1235.6947021484375,604.156591796875,338.4858698390037,6165.446591024155,36.835850310632786
MACHE,,,,,3780.0167094553335,26.257399418940413
JULCAN,532.8930053710938,993.0582275390625,762.9755859375,230.0826110839864,5230.3002616672875,46.15688717805256
LAREDO,11.32772445678711,80.49669647216797,34.02853012084961,27.276673487172502,3944.946183150999,31.14644193939246
SALPO,324.44232177734375,324.44232177734375,324.44232177734375,0.0,5072.380241068002,12.083681347396443
SITABAMBA,639.031982421875,639.7393188476562,639.3856201171875,0.3536682142072864,11160.925389823518,46.050549551877864
HUAYO,1122.67822265625,1122.67822265625,1122.67822265625,0.0,5151.803333504171,35.46854908808541
ACOBAMBA,900.2575073242188,1503.31884765625,1201.7882080078125,301.53067016601716,15897.146194512174,18.354339683072766
PALLASCA,,,,,9479.953702642668,17.80760548901135
YUPAN,,,,,8554.508371084621,29.448633177111425
SICSIBAMBA,1376.180908203125,1376.180908203125,1376.180908203125,0.0,5424.92665945636,31.94777192901377
HONORIA,1577.226806640625,1791.5467529296875,1692.740478515625,65.40500896334885,10100.929638226975,27.959383984468097
CASHAPAMPA,,,,,6273.086521286678,29.66963010164327
HUANCASPATA,1885.21240234375,1885.21240234375,1885.21240234375,0.0,8366.029443936084,50.49936061864571
MASISEA,1438.717041015625,2378.757568359375,1842.036164314516,209.00706209945022,15680.253614806385,41.073147283523284
CHAO,8.095393180847168,172.68817138671875,53.42047119140625,48.697321586176216,7711.820300826051,27.859533868975365
QUICHES,1551.7470703125,1551.7470703125,1551.7470703125,0.0,11447.819978857027,39.11965871151225
CHINGALPO,916.0714111328125,916.0714111328125,916.0714111328125,0.0,5890.470724622338,9.512141447086908
NUEVO PROGRESO,2058.496826171875,2470.708984375,2222.9500325520835,149.15793075548535,7895.034528509115,30.968905749202136
BOLOGNESI,,,,,13312.401906906529,52.13959524599665
HUACASCHUQUE,803.5453491210938,803.5453491210938,803.5453491210938,0.0,6119.098826636698,21.729311569114394
HUANDOVAL,,,,,13437.345673990785,12.285491070713729
URPAY,,,,,10123.255806366426,15.21866667110409
SHUNTE,786.3884887695312,2979.63671875,1886.481640625,719.434313560747,6312.5996723171975,8.655504439864174
SANTA CRUZ DE CHUCA,707.74951171875,1589.1871337890625,1116.3649088541667,362.69818302301593,9897.223217166564,13.22857137808445
TAURIA,141.15782165527344,180.9197998046875,159.5273640950521,16.372886924818307,10917.663348880189,19.442378521149564
JAQUI,6.463813304901123,8.33621883392334,7.259308815002441,0.7133491457088315,9865.42988665159,3.916494712320368
SAYLA,241.67062377929688,241.67062377929688,241.67062377929688,0.0,3289.325840328631,25.234275009244044
AMANTANI,,,,,5818.5884725253945,38.53415760679971
SINCOS,497.6460266113281,685.7755737304688,566.0232747395834,84.96169025585274,7257.444093345486,11.383657297796194
EL TAMBO,789.5843505859375,789.5843505859375,789.5843505859375,0.0,7776.699712699861,47.78925885462653
SAN BARTOLOME,378.36077880859375,378.36077880859375,378.36077880859375,0.0,9862.016292652033,32.66188132791392
MATAHUASI,,,,,8533.103002799762,40.45870878436086
SAN FRANCISCO DE ASIS DE YARUSYACAN,681.4282836914062,681.4282836914062,681.4282836914062,0.0,3993.966923869696,15.132481692217944
LLATA,532.2047729492188,616.873291015625,580.7493489583334,35.66410745292575,9140.59355301789,37.81787840599924
QUECHUALLA,209.58859252929688,209.58859252929688,209.58859252929688,0.0,9831.75723585147,8.620991494070303
TORO,141.49124145507812,224.8099365234375,178.908447265625,30.961801552071787,9679.37134379312,38.35371251254763
MOHO,611.4698486328125,858.5349731445312,728.432177734375,100.76911543082227,11242.342176663866,27.577590096902966
CAMINACA,688.6886596679688,688.6886596679688,688.6886596679688,0.0,10501.766463646713,33.29876829977175
SALAMANCA,264.9877014160156,596.3759155273438,379.9001708984375,102.86613212754659,9377.54023768531,7.366080915627226
PALCA,716.7927856445312,757.3944091796875,738.145263671875,16.64213713374414,7789.502865624059,11.57395236585093
SAMAN,,,,,3017.1171994520255,33.958423273800776
COTAHUASI,,,,,9288.854657397758,10.774779936636989
SIBAYO,603.6358642578125,688.2733154296875,645.95458984375,42.3187255859375,8623.063061489334,31.948094381486847
LAMPA,708.5302734375,844.9120483398438,767.6531982421875,49.77213881823593,8814.736511586121,4.492932903096314
NICASIO,713.5797119140625,713.5797119140625,713.5797119140625,0.0,4169.754272539072,37.72261319000002
HUAYRAPATA,536.1396484375,591.7070922851562,552.4808959960938,22.80512580474059,4756.830378775213,6.512150278472365
ACHAYA,667.5204467773438,667.5204467773438,667.5204467773438,0.0,11159.458559998711,33.28449906519285
LOMAS,5.23959493637085,7.00601863861084,5.983664703369141,0.7114486550529847,7881.334538430035,34.38446400469002
TOMEPAMPA,359.6042175292969,359.6042175292969,359.6042175292969,0.0,10044.502092117873,14.548422723556376
CHOCO,215.91773986816406,682.074462890625,368.4908040364583,135.1846088097269,8084.955128391383,33.7303985062709
CHARCANA,280.1770324707031,281.4642333984375,280.82061767578125,0.6436004640480688,8089.268418487236,28.90663395000334
ROSASPATA,556.7879638671875,573.2990112304688,565.04345703125,8.255523681697031,10814.851417927994,16.917372157108925
CONDOROMA,844.3323364257812,984.5261840820312,923.7357177734375,50.49976570266213,6451.865815347878,9.871679738856878
VILAVILA,754.1952514648438,779.0101928710938,766.6027221679688,12.407470703125,8288.36233082295,-4.439385375088687
ALCA,556.3309936523438,556.3309936523438,556.3309936523438,0.0,6613.174133884872,30.244750709495406
HUANCANE,581.541748046875,622.2205810546875,601.8811645507812,20.33941650390625,6696.5113177030535,1.5279584295691713
VILQUE CHICO,526.4537353515625,685.0484008789062,582.812109375,57.654912603987874,7072.483629594082,26.430162991619625
CHUPA,625.6843872070312,631.9332885742188,628.808837890625,3.12445068359375,8666.401314901139,21.048276758766264
OCUVIRI,769.7929077148438,936.3565673828125,839.8483072916666,54.66528459547421,6563.754135009568,35.18714163157293
YANTALO,,,,,11767.268376720562,20.469317507652036
PUCARA,438.9154357910156,550.3539428710938,494.63470458984375,55.71925354004115,5316.178093341488,20.05828320479363
SALAS,176.79843139648438,492.4024353027344,408.37933349609375,99.09288339146903,7439.385067515923,35.97806056432444
YAQUERANA,1611.15283203125,2722.0966796875,1993.1355902777777,206.78804235573133,6680.806825177475,30.025870436261762
REQUENA,1859.83251953125,2740.955810546875,2179.5513822115386,184.1043217653457,12340.933653061198,29.742339357741674
SAQUENA,2078.291748046875,2866.590087890625,2570.4568359375,241.21428938665048,8589.664329534724,32.03901384712789
SAN MATEO DE OTAO,120.26753234863281,317.25238037109375,218.75994873046875,98.49242401123077,11095.533618405905,1.9664181518934143
SANTA EULALIA,,,,,3543.3188808890845,36.35183019980473
JAUJA,,,,,8801.150797607777,34.187031910204034
SAN NICOLAS,753.9437866210938,753.9437866210938,753.9437866210938,0.0,10668.892386870311,9.749753071352542
LLAMA,902.9954223632812,902.9954223632812,902.9954223632812,0.0,8246.851967826273,21.338792894886982
HUAYLLAN,625.12158203125,829.210693359375,727.1661376953125,102.0445556640625,11196.441125196054,24.410390685585533
ELEAZAR GUZMAN BARRON,818.7799682617188,818.7799682617188,818.7799682617188,0.0,6448.134649698884,22.982548233974008
CACERES DEL PERU,49.72357940673828,150.75535583496094,97.47530364990234,35.82722361556873,12228.042320556739,30.00789949852802
HUAYLAS,219.02542114257812,219.02542114257812,219.02542114257812,0.0,14896.694370857751,46.47050172746775
MUSGA,,,,,6911.484318681023,41.22650091509243
CHAVINILLO,659.0306396484375,847.12158203125,753.0761108398438,94.04547119140625,6663.492435797685,5.316712098528907
SANTA MARIA DEL VALLE,741.926513671875,741.926513671875,741.926513671875,0.0,12360.153431353103,34.33104985459073
TAHUANIA,1589.29833984375,3839.938232421875,2263.4846354166666,590.6590852651549,12738.716437192137,44.93399979303115
CHURUBAMBA,389.61492919921875,828.5655517578125,641.51513671875,183.77273454116843,6431.419918540195,30.80212781033804
MARIAS,413.21685791015625,2950.950927734375,1140.6165597098213,884.586943846751,6739.439548712428,41.3647063777895
YACUS,,,,,7154.646173418479,55.18405668551148
TONGOD,1560.7364501953125,1560.7364501953125,1560.7364501953125,0.0,3966.648466897169,40.35564319160472
PAMPAS CHICO,497.2651062011719,497.2651062011719,497.2651062011719,0.0,5244.044160547405,28.739628934625934
PARARIN,93.0416259765625,120.43016815185547,106.73590087890625,13.694271087647016,4987.577699743797,40.676327111271306
JIVIA,,,,,5696.6073046876145,27.173317496453368
HUASTA,513.0151977539062,646.392822265625,591.0651041666666,56.772198801498206,7895.9453378396565,25.358545649274333
MARCA,397.0616149902344,397.0616149902344,397.0616149902344,0.0,8702.644197609563,19.72878646429401
SAN CRISTOBAL,,,,,12651.501478442231,48.45120038248162
GRANADA,711.8524780273438,711.8524780273438,711.8524780273438,0.0,5004.937877783627,12.72357001086998
QUINJALCA,746.5958251953125,746.5958251953125,746.5958251953125,0.0,10952.967195429752,47.98551587017174
VALERA,,,,,7358.033467323473,32.49796185610557
SANTA CRUZ,,,,,7851.608871042701,4.010407377970878
CALLAYUC,639.4049682617188,793.9783325195312,739.1119791666666,70.62219634514032,10024.45847649981,30.514739394871324
SAN ROQUE DE CUMBAZA,2409.6689453125,3937.39306640625,3157.33828125,538.6087305765363,4631.833935313104,-6.500397614774361
COROSHA,824.3768920898438,824.3768920898438,824.3768920898438,0.0,9147.229238552152,34.382620252465536
EL MILAGRO,605.1568603515625,717.4417114257812,643.63330078125,52.20621313366718,8499.356624639167,38.278472244834866
MAQUIA,1211.1412353515625,2154.582275390625,1572.0808879573171,194.40524979893002,9477.353792024447,16.114660665219198
CHONTALI,545.084228515625,661.5817260742188,603.3152465820312,55.02153184488793,8867.505931723454,26.853215439333734
SALLIQUE,556.6998291015625,583.5079345703125,570.1038818359375,13.404052734375,15365.900419732683,54.31236150625429
BAGUA,734.3828125,816.690673828125,775.5367431640625,41.1539306640625,6086.780047246052,17.41379943607095
COCHABAMBA,,,,,6407.009134994547,9.116386194150992
MARIA,,,,,6130.5784207257075,47.22495103693898
SAN JUAN DE LOPECANCHA,792.731201171875,792.731201171875,792.731201171875,0.0,6333.568642519236,54.43880785796192
TARAPOTO,,,,,6087.838618080446,25.05543507771771
CACATACHI,,,,,11567.049593322656,40.171945531125345
MARCONA,4.717259883880615,13.428627967834473,6.559008462088449,2.068741798301867,12261.512743969564,45.122138732963215
SANTIAGO DE PUPUJA,653.6048583984375,694.9195556640625,668.7735595703125,18.567016191621086,6287.761118751571,13.86273651192424
TISCO,703.9821166992188,1112.5311279296875,934.6530949519231,117.14078442851977,5502.9332806873135,17.720412469481975
JOSE DOMINGO CHOQUEHUANCA,672.212158203125,672.212158203125,672.212158203125,0.0,9414.246669159213,43.463117697321024
HUATASANI,719.6467895507812,719.6467895507812,719.6467895507812,0.0,6343.330867157087,50.27521418062764
ARAPA,621.33935546875,640.4356689453125,631.0345458984375,7.798809134366831,9898.795453266532,33.44321290261532
PALPA,14.489675521850586,14.489675521850586,14.489675521850586,0.0,8608.7690625539,11.802784697469185
ANANEA,404.13323974609375,911.8677978515625,697.4108537946429,159.76927902122208,3452.7676550083042,54.805916675491616
MUÑANI,695.1821899414062,1023.0512084960938,884.3960658482143,117.8695340102381,12642.515603990185,17.035436532820533
PUTINA,691.3479614257812,972.5802001953125,870.9704938616071,93.89181270037462,13387.633019286564,19.972933282428222
LAYO,733.2064208984375,868.5528564453125,800.0999348958334,55.26595167954918,6161.633928546841,30.13506751734432
SINA,375.5660095214844,1406.328125,817.369140625,380.736320875122,6836.895320192048,48.31240631072161
QUEHUE,886.6080322265625,886.6080322265625,886.6080322265625,0.0,8857.596172174715,37.80963964828335
SANTA CRUZ,8.431961059570312,45.795188903808594,19.41836166381836,15.415788690947917,9003.370369961074,31.222982505428657
MARANGANI,768.8223876953125,941.0856323242188,856.9296264648438,63.027181671718516,9975.632818018492,31.949327951771593
QUIACA,380.4335632324219,2035.00927734375,965.61376953125,757.2994064120101,14030.613616299048,25.65272002965199
OCUCAJE,3.5186400413513184,5.090719223022461,4.127768516540527,0.5150170718752648,7469.158317517852,33.37209271777759
POTONI,850.7262573242188,961.4075927734375,895.5921223958334,33.39894032016794,5605.108266384639,-12.943401165414542
HUAQUIRCA,755.89501953125,819.7960815429688,778.130615234375,29.484218458729778,3862.042315956418,20.550888113953025
QUIÑOTA,918.2540283203125,935.84912109375,927.0515747070312,8.79754638671875,5807.209880174243,28.619829023751716
SABAINO,839.14697265625,839.14697265625,839.14697265625,0.0,7900.619081378609,7.7347887457073945
VIRUNDO,748.0924072265625,748.0924072265625,748.0924072265625,0.0,13383.673590553364,30.7948497671734
SANTA ROSA,785.4295654296875,961.9447021484375,876.4108072916666,57.310994482264356,6447.166102891486,21.932931685208178
CUYOCUYO,431.537841796875,540.2926635742188,462.23492431640625,45.36487278844693,8671.363854916695,51.332135474732354
KUNTURKANKI,758.6004638671875,818.1832275390625,790.428955078125,21.231314376551712,7950.731311781744,48.59529587822284
CHECCA,756.0816650390625,989.4613037109375,836.309814453125,90.55677768701428,11565.179820344252,18.01291646322756
VELILLE,759.575927734375,1007.9539184570312,889.6589006696429,80.06856067235107,15580.797277620866,22.73743432649957
SAN ANTON,700.4779052734375,949.6278076171875,823.7205078125,79.66129282974016,6407.393681239038,23.89078651587411
JUAN ESPINOZA MEDRANO,680.2047729492188,795.373291015625,721.0506998697916,40.81218515367708,6531.681672445334,18.22510785760566
SANTO TOMAS,735.629150390625,873.9326171875,779.3078125,40.94131703044365,11132.482631207216,27.925374760421903
COTARUSE,574.8526611328125,827.0496826171875,650.6918619791667,57.04728251229498,10045.674468878935,13.625768966686147
ANTABAMBA,753.5369873046875,857.3779907226562,804.8847045898438,43.10598783766006,13540.1219772081,8.040769975937106
CARAYBAMBA,642.1441650390625,768.2763671875,705.2102661132812,63.06610107421875,9751.784555977893,34.34066835850403
LANGUI,777.0438232421875,777.0438232421875,777.0438232421875,0.0,6922.123727638822,34.442943763327165
PARCONA,,,,,9771.964492076928,12.935263605100115
ICA,4.717752933502197,5.805217742919922,5.3311277117047995,0.39367037026312846,11326.110741748724,38.430331461438996
LOS AQUIJES,4.67356538772583,4.67356538772583,4.67356538772583,0.0,10461.446543592092,15.526334062520029
TIBILLO,136.52635192871094,482.4013671875,276.3896179199219,143.2149108844171,9521.822093321893,28.797478570569716
COMBAPATA,766.4083251953125,816.375,791.3916625976562,24.98333740234375,11200.024068767461,37.30516018918684
OMACHA,883.7506713867188,1002.454833984375,936.6927083333334,49.301356034729494,11507.886771337018,24.495811529444303
IHUAYLLO,,,,,12146.476973112582,31.821113682117016
JUSTO APU SAHUARAURA,1246.85888671875,1246.85888671875,1246.85888671875,0.0,9946.129662768928,17.253555341686422
TAPAIRIHUA,1280.1427001953125,1280.1427001953125,1280.1427001953125,0.0,7498.645759049437,22.053001248578543
SANTIAGO DE QUIRAHUARA,660.4358520507812,660.4358520507812,660.4358520507812,0.0,8440.14105929997,21.912108536794896
CURASCO,,,,,11619.52689952507,13.801324801896417
USICAYOS,669.080810546875,845.1646728515625,768.9844970703125,63.52305620992963,5549.192987038292,22.34838755326327
SUBTANJALLA,5.662578582763672,5.662578582763672,5.662578582763672,0.0,9106.019926618703,1.7707255170438003
PROGRESO,841.230224609375,1058.1317138671875,937.00732421875,90.34538352364477,6819.983563017918,17.63269379286843
ACOPIA,803.4091186523438,803.4091186523438,803.4091186523438,0.0,8086.234468804452,20.726867599454938
LA TINGUIÑA,3.6303584575653076,3.6303584575653076,3.6303584575653076,0.0,11835.355587821896,21.1573037125693
CHUQUIBAMBILLA,767.4036254882812,803.0718994140625,787.6876627604166,14.968027588804384,8573.29720405971,21.377538311938316
OCOYO,420.72125244140625,548.236572265625,484.4789123535156,63.757659912109375,8139.309644468446,24.073537002098067
LLALLI,738.0401611328125,756.077880859375,747.0590209960938,9.01885986328125,3920.431577060242,32.19162277129096
EL INGENIO,8.779638290405273,25.290565490722656,15.183403015136719,6.917871244112076,10238.760698081662,38.11775611198784
SAN JOSE,694.3479614257812,837.6973876953125,766.022705078125,71.67471313477212,9936.452543423226,15.253521597275993
COPORAQUE,818.69384765625,976.8562622070312,896.5064808238636,45.46853457885536,14489.76416991638,6.951987169162834
LLIPATA,9.849324226379395,12.207050323486328,11.028186798095703,1.1788630485535632,7076.665295140998,9.369333816353455
YANAHUAYA,1532.77783203125,1833.83935546875,1647.2711181640625,112.60089434153731,8657.450982991817,17.691956182076094
OROPESA,779.6503295898438,1077.7425537109375,878.1535866477273,83.79088338470642,8748.151051132267,19.721180232752364
RIO GRANDE,10.735247611999512,53.6102180480957,32.172733306884766,21.4374852180481,12732.359839290424,13.45005900703814
CHALHUANCA,949.7064208984375,1017.1842651367188,996.977783203125,27.54697657926207,7714.113402839143,5.558250036251582
CRUCERO,570.8787841796875,894.9684448242188,712.631591796875,111.74399718615787,8837.064577311017,18.158187587887177
YANAOCA,838.1876831054688,952.2728271484375,895.230224609375,57.04257202149254,9823.689529149618,27.72139930170957
MAMARA,,,,,8559.827369469074,33.925441987533475
ANTAUTA,916.2467041015625,1182.987060546875,1026.41513671875,97.55789601468298,6660.699156348415,16.638654203375182
SICUANI,711.0853881835938,1011.304931640625,831.4822823660714,104.86352648284908,8582.269978694923,18.80503266784849
TURPAY,,,,,11220.895249579316,11.099525367290338
CHAMACA,889.6539916992188,1093.87109375,1003.3306477864584,70.45924921643365,4920.45410176682,24.528412444378354
SAN ANTONIO,834.5138549804688,834.5138549804688,834.5138549804688,0.0,8398.909022440628,12.27357048713778
PAMPAMARCA,,,,,5899.63755518248,33.596917198618
POMACANCHI,843.391845703125,895.9259033203125,864.269287109375,22.761074367349202,11585.139886774527,-1.7879973790116672
CORDOVA,,,,,3430.4392856486757,19.605554913213062
CAPACMARCA,1002.6151123046875,1094.669921875,1048.642578125,46.027404785196715,6323.234458185235,29.51661008787613
TORAYA,900.0324096679688,1024.5989990234375,962.315673828125,62.28329467774185,9131.635625193563,27.757517744837564
SAN JUAN BAUTISTA,,,,,12696.572087703022,65.39550495970745
PHARA,1669.4443359375,3582.751708984375,2869.677734375,788.4326144707587,7802.749216781037,30.247000368518613
HUAYANA,,,,,6334.401419920405,9.939181047369846
SAN ISIDRO,184.3088836669922,351.38372802734375,267.8463134765625,83.53742218017614,13643.471208321771,23.568036293663905
SAN MIGUEL DE CHACCRAMPA,782.6429443359375,782.6429443359375,782.6429443359375,0.0,3655.9582987512676,-1.6436950019967753
CHAPIMARCA,1284.2088623046875,1284.2088623046875,1284.2088623046875,0.0,1403.5821301397546,23.791003760548588
YAUCA DEL ROSARIO,5.781532287597656,196.95953369140625,60.643682861328124,54.788219826371495,9320.043350159996,12.50415914498862
QUERCO,467.7607421875,722.1987915039062,549.8388671875,87.88478195441927,6493.837326942166,38.730854133402424
GAMARRA,654.7403564453125,780.46533203125,720.9859008789062,58.160649804020764,4936.30154860786,16.756895881066974
SAN ANTONIO DE CACHI,1018.6309814453125,1043.6561279296875,1031.1435546875,12.5125732421875,10125.069341898059,23.2485112630713
CORANI,772.85693359375,990.32470703125,862.54443359375,87.52407125452176,8731.402141313596,15.466632378933948
PITUMARCA,612.7606811523438,1236.3316650390625,944.74072265625,187.7952617333609,6307.764107789815,51.082770277799966
TURPO,833.6036376953125,833.6036376953125,833.6036376953125,0.0,4159.086803987317,20.181358508231327
SAN ANDRES,5.859806537628174,5.859806537628174,5.859806537628174,0.0,10617.371984840434,52.48835565218803
TAMBOBAMBA,808.3223876953125,1095.9521484375,939.51806640625,101.11827584637689,9950.603533875983,37.212276431774
QUIQUIJANA,675.9718627929688,809.833251953125,754.0087280273438,51.0339000773135,7702.472408661852,32.231000910030794
RONDOCAN,829.3331298828125,829.3331298828125,829.3331298828125,0.0,13539.910988142998,30.530997209762795
HUANCARAY,,,,,4789.745701021542,30.906959473243774
PACCARITAMBO,923.1427612304688,923.1427612304688,923.1427612304688,0.0,3423.424487225783,-3.915088690184149
TUPAC AMARU INCA,6.2366108894348145,6.2366108894348145,6.2366108894348145,0.0,5924.275790356267,20.816749087738653
LAMBRAMA,647.318603515625,1281.0947265625,991.1881103515625,234.50400937462092,7863.241950933507,37.67736956776483
PISCO,0.0,0.0,0.0,0.0,8730.018347968076,24.266542247888417
SANGARARA,,,,,7276.29182643101,3.9221522979463757
COLCABAMBA,731.1972045898438,1131.832763671875,931.5150146484375,200.31777954101796,9056.16618954289,24.21393324133796
PILLPINTO,931.376708984375,931.376708984375,931.376708984375,0.0,4245.3817274286685,50.56158274383237
MACUSANI,840.6032104492188,1267.036376953125,1054.41416015625,154.53313891759512,12331.293812219777,43.70337573302079
ACCHA,899.9384765625,994.3865356445312,947.1624755859375,47.22402954102549,7753.546464822293,24.069939859509525
MARA,942.5634765625,1089.7596435546875,995.8412272135416,66.61042558334532,11351.887494764384,39.2717391558713
HUAYLLATI,749.8276977539062,749.8276977539062,749.8276977539062,0.0,9028.176039133112,19.50239469447922
CHACOCHE,1085.10009765625,1228.77734375,1156.938720703125,71.838623046875,9370.259657461353,-0.5580738024007843
CURPAHUASI,641.1902465820312,682.34521484375,665.7594401041666,17.724438824809532,9709.301840696611,11.133010178056685
ACOS,874.3225708007812,874.3225708007812,874.3225708007812,0.0,9343.125680051944,48.443331527622966
CHECACUPE,800.9578857421875,1199.1348876953125,1087.2574869791667,142.0764967557343,9928.168279602633,20.890103772560437
TUMAY HUARACA,681.617919921875,899.0399780273438,814.945166015625,86.72652655251537,11987.457590397295,21.34924030937473
ALTO INAMBARI,1909.9322509765625,3814.650146484375,2758.754296875,587.3641143780126,8589.56350910441,20.50242705587679
CHIARA,851.317626953125,851.317626953125,851.317626953125,0.0,10127.011272765536,53.56204884359511
ACOMAYO,878.683349609375,878.683349609375,878.683349609375,0.0,7730.79291713832,49.38938373043095
SAN JUAN DE CHACÑA,852.9205932617188,852.9205932617188,852.9205932617188,0.0,12320.35164634842,58.281703501722006
LUCRE,,,,,5970.823093822191,22.61432184399923
LARAMARCA,442.7794189453125,477.0499267578125,459.9146728515625,17.13525390625,13402.821298732448,29.434367331206424
SALAS,4.014956951141357,6.77371883392334,5.5055185953776045,0.9205638746915547,7879.52614806697,2.2503617586881326
COLCHA,993.9227294921875,993.9227294921875,993.9227294921875,0.0,3707.6746936458558,47.15401639177412
CUSIPATA,781.4035034179688,781.4035034179688,781.4035034179688,0.0,8384.313244732368,7.483306730980974
TINTAY,1027.6807861328125,1027.6807861328125,1027.6807861328125,0.0,5956.845027575358,28.251633456439436
CIRCA,793.1304931640625,1301.711181640625,1037.1736653645833,196.87425235169385,10521.930646966171,8.54046208550734
COYLLURQUI,822.3577880859375,886.0232543945312,849.8251953125,26.714436101320253,6042.128062092827,16.166997598919558
CCAPI,1035.666015625,1131.53369140625,1094.204833984375,41.913002335412365,6661.449700355661,12.441063534254495
PARACAS,0.0,5.968581676483154,4.571628917347301,2.1677048327472535,2331.377807163407,15.881871089862733
SAN FRANCISCO DE SANGAYAICO,177.8557891845703,177.8557891845703,177.8557891845703,0.0,6643.08104225277,16.91315945276532
SAN JOSE DE LOS MOLINOS,5.720075607299805,23.656444549560547,14.055276234944662,7.3770064904062815,728.3620201131298,16.775968076123846
HUARO,719.4741821289062,719.4741821289062,719.4741821289062,0.0,3248.29152954283,37.50000867670461
PICHIRHUA,721.4564208984375,1053.653564453125,887.5549926757812,166.09857177734375,10281.243968432893,8.427058104062198
COTABAMBAS,950.7620239257812,976.1664428710938,963.4642333984375,12.70220947265625,10357.400475952496,28.308121405208002
PLATERIA,805.16357421875,805.16357421875,805.16357421875,0.0,9276.372685354894,43.269387284583374
LUCRE,,,,,5099.071570612361,17.30205453229906
COCHARCAS,1027.758056640625,1027.758056640625,1027.758056640625,0.0,7856.865931574061,14.231216638785972
ABANCAY,852.554931640625,1035.74169921875,944.1483154296875,91.5933837890625,7989.192382728294,21.542130622296238
TAMBURCO,,,,,4524.905932422372,42.69587812541065
PACUCHA,873.3032836914062,944.8955688476562,909.0994262695312,35.796142578125,12510.19490530145,27.911614464300364
CCORCA,804.472412109375,901.730712890625,853.1015625,48.629150390625,10632.086871727013,17.031785580886023
YAULI,1006.7630004882812,1048.9718017578125,1027.867431640625,21.10440063478769,7337.107478511009,32.2581497678206
ROSARIO,951.7188110351562,951.7188110351562,951.7188110351562,0.0,8080.657516983592,8.46561775245365
HONGOS,342.5090026855469,728.5321655273438,535.5205688476562,193.01158142089903,8625.148423842658,35.22039265664422
ASIA,2.398393392562866,3.6645498275756836,3.0314717292785645,0.6330782175064199,1874.795394727128,31.129109615526513
CATAHUASI,96.97139739990234,96.97139739990234,96.97139739990234,0.0,7258.467852438209,20.38287293291674
CACRA,186.7974395751953,430.17889404296875,308.4881591796875,121.69072723388696,5954.047256006605,12.421213023291534
OCOBAMBA,345.0956726074219,1310.550537109375,971.9545200892857,332.0211175230082,4995.139970315253,11.69978616574814
PUTINZA,,,,,7156.699121342135,33.02226004518865
PAUCARA,926.27685546875,926.27685546875,926.27685546875,0.0,13393.059580548568,43.434707537335925
PALCA,862.26220703125,862.26220703125,862.26220703125,0.0,9922.52858380103,15.440383794568078
INAMBARI,1988.79248046875,3701.284912109375,2735.3993902439024,429.40937775891035,6286.46303065161,31.875800553272263
ANDABAMBA,,,,,9717.748344068475,-6.3054052790310315
ACOBAMBILLA,953.4904174804688,1081.9052734375,1017.2020874023438,46.237762963555,12198.066309758007,16.230734040142007
MALA,3.2562241554260254,3.953847885131836,3.6050360202789307,0.3488118648529053,10773.901048738306,24.534116006936472
TUPE,211.89845275878906,901.5374755859375,556.7179565429688,344.8195114135743,8178.891109760522,11.354748745272495
SAN ANTONIO,,,,,6059.189666883278,10.95240437815606
JESUS MARIA,,,,,10094.66994084077,14.983306652966707
CCOCHACCASA,,,,,9180.456156265249,29.382890924895598
MADEAN,379.9974060058594,379.9974060058594,379.9974060058594,0.0,10685.579660083196,22.190064723904378
MARANURA,1078.434814453125,1078.434814453125,1078.434814453125,0.0,9905.515405045908,-8.57346849987458
AURAHUA,832.6514282226562,963.8672485351562,878.0514322916666,60.715065385508886,11148.658145958005,-6.810502289525992
CALLANMARCA,,,,,6394.294365318296,15.897022332142368
VIÑAC,209.70162963867188,362.5430603027344,286.1223449707031,76.42071533203125,11952.182196902977,31.86529879080328
CHOCOS,51.288543701171875,57.512428283691406,54.40048599243164,3.1119422912597656,8592.7988140772,-16.21257264087852
SAN MIGUEL DE ACOS,,,,,14225.782617875797,17.50404735772554
HUARAL,2.7302379608154297,53.64096450805664,17.649476187569753,15.73768855610247,5932.436545731296,17.106282152238684
MARCAPOMACOCHA,807.9390869140625,1119.338134765625,965.64013671875,83.92196110038279,13207.891409495747,45.82506667312671
SAN SEBASTIAN,669.4497680664062,669.4497680664062,669.4497680664062,0.0,8593.732350387943,19.224672824307046
OROPESA,681.1141967773438,681.1141967773438,681.1141967773438,0.0,6045.745989156655,30.74483477111393
TAURIPAMPA,6.21564245223999,48.52226257324219,24.02812385559082,16.172061637182676,6548.342497837035,27.11885710131195
MANTA,987.505126953125,987.505126953125,987.505126953125,0.0,7038.958075417039,-6.958497197108009
LARIA,,,,,9272.49783920575,36.52310824947606
YANATILE,539.0632934570312,1455.741455078125,1156.0817057291667,235.81836081062147,9568.506464106498,28.23094758184432
HUANDO,660.0662231445312,994.5751953125,827.3206787109375,167.25448608398716,6278.899988184263,32.62402959511884
CHAMBARA,524.6122436523438,524.6122436523438,524.6122436523438,0.0,7926.9362232170515,83.8935655965449
SAÑO,,,,,14426.81107583559,-6.261694092478827
SANTIAGO DE TUNA,,,,,13182.629510302133,50.870449746416625
SAN ANDRES DE TUPICOCHA,169.7969207763672,169.7969207763672,169.7969207763672,0.0,9308.971009022096,20.688287208994666
ACO,,,,,8114.010434504601,29.30993356604514
SAN LORENZO DE QUINTI,501.13427734375,858.0322265625,653.4951782226562,135.0890779691319,8360.093980154785,24.317316320481368
ALLAUCA,10.520020484924316,255.8175506591797,92.69214884440105,77.73706804529914,9840.55391819125,18.636454999029347
PUCUSANA,,,,,4931.622304404784,16.45250607641862
SANTA MARIA DEL MAR,,,,,7227.870387729965,29.942631033595138
VILCA,794.8621826171875,1220.921142578125,1045.1734619140625,155.19362052735207,2994.247778367232,2.242394549924814
CUENCA,,,,,9197.669367815837,36.258687512826484
SAYLLA,,,,,9941.587819108223,18.75708392672119
RANRACANCHA,814.2579345703125,860.0560302734375,837.156982421875,22.8990478515625,6550.440613101878,8.048959914394633
TALAVERA,,,,,12721.960289870098,18.249807130062795
CHUPURO,,,,,4322.7030109929765,43.85723825293859
CHORRILLOS,3.06553316116333,3.06553316116333,3.06553316116333,0.0,3606.8753593705396,16.969973694756654
VIQUES,,,,,8673.355455679915,30.3768042731443
SANGALLAYA,,,,,11141.294907836464,14.0356558642679
BARRANCO,,,,,13051.783074373605,36.368827748854294
SANTO DOMINGO DE LOS OLLEROS,8.4812650680542,236.98135375976562,60.57166544596354,80.17404352767738,6623.34721139318,35.282616081853064
VILLA MARIA DEL TRIUNFO,4.97720193862915,4.97720193862915,4.97720193862915,0.0,11236.042500293886,52.72913249944617
SAN JUAN DE MIRAFLORES,,,,,7884.4745914978785,22.36654081751177
HUAYUCACHI,,,,,7482.118100177541,35.0298220713686
CHONGOS BAJO,665.1725463867188,665.1725463867188,665.1725463867188,0.0,10650.979812460017,26.471013093084167
LANGA,,,,,9956.968635240259,44.438076727945216
MIRAFLORES,882.8033447265625,882.8033447265625,882.8033447265625,0.0,3270.823529047252,14.217514185869044
MIRAFLORES,,,,,12429.621049177687,36.17507969315922
CUENCA,,,,,12140.274062442355,22.079540558249775
HUARIBAMBA,,,,,6123.311895471412,24.037177343372534
SURQUILLO,,,,,9187.410600312227,26.376287266725594
SAN JERONIMO,803.0153198242188,803.0153198242188,803.0153198242188,0.0,9482.090558848216,28.78360594640016
CCARHUAYO,601.6849975585938,603.038818359375,602.3619384765625,0.6769104010785466,8782.021297471721,23.256564353170628
SAN DAMIAN,287.64471435546875,447.2646484375,341.2233072916667,74.98394229168974,6349.08453846374,28.220697747557896
LEONOR ORDOÑEZ,,,,,5985.129896185846,48.67177086343277
PACCHA,595.000244140625,595.000244140625,595.000244140625,0.0,7923.3377870256645,39.78174528422828
QUILCAS,847.9339599609375,876.8906860351562,862.412353515625,14.478363037141538,11518.187057778094,38.03731888745345
PARIAHUANCA,708.4966430664062,1405.7098388671875,969.024609375,235.19850219754355,9630.800463783296,18.16690710964194
MUQUI,,,,,6888.157003741682,11.661387576575136
MANU,1195.553466796875,3680.45068359375,2527.5488556338028,647.4789667924925,10315.096131945034,39.32950837356629
HEROINAS TOLEDO,,,,,-545.627861890227,38.14070188794692
QUICHUAY,,,,,11446.29710111631,47.090060136264725
MUQUIYAUYO,,,,,2780.858663665701,15.940290610461558
HUARIPAMPA,,,,,6912.6771757906035,21.556770169594795
INGENIO,799.5839233398438,799.5839233398438,799.5839233398438,0.0,4640.990316121568,0.4077375621184878
SAN LORENZO,,,,,4115.955572837283,19.112933409086907
EL MANTARO,,,,,11482.480362135559,39.94855765869171
SURCO,308.397216796875,308.397216796875,308.397216796875,0.0,6596.896396064326,18.00256931157703
SAUSA,,,,,9039.511645192148,34.60719692801236
PARCO,,,,,7859.2382633624475,22.14245341003283
LEONCIO PRADO,86.9958724975586,492.624755859375,289.810302734375,202.81444168090852,9431.122481669365,29.860855423323407
RIO NEGRO,1530.43505859375,2510.349609375,1878.637451171875,395.56228191101803,8230.465673180766,7.784629152764989
SAN PEDRO DE CAJAS,401.3169250488281,658.7806396484375,520.2835083007812,97.15017246893918,4151.023327434292,26.278141744508517
JUNIN,442.29351806640625,1002.5225219726562,698.4522879464286,194.78106890743993,10988.80045834142,-19.86703956351085
ONDORES,905.6936645507812,905.6936645507812,905.6936645507812,0.0,6518.730250516062,22.19655762757023
HUASAHUASI,407.66021728515625,1435.0799560546875,723.112841796875,382.8689823073307,3330.2543040207465,0.5429013442728987
SAYAN,1.418673038482666,21.609325408935547,10.318678283691407,6.948226449275343,6715.654517102263,43.08991774820224
SAN MIGUEL DE MAYOCC,968.6925048828125,968.6925048828125,968.6925048828125,0.0,12502.279371902932,36.661110291467665
LA MERCED,804.851806640625,804.851806640625,804.851806640625,0.0,10550.66522634048,32.000064729491214
EL CARMEN,1039.677001953125,1039.677001953125,1039.677001953125,0.0,6954.043596776422,47.815093407390705
CURAHUASI,690.1312255859375,1044.7244873046875,850.8016183035714,105.88366052214073,6952.226887044713,10.766252187627442
POROY,,,,,7035.094846347853,51.21044796873338
ANCO_HUALLO,953.5125122070312,953.5125122070312,953.5125122070312,0.0,14230.243950682523,38.98287346390577
CUSCO,697.3081665039062,697.3081665039062,697.3081665039062,0.0,9145.80635669466,21.451670691715808
TAMBO,479.0242919921875,582.4585571289062,530.741455078125,51.71713256836838,9290.124941573209,42.03430220774416
CAICAY,,,,,11090.850362095527,8.405597313825488
HUANCARANI,653.9071655273438,705.4985961914062,679.702880859375,25.79571533203125,8716.36747707954,12.632287577084897
CCATCA,646.1861572265625,700.549072265625,669.6058349609375,23.290475473518317,7222.87356253789,15.871154151404493
QUITO-ARMA,139.32589721679688,202.34312438964844,170.83450317382812,31.508613586426705,7410.950452745065,17.065334379039772
CHINCHEROS,840.574951171875,840.574951171875,840.574951171875,0.0,7785.196221757808,9.15163535859621
KAQUIABAMBA,1092.36767578125,1092.36767578125,1092.36767578125,0.0,7888.333290470475,43.34624600642988
HUAMATAMBO,307.1944580078125,307.1944580078125,307.1944580078125,0.0,10182.88863091094,21.117183994452525
SECCLLA,581.6815795898438,594.819091796875,588.2503662109375,6.568756103586515,8155.837657421898,30.287574525353193
SAN LUIS,,,,,10197.920231646738,16.44472950379479
ARMA,241.0345458984375,584.14697265625,412.59075927734375,171.55621337890625,7757.850259674253,-2.3090495082277585
SANTA TERESA,447.1802978515625,1521.358154296875,818.96689453125,343.51817137380436,8235.90557094827,29.05086037587133
SAN PEDRO DE PUTINA PUNCO,1199.845703125,3396.938232421875,2474.3622007978724,524.8481184010853,2005.3979464036775,-3.683824631296652
CHAVIN,13.0936861038208,46.17829895019531,25.201878865559895,14.891429350333189,10748.983024107445,23.970489308717973
IMPERIAL,,,,,9039.465427693978,4.475274417507844
SAN PEDRO DE HUACARPANA,134.70045471191406,134.70045471191406,134.70045471191406,0.0,10994.030329578956,54.80913998846212
AZANGARO,192.64744567871094,192.64744567871094,192.64744567871094,0.0,-688.7661345810684,38.67044083262083
HUAYOPATA,1242.780517578125,1530.0054931640625,1413.42578125,96.21544536106525,14265.124114342183,26.586306869072207
PAMPAS,,,,,7581.231115534479,43.95560016482003
COCHAS,434.5435791015625,434.5435791015625,434.5435791015625,0.0,11324.54845021255,12.305260338013962
CHICCHE,776.2189331054688,776.2189331054688,776.2189331054688,0.0,4880.282218623408,33.1521906800514
AYAVIRI,406.2625732421875,587.6580200195312,472.160400390625,81.9397342555374,9838.321715187709,27.9971565057807
QUINOCAY,141.43997192382812,254.53602600097656,197.98800659179688,56.54802703857473,4839.753310479031,28.96030122000505
QUINCHES,,,,,6128.693117912585,44.08530250160152
COLCA,645.2242431640625,645.2242431640625,645.2242431640625,0.0,13742.094061600357,35.98738154169703
ALIS,698.6025390625,1089.9676513671875,894.2850952148438,195.68255615234375,7427.952797709961,29.33085494237535
HUAÑEC,508.33209228515625,508.33209228515625,508.33209228515625,0.0,8652.298619539168,0.1766884565755582
PUNTA NEGRA,3.7318453788757324,3.7318453788757324,3.7318453788757324,0.0,10610.203192066263,10.599305570808044
QUISHUAR,,,,,9487.045663917814,23.15936599606414
MARIATANA,107.61669158935547,107.61669158935547,107.61669158935547,0.0,8451.256715430729,26.40058561414977
SAN JOAQUIN,,,,,9094.883007398676,8.046944129891141
CULLHUAS,,,,,15210.246755714825,61.17515013367632
MADRE DE DIOS,1619.4744873046875,4920.4609375,2627.2817095588234,860.7061518051801,7827.143608899244,47.74591082880359
LA PERLA,,,,,8603.297140144903,34.03177480588725
SAN LUIS,,,,,11151.963188022837,26.08055291925617
SAN MIGUEL,,,,,11316.577798873952,21.816865451482727
CHINCHAYPUJIO,986.0731201171875,1116.6258544921875,1041.6295572916667,55.04203002923393,11561.09091668114,10.721223099666467
PUCYURA,722.9938354492188,722.9938354492188,722.9938354492188,0.0,9916.190666087554,26.16220777778294
ANDARAPA,945.0927734375,945.0927734375,945.0927734375,0.0,4570.98526180855,28.86628810214126
CACHIMAYO,,,,,12900.294596903288,6.373591367775635
SAN SALVADOR,660.4360961914062,660.4360961914062,660.4360961914062,0.0,4560.963820943936,30.012646258673463
LIMBANI,763.2603759765625,4372.8203125,3038.989211309524,1015.9728602328695,8907.9063957171,22.67111426762877
ONGOY,,,,,5737.172449941926,-3.617113368160865
MOLLEPATA,677.7313232421875,725.0800170898438,704.2932942708334,19.756701456775577,7807.584960221023,12.094224838307472
LIMATAMBO,684.0239868164062,1023.4871826171875,860.4646484375,107.61718682765094,8986.28723091044,18.795916998675338
PISAC,622.665771484375,622.665771484375,622.665771484375,0.0,8964.07164635082,53.31531486010286
TICRAPO,305.1553039550781,305.1553039550781,305.1553039550781,0.0,9265.762262705854,33.34829686800637
HUAROCONDO,471.5291748046875,484.044189453125,477.78668212890625,6.25750732421875,12841.133807175942,4.967776463501629
MARAS,372.9342041015625,372.9342041015625,372.9342041015625,0.0,9360.60290454194,32.29054434126456
LAMAY,455.61285400390625,455.61285400390625,455.61285400390625,0.0,7267.530094128054,1.7904401659245188
HUAYLLABAMBA,,,,,10892.261504865071,41.240365808306095
ALTO LARAN,9.050165176391602,25.562969207763672,15.67666753133138,7.124506525514136,11568.411466773921,17.93313022273182
COLQUEPATA,580.4285888671875,773.4734497070312,706.752197265625,74.49322448073957,4317.176554589023,23.595457168912436
YUCAY,,,,,9792.200209549574,44.88694971313285
VILLA EL SALVADOR,,,,,10103.518226932694,5.692546471236252
PUNTA HERMOSA,2.7867095470428467,2.7867095470428467,2.7867095470428467,0.0,7107.309489920024,4.043227223305131
MARCAPATA,596.4170532226562,1770.79833984375,807.423095703125,340.3432757310945,12127.120439934857,16.246010104809926
SAN PEDRO DE PALCO,220.8670654296875,563.9537353515625,426.16162109375,110.36095115843555,7549.83323890242,40.57568276528975
SAN PEDRO DE LARCAY,604.4515380859375,744.5967407226562,696.0105794270834,64.7825633437483,8376.729360414627,2.2098088678473644
HUACAÑA,,,,,7480.784527148391,-17.482333971658534
PAICO,633.7203979492188,633.7203979492188,633.7203979492188,0.0,8046.737142744402,18.23261712386502
CARAPO,710.683349609375,710.683349609375,710.683349609375,0.0,4711.174739314394,33.27611199866381
CARHUANCA,,,,,3679.847352217117,43.00392624608244
SANTIAGO DE LUCANAMARCA,607.5269775390625,822.1153564453125,733.6468505859375,66.79388332062196,12783.515189674916,18.052579568719015
HUAMBALPA,,,,,5459.115955045017,18.828600893259964
CANARIA,480.64556884765625,520.7819213867188,503.6731770833333,16.911660897572315,5025.8229516310785,42.30851101383621
SAN SALVADOR DE QUIJE,830.2918701171875,830.2918701171875,830.2918701171875,0.0,1539.8296591888557,-3.0461254954313084
QUEROBAMBA,548.3170776367188,695.8516845703125,609.9886067708334,62.612769362615005,6083.1147569314935,19.172188372254862
CHILCAYOC,,,,,4030.730619777505,27.856358348875865
INDEPENDENCIA,,,,,12926.045480409106,31.738280819275513
CHALCOS,,,,,11029.451268027902,17.352899602136763
SACSAMARCA,535.7178955078125,727.646728515625,612.0120442708334,67.12255803811966,5935.548964466829,25.51661517558762
HUALLA,514.8155517578125,608.0250854492188,561.4202880859375,46.604766845713115,14757.307416032927,-12.32491030119484
SANCOS,550.0805053710938,871.9490966796875,737.86279296875,105.76266455109207,10945.296460974783,15.126273814992274
SAN PEDRO DE CACHORA,814.5274047851562,814.5274047851562,814.5274047851562,0.0,7025.505849474132,31.80263068831701
TARAY,,,,,501.7828553792806,10.265589486179806
ZURITE,,,,,14872.827717772225,25.88476332384396
TAMBO DE MORA,,,,,3831.2825997092123,31.70308751204047
PACOBAMBA,1272.9349365234375,1275.48388671875,1274.20947265625,1.2744750991177498,3063.803759129324,19.861761987133526
SUNAMPE,,,,,11067.711296028921,27.556956564948564
EL CARMEN,6.726940631866455,13.602875709533691,8.738166809082031,2.5009343137430156,15319.257219017818,10.559011520730817
ANTA,723.372802734375,723.372802734375,723.372802734375,0.0,12152.818455531555,21.9008308045593
ANCAHUASI,711.7952880859375,711.7952880859375,711.7952880859375,0.0,9691.72736015708,34.15324254383834
HUANIPACA,689.67333984375,1354.567626953125,1054.925048828125,261.9670683817855,9784.263024995858,27.354594414526513
OCOBAMBA,799.7658081054688,854.041015625,826.9034423828125,27.137603759782785,10560.246676340923,16.202030956540966
SAN ANTONIO DE CUSICANCHA,390.8096008300781,551.2767333984375,489.7904459635417,70.67203788011986,10276.785769360296,28.363246064361896
CHINCHERO,494.0485534667969,511.606689453125,502.82763671875,8.779067993177323,8843.574271908128,35.71914685954927
SAN GABAN,3316.41162109375,4773.6064453125,4229.288736979167,625.664686244813,8312.603311855628,-5.74911917866217
COYA,548.771240234375,548.771240234375,548.771240234375,0.0,7812.2206163014325,42.386110974338465
HUANCANO,9.679591178894043,200.3209686279297,66.95256042480469,61.742959100080206,5738.106233399971,19.95617891978392
PUCARA,669.2825317382812,669.2825317382812,669.2825317382812,0.0,7157.974769399678,31.382348998603455
ANCHONGA,930.07373046875,930.07373046875,930.07373046875,0.0,2921.129557413844,42.95870385467842
HUEPETUHE,3013.35498046875,5210.40185546875,3922.91015625,585.7840829089249,7704.981119615751,4.424894541543011
PUEBLO NUEVO,6.343637943267822,6.903329849243164,6.623483657836914,0.2798459529877725,5034.2266785472475,14.3583849635868
HUACHOS,414.411865234375,414.411865234375,414.411865234375,0.0,4689.232048352687,20.67176956186443
AYAPATA,1081.56396484375,5017.220703125,3694.3713235294117,1278.609410642211,8539.682453460435,13.243697183133575
PAUCARTAMBO,706.7634887695312,3230.7138671875,1613.6591796875,931.8939148283858,12176.006859033798,51.02404863755213
OLLANTAYTAMBO,336.561767578125,770.7012939453125,531.60009765625,160.0340518829685,10754.949818006939,12.148418592598109
MACHUPICCHU,1133.2569580078125,1971.4754638671875,1565.722900390625,362.77781765828263,3288.4981891304687,16.666798307697
SAN JUAN DE YANAC,33.318695068359375,147.83245849609375,80.63847351074219,42.617634598599984,5031.115590288988,28.06583547404465
CAMANTI,601.9014282226562,5331.61865234375,3857.0961745689656,1397.619886279122,10822.313563964648,6.967757108858667
SAN VICENTE DE CAÑETE,4.457808017730713,6.18954610824585,5.452869415283203,0.7570468315390408,5052.537819385071,19.064789323656044
TANTARA,522.6437377929688,522.6437377929688,522.6437377929688,0.0,7326.100550008926,29.76179891875263
CHALLABAMBA,660.4846801757812,1518.708251953125,1095.786376953125,309.36001113586906,9650.156297073656,20.007093934262333
RICARDO PALMA,,,,,5094.966635409094,23.599197116500775
HUANCAYO,743.6012573242188,907.2242431640625,825.4127197265625,81.81149291992757,8316.126518437879,17.060018313274437
MITO,,,,,3997.9235152453866,2.282945362288494
HUANCAVELICA,960.0211181640625,1016.586669921875,996.05703125,19.88511438576664,6195.897068146359,29.82389817008858
KOSÑIPATA,568.3884887695312,5239.12109375,3229.1625,1246.290161581713,8959.345802427611,51.323996074708624
MARISCAL CACERES,,,,,3221.018799404992,25.27602446175157
COAYLLO,2.5453481674194336,20.603174209594727,8.354918162027994,5.932289547561953,9321.424213881197,28.378961758713242
MOYA,620.4640502929688,620.4640502929688,620.4640502929688,0.0,7941.0866032199565,35.39084132675289
PILCHACA,534.0548095703125,534.0548095703125,534.0548095703125,0.0,9657.469863251443,5.960042551799514
OMAS,62.04568099975586,356.7990417480469,209.42236328125,147.3766803741455,8671.742402193984,50.537719871944084
HUANTAN,381.1397399902344,750.7481079101562,559.5287475585938,130.8760121295661,12092.421289921533,28.03493194634203
HUAYLLAHUARA,692.0847778320312,692.0847778320312,692.0847778320312,0.0,8375.673507943722,49.477853486336635
SAN BARTOLO,,,,,6711.783376624241,14.00450506714016
YAUYOS,236.76693725585938,456.8675231933594,346.8172302246094,110.05029296875,8366.892509096851,52.27092883836737
ACOSTAMBO,517.8471069335938,517.8471069335938,517.8471069335938,0.0,9629.894087109164,36.627332410521745
ACRAQUIA,519.3690185546875,519.3690185546875,519.3690185546875,0.0,8146.580210977113,33.295601287785374
CARHUACALLANGA,,,,,8121.775073611647,28.510366815297218
QUELLOUNO,1179.717041015625,2981.70556640625,1827.5427389705883,552.1568072378401,5894.024936579734,21.27207072888326
CALANGO,8.674907684326172,54.130428314208984,27.86029561360677,19.221451945082364,6011.2972473471555,43.00797487710809
HUASICANCHA,964.619873046875,964.619873046875,964.619873046875,0.0,3792.1841846009193,27.105398047720705
CHACAPAMPA,,,,,13248.730229560817,-4.506045553807283
HUAMPARA,,,,,4268.410293826145,8.242203074394965
CHONGOS ALTO,1144.82958984375,1423.4969482421875,1288.230859375,102.36095859312329,5921.284406612278,22.212313717108792
AHUAYCHA,473.1478576660156,473.1478576660156,473.1478576660156,0.0,5844.778203292408,29.649984747483327
LARAOS,638.77685546875,1526.5999755859375,1128.9991455078125,318.40897829446675,10684.773130833324,24.151172666501562
CARANIA,667.267333984375,667.267333984375,667.267333984375,0.0,7115.150965123917,43.28456184690495
DANIEL HERNANDEZ,636.3900756835938,636.3900756835938,636.3900756835938,0.0,11743.226218021202,-4.266527960579374
ÑAHUIMPUQUIO,551.244873046875,551.244873046875,551.244873046875,0.0,5979.528127268394,27.153819047577404
CHILCA,1.7006983757019043,5.080545425415039,2.924824078877767,1.5289962373741073,8836.982486671406,-2.2696883808073203
LAHUAYTAMBO,270.2569580078125,270.2569580078125,270.2569580078125,0.0,5493.958840220728,36.39568443226253
PACHACAMAC,,,,,14435.447383320165,23.58311928336996
HUAMANCACA CHICO,,,,,4437.204742911462,31.294149580361772
LA VICTORIA,,,,,8929.462130681082,12.041755591153509
LA MOLINA,6.955893039703369,6.955893039703369,6.955893039703369,0.0,9901.330642796296,44.191973974866265
BELLAVISTA,,,,,9241.397292354495,40.62586996088277
BREÑA,,,,,7444.137023366875,33.753164545178315
CHILCA,,,,,7610.537900799722,23.05724129704839
SAPALLANGA,827.7447509765625,827.7447509765625,827.7447509765625,0.0,8131.434415937329,33.69785927942698
CHUPACA,,,,,7558.993995114534,14.396611480189767
SAN PEDRO DE HUANCAYRE,667.6373901367188,667.6373901367188,667.6373901367188,0.0,10891.637350384728,37.83333488531068
SALCAHUASI,992.9166870117188,1276.0745849609375,1134.49560546875,141.57894897461267,14631.569004774054,49.74221341485881
SAN JUAN DE JARPA,617.7470703125,617.7470703125,617.7470703125,0.0,6327.524644976499,41.05915839968779
AHUAC,,,,,3890.5910612627667,14.055962952888857
TOMAS,661.9957275390625,704.4078369140625,683.2017822265625,21.2060546875,7735.153854946236,30.421259759096543
SURCUBAMBA,807.132568359375,1318.1734619140625,1062.653076171875,255.52044677735103,15739.128012962956,5.602876843620283
SANTA ANITA,,,,,5588.976296090807,33.58585466763513
PILCOMAYO,,,,,12917.350416332203,31.75905119293808
HUACHAC,,,,,13033.102442229323,-3.047245092982461
CIENEGUILLA,8.827025413513184,8.827025413513184,8.827025413513184,0.0,6339.235274876017,7.573242341314543
SAN MARCOS DE ROCCHAC,638.188232421875,642.890869140625,640.53955078125,2.351318359375,9706.949237555826,20.752916548843494
SAN JOSE DE QUERO,610.8638916015625,632.9929809570312,621.928466796875,11.06454467777646,12885.189869385613,20.487103792887606
HUACHOCOLPA,1320.6495361328125,1520.62841796875,1420.638916015625,99.98944091798738,6862.616777037539,6.857845968717921
HUANCAYA,760.2511596679688,1009.138427734375,871.5066731770834,103.30536488251211,7389.258919692915,30.834680940282755
TANTA,775.0759887695312,957.939697265625,862.8566080729166,74.83215721284581,6254.957258154069,28.772104134107682
SICAYA,682.0325317382812,682.0325317382812,682.0325317382812,0.0,4955.7298079214,22.08596302032221
JENARO HERRERA,1983.996826171875,2261.0205078125,2114.7039930555557,85.17918264244751,6052.167364801979,13.663127497624556
SUITUCANCHA,884.1492919921875,947.0028076171875,915.5760498046875,31.4267578125,4328.17919971323,40.73060689624845
MASMA,,,,,8102.250404777678,49.831106696324426
HUAMALI,735.3475952148438,735.3475952148438,735.3475952148438,0.0,5690.080306824075,17.746577742301945
CANCHAYLLO,610.087890625,1036.1025390625,892.249755859375,132.45811950408407,8701.357735372243,15.817496242677688
HUERTAS,,,,,3332.313061389118,32.36811498117994
JANJAILLO,,,,,8992.640696643371,19.629559303795205
MASMA CHICCHE,,,,,10500.586884826775,22.909041990051488
JULCAN,,,,,2018.7930722856336,36.09479727587007
SAN PEDRO DE CASTA,199.72532653808594,199.72532653808594,199.72532653808594,0.0,9122.169709542717,-3.6403413126093938
MARCO,,,,,11683.006977419876,44.77453487279004
PANCAN,,,,,4371.076943926384,26.09020786494012
CURICACA,792.6605834960938,792.6605834960938,792.6605834960938,0.0,13017.71716051311,18.827602831567297
MATUCANA,408.2058410644531,408.2058410644531,408.2058410644531,0.0,9257.057028098136,23.661487686678267
HUANZA,853.7432861328125,1152.0389404296875,1002.89111328125,149.1478271484375,5884.964432724773,24.43644032530778
LA OROYA,566.2971801757812,710.8046875,651.7080891927084,61.8597096838807,7832.692767026882,-0.9680195516738799
SAN PEDRO DE LARAOS,645.3495483398438,645.3495483398438,645.3495483398438,0.0,9674.980737565167,47.42407341179854
RICRAN,680.843994140625,771.6038818359375,728.2306315104166,37.16108861243415,8228.016174237235,25.619884484059277
HUARICOLCA,432.935302734375,432.935302734375,432.935302734375,0.0,9616.267977339108,31.64503195671063
MOLINOS,825.2343139648438,2100.03857421875,1314.75341796875,560.886013280517,5237.979220761901,39.27324655861064
APATA,679.5419921875,3203.345703125,1344.1004638671875,1073.9557674548937,8508.082472108234,9.682563136595498
COMAS,911.9591674804688,2463.537109375,1205.119419642857,521.8540452342538,3758.8565092850595,32.10207848552842
HUAMANTANGA,37.900657653808594,238.53472900390625,120.28282674153645,85.74569257006328,7666.321815953899,20.985383636518097
CANTA,427.602783203125,427.602783203125,427.602783203125,0.0,5288.277075605631,37.701561628247404
MOROCOCHA,903.5112915039062,927.338623046875,915.4249267578125,11.913665771523462,5793.4101722307005,-6.9084113052724305
CHANCAY,9.485243797302246,9.485243797302246,9.485243797302246,0.0,11708.279525631311,23.513585496380966
LAS PIEDRAS,1059.894287109375,1849.2542724609375,1359.78955078125,179.68806453172294,11273.930361782808,15.957690163240576
TARMA,376.36138916015625,515.0682373046875,443.06231689453125,56.42063678251815,9827.41436272153,31.483944259512334
AUCALLAMA,11.74227237701416,88.36730194091797,38.11027526855469,26.004240314833442,4723.061705982263,32.05066281052303
TAPO,505.3658142089844,705.94873046875,605.6572875976562,100.29145812988398,7050.774650915594,14.385611577669609
LLAYLLA,2588.380126953125,3848.9794921875,3218.6796875,630.2996826171993,11639.29309993755,14.317392037359348
SAN BUENAVENTURA,425.16973876953125,425.16973876953125,425.16973876953125,0.0,8425.150740919715,23.34001947164006
PACCHA,708.919677734375,892.3458251953125,819.072998046875,79.29446481782222,14957.988619945083,11.550366590271878
TAHUAMANU,1167.761962890625,1731.4622802734375,1541.0821659482758,142.36754161983438,9179.953518183116,37.6297554317819
LA UNION,,,,,8576.147349470095,19.461891993288308
SUMBILCA,102.31229400634766,280.568359375,191.44032287597656,89.12803268432626,7072.650607392496,-18.604823289824623
FITZCARRALD,1493.77587890625,3678.96142578125,2181.7589536516853,533.2408500993673,8400.622714346848,19.377669150672908
HUAROS,488.9290771484375,972.1675415039062,699.8859049479166,201.9907567884521,7542.590490858368,9.421842687340416
ACOBAMBA,403.6972961425781,459.1272888183594,431.41229248046875,27.714996337890625,10124.326030065771,0.530862768085818
ATAVILLOS BAJO,260.89154052734375,463.4703369140625,362.1809387207031,101.28939819335938,10870.106950383752,6.438600426661413
PAMPA HERMOSA,1341.1123046875,3822.3974609375,2945.314697265625,792.5162463218217,5642.031618476151,26.641127077494552
COVIRIALI,2019.18310546875,2019.18310546875,2019.18310546875,0.0,4006.301139326666,44.92961242372347
MONOBAMBA,1404.4219970703125,3840.74462890625,2491.6173502604165,868.7556316758282,2491.3838806901103,29.6977671079747
PACARAOS,387.302490234375,601.3795776367188,490.5586751302083,87.56014348378982,9523.973980737632,15.902449176763906
CARMEN DE LA LEGUA REYNOSO,,,,,4689.900181478379,31.838562927560538
LIMA,,,,,1541.3282211425512,18.113645346715124
EL AGUSTINO,,,,,9165.735813592892,14.58099446255283
RIMAC,,,,,15478.998552298372,7.684559976505234
ATE,,,,,7981.78726538032,-1.2774321012757888
CHACLACAYO,10.663797378540039,10.663797378540039,10.663797378540039,0.0,10515.472323354927,19.15114440160832
INDEPENDENCIA,,,,,8245.488075642696,27.370802348801977
CALLAO,,,,,7703.331040426572,23.550644949776654
SAN MARTIN DE PORRES,5.005557060241699,5.005557060241699,5.005557060241699,0.0,10757.229448963306,18.760496080789622
LOS OLIVOS,,,,,7129.176367434046,10.813809089548283
COMAS,8.428580284118652,8.428580284118652,8.428580284118652,0.0,8802.176942215709,34.12369287527453
LURIGANCHO,8.36723804473877,40.140625,24.253931045532227,15.886693477630622,8965.093418588041,5.243021200801227
SAN JUAN DE LURIGANCHO,6.327582359313965,6.327582359313965,6.327582359313965,0.0,5995.728639070854,36.64041870765213
VENTANILLA,6.016613006591797,6.016613006591797,6.016613006591797,0.0,10976.12704860957,9.966744716099129
PUENTE PIEDRA,,,,,7475.120729913774,13.713471439704476
PACCHO,87.11022186279297,87.11022186279297,87.11022186279297,0.0,5732.764521521465,2.9982221407648453
MARCAS,884.9525146484375,884.9525146484375,884.9525146484375,0.0,9609.52953071121,17.47896779671545
SANTO DOMINGO DE ACOBAMBA,1045.7838134765625,1404.0140380859375,1210.1580403645833,123.19332965615109,5304.596054626889,39.62968687716968
SAN PEDRO DE CHUNAN,930.7442626953125,930.7442626953125,930.7442626953125,0.0,8084.543472107384,32.734421326659344
SAN MATEO,425.6662902832031,840.3656616210938,638.673828125,154.21754467381746,7972.64301006739,39.676331680420525
SAN JUAN DE IRIS,486.33502197265625,486.33502197265625,486.33502197265625,0.0,11257.686697494733,32.83213818900904
SAN ANTONIO,11.589176177978516,282.7317199707031,84.88362630208333,94.21853678697794,9424.094698639858,8.44495257204446
TUNAN MARCA,799.1305541992188,799.1305541992188,799.1305541992188,0.0,7924.919123764568,20.038161635086638
CHACAPALPA,667.3849487304688,667.3849487304688,667.3849487304688,0.0,10453.298897600862,13.29701306323806
HUAY-HUAY,714.29296875,816.1773681640625,765.2351684570312,50.94219970703125,12170.62264705194,44.95862356058561
PACA,,,,,9673.430919055587,7.048170303605328
HUACHUPAMPA,406.92657470703125,406.92657470703125,406.92657470703125,0.0,8031.057859530142,38.40546534083666
YAULI,,,,,4064.4913029495215,38.39430805163154
ARAHUAY,,,,,4804.659010773882,52.444303025741306
YAULI,822.8887329101562,858.9691162109375,838.1480305989584,15.245719607764954,7084.325886935997,18.85470111055754
HUASO,196.6134033203125,959.9815063476562,512.22421875,267.90194931479505,6171.46339352215,35.68483239370243
UCHIZA,2041.518798828125,2853.827880859375,2369.2508370535716,257.47913557839297,7439.086091043662,59.22477754808264
VIRU,15.466717720031738,79.9345474243164,33.657688685825896,22.72175764559404,8169.949774691321,15.735374845994551
MOCHE,,,,,9589.078263070192,1.9743962870146063
SHAMBOYACU,1397.56298828125,1505.5634765625,1451.563232421875,54.000244140625,7788.503665822726,-3.2001505086164563
LAGUNAS,14.353863716125488,53.749969482421875,34.533538818359375,16.0978086400436,9459.504931478607,35.69068043291997
QUILLO,17.132015228271484,45.036163330078125,29.947855631510418,11.5045922434282,8193.423244430362,-3.2472531208787565
ANRA,,,,,2073.6003009383858,19.415214205931157
CASCAPARA,35.75450897216797,96.26264190673828,66.00857543945312,30.254066467285156,5181.993818543737,31.55969780558441
CASMA,4.2203593254089355,8.453861236572266,6.020963191986084,1.7635686500496153,7567.737332835153,27.77763305244871
MATACOTO,,,,,4370.915771476677,31.381672962762586
SHILLA,539.419189453125,539.419189453125,539.419189453125,0.0,9799.786189988614,28.33434783701281
PUEBLO LIBRE,139.78427124023438,213.0521697998047,176.418212890625,36.63394927978595,12592.252497031091,44.1829871997009
YAUYA,703.9208374023438,813.5267333984375,758.7237548828125,54.80294799805537,11656.28555509195,10.715254288918045
LLUMPA,580.08056640625,580.08056640625,580.08056640625,0.0,7359.671387209376,14.84507292312203
MATO,,,,,12472.178410549855,13.41010832093764
LUCMA,,,,,8446.002371606335,37.45287717793915
YANAMA,606.9559326171875,669.9401245117188,638.447998046875,31.49209594728041,6988.7420866458815,38.50597882592595
HUAYLLAPAMPA,,,,,6159.792009377181,31.768379789777622
SAN PABLO,845.592041015625,1006.2569580078125,925.9244995117188,80.33245849609375,7092.590940535615,42.75240500334892
TINGO DE SAPOSOA,,,,,6835.469544376314,7.3293869893542904
SAN GREGORIO,376.4685363769531,376.4685363769531,376.4685363769531,0.0,8511.248667126463,50.00836167326706
BAJO BIAVO,833.516845703125,1124.9881591796875,985.87890625,95.88756903490477,8481.721943149594,47.84857932568387
LOS BAÑOS DEL INCA,864.2062377929688,1019.6504516601562,962.2300618489584,69.65249486103768,8009.138060460244,36.0343299586862
UNION AGUA BLANCA,184.57009887695312,184.57009887695312,184.57009887695312,0.0,9310.81450923905,51.7269836315659
EL PRADO,657.3550415039062,884.1529541015625,770.7540283203125,113.39895629883223,11571.938824359024,0.15065188483339398
LONGOTEA,879.9203491210938,879.9203491210938,879.9203491210938,0.0,10848.66240632397,17.133277956060223
PACANGA,14.04828929901123,48.6784782409668,29.98310089111328,14.148133035460795,3545.306094650289,13.970448089770716
SAN RAFAEL,939.5406494140625,939.5406494140625,939.5406494140625,0.0,338.23659529413544,35.82218985636015
OXAMARCA,782.341796875,784.7056274414062,783.523681640625,1.1819152835971136,10802.95973371782,9.247888905967816
MARCABAL,655.8433837890625,807.2574462890625,710.7760416666666,68.44111019816283,3899.3639047537363,36.36242724006228
CHILETE,,,,,7325.703794321949,45.5580421599507
ALTO BIAVO,951.6414794921875,2358.00048828125,1691.9311899038462,409.62764200592676,4489.660921821922,35.42804350125999
JESUS,551.98828125,787.5263061523438,669.75732421875,117.76901245117583,2594.0586872599406,29.25626535492252
TANTARICA,225.18772888183594,225.18772888183594,225.18772888183594,0.0,9624.388184614363,10.181899886488763
YONAN,63.74755096435547,302.9927673339844,132.5560302734375,87.12931701158097,10277.46548090794,12.297235508119531
MAGDALENA,486.94537353515625,575.3255615234375,531.135498046875,44.19009399415116,6270.468797819842,43.74428357945
LLACANORA,731.69140625,731.69140625,731.69140625,0.0,226.87312356527036,36.69023505857999
GREGORIO PITA,723.6046752929688,887.0140991210938,805.3093872070312,81.7047119140625,6361.266655242552,24.41470720933684
CHEPEN,27.59071922302246,78.78717041015625,44.97376505533854,23.912850906708666,9175.41201620764,18.731356813511642
PAJARILLO,1091.817138671875,1450.9344482421875,1289.45263671875,135.42609023716892,3563.265293677614,-5.387118096670655
NAMORA,906.11279296875,906.11279296875,906.11279296875,0.0,8550.079759337466,8.937213719733418
SAN BERNARDINO,327.90777587890625,327.90777587890625,327.90777587890625,0.0,7954.0704524810135,53.671286307095855
UCUNCHA,,,,,9737.874498803265,5.793166434962998
SAN LUIS,320.82916259765625,320.82916259765625,320.82916259765625,0.0,8358.74110524246,27.84219731831621
HUALLAGA,896.2918090820312,974.7346801757812,935.5132446289062,39.221435546875,5080.793177355334,40.11165959792798
PACASMAYO,,,,,11589.714504993473,6.176159979965615
COSPAN,559.917236328125,935.1131591796875,688.1990234375,140.70466543570865,7524.41128091909,27.770657121716248
ICHOCAN,,,,,7918.086381470204,39.068733062659824
SITACOCHA,680.5866088867188,817.6526489257812,735.0716552734375,50.57098054609438,5200.196122780411,25.187489828608754
JEQUETEPEQUE,,,,,6670.153246425469,68.02604583500153
SAN JOSE,13.734134674072266,13.734134674072266,13.734134674072266,0.0,5345.591857919297,-0.02898888317292858
GUZMANGO,,,,,7481.161820229731,40.88092794825818
JOSE MANUEL QUIROZ,795.2357788085938,795.2357788085938,795.2357788085938,0.0,13135.12544042703,22.407973939053036
SANTA CRUZ DE TOLED,,,,,3884.2965712059313,36.578802322550125
ASUNCION,462.94256591796875,462.94256591796875,462.94256591796875,0.0,3159.3158063697765,31.619607275488686
CALLERIA,1091.656005859375,2101.322509765625,1665.5981907894736,203.9149192488209,12413.510982480826,14.002657043350052
PEDRO GALVEZ,893.5798950195312,953.820556640625,923.7001953125,30.120330810562336,7372.028968544401,28.434945886890105
MATARA,,,,,5992.781784020251,-2.868521770974308
SAN JUAN,384.64013671875,384.64013671875,384.64013671875,0.0,11119.71406218823,34.04871250857091
GUADALUPE,43.81184005737305,43.81184005737305,43.81184005737305,0.0,6183.1533807894075,29.472376989857885
CONTUMAZA,199.43507385253906,679.5960693359375,457.459228515625,193.6760116783278,13478.029140640809,34.57990252964653
CHACAS,614.6754150390625,656.9296875,633.2625325520834,17.62027185858649,10033.777614017807,40.871774876307256
BULDIBUYO,645.3463745117188,991.8360595703125,771.7760416666666,156.18100054956324,6536.265775562892,30.514297603145664
ANGASMARCA,938.3706665039062,1226.24853515625,1082.3095703125,143.93893432617512,14471.92463979651,27.221341296974142
YARINACOCHA,1000.170166015625,1248.81787109375,1103.270703125,86.71998336177819,6182.855230989985,11.783974950080616
CHILLIA,1152.2025146484375,1267.7445068359375,1209.2600911458333,47.18060843226596,10226.28611602792,14.316688545264235
PAMPAS,411.3721008300781,637.6947021484375,532.62587890625,97.64468880558796,8897.877741219476,42.80101930265997
MOLLEBAMBA,,,,,11905.223868196394,46.54503108558968
LA ESPERANZA,,,,,12684.53359018056,21.42834345531919
TOCACHE,2090.841796875,2894.931396484375,2444.10009765625,269.7170577364389,8096.0124471972995,25.690041208799112
CALAMARCA,1004.4840698242188,1611.413818359375,1307.948974609375,303.46487426757966,5739.74638896145,11.43078437509351
EL PORVENIR,,,,,9379.916428817349,42.59135267901168
ONGON,809.7221069335938,2784.636474609375,1737.893771701389,686.4291088875143,5966.853890743681,34.98125235537668
HUAYLILLAS,801.7586669921875,801.7586669921875,801.7586669921875,0.0,14040.161742579869,54.118261546956234
VICTOR LARCO HERRERA,,,,,8409.605993248213,11.825153842303916
CONCHUCOS,438.8062744140625,979.69775390625,606.1124267578125,217.43086427999157,6904.035346063674,19.329881514726743
SANTIAGO DE CHUCO,155.31666564941406,1107.787109375,469.4329833984375,289.94050728530897,8554.040917594724,28.471688837883583
TRUJILLO,5.105245590209961,5.105245590209961,5.105245590209961,0.0,3958.6211314109105,34.69734306588656
MOLLEPATA,,,,,5085.157884468045,21.764985436785516
FLORENCIA DE MORA,,,,,11601.241723833276,11.905583643194493
CHANCAY,786.9053344726562,891.1118774414062,839.0086059570312,52.103271484375,6029.317163085812,38.22111293385357
CACHACHI,499.56146240234375,708.1148681640625,598.4817243303571,82.59923848526833,4859.267051954181,35.81703043818372
RIPAN,,,,,9609.958257581859,11.255888491544127
SILLAPATA,768.0230712890625,768.0230712890625,768.0230712890625,0.0,11557.112463988991,45.331642016582435
AIJA,259.53997802734375,259.53997802734375,259.53997802734375,0.0,10156.8599319952,42.552980637949055
SHUNQUI,,,,,10988.143057417448,27.014447458716894
HUALLANCA,611.6204833984375,735.827880859375,659.4192708333334,46.471168956724206,5729.614734291617,26.193967935640547
CORIS,22.633724212646484,140.93801879882812,73.6198501586914,42.654700124248954,3734.567999774469,33.31086656673861
PAMPAMARCA,597.1160888671875,855.6973266601562,726.40673828125,129.29061889648798,12504.00095586646,12.074453946156128
CULEBRAS,2.7404422760009766,6.175671577453613,4.776747131347657,1.328220480127385,7031.960483473593,25.450472187461234
CATAC,593.383544921875,863.1494140625,753.097900390625,84.4174128925845,7247.500950634858,-7.285753169137706
JOSE GALVEZ,,,,,11984.582425547174,38.14683468254403
CAJAMARCA,535.705078125,1288.49560546875,978.9718627929688,310.7690519672935,9668.69002820198,1.5776016633721106
ETEN,41.53904342651367,54.061500549316406,47.800270080566406,6.261228561401658,9367.663316244823,47.551297426434985
PICOTA,1076.416748046875,1089.826171875,1083.1214599609375,6.7047119140625,14495.007034703252,20.048198590503247
NANCHOC,109.59873962402344,195.9740447998047,163.67464192708334,38.478004813416774,6069.445308859571,21.824995271032346
BELLAVISTA,1132.6334228515625,1132.6334228515625,1132.6334228515625,0.0,10783.520384243711,15.583991408732416
SOROCHUCO,667.5718994140625,720.1331787109375,693.8525390625,26.2806396484375,8171.039374691253,20.679416891168856
CHUQUIBAMBA,,,,,8805.77683658977,46.27797017722055
CARHUAZ,235.52682495117188,235.52682495117188,235.52682495117188,0.0,12585.405279237595,-12.317129848026191
AMASHCA,,,,,9523.50726886887,44.15448079132282
SHUPLUY,74.31282806396484,74.31282806396484,74.31282806396484,0.0,9614.888237148898,30.07035221652562
SAMANCO,8.683998107910156,14.628169059753418,11.656084060668945,2.972085475921669,11217.522011929406,6.894675282141765
RAPAYAN,385.60198974609375,385.60198974609375,385.60198974609375,0.0,6905.141811371344,8.870314104261432
HUARI,591.6590576171875,743.5372314453125,642.48681640625,52.94224538191558,5482.370997982981,50.145895408123046
CHAVIN DE HUANTAR,696.3961791992188,794.66845703125,737.1100260416666,41.85025016963403,4865.572417936899,10.817396800859033
JACAS GRANDE,394.8115539550781,444.2353820800781,419.5234680175781,24.7119140625,2100.9302318719947,7.69974234106061
SAN MARCOS,571.84716796875,694.3500366210938,637.44248046875,47.41710463886756,14168.621389820966,42.05971813547094
HUARAZ,258.99505615234375,947.41064453125,623.7019449869791,282.53571364175696,4690.37490283495,30.078293144288715
PUÑOS,569.171875,569.171875,569.171875,0.0,7336.239129242684,10.931116351954017
PURUS,1119.4417724609375,2241.553955078125,1610.9207291666667,245.51532845605223,7169.560100333238,28.249374631069287
BAMBAMARCA,771.7039794921875,771.7039794921875,771.7039794921875,0.0,8922.220093427302,9.613709745395841
EDUARDO VILLANUEVA,,,,,10447.21163761789,41.512320976339076
LLACLLIN,249.52236938476562,249.52236938476562,249.52236938476562,0.0,10581.420465079236,40.920564473097
JESUS,1005.8651733398438,1156.536376953125,1082.1458984375,49.95329269962273,6250.767684293185,32.98009298232915
TOMAY KICHWA,,,,,7498.634858640766,30.42491591870525
BAÑOS,861.8607177734375,861.8607177734375,861.8607177734375,0.0,8847.7398514649,51.41782187301061
UCHUMARCA,583.0751953125,761.8887329101562,695.8180338541666,80.11363786299677,7253.926621449359,24.99529491082338
PISCOYACU,1836.6409912109375,1836.6409912109375,1836.6409912109375,0.0,12822.036728059978,7.271888118687983
BOLIVAR,316.2962646484375,316.2962646484375,316.2962646484375,0.0,9472.924854914754,31.742108692484603
INAHUAYA,1287.3406982421875,1648.5355224609375,1476.913671875,143.40888366452126,10204.633358149453,56.290705743056705
SAN CRISTOBAL,950.5208740234375,950.5208740234375,950.5208740234375,0.0,9988.643806002237,9.778607602212219
SAN MIGUEL,697.4115600585938,997.97216796875,847.69189453125,150.28030395508122,11520.421572455974,19.578058499590213
SUCRE,809.8322143554688,892.2648315429688,852.5926106770834,33.72374560398897,8543.06467611112,31.24669057152179
CAJATAMBO,385.90460205078125,645.2977905273438,506.3601379394531,96.79675755872272,4109.50415613246,24.191427264913912
ABELARDO PARDO LEZAMETA,,,,,9199.063855257926,10.26544629434028
PAUCAR,,,,,6045.929318624513,41.827867843457064
COPA,297.4483947753906,789.5758056640625,545.5880940755209,200.93162438198368,6414.149954750729,59.80061083025889
CONGAS,297.635498046875,297.635498046875,297.635498046875,0.0,9759.09205626528,27.941971885358612
MANGAS,,,,,11714.849214300906,11.438975653959996
OCROS,203.6478729248047,203.6478729248047,203.6478729248047,0.0,8063.814730208185,1.7655921241978731
LA PRIMAVERA,395.2900390625,395.2900390625,395.2900390625,0.0,8926.499037796892,28.869639718317714
CAJAMARQUILLA,335.7415771484375,335.7415771484375,335.7415771484375,0.0,13106.644833905713,41.55816014974387
SAN MIGUEL DE CORPANQUI,342.96258544921875,342.96258544921875,342.96258544921875,0.0,8722.259538465705,32.12751619743072
SAN FRANCISCO,902.9530029296875,1014.6162719726562,958.78466796875,55.83163452149272,15805.049342541184,24.96394238621719
SAN RAFAEL,576.3391723632812,941.7532958984375,736.9151204427084,152.42752659854477,9696.528936894632,16.160925223160408
HUAYLLACAYAN,,,,,2717.7117225325464,8.617545509228655
PACLLON,587.09716796875,587.09716796875,587.09716796875,0.0,10260.024863313598,37.52126989487323
TICLLOS,481.8430480957031,481.8430480957031,481.8430480957031,0.0,9143.475154648333,38.70657432078379
ALFONSO UGARTE,1707.021484375,1707.021484375,1707.021484375,0.0,11869.258262248237,1.8140531996390017
CHOLON,639.0833129882812,2785.208984375,1430.0774356617646,639.6368575483349,10019.544053809876,48.847584672710255
HUAYLLABAMBA,975.3088989257812,1398.839111328125,1187.073974609375,211.76510620117406,7584.632048048678,33.611068313410016
MANANTAY,1507.03759765625,1740.587646484375,1603.136962890625,85.42299092659199,4327.105291131903,45.9939196771869
CUSCA,494.857177734375,588.428466796875,547.756103515625,34.161464932689476,7372.930228141924,4.868083772723274
TAUCA,571.939208984375,653.3553466796875,612.6472778320312,40.70806884765625,5448.438637372099,4.512637668768416
SANTIAGO DE CHALLAS,1923.1246337890625,1945.966796875,1934.545654296875,11.421081543131839,6258.429650585832,22.765460353490546
CABANA,699.7208251953125,859.6893310546875,779.705078125,79.9842529296875,9765.735213261829,32.541766403427914
RAGASH,542.2147216796875,586.12109375,564.1679077148438,21.95318603515625,13009.71351305422,51.94541234390445
ACAS,68.37940216064453,123.86408996582031,104.10557047526042,25.309579814539784,9184.014589468943,35.591183707226975
HUARIACA,755.4227905273438,755.4227905273438,755.4227905273438,0.0,4412.350813894447,21.3597808478195
SANTIAGO DE CHILCAS,225.5592803955078,225.5592803955078,225.5592803955078,0.0,9333.808004660423,9.604461885011618
SAN PEDRO DE PILLAO,1094.7449951171875,1094.7449951171875,1094.7449951171875,0.0,11589.894459936953,43.45000859078725
PALLANCHACRA,,,,,6170.651287041854,10.529418613739278
TAPUC,,,,,7597.948499981247,49.42702832158483
SAN CRISTOBAL DE RAJAN,,,,,8044.064584187591,20.73423025590236
LLIPA,215.26416015625,215.26416015625,215.26416015625,0.0,5645.3050607532805,48.858731089267756
SANTA ANA DE TUSI,754.8025512695312,801.8141479492188,778.308349609375,23.50579833984375,9944.841301531576,35.18396935088917
CHACAYAN,884.05126953125,948.976318359375,916.5137939453125,32.4625244140625,7637.155554176656,22.945067658363126
CANIS,,,,,9258.597331721083,17.2090544226081
TAPACOCHA,545.392822265625,545.392822265625,545.392822265625,0.0,5337.5234665937,19.886381839808802
COCHAPETI,160.99749755859375,160.99749755859375,160.99749755859375,0.0,6687.6250990297685,31.424750385628563
IÑAPARI,1016.7449951171875,1942.138427734375,1340.7318860619469,170.18960078050955,10167.144073483314,26.157347443265753
MOLINO,1007.0875244140625,1059.538818359375,1033.313232421875,26.225646972727272,6881.500543724699,16.09282887896942
CHACABAMBA,,,,,13180.891553700216,22.515528845235515
RONDOS,1103.8875732421875,1103.8875732421875,1103.8875732421875,0.0,6801.091443156193,26.178655445787246
COTAPARACO,449.3025207519531,536.7998657226562,493.05120849609375,43.74867248535423,8674.054177255657,-6.93101141622218
MALVAS,354.06817626953125,354.06817626953125,354.06817626953125,0.0,10797.772495619269,31.87252172183048
CHAVIN DE PARIARCA,,,,,3744.902801200905,10.304181629247898
SANTO TORIBIO,,,,,2717.5735640576722,7.700013951913824
CASCA,1058.6595458984375,1058.6595458984375,1058.6595458984375,0.0,3423.0310562897157,-0.31016520666065617
CANCHABAMBA,751.3242797851562,798.0682373046875,774.6962890625,23.37197875978555,11787.752310281547,-1.9083874680183541
SAN BUENAVENTURA,,,,,6344.42556232266,4.66828745331566
FIDEL OLIVAS ESCUDERO,941.8194580078125,1042.744873046875,992.2821655273438,50.46270751953125,15674.597857004755,14.364685635542644
HUALLANCA,348.91583251953125,348.91583251953125,348.91583251953125,0.0,6307.257204027834,54.29888706289852
POMABAMBA,837.7205810546875,1153.8787841796875,995.7996826171875,158.0791015625,8553.65390959111,17.11180486157194
GUADALUPITO,9.269519805908203,21.87306022644043,16.894794464111328,5.271895322088818,12626.329857703626,27.66625159402047
YURACMARCA,365.5528259277344,533.8365478515625,446.2357421875,63.34146558130149,14018.27866447737,31.007220797594933
CHIMBOTE,7.393017292022705,60.307884216308594,20.498291015625,16.768054688488537,14184.510729909194,26.96597779323773
MACATE,48.538795471191406,353.33123779296875,175.06883021763392,99.58036432863449,11625.098691779427,23.838348089110095
QUINUABAMBA,1273.751953125,1273.8668212890625,1273.809326171875,0.057434114462248415,11072.187577434386,7.070593546011331
LA PAMPA,510.82537841796875,510.82537841796875,510.82537841796875,0.0,9777.580847603549,46.76391322418818
YANAC,,,,,10335.083228499912,52.10794965456828
SAN JUAN,739.77783203125,961.797607421875,850.7877197265625,111.0098876953125,6346.4428510144,-0.23988041184028575
CARABAMBA,137.46624755859375,225.22613525390625,181.34619140625,43.87994384765625,5545.403349733078,9.639571136704307
POROTO,159.2559814453125,159.2559814453125,159.2559814453125,0.0,7989.876627767144,20.80284486434491
CACHICADAN,1073.5782470703125,1381.179931640625,1227.379150390625,153.80084228516836,7489.446132425214,10.53193307634713
QUIRUVILCA,814.368896484375,1846.093994140625,1389.1717529296875,369.93798136173785,6640.315852018174,32.58948330183798
PARCOY,1011.9138793945312,1142.807861328125,1077.36083984375,65.446990966804,10089.162342370146,14.075916963900804
PARANDAY,370.7358093261719,370.7358093261719,370.7358093261719,0.0,10865.915625711532,57.475841017099036
AGALLPAMPA,591.2457885742188,610.7642211914062,601.0050048828125,9.75921630859375,8265.220658875542,42.858228915153944
LA CUESTA,,,,,12432.590243165785,28.188610459483222
SARIN,490.8772888183594,968.16455078125,745.893310546875,196.22258303739537,4574.9326575994855,40.40479394979599
CURGOS,,,,,7419.021622160846,41.588506365359635
PIAS,566.0283813476562,929.2645263671875,732.3485514322916,149.86038328610823,5849.533038191585,16.540787679126353
CHARAT,438.5490417480469,438.5490417480469,438.5490417480469,0.0,2400.39014878082,12.75674133187053
OTUZCO,395.0692443847656,457.65521240234375,425.8338216145833,25.56154040217937,7751.957942471902,26.172145944544713
HUAMACHUCO,967.99267578125,1055.52685546875,1007.4627278645834,36.24869426553389,7634.757474850149,37.92454186746916
COCHORCO,739.5225830078125,801.6975708007812,770.610107421875,31.087493896499353,12540.349229726393,27.085905979801264
POLVORA,2258.15771484375,3804.11181640625,3024.6318359375,449.3755857819969,9892.435053664332,1.3450527671350407
USQUIL,506.0897216796875,641.5614013671875,556.3417154947916,60.581617757635215,4927.439527012385,12.957633340737365
SANAGORAN,796.890380859375,943.4403076171875,873.1853841145834,59.98100501234506,13562.277699002565,23.89040704608433
CHUGAY,701.9374389648438,782.547607421875,748.9868774414062,31.65915533489231,11663.101086576058,23.865015935112545
HUARANCHAL,511.4247131347656,511.4247131347656,511.4247131347656,0.0,9746.293110405848,54.58813265184712
PATAZ,641.3896484375,919.1817016601562,809.8015747070312,103.89880613431332,7320.547703450504,4.21018086401503
TINGO DE PONASA,1148.8116455078125,1159.4263916015625,1154.1190185546875,5.307373046875,5121.682289829561,32.58383862753812
SAN SILVESTRE DE COCHAN,1113.7510986328125,1113.7510986328125,1113.7510986328125,0.0,6883.379671786841,47.33669662492434
CASPISAPA,1090.0867919921875,1090.0867919921875,1090.0867919921875,0.0,11266.245859112558,59.071746181341936
NUEVA ARICA,69.38261413574219,143.38548278808594,106.38404846191406,37.001434326171875,13653.758917803827,18.93403865224058
SAN HILARION,1214.692138671875,1214.692138671875,1214.692138671875,0.0,12629.730584816567,32.371441790803
NIEPOS,412.7952880859375,647.7464599609375,545.2177734375,98.21997258608116,6533.451734641178,33.54640535797971
TUMBADEN,1194.9248046875,1194.9248046875,1194.9248046875,0.0,4641.147700132966,27.932225973299364
SANTA ROSA,69.85131072998047,69.85131072998047,69.85131072998047,0.0,8422.658740733612,23.517321981410408
CALQUIS,918.189208984375,1174.1029052734375,1046.14599609375,127.9568481445458,2694.6819033114452,31.53963084250069
CAYALTI,35.825679779052734,35.825679779052734,35.825679779052734,0.0,8969.503142554344,-12.983691278295282
UTCO,816.2359619140625,816.2359619140625,816.2359619140625,0.0,7557.192241103994,35.23104235093947
LA FLORIDA,,,,,6601.890494395273,26.892668554929507
MONSEFU,,,,,3215.8907981996135,21.662876548326018
REQUE,,,,,9540.80031970915,55.70293293579337
LLAPA,1055.2735595703125,1275.5404052734375,1165.406982421875,110.1334228515625,6401.897481014266,14.875989718141716
ENCAÑADA,709.7874755859375,824.3443603515625,781.8538411458334,51.23065347129192,4490.249492869136,18.95386016402454
PAMPA HERMOSA,1070.431640625,1943.5400390625,1531.7998991935483,201.339463061098,-616.7866398449478,54.873299533071005
LA VICTORIA,,,,,7917.455284848092,12.51908042725215
SAÑA,23.57659912109375,76.1566390991211,41.772684733072914,24.326945422311038,13316.754790009232,16.748270755951914
PUCACACA,,,,,12983.77764364361,22.794618648537252
PUCALA,95.47596740722656,102.26078796386719,98.86837768554688,3.3924102783203125,6628.711230241184,37.61101723194324
CHICLAYO,,,,,6193.363818914659,28.1170376102997
CATILLUC,1287.333984375,1287.333984375,1287.333984375,0.0,9406.32276822507,5.6106197927160615
POMALCA,24.356792449951172,24.356792449951172,24.356792449951172,0.0,5004.843682435126,17.017471553092157
SAN JOSE,,,,,8905.375699458398,15.88968350181683
SAN FRANCISCO DE ASIS,1171.8231201171875,1171.8231201171875,1171.8231201171875,0.0,10298.24083515407,23.841684321654316
SAN FRANCISCO DE CAYRAN,1339.29638671875,1339.29638671875,1339.29638671875,0.0,11680.799671652923,31.387654879447435
SAN NICOLAS,1212.7271728515625,1212.7271728515625,1212.7271728515625,0.0,7699.537770560141,31.27308633831958
ANGUIA,,,,,7388.978749469103,-1.6401763107260336
LONGAR,1152.6141357421875,1394.9490966796875,1273.7816162109375,121.16748046875,5366.0522397303175,40.95911481341284
LEVANTO,815.3360595703125,815.3360595703125,815.3360595703125,0.0,5519.35893788042,28.788532689949353
CHOROPAMPA,862.040283203125,1007.55908203125,949.4851888020834,62.933417084062846,7320.56332429542,45.76798071390859
CUÑUMBUQUI,1295.849365234375,1295.849365234375,1295.849365234375,0.0,9102.096520448535,31.662974909360077
CHONGOYAPE,77.75804138183594,215.52601623535156,143.176220703125,44.59360929729614,10740.753878699748,41.51984436603644
PACCHA,760.3240966796875,760.3240966796875,760.3240966796875,0.0,5590.463147958966,31.998179671751906
CHUMUCH,800.418212890625,958.967529296875,879.69287109375,79.274658203125,12478.065706878566,45.193386343041226
CHIRIMOTO,1570.1568603515625,1570.1568603515625,1570.1568603515625,0.0,7186.6291968722935,32.833759540266676
LAJAS,819.703857421875,819.703857421875,819.703857421875,0.0,7935.898116954691,23.53127130335644
TUCUME,8.24173355102539,8.24173355102539,8.24173355102539,0.0,5758.36496255653,59.08652080670323
TOTORA,,,,,727.279219181175,38.335556834198385
SHATOJA,1572.232421875,1572.232421875,1572.232421875,0.0,10652.136189083149,33.6061663150662
AGUA BLANCA,1589.4219970703125,1589.4219970703125,1589.4219970703125,0.0,10210.5316912773,5.855433751924963
PATAPO,89.16180419921875,89.16180419921875,89.16180419921875,0.0,7156.01732864536,5.675385738046934
CHUGUR,1504.93359375,1504.93359375,1504.93359375,0.0,8200.972151674616,29.390732232127803
LA LIBERTAD DE PALLAN,701.2782592773438,701.2782592773438,701.2782592773438,0.0,9547.817653112299,27.18281796652361
CATACHE,423.00543212890625,696.9385986328125,537.63671875,116.20799009878449,3312.362429340372,15.788161524875257
LUYA,,,,,6412.841967961116,27.1147404941809
EL PORVENIR,1792.860595703125,2430.974365234375,2088.49365234375,245.2742780270659,10382.794038865482,48.82940392065394
YORONGOS,2254.11328125,2254.11328125,2254.11328125,0.0,4237.131730492252,35.43103711825448
BARRANQUITA,2193.52880859375,2915.056396484375,2440.3526785714284,287.953741664996,8880.673796499888,7.884872353708925
PION,1032.8514404296875,1160.1085205078125,1096.47998046875,63.6285400390625,3930.254586129785,23.327367592855843
CAMPORREDONDO,1232.68798828125,1577.5308837890625,1391.1402994791667,142.1608538791801,9399.289947300578,12.925502787211588
INCAHUASI,487.63140869140625,571.1182861328125,535.246337890625,30.29791408533904,7893.075553107549,19.18450125387158
CUJILLO,1002.0478515625,1002.0478515625,1002.0478515625,0.0,3154.604552283472,18.79576501555536
MILPUC,1269.25732421875,1269.25732421875,1269.25732421875,0.0,11494.218063371514,17.835316260939923
CHAZUTA,1041.6865234375,2160.822509765625,1539.8272569444443,355.34708345746094,5796.225269605852,6.1729694203990775
CHOTA,721.7258911132812,752.4431762695312,737.0845336914062,15.358642578125,5569.242688956857,23.085179777227147
FLORIDA,681.5262451171875,687.9547729492188,684.740478515625,3.2142639161604984,8601.707591692828,16.59088544729035
TENIENTE CESAR LOPEZ ROJAS,2015.6138916015625,2736.45458984375,2377.5042613636365,230.84968382524204,11445.912048286145,-18.94173035003402
POMAHUACA,426.3636474609375,662.060302734375,521.4661458333334,97.49895347111793,4952.5345430648085,55.794580367524944
COLASAY,814.2285766601562,879.0037841796875,839.5341796875,20.430092747208366,8185.039549543915,41.331544813250076
SAN FELIPE,503.14276123046875,503.14276123046875,503.14276123046875,0.0,9286.44950099172,19.355489126125057
AWAJUN,1166.436767578125,1629.468994140625,1395.7257080078125,185.1707516396567,10079.316821789433,25.282285746108975
BAGUA GRANDE,749.2456665039062,1251.767578125,996.8330078125,200.66561968607976,8529.324665831675,7.425184790236575
JAEN,721.72314453125,876.4009399414062,815.6143798828125,58.893767012352974,6898.9164827500335,50.43584316716298
YURIMAGUAS,1675.8253173828125,2350.192138671875,2027.6519325657894,188.3798231495902,5517.229338053841,53.459330421596675
EL PARCO,,,,,8258.431649139124,27.35040592369787
LAS PIRIAS,,,,,4783.582964043179,40.35295966278017
TAPICHE,1869.21826171875,2662.739501953125,2173.6541940789475,270.6724749799645,-764.0514504838229,27.62930168400886
SOPLIN,1655.04736328125,2477.5947265625,2083.6724609375,194.67167796300993,9309.679412473004,4.94911841686104
COPALLIN,,,,,10711.804523258586,18.82264946554514
HUABAL,756.8667602539062,756.8667602539062,756.8667602539062,0.0,911.2026933744846,26.978919501579355
HABANA,1955.5067138671875,1955.5067138671875,1955.5067138671875,0.0,4970.807885870187,18.181784218848335
ALONSO DE ALVARADO,1651.43994140625,1829.3946533203125,1756.0506184895833,75.93932692800875,9857.462783015593,21.72020083847446
SAN ANDRES DE CUTERVO,876.915771484375,896.0302734375,886.4730224609375,9.5572509765625,14172.486409135097,23.629006637363283
TRITA,,,,,8062.381123026224,23.786822532018082
JAYANCA,19.059791564941406,223.21385192871094,70.71389334542411,67.87252309192095,5815.9911763125965,25.78387735746225
OCALLI,1308.2410888671875,1308.2410888671875,1308.2410888671875,0.0,7451.31067668548,9.090924004050986
MOLINOPAMPA,806.5400390625,914.0995483398438,873.595947265625,47.756529387957144,12124.629257444554,14.244757763080957
CHOCHOPE,,,,,6062.107462626394,5.73123601450046
SONCHE,700.3868408203125,700.3868408203125,700.3868408203125,0.0,5602.42398004924,39.667233245293005
SORITOR,1880.585693359375,2479.10986328125,2215.768359375,192.12169099893646,6551.769433453903,-6.584704127604869
SAN JUAN DE CUTERVO,920.1047973632812,920.1047973632812,920.1047973632812,0.0,5140.014175223863,42.303855149753886
EMILIO SAN MARTIN,1470.52880859375,2084.13232421875,1786.3369419642856,125.76709791225015,8368.010947984387,45.79524095894265
SANTA CRUZ,1663.9056396484375,3023.26513671875,2257.9830078125,371.22184641783826,12874.035375408683,20.467291195260678
PARDO MIGUEL,793.8225708007812,1713.19189453125,1452.83876953125,302.1583987884274,8969.237819348087,-14.047056317409478
ARAMANGO,1009.5269165039062,1600.2255859375,1257.805908203125,213.3802045434421,7242.939493621137,19.580341570490642
CAPELO,1973.688232421875,2246.849609375,2117.060546875,91.16128783662397,7124.566193253368,24.03723758066771
YAMBRASBAMBA,780.28955078125,2164.290771484375,1501.3653846153845,427.27761227121437,3310.4275739100285,9.8410267010663
PUINAHUA,1616.160888671875,3276.44189453125,2282.3189603365386,354.44900302770964,10649.329331441477,17.271724092876358
TACABAMBA,787.7069702148438,826.9247436523438,807.3158569335938,19.60888671875,7766.488408961593,47.95292798295027
HUAMBOS,633.5139770507812,697.986572265625,665.750244140625,32.23629760743632,7458.560259228123,34.97390743452611
HUIMBAYOC,1561.21875,2068.168212890625,1742.37939453125,130.46876220761126,17579.322703534584,11.131538284328501
ALTO SAPOSOA,1403.3236083984375,2521.87841796875,1896.4488932291667,322.70577626800093,8896.25872509706,1.0360124560685193
TINGO,840.8237915039062,840.8237915039062,840.8237915039062,0.0,5744.6268497144465,20.094740235853433
OMIA,1229.297119140625,1237.5743408203125,1233.435791015625,4.138610840293815,6720.92721138337,21.798148309743425
CHIPURANA,1656.3427734375,1795.630859375,1725.98681640625,69.64404296875,11445.337127590265,32.44298781044974
LAMAS,2136.9404296875,2136.9404296875,2136.9404296875,0.0,8339.811231613294,16.970249311485116
SAN ISIDRO DE MAINO,,,,,3685.1660650479,32.67249363042792
JAZAN,,,,,10757.68680372561,54.027310600903434
TORIBIO CASANOVA,989.810546875,989.810546875,989.810546875,0.0,5995.567743383018,37.23251533666394
RECTA,,,,,13619.893328652637,24.278672390038412
YURACYACU,,,,,11240.144197143945,22.25274293420058
SARAYACU,1170.0562744140625,2392.579345703125,1771.1423938679245,270.4788071983714,6658.034313023746,19.64990298730193
CUISPES,673.1237182617188,673.1237182617188,673.1237182617188,0.0,11843.049085205339,42.70961368678217
SHIPASBAMBA,702.1091918945312,704.7914428710938,703.4503173828125,1.34112548828125,8203.56653158221,15.590298310730457
CHISQUILLA,824.9268798828125,824.9268798828125,824.9268798828125,0.0,10558.321025366658,25.67834063499974
JUMBILLA,696.1792602539062,712.379638671875,703.2228190104166,6.780491523270028,9454.198451883425,25.76796852821628
NUEVA CAJAMARCA,1792.384521484375,1806.838134765625,1799.611328125,7.226806640625,5460.930035027379,17.47323710782702
CHOROS,883.7203369140625,903.9384155273438,895.6136067708334,8.631072226603097,6069.3505030476135,4.413016781738488
CELENDIN,685.8584594726562,873.5431518554688,784.67578125,75.7571559767643,11089.882452743484,29.84461755426502
PUEBLO NUEVO,,,,,6995.674003680378,24.084940422169247
OCUMAL,1067.309326171875,1200.687255859375,1123.69482421875,56.36726186971678,6789.05461027401,32.50360704154855
SOLOCO,809.7208251953125,809.7208251953125,809.7208251953125,0.0,5134.6322619519415,16.995995403412497
SANTA CRUZ,716.0070190429688,716.0070190429688,716.0070190429688,0.0,9270.797196780382,43.31231948219572
MONTEVIDEO,1238.2362060546875,1238.2362060546875,1238.2362060546875,0.0,14187.574757729435,11.848393281822329
UTICYACU,948.8399047851562,948.8399047851562,948.8399047851562,0.0,4797.401257237181,50.68060426026839
LA ESPERANZA,,,,,8072.658370018275,-1.2145476474239238
FERREÑAFE,7.914950847625732,7.914950847625732,7.914950847625732,0.0,12236.661666246287,31.521550968353367
MIGUEL IGLESIAS,692.7051391601562,770.8307495117188,740.7705078125,34.34181218966931,7761.075826262854,32.131460237899354
BAMBAMARCA,661.9835205078125,864.273193359375,728.178466796875,79.93604784649216,9357.115388749202,13.066643980886765
MANUEL ANTONIO MESONES MURO,18.71516990661621,18.71516990661621,18.71516990661621,0.0,4812.819415559361,31.36590906791519
JUAN GUERRA,988.572509765625,1114.715087890625,1051.643798828125,63.0712890625,9284.921291622946,44.19278004640238
MARISCAL CASTILLA,876.9805908203125,876.9805908203125,876.9805908203125,0.0,7438.567204986353,-8.25228259031097
PACHIZA,1621.3707275390625,3404.916015625,2570.928466796875,568.8156590349637,10957.189987039588,32.54117211236222
SAN JOSE DE SISA,1566.7293701171875,1918.5966796875,1742.6630859375,175.93365478516685,11562.158154694254,-12.399062304951165
MOCHUMI,,,,,15768.690926055842,10.515027947151879
COCABAMBA,615.584228515625,777.51025390625,716.216796875,71.72019186921783,9738.899519640727,49.437495473514176
SANTO TOMAS,748.117431640625,748.117431640625,748.117431640625,0.0,8977.388949746499,16.273269499119188
SEXI,550.2944946289062,550.2944946289062,550.2944946289062,0.0,8583.152904732007,7.3918005338654105
CHANCAYBAÑOS,,,,,6940.501121567935,22.030934065229772
CONCHAN,696.7766723632812,696.7766723632812,696.7766723632812,0.0,9015.451530385073,56.01859507245328
ILLIMO,,,,,7113.795769582912,-2.475233708090393
ZAPATERO,1083.892578125,1083.892578125,1083.892578125,0.0,8505.382928808844,9.230351325409833
CHALAMARCA,700.4244995117188,700.4244995117188,700.4244995117188,0.0,11952.79260682388,47.461475247694395
MORALES,1688.0252685546875,1688.0252685546875,1688.0252685546875,0.0,4980.3723041610765,52.86553515306599
SANTA ROSA,,,,,11419.635683387136,23.44853163564574
BELEN,2999.39794921875,3381.796142578125,3151.6031901041665,124.45477160882253,11951.345202019596,6.414209462100363
SAN JUAN DE LA VIRGEN,,,,,7645.7944190267635,56.43765252713739
CORRALES,0.0,0.0,0.0,0.0,1634.435302974216,48.91663587623795
PAPAYAL,484.2143249511719,577.663330078125,530.9388427734375,46.72450256347906,6176.5340387167025,35.18420481643349
TUMBES,406.5641174316406,406.5641174316406,406.5641174316406,0.0,11890.983639683327,12.8139647659387
AGUAS VERDES,,,,,7931.395813103353,24.26455988742945
INDIANA,2336.107666015625,3344.585693359375,2785.883125,267.45426704780635,5002.093303115267,22.594598784327538
ZARUMILLA,0.0,0.0,0.0,0.0,6485.675236315348,29.962769569233664
PUNCHANA,2595.691162109375,3131.58056640625,2818.3155048076924,149.45969640214977,10521.860079513659,46.76502157197004
SAN FERNANDO,1474.0933837890625,1474.0933837890625,1474.0933837890625,0.0,9640.200704604138,38.191255617061046
CAJARURO,706.0543212890625,1774.143310546875,1129.808203125,351.18519855438865,7283.203702490917,8.839358845228627
CANOAS DE PUNTA SAL,0.0,111.60208892822266,67.1792221069336,42.84716728404783,6899.526764555937,45.64744675029307
NAUTA,2009.355712890625,3234.31396484375,2686.1043526785716,264.672139023057,6824.725552868535,29.69698210019733
CASITAS,108.49308776855469,555.7433471679688,336.9742024739583,159.7560497778535,5232.769446504492,35.305986937883745
FERNANDO LORES,2378.801025390625,3229.81494140625,2773.9244791666665,184.30235516020576,12846.127068408325,46.99811288917904
SAN PABLO,1551.3648681640625,2671.71337890625,1990.0723586309523,297.57912346410734,7033.038592365981,8.326296257296733
RAMON CASTILLA,1922.04248046875,2828.47412109375,2366.5090460526317,271.06491281213283,11651.47556247649,24.462616319403057
PASTAZA,1785.134033203125,2717.583740234375,2119.685238486842,219.55177430042573,12563.948155767353,17.028181729611774
LAS AMAZONAS,1848.44873046875,3120.6796875,2425.282327586207,267.1138936014501,10994.932694443882,1.4821086195181614
PEBAS,1792.387451171875,2792.646728515625,2313.820138888889,241.67787932422314,6705.1390618458545,30.200649664073797
MORONA,1630.879638671875,2621.2109375,2081.98981741573,232.70257109347605,9211.19027100983,62.67334827376635
CHIRINOS,574.1719360351562,719.0198364257812,623.0318196614584,67.8774594972409,7927.413180827251,-2.6011661675862925
TABACONAS,356.60357666015625,717.6583862304688,547.8648274739584,131.96102873690043,5288.894417809615,24.515790834257945
SAN IGNACIO,668.8538208007812,676.0848388671875,672.4693603515625,3.6155090333319206,8973.07784516481,34.6081440261216
NAMBALLE,405.77606201171875,889.2337646484375,682.6120256696429,146.82163660260298,4462.880626520593,26.846173024842717
SAN JOSE DE LOURDES,539.7108764648438,1381.139404296875,978.6547037760416,269.3683680613479,11563.03816538469,23.303079212263896
HUARANGO,568.3253173828125,1528.8240966796875,834.4467163085938,293.712689842906,6606.1481081048205,5.511754548312638
IMAZA,838.0101928710938,1940.2484130859375,1579.7510279605262,227.72688475746025,8603.478967618517,28.491801144102453
EL CENEPA,1331.7060546875,2023.87158203125,1605.2763247282608,163.06377197527345,8849.863614638427,13.648540344761106
RIO SANTIAGO,1604.357421875,2649.01318359375,1993.6173041044776,266.4570265225216,7223.285078887768,-7.848825574678301
SAN JUAN DE BIGOTE,455.5303955078125,585.5615844726562,520.5460205078125,65.01559448242904,9760.081404425824,42.91888330770596
BUENOS AIRES,630.9349975585938,630.9349975585938,630.9349975585938,0.0,6575.289030132427,39.37578729763064
CANCHAQUE,416.9950866699219,467.3538513183594,447.0124104817708,21.66746598054882,10613.891892371732,25.774914652766196
LA MATANZA,217.43136596679688,694.6431274414062,449.1530490451389,144.4857271698522,3962.0609592597543,28.43612032308554
CATACAOS,26.983715057373047,167.06005859375,60.6923185649671,33.00764298701828,8379.138738639236,41.114770190733424
VEINTISEIS DE OCTUBRE,,,,,13816.786997174855,28.365094851671238
LALAQUIZ,602.2948608398438,602.2948608398438,602.2948608398438,0.0,4999.006026183276,38.56026332141972
SANTA CATALINA DE MOSSA,,,,,5966.765088425445,20.537766986892247
YAMANGO,740.7937622070312,940.33740234375,840.5655517578125,99.77182006836404,9541.723548976744,44.6797560786092
MORROPON,541.7911987304688,541.7911987304688,541.7911987304688,0.0,8538.745345818794,29.811785888990258
HUANCABAMBA,330.6136779785156,783.3995971679688,456.9704895019531,188.8334658155368,9051.890297820677,27.91077915408811
CHALACO,709.7249145507812,981.4310302734375,845.5780029296875,135.85305786133156,9467.56139044299,5.949083669319521
PIURA,27.403013229370117,60.01385498046875,43.70843505859375,16.305420875549345,9904.16440568531,29.30433781452563
CASTILLA,39.11855697631836,156.74105834960938,77.26124064127605,38.788485262406176,11329.099525868669,12.520676237583233
SANTO DOMINGO,536.7677612304688,671.9246215820312,604.34619140625,67.57843017578125,9229.455970785537,15.425759102072588
CHULUCANAS,171.10780334472656,430.4909973144531,316.3662806919643,77.9797539087037,7276.2270361443725,12.769365575258183
MIGUEL CHECA,15.079456329345703,24.710269927978516,19.535425186157227,3.4330799281239184,10017.721103608194,9.006476021511624
ARENAL,,,,,13699.645804685646,56.87157104525443
LA HUACA,8.545886039733887,14.881092071533203,12.382217407226562,2.485121932938933,7602.098760852279,44.97008592982605
BELLAVISTA,,,,,5076.412085988075,53.80551253216392
COLAN,72.830322265625,72.830322265625,72.830322265625,0.0,11321.242007860918,6.656574706666543
EL CARMEN DE LA FRONTERA,525.900146484375,950.4688110351562,762.00283203125,165.79531382978828,7638.856508139205,26.06880624866339
SALITRAL,,,,,1481.991361957891,5.597385621938564
VICHAYAL,41.09587860107422,41.09587860107422,41.09587860107422,0.0,10542.265031451265,14.56457684204404
FRIAS,440.1414489746094,782.962646484375,598.047314453125,113.17113663177246,6394.015442138232,11.228095248751377
AMOTAPE,17.062036514282227,25.067222595214844,21.06462860107422,4.002593040466422,7728.4001530875175,43.59376009662343
TAMARINDO,,,,,8995.940991707044,19.0565548284736
PACAIPAMPA,398.619384765625,1119.532470703125,782.8035888671875,256.9296522499936,8571.499039337199,41.02569000541025
IGNACIO ESCUDERO,20.983997344970703,20.983997344970703,20.983997344970703,0.0,10128.35545141712,34.061813343827765
SAPILLICA,380.7437438964844,620.104248046875,515.0586344401041,99.88620712028488,6693.54088829047,59.554581281571835
LAGUNAS,396.3764953613281,396.3764953613281,396.3764953613281,0.0,9539.317394528249,2.8083366529041385
TAMBO GRANDE,92.74484252929688,385.0724792480469,224.69844193892047,94.6660622056674,7221.359967248249,43.88849859680198
SULLANA,30.07697868347168,176.4584197998047,103.40936279296875,52.057090222753175,10216.43144266251,42.19661305601092
QUERECOTILLO,118.58662414550781,156.86233520507812,137.7244873046875,19.137855529786677,9846.10245203916,10.39931742959448
LA BREA,0.0,100.33688354492188,44.66278076171875,29.038964535456746,5193.683893866214,40.107000047097394
LAS LOMAS,239.22857666015625,339.48602294921875,282.7775573730469,44.17897172709308,11257.946348525096,30.04217444539343
MONTERO,,,,,6392.109664657856,21.587856100698882
PAIMAS,303.94964599609375,527.1920776367188,386.0782470703125,88.42559204461877,10424.173394843436,12.640967695420006
SICCHEZ,,,,,9101.861940204022,14.21335822826221
JILILI,641.9266357421875,751.0729370117188,696.499755859375,54.57315063477416,13514.551030385366,55.74718143678889
AYABACA,438.2488708496094,1343.9969482421875,974.045166015625,235.68979978398414,7329.602052884444,25.01024228436224
PARIÑAS,11.808159828186035,74.03258514404297,44.373501247829864,22.5889352701616,6952.049611645408,36.73195002297189
LOBITOS,29.054779052734375,29.054779052734375,29.054779052734375,0.0,7941.741182336802,13.136509274986704
SUYO,366.884521484375,812.576416015625,604.37890625,148.64431316600113,7090.460651497174,13.302205806675417
EL ALTO,0.0,17.996353149414062,10.241502126057943,7.554458047099415,10399.82570582615,41.229772138749134
MARCAVELICA,43.40655517578125,171.40272521972656,111.95474679129464,44.92191771941336,3151.0681746902364,4.756356826727018
LOS ORGANOS,0.0,29.563793182373047,14.781896591186523,14.781896591186523,4838.952742560938,18.77179348142093
MANCORA,,,,,4796.591235262421,25.51041116608348
LANCONES,178.8644256591797,1097.946533203125,510.6700846354167,259.6316901343232,10850.922775920728,26.670589027600787
OLMOS,9.286736488342285,474.84552001953125,87.31043836805556,106.59304877747626,13131.840117745774,22.313600724757656
PAITA,0.0,44.638248443603516,24.555598667689733,15.109270564668432,7686.652344387586,30.937296716438844
SECHURA,0.0,44.26597595214844,19.806209398352582,11.589904638685313,7493.534830429968,35.39283633726717
PILPICHACA,486.26019287109375,887.2332763671875,598.9840494791666,93.506582691815,8210.156489339544,36.01956318188995
SANTO TOMAS DE PATA,,,,,11485.634907824571,10.2129428699826
SAN ANTONIO DE ANTAPARCO,,,,,5217.940597428278,20.73767353106804
JULCAMARCA,,,,,8715.106948204355,42.921442928154065
LIRCAY,542.54345703125,950.8013916015625,781.36328125,139.7404611823361,10925.592889347288,38.419707813608085
CHINCHO,732.1793212890625,767.9650268554688,750.0721435546875,17.89285278322915,9503.282509819535,4.40710822778404
SAN PEDRO,44.30254364013672,544.2014770507812,272.32601492745533,182.28991126680964,8568.74484979623,30.272198505283026
UPAHUACHO,513.843505859375,670.4103393554688,568.4729614257812,60.20837967455701,11003.138277701424,-4.673378740622155
SANTA LUCIA,7.994121074676514,462.1048278808594,105.05496826171876,142.3093605637794,-109.69687899771179,25.704023530905545
SAN CRISTOBAL,510.1562805175781,723.7305908203125,616.9434204101562,106.78715515136828,10033.625958592722,53.46650525118966
CORONEL CASTAÑEDA,579.011962890625,782.0363159179688,683.5325520833334,71.57458100238833,6037.772950617728,10.781609240965206
SARHUA,594.18896484375,718.6885986328125,650.2213541666666,51.581703224212,2508.101309430629,12.485154317626268
VILCAS HUAMAN,682.5697631835938,845.3243408203125,783.5874837239584,72.01622598471553,9533.607798574942,36.460446723592895
VILCANCHOS,555.82080078125,619.8447875976562,583.187255859375,24.942182395623934,12120.975635488874,1.8579772718553116
SANCOS,8.78234577178955,399.93267822265625,111.82091175426136,122.13532796959032,7587.654456116925,15.508674551724415
OYOLO,277.5306396484375,672.773681640625,480.19873046875,132.9426577148037,10858.623641608816,33.94661706372629
SAISA,62.650997161865234,493.903564453125,201.6151611328125,155.98146828990335,12836.834773965937,15.485712284658954
CHAVIÑA,396.9453125,692.7237548828125,561.1455078125,105.87352172089837,11944.743360752142,21.460450191835427
SAN JUAN,,,,,12919.893588114179,36.16278565472552
HUAMANQUIQUIA,666.64599609375,666.64599609375,666.64599609375,0.0,10226.382473215677,31.32319125304842
ALCAMENCA,800.1148681640625,800.1148681640625,800.1148681640625,0.0,8226.300916704779,29.002275944431027
CORCULLA,,,,,3194.102564308495,19.91316581094942
SARA SARA,,,,,7261.812535610155,30.55091672903433
PAUSA,309.93701171875,336.8081970214844,323.37261962890625,13.435592651375853,5470.260214051425,23.14400979850365
SAN JOSE DE USHUA,,,,,14512.828152493441,31.86708414888677
PARARCA,461.37432861328125,461.37432861328125,461.37432861328125,0.0,7472.34256270299,17.546019623230325
PULLO,14.943622589111328,297.96697998046875,111.54044596354167,86.36904195641668,8369.614420353457,22.261465384306884
PUYUSCA,175.3622589111328,391.1147766113281,302.52080078125,90.09450027306006,9654.456128121403,10.150633111719792
LAMPA,404.1415100097656,503.0274658203125,453.58447265625,49.44297790527579,8130.807339117361,24.47488584990646
MARCABAMBA,431.3082580566406,431.3082580566406,431.3082580566406,0.0,13085.15312129226,12.834987045567328
COLTA,307.3311462402344,360.1083068847656,333.7197265625,26.388580322265625,6132.051914796644,8.2893032475701
CHUMPI,345.6311340332031,448.3403625488281,411.25625,35.33787345305586,8583.822365711729,28.879917217830823
SAN JAVIER DE ALPABAMBA,343.7669982910156,434.477294921875,389.12213134765625,45.35514831543225,5772.588242905855,28.191096637864906
CORACORA,463.7698974609375,723.3135986328125,570.3892933238636,72.8395510260038,4039.9324663378825,36.74310602422859
LEONCIO PRADO,31.307239532470703,457.48828125,127.67177734375,127.06645196273698,6164.692727284144,18.533116456373513
CHIPAO,342.9490051269531,585.7353515625,484.736474609375,75.89931268720095,7888.8896088547635,31.120792702551334
LUCANAS,358.9396667480469,719.5614013671875,488.17338423295456,109.67440761049728,6712.09332644822,33.26196358410495
CABANA,349.88775634765625,471.87200927734375,402.00982666015625,47.17971932366318,5922.737060378432,31.671607117473922
OCAÑA,14.851350784301758,488.47210693359375,144.89635213216147,166.69589719280296,3781.0476089844988,12.615194757967869
OTOCA,43.689510345458984,252.45755004882812,156.18212890625,75.13082799382218,7750.683282113916,27.240452234067835
CARMEN SALCEDO,319.3695373535156,372.3876647949219,344.44036865234375,19.01920995718912,3485.8388779069937,30.46210444081992
SAN FRANCISCO DE RAVACAYCO,467.54052734375,467.54052734375,467.54052734375,0.0,10280.167891068808,25.10767700361913
SORAS,591.60107421875,753.0537109375,669.5209350585938,57.20155476090694,8247.319258803509,-6.297164875566271
HUAC-HUAS,241.00648498535156,429.169189453125,335.08782958984375,94.08135223388703,3627.3455016052085,27.407344359602202
LARAMATE,50.551239013671875,918.6494750976562,586.6322544642857,309.9839355369276,7072.37276885041,58.18796559095863
LLAUTA,28.240598678588867,929.3433837890625,432.9473876953125,382.4766303745872,5743.530783228251,19.59941096864526
SANTIAGO DE PAUCARAY,,,,,8957.52353125754,14.078843532170183
ASQUIPATA,,,,,12021.351338069433,30.600228395670975
AUCARA,448.98858642578125,519.4857177734375,485.30908203125,26.723169389153572,2374.482591062766,29.685673156998575
MORCOLLA,514.2535400390625,582.3236694335938,548.28857421875,34.03506469727931,8345.078237442252,42.89102748124621
APONGO,501.4206237792969,501.4206237792969,501.4206237792969,0.0,7519.6016133000785,6.131977661366683
PACAPAUSA,532.7276000976562,532.7276000976562,532.7276000976562,0.0,10014.020229351398,35.97070378862489
PUQUIO,340.74517822265625,508.2577209472656,419.3050130208333,54.57324580106632,8639.589884713067,33.85633091877195
SANTA ANA DE HUAYCAHUACHO,513.3855590820312,513.3855590820312,513.3855590820312,0.0,5744.0920047835425,22.86780194589181
ACCOMARCA,705.3826293945312,705.3826293945312,705.3826293945312,0.0,7042.838193000145,30.08030976882535
BELEN,753.6467895507812,753.6467895507812,753.6467895507812,0.0,5611.922429589533,40.44186222397536
CAYARA,717.338623046875,717.338623046875,717.338623046875,0.0,11228.021415795794,38.08473070042675
HUANCARAYLLA,736.743896484375,736.743896484375,736.743896484375,0.0,8063.934946015826,7.854710318894071
COLCA,,,,,13703.572057259022,37.30237280133227
SAURAMA,790.831298828125,790.831298828125,790.831298828125,0.0,7818.017558556137,24.029670924512224
HUANCAPI,535.0631713867188,897.5056762695312,715.028564453125,147.97719236728108,5874.779699268612,26.09311147023273
TOTOS,,,,,3458.8568221615187,26.097954865025418
MARIA PARADO DE BELLIDO,575.9376831054688,739.6502075195312,657.7939453125,81.85626220703125,2590.580971232165,22.7463551680261
LURICOCHA,750.1331176757812,750.1331176757812,750.1331176757812,0.0,3247.592170983531,42.87561245660598
UCHURACCAY,300.14971923828125,396.0256042480469,348.087646484375,47.93794250488524,8801.37995303445,23.74423060226182
SANTA ROSA,1474.5177001953125,2065.294189453125,1826.47705078125,254.10642491574492,9526.175069689802,8.206808074252471
AYNA,837.6575927734375,837.6575927734375,837.6575927734375,0.0,3256.4278939035994,19.09705216045407
CANGALLO,862.4693603515625,862.4693603515625,862.4693603515625,0.0,10685.114942228347,27.680420752157133
CONCEPCION,584.1539306640625,604.892333984375,594.5231323242188,10.36920166015625,6550.816844949682,43.43822176445576
VISCHONGO,585.62109375,753.7273559570312,669.6741943359375,84.05313110352117,8440.379035956648,34.0464202742325
LOS MOROCHUCOS,587.0592651367188,587.0592651367188,587.0592651367188,0.0,12836.661884766272,12.241970818794341
CHUSCHI,509.8648986816406,628.7319946289062,558.8593139648438,44.60262782849155,10690.517947596596,62.277848750183374
PARAS,505.17169189453125,578.0748291015625,545.28955078125,25.6716166142116,7194.408056282503,28.971629664669695
OCROS,597.9428100585938,621.5628662109375,609.7528076171875,11.810028076211305,5326.4233237541375,44.13086106998522
CHIARA,492.3399658203125,653.0844116210938,541.0949096679688,65.04941494376644,1544.5537960120855,22.724283496341563
LUIS CARRANZA,515.8683471679688,515.8683471679688,515.8683471679688,0.0,5842.54004227274,33.00038867058174
CARMEN ALTO,,,,,7366.609283516917,37.59202756777607
SAN JUAN BAUTISTA,615.4710083007812,615.4710083007812,615.4710083007812,0.0,5038.461418546448,43.27292067631384
ACOCRO,528.750732421875,575.0017700195312,552.7666015625,17.344847142549078,7606.229098723086,40.86052458067338
VINCHOS,499.79827880859375,578.114990234375,539.3635864257812,27.038211463837033,8230.555648876305,38.08295500109467
ANDRES AVELINO CACERES DORREGARAY,,,,,7325.432054575765,20.27369903208837
SOCOS,528.91943359375,625.5918579101562,577.255615234375,48.33621215821276,6049.9922575296205,16.42380937065908
TAMBILLO,612.428955078125,612.428955078125,612.428955078125,0.0,8505.964015900183,29.989112654862964
JESUS NAZARENO,,,,,9325.821948708228,38.99692108511604
AYACUCHO,,,,,4728.802767671462,21.659189488350894
SAN JOSE DE TICLLAS,761.7552490234375,761.7552490234375,761.7552490234375,0.0,12232.79713923881,40.9775794857158
ACOS VINCHOS,555.1779174804688,555.1779174804688,555.1779174804688,0.0,7704.2356031472145,46.78925118229269
SANTIAGO DE PISCHA,700.7611694335938,700.7611694335938,700.7611694335938,0.0,8056.548868834543,11.255186213898703
PACAYCASA,,,,,10124.643269769671,12.4461894430558
QUINUA,685.857177734375,685.857177734375,685.857177734375,0.0,8699.648393790505,22.894374116419954
ACARI,5.087061882019043,25.324914932250977,10.226272583007812,6.152640262747298,10859.409901739735,29.614190022837946
BELLA UNION,5.125378131866455,6.951348304748535,5.9661509195963545,0.5919904199620056,8861.372495605472,17.131494793494234
MI PERU,,,,,6162.687876078686,45.28304018300717
YAGUAS,1995.3134765625,2966.882080078125,2539.2036637931033,231.67233069223354,9084.510575618306,31.36100292277677
ROSA PANDURO,1725.7406005859375,2442.8515625,2139.879817708333,164.51835977456057,4568.821378038015,25.591705723611092
HUANTA,490.57330322265625,490.57330322265625,490.57330322265625,0.0,8325.67911732957,3.461357141972087
INKAWASI,569.6160888671875,1676.1090087890625,1174.4503348214287,360.7349084760397,7900.310028066618,5.262762753587392
ANDAYMARCA,689.196533203125,689.196533203125,689.196533203125,0.0,7375.649428182381,29.215138754227095
QUICHUAS,714.857177734375,714.857177734375,714.857177734375,0.0,7614.387465683208,-6.988934392322545
VILLA VIRGEN,1385.7198486328125,1926.6337890625,1744.7109375,194.41068701689736,2354.452863507083,40.18956114466108
JOSE MARIA ARGUEDAS,661.24560546875,661.24560546875,661.24560546875,0.0,6353.8252767771155,22.627692334415194
PUCACOLPA,761.9183959960938,2732.87353515625,1571.43359375,731.6018854343656,8278.534703423344,73.64639454392099
TINTAY PUNCU,910.08154296875,910.08154296875,910.08154296875,0.0,8479.569175992201,59.61874375924166
AYAHUANCO,911.6422119140625,1363.61572265625,1070.0304361979167,207.8119307107784,4916.974577222125,22.278263961287248
VIZCATAN DEL ENE,2485.9267578125,3900.90869140625,3074.877734375,502.5521678545853,11797.123522594102,23.404944962030275
VILLA KINTIARINA,2194.1396484375,2194.1396484375,2194.1396484375,0.0,5401.475455356498,39.933722710030445
LA YARADA LOS PALOS,12.967408180236816,14.987245559692383,14.011538696289062,0.6773455360734161,10908.37160158021,50.54758914877057
LA MORADA,1551.6461181640625,3004.806884765625,2504.2580078125,390.286351258052,9281.583085615055,0.4295641384597495
SANTA ROSA DE ALTO YANAJANCA,824.2450561523438,2770.237548828125,1797.3662109375,665.2287074349313,6061.318070468591,-1.795631980320298
SAN PABLO DE PILLAO,1319.1082763671875,2865.780029296875,2039.320703125,525.1413647340829,13325.932677828536,15.66947791668428
CHACA,504.43597412109375,504.43597412109375,504.43597412109375,0.0,4419.08950473056,33.74106374760797
ROBLE,822.9214477539062,1961.598876953125,1364.6260579427083,466.5029472921514,10757.462520830004,32.453103857613954
PICHOS,559.039306640625,559.039306640625,559.039306640625,0.0,11001.746954128936,41.04657182475775
ROCCHACC,,,,,5988.139372770065,7.004537074520378
EL PORVENIR,1009.859375,1009.859375,1009.859375,0.0,12177.395900192987,-9.742157944533147
SANTIAGO DE TUCUMA,598.1463012695312,598.1463012695312,598.1463012695312,0.0,7249.860456203141,37.87021292953218
CHUNGUI,637.3334350585938,1049.125,767.56953125,148.7990681142392,8866.080887839571,12.577055905521481
LOS CHANKAS,916.8179321289062,916.8179321289062,916.8179321289062,0.0,8780.965516313663,-5.2773179658295675
ECHARATE,1033.601806640625,4605.62255859375,2110.453676470588,828.0888133332297,7597.0737755883565,27.175956189390725
JOSE CRESPO Y CASTILLO,2458.077880859375,3317.749755859375,2788.818181818182,244.83203849862974,10432.424819479347,36.897635323280156
HERMILIO VALDIZAN,,,,,10380.466161656639,23.16914301818084
DANIEL ALOMIA ROBLES,2524.724609375,3111.81787109375,2783.5060546875,188.78570573170444,2754.404080285458,18.13227420726266
RUPA-RUPA,2757.7451171875,3196.005615234375,3047.4339192708335,204.86346642646893,11913.020728634458,22.609566517811402
MARIANO DAMASO BERAUN,2822.0078125,3648.607666015625,3269.313895089286,277.1179401389532,3012.524035892977,19.441258563988256
LUYANDO,2880.5927734375,2880.5927734375,2880.5927734375,0.0,11097.638613024972,4.779293320897494
PUCAYACU,2249.849853515625,2713.119384765625,2477.20703125,171.87096172978843,11380.115410482751,14.279789845143522
CASTILLO GRANDE,,,,,4727.100709354405,32.81919857520722
PUEBLO NUEVO,2683.165283203125,2827.53955078125,2755.3525390625,72.18713378916571,6767.557136136245,29.8251781206475
SANTO DOMINGO DE ANDA,2539.94775390625,2757.33203125,2648.639892578125,108.692138671875,4682.885994542193,27.520897089502302
SAN MIGUEL,665.419677734375,665.419677734375,665.419677734375,0.0,7355.236909133794,10.072772772199308
HUAURA,1.6322147846221924,16.183712005615234,7.322177410125732,5.6664567003804045,7075.897147442776,22.277452567964993
