id_aviso,puesto,empresa,familia,terminos_busqueda,n_busquedas,area,subarea,nivel_laboral,modalidad,jornada,tipo_contrato,tipo_empleo_schema,vacantes,multiples_vacantes,apto_discapacidad,postulacion_rapida,alta_revision_perfiles,aviso_nuevo,departamento,distrito,pais,ubicacion_texto,fecha_publicacion,fecha_vencimiento,dias_publicado,antiguedad_texto,salario_texto,salario_min,salario_max,salario_moneda,salario_periodo,experiencia_min_anios,pide_ingles,herramientas,n_herramientas,pide_sql,pide_python,pide_r,pide_power_bi,pide_excel,pide_tableau,pide_qlik,pide_looker,pide_sas,pide_spss,pide_stata,pide_spark,pide_databricks,pide_aws,pide_azure,pide_google_cloud,pide_sap,pide_snowflake,pide_etl,pide_machine_learning,empresa_confidencial,empresa_verificada,empresa_id,empresa_url,empresa_industria,empresa_ubicacion,empresa_tamano,empresa_descripcion,calif_general,calif_ambiente_laboral,calif_balance_vida_trabajo,calif_beneficios,calif_desarrollo_profesional,calif_gestion_liderazgo,calif_salario,personas_quieren_trabajar_aqui,descripcion,largo_descripcion,aviso_repetido,url,fecha_extraccion
1118453111,Analista de Datos Operativos,OSLO,Análisis de datos / BI,analista de datos,1,"Tecnología, Sistemas y Telecomunicaciones",Análisis de Datos,No especificado,Híbrido,Full-time,Indeterminado,FULL_TIME,1,False,False,False,False,True,Lima,San Borja,PE,"San Borja, Lima, Peru",2026-09-23,2026-12-22,0,Publicado hace 10 horas,,,,,,2.0,False,"Power BI, Excel",2,False,False,False,True,True,False,False,False,False,False,False,False,False,False,False,False,False,False,False,False,False,False,13306606,https://www.bumeran.com.pe/perfiles/empresa_oslo_13306606.html,,,,,,,,,,,,,"¡Somos el equipo que le pone punche a la logística! Nos especializamos en la planificación del abastecimiento y en la gestión de importaciones. Lo que más nos motiva es generar valor a nuestros clientes, asegurando una cadena logística eficiente y un servicio de primera. Tenemos actitud, compromiso y sobre todo, muchas ganas de hacerlo bien. Por eso, todos los días nos retamos a mejorar, guiados por nuestras conductas culturales.
Analista de Datos Operativos
¿Cuál será tu desafío?
Asegurar la calidad y trazabilidad de la data operativa crítica de OSLO, mediante la validación de fuentes e indicadores, para sostener la analítica de performance logística.
¿Cómo lo lograrás?
Validar la consistencia funcional de los cubos e información recibida de BI/Sistemas
Documentar fuente, periodicidad, responsable y uso de cada indicador.
Identificar inconsistencias y brechas en la información operativa (capacidad, productividad, cumplimiento, volumen, etc).
Dar soporte al dominio de centros de distribución, tercerización, transporte y performance operativa.
Levantar drivers operativos faltantes: bultos, paletas, camiones, capacidad utilización, etc.
¿Qué necesitamos de ti?
Bachiller en Ingeniería Industrial y/o de sistemas, estadística o afines.
Experiencia mínima de 2 años como Asistente de Datos, BI, analytics o afines.
Indispensable: experiencia en operadores logísticos o empresas de supply chain.
Experiencia en validación de datos, documentación de indicadores y drivers operativos logísticos.
Manejo de Power BI nivel intermedio
Manejo de Excel nivel avanzado
¿Qué te ofrecemos?
Incorporarse al segundo empleador más grande del país, mediante contrato indeterminado.
Beneficios de acuerdo a Ley.
""OSLO fomenta y respeta la equidad de género, inclusión y diversidad en sus procesos de atracción del talento y crecimiento. Recuerda utilizar nuestros canales de reclutamiento oficiales y que participar en el proceso de selección no tiene costo.”
“En Intercorp nos comprometemos con la igualdad de oportunidades. Todos los/las postulantes serán considerados sin importar su origen étnico, sexo, edad, estado civil, orientación sexual, religión, capacidades diferentes, nacionalidad o condición económica.”",2216,False,https://www.bumeran.com.pe/empleos/analista-de-datos-operativos-oslo-1118453111.html,2026-09-23 21:32
1118453948,Data Analyst,San Fernando - La buena Familia,Análisis de datos / BI,data analyst,1,Oficios y Otros,Otros,Junior,Híbrido,Full-time,Indeterminado,FULL_TIME,1,False,False,False,False,True,Lima,Surquillo,PE,"Surquillo, Lima, Peru",2026-09-23,2026-12-22,0,Publicado hace 5 horas,,,,,,1.0,True,"Python, Power BI",2,False,True,False,True,False,False,False,False,False,False,False,False,False,False,False,False,False,False,False,False,False,True,10002829,https://www.bumeran.com.pe/perfiles/empresa_san-fernando-la-buena-familia_10002829.html,Consumo masivo,"LIMA, Lima",Entre 1001 y 5000 empleados,"Somos una empresa peruana con mpas de 75 años en el mercado. Dedicada a la producción y comercialización de alimentos de consumo masivo de las líneas pollo, pavo, cerdo, huevo y productos procesados. Líderes en los mercados con los que competimos a nivel nacional.",3.8,3.6,3.6,3.9,3.6,3.4,3.3,30.0,"En San Fernando, buscamos un Data Analyst que actúe como puente entre los datos y el negocio, transformando información de distintas fuentes en análisis, visualizaciones e insights que ayuden a comprender mejor nuestras operaciones, clientes y mercado.
Esta posición tendrá un rol clave en la gestión de datos, construcción de tableros, análisis de tendencias y generación de recomendaciones para la toma de decisiones en distintas áreas de la compañía.
¿QUÉ NECESITAS?
Educación superior completa en Ingeniería de Sistemas, Computación, Informática, Ingeniería Industrial, Ingeniería Empresarial o carreras afines.
Mínimo 1 año de experiencia en gestión de datos, data analytics o funciones similares.
Manejo de Python.
Manejo de herramientas BI, especialmente Power BI.
Inglés intermedio.
Deseable estudios en Big Data.
Deseable estudios en Cloud Computing.
Capacidad para limpiar, transformar y analizar información de distintas fuentes.
Comunicación efectiva para presentar hallazgos a audiencias técnicas y no técnicas.
Orientación al cliente interno, trabajo colaborativo y pensamiento analítico.
¿QUÉ HARÁS?
Recopilar datos desde bases internas, APIs y archivos web.
Limpiar, preparar y validar datos para asegurar su calidad y confiabilidad.
Identificar errores, inconsistencias y valores atípicos en las bases de información.
Aplicar técnicas estadísticas y de minería de datos para analizar conjuntos de datos complejos.
Identificar patrones, tendencias y relaciones relevantes para el negocio.
Extraer insights que respalden la toma de decisiones estratégicas.
Crear visualizaciones claras y efectivas mediante gráficos, diagramas y dashboards.
Construir tableros en herramientas BI y dar seguimiento a su uso.
Comunicar resultados de análisis de forma clara, accionable y orientada al negocio.
Colaborar con equipos multifuncionales como marketing, ventas, finanzas y otras áreas.
Participar activamente en ceremonias ágiles y en la comunidad de práctica de data analytics.
¿QUÉ OFRECEMOS?
EPS cubierto al 60%.
Asignación por escolaridad y aguinaldo.
Convenios con universidades.
Capacitación interna constante.
¡Ven y únete a LA BUENA FAMILIA!
En San Fernando, evaluamos a nuestros candidatos y candidatas en función de sus conocimientos, habilidades y experiencia, asegurando un proceso de selección basado en mérito y equidad. No discriminamos por motivos de raza, religión, orientación sexual, condición física, situación socioeconómica o cualquier otra característica personal.
Política de privacidad de datos para los postulantes
Los datos personales solicitados son necesarios para evaluar su interés y perfil profesional para ocupar una posición en San Fernando S.A. Estos podrán incluir información de identificación, contacto, formación, trayectoria profesional, remuneración, evaluaciones psicotécnicas y demás datos proporcionados durante el proceso. Si no los proporciona, no podremos continuar con su evaluación.
Recopilamos sus datos para gestionar su postulación, evaluación y selección. Serán almacenados en el Banco de Datos Personales “Postulantes”, inscrito mediante Resolución Directoral N.º 931-2020-JUS/DGTAIPD-DPDP, bajo titularidad de San Fernando.
Los datos podrán ser encargados o transferidos a Google LLC, proveedor de alojamiento en la nube ubicado en Estados Unidos, y comunicados a autoridades administrativas, judiciales o policiales cuando exista una obligación legal.
Conservaremos sus datos durante el tiempo necesario para evaluar su postulación y podrán mantenerse para futuras vacantes similares hasta que revoque su consentimiento.
Como titular, puede ejercer sus derechos de acceso, rectificación, cancelación, oposición, limitación y revocación escribiendo a: derechosarco(arroba)san-fernando.com.pe.",3754,False,https://www.bumeran.com.pe/empleos/data-analyst-san-fernando-la-buena-familia-1118453948.html,2026-09-23 21:32
1118450782,Analista de Información Comercial,Confidencial,Análisis de datos / BI,analista de informacion,1,"Comercial, Ventas y Negocios",Comercial,Semi Sr,Presencial,Full-time,Indeterminado,FULL_TIME,1,False,False,False,True,False,Lima,La Victoria,PE,"La Victoria, Lima, Peru",2026-09-22,2026-12-21,1,Actualizado hace 10 horas,,,,,,,False,"Python, Power BI, Excel, SAP",4,False,True,False,True,True,False,False,False,False,False,False,False,False,False,False,False,True,False,False,False,True,False,,,,,,,,,,,,,,,"Puesto: Analista de Información Comercial
Modalidad: Presencial (Lima)
Objetivo
Liderar la actualización del modelo en Power BI, automatizar flujos de datos comerciales y brindar soporte analítico a la Gerencia Comercial y Fuerza de Ventas.
Responsabilidades Clave:
Mantener y mejorar el dashboard de la empresa en Power BI
Gestionar pipelines de limpieza y transformación de datos en Python integrados con Power Automate.
Extraer y normalizar inventarios operativos desde SAP.
Liquidar y enviar avances periódicos concursos comerciales.
Analizar información para reuniones con gerencia.
Monitorear información a detalle y cierre los finales mensuales
Requisitos:
Egresado/Bachiller en Ing. de Sistemas, Industrial, Economía, Administración o afines.
Experiencia en Inteligencia Comercial o Análisis de Datos.
Power BI: Intermedio/Avanzado (DAX, modelado relacional).
Python: Manejo de datos y automatización (deseable)
SAP a nivel usuario(opcional)
Herramientas: Excel y Power Automate intermedio.
¡Postula y forma parte de nuestro equipo!",1040,False,https://www.bumeran.com.pe/empleos/analista-de-informacion-comercial-1118450782.html,2026-09-23 21:32
1118452239,Data Analyst,FARMACIAS PERUANAS,Análisis de datos / BI,data analyst,1,"Tecnología, Sistemas y Telecomunicaciones",Análisis de Datos,Semi Sr,Híbrido,Full-time,Indeterminado,FULL_TIME,1,False,False,True,False,False,Lima,La Victoria,PE,"La Victoria, Lima, Peru",2026-09-22,2026-12-21,1,Publicado ayer,,,,,,1.0,True,"SQL, Power BI, Excel, Google Cloud",4,True,False,False,True,True,False,False,False,False,False,False,False,False,False,False,True,False,False,False,False,False,True,1673060,https://www.bumeran.com.pe/perfiles/empresa_farmacias-peruanas_1673060.html,Farmacéutica,"Chorrillos, Lima",,"FARMACIAS PERUANAS, retail farmacéutico que nació de la unión de dos grandes marcas: INKAFARMA y MIFARMA, y somos parte del grupo INTERCORP. Somos más de 21,000 corazones latiendo en todo el Perú, con más de 2,000 boticas en la Costa, Sierra y Selva. Existimos por una gran razón: ""Proteger la salud y el bienestar de todas las familias peruanas""

En Farmacias Peruanas, Inkafarma y Mifarma, creemos que la diversidad suma, por eso somos una Empresa que promueve y respeta, en sus procesos de reclutamiento y selección, la igualdad de género, la inclusión y la diversidad. #DiversidadSuma",3.1,3.2,3.0,3.3,3.0,3.0,2.7,15.0,"Somos FARMACIAS PERUANAS, retail farmacéutico parte del grupo INTERCORP que nació de la unión de dos grandes marcas: INKAFARMA y MIFARMA. Somos más de 21,000 corazones latiendo en todo el Perú en más de 2,500 boticas en la Costa, Sierra y Selva. Existimos por una gran razón: Proteger la salud y el bienestar de todas las familias peruanas.
Buscamos siempre a personas que quieran sumarse a nuestro equipo para ayudarnos a cumplir nuestro propósito.
Si tienes interés en ser Data Analyst en la dirección de Innovación y Omnicanalidad, enfocados en potenciar la toma de decisiones mediante el análisis de datos, la automatización de reportes y la generación de insights que impulsen el crecimiento de los canales digitales y la experiencia omnicanal de nuestros clientes, esta oportunidad puede ser para ti.
¿Cuáles serán tus principales desafíos?
Recopilar, limpiar y estructurar información proveniente de diversas fuentes como plataformas publicitarias, CRM, Salesforce, BigQuery y e-commerce.
Desarrollar reportes, dashboards y alertas utilizando herramientas analíticas e Inteligencia Artificial para gerencia y stakeholders clave.
Analizar el desempeño de campañas, audiencias y contenidos, identificando oportunidades de optimización y crecimiento.
Construir y validar segmentaciones y audiencias activables en coordinación con los equipos de Performance, Medios y Automation.
Asegurar la calidad, consistencia y gobernanza de los datos, documentando procesos y KPIs relevantes para el negocio.
Investigar nuevas fuentes de información, herramientas analíticas y aplicaciones de IA que fortalezcan la toma de decisiones.
¿Qué características tiene la persona que buscamos?
Formación: Bachiller o egresado universitario/técnico de Estadística, Economía, Ingeniería Industrial, Ingeniería de Sistemas, Informática, Administración o carreras afines.
Experiencia mínima de 1 año como Analista de Datos, Analista Business Intelligence, Asistente de Data Analytics o posiciones similares.
Indispensable manejo de Excel Avanzado, SQL y Google Analytics.
Deseable experiencia en herramientas de visualización y análisis de datos como Power BI, Data Studio y BigQuery.
Deseable conocimiento de plataformas de marketing digital, analítica web e Inteligencia Artificial aplicada al análisis de datos.
Inglés a nivel intermedio.
En Farmacias Peruanas, Inkafarma y Mifarma, creemos que la diversidad suma, por eso somos una Empresa que promueve y respeta, en sus procesos de reclutamiento y selección, la igualdad de género, la inclusión y la diversidad. #DiversidadSuma
¡Postula y forma parte de nuestro equipo!",2605,False,https://www.bumeran.com.pe/empleos/data-analyst-farmacias-peruanas-1118452239.html,2026-09-23 21:32
1118451204,"Jóvenes Profesionales Octubre 2026: Interés en BBDD, Desarrollo y Power BI",INDRA PERU,Análisis de datos / BI,power bi,1,"Tecnología, Sistemas y Telecomunicaciones",Tecnologías de la Información,Sin Experiencia,Remoto,Full-time,Indeterminado,FULL_TIME,4,True,False,False,False,False,Lima,Lima,PE,"Lima, Lima, Peru",2026-09-22,2026-12-21,1,Publicado ayer,,,,,,,False,Power BI,1,False,False,False,True,False,False,False,False,False,False,False,False,False,False,False,False,False,False,False,False,False,False,2255030,https://www.bumeran.com.pe/perfiles/empresa_indra-peru_2255030.html,Informática / Tecnología,"Lima, Aguascalientes",Entre 1001 y 5000 empleados,"Somos una de las principales empresas globales de consultoría y tecnología y el socio tecnológico global para los negocios clave de nuestros clientes. Desarrollamos una oferta de soluciones propias, servicios avanzados y de alto valor añadido en tecnología.",,,,,,,,,"¡Te buscamos a ti!
¿Has finalizado tus estudios en carreras universitarias de Ingeniería de Sistemas, Informática, Software, computación o afines? ¿Eres una persona proactiva, innovadora, con ganas de aprender y de participar en proyectos de tecnología, ingeniería, desarrollo de soluciones y producción de software?
¡Entonces encontraste el lugar ideal para ti!
¡Comienza tu carrera en un entorno donde tecnología, talento e innovación van de la mano! ¡Te invitamos a participar de nuestro programa de Jóvenes Profesionales!
¿Qué buscamos?
Profesionales recién egresados (2025-2026) de carreras universitarias de Ingeniería de Sistemas, Informática, Software, Computación o afines.
Deseable experiencia previa en prácticas pre-profesionales.
Conocimientos e interes en desarrollarse como Analista de Soporte de Aplicaciones Jr.
Habilidades deseadas: Capacidad de análisis. Trabajo en equipo. Proactividad. Comunicación.
Disponibilidad a tiempo completo.
Trabajo remoto
¿Qué esperamos de ti?
Voluntad de aprender y crecer profesionalmente con nosotros.
No necesitas experiencia laboral
¿Qué beneficios te ofrecemos?
Capacitación y formación profesional.
Línea de carrera profesional en una empresa líder de su sector.
EPS cubierta al 100%.
Excelente clima laboral.
Beneficios como: Tarde de cumpleaños libre, horario flexible, horario de verano, vestimenta casual.
Convenios corporativos en educación, tecnología, entretenimiento, restaurantes, entre otros.",1457,False,https://www.bumeran.com.pe/empleos/jovenes-profesionales-octubre-2026-interes-en-bbdd-desarrollo-y-power-bi-indra-peru-1118451204.html,2026-09-23 21:32
1118450560,ANALISTA DE CIENCIA DE DATOS | STAFF LA MOLINA,AC CORPORATIVO DEL PERU S.A.C.,Análisis de datos / BI,analista de datos; ciencia de datos,2,"Tecnología, Sistemas y Telecomunicaciones",Análisis de Datos,Junior,Presencial,Full-time,Autónomo,CONTRACTOR,1,False,False,False,True,False,Lima,La Molina,PE,"La Molina, Lima, Peru",2026-09-21,2026-12-20,2,Actualizado hace 13 horas,,,,,,2.0,False,"SQL, Python, R",3,True,True,True,False,False,False,False,False,False,False,False,False,False,False,False,False,False,False,False,False,False,True,13383929,https://www.bumeran.com.pe/perfiles/empresa_ac-corporativo-del-peru-s.a.c._13383929.html,,,,,,,,,,,,,"AC Coorporativo reconoce la inclusión, la igualdad de oportunidades y la diversidad como un pilar fundamental que brinda un invaluable aporte e impacto positivo a la organización. Buscamos garantizar que todos los colaboradores se sientan respetados y valorados en su individualidad y no excluidos en sus interacciones con otros colaboradores logrando generar las condiciones que nos permitan obtener las mejores ideas, perspectivas, decisiones y contribuciones de cada colaborador.
Estudios universitarios culminados de las carreras de Ingeniería de Sistemas, Ingeniería Industrial, Estadística, Informática o carreras afines.
Contar con 02 años de experiencia en análisis de datos, gestión de información, elaboración de reportes e indicadores, y desarrollo de modelos analíticos o predictivos para la generación de insights y soporte a la toma de decisiones del negocio
Dominio de herramientas de análisis y gestión de datos.
Dominio de lenguajes de programación y análisis de datos como Python, SQL y/o R (indispensable).
RESPONSABILIDADES:
Misión: Comunicar las características y capacidades de las ciencias de los datos a las partes interesadas internas y externas con el fin de identificar las necesidades del negocio y descubrir las áreas que necesitan una exploración más profunda de los datos que permita desarrollar casos donde el beneficio sea de incrementar ventas, disminuir costos o mejorar el uso de activos
Analizar y evaluar información relevante de los datos, para contribuir a la automatización y optimización de los procesos.
Administrar la información de datos a largo plazo, para facilitar el desarrollo de modelos con alta asertividad.
Evaluar y proporcionar modelos para diferentes áreas del negocio, para mejorar resultados en ventas, costos y la utilización de activos.
Diseñar y desarrollar modelos de analítica avanzada, descriptivos, predictivos y prescriptivos, alineados a las estrategias del negocio, para optimizar procesos, generar oportunidades de mejora, incrementar la eficiencia operativa y asegurar la generación de valor en la organización.
Administrar, consolidar y estructurar las bases de datos de ventas, clientes, promociones, ejecución, márgenes, participación de mercado, georreferenciación y clima, provenientes de las áreas comercial, marketing, operaciones, finanzas y proveedores externos, para asegurar su disponibilidad y uso en el desarrollo de modelos analíticos.
Analizar información compleja proveniente de ventas, comportamiento de clientes, promociones y ejecución, mediante la construcción de modelos de predicción multivariable, para generar soluciones analíticas que soporten la toma de decisiones del negocio.
AC Coorporativo es una empresa que ofrece igualdad de oportunidades. Las decisiones de contratación se toman sin distinción de raza o etnia, color, religión, nacionalidad, sexo, orientación sexual, identidad de género, edad, discapacidad, estatus de veterano protegido o alguna otra característica protegida por la le",2991,False,https://www.bumeran.com.pe/empleos/analista-de-ciencia-de-datos-%7C-staff-la-molina-ac-corporativo-del-peru-s.a.c.-1118450560.html,2026-09-23 21:32
1118449337,Analista de Data BI / Compras,SODEXO PERU,Análisis de datos / BI,analista bi,1,Abastecimiento y Logística,Compras,Junior,Presencial,Full-time,Indeterminado,FULL_TIME,1,False,False,False,False,False,Lima,Lince,PE,"Lince, Lima, Peru",2026-09-21,2026-12-20,2,Publicado hace 2 días,,,,,,2.0,False,Excel,1,False,False,False,False,True,False,False,False,False,False,False,False,False,False,False,False,False,False,False,False,False,True,10070641,https://www.bumeran.com.pe/perfiles/empresa_sodexo-peru_10070641.html,Servicios,"Lima, Lima",Entre 1001 y 5000 empleados,"En Sodexo Perú, formamos parte de una compañía global de origen francés con presencia en el país desde 1998. Brindamos Soluciones Integrales de Servicio que mejoran la calidad de vida de nuestros clientes en sectores como minería, hidrocarburos, energía, defensa y diversas industrias a lo largo de la costa, sierra y selva.
Ofrecemos servicios de alimentación, hotelería, lavandería, limpieza, mantenimiento de infraestructura y recreación, entre otros, siempre con el compromiso de crear un mejor día para todos y todas.
En Sodexo valoramos a cada persona y fomentamos un ambiente donde puedas pertenecer, actuar y crecer a tu manera, bajo una mentalidad de Cero Daño que coloca la seguridad y el bienestar en el centro de todo lo que hacemos. Además, impulsamos el desarrollo de nuestros colaboradores y sus familias, promoviendo beneficios que fortalecen su bienestar y crecimiento profesional.",3.7,3.8,3.5,3.5,3.4,3.4,3.4,26.0,"Sodexo se encuentra en busqueda de un Analista de Datos BI para el área de compras.
Requisitos:
Profesional universitario o en las carreras de ingeniería industrial, administración y carreras afines.
Experiencia de 2 años en análisis de data.
Conocimiento en procesos de compras (Deseable).
Excel avanzado (Power Query, Tablas Dinámicas - Macro) (Indispensable).
Manejo de MS.OFFICE a nivel intermedio.
Conocimiento de VBA (Indispensable)
Funciones:
1 - Responsable de hacer seguimiento en la validación de mejoras, pruebas, automatizaciones del MDC.
2 - Coordinar con áreas como Operaciones, Compras y Mejora continua para en conjunto llegar a un acuerdo en funciones a los avances, mejoras y automatizaciones del MDC
3 - Responsable de la capacitación del MDC a antiguos y nuevos usuarios , GTC y proveedores sobre el uso del MDC.
4 - Responsable en reunir y recolectar el feedback de los usuarios para convertirlo en mejoras y proponer cambios al área de Mejora Continua para beneficio del uso del MDC
5 - Recepción de proveedores ""nuevos"" por parte de COMPRAS para continuar con el proceso de homologación correspondiente.
6 .- Medición y gestión de penalización de proveedores.
7 - Gestión de proveedores.
8 - Reportería diversa utilizando excel avanzado (Power Query, Tablas Dinámicas - Macro), PBI intermedio, VBA avanzado.
9- Analisis de data.
10- Cualquier trabajo adicional relacionado a la materia de sus funciones que se puedan necesitar.
Beneficios:
Ingreso a planilla con todos los beneficios de ley.
Capacitación constante.
Línea de carrera.",1556,False,https://www.bumeran.com.pe/empleos/analista-de-data-bi-compras-sodexo-peru-1118449337.html,2026-09-23 21:32
1118450555,ANALISTA TRADUCTOR(A) DE DATOS | STAFF LA MOLINA,AC CORPORATIVO DEL PERU S.A.C.,Análisis de datos / BI,analista de datos,1,"Tecnología, Sistemas y Telecomunicaciones",Análisis de Datos,Junior,Presencial,Full-time,Indeterminado,FULL_TIME,1,False,False,False,True,False,Lima,La Molina,PE,"La Molina, Lima, Peru",2026-09-21,2026-12-20,2,Actualizado hace 6 horas,,,,,,2.0,False,"Power BI, Excel",2,False,False,False,True,True,False,False,False,False,False,False,False,False,False,False,False,False,False,False,False,False,True,13383929,https://www.bumeran.com.pe/perfiles/empresa_ac-corporativo-del-peru-s.a.c._13383929.html,,,,,,,,,,,,,"AC Corporativo reconoce la inclusión, la igualdad de oportunidades y la diversidad como un pilar fundamental que brinda un invaluable aporte e impacto positivo a la organización. Buscamos garantizar que todos los colaboradores se sientan respetados y valorados en su individualidad y no excluidos en sus interacciones con otros colaboradores logrando generar las condiciones que nos permitan obtener las mejores ideas, perspectivas, decisiones y contribuciones de cada colaborador.
Nos encontramos en búsqueda del mejor talento para la posicion de Analista Traductor de Datos.
REQUISITOS:
Estudios universitarios culminados de las carreras de Ingeniería de Estadística, Ingeniería Industrial o carreras afines.
Experiencia mínima de 02 años en análisis de datos, business intelligence o analítica, desarrollando iniciativas de soporte a la toma de decisiones.
Conocimientos en gestión y modelamiento de datos, herramientas de análisis y visualización de información, y capacidad para traducir necesidades del negocio en soluciones analíticas.
Manejo de Excel y Power BI – Nivel avanzado (indispensable).
RESPONSABILIDADES:
Misión: Preparar y documentar análisis que apoyen la comunicación y desarrollo de las capacidades de analítica avanzada dentro de la organización, con el fin de permitir el despliegue de casos de uso con beneficio en incrementar ventas, disminuir costos o mejorar el uso de activos.
Analizar y evaluar las necesidades del negocio en sus distintas áreas, para identificar oportunidades y traducirlas en requerimientos de analítica que contribuyan a la generación de valor en la organización.
Reportar el seguimiento de los casos de uso, para asegurar su desarrollo a lo largo de las tres etapas del proceso analítico.
Apoyar y ejecutar la implementación de los modelos de negocio en las áreas determinadas, para la captura de valor en la organización.
Apoyar y promover el cambio cultural en la organización, para fortalecer la adopción del uso de analítica en las áreas.
Analizar y evaluar los modelos matemáticos propuestos, para asegurar que las soluciones se alineen a las necesidades del negocio.
Desarrollar e Implementar modelos de analítica avanzada de acuerdo con las estrategias del negocio, para generar impacto en el incremento de ventas, la reducción de costos y la optimización del uso de los activos.

AC Corporativo es una empresa que ofrece igualdad de oportunidades. Las decisiones de contratación se toman sin distinción de raza o etnia, color, religión, nacionalidad, sexo, orientación sexual, identidad de género, edad, discapacidad, estatus de veterano protegido o alguna otra característica protegida por la ley.",2657,False,https://www.bumeran.com.pe/empleos/analista-traductora-de-datos-%7C-staff-la-molina-ac-corporativo-del-peru-s.a.c.-1118450555.html,2026-09-23 21:32
1118448706,Analista de Gobierno y Calidad de Datos,Rimac Cia de Seguros y Reaseguros S.A.,Análisis de datos / BI,analista de datos,1,"Tecnología, Sistemas y Telecomunicaciones",Análisis de Datos,Semi Sr,Híbrido,Full-time,Indeterminado,FULL_TIME,1,False,False,False,False,False,Lima,San Isidro,PE,"San Isidro, Lima, Peru",2026-09-20,2026-12-19,3,Publicado hace 3 días,,,,,,1.0,False,"SQL, Python, Power BI, Excel, Looker, Google Cloud",6,True,True,False,True,True,False,False,True,False,False,False,False,False,False,False,True,False,False,False,False,False,True,10119945,https://www.bumeran.com.pe/perfiles/empresa_rimac-cia-de-seguros-y-reaseguros-s.a._10119945.html,Seguros,"Lima, Lima",Entre 1001 y 5000 empleados,"¡En Rímac Seguros, trabajamos día a día, por un mundo con menos preocupaciones!

Somos la empresa líder del mercado asegurador, con 129 años de experiencia y más de 3 mil colaboradores al servicio de nuestros clientes. Pertenecemos a BRECA, el grupo empresarial más grande del Perú.",4.4,4.3,4.2,4.4,4.1,4.2,4.3,22.0,"‼️ ÚNICO LINK PARA POSTULAR (copiar link en otra ventana): 🌐 https://form.typeform.com/to/N5wAuoFj
En Rimac Seguros y Reaseguros buscamos ¡ayudar a más personas a vivir mejor por más tiempo! ❤️
Somos la empresa líder de sector seguros, tenemos 130 años de experiencia en el mercado peruano y formamos parte del grupo empresarial más grande del Perú: BRECA. 🎖️
ANALISTA DE GOBIERNO Y CALIDAD DE DATOS ⭐️
🎯 Objetivo del puesto: Ejecutar y optimizar procesos de Gobierno y Calidad de Datos, asegurando que la información sea confiable, trazable y aprovechable para la toma de decisiones, mediante el desarrollo y automatización de soluciones de ingeniería de datos en entornos cloud.
💫 Funciones:
Diseñar, desarrollar y mantener procesos de calidad de datos, incluyendo perfilado, implementación de reglas, monitoreo de resultados y soporte en la remediación de incidencias.
Programar y automatizar soluciones de ingeniería para procesos de gobierno y calidad de datos en GCP y Palantir.
Administrar y potenciar las capacidades de catalogación y gobierno en GCP, principalmente BigQuery y Dataplex, asegurando la gestión de metadatos, clasificación, linaje y trazabilidad.
Construir y mantener dashboards e indicadores para el seguimiento de calidad, cobertura de controles, cumplimiento de estándares y planes de remediación.
Implementar casos de uso de Inteligencia Artificial aplicados al gobierno de datos, como clasificación de información, generación de descripciones y recomendación de reglas.
Aplicar políticas, estándares y buenas prácticas de Gobierno y Calidad de Datos basadas en DAMA-DMBOK.
Documentar las soluciones implementadas y brindar soporte técnico a los equipos involucrados, asegurando su mantenibilidad, reutilización y mejora continua.
✅ Requisitos:
Bachiller en Ingeniería de Sistemas, Ingeniería Informática, Ingeniería de Software, Ciencia de Datos o carreras afines.
3 años o más de experiencia como Analista/Ingeniero de Calidad de Datos, Ingeniero de Datos, Analista de Gobierno de Datos o posiciones similares.
Mínimo 1 año de experiencia específica en Gobierno y/o Calidad de Datos, desarrollando controles de calidad, automatización de procesos y/o catalogación de datos.
Experiencia trabajando con plataformas cloud y grandes volúmenes de información.
Manejo de GCP a nivel intermedio, principalmente BigQuery y Dataplex (Knowledge Catalog); deseable experiencia con Cloud Storage, Dataform, Composer y/o Vertex AI.
Manejo de SQL y Python a nivel avanzado para desarrollo y automatización de procesos de datos.
Conocimiento de control de versiones y despliegue mediante Git y CI/CD.
Manejo intermedio de herramientas de explotación y visualización como Looker Studio, Power BI, Palantir Foundry y/o Excel.
Conocimiento de prácticas de Gobierno y Calidad de Datos bajo el marco DAMA-DMBOK.
Conocimiento o experiencia aplicando automatización e Inteligencia Artificial a procesos de datos.
🙌🏼 Beneficios:
EPS al 90% en el plan base + seguro oncológico 100% + portabilidad.
Beneficios Corporativos Breca.
Flex time y early friday todo el año.
Cuponera de días libres + día libre por cumpleaños.
Cursos de capacitación.
Línea de carrera.
Convenio con entidades educativas.
‼️ ÚNICO LINK PARA POSTULAR (copiar link en otra ventana): 🌐 https://form.typeform.com/to/N5wAuoFj
En Rimac Seguros y Reaseguros estamos comprometidos con la igualdad de oportunidades y derechos. Todas las personas que postulen a nuestras vacantes serán consideradas sin importar su origen, género, discapacidad, edad o cualquier otra característica, condición o preferencia.",3576,False,https://www.bumeran.com.pe/empleos/analista-de-gobierno-y-calidad-de-datos-rimac-cia-de-seguros-y-reaseguros-s.a.-1118448706.html,2026-09-23 21:32
1118448521,Analista de Evaluación y Reporte,CERTIMIN S.A.,Análisis de datos / BI,analista de reportes,1,Ingenierías,Ingeniería Química,Junior,Presencial,Full-time,Indeterminado,FULL_TIME,2,True,True,True,False,False,Lima,,PE,"Lima, Peru",2026-09-19,2026-12-18,4,Actualizado hace 2 días,,,,,,2.0,False,Excel,1,False,False,False,False,True,False,False,False,False,False,False,False,False,False,False,False,False,False,False,False,False,True,10147468,https://www.bumeran.com.pe/perfiles/empresa_certimin-s.a._10147468.html,Laboratorio,"Lima, Lima",Entre 51 y 150 empleados,,,,,,,,,,"En CERTIMIN S.A. se encuentra en búsqueda de profesionales para cubrir el puesto: ANALISTA DE EVALUACIÓN Y REPORTE
Requisitos:
-Ing Químico, Químico puro, Ing. Metalurgista o Técnico en operaciones químicas o equivalentes ( Bachiller y/o Titulado)
-Experiencia mínima de 2 años en procesos operativos Vía Humeda, vía seca, Preparación de muestras, técnicas instrumentales, técnicas estadísticas, informática a nivel avanzado.
- Experiencia de 2 años en Evaluación y Reporte de resultados de Minerales.
- Experiencia mínima de 2 años en instrumental.
-Conocimiento en excel avanzado. (INDISPENSABLE)
- Disponibilidad para laborar en San Juan de Miraflores.
BENEFICIOS:
Ingreso a planilla desde el primer día
Seguro vida ley
Capacitaciones constantes",748,False,https://www.bumeran.com.pe/empleos/analista-de-evaluacion-y-reporte-certimin-s.a.-1118448521.html,2026-09-23 21:32
1118448331,430 Analista de Datos,INFORMATICA DELTA S.A.C.,Análisis de datos / BI,analista de datos,1,"Tecnología, Sistemas y Telecomunicaciones",Tecnologia / Sistemas,Semi Sr,Híbrido,Full-time,Temporal,TEMPORARY,1,False,False,True,False,False,Lima,,PE,"Lima, Peru",2026-09-18,2026-12-17,5,Actualizado hace 2 días,,,,,,,False,"Power BI, Databricks, AWS",3,False,False,False,True,False,False,False,False,False,False,False,False,True,True,False,False,False,False,False,False,False,False,13119665,https://www.bumeran.com.pe/perfiles/empresa_informatica-delta-s.a.c._13119665.html,Informática / Tecnología,"Lima, Lima",Entre 51 y 150 empleados,"Empresa peruana que desde 1992 brinda soluciones de TI orientadas a optimizar los procesos y la gestión de las empresas. El profesionalismo, la capacidad y experiencia de nuestro personal y nuestra constante preocupación por alcanzar la excelencia nos permiten garantizar el éxito en los proyectos",,,,,,,,,":Funciones Principales:
Analisis de Datos
Creación de Querys
Creación de Vistas
Implementación de Tableros
Soporte en identificación de fuentes y tablas
Conocimientos y Certificaciones Indispensables:
Power BI
Databricks
BD relacionales y no relacionales
AWS
Conocimientos y Certificaciones Deseables:
Experiencia en Proyectos comerciales, generación de insights, productos digitales
Habilidades Blandas:
Comunicación efectiva
Proactividad",439,False,https://www.bumeran.com.pe/empleos/430-analista-de-datos-informatica-delta-s.a.c.-1118448331.html,2026-09-23 21:32
1118447409,Analista de Base de Datos / Contact Center,QUANTIA SOLUCIONES S.A.C.,Análisis de datos / BI,analista de datos,1,"Atención al Cliente, Call Center y Telemarketing",Call Center,Semi Sr,Presencial,Full-time,Indeterminado,FULL_TIME,1,False,False,False,True,False,Lima,San Isidro,PE,"San Isidro, Lima, Peru",2026-09-18,2026-12-17,5,Actualizado hace 12 horas,,,,,,2.0,False,"SQL, Python, Power BI, Excel",4,True,True,False,True,True,False,False,False,False,False,False,False,False,False,False,False,False,False,False,False,False,False,13349987,https://www.bumeran.com.pe/perfiles/empresa_quantia-soluciones-s.a.c._13349987.html,Informática / Tecnología,"Lima, Lima",Entre 51 y 150 empleados,"Quantia Soluciones S.A.C. es una empresa especializada en BPO y Technology Services, enfocada en el diseño, operación y optimización integral del Customer Experience. Actuamos como una extensión estratégica del negocio de nuestros clientes, integrando talento, procesos y tecnología bajo un modelo propio denominado QCX (Quantia Customer Experience).

Nuestro enfoque articula cuatro unidades de negocio: Contact Center Services, Backoffice Services, Staffing Services y Tech Services, permitiendo ofrecer soluciones escalables, medibles y orientadas a resultados reales de negocio. Operamos con métricas de desempeño, integración tecnológica y gestión basada en datos para impactar indicadores clave como satisfacción del cliente, retención, eficiencia y productividad.",,,,,,,,,"¡Únete a Quantia como Analista de Base de Datos!
En Quantia nos encontramos en búsqueda de un/a Analista de Base de Datos para formar parte de nuestro equipo de WFM / Operaciones.
Buscamos a una persona analítica, orientada al detalle y con interés en la gestión y automatización de datos, que contribuya a la generación de información e insights para la toma de decisiones del negocio.
¿Qué harás?
Extraer, consolidar y validar información de Genesys, CRM, SQL, Excel y otras plataformas.
Diseñar y mantener dashboards e indicadores de gestión en Power BI.
Elaborar y automatizar reportes utilizando SQL, Python, VBA u otras herramientas.
Analizar indicadores de Contact Center como AHT/TMO, ASA/TME, Service Level, Abandono, Occupancy, Adherence, ACW, FCR, productividad y utilización.
Apoyar en el dimensionamiento de personal mediante modelos Erlang / Erlang C.
Elaborar forecast de demanda y calcular requerimientos de dotación por intervalos.
Dar seguimiento a la planificación de turnos, gestión intradía, dotación y adherencia.
Validar la calidad de los datos e identificar inconsistencias y desviaciones.
Analizar tendencias y variaciones en los principales indicadores y presentar resultados e insights a Operaciones, WFM y Gerencia.
¿Qué buscamos?
Bachiller o Titulado en Ingeniería Industrial, Sistemas, Informática, Estadística, Administración o carreras afines.
Mínimo 2 años de experiencia en análisis de datos, reporting o WFM, de preferencia en Contact Center o BPO.
Conocimientos técnicos
SQL: joins, subconsultas, CTE, funciones de ventana, procedimientos almacenados y optimización de consultas.
Power BI: modelamiento de datos, DAX, Power Query y dashboards.
Excel avanzado: tablas dinámicas, Power Query, fórmulas avanzadas y manejo de grandes volúmenes de información.
Python y/o VBA: automatización de reportes y procesos.
Integración y consolidación de información de Genesys, CRM, bases de datos y otras fuentes.
Conocimientos en WFM / Contact Center
Genesys y gestión de campañas, colas, agentes y métricas.
Erlang / Erlang C y dimensionamiento de personal.
Forecasting y proyección de demanda.
Planificación de turnos y gestión intradía.
Seguimiento de dotación y adherencia.
Principales métricas de Contact Center.
Beneficios
Ingreso a planilla desde el primer día.
Todos los beneficios de ley. al 100%
Oportunidad de crecimiento profesional.
Excelente clima laboral.
Capacitación constante.
En Quantia buscamos personas que quieran crecer, aportar y asumir nuevos retos. ¡Postula y sé parte de nuestro equipo!",2539,False,https://www.bumeran.com.pe/empleos/analista-de-base-de-datos-contact-center-quantia-soluciones-s.a.c.-1118447409.html,2026-09-23 21:32
1118448405,ANALISTA DE DATA BI - ÁREA DE COMPRAS,SODEXO PERU,Análisis de datos / BI,analista bi,1,Abastecimiento y Logística,Compras,Sin Experiencia,Presencial,Full-time,Indeterminado,FULL_TIME,1,False,False,False,False,False,Lima,Lima,PE,"Lima, Lima, Peru",2026-09-18,2026-12-17,5,Actualizado hace 2 días,,,,,,2.0,False,Excel,1,False,False,False,False,True,False,False,False,False,False,False,False,False,False,False,False,False,False,False,False,False,True,10070641,https://www.bumeran.com.pe/perfiles/empresa_sodexo-peru_10070641.html,Servicios,"Lima, Lima",Entre 1001 y 5000 empleados,"En Sodexo Perú, formamos parte de una compañía global de origen francés con presencia en el país desde 1998. Brindamos Soluciones Integrales de Servicio que mejoran la calidad de vida de nuestros clientes en sectores como minería, hidrocarburos, energía, defensa y diversas industrias a lo largo de la costa, sierra y selva.
Ofrecemos servicios de alimentación, hotelería, lavandería, limpieza, mantenimiento de infraestructura y recreación, entre otros, siempre con el compromiso de crear un mejor día para todos y todas.
En Sodexo valoramos a cada persona y fomentamos un ambiente donde puedas pertenecer, actuar y crecer a tu manera, bajo una mentalidad de Cero Daño que coloca la seguridad y el bienestar en el centro de todo lo que hacemos. Además, impulsamos el desarrollo de nuestros colaboradores y sus familias, promoviendo beneficios que fortalecen su bienestar y crecimiento profesional.",3.7,3.8,3.5,3.5,3.4,3.4,3.4,26.0,"Sodexo se encuentra en busqueda de un Analista de Datos BI para el área de compras.
Requisitos:
Profesional universitario o en las carreras de ingeniería industrial, administración y carreras afines.
Experiencia de 2 años en análisis de data.
Conocimiento en procesos de compras (Deseable).
Excel avanzado (Power Query, Tablas Dinámicas - Macro) (Indispensable).
Manejo de MS.OFFICE a nivel intermedio.
Conocimiento de VBA (Indispensable)
Funciones:
1 - Responsable de hacer seguimiento en la validación de mejoras, pruebas, automatizaciones del MDC.
2 - Coordinar con áreas como Operaciones, Compras y Mejora continua para en conjunto llegar a un acuerdo en funciones a los avances, mejoras y automatizaciones del MDC
3 - Responsable de la capacitación del MDC a antiguos y nuevos usuarios , GTC y proveedores sobre el uso del MDC.
4 - Responsable en reunir y recolectar el feedback de los usuarios para convertirlo en mejoras y proponer cambios al área de Mejora Continua para beneficio del uso del MDC
5 - Recepción de proveedores ""nuevos"" por parte de COMPRAS para continuar con el proceso de homologación correspondiente.
6 .- Medición y gestión de penalización de proveedores.
7 - Gestión de proveedores.
8 - Reportería diversa utilizando excel avanzado (Power Query, Tablas Dinámicas - Macro), PBI intermedio, VBA avanzado.
9- Analisis de data.
10- Cualquier trabajo adicional relacionado a la materia de sus funciones que se puedan necesitar.
Beneficios:
Ingreso a planilla con todos los beneficios de ley.
Capacitación constante.
Línea de carrera.",1556,False,https://www.bumeran.com.pe/empleos/analista-de-data-bi-area-de-compras-sodexo-peru-1118448405.html,2026-09-23 21:32
1118447809,Analista de Datos,FRACTAL SOLUCIONES IT,Análisis de datos / BI,analista de datos,1,"Tecnología, Sistemas y Telecomunicaciones",Tecnologia / Sistemas,Semi Sr,Híbrido,Full-time,Temporal,TEMPORARY,2,True,False,False,True,False,Lima,Lima,PE,"Lima, Lima, Peru",2026-09-18,2026-12-17,5,Actualizado hace 12 horas,,,,,,,False,"Power BI, Databricks, AWS",3,False,False,False,True,False,False,False,False,False,False,False,False,True,True,False,False,False,False,False,False,False,False,10199506,https://www.bumeran.com.pe/perfiles/empresa_fractal-soluciones-it_10199506.html,Informática / Tecnología,"LINCE, Lima",Entre 151 y 300 empleados,"Somos una empresa Peruana de consultoría en Gestión de Tecnología de la Información que ofrece soluciones que contribuyen al mejoramiento de los procesos y negocios de nuestros clientes, basados en profesionales altamente calificados y aplicando los más altos estándares de calidad.",,,,,,,,,"FRACTAL Soluciones TI, empresa peruana de Consultoría en Gestión de Tecnología de la Información con más de 12 años en el mercado. Nos encontramos en la búsqueda de un Analista de Datos TI – AWS & Databricks para un proyecto de 6 meses con uno de nuestros clientes del sector bancario con el siguiente perfil:
Requisitos Indispensables:
Bachiller Técnico o Superior en Ingeniería de Sistemas, Informática, Ciencia de Datos o afines.
Experiencia en Proyectos comerciales, generación de insights, productos digitales
Experiencia en Databricks.
Dominio de Bases de Datos relacionales y no relacionales.
Experiencia intermedia en servicios Cloud con AWS.
Manejo intermedio de Power BI para generación de reportes y dashboards.
Beneficios:
Capacitaciones en plataforma AWS-AMAZON.
Descuentos corporativos.
Actividades de bienestar y más.
Conócenos en: https://www.fractal.com.pe/",874,False,https://www.bumeran.com.pe/empleos/analista-de-datos-fractal-soluciones-it-1118447809.html,2026-09-23 21:32
1118447643,Analista de Explotación de Datos,Hitss Perú,Análisis de datos / BI,analista de datos,1,"Tecnología, Sistemas y Telecomunicaciones",Análisis de Datos,Semi Sr,Presencial,Full-time,Indeterminado,FULL_TIME,1,False,True,False,False,False,Lima,La Victoria,PE,"La Victoria, Lima, Peru",2026-09-18,2026-12-17,5,Actualizado hace 2 días,,,,,,,False,"SQL, Python, Power BI, ETL",4,True,True,False,True,False,False,False,False,False,False,False,False,False,False,False,False,False,False,True,False,False,True,10180167,https://www.bumeran.com.pe/perfiles/empresa_hitss-peru_10180167.html,Informática / Tecnología,"Lima, Lima",Entre 501 y 1000 empleados,"Más de 30 años de experiencia en TI, nos respaldan como una de las empresas más importantes en la industria. Somos especialistas en el desarrollo e implementación de soluciones innovadoras y vanguardistas para hacer frente a las necesidades que nos presenta la era digital en la que vivimos.",,,,,,,,,"Somos una empresa de Soluciones Digitales y Servicios de TI con 30 años de experiencia en el mercado. Contamos con más de 8 mil colaboradores en Latinoamérica, Estados Unidos y Europa.
🧩 Descripción del puesto
🎯 Requisitos clave
Requisitos indispensables
🎓 Formación
Bachiller o titulado en:Sistemas, Telecomunicaciones o afines
Experiencia
Experiencia en empresas de telecomunicaciones, con conocimiento de servicios fijos y móviles.
Experiencia en explotación y análisis de datos operativos y/o información de plataformas telco.
Experiencia en monitoreo y análisis de logs.
Manejo de SQL y Python para procesamiento y automatización de datos.
Experiencia con APIs REST, JSON, XML y Web Services.
Conocimientos de ETL/ELT y herramientas de integración como Apache NiFi y/o Airflow.
Manejo de herramientas de visualización/monitoreo como Power BI, Grafana, Kibana o Redash.
Conocimientos de Linux/Bash y Elasticsearch.
🧩 Funciones principales
Monitorear y analizar logs, eventos y telemetría de plataformas y servicios.
Administrar y monitorear plataformas de observabilidad como Elasticsearch, Kibana, Grafana y Prometheus.
Analizar información asociada a servicios móviles y fijos de telecomunicaciones.
Extraer, integrar y procesar información mediante SQL, Python, ETL/ELT y APIs REST.
Construir y mantener dashboards en Power BI y otras herramientas de visualización.
Diseñar y hacer seguimiento de KPIs operacionales, indicadores de experiencia del cliente, red y disponibilidad. Esto está alineado con las funciones originales de la ficha.
Identificar anomalías o problemas a partir de logs, métricas y datos operacionales.
Automatizar procesos manuales y generar repositorios/vistas de información para análisis.
Generar reportes e indicadores para el seguimiento de la operación..
Beneficios:
Pertenecer al grupo América Móvil.
Sueldo en planilla 100% desde el primer día.
EPS corporativa (opcional).
Convenios corporativos.
“Global Hitss mantiene una política de contratación inclusiva, por lo que invita a cualquier persona a participar en el proceso de selección en referencia”.
¡Te invitamos a revisar nuestra página web: http://www.globalhitss.com/ !",2164,False,https://www.bumeran.com.pe/empleos/analista-de-explotacion-de-datos-hitss-peru-1118447643.html,2026-09-23 21:32
1118447276,Analista de Gestión de Datos Maestros,CL SELECTION/DIVISION IT,Análisis de datos / BI,analista de datos,1,"Tecnología, Sistemas y Telecomunicaciones",Análisis de Datos,Semi Sr,Presencial,Full-time,Indeterminado,FULL_TIME,1,False,False,False,False,False,Lima,Lima,PE,"Lima, Lima, Peru",2026-09-18,2026-12-17,5,Publicado hace 5 días,,,,,,2.0,False,"Power BI, Excel, SAP",3,False,False,False,True,True,False,False,False,False,False,False,False,False,False,False,False,True,False,False,False,False,True,13475988,https://www.bumeran.com.pe/perfiles/empresa_cl-selection-division-it_13475988.html,,,,,,,,,,,,,"Sumario:
Gestionar y asegurar la calidad, integridad, consistencia y disponibilidad de los datos maestros de materiales y productos, mediante su correcta administración y actualización en SAP S/4HANA, coordinando con las áreas involucradas y brindando soporte funcional dentro de su ámbito de responsabilidad, a fin de garantizar información confiable y oportuna que contribuya a la continuidad y eficiencia de los procesos operativos y de negocio.
Funciones:
Gestionar la creación, modificación, ampliación, homologación, bloqueo y actualización de los datos maestros de materiales y productos en SAP S/4HANA, de acuerdo con los requerimientos aprobados de las áreas usuarias y los criterios establecidos para su administración.
Asegurar la calidad, integridad y consistencia de los datos maestros mediante la identificación y corrección de duplicidades, inconsistencias e información incompleta, así como la validación del impacto de actualizaciones y cambios masivos.
Coordinar con las áreas usuarias la definición, validación y actualización de la información requerida para los datos maestros, asegurando su correcta configuración en materiales, centros, almacenes y ubicaciones, de acuerdo con las necesidades y reglas de los procesos involucrados.
Brindar soporte funcional a los usuarios en consultas e incidencias relacionadas con la gestión de datos maestros en SAP S/4HANA, resolviendo aquellas dentro de su ámbito de responsabilidad y escalando a TI los casos que correspondan.
Administrar y mantener actualizada la información de las hojas de presentación de producto, coordinando su validación con las áreas involucradas y asegurando la consistencia de la información con los datos maestros y especificaciones aprobadas.
Gestionar la creación y actualización de SKU, NUF, códigos y registros del Maestro de Producción, validando la información con los planos, especificaciones y requerimientos aprobados por Comercial, Producción y Calidad, a fin de asegurar su correcta identificación y consistencia en los sistemas correspondientes.
Requisitos:
Mínimo: Técnico en Computación e Informática, Sistemas, Administración o afines. Óptimo: Bachiller en Ingeniería Industrial, Ingeniería de Sistemas, Administración o carreras afines.
Indispensable: 02 años de experiencia desempeñando funciones relacionadas con gestión o administración de datos maestros, gestión de información, codificación de materiales/productos, soporte funcional de ERP o funciones afines.
Indispensable: SAP S/4HANA o ERP similar aplicado a la gestión de datos maestros, sobre todo en módulos MM y PP.
Deseable: Excel nivel intermedio/Avanzado.
Deseable: Herramientas de análisis y visualización de información.
Deseable: Power BI u otras herramientas de análisis de datos.",2757,False,https://www.bumeran.com.pe/empleos/analista-de-gestion-de-datos-maestros-cl-selection-division-it-1118447276.html,2026-09-23 21:32
1118447568,Analista de Inteligencia de Negocios y Automatización,ManpowerGroup Perú,Análisis de datos / BI,inteligencia de negocios,1,"Tecnología, Sistemas y Telecomunicaciones",Análisis de Datos,Junior,Híbrido,Full-time,Indeterminado,FULL_TIME,2,True,False,False,True,False,Lima,La Molina,PE,"La Molina, Lima, Peru",2026-09-18,2026-12-17,5,Actualizado hace 4 horas,,,,,,1.0,False,"SQL, Python, Power BI, Excel, Azure, ETL",6,True,True,False,True,True,False,False,False,False,False,False,False,False,False,True,False,False,False,True,False,False,True,10011970,https://www.bumeran.com.pe/perfiles/empresa_manpowergroup-peru_10011970.html,Consultoría,"Lima, Lima",Entre 1001 y 5000 empleados,"En ManpowerGroup creemos en las personas y en el papel que representa el trabajo en sus vidas. Además, creemos en la importancia de impulsar el talento para favorecer el crecimiento personal y profesional.

Somos líder mundial en soluciones para la fuerza laboral, ayudando a las organizaciones a transformarse en un mundo laboral que cambia rápidamente mediante la búsqueda, evaluación, desarrollo y gestión del talento. Desarrollamos soluciones innovadoras para cientos de miles de organizaciones cada año, brindándoles talento calificado mientras encontramos empleo significativo y sostenible para millones de personas en una amplia gama de industrias. 

Nuestra familia de marcas expertas (Manpower, Experis y Talent Solutions) crea mucho más valor para nuestros candidatos en más de 70 países, durante 75 años a nivel global y 29 años a nivel nacional.

Anímate a dejar huella con nosotros ¡Únete a la compañía que impulsa tu Talento!",3.8,3.8,3.6,3.8,3.6,3.6,3.7,193.0,"Estamos en la busqueda de nuestro Analista BI / Power BI - Power Apps y Automatización
Funciones
Gestionar el proceso integral de envío de estados de cuenta virtuales, asegurando el cumplimiento de plazos, niveles de servicio y protocolos de seguridad.
Monitorear incidencias y coordinar acciones correctivas que garanticen la continuidad operativa y la confidencialidad de la información.
Diseñar, desarrollar e implementar soluciones tecnológicas mediante Power Apps, automatizaciones y herramientas BI para mejorar la productividad y eficiencia del equipo.
Desarrollar y mantener dashboards, reportería y soluciones analíticas que permitan una mejor toma de decisiones para el área.
Participar en proyectos de transformación, automatización e inteligencia artificial, presentando resultados e iniciativas de mejora ante distintos stakeholders.
Requisitos
Egresado, bachiller o titulado en Ingeniería de Sistemas, Ingeniería Informática, Ingeniería Industrial, Estadística o carreras afines.
Mínimo 1 año de experiencia en desarrollo de soluciones BI, automatización de procesos o funciones similares, con participación directa en entregables propios.
Dominio de Power Apps, Power BI (Nivel Avanzado Indispensable) y SQL; experiencia en procesos ETL y manejo avanzado de Excel.
Deseable conocimiento de Python, Azure e Inteligencia Artificial aplicada a soluciones tecnológicas y analíticas.",1393,False,https://www.bumeran.com.pe/empleos/analista-de-inteligencia-de-negocios-y-automatizacion-manpowergroup-peru-1118447568.html,2026-09-23 21:32
1118447663,Analista de Inventarios Data Analytics - Callao,Redondos S.A.,Análisis de datos / BI,data analytics,1,Abastecimiento y Logística,Logística,Otro,Presencial,Full-time,Indeterminado,FULL_TIME,2,True,False,False,True,False,Callao,Callao,PE,"Gobierno Regional del Callao, Gobierno Regional del Callao, Peru",2026-09-18,2027-01-16,5,Actualizado hace 9 horas,,,,,,,False,"Excel, SAP",2,False,False,False,False,True,False,False,False,False,False,False,False,False,False,False,False,True,False,False,False,False,False,10130566,https://www.bumeran.com.pe/perfiles/empresa_redondos-s.a._10130566.html,Consumo masivo,"Lima, Lima",Entre 1001 y 5000 empleados,"Somos una empresa con 50 años en el mercado nacional, líderes en la producción y comercialización de proteína animal, cuyo propósito de negocio es el bienestar y la nutrición de las familias peruanas. Contamos con un amplio portafolio de productos alimenticios de origen cárnico como pollo, pavo, cerdo y productos procesados. Además, con plantas industriales e instalaciones de crianza con tecnología de primer nivel.",4.2,4.0,3.7,4.3,3.9,3.9,3.8,24.0,"Somos una empresa con más de 50 años en el mercado nacional, líderes en la producción y comercialización de proteína animal, cuyo propósito de negocio es el bienestar y la nutrición de las familias peruanas. Contamos con un amplio portafolio de productos alimenticios de origen cárnico como pollo, pavo, cerdo y productos procesados. Además, con plantas industriales e instalaciones de crianza con tecnología de primer nivel.
Nos encontramos en búsqueda de (01) Analista de Inventarios , para nuestra sede de distribución de Callao.
Funciones
Revisar los registros de ingresos y salidas de inventario en los almacenes de Operaciones Comerciales.
Validar y reportar los niveles de stock en los almacenes de Operaciones Comerciales y generar reportes en base a esta información.
Registrar la salida de merma de almacenamiento, contrastando la información de los inventarios físicos en cámaras de almacenamiento.
Ingresar y validar los registros de movimientos de embalajes retornables.
Analizar y corregir los movimientos de salidas por venta y traslado.
Obtener reportes de mermas de transporte y almacenamiento, así como de movimiento de embalajes.
Gestionar inventarios Cíclicos.
Ejecutar otras actividades encomendadas por su jefe inmediato.
Requisitos:
Bachiller o Titulado en las carreras de Ingeniería Industrial, Administración, Contabilidad o carreras afines.
06 meses en puestos similares en almacenes de productos de consumo masivo.
Manejo de Excel nivel avanzado (indispensable).
Manejo de SAP en módulos MM y SD (deseable).
Conocimiento de indicadores ERI - ERU.
Beneficios
Planilla con todos los beneficios de ley.
EPS facultativo.
Descuentos corporativos.
Convenios educativos.
¡Postula y obtén la posibilidad de contribuir con la nutrición y bienestar de las familias peruanas!
Esta convocatoria se encuentra en concordancia con las políticas organizacionales de REDONDOS donde se respeta la diversidad y no hace ningún tipo de discriminación de conformidad con la Ley N° 28983, también promueve la inclusión de la persona con discapacidad de conformidad con la Ley N° 29973 y no solicita ningún tipo de pago o abono para participar en procesos de reclutamiento y selección de acuerdo a nuestra Política Antisoborno.",2230,True,https://www.bumeran.com.pe/empleos/analista-de-inventarios-data-analytics-callao-redondos-s.a.-1118447663.html,2026-09-23 21:32
1118448044,Analista de Procesos e Inteligencia de Negocios,GRUPO SAN PABLO,Análisis de datos / BI,inteligencia de negocios,1,"Tecnología, Sistemas y Telecomunicaciones",Análisis de Datos,Senior,Presencial,Full-time,Indeterminado,FULL_TIME,1,False,False,False,False,False,Lima,Lima,PE,"Lima, Lima, Peru",2026-09-18,2026-12-17,5,Actualizado hace 2 días,,,,,,3.0,False,Power BI,1,False,False,False,True,False,False,False,False,False,False,False,False,False,False,False,False,False,False,False,False,False,True,1676940,https://www.bumeran.com.pe/perfiles/empresa_grupo-san-pablo_1676940.html,Salud,"Lima, Lima",,"El Grupo San Pablo nació en 1991 y  es uno de los conglomerados de empresas más grandes del Perú, cuenta con tres grandes unidades de negocios: Salud (Red de Clínicas en Lima y provincias), Educación (Instituto San Pablo) y Hotelería (Aranwa Hotels Resorts & Spas).


Hoy cuenta con once centros de salud en el país, ocho en Lima, uno en Huaraz, otro en Trujillo y otro en Arequipa. De esta manera, reafirma su el objetivo de llevar la excelencia médica a todo el país.",,,,,,,,,"Grupo San Pablo te invita a unirte a su equipo, donde la excelencia, el compromiso y la tecnología de punta se combinan para ofrecer soluciones únicas. Si buscas un entorno dinámico y desafiante. ¡Esta es tu oportunidad de marcar la diferencia en la vida de las personas!
Hoy, queremos que seas parte de nuestro grupo. Buscamos un Analista de Procesos e Inteligencia de Negocios, para sumarse al Grupo San Pablo y seguir brindando la mejor atención a nuestros pacientes.
Requisitos:
Bachiller o Titulado en Ingeniería Industrial, Sistemas, Economía, Estadística o carreras afines.
Mínimo 3 años de experiencia en puestos a fines
Experiencia en análisis y mejora de procesos corporativos.
Experiencia en construcción de dashboards, indicadores y bases de datos.
Experiencia en el sector salud ( indispensable)
Funciones:
Analizar y mapear los principales procesos del Grupo San Pablo, identificando oportunidades de mejora, eficiencias, riesgos y puntos críticos.
Diseñar y desarrollar tableros de gestión en Power BI, integrando información de las diferentes empresas, clínicas y líneas de negocio.
Construir y administrar bases de datos corporativas, asegurando la calidad, consistencia y disponibilidad de la información.
Diseñar y estandarizar indicadores de gestión, permitiendo monitorear el desempeño de las diferentes unidades de negocio.
Consolidar y analizar información operativa, comercial y financiera, generando información ejecutiva para la toma de decisiones de la Gerencia Corporativa.
Identificar desviaciones, tendencias y oportunidades de mejora en los procesos y resultados del Grupo, proponiendo acciones correctivas y de optimización.
Automatizar reportes y procesos de generación de información, reduciendo tareas manuales y mejorando la oportunidad y confiabilidad de los datos.
Coordinar con las diferentes áreas y empresas del Grupo el levantamiento, validación y estandarización de procesos, información e indicadores.
Elaborar reportes y análisis ejecutivos para la Gerencia Corporativa, proporcionando una visión integral y sistematizada del negocio.
Dar seguimiento a proyectos e iniciativas corporativas, monitoreando avances, resultados, indicadores y compromisos de las diferentes áreas y líneas de negocio.
Horario:
Lunes a viernes de 8:00 am a 6:30 pm (2 horas de refrigerio) sábados de 8:00 am a 1:30 pm.
Beneficios:
Salario acorde al mercado
Planilla completa ( regimen general )
Plan familiar Salud con descuentos y tarifas preferenciales.
Pertenecer a una organización líder en el rubro de salud.
Su privacidad es importante para nosotros. En cumplimiento con la Ley de Protección de Datos Personales (Ley 29733), le informamos que sus datos personales serán tratados de manera segura y confidencial.",2739,False,https://www.bumeran.com.pe/empleos/analista-de-procesos-e-inteligencia-de-negocios-grupo-san-pablo-1118448044.html,2026-09-23 21:32
1118447622,Practicante Pre Profesional de Data Analytics,SMI,Análisis de datos / BI,data analytics,1,Producción y Manufactura,Calidad,Junior,Híbrido,Pasantia,Indeterminado,INTERN,1,False,False,False,False,False,Lima,San Isidro,PE,"San Isidro, Lima, Peru",2026-09-18,2026-12-17,5,Publicado hace 5 días,,,,,,,False,"SQL, Power BI, Excel",3,True,False,False,True,True,False,False,False,False,False,False,False,False,False,False,False,False,False,False,False,False,True,2472770,https://www.bumeran.com.pe/perfiles/empresa_smi_2472770.html,Manufactura,"Lima, Lima",Entre 1001 y 5000 empleados,"Somos líderes en soluciones de empaques rígidos sostenibles en Latinoamérica con presencia en 14 países de la región. A través de nuestras 4 unidades de negocio: preformas y botellas, tapas, termoformado y reciclado; impulsamos la economía circular contribuyendo al bienestar de las personas y el planeta.",,,,,,,,,"Somos líderes en soluciones de empaques rígidos sostenibles en Latinoamérica con presencia en 14 países de la región. A través de nuestras 4 unidades de negocio preformas y botellas, tapas, termoformado y reciclado; impulsamos la economía circular contribuyendo al bienestar de las personas y el planeta.
Apoyar en la elaboración, actualización y automatización de reportes, dashboards y métricas corporativas mediante Excel, Power BI y otras herramientas de visualización.
Consolidar y validar la consistencia de la información proveniente de distintos países, plantas y áreas.
Apoyar en la actualización y monitoreo de indicadores de desempeño, identificando tendencias y principales variaciones.
Apoyar en el análisis y consolidación de información relevante para el seguimiento de indicadores y la identificación de oportunidades de mejora.
Elaborar reportes de tendencias, análisis de Pareto y otros informes para el seguimiento de resultados.
Brindar soporte en la preparación de presentaciones, informes y materiales para reuniones, comités, clientes y gerencia.
Apoyar en la estandarización de formatos, procedimientos y herramientas para el análisis y seguimiento de información.
Participar en iniciativas de mejora continua y automatización, contribuyendo a reducir reprocesos, tareas manuales y tiempos de generación de reportes.
Requisitos:
Estudiante universitario desde 6.º o 7.º ciclo en adelante de Ingeniería Industrial, Ingeniería de Sistemas, Ingeniería de Datos, Ciencia de Datos, Ingeniería Empresarial o carreras afines.
Manejo de Excel a nivel avanzado.
Manejo de Power BI y Power Query a nivel intermedio.
Conocimientos de bases de datos; manejo de SQL deseable.
Conocimientos básicos en análisis de datos, indicadores, dashboards, tendencias y mejora continua.
Contar con proactividad, pensamiento crítico, capacidad analítica, atención al detalle, comunicación efectiva y disposición para trabajar de manera colaborativa.
Beneficios
Seguro FOLA",1970,False,https://www.bumeran.com.pe/empleos/practicante-pre-profesional-de-data-analytics-smi-1118447622.html,2026-09-23 21:32
1118446311,Analista de Data & Business Intelligence Corporativo – Sector Salud,GRUPO SAN PABLO,Análisis de datos / BI,business intelligence,1,"Tecnología, Sistemas y Telecomunicaciones",Análisis de Datos,Senior,Presencial,Full-time,Indeterminado,FULL_TIME,1,False,False,False,False,False,Lima,Santiago de Surco,PE,"Santiago de Surco, Lima, Peru",2026-09-17,2026-12-16,6,Actualizado hace 2 días,,,,,,2.0,False,Power BI,1,False,False,False,True,False,False,False,False,False,False,False,False,False,False,False,False,False,False,False,False,False,True,1676940,https://www.bumeran.com.pe/perfiles/empresa_grupo-san-pablo_1676940.html,Salud,"Lima, Lima",,"El Grupo San Pablo nació en 1991 y  es uno de los conglomerados de empresas más grandes del Perú, cuenta con tres grandes unidades de negocios: Salud (Red de Clínicas en Lima y provincias), Educación (Instituto San Pablo) y Hotelería (Aranwa Hotels Resorts & Spas).


Hoy cuenta con once centros de salud en el país, ocho en Lima, uno en Huaraz, otro en Trujillo y otro en Arequipa. De esta manera, reafirma su el objetivo de llevar la excelencia médica a todo el país.",,,,,,,,,"En Grupo San Pablo, empresa líder del sector de salud, se encuentra en la búsqueda de una Analista de Data & Business Intelligence Corporativo
Requisitos:
Bachiller o Titulado en Ingenieria de Sistemas, Ingenieria Industrial o carreras afines.
Experiencia mínima de 2 años desempeñándose en cargos similares
Manejo de herramientas ofimáticas a nivel intermedio o avanzado
Conocimiento y manejo de Power BI ( intermedio-avanzado)
Experiencia en el sector salud, seguros, Farmaceutico o afines. ( indispensable)
Funciones principales:
Diseñar, desarrollar y mantener soluciones de Business Intelligence (BI) que permitan a la Direccion Corporativa visualizar de manera integral el desempeño de las diferentes líneas de negocio del Grupo.
Consolidar, analizar e interpretar información proveniente de las diferentes empresas y unidades de negocio, transformando datos en información relevante para la toma de decisiones corporativas.
Diseñar y administrar dashboards e indicadores estratégicos y operativos, asegurando información oportuna, confiable y actualizada para el seguimiento de la gestión corporativa.
Desarrollar modelos de análisis y reportes ejecutivos sobre indicadores comerciales, financieros, operativos, asistenciales y de gestión, según las necesidades de la Direccion Corporativa.
Integrar y estructurar información proveniente de diferentes sistemas y fuentes de datos, identificando inconsistencias y asegurando la calidad y trazabilidad de la información.
Analizar tendencias, comportamientos y desviaciones de los principales indicadores de las líneas de negocio, identificando oportunidades y alertas relevantes para la gestión corporativa.
Generar herramientas de seguimiento y control que permitan a la Direccion Corporativo monitorear el desempeño de las empresas, sedes y unidades de negocio desde una visión integral.
Coordinar con las diferentes áreas y responsables de negocio el levantamiento, validación y estandarización de información, indicadores y requerimientos de análisis.
Automatizar procesos de generación y actualización de reportes, reduciendo tareas manuales y optimizando la disponibilidad de información para la Direccion Corporativa.
Proponer mejoras en los sistemas, fuentes de información, procesos de análisis y herramientas de BI, contribuyendo al desarrollo de una gestión corporativa basada en datos.
Horario:
Lunes a Sábados ( Horario Presencial)
Beneficios:
Salario superior al mercado
Planilla Completa ( Régimen General)
Plan familiar Salud con descuentos y tarifas preferenciales
Pertenecer a una organización líder en su rubro",2584,False,https://www.bumeran.com.pe/empleos/analista-de-data-business-intelligence-corporativo--sector-salud-grupo-san-pablo-1118446311.html,2026-09-23 21:32
1118446497,Analista de Datos de Talento (Data Analyst de Talento),SERVICIOS COMPARTIDOS DE RESTAURANTES S.A.C.,Análisis de datos / BI,analista de datos; data analyst,2,Recursos Humanos y Capacitación,Recursos Humanos,Semi Sr,Presencial,Full-time,Indeterminado,FULL_TIME,1,False,False,False,False,False,Lima,Miraflores,PE,"Miraflores, Lima, Peru",2026-09-17,2026-12-16,6,Publicado hace 6 días,,,,,,1.0,False,"Python, Power BI, Excel",3,False,True,False,True,True,False,False,False,False,False,False,False,False,False,False,False,False,False,False,False,False,True,13110124,https://www.bumeran.com.pe/perfiles/empresa_servicios-compartidos-de-restaurantes-s.a.c._13110124.html,Alimenticia,"Lima, Lima",,"Somos NGR, un holding gastronómico conformado por 6 marcas: Bembos, Chinawok, Dunkin, Don Belisario, Papa Johns y Popeyes.

Contamos con reconocimientos que nos llenan de mucho orgullo: Great Place To Work y Presente, que son reflejo de nuestro compromiso y el propósito que tenemos como compañía.

Con nosotros/as podrás ser parte de una gran familia que te brindará experiencias únicas de aprendizaje y apoyo constante para tu crecimiento y desarrollo personal y profesional.

¡Atrévete ser parte de su historia y acompáñanos a seguir entregando cariño y energía!",3.1,3.1,2.8,3.1,2.9,2.8,2.9,5.0,"¡Únete a la Familia NGR y vive una experiencia ÚNICA!
¡En NGR tenemos el propósito de entregar cariño y energía a través del sabor y experiencias únicas y, para seguir trascendiendo con nuestro propósito, estamos buscando a nuestro/a próximo/a Analista de Datos de Talento apasionado(a) por la analítica, la automatización y la innovación, que transforme los datos de talento en información accionable para la toma de decisiones del negocio.
Somos una gran familia con más de 8000 colaboradores/as apasionados/as por la gastronomía, pero sobre todo por nuestras personas. Contamos con 6 marcas increíbles: Bembos, Chinawok, Don Belisario, Dunkin, Papa Johns y Popeyes.
Adicionalmente, creemos firmemente que las diferencias nos enriquecen y el respeto nos une. Valoramos la diversidad y estamos comprometidos/as con la inclusión, respetando todas las formas de entregar cariño y energía.

¿Cuál será tu propósito?
Serás responsable de impulsar soluciones de People Analytics, automatización e inteligencia artificial, contribuyendo a optimizar procesos y fortalecer la gestión del talento mediante insights estratégicos y herramientas digitales.
¿Cuáles serán tus principales retos y desafíos?
Analizar datos y tendencias de talento, identificando brechas, riesgos y oportunidades para generar insigths, recomendaciones de alto impacto.
Diseñar, desarrollar y mantener dashboards e indicadores de gestión en Power BI para las áreas de Selección, Desarrollo y Talento.
Automatizar procesos, reportes y flujos de información utilizando herramientas de Microsoft 365 (Excel, SharePoint, Power Automate, Forms y Power Apps) y herramientas de inteligencia artificial, reduciendo tareas manuales, tiempos operativos y errores.
Elaborar análisis y reportes ejecutivos para líderes y comités, transformando datos en información relevante para la toma de decisiones.
Integrar y asegurar la calidad de diversas fuentes de información de talento.
Identificar y liderar iniciativas de mejora continua, analítica avanzada y transformación digital de los procesos de Selección, Desarrollo y Talento.
Impulsar la transformación digital de los procesos de Gestión del Talento, identificando oportunidades de automatización y optimización mediante herramientas digitales, analítica e inteligencia artificial, con foco en mejorar la eficiencia y experiencia del colaborador.
Participar en proyectos de innovación aplicados a Recursos Humanos, explorando soluciones de Inteligencia Artificial y automatización.
¿Qué necesitas para ser el próximo/a Analista de Datos de Talento?
Buscamos una persona analítica, curiosa y orientada a la mejora continua, con capacidad para conectar datos, tecnología y talento humano para generar impacto en la organización.
Bachiller en Ingeniería Industrial, Ingeniería de Sistemas, Administración, Psicología o carreras afines.
Experiencia: Mínimo 3 años de experiencia laboral general y al menos 1 año en funciones relacionadas con análisis de datos, analítica de talento o People Analytics.
Excel avanzado
Power BI avanzado (modelado de datos y DAX).
Python avanzado.
Power Automate intermedio.
Gestión y análisis de bases de datos.
People Analytics (indispensable)
Conocimientos en IA Generativa aplicada a Recursos Humanos. (indispensable)
Experiencia en proyectos de automatización y transformación digital.(deseable)
¿Qué te ofrecemos?
Ser parte de una de las mejores empresas a nivel nacional con una cultura organizacional llena de cariño y energía (Puesto 2 en Great Place To Work 2025)
Oportunidades de crecimiento dentro de NGR.
Ingreso a planilla con todos los beneficios de ley.
25% de descuento en todas nuestras marcas .
Plataforma de descuentos corporativos en distintos ámbitos como Entretenimiento, Retail, Deporte, Etc.
Acceso a plataforma de bienestar con psicología, medicina y nutrición.
**NGR es una empresa incluyente, que respeta la diversidad y no hace ningún tipo de discriminación*",3924,False,https://www.bumeran.com.pe/empleos/analista-de-datos-de-talento-data-analyst-de-talento-servicios-compartidos-de-restaurantes-s.a.c.-1118446497.html,2026-09-23 21:32
1118446024,Analista de Datos Jr. (hibrido),CSTI Corp,Análisis de datos / BI,analista de datos,1,"Tecnología, Sistemas y Telecomunicaciones",Análisis de Datos,Junior,Híbrido,Full-time,Indeterminado,FULL_TIME,1,False,False,False,False,False,Lima,Miraflores,PE,"Miraflores, Lima, Peru",2026-09-17,2026-12-16,6,Actualizado hace 2 días,,,,,,1.0,False,"SQL, Python, Power BI, Excel, Azure, Google Cloud, SAP, ETL",8,True,True,False,True,True,False,False,False,False,False,False,False,False,False,True,True,True,False,True,False,False,True,10155736,https://www.bumeran.com.pe/perfiles/empresa_csti-corp_10155736.html,Informática / Tecnología,"Lima, Lima",Entre 51 y 150 empleados,"Somos una corporación de capital peruano Silver Partner SAP, líder en el rubro de TI, especializada en brindar soluciones de negocio en las líneas de outsourcing, soporte y proyectos. Actualmente contamos con sedes en Perú, Ecuador, Colombia y Bolivia.",3.5,3.6,3.2,3.2,3.1,3.1,3.2,8.0,"CSTI Corp es una empresa peruana líder en la industria TI con más de 17 años en el mercado en países como Perú, Ecuador, Colombia, Costa Rica y Estados Unidos.
Ofrece soluciones de negocios en las líneas de Outsourcing, Licenciamientos SAP y Microsoft, soporte y mejora de aplicaciones, así como implementación y migración de sistemas bajo estrategias Cloud, aprovechando su alianza con marcas como Amazon, Azure, Huawei Cloud y Google Cloud.
Nos encontramos en la búsqueda de un Analista de Datos Junior para nuestra línea de negocio.
¿Qué buscamos?:
Formación universitaria o técnica en Ingeniería de Sistemas, Estadística, Computación, Ciencia de Datos, Ingeniería Industrial o carreras afines.
1 a 2 años de experiencia en posiciones similares.
Manejo de SQL – nivel intermedio.
Manejo de Python – nivel intermedio.
Conocimientos en análisis y procesamiento de datos.
Experiencia en manejo y consulta de bases de datos.
Conocimientos de Power BI – nivel básico/intermedio.
Manejo de herramientas de visualización de datos.
Conocimientos de ETL y transformación de datos.
Manejo de Excel avanzado.
Deseable experiencia en logística, comercio exterior o áreas afines.
Funciones:
Recopilar, procesar y analizar información proveniente de diferentes fuentes.
Realizar consultas y extracción de información de bases de datos mediante SQL.
Procesar y transformar datos utilizando Python.
Elaborar y mantener reportes para el seguimiento de indicadores.
Apoyar en la construcción y actualización de dashboards en Power BI.
Realizar validaciones y controles de calidad de la información.
Identificar inconsistencias, patrones y oportunidades de mejora en los datos.
Apoyar en procesos de ETL y transformación de información.
Generar información y reportes para facilitar la toma de decisiones.
Coordinar con diferentes equipos para atender requerimientos relacionados con datos.
Documentar procesos y resultados de los análisis realizados.
Condiciones:
Modalidad: Híbrida (3 veces presencial a la semana)
Horario: Lunes a viernes de 8:00 a.m. a 5:00 p.m.
Ubicación: Callao y Miraflores
Inicio: Inmediato",2099,False,https://www.bumeran.com.pe/empleos/analista-de-datos-jr.-hibrido-csti-corp-1118446024.html,2026-09-23 21:32
1118446068,Analista de Datos Junior. (Hibrido),CSTI Corp,Análisis de datos / BI,analista de datos,1,"Tecnología, Sistemas y Telecomunicaciones",Análisis de Datos,Junior,Híbrido,Full-time,Indeterminado,FULL_TIME,1,False,False,False,False,False,Lima,Miraflores,PE,"Miraflores, Lima, Peru",2026-09-17,2026-12-16,6,Actualizado hace 2 días,,,,,,1.0,False,"SQL, Python, Power BI, Excel, ETL",5,True,True,False,True,True,False,False,False,False,False,False,False,False,False,False,False,False,False,True,False,False,True,10155736,https://www.bumeran.com.pe/perfiles/empresa_csti-corp_10155736.html,Informática / Tecnología,"Lima, Lima",Entre 51 y 150 empleados,"Somos una corporación de capital peruano Silver Partner SAP, líder en el rubro de TI, especializada en brindar soluciones de negocio en las líneas de outsourcing, soporte y proyectos. Actualmente contamos con sedes en Perú, Ecuador, Colombia y Bolivia.",3.5,3.6,3.2,3.2,3.1,3.1,3.2,8.0,"En CSTI Corp nos encontramos en la búsqueda de un(a) Analista de Datos Jr. para formar parte de un proyecto de Comercio Exterior.
¿Qué buscamos?:
Formación universitaria o técnica en Ingeniería de Sistemas, Estadística, Computación, Ciencia de Datos, Ingeniería Industrial o carreras afines.
1 a 2 años de experiencia en posiciones similares.
Manejo de SQL – nivel intermedio.
Manejo de Python – nivel intermedio.
Conocimientos en análisis y procesamiento de datos.
Experiencia en manejo y consulta de bases de datos.
Conocimientos de Power BI – nivel básico/intermedio.
Manejo de herramientas de visualización de datos.
Conocimientos de ETL y transformación de datos.
Manejo de Excel avanzado.
Deseable experiencia en logística, comercio exterior o áreas afines.
Funciones:
Recopilar, procesar y analizar información proveniente de diferentes fuentes.
Realizar consultas y extracción de información de bases de datos mediante SQL.
Procesar y transformar datos utilizando Python.
Elaborar y mantener reportes para el seguimiento de indicadores.
Apoyar en la construcción y actualización de dashboards en Power BI.
Realizar validaciones y controles de calidad de la información.
Identificar inconsistencias, patrones y oportunidades de mejora en los datos.
Apoyar en procesos de ETL y transformación de información.
Generar información y reportes para facilitar la toma de decisiones.
Coordinar con diferentes equipos para atender requerimientos relacionados con datos.
Documentar procesos y resultados de los análisis realizados.
Condiciones:
Modalidad: Híbrida
Horario: Lunes a viernes de 8:00 a.m. a 5:00 p.m.
Ubicación: Callao / Miraflores
Inicio: Inmediato",1660,False,https://www.bumeran.com.pe/empleos/analista-de-datos-junior.-hibrido-csti-corp-1118446068.html,2026-09-23 21:32
1118412556,Analista de Distribución BCP (Perfil Data/ BI),MANPOWERGROUP,Análisis de datos / BI,analista bi,1,"Tecnología, Sistemas y Telecomunicaciones",Análisis de Datos,Junior,Híbrido,Full-time,Indeterminado,FULL_TIME,1,False,False,False,False,False,Lima,La Molina,PE,"La Molina, Lima, Peru",2026-09-17,2026-12-16,6,Actualizado hace 2 días,,,,,,1.0,False,"SQL, Python, Power BI, Excel, Azure, ETL",6,True,True,False,True,True,False,False,False,False,False,False,False,False,False,True,False,False,False,True,False,False,False,13511553,https://www.bumeran.com.pe/perfiles/empresa_manpowergroup_13511553.html,Banca / Financiera,"lima, Lima",Entre 301 y 500 empleados,"Manpower Perú se dedica a ofrecer soluciones integrales de capital humano, siendo líder en reclutamiento, selección y tercerización (outsourcing) de personal para puestos temporales y permanentes en diversas industrias. Ayudan a las empresas a encontrar talento y a las personas a encontrar empleo, ofreciendo servicios como intermediación laboral, consultoría en RRHH, gestión de talento, servicios de TI y outplacement (reinserción laboral).",,,,,,,,,"En el BCP todo lo hacemos distinto, lo hacemos al #ModoBCP. Por eso buscamos personas que tengan ganas de transformar el país y que disfruten desafiarse en grande para impactar en grande. Si eres una de ellas, podría ser nuestro siguiente ANALISTA DE DISTRIBUCIÓN.
¿Cuál es el reto?
Asegurar la continuidad operativa y la gestión segura de los procesos de distribución digital, garantizando la confidencialidad de la información de nuestros clientes. Además, liderar el desarrollo e implementación de soluciones de Business Intelligence y automatización que permitan optimizar procesos, generar eficiencias y aportar valor a la gestión del área.

¿Cómo impactarás en grande?
Gestionar el proceso integral de envío de estados de cuenta virtuales, asegurando el cumplimiento de plazos, niveles de servicio y protocolos de seguridad.
Monitorear incidencias y coordinar acciones correctivas que garanticen la continuidad operativa y la confidencialidad de la información.
Diseñar, desarrollar e implementar soluciones tecnológicas mediante Power Apps, automatizaciones y herramientas BI para mejorar la productividad y eficiencia del equipo.
Desarrollar y mantener dashboards, reportería y soluciones analíticas que permitan una mejor toma de decisiones para el área.
Participar en proyectos de transformación, automatización e inteligencia artificial, presentando resultados e iniciativas de mejora ante distintos stakeholders.
¿Qué necesitamos de ti?
Egresado, bachiller o titulado en Ingeniería de Sistemas, Ingeniería Informática, Ingeniería Industrial, Estadística o carreras afines.
Mínimo 1 año de experiencia en desarrollo de soluciones BI, automatización de procesos o funciones similares, con participación directa en entregables propios.
Dominio de Power Apps, Power BI (Nivel Avanzado Indispensable) y SQL; experiencia en procesos ETL y manejo avanzado de Excel.
Deseable conocimiento de Python, Azure e Inteligencia Artificial aplicada a soluciones tecnológicas y analíticas.
¿Por qué unirte a nuestro equipo?
Sé parte de la empresa #1 en Merco Talento 2026.
Ambiente de trabajo retador: Únete a un entorno de trabajo donde tu voz importa y tus ideas impulsan el cambio.
Recompensa a la medida: Disfruta de descuentos en productos financieros y +100 beneficios corporativos exclusivos para disfrutar con tu familia.
Cultura que inspira: Vive una cultura constante de reconocimiento, donde tu talento impacta en grande desde el primer día.
Crecimiento profesional: Disfruta de oportunidades de desarrollo continúo, respaldadas por un equipo comprometido con tu éxito.
Accede a incentivos por tu esfuerzo/desempeño.

¿Qué esperas? Postula hoy y ¡Únete al equipo BCP!
Recuerda aplicar por este enlace para considerar tu postulación: https://manpowergrouppe.avature.net/bcpstaff?jobId=102211&source=Bumeran&tags=jean+pierre+rodriguez+aguilar%7Cbumeran%7Cbcp107920
“Somos una organización comprometida con la igualdad de derechos y oportunidades. Nuestros procesos de selección se rigen bajo una política donde nuestras/os postulantes son consideradas/os sin importar su origen, género, raza o cualquier otra característica, condición o preferencia, promoviendo así una cultura de respeto mutuo.",3199,False,https://www.bumeran.com.pe/empleos/analista-de-distribucion-bcp-perfil-data-bi-manpowergroup-1118412556.html,2026-09-23 21:32
1118446930,Analista de Inteligencia de Negocios Junior,DINERS CLUB PERU S.A,Análisis de datos / BI,inteligencia de negocios,1,"Administración, Contabilidad y Finanzas",Créditos y Cobranzas,Junior,Híbrido,Full-time,,FULL_TIME,1,False,False,True,False,False,Lima,San Isidro,PE,"San Isidro, Lima, Peru",2026-09-17,2026-12-16,6,Publicado hace 6 días,,,,,,1.0,False,"SQL, Python, Power BI, Excel, ETL, Machine Learning",6,True,True,False,True,True,False,False,False,False,False,False,False,False,False,False,False,False,False,True,True,False,True,13408047,https://www.bumeran.com.pe/perfiles/empresa_diners-club-peru-s.a_13408047.html,Financiera,"Lima, Lima",Entre 301 y 500 empleados,"Diners Club Perú, es una empresa adquirente y emisora de tarjetas de crédito para personas y empresas que se caracteriza por el prestigio, exclusividad y la excelencia de sus servicios financieros, cuenta con más de 70 años de experiencia en el Perú, y es una de las de mayor prestigio a nivel internacional.",,,,,,,,,"Diners Club Perú, es una empresa adquirente y emisora de tarjetas de crédito para personas y empresas que se caracteriza por el prestigio, exclusividad y la excelencia de sus servicios financieros, cuenta con más 50 años de experiencia en el Perú, y es una de las de mayor prestigio a nivel internacional.
Misión:
Transformar datos provenientes de diversas fuentes en información confiable, oportuna y comprensible, mediante la elaboración y mantenimiento de reportes, dashboards y análisis de complejidad baja y media, de acuerdo con los lineamientos y estándares del área, con la finalidad de facilitar el seguimiento de indicadores y apoyar la toma de decisiones de las áreas usuarias.
Funciones
Desarrollar, actualizar y mantener reportes y dashboards en Power BI, utilizando modelos de datos, Power Query y medidas DAX, de acuerdo con los requerimientos aprobados y estándares definidos por el área.
Extraer, depurar, integrar y validar información proveniente de bases de datos y otras fuentes, aplicando controles de calidad y reglas de negocio definidas.
Realizar análisis exploratorios y descriptivos de complejidad baja y media para atender preguntas de negocio, identificando tendencias, desviaciones y patrones relevantes.
Desarrollar automatizaciones de complejidad baja y media para reportes, controles y procesos recurrentes, utilizando SQL, Power Query, Python o herramientas autorizadas por la organización.
Apoyar, bajo acompañamiento técnico, en el desarrollo y validación de pruebas de concepto relacionadas con segmentación, inteligencia artificial o modelos analíticos simples.
Recopilar y documentar los requerimientos de información de las áreas usuarias, precisando objetivos, indicadores, fuentes, periodicidad y criterios de validación.

Requisitos:
Bachiller en las carreras de Ingeniería Empresarial, Ingeniería de Sistemas, Ingeniería Industrial, Ciencia de la Computación, Data Science, Estadística, Computación Científica o carreras afines.
Experiencia mínima de 1 año en posiciones similares.
Conocimiento de herramientas analíticas: Power BI (intermedio), SQL (intermedio) y Excel (intermedio).
Conocimiento en análisis, modelamiento y visualización de datos: Power Query, DAX, limpieza, transformación de datos e indicadores de negocio.
Conocimiento en programación, automatización y gestión de datos: Python, ETL, arquitectura de datos y Power Automate (deseable).
Conocimiento en Inteligencia Artificial, estadística y machine learning (deseable).
Conocimiento del sector financiero, productos comerciales o campañas (deseable).

Beneficios
Seguro médico cubierto al 90%
Descuentos corporativos
Productos financieros con tasas preferenciales para colaborador.",2696,False,https://www.bumeran.com.pe/empleos/analista-de-inteligencia-de-negocios-junior-diners-club-peru-s.a-1118446930.html,2026-09-23 21:32
1118304588,Analista Sr Business Intelligence / Trade Marketing,ManpowerGroup Perú,Análisis de datos / BI,business intelligence,1,Marketing y Publicidad,Marketing,Senior,Presencial,Full-time,Indeterminado,FULL_TIME,1,False,False,False,False,False,Lima,Miraflores,PE,"Miraflores, Lima, Peru",2026-09-17,2026-12-16,6,Publicado hace 6 días,,,,,,6.0,False,"Python, Power BI, Excel",3,False,True,False,True,True,False,False,False,False,False,False,False,False,False,False,False,False,False,False,False,False,True,10011970,https://www.bumeran.com.pe/perfiles/empresa_manpowergroup-peru_10011970.html,Consultoría,"Lima, Lima",Entre 1001 y 5000 empleados,"En ManpowerGroup creemos en las personas y en el papel que representa el trabajo en sus vidas. Además, creemos en la importancia de impulsar el talento para favorecer el crecimiento personal y profesional.

Somos líder mundial en soluciones para la fuerza laboral, ayudando a las organizaciones a transformarse en un mundo laboral que cambia rápidamente mediante la búsqueda, evaluación, desarrollo y gestión del talento. Desarrollamos soluciones innovadoras para cientos de miles de organizaciones cada año, brindándoles talento calificado mientras encontramos empleo significativo y sostenible para millones de personas en una amplia gama de industrias. 

Nuestra familia de marcas expertas (Manpower, Experis y Talent Solutions) crea mucho más valor para nuestros candidatos en más de 70 países, durante 75 años a nivel global y 29 años a nivel nacional.

Anímate a dejar huella con nosotros ¡Únete a la compañía que impulsa tu Talento!",3.8,3.8,3.6,3.8,3.6,3.6,3.7,193.0,"Analista Sr BI Trade Analytics
Nos encontramos en búsqueda del talento que quiera asumir el reto de Analista Sr BI Trade Analytics
Funciones:
Realizar estatus diario y seguimiento al avance del relevo de información por los supervisores por cadena.
Desarrollo y mantenimiento de dashboards en Power BI para seguimiento de indicadores comerciales y de Trade.
'Manejo, limpieza y análisis de grandes bases de datos.
Elaboración de reportes analíticos para soporte a la toma de decisiones.
Soporte en la construcción y seguimiento de incentivos comerciales.
'Elaboración y seguimiento de targets comerciales.
Monitoreo y control de procesos críticos del área.
Automatización de procesos y reportería utilizando Excel y Python.
Identificación de oportunidades y generación de insights de negocio.
Requisitos:
Bachiller Universitario de las carreras de Administración, Negocios Internacionales, Ingeniería Industrial y/o afines.
Manejo de Excel a Nivel avanzando
Manejo de Power BI a nivel avanzado
Conocimiento de Python aplicado a análisis y automatización de datos.
Experiencia manejando grandes volúmenes de información.
Experiencia sólida en Power BI (modelamiento de datos y visualización).
Experiencia de 6 años en posiciones similares de análisis comercial, business intelligence o trade analytics.
Deseable experiencia en empresas de consumo masivo, retail o canales comerciales, trade y consumo masivo
Beneficios:
Sueldo acorde al mercado
Ingreso a planilla de con todos los beneficios de ley.
En Manpower Perú, promovemos la inclusión e inserción laboral sin distinción por razón de discapacidad, género, orientación, identidad y expresión de género, lugar de origen o generación. Por ello ¡Todos los talentos son bienvenidos!",1732,False,https://www.bumeran.com.pe/empleos/analista-sr-business-intelligence-trade-marketing-manpowergroup-peru-1118304588.html,2026-09-23 21:32
1118446920,Asistente de Finanzas y Data Analytics,LACTEOS DUMAN,Análisis de datos / BI,data analytics,1,"Administración, Contabilidad y Finanzas",Corporate Finance / Banca Inversión,Junior,Presencial,Full-time,Temporal,TEMPORARY,1,False,False,False,False,False,Lima,Lima,PE,"Lima, Lima, Peru",2026-09-17,2026-12-16,6,Actualizado ayer,,,,,,1.0,False,"Power BI, Excel",2,False,False,False,True,True,False,False,False,False,False,False,False,False,False,False,False,False,False,False,False,False,True,13066878,https://www.bumeran.com.pe/perfiles/empresa_lacteos-duman_13066878.html,Otra,"Lima, Lima",Entre 301 y 500 empleados,"Somos una empresa peruana dedicada a la elaboración, distribución y comercialización de productos lácteos de alta calidad. Nos especializamos en quesos frescos y madurados, y actualmente ampliamos nuestra línea con productos innovadores como kéfir y yogurt. Nuestros productos están presentes en supermercados, hoteles, restaurantes y tiendas especializadas a nivel nacional, posicionándonos como una marca confiable, artesanal e innovadora en el mercado.",,,,,,,,,"Nos encontramos en la búsqueda de un Asistente de Finanzas y Data Analytics, un perfil analítico y tecnológico encargado de asegurar la exactitud de nuestras operaciones financieras y transformar esos datos en información estratégica para la toma de decisiones.
Misión del puesto:Garantizar el control exacto de las operaciones bancarias, la programación de pagos y la actualización del flujo de caja, liderando a su vez la automatización de reportes, el análisis de KPIs y el seguimiento proactivo de oportunidades de mejora junto a otras áreas.
Funciones Principales:
Control Bancario y Conciliaciones: Descargar, consolidar y controlar los egresos y saldos de las cuentas bancarias. Realizar conciliaciones bancarias, identificando diferencias y partidas pendientes de regularización.
Flujo de Caja y Tesorería: Elaborar y mantener actualizado el flujo de caja, incorporando pagos, obligaciones y demás egresos proyectados. Apoyar en la programación y control de pagos, vencimientos y obligaciones de corto plazo.
Data Analytics y Reporting: Preparar reportes, cuadros de control y dashboards dinámicos para la gestión de Finanzas y Tesorería, facilitando la visibilidad de los datos en tiempo real.
Seguimiento Interáreas (KPIs): Participar en reuniones de procesos y seguimiento de KPIs con las diferentes áreas. Realizar un seguimiento estricto a las observaciones, acuerdos y oportunidades de mejora identificadas.
Soporte Contable: Apoyar activamente al equipo en el cierre mensual contable y otros requerimientos transversales del área.
Requisitos Indispensables:
Formación: Egresado o Bachiller en Finanzas, Contabilidad, Economía, Ingeniería Industrial o carreras afines.
Experiencia: Mínimo 6 meses a 1 año de experiencia previa como Asistente de Finanzas, Tesorería o Control de Gestión, integrando funciones operativas con análisis de datos.
Conocimientos Técnicos (Hard Skills): Excel a nivel Avanzado (Indispensable para modelado de datos, flujo de caja y cruces masivos). Conocimientos intermedios/avanzados en Power BI para la creación de reportes y cuadros de mando. Experiencia previa manejando portales bancarios (telecrédito) y sistemas ERP. Sólidos conocimientos de dinámica contable básica y matemáticas financieras.
Competencias (Soft Skills): Alto nivel de análisis y extrema atención al detalle (cero errores en bancos). Excelentes habilidades de comunicación y capacidad de seguimiento (para asegurar que los acuerdos interáreas se cumplan). Proactividad, orden y sentido de urgencia.
Beneficios:
Ingreso a planilla directa con todos los beneficios de ley.
Sueldo acorde al mercado.
Oportunidad de liderar la mejora de procesos financieros y tecnológicos de la compañía.",2698,False,https://www.bumeran.com.pe/empleos/asistente-de-finanzas-y-data-analytics-lacteos-duman-1118446920.html,2026-09-23 21:32
1118446623,DOCENTE INTELIGENCIA DE NEGOCIOS Y ANALYTICS (ZEGEL - ATE - DIURNO),inLearning Escuelas de Educación Superior,Análisis de datos / BI,inteligencia de negocios,1,"Tecnología, Sistemas y Telecomunicaciones",Sistemas,Semi Sr,Presencial,Por Horas,Temporal,TEMPORARY,1,False,True,False,False,False,Lima,Ate,PE,"Ate Vitarte, Lima, Peru",2026-09-17,2026-12-16,6,Actualizado hace 2 días,,,,,,1.0,False,"SQL, Power BI, Excel",3,True,False,False,True,True,False,False,False,False,False,False,False,False,False,False,False,False,False,False,False,False,True,1581170,https://www.bumeran.com.pe/perfiles/empresa_inlearning-escuelas-de-educacion-superior_1581170.html,Educación,"Lima, Lima",Entre 1001 y 5000 empleados,"Somos inLearning Escuelas de Educación Superior conformado por Zegel, Idat, Corriente Alterna, e Innova Teaching School, líderes en educación superior y parte del Grupo Intercorp.

Gracias a nuestros más de 3000 colaboradores que trabajan comprometidos día a día en brindar educación de calidad, podemos impulsar nuestro gran propósito: “Hacer posible que cada uno de nuestros estudiantes, en todo el Perú, transforme su vida para siempre”.

Te invitamos a ser parte de un equipo que trabaja con pasión, dinamismo y mucho compromiso. Además, impulsamos ambientes equitativos, diversos, inclusivos y seguros con un gran ambiente laboral. Esto nos permite ser parte de Great Place to Work, Ranking PAR y Empresa Segura.

Estamos en búsqueda permanente del mejor talento que esté dispuesto a asumir nuevos desafíos.

¡Esta es tu oportunidad para demostrar TU talento!

¡Únete a nuestro equipo!",,,,,,,,,"#Oportunidadlaboral para ser docente a tiempo parcial en ZEGEL del Grupo Intercorp 🚀
En inLearning Escuelas de Educación Superior estamos en búsqueda de un(a) profesional como tú para formar de la próxima generación de estudiantes en nuestra carrera de Desarrollo de Sistemas de Información
🎯 Curso: Inteligencia de Negocios y Analytics
⏰ Horario: Jueves 11:00 a.m. a 14:00 p.m.
👉 Sede: ZEGEL ATE (Presencial)
📅Inicio: 08 de octubre. Duración: 18 semanas
💡 Plus: Si cuentas con experiencia docente
REQUISITOS:
✔️ Bachiller en Ingeniería Informática, Ingeniería de Sistemas y/o carreras afines.
Experiencia mínima de 03 años (obligatorio) como Ingeniero de Datos, experiencia en la migración de volumen de datos; así como la generación de reportes e indicadores
✔️ Dominio en:
° Microsoft Excel
° SQL / Oracle
° Power BI
° Microsoft Visual Studio Tools for Applications
° Data Services
° Big data
✔️ Experiencia mínima de 01 año como docente en instituciones educativas de formación técnica o universitaria (opcional).

❤️ ¿Qué te ofrecemos?:
* Todos los correspondientes de acuerdo a Ley.
* Ingreso a Planilla desde el primer día laboral.
* Descuentos corporativos y convenios por ser parte del Grupo Intercorp.
* Capacitación constante.
* Línea de carrera y desarrollo profesional.",1282,False,https://www.bumeran.com.pe/empleos/docente-inteligencia-de-negocios-y-analytics-zegel-ate-diurno-inlearning-escuelas-de-educacion-superior-1118446623.html,2026-09-23 21:32
1118446924,Practicante Profesional de Business Intelligence / Callao,Confidencial,Análisis de datos / BI,business intelligence,1,"Comercial, Ventas y Negocios",Planeamiento comercial,Trainee / Pasante,Híbrido,Full-time,Pasantía,INTERN,1,False,False,False,False,False,Lima,Callao,PE,"Callao, Lima, Peru",2026-09-17,2026-12-16,6,Publicado hace 6 días,,,,,,,True,"Power BI, Excel",2,False,False,False,True,True,False,False,False,False,False,False,False,False,False,False,False,False,False,False,False,True,False,,,,,,,,,,,,,,,"En Adecco Perú, firma global especializada en atracción y selección de personal, nos encontramos en búsqueda del mejor talento para cubrir la siguiente vacante: Practicante Profesional de Business Intelligence
Funciones:
Brindar soporte en la automatización de procesos del negocio a través de la implementación de macros u otros.
Colaborar en el desarrollo reportes comerciales en Power BI con base a reportes existentes en Excel.
Desarrollar reportes nuevos en Power BI según instrucciones del negocio.
Desarrollar oportunidades de digitalización en la compañía a través del uso de tecnologías de reportería y automatización.
Soporte en el análisis de mercado para la generación de bases de datos de clientes potenciales.
Soporte en la elaboración de insights comerciales.
Requisitos:
Recién egresado(a) en Ingeniería de Sistemas, Informática, Industrial, Estadística, Economía, Administración o carreras afines.
Conocimiento de Excel a nivel intermedio-avanzado.
Conocimiento de Power BI a nivel básico-intermedio.
Nivel de inglés intermedio (deseable)
Disponibilidad para laborar de manera presencial en el Callao.
Se ofrece:
Sueldo básico de S/.1450.
Seguro FOLA.
Almuerzo cubierto en planta.
Convenio de prácticas de 12 meses.
Horario: Lun a Vie de 8:30 a.m. a 5:30 p.m.
Oportunidades de línea de carrera y otros beneficios más.",1334,False,https://www.bumeran.com.pe/empleos/practicante-profesional-de-business-intelligence-callao-1118446924.html,2026-09-23 21:32
1118444813,Analista de Datos BI - Hibrido,UNIVERSIDAD TECNOLOGICA DEL PERU,Análisis de datos / BI,analista de datos; analista bi,2,"Tecnología, Sistemas y Telecomunicaciones",Análisis de Datos,Semi Sr,Híbrido,Full-time,Indeterminado,FULL_TIME,1,False,False,False,False,False,Lima,Cercado De Lima,PE,"Cercado De Lima, Lima, Peru",2026-09-16,2026-12-15,7,Publicado hace 7 días,,,,,,2.0,False,"SQL, Python, Power BI, Excel",4,True,True,False,True,True,False,False,False,False,False,False,False,False,False,False,False,False,False,False,False,False,False,13483290,https://www.bumeran.com.pe/perfiles/empresa_universidad-tecnologica-del-peru_13483290.html,Educación,"LIMA, Lima",Entre 501 y 1000 empleados,,,,,,,,,,"La Unidad Corporativa de la Universidad Tecnológica del Perú, que forma parte del Grupo Intercorp y es parte del ranking de las mejores empresas para trabajar en el Perú según Great Place to Work*, se encuentra en búsqueda del mejor talento, para ocupar la posición de “Analista Datos BI”, a continuación, los detalles:
¿A quiénes buscamos?
Egresado de la carrera Ingeniería Industrial, Ingeniería de Sistemas, Estadística, Ingeniería de Información.
Mínimo 2 años de experiencia profesional o en prácticas.
Manejo de SQL Server
Manejo de Power BI
Conocimiento de Visual Studio (SSIS)
Manejo de Excel – intermedio
Python (Deseable)
Dominio de herramientas IA (Deseable)
¿Qué funciones realizarías?
Gestionar, con múltiples áreas de negocio, necesidades de analítica de datos.
Rediseñar flujos actuales de extracción, transformación y carga de datos
Elaboración de ETLs y queries complejos.
Elaboración de Dashboards de seguimiento de indicadores
Participación en proyectos de data del equipo
Otras funciones que designe su jefe inmediato.
¿Cuál es el horario de trabajo?
Lunes a Viernes de 8:30 am a 6:30 pm (Modalidad Híbrida).
¿Por qué unirte a la UTP?
Atractivo salario: Reconocemos tu talento con una compensación por encima del mercado.
Disfruta de todos los beneficios de ley que te corresponden por ingresar al corporativo, en planilla desde el primer día.
Crecimiento profesional y capacitación constante: Desarrolla tu carrera en un entorno de aprendizaje continuo, con oportunidades de ascenso en UTP y Grupo Intercorp.
Descuentos corporativos y educativos: Beneficios exclusivos Intercorp y descuentos en programas de postgrado y formación continua.
Excelente clima laboral: Somos una empresa reconocida como Great Place To Work.
Trabajar con un equipo altamente calificado dentro de una infraestructura moderna y equipada con la mejor tecnología.
“La UTP es una universidad inclusiva y libre de discriminación, que respeta la diversidad y autenticidad de cada uno de los colaboradores.”
¡Más diversos, mejores equipos!
*Según resultados GPTW 2026",2058,False,https://www.bumeran.com.pe/empleos/analista-de-datos-bi-hibrido-universidad-tecnologica-del-peru-1118444813.html,2026-09-23 21:32
1118445349,Analista de Datos Comerciales bi,Peru Productos Agricolas,Análisis de datos / BI,analista de datos; analista bi,2,"Comercial, Ventas y Negocios",Planeamiento comercial,Semi Sr,Presencial,Full-time,Indeterminado,FULL_TIME,1,False,False,True,True,False,Lima,Carabayllo,PE,"Carabayllo, Lima, Peru",2026-09-16,2026-12-15,7,Actualizado hace 10 horas,,,,,,2.0,False,"Python, Power BI, Excel, Tableau",4,False,True,False,True,True,True,False,False,False,False,False,False,False,False,False,False,False,False,False,False,False,False,10153466,https://www.bumeran.com.pe/perfiles/empresa_peru-productos-agricolas_10153466.html,Agro-Industrial,"Lima, Lima",Entre 301 y 500 empleados,"INVERAGRO es una empresa del sector agroindustrial dedicada a la distribución y comercialización de insumos para la agricultura, con presencia en Lima y en importantes provincias del país. Nos distinguimos por brindar asesoría técnica profesional directa a los agricultores y por su compromiso con el crecimiento sostenible del sector.

Linkdln: INVERAGRO Peru Productos Agrícolas S.A.C.",,,,,,,,,"¡Súmate al equipo de Inveragro!
En INVERAGRO Peru Productos Agrícolas S.A.C., somos una empresa peruana con más de 30 años liderando el sector agro, dedicada a la comercialización y distribución de agroquímicos, semillas, fertilizantes, tecnología y soluciones integrales para el desarrollo del campo a nivel nacional.
Creemos en la innovación, la excelencia operativa y el talento de nuestra gente para seguir transformando el agro peruano.
Descripción del puesto
Funciones:
Elaborar y monitorear el pronóstico de ventas y presupuesto comercial por canal, zona y línea de productos (agroquímicos, fertilizantes y maquinarias).
Realizar seguimiento a indicadores comerciales (KPIs)
Diseñar, actualizar y automatizar tableros de control (dashboards) en Power BI y reportes en Excel avanzado
Consolidar y analizar la base de datos a nivel nacional, márgenes comerciales, comisiones , entre otras.
Estar en constante comunicación con áreas de la empresas
Elaborar informes periodicos (semanales y mensuales) para Gerencia y Jefaturas comerciales, identificando desviaciones y oportunidades de mejora.
Realizar monitoreo de mercado, competencia y tendencias del sector agro para la toma de decisiones estratégicas.
Apoyar en la estandarización de procesos del área y brindar soporte analítico a áreas afines.
Otras funciones afines al puesto asignadas por su jefatura directa.
Requisitos:
Egresado/a en Economía, Administración de Empresas, Negocios, Ingenería Industrial, Estadística o carreras afines.
Diplomado o especialización en Inteligencia de Negocios (Deseable)
Manejo de Excel a nivel Avanzado y Power BI
Conocimiento en consumo masivo y gestión de proyectos comerciales.
Deseable manejo de base de datos o herramientas de Inteligencia Comercial (Power BI, Tableu, Python ).
Minimo 2 años de experiencia como Analista de Inteligencia Comercial o afines.
Conocimiento en Office: Avanzado
Beneficios
Planilla Completa: Ingreso a planilla desde el primer día de trabajo, pagos quincenales
Beneficios de Ley: Todos los beneficios sociales correspondientes (CTS, gratificaciones, vacaciones, utilidades, entre otros).
Sueldo acorde al mercado
Desarrollo: Oportunidades de crecimiento profesional y línea de carrera según desempeño.",2232,False,https://www.bumeran.com.pe/empleos/analista-de-datos-comerciales-bi-peru-productos-agricolas-1118445349.html,2026-09-23 21:32
1118444560,Analista de Datos Jr. (hibrido),CSTI Corp,Análisis de datos / BI,analista de datos,1,"Tecnología, Sistemas y Telecomunicaciones",Análisis de Datos,Junior,Híbrido,Full-time,Indeterminado,FULL_TIME,1,False,False,False,False,False,Lima,Miraflores,PE,"Miraflores, Lima, Peru",2026-09-16,2026-12-15,7,Actualizado hace 5 días,,,,,,1.0,False,"SQL, Python, Power BI, Excel, Azure, Google Cloud, SAP, ETL",8,True,True,False,True,True,False,False,False,False,False,False,False,False,False,True,True,True,False,True,False,False,True,10155736,https://www.bumeran.com.pe/perfiles/empresa_csti-corp_10155736.html,Informática / Tecnología,"Lima, Lima",Entre 51 y 150 empleados,"Somos una corporación de capital peruano Silver Partner SAP, líder en el rubro de TI, especializada en brindar soluciones de negocio en las líneas de outsourcing, soporte y proyectos. Actualmente contamos con sedes en Perú, Ecuador, Colombia y Bolivia.",3.5,3.6,3.2,3.2,3.1,3.1,3.2,8.0,"CSTI Corp es una empresa peruana líder en la industria TI con más de 17 años en el mercado en países como Perú, Ecuador, Colombia, Costa Rica y Estados Unidos.
Ofrece soluciones de negocios en las líneas de Outsourcing, Licenciamientos SAP y Microsoft, soporte y mejora de aplicaciones, así como implementación y migración de sistemas bajo estrategias Cloud, aprovechando su alianza con marcas como Amazon, Azure, Huawei Cloud y Google Cloud.
Nos encontramos en la búsqueda de un Analista de Datos Junior para nuestra línea de negocio.
¿Qué buscamos?:
Formación universitaria o técnica en Ingeniería de Sistemas, Estadística, Computación, Ciencia de Datos, Ingeniería Industrial o carreras afines.
1 a 2 años de experiencia en posiciones similares.
Manejo de SQL – nivel intermedio.
Manejo de Python – nivel intermedio.
Conocimientos en análisis y procesamiento de datos.
Experiencia en manejo y consulta de bases de datos.
Conocimientos de Power BI – nivel básico/intermedio.
Manejo de herramientas de visualización de datos.
Conocimientos de ETL y transformación de datos.
Manejo de Excel avanzado.
Deseable experiencia en logística, comercio exterior o áreas afines.
Funciones:
Recopilar, procesar y analizar información proveniente de diferentes fuentes.
Realizar consultas y extracción de información de bases de datos mediante SQL.
Procesar y transformar datos utilizando Python.
Elaborar y mantener reportes para el seguimiento de indicadores.
Apoyar en la construcción y actualización de dashboards en Power BI.
Realizar validaciones y controles de calidad de la información.
Identificar inconsistencias, patrones y oportunidades de mejora en los datos.
Apoyar en procesos de ETL y transformación de información.
Generar información y reportes para facilitar la toma de decisiones.
Coordinar con diferentes equipos para atender requerimientos relacionados con datos.
Documentar procesos y resultados de los análisis realizados.
Condiciones:
Modalidad: Híbrida (2 veces presencial a la semana)
Horario: Lunes a viernes de 8:00 a.m. a 5:00 p.m.
Ubicación: Callao y Miraflores
Inicio: Inmediato",2099,False,https://www.bumeran.com.pe/empleos/analista-de-datos-jr.-hibrido-csti-corp-1118444560.html,2026-09-23 21:32
1118445180,Analista de Desarrollo de Negocio e Inteligencia Comercial Pignoraticio,Caja Metropolitana de Lima,Análisis de datos / BI,inteligencia de negocios,1,"Administración, Contabilidad y Finanzas",Administración,Semi Sr,Presencial,Full-time,Temporal,TEMPORARY,1,False,True,False,False,False,Lima,San Isidro,PE,"San Isidro, Lima, Peru",2026-09-16,2026-12-15,7,Actualizado ayer,,,,,,2.0,False,"SAS, SPSS",2,False,False,False,False,False,False,False,False,True,True,False,False,False,False,False,False,False,False,False,False,False,False,10071882,https://www.bumeran.com.pe/perfiles/empresa_caja-metropolitana-de-lima_10071882.html,Banca / Financiera,"Lima, Lima",Entre 51 y 150 empleados,"La Caja Metropolitana tiene por finalidad fomentar el ahorro, desarrollar el crédito de consumo en las modalidades de préstamos pignoraticios y personales, concediendo adicionalmente créditos a la micro y pequeña empresa e hipotecarios para financiación de vivienda.",3.5,3.2,3.3,3.4,3.1,3.3,3.1,24.0,"Somos una importante Entidad Financiera lider en el producto pignoraticio y microfinanzas, con un portafolio de diversos productos; y actualmente en crecimiento, por lo que requerimos incorporar a la compañia 01 Analista de Desarrollo de Negocio e Inteligencia Comercial Pignoraticio, cumplan con el siguiente perfil:
REQUISITOS:
Profesional titulado de la carrera de Ingeniería/ Estadística/ Economía/ Administración/ Negocios Internacionales o carreras afines.
Dos (2) años de experiencia en el puesto en empresas del sector financiero.
Experiencia en análisis de datos en el producto Pignoraticio y Consumo.
Microsoft Office a nivel avanzado.
Herramientas de análisis de datos a nivel avanzado (SAS, SPSS, Rapid Miner o similar).
FUNCIONES
Proporcionar soporte técnico para la creación de informes, cuadros de mando u otras herramientas existentes.
Crear herramientas o sistemas de inteligencia de negocios, incluyendo diseño de bases de datos, hojas de cálculo o salidas relacionadas.
Mantener o actualizar las herramientas de inteligencia de negocios, bases de datos, cuadros de mando, sistemas o métodos.
Analizar las estrategias de mercado competitivas a través del estudio de las tendencias relacionadas con el producto, los clientes o el mercado.
Identificar o monitorizar clientes actuales y potenciales, utilizando herramientas de inteligencia de negocios.
BENEFICIOS
Ingreso a planilla desde el primer día de trabajo.
Sueldo acorde al mercado.
EPS 80%
Beneficios corporativos.
Día libre por tu cumpleaños.
Linea de carrera.",1535,False,https://www.bumeran.com.pe/empleos/analista-de-desarrollo-de-negocio-e-inteligencia-comercial-pignoraticio-caja-metropolitana-de-lima-1118445180.html,2026-09-23 21:32
1118445255,Analista de Inteligencia de Datos- Sede Arequipa,Caja Arequipa,Análisis de datos / BI,analista de datos,1,"Administración, Contabilidad y Finanzas",Créditos y Cobranzas,Senior,Presencial,Full-time,Indeterminado,FULL_TIME,1,False,True,False,False,False,Arequipa,Arequipa,PE,"Arequipa, Arequipa, Peru",2026-09-16,2027-01-14,7,Actualizado hace 2 días,,,,,,2.0,False,Excel,1,False,False,False,False,True,False,False,False,False,False,False,False,False,False,False,False,False,False,False,False,False,True,2222560,https://www.bumeran.com.pe/perfiles/empresa_caja-arequipa_2222560.html,Banca / Financiera,"Arequipa, Arequipa",Entre 1001 y 5000 empleados,"En Caja Arequipa trabajamos con un propósito claro: transformar la vida de miles de emprendedores y familias en todo el país. Somos un equipo comprometido, cercano y enfocado en generar impacto real a través de nuestro trabajo.",3.9,3.7,3.5,3.9,3.9,3.6,3.7,83.0,"Somos una institución financiera líder dentro del sistema de cajas municipales del Perú, sin fines de lucro, creada con el objetivo estratégico de constituirse en un elemento fundamental de descentralización financiera y democratización del crédito.
¡Supérate en Caja Arequipa!, si buscas potenciar tu talento y formar parte del equipo que está revolucionando el mundo de las microfinanzas; te invitamos a postular al puesto de Analista Inteligencia de datos (área de Pasivos) y supérate en la caja líder del país.
¿Qué necesitas para postular?:
Bachiller o Título Universitario en Administración de Empresas, Ingeniería, Ingeniería Comercial, Ingeniería Industrial o carreras afines. De preferencia conocimientos análisis de datos y/o minería de datos.
2 años de experiencia en análisis de base datos, análisis de precios de productos pasivos, elaboración de iniciativas y estrategias comerciales. Tener experiencia en la creación y diseño de productos pasivos.
Manejo de bases de datos.
Dominio de Excel a nivel avanzado.
Conocimientos de minería de datos
¿Cuáles serán tus tareas?:
Analizar la información proporcionada por otras áreas, referida a evoluciones de depósitos, análisis de precios de productos pasivos (incluyendo a la competencia), entre otras; con el objeto de elaborar propuestas para la toma de decisiones y lograr una eficiente captación de los productos pasivos.
Analizar mensualmente la evolución y variación de productos de ahorros y generar propuestas de mejora desde el ámbito comercial.
Brindar soporte en la creación de nuevos productos pasivos a la jefatura inmediata, efectuando las coordinaciones necesarias con las áreas involucradas para su implementación.
Evaluar, proponer e implementar mejoras en la funcionalidad de productos pasivos existentes a requerimiento de instancias internas, externas o por iniciativa del área.
Efectuar seguimiento sobre la funcionalidad de nuevos productos y mejoras implementadas. Participar de talleres del área en aspectos relacionados a nuevos productos o mejoras identificadas.
Validar las mejoras implementadas en la normativa interna de productos pasivos y servicios de depósitos de ahorros.
Realizar un mapeo del mercado, campañas vigentes (de tasa, sorteos u otros), con la finalidad de analizar el comportamiento de la competencia en lo que respecta a captaciones.
Analizar el gasto financiero ejecutado versus el proyectado proponiendo alternativas de control en caso sea necesario.
Qué beneficios tenemos para ti:
Oportunidad de incorporarte a una empresa que cuenta con la certificación de ABE (Asociación de Buenos Empleadores), estamos en el top five en el ranking Merco Talento para captar y retener talento dentro del sector financiero y estamos dentro de las 100 mejores empresas con responsabilidad social- Merco Talento, contamos con certificación ASA con calificación A-
Oportunidad de hacer línea de carrera en el sector financiero.
Convenios educativos
Capacitación constante
Seguro de vida ley desde el primer día de trabajo.
Buen clima Laboral
Cobertura de Salud
Programa de beneficios Siempre+
Sede: Arequipa
Si cumples con todos los requisitos postula a la vacante, por favor adjuntar CV documentado en formato Word o PDF.
¡Muchos éxitos en este proceso de selección!
De conformidad con la Ley N.º 29733 – Ley de Protección de Datos Personales y su Reglamento (D.S. N.º 016-2024-JUS), el postulante autoriza de manera libre, previa, informada y expresa a la Caja Municipal de Ahorro y Crédito de Arequipa S.A. (Caja Arequipa), RUC N.º 20100209641, con domicilio en Calle La Merced N.º 106, Cercado – Arequipa, a realizar el tratamiento de sus datos personales y/o sensibles proporcionados a través de esta plataforma, formularios o documentos relacionados. El tratamiento tiene como finalidad principal gestionar los procesos de selección y reclutamiento, verificar referencias laborales y profesionales, y invitar a futuras convocatorias según el perfil del postulante. El Banco de Datos de Postulantes (RNPDP-PJP N.º 1367) conservará la información hasta la revocación del consentimiento. En caso de no proporcionar los datos solicitados, no será posible participar en el proceso de selección. Caja Arequipa no transfiere datos personales, salvo por obligación legal, contractual o regulatoria. El postulante puede ejercer sus derechos ARCO (Acceso, Rectificación, Cancelación y Oposición) y revocar su consentimiento en cualquiera de nuestras agencias o escribiendo al correo de protección de datos de nuestra página web.",4516,False,https://www.bumeran.com.pe/empleos/analista-de-inteligencia-de-datos-sede-arequipa-caja-arequipa-1118445255.html,2026-09-23 21:32
1118444618,Data Specialist Analyst,Cencosud Perú S.A,Análisis de datos / BI,data analyst,1,"Tecnología, Sistemas y Telecomunicaciones",Análisis de Datos,Semi Sr,Híbrido,Full-time,Indeterminado,FULL_TIME,1,False,False,False,False,False,Lima,Miraflores,PE,"Miraflores, Lima, Peru",2026-09-16,2026-12-15,7,Actualizado hace 6 días,,,,,,3.0,False,"SQL, Python, Power BI, AWS, Snowflake",5,True,True,False,True,False,False,False,False,False,False,False,False,False,True,False,False,False,True,False,False,False,True,10001020,https://www.bumeran.com.pe/perfiles/empresa_cencosud-peru-s.a_10001020.html,Retail,"0, Lima",,"Somos Cencosud,uno de los más grandes y prestigiosos conglomerados de retail en América Latina. Posicionados en Perú como empresa líder del sector a través de nuestros formatos de supermercados e hipermercados Wong y Metro. Promovemos la diversidad,inclusión e igualdad de oportunidades entre todxs.",4.3,4.2,4.0,4.3,4.0,4.0,3.8,35.0,"Somos Cencosud, uno de los más grandes y prestigiosos conglomerados de retail en América Latina. Posicionados en Perú como empresa líder del sector a través de nuestros formatos de supermercados e hipermercados Wong y Metro. Actualmente nos encontramos en búsqueda del mejor talento para desarrollarse como:
DATA SPECIALIST ANALYST
Misión:
Diseñar, construir y mantener flujos de datos y modelos analíticos que soporten la toma de decisiones del negocio de E-Commerce de Cencosud Perú. El rol combina competencias técnicas de ingeniería de datos (pipelines, SQL avanzado, automatización, consumo de arquitectura DaaS en AWS) con alto criterio de negocio: entiende las métricas del canal digital, traduce necesidades comerciales en soluciones de datos y comunica hallazgos con claridad a equipos comerciales y gerencia.
Funciones:
Diseñar y mantener pipelines de datos para el canal eCommerce: ingesta desde fuentes (web/app, marketplaces, GA4), transformación y carga hacia capas Silver/Gold del lakehouse en snowflake.
Desarrollar y automatizar reportes, dashboards e indicadores clave del canal digital (Conversión, ticket promedio, quiebre de stock online, NPS, promociones, operaciones) consumiendo datos desde Redshift/ Snowflake y Power BI
Traducir necesidades de negocio del área eCommerce en modelos de datos, queries SQL y lógicas de cálculo, asegurando que las métricas reflejen correctamente las reglas de negocio del canal.
Analizar el comportamiento del cliente digital: segmentación, frecuencia de compra, canales de adquisición y tendencias de categorías, generando insights accionables para el equipo comercial.
Coordinar con el equipo de Inteligencia de Negocios la integración de fuentes del canal eCommerce en la plataforma corporativa de datos (AWS DaaS), asegurando gobierno, calidad y trazabilidad de la información. Identificar y resolver inconsistencias en los datos del canal digital, aplicando criterio de negocio para distinguir errores de pipeline de comportamientos reales del mercado.
Comunicar hallazgos e insights a líderes comerciales y gerencia mediante presentaciones ejecutivas, documentos de análisis y dashboards self-service, priorizando claridad sobre complejidad técnica.
Diseñar y mantener pipelines de datos para el canal eCommerce: ingesta desde fuentes (web/app, marketplaces, GA4), transformación y carga hacia capas Silver/Gold del Data Lakehouse en AWS S3.
Requisitos:
Bachiller o Licenciado de las carreras de Ingeniería Informática, Industrial, Economía,Estadistica,Tecnología de la Información y Sistemas,Ciencia de datos
Experiencia mínima de 3 años en el área.
Manejo de SQL a nivel avanzado
Data Lakehouse S3 a nivel medio
Manejo de Python para datos
Beneficios:
Cuponera de días libres.
Descuentos corporativos.
¡Sé parte del mejor equipo! ¡Contamos contigo!
""En esta empresa está prohibida la discriminación – Ley N° 29973""",2879,False,https://www.bumeran.com.pe/empleos/data-specialist-analyst-cencosud-peru-s.a-1118444618.html,2026-09-23 21:32
1118444771,Practicante Profesional de Inteligencia de Negocios,Cencosud Perú S.A,Análisis de datos / BI,inteligencia de negocios,1,Oficios y Otros,Jóvenes Profesionales,Trainee / Pasante,Híbrido,Full-time,Pasantía,INTERN,1,False,False,False,True,False,Lima,Miraflores,PE,"Miraflores, Lima, Peru",2026-09-16,2026-12-15,7,Actualizado hace 6 horas,,,,,,,False,"Power BI, Excel, AWS, Snowflake",4,False,False,False,True,True,False,False,False,False,False,False,False,False,True,False,False,False,True,False,False,False,True,10001020,https://www.bumeran.com.pe/perfiles/empresa_cencosud-peru-s.a_10001020.html,Retail,"0, Lima",,"Somos Cencosud,uno de los más grandes y prestigiosos conglomerados de retail en América Latina. Posicionados en Perú como empresa líder del sector a través de nuestros formatos de supermercados e hipermercados Wong y Metro. Promovemos la diversidad,inclusión e igualdad de oportunidades entre todxs.",4.3,4.2,4.0,4.3,4.0,4.0,3.8,35.0,"Somos Cencosud, uno de los más grandes y prestigiosos conglomerados de retail en América Latina. Posicionados en Perú como empresa líder del sector a través de nuestros formatos de supermercados e hipermercados Wong y Metro. Actualmente nos encontramos en búsqueda del mejor talento para desarrollarse como:
PRACTICANTE PROFESIONAL DE INTELIGENCIA DE NEGOCIOS
Misión:
Contribuir al desarrollo de soluciones de analítica y automatización que mejoren la toma de decisiones del negocio.
Funciones:
Automatizar y optimizar reportes y procesos de generación de información.
Desarrollar dashboards en Power BI y mejorar soluciones de visualización existentes.
Apoyar en la realización de análisis de ventas, mercado y clientes, generando insights para el negocio.
Apoyar la integración, organización y calidad de datos, promoviendo información centralizada y reutilizable
Proponer mejoras y nuevas soluciones analíticas que generen eficiencia y valor al negocio
Requisitos:
Egresados de las carreras de Ingeniería de Sistemas / Tecnología o afines.
Excel ySQL a nivel intermedio - avanzado
Power BI a nivel intermedio
Conocimientos en Inteligencia Articial Cloud (AWS y Snowflake)
Beneficios:
Cuponera de días libres.
Descuentos corporativos.
¡Sé parte del mejor equipo! ¡Contamos contigo!
""En esta empresa está prohibida la discriminación – Ley N° 29973""",1349,False,https://www.bumeran.com.pe/empleos/practicante-profesional-de-inteligencia-de-negocios-cencosud-peru-s.a-1118444771.html,2026-09-23 21:32
1118442441,Analista de datos junior,Inetum Perú,Análisis de datos / BI,analista de datos,1,"Tecnología, Sistemas y Telecomunicaciones",Análisis de Datos,Junior,Presencial,Full-time,Temporal,TEMPORARY,1,False,False,False,False,False,Lima,San Isidro,PE,"San Isidro, Lima, Peru",2026-09-15,2026-12-14,8,Actualizado hace 2 días,,,,,,1.0,False,"SQL, Power BI, Excel",3,True,False,False,True,True,False,False,False,False,False,False,False,False,False,False,False,False,False,False,False,False,True,1669060,https://www.bumeran.com.pe/perfiles/empresa_inetum-peru_1669060.html,Informática / Tecnología,"Miraflores, Lima",Entre 1001 y 5000 empleados,"Inetum es una compañía con 50 años de experiencia en el desarrollo de servicios IT a nivel internacional, con más de 27.000 expertos tecnólogos que acompañan a sus clientes en su proceso de digitalización, evaluando sus necesidades para diseñar las mejores estrategias del mercado.",,,,,,,,,"Responsable de analizar información y generar reportes y dashboards para facilitar la toma de decisiones.
6 meses a 1 año de experiencia en análisis de datos.
Manejo de Power BI (dashboards y visualización de datos).
Excel a nivel intermedio.
Deseable conocimiento de SQL.
Capacidad de análisis, comunicación y trabajo en equipo.",329,False,https://www.bumeran.com.pe/empleos/analista-de-datos-junior-inetum-peru-1118442441.html,2026-09-23 21:32
1118443779,Analista de Inteligencia de Negocios,Caja Trujillo,Análisis de datos / BI,inteligencia de negocios,1,"Comercial, Ventas y Negocios",Desarrollo de Negocios,Semi Sr,Híbrido,Full-time,Indeterminado,FULL_TIME,1,False,True,False,True,False,La Libertad,Trujillo,PE,"Trujillo, La Libertad, Peru",2026-09-15,2026-12-14,8,Actualizado hace 4 horas,,,,,,,False,,0,False,False,False,False,False,False,False,False,False,False,False,False,False,False,False,False,False,False,False,False,False,True,907780,https://www.bumeran.com.pe/perfiles/empresa_caja-trujillo_907780.html,Banca / Financiera,"Trujillo, La Libertad",Entre 1001 y 5000 empleados,"Somos Caja Trujillo, Sóida entidad financiera, llevamos 41 años dedicados a atender las necesidades financieras de los emprendedores peruanos, ofreciéndoles diversos productos y servicios diseñados a su medida; lo que nos convierte en una entidad sólida, comprometida con el desarrollo y éxito de nuestros clientes.

Hoy estamos presentes en 20 regiones, a través de 107 agencias. Además, contamos con más de 15,000 puntos de atención alternativos, como Agentes Corresponsales propios, Western Union, Kasnet y cajeros automáticos. 

Y también, para beneficio de todos nuestros clientes y usuarios, tenemos nuestro aplicativo Caja Trujillo Móvil, para realizar diferentes operaciones con total seguridad y confianza.",,,,,,,,,"En CAJA TRUJILLO, entidad financiera líder en el otorgamiento de créditos a la Pequeña y Micro Empresa, nos encontramos en la búsqueda del mejor talento para ocupar la posición de ANALISTA DE INTELIGENCIA DE NEGOCIOS.
REQUISITOS:
Bachiller Universitario, de preferencia con título en las especialidades de Ciencias Económicas, Ingenierías o Estadística.
Especialización en Inteligencia de Negocios y Estudios de Mercado.
De preferencia, especialización en Administración de Negocios, Gestión de Operaciones o Gestión Financiera.
EXPERIENCIA LABORAL:
Mínima de 03 años en instituciones financieras o de servicios, relacionada a:
- Análisis y explotación de datos para el análisis del mercado-competencia y la generación de inteligencia financiera y comercial.
- Desarrollo de información gerencial para la toma de decisiones.
- Conocimiento del sistema y regulación de entidades financieras, y normativa aplicable a las Cajas Municipales.
Qué Ofrecemos:
Oportunidad de incorporarte a una empresa sólida (41 años en el mercado).
Salario acorde al mercado.
Beneficios de Ley.
Capacitación y Oportunidad de realizar Línea de Carrera.
¡Muchos éxitos en este proceso de selección!
De conformidad con lo señalado en la Ley N° 29733, Ley de Protección de Datos Personales y su norma reglamentaria D.S. y N° 003-2013-JUS, en el presente acto EL POSTULANTE autoriza a LA CAJA al uso de los datos personales y de los datos sensibles que pueda proporcionar en el desarrollo del proceso de postulación y solo para los efectos de la misma. La presente convocatoria es aplicable a personas con discapacidad, en conformidad a lo establecido en la Ley N° 29973, Ley de la Persona con Discapacidad y su Reglamento.",1696,False,https://www.bumeran.com.pe/empleos/analista-de-inteligencia-de-negocios-caja-trujillo-1118443779.html,2026-09-23 21:32
1118442558,Analista de mejora de procesos + Bi – Contact Center (Performance),Prosegur,Análisis de datos / BI,analista bi,1,Ingenierías,Ingeniería Industrial,Semi Sr,Presencial,Full-time,Indeterminado,FULL_TIME,1,False,False,False,False,False,Lima,Surquillo,PE,"Surquillo, Lima, Peru",2026-09-15,2026-12-14,8,Actualizado hace 5 días,"De S/.500 A S/.4,900 Por Mes",500.0,4900.0,PEN,Mes,1.0,False,"SQL, Power BI, Excel",3,True,False,False,True,True,False,False,False,False,False,False,False,False,False,False,False,False,False,False,False,False,True,10098460,https://www.bumeran.com.pe/perfiles/empresa_prosegur_10098460.html,Otra,"Santiago de Surco, Lima",Entre 1001 y 5000 empleados,"Prosegur es una compañía multinacional que ofrece soluciones de seguridad globales e integrales, adaptadas a las necesidades de nuestros clientes. Somos referente en cada uno de los mercados en los que desarrollamos nuestra actividad.

Actualmente ofrecemos servicios que abarcan distintos ámbitos de la seguridad: Vigilancia, Logística de Valores y Gestión de Efectivo, Tecnología y Alarmas.  

En Prosegur, al mismo tiempo que aplicamos nuestra concepción global, actuamos de forma local y siendo conscientes de las particularidades de cada país. Trabajamos bajo estrictos parámetros de excelencia apostando por la innovación y adaptándonos a las necesidades específicas del cliente. Basamos nuestro trabajo en una estrategia de negocio claramente diferenciada; cercanía al cliente, innovación y excelencia en el servicio unido a una sólida posición financiera.",,,,,,,,,"Prosegur Alarms forma parte del Grupo Prosegur, compañía global de seguridad fundada en 1976, con presencia en Europa y Latinoamérica.
Buscamos un/a profesional que se una al equipo como Analista de Procesos. Contribuirás al análisis y optimización de la operación de Contact Center, generando información clave para la toma de decisiones y detectando oportunidades de mejora que permitan fortalecer la productividad y experiencia del cliente.
👉Modalidad: 100% presencial Lunes a Viernes en Surquillo
¿Qué buscamos?
Egresado/a de Ingeniería Industrial, Estadística o carreras afines.
Deseable experiencia en Contact Center/Call Center/Experiencia del usuario.
Experiencia práctica en metodologías (Lean, Six sigma, ágiles, scrum, kanban) para mejora de procesos.
Experiencia de mínimo 1 año como analista encargandote del análisis de información operativa.
Excel y Power BI para realizar reportes, tableros de control, indicadores e informes con la información analizada.
SQL y Power Automate: deseable. Uso de algún CRM.
Genesys Cloud: deseable.
¿Qué harás?
Analizar KPIs operativos y de experiencia: SLA, nivel de servicio, abandono, productividad, NPS, CSAT, entre otros.
Identificar tendencias, desviaciones y oportunidades de mejora en el desempeño de la operación.
Analizar demanda y performance, brindando soporte en la planificación de recursos y Workforce Management.
Diseñar, desarrollar y automatizar reportes y dashboards utilizando Excel y Power BI.
Analizar el desempeño de los diferentes canales de atención: llamadas, WhatsApp, correo y canales digitales.
Participar en la documentación, análisis y mejora de procesos y flujos de atención.
Elaborar reportes y análisis para brindar soporte a la Jefatura en la toma de decisiones.
Participar en iniciativas de optimización y automatización de procesos.
¿Qué ofrecemos?
Formar parte de una empresa certificada en el Great Place To Work.
Ingreso a planilla desde el primer momento con todos los beneficios de ley.
Línea de carrera y crecimiento profesional.
Acceso a plataformas de E-learning.
Programa de Becas educativas para ti y/o tus hijos a través de Fundación Prosegur.
Plan de formación individual en la universidad corporativa Prosegur.
Convenios educativos para carreras técnicas, universitarias, maestrías, diplomados, idiomas etc.",2305,False,https://www.bumeran.com.pe/empleos/analista-de-mejora-de-procesos-bi--contact-center-performance-prosegur-1118442558.html,2026-09-23 21:32
1118442936,Desarrollador Microsoft Power BI Senior,CSTI Corp,Análisis de datos / BI,power bi,1,"Tecnología, Sistemas y Telecomunicaciones",Programación,Senior,Presencial,Full-time,Indeterminado,FULL_TIME,1,False,False,False,False,False,Lima,La Victoria,PE,"La Victoria, Lima, Peru",2026-09-15,2026-12-14,8,Actualizado hace 5 días,,,,,,5.0,False,"SQL, Power BI, Azure",3,True,False,False,True,False,False,False,False,False,False,False,False,False,False,True,False,False,False,False,False,False,True,10155736,https://www.bumeran.com.pe/perfiles/empresa_csti-corp_10155736.html,Informática / Tecnología,"Lima, Lima",Entre 51 y 150 empleados,"Somos una corporación de capital peruano Silver Partner SAP, líder en el rubro de TI, especializada en brindar soluciones de negocio en las líneas de outsourcing, soporte y proyectos. Actualmente contamos con sedes en Perú, Ecuador, Colombia y Bolivia.",3.5,3.6,3.2,3.2,3.1,3.1,3.2,8.0,"Nos encontramos en la búsqueda de un(a) Desarrollador(a) Microsoft Power BI Senior para liderar técnicamente el proyecto de assessment de Gobierno de Power BI y asegurar la calidad, estandarización y control del ecosistema analítico corporativo.
Requisitos:
Profesional universitario egresado de Ingeniería de Sistemas, Ingeniería de Software o carreras afines.
Experiencia mínima de 5 años como Desarrollador Senior, Arquitecto Power BI o en posiciones similares.
Dominio de Power BI Service, Admin Portal, workspaces, Power BI Premium/Fabric y seguridad RLS.
Experiencia en gobierno de datos, auditoría y monitoreo mediante Power BI REST APIs o PowerShell.
Experiencia en CI/CD, Azure DevOps y control de versiones de archivos PBIX.
Conocimientos avanzados en modelado de datos, optimización de DAX y rendimiento de consultas.
Certificación Microsoft Certified: Power BI Data Analyst Associate (PL-300).
Conocimientos deseables:
Microsoft Fabric, OneLake, Lakehouse y pipelines de datos.
Azure SQL, Azure Analysis Services y On-premises Data Gateway.
Certificaciones DP-600, AZ-104 o similares.
Experiencia supervisando proveedores y equipos de consultoría.
Funciones:
Supervisar y validar los entregables de las consultorías externas.
Auditar modelos de datos, consultas DAX, seguridad RLS y rendimiento de informes.
Validar que los requerimientos de negocio se alineen con la arquitectura corporativa.
Administrar y homologar los workspaces de desarrollo, pruebas y producción.
Implementar estrategias de CI/CD mediante Azure DevOps.
Brindar soporte técnico en Power BI.
Liderar reuniones técnicas con las áreas de negocio y tecnología.
Condiciones:
Modalidad: Presencial.
Horario: Lunes a viernes de 8:00 a. m. a 6:21 p. m.",1728,False,https://www.bumeran.com.pe/empleos/desarrollador-microsoft-power-bi-senior-csti-corp-1118442936.html,2026-09-23 21:32
1118440330,Analista de Datos,Confidencial,Análisis de datos / BI,analista de datos,1,"Tecnología, Sistemas y Telecomunicaciones",Análisis de Datos,Semi Sr,Presencial,Full-time,Indeterminado,FULL_TIME,1,False,False,False,False,False,Lima,Cercado De Lima,PE,"Cercado De Lima, Lima, Peru",2026-09-14,2026-12-13,9,Publicado hace 9 días,,,,,,,False,"SQL, Python, Power BI, SAP, ETL, Machine Learning",6,True,True,False,True,False,False,False,False,False,False,False,False,False,False,False,False,True,False,True,True,True,False,,,,,,,,,,,,,,,"Empresa industrial, con presencia internacional, busca incorporar a un profesional talentoso para el cargo de Analista de Datos, el cual tendrá la siguiente misión:
⭐ Gestionar, analizar y transformar datos en información e insights que contribuyan a la toma de decisiones del negocio, asegurando la calidad, integridad y adecuada gestión de datos e impulsando el uso de analítica e Inteligencia artificial.
⭐ ¿Cuál es el perfil?
Bachiller de Ingeniería de Sistemas, Ingeniería Informática, Ciencias de la Computación, Ingeniería de Software o carreras afines.
Deseable especialización en Data Analytics, data science, inteligencia artificial o gobierno de datos.
Conocimientos técnicos: Microsoft fabric, SAP, SQL y manejo de base de datos, análisis y visualización de datos, Power BI, gestión y calidad de datos, fundamentos de gobernanza de datos y conocimientos de inteligencia artificial y analítica avanzada.
Conocimientos deseables: Python, modelamiento de datos, ETL/ELT, data warehouse / data lake, Machine learning, plataformas cloud.
⭐ ¿Cuáles son sus proncipales funciones?
Recopilar, integrar y analizar información proveniendte de diferentes fuentes y sistemas.
Desarrollar dashboards, reportes e indicadores para la toma de decisiones.
Identificar tendencias, patrones y oportunidades mediante el análisis de datos.
Gestionar y monitorear la calidad, integriad y consistencia de los datos.
Participar en la definición y aplicación de estándares y buenas prácticas de gobernanza de datos.
Documentar fuentes, estructuras, flujos y responsables de la información.
Atender requerimientos de información y convertir necesidades del negocio en soluciones anlíticas.
Identificar y evaluar oportunidades de aplicación de Inteligencia Artificial y analítica avanzada.
Participar en el desarrollo y seguimiento de modelos y soluciones analíticas.
Generar recomendaciones a partir de los datos para apoyar la toma de decisiones.
Promover el uso adecuado y responsable de los datos de la organización.
✅En líneas generales, es un profesional capaz de convertir datos en información y la información en decisiones.",2117,False,https://www.bumeran.com.pe/empleos/analista-de-datos-1118440330.html,2026-09-23 21:32
1118441402,Analista Funcional de Datos-Banca,INDRA PERU,Análisis de datos / BI,analista de datos,1,"Tecnología, Sistemas y Telecomunicaciones",Otra,Semi Sr,Híbrido,Full-time,Indeterminado,FULL_TIME,1,False,False,False,False,False,Lima,San Isidro,PE,"San Isidro, Lima, Peru",2026-09-14,2026-12-13,9,Publicado hace 9 días,,,,,,3.0,False,"SQL, Python, Spark",3,True,True,False,False,False,False,False,False,False,False,False,True,False,False,False,False,False,False,False,False,False,False,2255030,https://www.bumeran.com.pe/perfiles/empresa_indra-peru_2255030.html,Informática / Tecnología,"Lima, Aguascalientes",Entre 1001 y 5000 empleados,"Somos una de las principales empresas globales de consultoría y tecnología y el socio tecnológico global para los negocios clave de nuestros clientes. Desarrollamos una oferta de soluciones propias, servicios avanzados y de alto valor añadido en tecnología.",,,,,,,,,"Estamos en la búsqueda de este puesto para que sea nuestro representante frente a una empresa del rubro bancario.
🎯 ¿Qué buscamos en ti?
Profesional universitario o técnico de Ingeniería de Sistemas, Informática o carreras afines.
Experiencia de 3 años a más como Analista Funcional de Datos.
Conocimientos requeridos
Modelamiento de datos relacional y/o dimensional.
Integración, mapeo y homologación de datos.
Data Profiling y calidad de datos.
Gestión de esquemas, PK/FK, tipos de datos y reglas de transformación.
Bases de datos relacionales, plataformas Big Data, Cloud y/o IA.
Herramientas de gestión ágil y documentación.
Experiencia deseable
Experiencia previa en banca o servicios financieros, especialmente en iniciativas de datos, integración o modelamiento.
Experiencia trabajando con modelos de datos corporativos o globales y procesos de homologación de información local–global.
Conocimiento funcional de clientes, contratos, cuentas, préstamos, tarjetas u otros productos financieros.
Experiencia analizando información proveniente de Core Bancario, Host o sistemas legacy.
Funciones:
Analizar requerimientos funcionales y técnicos asociados a procesos de integración y modelamiento de datos en entornos bancarios.
Realizar mapeos campo a campo, homologación de información y definición de reglas de transformación entre sistemas de origen y modelos de datos corporativos.
Ejecutar actividades de Data Profiling, validando estructuras, tipos de datos, relaciones, nulabilidad, consistencia y calidad de la información.
Analizar y asegurar la trazabilidad de los datos desde sistemas Core, transaccionales y plataformas legacy.
Elaborar documentación funcional y técnica asociada a mapeos, transformaciones y definiciones de datos.
Realizar consultas y validaciones mediante SQL, PySpark y/o Python para contrastar información y replicar lógicas de transformación.
Validar definiciones y reglas de datos antes de su implementación por los equipos de desarrollo.
Interpretar modelos de datos corporativos, esquemas, configuraciones y reglas asociadas a procesos de integración.
Comprender procesos y conceptos del negocio bancario para traducirlos en atributos, estructuras y reglas de datos.
Coordinar con equipos de negocio, desarrollo, arquitectura y datos para resolver definiciones, dependencias y observaciones.
💡 Beneficios exclusivos
Horario: Lunes a Viernes de 9:00 am a 6:30 pm
Modelo de trabajo: Remoto
EPS cubierto al 100% en Plan Base
Udemy acceso total
Línea de Carrera
Kit ergonómico para laborar desde casa
¡Ven y únete a INDRA!",2558,False,https://www.bumeran.com.pe/empleos/analista-funcional-de-datos-banca-indra-peru-1118441402.html,2026-09-23 21:32
1118438212,ASISTENTE DE BUSINESS INTELLIGENCE,CLINICA SAN FELIPE,Análisis de datos / BI,business intelligence,1,"Administración, Contabilidad y Finanzas",Otra,Junior,Presencial,Full-time,Indeterminado,FULL_TIME,1,False,False,False,True,False,Lima,Lima,PE,"Lima, Lima, Peru",2026-09-11,2026-12-10,12,Actualizado hace 2 horas,,,,,,1.0,True,"SQL, Python, Power BI, ETL",4,True,True,False,True,False,False,False,False,False,False,False,False,False,False,False,False,False,False,True,False,False,False,,,,,,,,,,,,,,,"¡Únete a nuestro equipo en Clínica San Felipe!
En la Clínica San Felipe contamos con más de 60 años de experiencia ofreciendo un servicio integral y de calidad, con el más destacado staff médico del país, moderna infraestructura y tecnología al servicio de nuestros pacientes con la confianza y seguridad de siempre.
Actualmente nos encontramos en búsqueda de un(a) profesional talentoso(a) que contribuya a nuestro propósito: “Cuidamos la Salud de las familias del Perú, porque la salud no puede esperar”.
Nos encontramos en la búsqueda del mejor talento para ocupar la posición de:
ASISTENTE DE BUSINESS INTELLIGENCE
¿Cuál será tu principal desafío?
Consolidar, analizar y automatizar la información de los indicadores clave de gestión (KPIs) de la organización, mediante el desarrollo de reportes y tableros eficientes con el objetivo de generar insights accionables que agreguen valor a la toma de decisiones estratégicas y optimicen los procesos internos.
¿Qué funciones realizarás?
Extraer, procesar y validar información operativa y comercial mediante consultas SQL (volumen de atenciones, pacientes hospitalizados, venta de medicinas oncológicas, etc.) para atender solicitudes de datos de los clientes internos.
Crear, actualizar y compartir tableros interactivos e informes dinámicos a través de Power BI y Google Drive/Sheets para las diferentes áreas de la organización.
Desarrollar e implementar scripts en Python y herramientas de Inteligencia Artificial para automatizar la recolección, modelado y envío de reportes e informes del área de BI.
Desarrollar y automatizar la extracción, modelado e integración de datos en el modelo de BI (flujos ETL/scripts), alimentando las tablas y capas analíticas para la generación de reportes automáticos.
Recepcionar e integrar los datos de encuestas de satisfacción del servicio (PAUS) y consolidar reportes periódicos para su envío a la contraparte externa o corporativa.
¿Qué perfil buscamos?
Formación académica: Técnico profesional en computación, Bachiller o estudiante de últimos ciclos en Ingeniería de Sistemas o carreras afines.
Experiencia: Mínimo 1 año de experiencia en áreas de Business Intelligence o Analítica de Datos como practicante (pre/pro) o asistente.
Otros Conocimientos: Power BI (Intermedio/Avanzado), Office, SQL, Python, Power Apps, IA, Análisis de datos y/o Desarrollador (Deseable).
Idiomas: Inglés intermedio (lectura técnica).
Competencias: Comunicación asertiva, Empatía, Trabajo en equipo y Adaptabilidad.
¿Qué te ofrecemos?
Pertenecer a una de las clínicas líderes del país, acreditada.
Ingreso a planilla con todos los beneficios de ley desde el primer día.
Oportunidades de crecimiento y desarrollo profesional dentro de Pacifico Salud.
Excelente clima laboral y un entorno enfocado en la innovación tecnológica.
Como organización estamos comprometidos con la inclusión y equidad de género. En línea con ello, nuestros procesos de selección buscan garantizar igualdad de derechos y oportunidades para todos y todas.",3005,False,https://www.bumeran.com.pe/empleos/asistente-de-business-intelligence-clinica-san-felipe-1118438212.html,2026-09-23 21:32
1118438031,Data Product Analyst Jr.,inLearning Escuelas de Educación Superior,Análisis de datos / BI,data analyst,1,"Tecnología, Sistemas y Telecomunicaciones",Análisis de Datos,Junior,Híbrido,Full-time,Indeterminado,FULL_TIME,1,False,False,False,False,False,Lima,Cercado De Lima,PE,"Cercado De Lima, Lima, Peru",2026-09-10,2026-12-09,13,Publicado hace 13 días,,,,,,1.0,False,"SQL, Python, Power BI, Excel",4,True,True,False,True,True,False,False,False,False,False,False,False,False,False,False,False,False,False,False,False,False,True,1581170,https://www.bumeran.com.pe/perfiles/empresa_inlearning-escuelas-de-educacion-superior_1581170.html,Educación,"Lima, Lima",Entre 1001 y 5000 empleados,"Somos inLearning Escuelas de Educación Superior conformado por Zegel, Idat, Corriente Alterna, e Innova Teaching School, líderes en educación superior y parte del Grupo Intercorp.

Gracias a nuestros más de 3000 colaboradores que trabajan comprometidos día a día en brindar educación de calidad, podemos impulsar nuestro gran propósito: “Hacer posible que cada uno de nuestros estudiantes, en todo el Perú, transforme su vida para siempre”.

Te invitamos a ser parte de un equipo que trabaja con pasión, dinamismo y mucho compromiso. Además, impulsamos ambientes equitativos, diversos, inclusivos y seguros con un gran ambiente laboral. Esto nos permite ser parte de Great Place to Work, Ranking PAR y Empresa Segura.

Estamos en búsqueda permanente del mejor talento que esté dispuesto a asumir nuevos desafíos.

¡Esta es tu oportunidad para demostrar TU talento!

¡Únete a nuestro equipo!",,,,,,,,,"Somos inLearning Escuelas de Educación Superior, conformados por Zegel, Idat, Corriente Alterna, e Innova Teaching School, líderes en educación superior y parte del Grupo Intercorp. que valora y promueve la diversidad, inclusión y equidad de género, perteneciente a la comunidad Eaquales. Nos encontramos en la búsqueda de un(a) Data Product Analyst Jr.
Propósito:
Analizar el desempeño comercial y digital de los productos a través de la data, transformando la información en dashboards, indicadores e insights mediante herramientas de visualización de datos, que permitan identificar oportunidades de mejora y facilitar la toma de decisiones en ventas, conversión, rentabilidad, contactabilidad y canales digitales.
¿Qué funciones realizarás?
Consolidar, depurar y analizar información proveniente de distintas fuentes, asegurando su correcta integración para el análisis comercial y de producto.
Diseñar, construir y mantener dashboards e indicadores de gestión que permitan monitorear ventas, conversión, rentabilidad, contactabilidad y desempeño digital.
Automatizar reportes y procesos recurrentes de información, reduciendo tareas manuales y mejorando la oportunidad de los análisis.
Analizar el comportamiento de ventas, productos, campañas, canales y alumnos, identificando patrones y factores que impacten en los resultados.
Identificar tendencias, desviaciones, oportunidades y posibles alertas a partir del análisis de datos.
Elaborar reportes ejecutivos y presentar insights, conclusiones y recomendaciones que faciliten la toma de decisiones.
Atender y analizar requerimientos de información del equipo de Producto y de las áreas relacionadas, traduciendo las necesidades del negocio en análisis e indicadores.
Asegurar la consistencia, confiabilidad y calidad de la información utilizada en dashboards, reportes y análisis.
Realizar otras funciones afines y/o complementarias que le asigne su jefe inmediato.
¿Cuál es el perfil que buscamos?
Egresado/a o bachiller de Ingeniería Industrial, Ingeniería de Sistemas, Estadística, Economía, Administración, Data Science, o carreras afines.
Cursos análisis de datos, Business Analytics, Business Intelligence o herramientas de visualización será valorada.(Deseable)
Mínimo 1 año de experiencia en posiciones de Data Analyst, Business Intelligence, Reporting, Control de Gestión o similares.
Experiencia trabajando con bases de datos y grandes volúmenes de información, realizando análisis y elaboración de dashboards, reportes e indicadores para la toma de decisiones
Experiencia trabajando con indicadores comerciales, embudos de conversión, ventas, campañas o comportamiento de clientes.
Deseable experiencia en educación, servicios, retail, banca, telecomunicaciones o negocios con alto volumen de clientes/transacciones.
Excel avanzado.
Power BI(Power Query y DAX.) Avanzado
SQL Intermedio / Avanzado
Manejo y depuración de bases de datos.
Python (Deseable)
Conocimiento de herramientas de automatización y/o Inteligencia Artificial aplicada al análisis de datos.
¿Qué es lo que tenemos para ti?
Ingreso a planilla desde el primer día con todos los beneficios de ley.
Ser parte de una de las empresas del grupo Intercorp.
Cuponera de tiempo libre donde equilibramos tu vida personal y laboral.
Descuentos en las empresas que pertenecen al club Intercorp.
Atractivos descuentos para ti y tu familia en las instituciones educativas del grupo.
Semana Classifieds (Semana libre entre Navidad y Año Nuevo)
En inLearning EES (Zegel, Idat, Corriente Alterna e Innova Teaching School) estamos comprometidos con promover la igualdad de género, diversidad e inclusión en nuestros procesos de atracción y selección del talento, brindando igualdad de oportunidades laborales para los/las postulantes, asegurando ambientes saludables, equitativos y seguros.
Además, queremos que sepas que este cargo admite postulaciones para personas con discapacidad de acuerdo con el marco de la Ley de Inclusión Laboral en el Pe",3967,False,https://www.bumeran.com.pe/empleos/data-product-analyst-jr.-inlearning-escuelas-de-educacion-superior-1118438031.html,2026-09-23 21:32
1118434711,Analista de Gestión de Información y Procesos,PONTIFICIA UNIVERSIDAD CATOLICA DEL PERU (PUCP),Análisis de datos / BI,analista de informacion,1,Ingenierías,Ingeniería Industrial,Semi Sr,Presencial,Full-time,Temporal,TEMPORARY,1,False,False,False,False,False,Lima,San Miguel,PE,"San Miguel, Lima, Peru",2026-09-09,2026-12-08,14,Actualizado hace 5 días,,,,,,1.0,True,Power BI,1,False,False,False,True,False,False,False,False,False,False,False,False,False,False,False,False,False,False,False,False,False,True,1722920,https://www.bumeran.com.pe/perfiles/empresa_pontificia-universidad-catolica-del-peru-pucp_1722920.html,Educación,"San Miguel, Lima",Entre 1001 y 5000 empleados,"La Pontificia Universidad Católica del Perú es la N°1 del país, la N°10 de América Latina y N°336 a nivel global (según el Ranking Mundial QS 2024). Esta ubicación es un reconocimiento a la calidad de nuestra formación, investigaciones, publicaciones, responsabilidad social, aporte a la cultura, e innegable liderazgo académico e institucional. Además, es un logro de quienes integramos esta casa de estudios: profesores, estudiantes, trabajadores y egresados. 

Misión: somos una comunidad académica plural y tolerante, inspirada en principios éticos, democráticos y católicos. Ofrecemos una formación humanista, científica e integral de excelencia. Contribuimos a ampliar el saber mediante investigaciones e innovaciones de nivel internacional. Promovemos la creación y difusión de cultura y arte, reconociendo la naturaleza multicultural del país. Nos vinculamos de manera efectiva y permanente con la sociedad y el entorno, reconociendo la diversidad del país y asumiendo su compromiso con el de",3.3,3.2,3.2,3.0,2.8,2.9,3.1,31.0,"Por encargo de la Dirección de Asuntos Estudiantiles nos encontramos en búsqueda de 1 Analista de Gestión de Información y Procesos que cumpla con el siguiente perfil:
Misión del puesto:
Gestionar y optimizar la información, plataformas y procesos operativos de la Oficina de Becas, mediante la integración de datos, la implementación de mejoras tecnológicas y la automatización de procesos, a fin de contribuir a una gestión eficiente, articulada y orientada a la toma de decisiones.
Funciones:
Diseñar y administrar estructuras de bases de datos para el seguimiento de becarios, actividades y procesos de la Oficina de Becas, coordinando la integración, depuración y validación de información proveniente de distintas fuentes institucionales, a fin de asegurar la calidad y disponibilidad de la información para la gestión de la unidad.
Diseñar indicadores de gestión, reportes y dashboards mediante herramientas de analítica y visualización de datos, a fin de facilitar el monitoreo de los procesos y la toma de decisiones de la Oficina de Becas.
Identificar, proponer e implementar mejoras tecnológicas orientadas a optimizar procesos operativos y administrativos de la Oficina de Becas, vinculados a la gestión de becarios, incluyendo facturación, bonos, registros, validaciones y seguimiento de trámites, con el fin de reducir tareas manuales y tiempos de atención.
Gestionar y optimizar el uso de las plataformas institucionales utilizadas por la Oficina de Becas, incluyendo Kissflow, Campus Virtual y otras herramientas digitales, a fin de asegurar su aprovechamiento.
Brindar soporte técnico y analítico a las distintas unidades académicas, administrativas y aliados institucionales mediante la elaboración de información, reportes y análisis requeridos, a fin de contribuir al seguimiento y gestión de los programas de becas.6. Realizar otras funciones complementarias o afines que le sean designadas por superior inmediato.
Requerimientos:
Bachiller en Ingeniería Informática o Ingeniería de Sistemas o Ingeniería Industrial o Ciencia de Datos o afines.
Experiencia de 2 años en instituciones de educación superior.
Experiencia de 2 años en organizaciones con alto manejo de información y procesos operativos complejos (deseable).
Experiencia de 2 años en proyectos de transformación digital, automatización o mejora de procesos institucionales (deseable).
Experiencia de 1 año en análisis y gestión de bases de datos.
Experiencia de 1 año en elaboración de reportes operativos y analíticos para la toma de decisiones.
Manejo avanzado de bases de datos y herramientas de integración de información.
Manejo avanzado de Power BI o similares.
Manejo intermedio de plataformas de gestión y automatización de procesos.
Inglés a nivel intermedio.",2752,False,https://www.bumeran.com.pe/empleos/analista-de-gestion-de-informacion-y-procesos-pontificia-universidad-catolica-del-peru-pucp-1118434711.html,2026-09-23 21:32
1118434680,ANALISTA SENIOR DE PROCESAMIENTO DE DATOS/EXPERIENCIA RETAIL / INGLÉS AVANZADO,Grupo Tawa,Análisis de datos / BI,analista de datos,1,Oficios y Otros,Otros,Junior,Presencial,Full-time,Indeterminado,FULL_TIME,1,False,False,False,False,False,Lima,San Isidro,PE,"San Isidro, Lima, Peru",2026-09-09,2026-12-08,14,Actualizado ayer,,,,,,5.0,True,"SQL, Excel",2,True,False,False,False,True,False,False,False,False,False,False,False,False,False,False,False,False,False,False,False,False,True,10071318,https://www.bumeran.com.pe/perfiles/empresa_grupo-tawa_10071318.html,Consultoría,"San Isidro , Lima",Entre 1001 y 5000 empleados,"Somos un Grupo empresarial presente en Perú y Chile. Somos +10000 expertos
apoyando expertos. A través de Tawa brindamos servicios especializados en
Recursos Humanos. En Rom, somos expertos en la gestión de puntos de venta y trade
marketing.
¡Postula y sé un #experto con nosotros!
Síguenos @GrupoTawa",3.7,3.8,3.5,3.8,3.7,3.7,3.5,32.0,"Por encargo de nuestro cliente, importante empresa líder de electrónica y de tecnologías, nos encontramos en la búsqueda de:
(1) ANALISTA DE PROCESAMIENTO DE DATOS / RETAIL MANAGEMENT - SAN ISIDRO
REQUISITOS:
Estudios universitarios culminados en Administración, Ingeniería Industrial, Ingeniería Comercial o afines.
Experiencia mínima de 5 años como Analista de datos o Analista BI dentro del área de Ventas, Comercial, Retail o Marketing
Experiencia manejando data grande de Ventas analizando y elaborando KPIs.
Excel intermedio-avanzado (fórmulas, tablas dinámicas), manejo de base de datos a través de SQL (queries, vistas, stored procedures)
FUNCIONES:
1.- Consolidación, procesamiento y validación de información.
2.- Actualización de data en base de datos.
3.- Optimización de queries y procedimientos en SQL.
4.- Implementar mejoras en los procesos de carga y actualización de datos.
5.- Diseño, automatización, actualización y envio de reportes de Retail Management.
6.- Análisis de los KPIs de Retail Management sin participar en decisiones, estrategias o actividades comerciales de Samsung.
7.- Análisis Ad-Hoc según requerimientos de los equipos de ventas.
8.- Coordinar la distribución, priorización y seguimiento de los requerimientos de procesamiento, actualización y análisis de información.
9.- Supervisar el cumplimiento de los plazos establecidos para la atención de los requerimientos.
10.- Identificar y proponer oportunidades de mejora sobre los procesos de procesamiento, carga, actualización y automatización de información.
OFRECEMOS:
Ingreso a planilla de Tawa, con todos los beneficios de ley.
Horario de trabajo: Lunes a Viernes de 09:00 a 18:30 (1 hora y media de refrigerio).
Modalidad: Presencial.
Lugar de trabajo: San Isidro.
Contrato 3 meses, siempre renovable de acuerdo a desempeño.
Se cubre EPS: 70% Samsung / 30% empleado
¡Postula ya!",1872,True,https://www.bumeran.com.pe/empleos/analista-senior-de-procesamiento-de-datos-experiencia-retail-ingles-avanzado-grupo-tawa-1118434680.html,2026-09-23 21:32
1118312834,Data & Reporting Analyst,LLAMAPIXEL PERU,Análisis de datos / BI,data analyst,1,"Tecnología, Sistemas y Telecomunicaciones",Data Entry,Semi Sr,Presencial,Full-time,Temporal,TEMPORARY,1,False,False,False,True,False,Lima,San Isidro,PE,"San Isidro, Lima, Peru",2026-09-09,2026-12-08,14,Actualizado hace 5 horas,,,,,,2.0,True,"SQL, Power BI, Excel, Looker, Google Cloud",5,True,False,False,True,True,False,False,True,False,False,False,False,False,False,False,True,False,False,False,False,False,False,13502290,https://www.bumeran.com.pe/perfiles/empresa_llamapixel-peru_13502290.html,Call Center,"San Isidro, Lima",Entre 11 y 50 empleados,"ʟʟᴀᴍᴀᴘɪxᴇʟ ɢᴀᴍɪɴɢ s.ᴀ.ᴄ. ɪs ʏᴏᴜʀ ᴘʀᴇᴍɪᴇʀ ᴅᴇsᴛɪɴᴀᴛɪᴏɴ ꜰᴏʀ sᴘᴏʀᴛs ʙᴇᴛᴛɪɴɢ, ᴄᴀsɪɴᴏ ɢᴀᴍᴇs, ʟɪᴠᴇ ᴄᴀsɪɴᴏ, ʟᴏᴛᴛᴇʀʏ, ᴀɴᴅ ᴠɪʀᴛᴜᴀʟ sᴘᴏʀᴛs. ʙᴀsᴇᴅ ɪɴ ʟɪᴍᴀ, ᴘᴇʀᴜ, ᴡᴇ ᴏꜰꜰᴇʀ 24/7 ᴄᴜsᴛᴏᴍᴇʀ sᴜᴘᴘᴏʀᴛ, sᴇᴄᴜʀᴇ ᴘᴀʏᴍᴇɴᴛ sᴏʟᴜᴛɪᴏɴs, ᴀɴᴅ ᴘʀᴏᴍᴏᴛɪᴏɴs ᴛᴏ ᴇɴʜᴀɴᴄᴇ ʏᴏᴜʀ ɢᴀᴍɪɴɢ ᴇxᴘᴇʀɪᴇɴᴄᴇ.",,,,,,,,,"🚀 LlamaPixel es una compañía que brinda atención de primer nivel 24/7 a usuarios hispanohablantes en Latinoamérica 🌎, dentro de un entorno dinámico, colaborativo y tecnológico 💻✨.
🎯 Estamos buscando un Data & Reporting Analyst.
📌 Funciones principales:
Reportes y Dashboards: descargar, consolidar y organizar información operativa; elaborar reportes diarios, semanales y mensuales; diseñar dashboards en Excel, Power BI Google Sheets, Looker Studio o BigQuery.
Análisis de KPIs: evaluar SLA, backlog, tiempos de respuesta, productividad y tendencias; identificar desviaciones y causas raíz; comunicar hallazgos de manera clara y accionable.
Automatización y Visibilidad: optimizar plantillas, flujos de datos y reportes intradía; generar alertas operativas y soporte en tiempo real.
Presentaciones Ejecutivas: traducir datos complejos en mensajes simples y visuales; elaborar presentaciones en PowerPoint/Google Slides; participar en reuniones de desempeño y gobernanza.
✅ Requisitos del perfil:
Mínimo 2 años de experiencia en análisis de datos, reporting o dashboards en call center/contact center/BPO.
Conocimiento sólido de KPIs de Customer Service (SLA, backlog, AHT/TMO, productividad, adherence, forecast vs actual).
Manejo avanzado de Excel/Google Sheets (tablas dinámicas, fórmulas, organización de datos).
Manejo avanzado de Power BI.
Experiencia en presentaciones ejecutivas.
Inglés avanzado o fluido; portugués deseable.
Deseable experiencia con Looker Studio, SQL, Zendesk u otras plataformas CRM/helpdesk.
🕒 Condiciones del puesto:
Trabajo 100% presencial en Lima.
Horario: Lunes a viernes, 9:00 a. m. – 6:48 p. m.
Ingreso a planilla desde el primer día con todos los beneficios de ley.
Salario: S/2452 – S/3000
Tarjeta de alimentos: S/300 mensuales.
EPS cubierta al 100%.
Ambiente de trabajo dinámico y enfocado en el bienestar del colaborador.
📢 ¿Quieres impulsar tu carrera en análisis de datos dentro de la industria del iGaming? Postula hoy y crece con nosotros en LlamaPixel.",1996,False,https://www.bumeran.com.pe/empleos/data-reporting-analyst-llamapixel-peru-1118312834.html,2026-09-23 21:32
1118436082,E-commerce Data Analyst - Retail,CL Selection by Cornerstone,Análisis de datos / BI,data analyst,1,Marketing y Publicidad,E-commerce,Junior,Presencial,Full-time,Indeterminado,FULL_TIME,1,False,False,False,False,False,Lima,Lima,PE,"Lima, Lima, Peru",2026-09-09,2026-12-08,14,Actualizado ayer,,,,,,2.0,True,"SQL, Power BI, Excel, Looker",4,True,False,False,True,True,False,False,True,False,False,False,False,False,False,False,False,False,False,False,False,False,True,13251655,https://www.bumeran.com.pe/perfiles/empresa_cl-selection-by-cornerstone_13251655.html,Consultora de Recursos Humanos,"San Isidro, Lima",Entre 11 y 50 empleados,"CL Selection by Cornerstone es una vertical de Cornerstone Perú especializada en la búsqueda de ejecutivos de gerencia media, puestos críticos, posiciones de entrada con alto potencial y proyectos  estratégicos de atracción de talento. Con más de 18 años de historia en el mercado, hemos acompañado en la búsqueda y atracción a más de 500 organizaciones, con 14,500 procesos de selección en Perú y Latinoamérica. 
Nuestras principales soluciones son: headhunting, strategic RPO, mapeo de talento, trainees, entre otros.",,,,,,,,,"🚀 ¡Nueva oportunidad: Data Analyst Ecommerce - Retail!
¿Te apasiona la data y te interesa llevar los números a insights que generen impacto en el negocio? Esta oportunidad puede ser para ti.
Buscamos un/a Data Analyst Ecommerce para integrarse a un equipo en crecimiento, con el reto de construir y fortalecer la reportería y analítica del canal, trabajando de manera cercana con Ecommerce, Marketing y Retail.
🔎 ¿Cuál será tu reto?
• Analizar los principales KPIs de Ecommerce: Revenue, Orders, Ticket Promedio, Traffic, Conversion Rate, ROAS, CPA, Margen, entre otros.
• Construir y mantener dashboards y herramientas de reportería.
• Analizar el funnel de conversión e identificar oportunidades y GAPs.
• Generar insights sobre categorías, productos, marcas, campañas y canales. • Automatizar reportes y procesos de análisis.
• Trabajar con data para generar proyecciones, oportunidades y recomendaciones comerciales.
• Tener interacción con los frentes comercial, operativo y de marketing.

🎯 Requisitos:
• 2 a 3 años de experiencia en Data Analytics, Business Intelligence, Ecommerce o Performance Analytics.
• Experiencia idealmente en Retail, Consumo Masivo, Ecommerce o BI.
• Profesionales de Ingeniería Industrial, Administración, Economía, Estadística, Sistemas, Data Analytics o afines.
• Excel avanzado (idealmente con manejo de macros).
• Power BI intermedio/avanzado. • SQL intermedio/avanzado, deseable.
• Conocimiento de Google Analytics / GA4 y Looker Studio.
• Inglés intermedio.
• Experiencia con plataformas Ecommerce, marketplaces y/o herramientas de visualización.

💡 ¿Qué valoramos ?
Personas que hayan tenido la oportunidad de crear dashboards o sistemas de reportería desde cero, implementar KPIs, automatizar procesos o utilizar la información para detectar oportunidades comerciales.
Buscamos un perfil organizado, analítico, proactivo, dinámico y con muy buena comunicación, que no se quede únicamente en “reportar números”, sino que pueda interpretarlos, encontrar oportunidades y proponer acciones para el negocio.",2044,False,https://www.bumeran.com.pe/empleos/e-commerce-data-analyst-retail-cl-selection-by-cornerstone-1118436082.html,2026-09-23 21:32
1118434604,Jefe de Business Intelligence,Hunters Group,Análisis de datos / BI,business intelligence,1,"Comercial, Ventas y Negocios",Planeamiento comercial,Jefe / Supervisor / Responsable,Presencial,Full-time,Indeterminado,FULL_TIME,1,False,False,False,False,False,Lima,La Victoria,PE,"La Victoria, Lima, Peru",2026-09-09,2026-12-08,14,Publicado hace 14 días,"De S/.7,000 A S/.8,000 Por Mes",7000.0,8000.0,PEN,Mes,4.0,False,"SQL, Power BI, Excel",3,True,False,False,True,True,False,False,False,False,False,False,False,False,False,False,False,False,False,False,False,False,False,10060072,https://www.bumeran.com.pe/perfiles/empresa_hunters-group_10060072.html,Consultoría,"Lima, Lima",Entre 11 y 50 empleados,"Hunters Group es una firma líder con más de 24 años de experiencia en la gestión estratégica del talento. Brindamos soluciones en Head Hunting para posiciones ejecutivas y de mandos medios en distintos sectores del mercado. Somos miembros exclusivos en Perú de Agilium Worldwide, red global presente en más de 25 países, lo que nos permite operar bajo estándares internacionales de calidad y ética. Contamos con una metodología innovadora que integra experiencia consultiva con herramientas digitales e inteligencia artificial, garantizando procesos ágiles y precisos. Nuestra filosofía “Better Together”, refleja la convicción de que el trabajo colaborativo potencia resultados duraderos. No sólo buscamos candidatos, construimos alianzas para impulsar el crecimiento organizacional.

El capital humano es el elemento fundamental para promover e incrementar el desarrollo de cada empresa, por eso nos comprometemos con nuestros clientes a brindarles un servicio personalizado en la búsqueda, evaluación y selección de profesionales, a la medida de sus requerimientos.

Nos especializamos en la búsqueda de profesionales para mandos medios o middle management, asegurando a nuestros clientes la presentación de candidatos que encajen con el perfil solicitado y cuenten con las competencias necesarias para desarrollarse y agregar valor a su empresa.",,,,,,,,,"Importante empresa en expansión del sector de comercialización de vidrios y aluminios busca incorporar un Jefe de Business Intelligence
¿Cuál es la Misión del puesto?
Liderar la estrategia de inteligencia comercial mediante el análisis de información de ventas, clientes, precios, productos y mercado, transformando los datos en información estratégica para la toma de decisiones. Será responsable de identificar oportunidades de crecimiento, optimizar la rentabilidad comercial y generar información que contribuya al cumplimiento de los objetivos del negocio.
¿Qué estamos buscando?
Profesional en Administración, Ingeniería Industrial, Economía, Estadística o carreras afines.
4 años de experiencia como Jefe de Inteligencia Comercial, Business Intelligence, Planeamiento Comercial, Pricing, Trade Marketing Analítico o áreas afines.
Experiencia liderando equipos de análisis comercial o inteligencia de negocios B2B, en sectores como construcción, ferretero, home center o afines.
Experiencia desarrollando análisis de ventas, clientes, precios, rentabilidad, indicadores comerciales y comportamiento del mercado.
Indispensable dominio de Excel y Power BI a nivel avanzado.
Experiencia en herramientas de CRM, manejo de bases de datos, automatizaciones, SQL o soluciones de analítica e inteligencia artificial.
Disponibilidad para laborar de L - S en La Victoria (por estación México).
¿Qué condiciones laborales se ofrece?
Ingreso a planilla régimen general
Utilidades
Horario: L - V de 7:45 - 5:30pm y S: de 7:45 - 1pm",1524,False,https://www.bumeran.com.pe/empleos/jefe-de-business-intelligence-hunters-group-1118434604.html,2026-09-23 21:32
1118436291,Líder de Estrategia y Analítica de Datos,Confidencial,Análisis de datos / BI,analitica de datos,1,"Comercial, Ventas y Negocios",Planeamiento comercial,Senior,Presencial,Full-time,Indeterminado,FULL_TIME,1,False,False,False,False,False,Lima,Miraflores,PE,"Miraflores, Lima, Peru",2026-09-09,2026-12-08,14,Actualizado hace 6 días,,,,,,,True,"SQL, Python, R, Power BI",4,True,True,True,True,False,False,False,False,False,False,False,False,False,False,False,False,False,False,False,False,True,False,,,,,,,,,,,,,,,"Importante empresa trasnacional se encuentra en búsqueda de un(a) Líder de Estrategia y Analítica de Clientes, quien tendrá el reto de transformar datos e insights de clientes en estrategias y acciones que contribuyan al crecimiento rentable del negocio.
LÍDER DE ESTRATEGIA Y ANALÍTICA DE CLIENTES
Propósito
Liderar el diseño y ejecución de la estrategia de clientes, transformando los datos en productos analíticos y decisiones accionables que permitan incrementar la adquisición, retención, frecuencia de compra y participación de gasto de los clientes, articulando las iniciativas de analítica con las prioridades estratégicas del negocio.
Funciones
 Liderar la estrategia de clientes, articulando iniciativas de adquisición, reactivación, retención, frecuencia de compra y participación de gasto con las diferentes áreas del negocio.
 Diseñar e implementar modelos de segmentación de clientes, identificando señales de inactividad, riesgo de fuga y oportunidades para orientar estrategias de retención y crecimiento.
 Liderar iniciativas y productos de datos asociados al conocimiento y gestión de clientes, asegurando la disponibilidad y confiabilidad de la información para la toma de decisiones.
 Desarrollar iniciativas de monetización de datos, segmentación y personalización de ofertas que permitan generar valor incremental para el negocio.
 Gestionar indicadores relacionados con la salud y comportamiento de la base de clientes, traduciendo los resultados en oportunidades y recomendaciones accionables.
 Evaluar estrategias y programas de fidelización, identificando oportunidades para incrementar la vinculación, retención y valor de los clientes.
 Articular con las áreas de Marketing, Comercial y E-Commerce la conversión de insights analíticos en campañas, ofertas y experiencias personalizadas.
 Elaborar análisis y presentaciones ejecutivas sobre la evolución e impacto económico de la estrategia de clientes, generando recomendaciones para la toma de decisiones.
Requisitos
 Profesional universitario de Ingeniería Industrial, Ingeniería de Sistemas, Informática, Economía, Estadística, Administración o carreras afines.
 Experiencia en estrategia de clientes, CRM Analytics, Customer Analytics, fidelización, segmentación o posiciones relacionadas, preferentemente en empresas de retail, consumo masivo o negocios con alta transaccionalidad.
 Experiencia trabajando con segmentación de clientes, modelos RFM, clustering, análisis de fuga/churn y/o Customer Lifetime Value.
 Conocimiento avanzado de SQL y manejo de Python o R aplicado a analítica de clientes.
 Experiencia transformando información y análisis de clientes en estrategias o iniciativas comerciales.
 Conocimiento de herramientas de visualización y análisis de datos como Power BI.
 Conocimientos de plataformas CRM, loyalty y/o personalización de ofertas.
 Inglés a nivel intermedio.",2887,False,https://www.bumeran.com.pe/empleos/lider-de-estrategia-y-analitica-de-datos-1118436291.html,2026-09-23 21:32
1118432799,Analista de Business Intelligence,Palms Bet Perú,Análisis de datos / BI,business intelligence,1,"Tecnología, Sistemas y Telecomunicaciones",Análisis de Datos,Semi Sr,Híbrido,Full-time,Indeterminado,FULL_TIME,1,False,False,False,False,False,Lima,Lima,PE,"Lima, Lima, Peru",2026-09-08,2026-12-07,15,Actualizado hace 2 días,,,,,,2.0,True,"SQL, Python, Power BI, Spark, Databricks, Azure",6,True,True,False,True,False,False,False,False,False,False,False,True,True,False,True,False,False,False,False,False,False,False,13376460,https://www.bumeran.com.pe/perfiles/empresa_palms-bet-peru_13376460.html,Informática / Tecnología,"Lima, Lima",Entre 11 y 50 empleados,"Palms Bet es una casa de apuestas online con sede en Perú, parte de Telematic Interactive, un grupo transnacional en el rubro de casinos y apuestas deportivas, cuya casa matriz se encuentra en Bulgaria",,,,,,,,,"Misión del Puesto
Buscamos un Analista de Business Intelligence (BI) apasionado por los datos y la toma de decisiones basada en métricas de negocio. El candidato ideal será responsable de diseñar, desarrollar y optimizar modelos de datos, dashboards analíticos y flujos de información clave para monitorear el rendimiento operativo, financiero y comercial de la compañía.
Principales Responsabilidades
Diseño y desarrollo de dashboards: Crear y mantener reportes ejecutivos e interactivos en Power BI, garantizando visualizaciones claras, modelado DAX eficiente y actualización automatizada.
Extracción y procesamiento de datos: Construir y optimizar consultas complejas en SQL para la extracción, limpieza, consolidación y validación de datos provenientes de múltiples fuentes.
Automatización y análisis avanzado: Desarrollar scripts en Python para la automatización de procesos analíticos, tratamiento de datos y generación de reportes recurrentes.
Seguimiento de KPIs de negocio: Monitorear y analizar métricas clave del sector.
Gobierno y calidad del dato: Asegurar la integridad, consistencia y disponibilidad de la información en los reportes operativos y estratégicos.
Colaboración cross-functional: Trabajar estrechamente con las áreas de Operaciones, Marketing, Finanzas y Producto para traducir requerimientos de negocio en soluciones analíticas de alto impacto.
Requisitos Técnicos Indispensables
Formación académica: Bachiller o titulado en Ingeniería de Sistemas, Estadística, Ingeniería Industrial, Ciencias de la Computación, Economía o carreras afines.
Experiencia: Mínimo 2 a 3 años en roles como Analista de BI, Data Analyst o afines.
Power BI (Nivel Avanzado): Power Query y funciones DAX avanzadas.
SQL (Nivel Avanzado): Experiencia sólida en consultas complejas, optimización de queries, joins, window functions y stored procedures.
Python (Nivel Intermedio): Manejo de librerías para manipulación y análisis de datos (pandas, numpy, SQLAlchemy, etc.) y automatización de tareas.
Requisitos Deseables (NO EXCLUYENTES)
Experiencia o conocimientos en Databricks / PySpark / Delta Lake.
Conocimiento en arquitecturas de datos en la nube (Azure Data Lake).
Nivel de inglés intermedio/avanzado (deseable para coordinación técnica).",2247,False,https://www.bumeran.com.pe/empleos/analista-de-business-intelligence-palms-bet-peru-1118432799.html,2026-09-23 21:32
1118432635,Analista de Data y BI – Finanzas,Confidencial,Análisis de datos / BI,analista bi,1,"Administración, Contabilidad y Finanzas",Finanzas,Semi Sr,Híbrido,Full-time,Indeterminado,FULL_TIME,1,False,False,False,False,False,Callao,Callao,PE,"Gobierno Regional del Callao, Gobierno Regional del Callao, Peru",2026-09-07,2027-01-05,16,Publicado hace más de 15 días,,,,,,3.0,False,"Python, Power BI, Excel",3,False,True,False,True,True,False,False,False,False,False,False,False,False,False,False,False,False,False,False,False,True,False,,,,,,,,,,,,,,,"¡Hola! Somos una empresa líder en el mercado con con más de 45 años de trayectoria en la fabricación y comercialización de productos.
Actualmente, nos encontramos en la búsqueda del mejor talento para ocupar la posición de Analista de Data:
🎯¿Cuáles serían tus responsabilidades?
Liderar la elaboración de presupuesto de todas las áreas de la empresa, así como generar los informes y reportes asociados.
Elaborar la presentación del presupuesto al Directorio para su aprobación.
Dar seguimiento y análisis de la ejecución presupuestal y su correcta asignación en las cuentas contables disponibles.
Identificar, analizar y generar alertas sobre desviaciones presupuestales, sugiriendo ideas para corrección de las brechas de control.
Elaborar el informe de gestión mensual de la empresa (estados financieros, indicadores, ventas, costos, gastos operativos y financieros, márgenes, capital de trabajo, endeudamiento, entre otros).
Elaborar el informe trimestral de las gerencias en cuanto a sus resultados de gestión (cumplimiento de objetivos planteados).
Elaborar y gestionar el tablero de indicadores de la empresa, jefaturas y personal clave.
Elaborar y analizar el flujo de caja real y proyectado a 12 meses.
Automatizar procesos y presentar efectivamente informes a gerencia con herramientas de BI.
🎓¿Qué requisitos debes cumplir?
Profesional en Ing. Industrial, Ing. Económica, Economía, o carreras afines.
Experiencia mínima de 03 años como Analista de Data (Finanzas), Control de Gestión, Planeamiento Financiero, BI o puestos similares.
Deseable experiencia en empresas industriales, comerciales o con alto volumen de información.
Manejo de Excel y Power BI a nivel avanzado.
Manejo de Python.
Disponibilidad para trabajar en el Callao de manera presencial.
✨¿Qué beneficios tendrás?
Ingreso a planilla desde el primer día con todos los beneficios de ley (CTS, gratificaciones, etc)
Pagos quincenales
Utilidades
Capacitación constante
Descuentos en la compra de productos de las diversas marcas de la empresa
Descuentos en instituciones académicas
¡Postula ahora y únete! 💙",2081,False,https://www.bumeran.com.pe/empleos/analista-de-data-y-bi--finanzas-1118432635.html,2026-09-23 21:32
1118432489,Analista de Datos / Business Intelligence,Grupo Lucky,Análisis de datos / BI,analista de datos; business intelligence,2,"Tecnología, Sistemas y Telecomunicaciones",Análisis de Datos,Semi Sr,Presencial,Full-time,Indeterminado,FULL_TIME,2,True,False,False,False,False,Lima,Miraflores,PE,"Miraflores, Lima, Peru",2026-09-07,2026-12-06,16,Actualizado hace 5 días,"De S/.1,800 A S/.2,100 Por Mes",1800.0,2100.0,PEN,Mes,1.0,False,"Power BI, Excel",2,False,False,False,True,True,False,False,False,False,False,False,False,False,False,False,False,False,False,False,False,False,True,10124875,https://www.bumeran.com.pe/perfiles/empresa_grupo-lucky_10124875.html,Servicios,"Lima, Lima",Entre 1001 y 5000 empleados,"En el Grupo Lucky reinventamos cada día la forma de acercar productos y compradores en los mercados.

En ese camino, unimos más de 30 años de conocimiento aplicado en Latinoamérica con el mejor talento y la más avanzada tecnología para crear soluciones de Trade Marketing, con el objetivo de mejorar los resultados comerciales de nuestros clientes.",,,,,,,,,"En Grupo Lucky buscamos incorporar a un Analista de Datos / Business Intelligence que quiera asumir el reto de transformar la información en análisis estratégicos que impulsen la toma de decisiones y generen valor para el negocio.
¿Qué realizarás?
Elaborar presentaciones e informes para clientes internos y externos.
Analizar indicadores comerciales como sell in, sell out, cobertura, cumplimiento de objetivos, entre otros.
Elaborar y actualizar reportes y dashboards para el seguimiento de los principales KPIs del negocio.
Identificar oportunidades, tendencias y alertas a partir del análisis de datos.
Brindar soporte al equipo comercial y de campo mediante información oportuna para la toma de decisiones.
Proponer mejoras en los procesos de análisis, automatización y gestión de la información.
¿Qué buscamos?
Bachiller o egresado(a) de Ingeniería Industrial, Administración, Economía, Estadística o carreras afines.
Experiencia mínima de 1 año como Analista de Inteligencia Comercial en empresas de Trade Marketing, Consumo Masivo o Retail (indispensable).
Excel a nivel avanzado.
Power BI a nivel intermedio.
Manejo de bases de datos y análisis de indicadores comerciales.
¿Qué ofrecemos?
Ser parte de una empresa líder en Trade Marketing con presencia a nivel nacional.
Oportunidades de aprendizaje y desarrollo profesional.
Un entorno dinámico, colaborativo y orientado a resultados.
Beneficios corporativos.
Ingreso a planilla con todos los beneficios de ley desde el primer día.
¡Únete a Grupo Lucky y conviértete en un aliado estratégico para impulsar decisiones comerciales basadas en información!",1612,True,https://www.bumeran.com.pe/empleos/analista-de-datos-business-intelligence-grupo-lucky-1118432489.html,2026-09-23 21:32
1118432292,Analista de Datos,IBT GROUP,Análisis de datos / BI,analista de datos,1,"Tecnología, Sistemas y Telecomunicaciones",Análisis de Datos,Senior,Presencial,Full-time,Indeterminado,FULL_TIME,1,False,True,True,False,False,Lima,San Isidro,PE,"San Isidro, Lima, Peru",2026-09-07,2026-12-06,16,Actualizado hace 6 días,,,,,,5.0,False,"SQL, Python, Power BI, Tableau, Qlik, AWS, Azure, Google Cloud",8,True,True,False,True,False,True,True,False,False,False,False,False,False,True,True,True,False,False,False,False,False,True,13147191,https://www.bumeran.com.pe/perfiles/empresa_ibt-group_13147191.html,Salud,"SAN ISIDRO - LIMA, Lima",Entre 1001 y 5000 empleados,"IBT Group en Perú cuenta con más de 10 años de presencia en el país trabajando proyectos de infraestructura en salud, educación, transporte.
Cuenta con la división de Infraestructura y Equipamiento Biomédico que gestiona el proceso constructivo desde el diseño hasta la entrega llave en mano de los proyectos de construcción para instituciones públicas o privadas de cualquier grado de complejidad.
Además, brinda los servicios de Logística Hospitalaria en hospitales APP y clínicas particulares y la Gestión Integral de servicios o centros de salud.",3.1,2.9,2.9,2.8,2.9,2.8,3.0,32.0,"¿Quieres dejar tu huella y contribuir a la mejora de la calidad de vida de los peruanos?
¿Quieres compartir tus experiencias, aprendizajes y crecer juntos?
¡Únete a IBT Group! Somos una empresa internacional con más de 12 años de presencia en Perú trabajando proyectos integrales desde la ingeniería, construcción, equipamiento y operación principalmente para el sector salud.
Nos encontramos en la búsqueda de 01 Analista de Datos:
REQUISITOS:
Bachiller y/o Titulado de las carreras universitarias Ingeniería de Datos, Ingenierías de Sistemas o carreras afines.
5 a 6 años de experiencia en el diseño, construcción e implementación de tableros, reportes BI y centrales de monitoreo.
Certificación o especialización en herramientas de visualización y BI (Power BI, Tableau, Qlik) o en servicios de datos en la nube (AWS, Azure, Google Cloud).
Conocimientos en comprensión de arquitecturas de almacenes de datos y sus mejores prácticas, on-premise o nube. Habilidades en Python para manipulación y análisis de datos (indispensable).
SQL intermedio/avanzado para extracción y manipulación de datos.
Disponibilidad para laborar en San Isidro.
FUNCIONES:
Identificar y levantar los requerimientos de información y usabilidad de los datos con los responsables de negocio (Data Owners) y las gerencias usuarias, entendiendo el contexto funcional de sus actividades.
Diseñar, construir y mantener tableros, reportes y centrales de monitoreo en herramientas de BI para el seguimiento de indicadores asistenciales y administrativos.
Diseñar y gestionar el look & feel y la experiencia de uso de los tableros e interfaces de consumo de los modelos analíticos, en coordinación con Data Owners, científicos de datos, ingenieros de datos y desarrolladores.
Desarrollar consultas SQL y procesos de preparación de datos para habilitar los tableros y atender los requerimientos de información de las áreas usuarias.
Coordinar con los ingenieros de datos la carga y actualización de los datos que alimentan reportes, tableros y centrales de monitoreo, y monitorear su disponibilidad, calidad y consistencia.
Gestionar las acciones de adopción (formación y comunicación) de las herramientas desarrolladas, reportar niveles de uso y satisfacción, y establecer la mejora continua de los tableros e interfaces en producción.
BENEFICIOS:
Todos los correspondientes según ley
Capacitación constante.
Descuentos con instituciones educativas, visita de proveedores y mucho más.
Nuestra empresa está comprometida con la equidad y la inclusión, porque creemos que toda persona es única y diferente. Por eso, ¡te invitamos a postular! ¡Súmate a nuestro propósito, contribuir a mejorar la calidad de vida de los peruanos!",2692,False,https://www.bumeran.com.pe/empleos/analista-de-datos-ibt-group-1118432292.html,2026-09-23 21:32
1118432129,Analista de Datos QA - Semi Senior,CSTI Corp,Análisis de datos / BI,analista de datos,1,"Tecnología, Sistemas y Telecomunicaciones",Análisis de Datos,Semi Sr,Presencial,Full-time,Indeterminado,FULL_TIME,1,False,False,False,False,False,Lima,La Victoria,PE,"La Victoria, Lima, Peru",2026-09-07,2026-12-06,16,Actualizado hace 12 días,,,,,,3.0,False,"SQL, Power BI, Excel, SAP, ETL",5,True,False,False,True,True,False,False,False,False,False,False,False,False,False,False,False,True,False,True,False,False,True,10155736,https://www.bumeran.com.pe/perfiles/empresa_csti-corp_10155736.html,Informática / Tecnología,"Lima, Lima",Entre 51 y 150 empleados,"Somos una corporación de capital peruano Silver Partner SAP, líder en el rubro de TI, especializada en brindar soluciones de negocio en las líneas de outsourcing, soporte y proyectos. Actualmente contamos con sedes en Perú, Ecuador, Colombia y Bolivia.",3.5,3.6,3.2,3.2,3.1,3.1,3.2,8.0,"En CSTI Corp somos una empresa líder en TI con más de 15 años en el mercado, nos enfocamos en la transformación empresarial, especializada en Sistemas SAP y Consultoría TI.
Nos encontramos en la búsqueda de : Analista de Datos QA - Semi Senior
Funciónes:
Monitorear y validar la calidad de los datos utilizados en reportes y procesos de negocio.
Detectar, analizar y corregir inconsistencias, errores y anomalías de información.
Implementar y ejecutar controles de calidad sobre datos, procesos y reportes (vacíos, nulos, duplicados, repartos, entre otros).
Realizar análisis de causa raíz de incidencias relacionadas con la calidad de los datos.
Validar el cumplimiento de reglas de negocio y procedimientos establecidos.
Coordinar con áreas usuarias para asegurar la consistencia y confiabilidad de la información.
Requisitos:
Bachiller universitario en Ingenieria de sitemas, informatica o afines
3 años de experiencia en posiciones similares
Experiencia de 3 años en elaboracion de planes de pruebas, casos de pruebas y matrices de trazabilidad.
Experiencia de 3 años en validación de reglas de negocio, controles de calidad de datos, integridad referencial y consistencia de información.
Competencia tecnica de herramientas para la ejecucion y seguimiento de pruebas.
Competencia tecnica de diferentes tipos de testing: Smoke test, funcional, performance, técnico, regresión.
Competencia tecnica en lenguaje de consulta de Base de Datos SQL : Joins, CTEs, consultas complejas
Competencia tecnica en metodologia de pruebas de calidad de datos, procesos de migracion de datos y procesos ETL
Conocimientos en SAP para validación de información transaccional y maestra
Conocimientos solidos en Microsoft Excel (Avanzado) : Power Query, Tablas dinamicas, Funciones avanzadas, Macros
Competencia tecnica en herramientas de visualización Power BI
Condiciones:
Modalidad Presencial
Salario acorde al mercado
Oportunidad de crecimiento",1931,False,https://www.bumeran.com.pe/empleos/analista-de-datos-qa-semi-senior-csti-corp-1118432129.html,2026-09-23 21:32
1118431650,Analista Gestión Información CRM I,MANPOWERGROUP,Análisis de datos / BI,analista de informacion,1,"Tecnología, Sistemas y Telecomunicaciones",Análisis de Datos,Semi Sr,Híbrido,Full-time,Indeterminado,FULL_TIME,1,False,False,False,False,False,Lima,La Molina,PE,"La Molina, Lima, Peru",2026-09-07,2026-12-06,16,Actualizado hace 8 días,,,,,,3.0,True,"SQL, Python, Power BI, Spark",4,True,True,False,True,False,False,False,False,False,False,False,True,False,False,False,False,False,False,False,False,False,False,13511553,https://www.bumeran.com.pe/perfiles/empresa_manpowergroup_13511553.html,Banca / Financiera,"lima, Lima",Entre 301 y 500 empleados,"Manpower Perú se dedica a ofrecer soluciones integrales de capital humano, siendo líder en reclutamiento, selección y tercerización (outsourcing) de personal para puestos temporales y permanentes en diversas industrias. Ayudan a las empresas a encontrar talento y a las personas a encontrar empleo, ofreciendo servicios como intermediación laboral, consultoría en RRHH, gestión de talento, servicios de TI y outplacement (reinserción laboral).",,,,,,,,,"Buscamos a los que tienen ganas de transformar el país. A los que quieren llegar lejos. Porque esto no es solo un trabajo. Esto es desafiarte en grande para impactar en grande. Esto es el BCP y te estamos buscando para que formes parte de nuestro equipo como ANALISTA DE GESTIÓN DE INFORMACIÓN CRM I.
¿Cuál es el reto?
Gestionar end to end los dashboards de seguimiento que transformen las necesidades de CRM en KPIs, alertas y acciones concretas para la toma de decisiones. Coordinar con Analytics, Data Negocio, Segmentos y entre otros equipos, para entender sus expectativas, necesidades, alinear criterios y traducir información técnica en dashboards claros, accionables y con trazabilidad. Gestionar mensualmente los insight de los dashboards desde la parte operativa e identificación de los principales alertas
¿Cómo impactarás en grande?
Diseñar y mantener dashboards de seguimiento para modelos e iniciativas de CRM Analytics.
Traducir necesidades del negocio en indicadores, alertas y visualizaciones accionables.
Coordinar con Analytics, Negocio, Producto, Segmentos y Data para alinear requerimientos y criterios de medición.
Monitorear avances, resultados, riesgos, desviaciones y planes de acción.
Asegurar la documentación, trazabilidad y comunicación en términos de negocio de acuerdos y decisiones.
¿Qué necesitamos de ti?
Egresado Universitario de Ingeniería Informática, Ingeniería Industrial, Gestión Empresarial, Ingeniería de Sistemas, Administración o carreras afines.
Mínimo 3 años de experiencia en desarrollo y seguimiento de proyectos de analítica de negocio, diseño de dashboards en Power BI, experiencia en definición y análisis de indicadores y desviaciones, gestión de riesgos y planes de acción.
Experiencia en coordinación con equipos multidisciplinarios para traducir necesidades de negocio en soluciones de seguimiento claras y accionables.
Criterios de construcción de dashboard: Intermedio.
Power BI Dashboard: Intermedio (indispensable).
SQL: Intermedio (deseable).
Herramientas de exploración de datos (PySpark, Python): deseable.
Conocimiento de Datalake/Lakehouse: deseable.
Inglés Intermedio (indispensable) - Avanzado.
¿Por qué unirte a nuestro equipo?
Ser parte de la empresa #1 en Merco Talento.
Ingreso a planilla BCP desde tu primer día.
Accede a incentivos por tu esfuerzo/desempeño.
Acompañamiento de líderes expertos y referentes en la banca.
Acceso a descuentos en productos financieros.
Formarás parte de una cultura constante de reconocimientos.
📍 Modalidad híbrida. Sede La Molina.
¿Qué esperas? ¡Postula hoy y únete al equipo BCP!
¡Postula aquí! 👇
https://manpowergrouppe.avature.net/bcpstaff?jobId=102211&source=Bumeran&tags=gian+velasquez%7Cbcpstaff108827
Sí, a ti. Te estamos buscando. ¡Únete al equipo BCP!
""Somos una organización comprometida con la igualdad de derechos y oportunidades. Nuestros procesos de selección se rigen bajo una política donde nuestras/os postulantes son consideradas/os sin importar su origen, género, raza o cualquier otra característica, condición o preferencia, promoviendo así una cultura de respeto mutuo.""",3096,False,https://www.bumeran.com.pe/empleos/analista-gestion-informacion-crm-i-manpowergroup-1118431650.html,2026-09-23 21:32
1118346386,P7498 Analista NOC Junior- Monitoreo de Base de Datos,METRICA PERU,Análisis de datos / BI,analista de datos,1,"Tecnología, Sistemas y Telecomunicaciones",Tecnologia / Sistemas,Junior,Híbrido,Full-time,Indeterminado,FULL_TIME,1,False,False,False,False,False,Lima,San Isidro,PE,"San Isidro, Lima, Peru",2026-09-07,2026-12-06,16,Actualizado hace 10 días,,,,,,,False,"SQL, Python, AWS",3,True,True,False,False,False,False,False,False,False,False,False,False,False,True,False,False,False,False,False,False,False,True,10182153,https://www.bumeran.com.pe/perfiles/empresa_metrica-peru_10182153.html,Informática / Tecnología,"Lima, Lima",Entre 301 y 500 empleados,Métrica Perú es la primera filial latinoamericana del grupo de consultoría español Métrica Consulting. El grupo comenzó operaciones con el inicio del nuevo siglo y desde entonces ha participado en distintos proyectos en distintos países de Europa Occidental y Latino América.,,,,,,,,,"¡Sé parte de METRICA!
METRICA es una multinacional tecnológica con más de 25 años de experiencia, especializada en consultoría, outsourcing y desarrollo de soluciones que impulsan la transformación digital de organizaciones a nivel global. Con presencia en España, Perú, Chile, Portugal y EE. UU., trabajamos bajo estándares internacionales de calidad, innovación y gobierno corporativo, promoviendo un entorno sostenible, ético e inclusivo en todas nuestras operaciones.
🚀 ¿Acabas de culminar tus prácticas profesionales o eres recién egresado y buscas iniciar tu carrera en tecnología?
En METRICA buscamos incorporar a nuestro equipo un Analista NOC Junior-Monitoreo de Base de Datos, una excelente oportunidad para profesionales con ganas de aprender, desarrollarse y construir una línea de carrera en el mundo del monitoreo y la observabilidad.
💡 Lo que harás en este rol
Apoyar en el monitoreo de plataformas y servicios tecnológicos.
Elaborar consultas SQL para el análisis y seguimiento de información.
Colaborar con distintas áreas para el seguimiento de incidentes y requerimientos.
Aprender e implementar herramientas de monitoreo y observabilidad como Dynatrace y Grafana.
Participar en actividades de mejora continua y automatización de procesos.
🎯 Lo que esperamos de ti
Estudiante de últimos ciclos o recién egresado de Ingeniería de Sistemas, Ingeniería Informática, Ingeniería de Software o carreras afines.
Conocimientos en SQL y elaboración de consultas (queries).
Conocimientos básicos de programación.
Conocimientos básicos de AWS (CloudWatch, EC2, Lambda o servicios Cloud).
Manejo básico de Jira o herramientas ITSM.
Deseable conocimiento de Python para automatizaciones.
Muchas ganas de aprender, desarrollarte y asumir nuevos retos.
Jornada laboral de lunes a viernes, de 9:00 a. m. a 6:00 p. m.
Modalidad híbrida (Lima).
🎁 Lo que ofrecemos
Participación en utilidades.
Desarrollo profesional y acceso a capacitaciones continuas.
Integración a equipos internacionales y proyectos de alto impacto.
Cultura colaborativa que promueve la innovación y el crecimiento sostenible.
🌱 Nuestro compromiso
En METRICA promovemos la igualdad de oportunidades y la no discriminación en todos nuestros procesos. Fomentamos entornos de trabajo diversos, inclusivos y respetuosos, donde cada persona pueda desarrollarse plenamente y aportar su talento.
En cumplimiento de la Ley N.° 29973 – Ley General de la Persona con Discapacidad, esta convocatoria también está dirigida a personas con discapacidad.
Nuestro enfoque está alineado con principios de sostenibilidad, responsabilidad social y buenas prácticas corporativas, fortaleciendo nuestro compromiso con el desarrollo del talento y el impacto positivo en la sociedad.",2731,False,https://www.bumeran.com.pe/empleos/p7498-analista-noc-junior-monitoreo-de-base-de-datos-metrica-peru-1118346386.html,2026-09-23 21:32
1118427797,ANALISTA DE DATOS | SECTOR AUTOMOTRIZ,ADECCO PERU S.A.,Análisis de datos / BI,analista de datos,1,"Comercial, Ventas y Negocios",Planeamiento comercial,Semi Sr,Presencial,Full-time,Indeterminado,FULL_TIME,1,False,False,False,False,False,Lima,San Borja,PE,"San Borja, Lima, Peru",2026-09-03,2026-12-02,20,Actualizado hace 6 días,,,,,,,False,,0,False,False,False,False,False,False,False,False,False,False,False,False,False,False,False,False,False,False,False,False,False,True,13268568,https://www.bumeran.com.pe/perfiles/empresa_adecco-peru-s.a._13268568.html,Consultora de Recursos Humanos,"Lima, Lima",Entre 11 y 50 empleados,,3.3,3.4,3.1,3.5,3.3,3.2,3.4,61.0,"🚀 ¡Únete a una importante empresa del sector automotriz como ANALISTA DE DATOS!
Objetivo: Monitorear el comportamiento de las cifras y variables métricas del negocio, a través de la verificación, procesamiento y análisis riguroso de los datos operativos.
¿Cuáles son las funciones?
Interpretar las tendencias y comportamientos del negocio, a través de la identificación, recopilación y análisis de grandes volúmenes de información utilizando herramientas estadísticas.
Diseñar y mantener las bases de datos relacionales de la compañía, mediante la aplicación de técnicas de limpieza, estructuración y optimización de consultas.
Monitorear el desempeño diario de las ventas por cada canal comercial y ramo del negocio, a través de la alimentación y revisión de reportes de control interno.
Generar informes periódicos y reportes de seguimiento estandarizados, mediante la consolidación y procesamiento automatizado de las cifras operativas.
Ajustar los tableros de control y reportes de rendimiento técnico, a través de la síntesis de datos complejos y el uso de un lenguaje comercial claro.
Verificar la veracidad y consistencia de las cifras reportadas por las diferentes fuentes del negocio, a través de procesos periódicos de auditoría y conciliación de datos.
¿Qué requisitos necesitas?
Profesional en Ingenieria y/o estadistica.
Manejo de herramientas Microsoft Office a nivel intermedio (deseable).
Experiencia de un años en el carto o posicoines similaes (indispensable).
Disponibilidad para laborar de manera presencial en San Borja.",1541,False,https://www.bumeran.com.pe/empleos/analista-de-datos-%7C-sector-automotriz-adecco-peru-s.a.-1118427797.html,2026-09-23 21:32
1118428568,Analista de Datos/BI y Operaciones – Contact Center (Performance),Prosegur,Análisis de datos / BI,analista de datos; analista bi,2,Ingenierías,Ingeniería Industrial,Semi Sr,Presencial,Full-time,Indeterminado,FULL_TIME,1,False,False,False,False,False,Lima,Surquillo,PE,"Surquillo, Lima, Peru",2026-09-03,2026-12-02,20,Actualizado hace 5 días,,,,,,1.0,False,"SQL, Power BI, Excel",3,True,False,False,True,True,False,False,False,False,False,False,False,False,False,False,False,False,False,False,False,False,True,10098460,https://www.bumeran.com.pe/perfiles/empresa_prosegur_10098460.html,Otra,"Santiago de Surco, Lima",Entre 1001 y 5000 empleados,"Prosegur es una compañía multinacional que ofrece soluciones de seguridad globales e integrales, adaptadas a las necesidades de nuestros clientes. Somos referente en cada uno de los mercados en los que desarrollamos nuestra actividad.

Actualmente ofrecemos servicios que abarcan distintos ámbitos de la seguridad: Vigilancia, Logística de Valores y Gestión de Efectivo, Tecnología y Alarmas.  

En Prosegur, al mismo tiempo que aplicamos nuestra concepción global, actuamos de forma local y siendo conscientes de las particularidades de cada país. Trabajamos bajo estrictos parámetros de excelencia apostando por la innovación y adaptándonos a las necesidades específicas del cliente. Basamos nuestro trabajo en una estrategia de negocio claramente diferenciada; cercanía al cliente, innovación y excelencia en el servicio unido a una sólida posición financiera.",,,,,,,,,"Prosegur Alarms forma parte del Grupo Prosegur, compañía global de seguridad fundada en 1976, con presencia en Europa y Latinoamérica. Con más de cuatro décadas de experiencia en el sector de la seguridad y más de 20 años especializados en soluciones de alarmas, Prosegur Alarms protege hoy a miles de hogares y negocios, combinando tecnología, innovación y un servicio centrado en las personas.
Buscamos un/a profesional que se una al equipo como Analista de Procesos. Contribuirás al análisis y optimización de la operación de Contact Center, generando información clave para la toma de decisiones y detectando oportunidades de mejora que permitan fortalecer la productividad y experiencia del cliente.
👉Modalidad: 100% presencial Lunes a Viernes en Surquillo
¿Qué buscamos?
Egresado/a de Ingeniería Industrial, Estadística o carreras afines.
Deseable experiencia en Contact Center/Call Center/Experiencia del usuario.
Experiencia práctica en metodologías (Lean, Six sigma, ágiles, scrum, kanban) para mejora de procesos.
Experiencia de mínimo 1 año como analista encargandote del análisis de información operativa.
Excel y Power BI para realizar reportes, tableros de control, indicadores e informes con la información analizada.
SQL y Power Automate: deseable. Uso de algún CRM.
Genesys Cloud: deseable.
¿Qué harás?
Analizar KPIs operativos y de experiencia: SLA, nivel de servicio, abandono, productividad, NPS, CSAT, entre otros.
Identificar tendencias, desviaciones y oportunidades de mejora en el desempeño de la operación.
Analizar demanda y performance, brindando soporte en la planificación de recursos y Workforce Management.
Diseñar, desarrollar y automatizar reportes y dashboards utilizando Excel y Power BI.
Analizar el desempeño de los diferentes canales de atención: llamadas, WhatsApp, correo y canales digitales.
Participar en la documentación, análisis y mejora de procesos y flujos de atención.
Elaborar reportes y análisis para brindar soporte a la Jefatura en la toma de decisiones.
Participar en iniciativas de optimización y automatización de procesos.
¿Qué ofrecemos?
Formar parte de una empresa certificada en el Great Place To Work.
Ingreso a planilla desde el primer momento con todos los beneficios de ley.
Línea de carrera y crecimiento profesional.
Acceso a plataformas de E-learning.
Programa de Becas educativas para ti y/o tus hijos a través de Fundación Prosegur.
Plan de formación individual en la universidad corporativa Prosegur.
Convenios educativos para carreras técnicas, universitarias, maestrías, diplomados, idiomas etc.",2566,False,https://www.bumeran.com.pe/empleos/analista-de-datos-bi-y-operaciones--contact-center-performance-prosegur-1118428568.html,2026-09-23 21:32
1118427420,Data Analyst III,CEMENTOS PACASMAYO,Análisis de datos / BI,data analyst,1,"Tecnología, Sistemas y Telecomunicaciones",Análisis de Datos,Senior / Semi-Senior,Híbrido,Full-time,,FULL_TIME,1,False,True,True,False,False,Lima,Lima,PE,"Lima, Lima, Peru",2026-09-03,2026-12-02,20,Publicado hace más de 15 días,,,,,,2.0,False,"SQL, Python, Power BI, Looker",4,True,True,False,True,False,False,False,True,False,False,False,False,False,False,False,False,False,False,False,False,False,True,10002125,https://www.bumeran.com.pe/perfiles/empresa_cementos-pacasmayo_10002125.html,Construcción,"LIMA, Amazonas",Entre 1001 y 5000 empleados,"Pacasmayo es la compañía de cemento más grande del norte del Perú, líder en brindar soluciones constructivas que se anticipen a las necesidades de sus clientes y que contribuyan con el progreso de nuestro país. Somos reconocidos por nuestros altos estándares de calidad, solidez financiera, por nuestra política de Buen Gobierno Corporativo y por nuestro excelente clima laboral, con el respeto hacia el medio ambiente, y nuestras buenas relaciones con las comunidades del entorno.",4.8,4.8,4.6,4.9,4.6,4.5,4.8,21.0,"Pacasmayo es mucho más que una empresa, es la suma del esfuerzo individual de muchísimas personas. Personas que quieren trascender y hacer un esfuerzo especial, para lograr ser una empresa líder en la provisión de soluciones constructivas que se anticipe a las necesidades de las personas, las empresas y los países.Somos reconocidos por nuestros altos estándares de calidad, solidez financiera, por nuestra política de Buen Gobierno Corporativo y por nuestro excelente clima laboral, con el respeto hacia el medio ambiente, y nuestras buenas relaciones con las comunidades del entorno. Te invitamos a formar parte de esta gran familia y contribuir con el desarrollo de nuestro país, para que el Perú siga avanzando.Ingresa a www.cementospacasmayo.com.pe y conoce más sobre nosotros.
¿Quieres ayudarnos a construir el futuro que soñamos?
¡Únete a nuestra Familia Pacasmayo!
Somos Pacasmayo, la compañía de cemento más grande del norte del Perú, líder en brindar soluciones constructivas que se anticipen a las necesidades de sus clientes. Buscamos gente con buena onda y garra, que le gusten los retos, experimentar y aprender
Si te interesa convertir datos en decisiones, esta oportunidad puede ser para ti. Buscamos a alguien que analice información, identifique oportunidades de negocio y transforme preguntas en insights, recomendaciones y soluciones de datos accionables, trabajando de cerca con distintas áreas y equipos de Data, Analytics & AI.
Funciones:
Traducir objetivos, problemas y preguntas de negocio en hipótesis, análisis y requerimientos de datos claros, alineando alcance, métricas y criterios de éxito con los stakeholders.
Explorar, integrar, depurar y analizar datos de distintas fuentes para detectar patrones, causas, riesgos y oportunidades, asegurando la consistencia y trazabilidad de los resultados.
Generar insights y recomendaciones accionables, conectando la evidencia cuantitativa con el contexto operativo, comercial y financiero del negocio.
Construir business cases y cálculos de monetización de iniciativas, estimando beneficios, costos, supuestos, línea base, impacto incremental y mecanismos de seguimiento de valor.
Diseñar y ejecutar experimentos —a/b tests, pilotos, pruebas controladas o diseños cuasi experimentales— definiendo hipótesis, métricas, muestras, posibles sesgos y criterios de decisión.
Diseñar dashboards, reportes y visualizaciones que faciliten el monitoreo del desempeño y la toma de decisiones, aplicando principios de experiencia de usuario, narrativa de datos y autoservicio.
Desarrollar análisis reproducibles y prototipos funcionales de productos de datos, incluyendo modelos analíticos, alertas, agentes y herramientas de apoyo a la toma de decisiones.
Validar los productos analíticos con usuarios, medir su uso e impacto, recoger feedback e iterar hasta lograr su adopción y generación de valor.
Comunicar hallazgos complejos de manera clara y persuasiva a audiencias técnicas y no técnicas, y colaborar con los equipos de gobierno de datos, ingeniería, data science, ia, tecnología y negocio para resolver brechas y asegurar soluciones sostenibles y escalables.

Requisitos:
Egresado/a de ingeniería industrial, sistemas, informática, estadística, economía, administración, matemáticas o carreras afines.
2+ años de experiencia en posiciones afines.
SQL y Big Query: consultas complejas, joins, cte, funciones de ventana, optimización básica y validación de resultados.
Análisis Estadístico: análisis exploratorio, estadística descriptiva e inferencial, muestreo, intervalos de confianza, pruebas de hipótesis y regresión.
Experimentación: a/b testing, diseño de pilotos, métricas, potencia estadística, sesgos, causalidad y lectura de resultados.
BI y Visualización: power bi, looker o equivalentes; modelado semántico, ux, storytelling y diseño de dashboards.
Python para análisis de datos: pandas, notebooks, visualización y librerías estadísticas.
Modelado y Gobierno de datos: modelado de datos, calidad, linaje, catálogo, gobierno y consumo de productos de datos en un data lakehouse.
Discovery y Gestión de requerimientos: levantamiento de requerimientos, definición de métricas, criterios de aceptación y gestión de stakeholders.
Business Case y Monetización: línea base, beneficio incremental, costos, roi, payback, sensibilidad y seguimiento de captura de valor.
IA Generativa y Agentes: capacidades, limitaciones, evaluación, grounding y criterios para colaborar con equipos de ia.

Beneficios
Pertenecer a una empresa líder en la comercialización de soluciones constructivas.
Sueldo acorde al mercado y todos los beneficios de ley.
Seguro privado según el plan que elijas
Excelente ambiente de trabajo.
En Cementos Pacasmayo ️abrazamos la diversidad e inclusión y nos encontramos comprometidos con la igualdad de oportunidades para todas las personas.
¡Postula y sé parte de #CementosPacasmayo #FamiliaPacasmayo!
“Al postular se afirma su consentimiento y autorización del uso de sus datos personales expuestos en su CV, dentro del marco de la Ley de Protección de Datos Personales N° 29733, para fines únicamente de postulación con la organización. Este registro se deriva al área de GH para el proceso de selección”. “Somos una compañía que cree en la inserción laboral de personas con discapacidad, en concordancia con la Ley N° 29973; está convocatoria se encuentra abierta para la postulación de personas con discapacidad"".
“Somos una compañía que cree en la inserción laboral de personas con discapacidad, en concordancia con la Ley N° 29973; está convocatoria se encuentra abierta para la postulación de personas con discapacidad”.",5619,False,https://www.bumeran.com.pe/empleos/data-analyst-iii-cementos-pacasmayo-1118427420.html,2026-09-23 21:32
1118428552,Data analyst,ZEMSANIA TECH,Análisis de datos / BI,data analyst,1,"Tecnología, Sistemas y Telecomunicaciones",Tecnologia / Sistemas,Semi Sr,Remoto,Full-time,Indeterminado,FULL_TIME,1,False,False,False,False,False,Lima,San Isidro,PE,"San Isidro, Lima, Peru",2026-09-03,2026-12-02,20,Actualizado hace más de 15 días,,,,,,3.0,False,Python,1,False,True,False,False,False,False,False,False,False,False,False,False,False,False,False,False,False,False,False,False,False,False,10131094,https://www.bumeran.com.pe/perfiles/empresa_zemsania-tech_10131094.html,Informática / Tecnología,"Lima, Lima",Entre 501 y 1000 empleados,"En Zemsania nos dedicamos y estamos especializados en proporcionar Servicios y Soluciones Tech en un ámbito internacional. Nuestro principal objetivo es ofrecer las mejores soluciones tecnológicas a nuestros clientes, tratando su caso de una manera primordial y especializada.",,,,,,,,,"Estamos en búsqueda de un/a Data Analyst con experiencia en soluciones de mercado y conocimientos técnicos básicos de desarrollo para incorporarse a un equipo bajo metodología Scrum.
¿Qué buscamos?
Mínimo 3 años de experiencia como Data Analyst / Analista Funcional.
Experiencia en Riesgos de Mercado y soluciones relacionadas con productos de inversión.
Conocimientos básicos de Java, Python y Shell Script.
Conocimientos de Oracle.
Experiencia trabajando con Jira y Scrum.
Conocimiento de Typology of Investment Products y Full Revaluation.
Principales funciones:
Toma y refinamiento de requerimientos con el área de Riesgos de Mercado y Metodología.
Definición de soluciones funcionales y técnicas.
Ejecución de pruebas unitarias e integradas en desarrollo y preproducción.
Gestión y priorización del backlog del squad.
Coordinación con equipos técnicos durante todo el proceso End-to-End.",892,False,https://www.bumeran.com.pe/empleos/data-analyst-zemsania-tech-1118428552.html,2026-09-23 21:32
1118425837,Analista de Datos,IBT GROUP,Análisis de datos / BI,analista de datos,1,Ingeniería Civil y Construcción,Otra,Junior,Presencial,Full-time,Indeterminado,FULL_TIME,1,False,True,False,False,False,Lima,Callao,PE,"Callao, Lima, Peru",2026-09-02,2026-12-01,21,Publicado hace más de 15 días,,,,,,2.0,False,Power BI,1,False,False,False,True,False,False,False,False,False,False,False,False,False,False,False,False,False,False,False,False,False,True,13147191,https://www.bumeran.com.pe/perfiles/empresa_ibt-group_13147191.html,Salud,"SAN ISIDRO - LIMA, Lima",Entre 1001 y 5000 empleados,"IBT Group en Perú cuenta con más de 10 años de presencia en el país trabajando proyectos de infraestructura en salud, educación, transporte.
Cuenta con la división de Infraestructura y Equipamiento Biomédico que gestiona el proceso constructivo desde el diseño hasta la entrega llave en mano de los proyectos de construcción para instituciones públicas o privadas de cualquier grado de complejidad.
Además, brinda los servicios de Logística Hospitalaria en hospitales APP y clínicas particulares y la Gestión Integral de servicios o centros de salud.",3.1,2.9,2.9,2.8,2.9,2.8,3.0,32.0,"¿Quieres dejar tu huella y contribuir a la mejora de la calidad de vida de los peruanos?
¿Quieres compartir tus experiencias, aprendizajes y crecer juntos?
¡Únete a IBT Group! Somos una empresa internacional con más de 12 años de presencia en Perú trabajando proyectos integrales desde la ingeniería, construcción, equipamiento y operación principalmente para el sector salud.
Nos encontramos en la búsqueda de 01 Analista de Datos
REQUISITOS:
Bachiller o egresado de la carrera universitaria de Ingeniería industrial, sistemas, estadística, administración con enfoque analítico y/o carreras afines.
Conocimientos en Diseño, administración y mantenimiento de bases de datos operativas. Elaboración de dashboards y reportes gerenciales en Power BI. Definición, cálculo y seguimiento de KPI operativos y financieros.
Conocimiento en análisis de desviaciones, tendencias y brechas de desempeño.
Experiencia mínima de 2 años en el puesto.
Disponibilidad para laborar en Callao o Villa María del Triunfo (elegible)
FUNCIONES:
Diseñar, estructurar y mantener las bases de datos consolidadas de los servicios de limpieza, alimentación, lavandería, entre otros.
Integrar información proveniente de matrices operativas, controles de servicio, reportes de proveedores y registros internos.
Validar la calidad, consistencia y trazabilidad de los datos.
Elaborar dasboards interactivos en Power BI, entre otros para el seguimiento operativo y gerencial.
Automatizar reportes periódicos de desempeño del área.
Analizar tendencias, desviaciones y brechas respecto a los objetivos del servicio Definir, calcular y monitorear KPI operativos y financieros, tales como:
Cumplimiento de frecuencias y niveles de servicio.
Costos operativos y variaciones presupuestales.
Productividad y eficiencia del servicio.
Nivel de cumplimiento contractual.
Incidencias, reprocesos y no conformidades.
Proponer mejoras en la definición y uso de indicadores.
Identificar oportunidades de mejora basadas en análisis de datos.
Participar en iniciativas de mejora continua (PDCA, Lean, Six Sigma).
Apoyar procesos de supervisión, control y evaluación de proveedores.
Brindar soporte técnico a la Jefatura de SSGG en la toma de decisiones.
Otros que designe su jefatura inmediata.
BENEFICIOS:
Todos los correspondientes según ley
Capacitación constante.
Descuentos con instituciones educativas, visita de proveedores y mucho más.
Trabajar en una empresa acreditada internacionalmente con ISO y la Joint Commission International (una de las acreditaciones más importantes en salud a nivel mundial).
Nuestra empresa está comprometida con la equidad y la inclusión, porque creemos que toda persona es única y diferente. Por eso, ¡te invitamos a postular! ¡Súmate a nuestro propósito, contribuir a mejorar la calidad de vida de los peruanos!",2801,False,https://www.bumeran.com.pe/empleos/analista-de-datos-ibt-group-1118425837.html,2026-09-23 21:32
1118426628,Analista de Datos Jr.,CSTI Corp,Análisis de datos / BI,analista de datos,1,"Tecnología, Sistemas y Telecomunicaciones",Análisis de Datos,Junior,Híbrido,Full-time,Indeterminado,FULL_TIME,1,False,False,False,False,False,Lima,Miraflores,PE,"Miraflores, Lima, Peru",2026-09-02,2026-12-01,21,Actualizado hace más de 15 días,,,,,,1.0,False,"SQL, Python, Power BI, Excel, ETL",5,True,True,False,True,True,False,False,False,False,False,False,False,False,False,False,False,False,False,True,False,False,True,10155736,https://www.bumeran.com.pe/perfiles/empresa_csti-corp_10155736.html,Informática / Tecnología,"Lima, Lima",Entre 51 y 150 empleados,"Somos una corporación de capital peruano Silver Partner SAP, líder en el rubro de TI, especializada en brindar soluciones de negocio en las líneas de outsourcing, soporte y proyectos. Actualmente contamos con sedes en Perú, Ecuador, Colombia y Bolivia.",3.5,3.6,3.2,3.2,3.1,3.1,3.2,8.0,"En CSTI Corp nos encontramos en la búsqueda de un(a) Analista de Datos Jr. para formar parte de un proyecto de Comercio Exterior.
¿Qué buscamos?:
Formación universitaria o técnica en Ingeniería de Sistemas, Estadística, Computación, Ciencia de Datos, Ingeniería Industrial o carreras afines.
1 a 2 años de experiencia en posiciones similares.
Manejo de SQL – nivel intermedio.
Manejo de Python – nivel intermedio.
Conocimientos en análisis y procesamiento de datos.
Experiencia en manejo y consulta de bases de datos.
Conocimientos de Power BI – nivel básico/intermedio.
Manejo de herramientas de visualización de datos.
Conocimientos de ETL y transformación de datos.
Manejo de Excel avanzado.
Deseable experiencia en logística, comercio exterior o áreas afines.
Funciones:
Recopilar, procesar y analizar información proveniente de diferentes fuentes.
Realizar consultas y extracción de información de bases de datos mediante SQL.
Procesar y transformar datos utilizando Python.
Elaborar y mantener reportes para el seguimiento de indicadores.
Apoyar en la construcción y actualización de dashboards en Power BI.
Realizar validaciones y controles de calidad de la información.
Identificar inconsistencias, patrones y oportunidades de mejora en los datos.
Apoyar en procesos de ETL y transformación de información.
Generar información y reportes para facilitar la toma de decisiones.
Coordinar con diferentes equipos para atender requerimientos relacionados con datos.
Documentar procesos y resultados de los análisis realizados.
Condiciones:
Modalidad: Híbrida
Horario: Lunes a viernes de 8:00 a.m. a 5:00 p.m.
Ubicación: Callao / Miraflores
Inicio: Inmediato",1660,False,https://www.bumeran.com.pe/empleos/analista-de-datos-jr.-csti-corp-1118426628.html,2026-09-23 21:32
1118426629,Analista de Datos Junior,CSTI Corp,Análisis de datos / BI,analista de datos,1,"Tecnología, Sistemas y Telecomunicaciones",Tecnologia / Sistemas,Junior,Híbrido,Full-time,Indeterminado,FULL_TIME,2,True,False,False,False,False,Lima,Miraflores,PE,"Miraflores, Lima, Peru",2026-09-02,2026-12-01,21,Actualizado hace 2 días,,,,,,,False,"SQL, Python",2,True,True,False,False,False,False,False,False,False,False,False,False,False,False,False,False,False,False,False,False,False,True,10155736,https://www.bumeran.com.pe/perfiles/empresa_csti-corp_10155736.html,Informática / Tecnología,"Lima, Lima",Entre 51 y 150 empleados,"Somos una corporación de capital peruano Silver Partner SAP, líder en el rubro de TI, especializada en brindar soluciones de negocio en las líneas de outsourcing, soporte y proyectos. Actualmente contamos con sedes en Perú, Ecuador, Colombia y Bolivia.",3.5,3.6,3.2,3.2,3.1,3.1,3.2,8.0,"🔎 ¿Qué buscamos?
✅ Formación técnica o universitaria en Sistemas, Informática, Estadística, Ingeniería o carreras afines.
✅ Conocimientos de SQL
✅ Manejo de Python
✅ Experiencia o conocimientos en análisis y procesamiento de datos.
✅ Manejo y consulta de bases de datos.

Disponibilidad de trasladarse a la sede del Callao y Miraflores.",336,False,https://www.bumeran.com.pe/empleos/analista-de-datos-junior-csti-corp-1118426629.html,2026-09-23 21:32
1118425819,Analista Senior de Data & Analytics | SANNA Salud - Mi Doc,SANNA,Análisis de datos / BI,data analytics,1,"Tecnología, Sistemas y Telecomunicaciones",Análisis de Datos,Senior,Híbrido,Full-time,Indeterminado,FULL_TIME,1,False,False,False,False,False,Lima,San Borja,PE,"San Borja, Lima, Peru",2026-09-02,2026-12-01,21,Actualizado hace 10 días,,,,,,3.0,True,"SQL, AWS, ETL",3,True,False,False,False,False,False,False,False,False,False,False,False,False,True,False,False,False,False,True,False,False,True,1940770,https://www.bumeran.com.pe/perfiles/empresa_sanna_1940770.html,Salud,"Lima, Lima",Entre 501 y 1000 empleados,"Somos SANNA, la red privada de salud más importante del país y ofrece una experiencia integral marcada por la excelencia médica y la sensibilidad humana. Contamos con reconocidas Clínicas y modernos Centros Clínicos a nivel nacional, así como diversos servicios médicos. Actualmente nos encontramos en búsqueda de profesionales talentosos que contribuyan a nuestro propósito: “Ayudar a las personas a llevar vidas más saludables y a que el sistema de salud funcione mejor para todos”.

Como organización estamos comprometidos con la inclusión y equidad de género. En línea con ello nuestros procesos de selección buscan garantizar igualdad de derechos y oportunidades para todos y todas.",3.9,4.0,3.6,4.0,3.7,3.6,3.4,58.0,"¡Sé nuestro(a) próximo(a) Analista Senior de Data & Analytics en SANNA Salud - Mi Doc!
Buscamos personas que quieran generar impacto a través de los datos y ser parte de nuestro propósito:
“Cuidar la salud de las familias del Perú, porque la salud no puede esperar.”
¿Qué buscamos?
Bachiller o titulado(a) de Ingeniería de Sistemas, Informática o carreras afines.
Entre 3 y 5 años de experiencia en Data & Analytics, Business Intelligence o posiciones similares.
Experiencia levantando requerimientos, definiendo KPI y desarrollando dashboards.
Manejo de SQL y Microsoft Office avanzado.
Experiencia en integración, transformación y validación de datos.
Inglés intermedio.
Deseable conocimiento de AWS, Amazon QuickSight, Redshift, Glue, S3, Athena y procesos ETL/ELT.
Tus Desafíos Diarios Incluirán:
Levantar y traducir las necesidades del negocio en soluciones analíticas.
Coordinar y dar seguimiento al partner de Data & Analytics.
Validar la calidad y consistencia de la información.
Diseñar y mantener dashboards en Amazon QuickSight.
Documentar KPI, fuentes y reglas de negocio.
Proponer mejoras para la plataforma analítica.
¿Qué te ofrecemos en SANNA Salud?
En SANNA, valoramos tu bienestar y tu crecimiento profesional. Por eso, te brindamos:
Salario competitivo en planilla, con todos los beneficios de ley desde el primer día.
Acceso a “Mi Beneficio Salud”, con costos preferenciales en servicios médicos para ti y tu familia.
Beneficios corporativos exclusivos por ser parte del prestigioso Grupo Credicorp.
En SANNA Salud estamos comprometidos con la inclusión y equidad de género. En línea con ello nuestros procesos de selección buscan garantizar igualdad de derechos y oportunidades para todos y todas.",1718,False,https://www.bumeran.com.pe/empleos/analista-senior-de-data-analytics-%7C-sanna-salud-mi-doc-sanna-1118425819.html,2026-09-23 21:32
1118425265,Analista de Datos,TRUPAL S.A.,Análisis de datos / BI,analista de datos,1,"Tecnología, Sistemas y Telecomunicaciones",Análisis de Datos,Semi Sr,Híbrido,Full-time,Indeterminado,FULL_TIME,1,False,False,False,False,False,Lima,El Agustino,PE,"El Agustino, Lima, Peru",2026-09-01,2026-11-30,22,Actualizado hace más de 15 días,,,,,,2.0,False,"SQL, Python, R, Power BI, Azure",5,True,True,True,True,False,False,False,False,False,False,False,False,False,False,True,False,False,False,False,False,False,False,,,,,,,,,,,,,,,"¡Encaja tu talento con nosotros!
Somos una empresa peruana que forma parte del Grupo Gloria, con más de 56 años liderando la categoría de empaques a nivel nacional. Creamos soluciones innovadoras, sostenibles y 100% integradas en la fabricación de empaques/embalajes a base de papel, flexibles, cajas de cartón corrugado en presentación Flexográfica, Offset y Digital.
Contamos con 5 plantas de producción a nivel nacional, con presencia en Lima, Trujillo y Sullana. Nuestro equipo está conformado por más de 1,500 colaboradores que hacen posible lograr nuestro propósito cada día. Estamos construyendo nuestro Nuevo Mundo TRUPAL con el objetivo de generar oportunidades para todos nuestros clientes con un amplio portafolio de soluciones de empaques innovadoras y alineadas a las nuevas tendencias y exigencias del mercado, de la mano con el mejor talento.
¡Acompáñanos en este viaje viviendo cada día nuestra Cultura SEMTO!
¿Cuáles serían mis desafíos como Analista de Datos y Analítica?
Desarrollar e implementar análisis que generen valor a través de desarrollos analíticos que sean sustentados con indicadores de negocio.
Identificar y proponer iniciativas de data y analítica que simplifiquen y/o transformen procesos comerciales / Operativos, generando valor agregado.
Diseñar soluciones analíticas (dashboards/Reportes/alertas) que faciliten la toma de decisiones basada en data.
Generar recomendaciones y propuestas de solución dentro de las distintas áreas de acción que ayuden a resolver o explorar interrogantes de negocio asociadas a caso de uso identificados.
Monitorear y gestionar la implementación de soluciones.
¿Qué es lo que se requiere de mí?
Bachiller de Ingeniería de Sistemas, Computación, Industrial, Estadística y/o carreras a fines.
Experiencia en manejo de gestión de base de datos utilizando SQL Server y Azure
Lenguaje de programación (Phyton, R, SQL) a nivel avanzado
Conocimientos en Bricks y plataformas Google
Experiencia previa de 2 años como Analista o Asistente de Datos
Manejo de Power Bi a nivel avanzado
Beneficios
Buses de acercamiento
Bono a partir del quinto mes
Descuentos corporativos.
Participación en utilidades
TRUPAL S.A. es una empresa incluyente, que respeta la diversidad y no hace ningún tipo de discriminación.",2264,False,https://www.bumeran.com.pe/empleos/analista-de-datos-trupal-s.a.-1118425265.html,2026-09-23 21:32
1118425008,ANALISTA SENIOR DE PROCESAMIENTO DE DATOS/EXPERIENCIA RETAIL / INGLÉS AVANZADO,Grupo Tawa,Análisis de datos / BI,analista de datos,1,Oficios y Otros,Otros,Junior,Presencial,Full-time,Indeterminado,FULL_TIME,1,False,False,False,True,False,Lima,San Isidro,PE,"San Isidro, Lima, Peru",2026-09-01,2026-11-30,22,Actualizado hace 6 horas,,,,,,5.0,True,"SQL, Excel",2,True,False,False,False,True,False,False,False,False,False,False,False,False,False,False,False,False,False,False,False,False,True,10071318,https://www.bumeran.com.pe/perfiles/empresa_grupo-tawa_10071318.html,Consultoría,"San Isidro , Lima",Entre 1001 y 5000 empleados,"Somos un Grupo empresarial presente en Perú y Chile. Somos +10000 expertos
apoyando expertos. A través de Tawa brindamos servicios especializados en
Recursos Humanos. En Rom, somos expertos en la gestión de puntos de venta y trade
marketing.
¡Postula y sé un #experto con nosotros!
Síguenos @GrupoTawa",3.7,3.8,3.5,3.8,3.7,3.7,3.5,32.0,"Por encargo de nuestro cliente, importante empresa líder de electrónica y de tecnologías, nos encontramos en la búsqueda de:
(1) ANALISTA DE PROCESAMIENTO DE DATOS / RETAIL MANAGEMENT - SAN ISIDRO
REQUISITOS:
Estudios universitarios culminados en Administración, Ingeniería Industrial, Ingeniería Comercial o afines.
Experiencia mínima de 5 años como Analista de datos o Analista BI dentro del área de Ventas, Comercial, Retail o Marketing
Experiencia manejando data grande de Ventas analizando y elaborando KPIs.
Excel intermedio-avanzado (fórmulas, tablas dinámicas), manejo de base de datos a través de SQL (queries, vistas, stored procedures)
FUNCIONES:
1.- Consolidación, procesamiento y validación de información.
2.- Actualización de data en base de datos.
3.- Optimización de queries y procedimientos en SQL.
4.- Implementar mejoras en los procesos de carga y actualización de datos.
5.- Diseño, automatización, actualización y envio de reportes de Retail Management.
6.- Análisis de los KPIs de Retail Management sin participar en decisiones, estrategias o actividades comerciales de Samsung.
7.- Análisis Ad-Hoc según requerimientos de los equipos de ventas.
8.- Coordinar la distribución, priorización y seguimiento de los requerimientos de procesamiento, actualización y análisis de información.
9.- Supervisar el cumplimiento de los plazos establecidos para la atención de los requerimientos.
10.- Identificar y proponer oportunidades de mejora sobre los procesos de procesamiento, carga, actualización y automatización de información.
OFRECEMOS:
Ingreso a planilla de Tawa, con todos los beneficios de ley.
Horario de trabajo: Lunes a Viernes de 09:00 a 18:30 (1 hora y media de refrigerio).
Modalidad: Presencial.
Lugar de trabajo: San Isidro.
Contrato 3 meses, siempre renovable de acuerdo a desempeño.
Se cubre EPS: 70% Samsung / 30% empleado
¡Postula ya!",1872,False,https://www.bumeran.com.pe/empleos/analista-senior-de-procesamiento-de-datos-experiencia-retail-ingles-avanzado-grupo-tawa-1118425008.html,2026-09-23 21:32
1118422574,Analista de Base de Datos – Calidad | Contact Center,UTP CONTACT CENTER,Análisis de datos / BI,analista de datos,1,"Comercial, Ventas y Negocios",Planeamiento comercial,Junior,Presencial,Full-time,Indeterminado,FULL_TIME,1,False,False,False,False,False,Lima,Cercado De Lima,PE,"Cercado De Lima, Lima, Peru",2026-08-31,2026-11-29,23,Actualizado hace 7 días,,,,,,2.0,False,"SQL, Power BI, Excel",3,True,False,False,True,True,False,False,False,False,False,False,False,False,False,False,False,False,False,False,False,False,False,13516922,https://www.bumeran.com.pe/perfiles/empresa_utp-contact-center_13516922.html,,,,,,,,,,,,,"La Universidad Tecnológica del Perú (UTP), que forma parte del Grupo Intercorp y está reconocida en el ranking de las mejores empresas para trabajar en el Perú según Great Place to Work 2026, se encuentra en la búsqueda del mejor talento para ocupar la posición de Analista de Base de Datos – Calidad | Contact Center en Sede Lima Centro; a continuación, los detalles:
¿A quiénes buscamos?
Egresado(a) o bachiller de Ingeniería Industrial, Sistemas, Estadística, Administración, Economía, Ciencia de Datos o afines.
2 años de experiencia en análisis de datos, calidad, Contact Center o puestos similares.
Manejo avanzado de Excel y Power BI.
Conocimientos de SQL y análisis de indicadores.
Deseable experiencia en Speech Analytics / Text Analytics y herramientas de Contact Center •
Disponibilidad para laborar de manera presencial en sede Lima Centro.
¿Qué funciones realizarías?
Analizar indicadores de calidad y desempeño de los canales comerciales.
Elaborar reportes y dashboards en Excel y Power BI.
Identificar tendencias, errores y oportunidades de mejora en la atención.
Analizar la relación entre calidad, productividad y resultados comerciales.
Utilizar herramientas de Speech Analytics y Text Analytics para identificar patrones en llamadas y chats.
Generar información y recomendaciones para mejorar el desempeño de asesores y equipos.
Participar en proyectos de mejora y automatización de procesos de calidad.
Otras funciones asignadas por su líder inmediato.
¿Cuál sería tu horario de trabajo?
Lunes a sábado en el rango de 9:00 a.m. a 6:00 p.m. (gestión presencial).
¿Por qué unirte a UTP?
Atractivo salario: Reconocemos tu talento con una compensación por encima del mercado.
Disfruta de todos los beneficios de ley que te corresponden por ingresar al corporativo, en planilla desde el primer día.
Crecimiento profesional y capacitación constante: Desarrolla tu carrera en un entorno de aprendizaje continuo, con oportunidades de ascenso en UTP y Grupo Intercorp.
Descuentos corporativos y educativos: Beneficios exclusivos Intercorp y descuentos en programas de posgrado y formación continua.
Excelente clima laboral: Somos una empresa reconocida como Great Place To Work.
Trabajar con un equipo altamente calificado, con una infraestructura moderna y equipada con la mejor tecnología.
“La UTP es una universidad inclusiva y libre de discriminación, que respeta la diversidad y autenticidad de cada uno de los colaboradores”.”
¡Más diversos, mejores equipos!
*Según resultados GPTW 2026",2503,False,https://www.bumeran.com.pe/empleos/analista-de-base-de-datos--calidad-%7C-contact-center-utp-contact-center-1118422574.html,2026-09-23 21:32
1118422496,BI Specialist – Power BI,Protiviti Perú,Análisis de datos / BI,power bi,1,"Tecnología, Sistemas y Telecomunicaciones",Data Warehousing,Semi Sr,Híbrido,Full-time,Autónomo,CONTRACTOR,1,False,False,False,False,False,Lima,Callao,PE,"Callao, Lima, Peru",2026-08-31,2026-11-29,23,Actualizado hace más de 15 días,,,,,,3.0,False,"SQL, Power BI",2,True,False,False,True,False,False,False,False,False,False,False,False,False,False,False,False,False,False,False,False,False,True,2508460,https://www.bumeran.com.pe/perfiles/empresa_protiviti-peru_2508460.html,Consultoría,"SAN ISIDRO, Lima",Entre 301 y 500 empleados,"Protiviti (www.protiviti.com) es una firma global de consultoría, que ayuda a las empresas de todo el mundo a identificar, medir y navegar por sus oportunidades y riesgos, dentro de sus industrias y a lo largo de sus sistemas, procesos y operaciones. Ha trabajado con más del 60% de las Fortune 1000® y el 35% de las Fortune Global 500®. Protiviti y sus firmas miembro prestan servicios a clientes a través de una red de más de 70 oficinas en más de 25 países. Rankeados en el puesto 57 en la lista de las 100 Best Companies to Work For® de Fortune en el 2016.",4.2,3.6,3.9,3.6,3.5,3.7,3.9,5.0,"En Protiviti Perú nos encontramos en búsqueda de un(a) BI Specialist – Power BI para incorporarse a un proyecto con nuestro cliente SGS Perú.
Buscamos un perfil con experiencia técnica en Business Intelligence, desarrollo de dashboards y modelamiento de datos, que pueda desenvolverse con autonomía en la construcción de soluciones de reportería e indicadores para el negocio.
¿Qué harás en el proyecto?
Desarrollar y mantener dashboards ejecutivos y operativos utilizando Power BI.
Transformar requerimientos de negocio en dashboards, reportes, indicadores y soluciones analíticas.
Diseñar y mantener modelos de datos dentro de Power BI.
Desarrollar métricas, indicadores y KPIs utilizando DAX.
Preparar, transformar e integrar información mediante Power Query.
Construir y optimizar consultas en SQL Server para la extracción y análisis de datos.
Integrar información proveniente de distintas fuentes y sistemas corporativos.
Validar la calidad y consistencia de la información presentada en los reportes.
Identificar oportunidades de automatización y optimización de procesos de reportería.
Documentar modelos de datos, fuentes de información, reglas de negocio y desarrollos realizados.
Coordinar con equipos de TI y usuarios de negocio para asegurar la correcta disponibilidad de la información.
Brindar soporte a usuarios respecto al uso de dashboards, reportes e indicadores.
¿Qué conocimientos buscamos?
Experiencia de 3 a 4 años desarrollando dashboards y soluciones de Business Intelligence.
Dominio de Power BI,Power Query & SQL Server.
Modelado dimensional (esquema estrella, copo de nieve, tablas de hechos/dimensiones)
Modelado dentro de Power BI (relaciones, medidas DAX, sin modelo dimensional formal)
Experiencia desarrollando KPIs y métricas de negocio.
Condiciones del proyecto
Cliente: SGS Perú.
Duración: 3 meses de proyecto( posible renovación)
Horario: Lunes a viernes de 8:30 a.m. a 5:30 p.m.
Híbrido: 2 dias en oficina ubicada en el callao
SCTR
Equipo Corporativo",1988,False,https://www.bumeran.com.pe/empleos/bi-specialist--power-bi-protiviti-peru-1118422496.html,2026-09-23 21:32
1118423180,PRACTICANTE PROFESIONAL DE BUSINESS INTELLIGENCE,Grupo Euromotors,Análisis de datos / BI,business intelligence,1,Ingenierías,Ingeniería Industrial,Junior,Híbrido,Full-time,Indeterminado,FULL_TIME,1,False,False,False,True,False,Lima,Surquillo,PE,"Surquillo, Lima, Peru",2026-08-31,2026-11-29,23,Actualizado hace 5 horas,,,,,,,False,"SQL, Python, Power BI, Azure",4,True,True,False,True,False,False,False,False,False,False,False,False,False,False,True,False,False,False,False,False,False,True,10177474,https://www.bumeran.com.pe/perfiles/empresa_grupo-euromotors_10177474.html,Automotriz,"Lima., Lima",Entre 1001 y 5000 empleados,"Queremos que te unas a nuestra familia y poder contar con tu talento. Queremos vivir contigo los valores que nos identifican, como: transparencia, bienestar de las personas, entusiasmo y escucha activa. Si eres un apasionado por servir... ¡Únete a nosotros y comparte nuestro ADN!",3.9,3.8,3.4,3.9,3.4,3.4,3.5,15.0,"¡Se parte de nuestro equipo!
En el Grupo Euromotors queremos personas como tú, apasionadas y comprometidas, que disfruten trabajar con excelencia y vocación de servicio. Únete a nuestro ADN: PASIÓN POR SERVIR.
Estamos en búsqueda de un(a): PRACTICANTE PROFESIONAL DE BUSINESS INTELLIGENCE
¿Cómo es nuestro candidato(a) ideal?
Egresado(a) de Ingeniería Industrial, Ingeniería de Sistemas, Informática, Estadística, Ciencias de Datos o carreras afines.
Manejo de SQL a nivel intermedio.
Manejo de Power BI a nivel avanzado.
Deseable conocimiento de Azure Data Factory, Azure Synapse Analytics y Python
Horario: Lunes a Viernes de 08:30 a 6:30 pm
Modalidad Presencial: Híbrida
Lugar de Trabajo: Surquillo
¿Cuáles serían sus funciones?
Dar mantenimiento y soporte a dashboards y modelos semánticos en Power BI, asegurando su actualización, correcto funcionamiento y rendimiento.
Optimizar modelos semánticos, consultas y componentes relacionados para mejorar su eficiencia y desempeño.
Realizar consultas, extracción y validación de información utilizando SQL.
Participar en proyectos e iniciativas de Business Intelligence.
Si compartes nuestros valores: orden y limpieza, transparencia, bienestar de la persona, saber escuchar y excelencia. ¡Queremos conocerte!
**Estamos conformados por 14 empresas: Euromotors, Altos Andes, Euroshop, Revo Motors, 1 One, Taller One, International Camiones del Perú, Euro Camiones, San Bartolomé, Eurolift, EuroRenting, Euroconnect, Euroinmuebles y Domingo Inmobiliaria.
Rubros: Automotriz, Inmobiliario y Financiero.",1549,False,https://www.bumeran.com.pe/empleos/practicante-profesional-de-business-intelligence-grupo-euromotors-1118423180.html,2026-09-23 21:32
1118420221,Analista de Datos / Business Intelligence,Grupo Lucky,Análisis de datos / BI,analista de datos; business intelligence,2,"Tecnología, Sistemas y Telecomunicaciones",Análisis de Datos,Semi Sr,Presencial,Full-time,Indeterminado,FULL_TIME,2,True,False,False,False,False,Lima,Miraflores,PE,"Miraflores, Lima, Peru",2026-08-28,2026-11-26,26,Actualizado hace 9 días,"De S/.1,800 A S/.2,100 Por Mes",1800.0,2100.0,PEN,Mes,1.0,False,"Power BI, Excel",2,False,False,False,True,True,False,False,False,False,False,False,False,False,False,False,False,False,False,False,False,False,True,10124875,https://www.bumeran.com.pe/perfiles/empresa_grupo-lucky_10124875.html,Servicios,"Lima, Lima",Entre 1001 y 5000 empleados,"En el Grupo Lucky reinventamos cada día la forma de acercar productos y compradores en los mercados.

En ese camino, unimos más de 30 años de conocimiento aplicado en Latinoamérica con el mejor talento y la más avanzada tecnología para crear soluciones de Trade Marketing, con el objetivo de mejorar los resultados comerciales de nuestros clientes.",,,,,,,,,"En Grupo Lucky buscamos incorporar a un Analista de Datos / Business Intelligence que quiera asumir el reto de transformar la información en análisis estratégicos que impulsen la toma de decisiones y generen valor para el negocio.
¿Qué realizarás?
Elaborar presentaciones e informes para clientes internos y externos.
Analizar indicadores comerciales como sell in, sell out, cobertura, cumplimiento de objetivos, entre otros.
Elaborar y actualizar reportes y dashboards para el seguimiento de los principales KPIs del negocio.
Identificar oportunidades, tendencias y alertas a partir del análisis de datos.
Brindar soporte al equipo comercial y de campo mediante información oportuna para la toma de decisiones.
Proponer mejoras en los procesos de análisis, automatización y gestión de la información.
¿Qué buscamos?
Bachiller o egresado(a) de Ingeniería Industrial, Administración, Economía, Estadística o carreras afines.
Experiencia mínima de 1 año como Analista de Inteligencia Comercial en empresas de Trade Marketing, Consumo Masivo o Retail (indispensable).
Excel a nivel avanzado.
Power BI a nivel intermedio.
Manejo de bases de datos y análisis de indicadores comerciales.
¿Qué ofrecemos?
Ser parte de una empresa líder en Trade Marketing con presencia a nivel nacional.
Oportunidades de aprendizaje y desarrollo profesional.
Un entorno dinámico, colaborativo y orientado a resultados.
Beneficios corporativos.
Ingreso a planilla con todos los beneficios de ley desde el primer día.
¡Únete a Grupo Lucky y conviértete en un aliado estratégico para impulsar decisiones comerciales basadas en información!",1612,True,https://www.bumeran.com.pe/empleos/analista-de-datos-business-intelligence-grupo-lucky-1118420221.html,2026-09-23 21:32
1118420642,Analista de Gestión en Tiempo Real y Análisis de Datos,Ampliffica Perú,Análisis de datos / BI,analista de datos,1,"Tecnología, Sistemas y Telecomunicaciones",Análisis de Datos,Semi Sr,Presencial,Full-time,Indeterminado,FULL_TIME,1,False,False,False,False,False,Lima,Cercado De Lima,PE,"Cercado De Lima, Lima, Peru",2026-08-28,2026-10-27,26,Actualizado hace más de 15 días,"De S/.1,300 A S/.1,500 Por Mes",1300.0,1500.0,PEN,Mes,1.0,False,"SQL, Excel",2,True,False,False,False,True,False,False,False,False,False,False,False,False,False,False,False,False,False,False,False,False,False,13450839,https://www.bumeran.com.pe/perfiles/empresa_ampliffica-peru_13450839.html,Call Center,"Cercado de Lima, Lima",Entre 51 y 150 empleados,Ampliffica Perú es un centro de llamadas líder internacional y una empresa de externalización de procesos de negocio.,,,,,,,,,"Analista de Gestión en Tiempo Real y Análisis de Datos Resumen del Puesto
Buscamos un profesional con experiencia en operaciones de call center, apasionado por el análisis de datos y la optimización de procesos, para unirse a nuestro equipo. El candidato ideal será capaz de monitorear la operación en tiempo real, gestionar recursos y proponer mejoras basadas en datos.
Responsabilidades
Monitorear la operación en tiempo real, incluyendo adherencia, ocupación e indicadores intradía.
Gestionar la capacidad operativa y la asignación de recursos.
Analizar campañas outbound y el flujo de leads digitales.
Gestionar, depurar y segmentar bases de datos.
Elaborar reportes y análisis utilizando SQL y Excel avanzado.
Detectar incidencias y proponer acciones para optimizar la operación.
Requisitos
Formación técnica o universitaria en Ingeniería Industrial, Sistemas, Estadística, Administración o afines.
Mínimo 1 año de experiencia en GTR (Gestión en Tiempo Real), Workforce, Traffic, planificación o análisis de datos en call center.
Experiencia en campañas outbound y generación de leads.
Sólidas habilidades analíticas y de resolución de problemas.
Capacidad para trabajar de forma independiente y como parte de un equipo.
Excelentes habilidades de comunicación escrita y verbal.",1282,False,https://www.bumeran.com.pe/empleos/analista-de-gestion-en-tiempo-real-y-analisis-de-datos-ampliffica-peru-1118420642.html,2026-09-23 21:32
1118419998,Analista de Planeamiento y BI Emisivo,EXPERTIA,Análisis de datos / BI,analista bi,1,"Comercial, Ventas y Negocios",Planeamiento comercial,Semi Sr,Híbrido,Full-time,Indeterminado,FULL_TIME,1,False,False,False,False,False,Lima,Miraflores,PE,"Miraflores, Lima, Peru",2026-08-28,2026-11-26,26,Actualizado hace 7 días,,,,,,3.0,True,"SQL, Python, Power BI, Excel",4,True,True,False,True,True,False,False,False,False,False,False,False,False,False,False,False,False,False,False,False,False,False,1621050,https://www.bumeran.com.pe/perfiles/empresa_expertia_1621050.html,Turismo,"Miraflores, Lima",Entre 501 y 1000 empleados,"EXPERTIA es un Holding Turístico que agrupa empresas líderes del sector como Cóndor Travel y Nuevo Mundo Viajes. Nuestro objetivo es ser la plataforma de viajes mas grande de Hispanoamérica, dándole al viajero la mejor experiencia en los destinos mas memorables.",,,,,,,,,"EXPERTIA TRAVEL es el Holding Turístico que agrupa a emblemáticas empresas de turismo de Sudamérica que incluye a las marcas: Nuevo Mundo Viajes y AGIL Perú en turismo emisivo. Por el lado de turismo receptivo, Condor Travel, Tropic DMC, entre otras. Nuestro propósito es crear juntos experiencias para toda la vida.
Funciones
Diseñar y mantener reportes comerciales que sirvan como base para la toma de decisiones estratégicas.
Realizar análisis detallados y elaborar presupuestos por mercado, asegurando la alineación con las metas del negocio emisivo.
Monitorear y analizar el cumplimiento de presupuestos, prospectos, y utilidades de las empresas del holding.
Proveer análisis e información procesable a las unidades de negocio para la optimización de ingresos y mejora del desempeño.
Preparar y presentar informes semanales que incluyan indicadores clave, tendencias y recomendaciones estratégicas.
Gestionar el cumplimiento de objetivos comerciales y la relación con proveedores estratégicos, asegurando el logro de metas específicas.
Llevar a cabo estudios avanzados sobre capacidad operativa, proyecciones financieras, y efectividad de campañas comerciales.
Identificar oportunidades de crecimiento a través del análisis de datos del mercado, comportamiento de consumidores, y benchmarking.
Requisitos
Egresado/a de Ingeniería Industrial, Estadística, Economía, Finanzas, Administración de empresas, Administración en Turismo, o carreras afines.
Experiencia previa de 3 años en análisis de datos, elaboración de dashboards y estrategias comerciales.
Conocimientos intermedios en SQL para extracción y manejo de datos; Python básico (Deseable).
Deseable experiencia en turismo (emisivo, receptivo) o en roles relacionados con revenue management.
Power BI intermedio (visualización de datos y análisis).
Excel avanzado (incluyendo manejo de tablas dinámicas, macros y automatización de reportes).
Inglés avanzado (interacción con socios y proveedores internacionales).
Beneficios
Modalidad de trabajo híbrida.
Ingreso a planilla con todos los beneficios de ley.
Cobertura de la EPS en % al titular de la póliza.
Oportunidad de crecimiento y capacitaciones constantes
Día libre por tu cumpleaños.
Descuentos en viajes y paquetes turísticos.
Descuentos corporativos.",2270,False,https://www.bumeran.com.pe/empleos/analista-de-planeamiento-y-bi-emisivo-expertia-1118419998.html,2026-09-23 21:32
1118420754,Asistente de business intelligence - Lima,GRUPO PALMAS,Análisis de datos / BI,business intelligence,1,"Tecnología, Sistemas y Telecomunicaciones",Administración de Base de Datos,Junior,Híbrido,Full-time,Temporal,TEMPORARY,1,False,False,False,False,False,Lima,Miraflores,PE,"Miraflores, Lima, Peru",2026-08-28,2026-11-26,26,Actualizado hace 6 días,,,,,,1.0,False,"SQL, Power BI, Qlik, Azure, ETL",5,True,False,False,True,False,False,True,False,False,False,False,False,False,False,True,False,False,False,True,False,False,True,10093984,https://www.bumeran.com.pe/perfiles/empresa_grupo-palmas_10093984.html,Agro-Industrial,"Lima, San Martin",,"Empresa agroindustrial que cultiva palma aceitera, con más de 27 mil hectáreas de terreno en producción, ubicados en la zona oriente del país, en la provincia de San Martín y Loreto. Además somos una empresa que pertenece a uno de los grupos económicos más sólidos del Perú: GRUPO ROMERO.",4.2,4.1,4.0,4.1,4.2,4.2,3.8,16.0,"En Grupo Palmas, empresa agroindustrial del Grupo Romero, líderes por más de 45 años en palma aceitera y producción de aceite sostenible, cultivamos desarrollo sostenible para transformar vidas en la Amazonía peruana. 🌴
Estamos en búsqueda de un(a) Asistente de business intelligence, esta posición será clave para gestionar el ciclo de generación de información para el negocio: relevar los requerimientos de reportería de las gerencias, construir procesos ETL y publicar reportes y dashboards oportunos y confiables, asegurando su disponibilidad y usabilidad por parte de los usuarios finales.
🧩¿Qué buscamos?
Profesional de Ingeniería de Sistemas, Ingeniería Industrial, Informática, Estadística o carreras afines.
Estudios Complementarios: Cursos o certificaciones en SQL, ETL, Power BI, Azure y/o Microsoft Fabric.
Manejo de SQL (avanzado), Power BI (avanzado), Qlik Cloud (deseable - intermedio), herramientas ETL de Azure, Microsoft Fabric (nube).
Indispensable: Experiencia en manejo de bases de datos, SQL, ETL o reportería.
Experiencia de 1 - 2 años como asistente o practicante´profesional en funciones similares.
🎯 ¿Cuáles serán tus responsabilidades?
Levantar y documentar los requerimientos de información y reportería con las distintas gerencias. Diseñar y construir procesos ETL para la extracción, transformación y carga de datos desde las distintas fuentes.
Elaborar y publicar reportes y dashboards en Power BI y Qlik Cloud para las gerencias.
Visitar las sedes de la organización para conocer a los usuarios y validar el uso de la información.
Velar por la publicación oportuna de los reportes, cumpliendo los plazos comprometidos con las áreas usuarias.
Medir y hacer seguimiento a la usabilidad y disponibilidad de los reportes e información publicada.
⭐¿Qué beneficios tenemos para ti?
Ingreso a planilla desde el primer día con todos los beneficios de ley.
Propuesta económica competitiva.
Capacitaciones y oportunidades de desarrollo profesional.
Trabajo híbrido.
EPS cubierto al 60%.
Excelente clima laboral.
¡Únete a la Cultura Palmera y construyamos un futuro sostenible juntos! 💚
“En Grupo Palmas promovemos una cultura íntegra en nuestros procesos de selección que garantizan igualdad de oportunidades y un entorno libre de discriminación”.",2270,False,https://www.bumeran.com.pe/empleos/asistente-de-business-intelligence-lima-grupo-palmas-1118420754.html,2026-09-23 21:32
1118419023,Analista de Datos - Semipresencial,ManpowerGroup Perú,Análisis de datos / BI,analista de datos,1,"Tecnología, Sistemas y Telecomunicaciones",Tecnologías de la Información,Junior,Híbrido,Full-time,Indeterminado,FULL_TIME,1,False,True,False,False,False,Lima,San Isidro,PE,"San Isidro, Lima, Peru",2026-08-27,2026-11-25,27,Actualizado hace más de 15 días,,,,,,2.0,True,"SQL, Python, Power BI, Excel, Tableau, Looker, AWS, Azure, Google Cloud, ETL",10,True,True,False,True,True,True,False,True,False,False,False,False,False,True,True,True,False,False,True,False,False,True,10011970,https://www.bumeran.com.pe/perfiles/empresa_manpowergroup-peru_10011970.html,Consultoría,"Lima, Lima",Entre 1001 y 5000 empleados,"En ManpowerGroup creemos en las personas y en el papel que representa el trabajo en sus vidas. Además, creemos en la importancia de impulsar el talento para favorecer el crecimiento personal y profesional.

Somos líder mundial en soluciones para la fuerza laboral, ayudando a las organizaciones a transformarse en un mundo laboral que cambia rápidamente mediante la búsqueda, evaluación, desarrollo y gestión del talento. Desarrollamos soluciones innovadoras para cientos de miles de organizaciones cada año, brindándoles talento calificado mientras encontramos empleo significativo y sostenible para millones de personas en una amplia gama de industrias. 

Nuestra familia de marcas expertas (Manpower, Experis y Talent Solutions) crea mucho más valor para nuestros candidatos en más de 70 países, durante 75 años a nivel global y 29 años a nivel nacional.

Anímate a dejar huella con nosotros ¡Únete a la compañía que impulsa tu Talento!",3.8,3.8,3.6,3.8,3.6,3.6,3.7,193.0,"En Experis Perú buscamos al mejor talento para sumarse a los desafíos de la era digital y llevar su carrera a un siguiente nivel. Por ello, te invitamos a que formes parte del reto como Analista de Datos en el rubro farmacéutico en la ciudad de Lima, Perú.
Requisitos para postular al cargo:
Bachiller en Ingeniería de Sistemas, Ingeniería Informática o carreras afines.
Experiencia mínima de 2 años en el rol, con dominio de Python (pandas, scikit-learn, statsmodels) y SQL.
Conocimientos en herramientas de Business Intelligence (Power BI, Tableau, Looker u otros).
Experiencia en modelos de regresión, clasificación, clustering y series de tiempo.
Manejo de AWS, GCP o Azure, BigQuery o Redshift, Git, Jupyter y Excel.
Inglés a nivel intermedio - Deseable
Disponibilidad para laborar de manera semi-presencial en San Isidro.
Funciones:
Desarrollar y mantener dashboards y reportería comercial para la toma de decisiones ejecutivas.
Construir modelos de forecasting de demanda por SKU, canal y región.
Automatizar procesos de extracción, transformación y carga de datos (ETL/ELT).
Asegurar la calidad, trazabilidad y documentación de datos, pipelines y modelos.
Generar scores de oportunidad para áreas comerciales y de finanzas.
Beneficios:
Únete a una empresa líder a nivel global
Salario acorde al mercado.
Grato ambiente laboral.
Beneficios corporativos y capacitación constante.
Ingreso a planilla, con todos los beneficios de ley.
Competencias:
Enfocado a resultados
Buena comunicación escrita/verbal
Trabajo en equipo
Compromiso
Responsabilidad
En Experis Perú, promovemos la inclusión e inserción laboral sin distinción por razón de discapacidad, género, orientación, identidad y expresión de género, lugar de origen o generación. Por ello ¡Todos los talentos son bienvenidos!",1786,False,https://www.bumeran.com.pe/empleos/analista-de-datos-semipresencial-manpowergroup-peru-1118419023.html,2026-09-23 21:32
1118418476,Analista de Gobierno de Datos,"SUPERINTENDENCIA DE BANCA, SEGUROS Y AFP",Análisis de datos / BI,analista de datos,1,"Tecnología, Sistemas y Telecomunicaciones",Análisis de Datos,Semi Sr,Presencial,Full-time,Indeterminado,FULL_TIME,2,True,True,True,False,False,Lima,San Isidro,PE,"San Isidro, Lima, Peru",2026-08-27,2026-11-25,27,Actualizado hace 8 días,,,,,,3.0,False,SQL,1,True,False,False,False,False,False,False,False,False,False,False,False,False,False,False,False,False,False,False,False,False,True,10168695,https://www.bumeran.com.pe/perfiles/empresa_superintendencia-de-banca-seguros-y-afp_10168695.html,Gobierno,"Lima, Lima",Entre 1001 y 5000 empleados,"Es el organismo encargado de la regulación y supervisión del Sistema Financiero de Seguros y del Sistema Privado de Pensiones en el Perú, así como de prevenir y detectar el lavado de activos y financiamiento del terrorismo. Su objetivo primordial es preservar los intereses de los depositantes, de los asegurados y de los afiliados al SPP.  La SBS es una institución de derecho público cuya autonomía funcional está reconocida por la Constitución Política del Perú. Sus objetivos, funciones y atribuciones están establecidos en la Ley General del Sistema Financiero y del Sistema de Seguros y Orgánica de la Superintendencia de Banca, Seguros y AFP, Ley N° 26702.",4.5,4.5,4.5,4.6,4.3,4.5,4.4,26.0,"Únete a la SBS
Forma parte de una institución líder cuyo propósito es la estabilidad del sistema financiero, de seguros, cooperativas y del sistema privado de pensiones, reconocida por su excelencia técnica, que promueve la integridad, la excelencia, la innovación y el compromiso con el servicio al ciudadano.
Te invitamos a participar en nuestro proceso de selección para asumir el rol de Analista de Gobierno de Datos.
¿Cuáles serán tus principales desafíos?
Gestionar los procesos de catalogación y clasificación de los activos de datos institucionales, administrando el catálogo, el glosario de negocio y los metadatos (definiciones, estructuras, reglas, responsables y relaciones entre los datos), para asegurar su comprensión, trazabilidad y reutilización.
Documentar y mantener actualizadas las definiciones de negocio y reglas de los datos críticos, promoviendo un lenguaje común y alineamiento con el marco institucional de gobierno de datos.
Monitorear la calidad de los datos aplicando reglas, validaciones y métricas (completitud, consistencia, unicidad, exactitud), y dar seguimiento a incidentes de calidad y planes de remediación junto con las áreas usuarias y equipos técnicos.
Apoyar la implementación de lineamientos de seguridad y privacidad de datos, incluyendo la clasificación por sensibilidad y la gestión de roles y permisos de acceso conforme a las políticas institucionales.
Proponer mejoras a los procesos, herramientas y políticas de gobierno de datos
¿Qué perfil buscamos?
Bachiller o titulado en Ingeniería de Sistemas, Ciencias de la Computación, Ingeniería Industrial, Administración, Economía o afines.
Marcos de referencia en Gobierno de Datos (ej. DAMA-DMBOK, DCAM) Cursos orientados a la certificación en Gobierno de Datos (ej. CDMP - Associate) Cursos en Calidad de Datos: dimensiones, per
Cursos en SQL
Filamiento, reglas y métricas
Cursos en herramientas de catalogación (ej. Informática, Collibra, Purview, etc.)
Cursos en protección de datos personales.
Tres (03) años de experiencia como Analista, Analista de Gobierno de Datos, Consultor
¿Por qué unirte a la SBS?
Formarás parte de una institución líder y reconocida por su excelencia técnica.
Tendrás oportunidades de desarrollo profesional y aprendizaje continuo.
Te relacionarás con profesionales reconocidos y altamente calificados.
Disfrutarás de beneficios competitivos y un ambiente laboral de colaboración.
¿Qué beneficios ofrecemos?
Ingreso a planilla con contrato a plazo indeterminado.
Bonos por desempeño semestrales.
Beneficios de ley.
Oportunidades de crecimiento y desarrollo profesional.
Convenios con instituciones educativas.
EPS para el titular y sus dependientes directos.
Plan Oncológico para el titular y sus dependientes directos
¿Qué otras consideraciones son importantes?
Trabajo bajo modalidad presencial en San Isidro.
No estar inhabilitado por sanción de destitución o despido por orden del Poder Judicial u otras inhabilitaciones que determine la Ley.
Si buscas una carrera con propósito, crecimiento profesional y la oportunidad de contribuir al futuro del Perú, este es el lugar para ti.
¡Postula y sé parte de la SBS!",3143,False,https://www.bumeran.com.pe/empleos/analista-de-gobierno-de-datos-superintendencia-de-banca-seguros-y-afp-1118418476.html,2026-09-23 21:32
1118419149,Analista de Planeamiento Financiero y Business Intelligence,Confidencial,Análisis de datos / BI,business intelligence,1,"Administración, Contabilidad y Finanzas",Finanzas,Senior,Presencial,Full-time,Indeterminado,FULL_TIME,1,False,False,False,False,False,Lima,Surquillo,PE,"Surquillo, Lima, Peru",2026-08-27,2026-11-25,27,Actualizado hace 14 días,,,,,,2.0,False,"SQL, Python, Power BI, Excel, SAP",5,True,True,False,True,True,False,False,False,False,False,False,False,False,False,False,False,True,False,False,False,True,False,,,,,,,,,,,,,,,"Importante empresa del sector de consumo masivo se encuentra en la búsqueda de un(a) Analista de Planeamiento Financiero y BI, quien será responsable de asegurar la disponibilidad de información financiera confiable y oportuna para la toma de decisiones, mediante la gestión de bases de datos, automatización de reportes y seguimiento de indicadores financieros.
Principales funciones
Administrar y mantener la base de datos financiera (P&L, Opex, ventas y costos) integrando información de SAP, BPC y otras fuentes.
Desarrollar y actualizar reportes en Power BI para el seguimiento de resultados financieros y de gestión.
Automatizar procesos de carga, validación y consolidación de información utilizando SQL y Python.
Monitorear la ejecución del Opex, analizando desviaciones frente al presupuesto y proyecciones.
Elaborar y consolidar reportes financieros gerenciales para la Dirección y áreas de negocio.
Validar la calidad y consistencia de la información financiera, asegurando su confiabilidad.
Brindar soporte a Business Partners y áreas usuarias con información financiera para análisis y toma de decisiones.
Coordinar con las distintas áreas financieras la recopilación y actualización de información.
Requisitos
Bachiller o titulado(a) en Economía, Finanzas, Administración, Contabilidad o Ingeniería Industrial.
Deseable especialización en Data Analytics, Business Intelligence o Planeamiento Financiero.
Experiencia de 2 a 4 años en planeamiento financiero, control de gestión, presupuestos, reportería o análisis financiero.
Dominio de Excel avanzado, SQL, Power BI y Python (automatización y análisis de datos).
Conocimiento de SAP (FI, CO y PS).
Conocimientos de P&L, presupuestos, control de Opex y análisis financiero.",1737,False,https://www.bumeran.com.pe/empleos/analista-de-planeamiento-financiero-y-business-intelligence-1118419149.html,2026-09-23 21:32
1118419534,Coordinador en Innovación de Procesos (Data Analytics),Confidencial,Análisis de datos / BI,data analytics,1,"Tecnología, Sistemas y Telecomunicaciones",Análisis de Datos,Semi Sr,Presencial,Full-time,Temporal,TEMPORARY,1,False,False,False,False,False,Lima,San Isidro,PE,"San Isidro, Lima, Peru",2026-08-27,2026-11-25,27,Actualizado hace 2 días,,,,,,2.0,True,"Python, Power BI, Excel, SAP",4,False,True,False,True,True,False,False,False,False,False,False,False,False,False,False,False,True,False,False,False,True,False,,,,,,,,,,,,,,,"Importante empresa del rubro retail, líder en su rubro, se encuentra en búsqueda de la siguiente posición:
COORDINADOR EN INNOVACIÓN DE PROCESOS.
Requisitos:
Bachiller en Ingeniería Industrial, Administración, afines.
Especialización en Data Analytics y Metodologías Agiles (Obligatorio).
Deseable especialización en IA.
Experiencia de 05 años en general.
Experiencia de 02 años en la posición y/o similares.
Conocimiento de lenguajes de programación. (Obligatorio)
Manejo de indicadores de gestión.
Dominio del idioma inglés a nivel intermedio.
Dominio de Excel y Power BI a nivel avanzado.
Dominio de Python a nivel intermedio. (obligatorio).
Deseable manejo de SAP.
Funciones:
Desarrollo de los indicadores a través de tableros a todos los stakeholders del delivery center para el control y seguimiento de los objetivos operativos.
Utilizar herramientas tecnológicas para la automatización de procesos y administración de geografías.
Configurar, iterar y dar soporte de la plataforma logística y call center.
Dirigir los comités de proyectos del área con el fin de asegurar la correcta ejecución.
Beneficios:
Planilla desde el primer día.
Pertenecer a una empresa de gran envergadura.
Desarrollo Porfesional.
Dsctos. Corporativos.
Otros.",1240,False,https://www.bumeran.com.pe/empleos/coordinador-en-innovacion-de-procesos-data-analytics-1118419534.html,2026-09-23 21:32
1118419608,Especialista de Business Intelligence & Analytics (Tableau),Confidencial,Análisis de datos / BI,business intelligence,1,"Tecnología, Sistemas y Telecomunicaciones",Análisis de Datos,Semi Sr,Híbrido,Full-time,Indeterminado,FULL_TIME,1,False,True,False,False,False,Lima,Miraflores,PE,"Miraflores, Lima, Peru",2026-08-27,2026-11-25,27,Actualizado hace más de 15 días,,,,,,3.0,False,"SQL, Python, R, Power BI, Tableau, AWS, Azure, Google Cloud",8,True,True,True,True,False,True,False,False,False,False,False,False,False,True,True,True,False,False,False,False,True,False,,,,,,,,,,,,,,,"Somos la primera billetera móvil del sistema financiero peruano, trabajamos para simplificar la forma en la que las personas manejan su dinero en su día a día. Nacimos en 2016 con un propósito claro: impulsar la inclusión financiera, acercando servicios simples, seguros y accesibles a todos los peruanos, especialmente a quienes más lo necesitan.
Fuimos creados por Pagos Digitales Peruanos y hoy contamos con el respaldo de Compartamos Banco, lo que nos permite seguir construyendo soluciones digitales con impacto real. A través de la digitalización, buscamos transformar la vida diaria de las personas, facilitando cómo envían, reciben y usan su dinero de manera simple y segura. Pero lo que realmente nos define es cómo trabajamos. Somos un equipo colaborativo, donde las ideas se escuchan, se valoran y se convierten en soluciones. Promovemos el aprendizaje constante, el trabajo en equipo y una cultura donde cada persona puede aportar y crecer, siempre con el usuario en el centro. Además, formamos parte de una organización reconocida en el ranking de Great Place to Work, reflejo de una cultura basada en la confianza, el desarrollo y el bienestar.
🚀 Hoy seguimos creciendo y queremos sumar personas que quieran asumir retos y generar impacto. Nos encontramos en búsqueda de un(a) Analytics & Insights Specialist para contribuir a nuestro objetivo de seguir evolucionando y construyendo el futuro de los pagos digitales en el Perú.
¿Cuáles serían tus funciones?
Analizar indicadores clave de negocio relacionados a adopción, activación, retención, churn, revenue, conversión y engagement.
Diseñar métricas, KPIs y modelos de medición alineados a objetivos estratégicos y operativos.
Participar en iniciativas de experimentación y medición de impacto (A/B testing, cohortes, funnels y segmentación).
Elaborar presentaciones ejecutivas con análisis e insights accionables que faciliten la toma de decisiones de las áreas estratégicas y comerciales.
Analizar desempeño de campañas, productos y funcionalidades digitales.
Elaborar business cases y análisis de impacto basados en datos.
Liderar de manera autónoma el levantamiento de requerimientos analíticos con usuarios finales y stakeholders de negocio, identificando necesidades, definiendo alcance y traduciendo los requerimientos en KPIs, métricas y soluciones analíticas.
Gestionar los requerimientos analíticos de extremo a extremo, coordinando con los equipos de BI, Data Engineering y Data Science su implementación, realizando la validación con los usuarios y asegurando la trazabilidad hasta la entrega de la solución.
Desarrollar dashboards y soluciones analíticas en Tableau, asegurando que respondan a las necesidades del negocio y faciliten el monitoreo y toma de do de decisiones.
Requisitos:
Bachiller en Matemática, Estadística, Ingeniería de Sistemas, Ingeniería Informática, Ingeniería Industrial, Ingeniería de Software o carreras afines.
3 años de experiencia en analítica de negocio, Product Analytics, Business Intelligence (BI) o Inteligencia Comercial.Experiencia en análisis de datos utilizando SQL (nivel intermedio-avanzado).
Experiencia sólida, reciente y comprobable desarrollando dashboards y soluciones analíticas en Tableau Desktop, Tableau Server y/o Tableau Cloud (nivel intermedio-avanzado), incluyendo construcción de métricas, cálculos, filtros, segmentaciones y visualizaciones.
Experiencia liderando directamente el levantamiento de requerimientos analíticos con usuarios finales y stakeholders de negocio, desde el entendimiento de la necesidad hasta la definición de KPIs, métricas y solución analítica.
Experiencia gestionando requerimientos de extremo a extremo, incluyendo seguimiento, validación con usuarios y trazabilidad hasta la implementación de la solución.
Experiencia en análisis de KPIs, generación de insights y elaboración de recomendaciones para la toma de decisiones.
Capacidad para traducir necesidades de negocio en indicadores, dashboards, insights y recomendaciones accionables, trabajando de manera autónoma y con mínima supervisión.
Experiencia trabajando con áreas de negocio y stakeholders para la toma de decisiones.
Experiencia en sectores como banca, fintech, retail, telecomunicaciones, consultoría o agencias.
Deseable experiencia en Python o R (nivel básico-intermedio).
Deseable experiencia en entornos cloud (AWS, GCP o Azure).
Deseable experiencia preparando datasets para iniciativas de Data Science.
Deseable experiencia en experimentación, análisis de cohortes y segmentación de clientes.
Deseable experiencia habilitando el consumo y monitoreo de modelos analíticos mediante plataformas BI (Tableau Cloud, Tableau Server o Power BI), incluyendo el diseño de métricas, dashboards y alertas para stakeholders.
Deseable contar con las certificaciones Tableau Certified Data Analyst o Tableau Desktop Specialist.
Beneficios
Trabajo híbrido.
Excelente clima laboral (#16 Ranking GPTW Perú).
EPS a costos compartidos.",4949,False,https://www.bumeran.com.pe/empleos/especialista-de-business-intelligence-analytics-tableau-1118419608.html,2026-09-23 21:32
1118417187,Analista de Datos y Planeamiento,VIETTEL PERU SAC,Análisis de datos / BI,analista de datos,1,"Comercial, Ventas y Negocios",Planeamiento comercial,Semi Sr,Presencial,Full-time,Temporal,TEMPORARY,1,False,False,False,False,False,Lima,San Isidro,PE,"San Isidro, Lima, Peru",2026-08-26,2026-11-24,28,Actualizado hace 12 días,"De S/.2,500 A S/.3,500 Por Mes",2500.0,3500.0,PEN,Mes,,True,"SQL, Python, Power BI, Excel, Tableau, Qlik",6,True,True,False,True,True,True,True,False,False,False,False,False,False,False,False,False,False,False,False,False,False,True,10090345,https://www.bumeran.com.pe/perfiles/empresa_viettel-peru-sac_10090345.html,Telecomunicaciones,"San Isidro, Lima",Entre 1001 y 5000 empleados,"Somos Bitel, una empresa de telecomunicaciones del grupo internacional Viettel, presente en Perú desde 2014. Viettel ha sido reconocida como la segunda marca de telecomunicaciones más fuerte del mundo, según Brand Finance (feb. 2025), lo que impulsa nuestro compromiso con el crecimiento y la excelencia.

Creemos en la innovación, el desarrollo profesional y la inclusión digital. Contamos con la red 4G LTE con mayor cobertura nacional y tecnología 5G. Nuestra cobertura abarca desde las principales ciudades hasta comunidades rurales de difícil acceso, como San Juan del Oro en Puno o el distrito de Imaza en Amazonas, donde conectamos a miles de peruanos que antes no contaban con acceso a servicios de telecomunicaciones.

En Bitel trabajarás en un entorno dinámico y multicultural, colaborando con líderes internacionales y desarrollando habilidades clave para un mundo globalizado.

Si buscas un reto profesional desde el cual aportar al desarrollo del país,

¡Bitel es el lugar para ti!",,,,,,,,,"En Bitel nos encontramos en la búsqueda del nuevo Analista de Planeamiento, que tendrá las siguientes funciones:
Recolectar, limpiar y procesar datos provenientes de diversas fuentes para obtener insights valiosos que apoyen la toma de decisiones estratégicas.
Crear y mantener dashboards y visualizaciones de datos que faciliten la interpretación de datos por los equipos.
Elaborar reportes periódicos y ad hoc sobre el desempeño de KPIs clave, análisis de tendencias y métricas operacionales.
Proponer mejoras en la estrategia de datos, identificando oportunidades de optimización y automatización de procesos.
Trabajar en soluciones de datos en base a la coordinación con otras areas del departamento y otros departamentos.
Apoyar en los proyectos y tareas asignadas por el encargado del área de planeamiento o la jefatura de VAS Department.
Requisitos:
Bachiller/Titulado en Tecnología de la Información, Ingeniería Industrial, Economía y/o afines.
6 mesess de experiencia en roles con funciones relacionadas a Data Analytics, Elaboración de reportería y creación de Dashboards
Manejo de inglés a nivel avanzado (se evaluará)
Conocimiento Avanzado de Excel, intermedio en SQL, Python, etc.
Conocimiento de KPIs con productos digitales, creación de Dashboards (Qlik, Tableau o PowerBI)
Manejo de iA.
Beneficios:
Planilla completa Bitel
CTS, gratificaciones, vacaciones
Utilidades
EPS 60%
Línea de carrera y crecimiento profesional 🚀",1435,False,https://www.bumeran.com.pe/empleos/analista-de-datos-y-planeamiento-viettel-peru-sac-1118417187.html,2026-09-23 21:32
1118417846,Analista de Inventarios Data Analytics - Callao,Redondos S.A.,Análisis de datos / BI,data analytics,1,Abastecimiento y Logística,Logística,Otro,Presencial,Full-time,Indeterminado,FULL_TIME,2,True,False,False,False,False,Callao,Callao,PE,"Gobierno Regional del Callao, Gobierno Regional del Callao, Peru",2026-08-26,2026-12-24,28,Actualizado hace 5 días,,,,,,,False,"Excel, SAP",2,False,False,False,False,True,False,False,False,False,False,False,False,False,False,False,False,True,False,False,False,False,False,10130566,https://www.bumeran.com.pe/perfiles/empresa_redondos-s.a._10130566.html,Consumo masivo,"Lima, Lima",Entre 1001 y 5000 empleados,"Somos una empresa con 50 años en el mercado nacional, líderes en la producción y comercialización de proteína animal, cuyo propósito de negocio es el bienestar y la nutrición de las familias peruanas. Contamos con un amplio portafolio de productos alimenticios de origen cárnico como pollo, pavo, cerdo y productos procesados. Además, con plantas industriales e instalaciones de crianza con tecnología de primer nivel.",4.2,4.0,3.7,4.3,3.9,3.9,3.8,24.0,"Somos una empresa con más de 50 años en el mercado nacional, líderes en la producción y comercialización de proteína animal, cuyo propósito de negocio es el bienestar y la nutrición de las familias peruanas. Contamos con un amplio portafolio de productos alimenticios de origen cárnico como pollo, pavo, cerdo y productos procesados. Además, con plantas industriales e instalaciones de crianza con tecnología de primer nivel.
Nos encontramos en búsqueda de (01) Analista de Inventarios , para nuestra sede de distribución de Callao.
Funciones
Revisar los registros de ingresos y salidas de inventario en los almacenes de Operaciones Comerciales.
Validar y reportar los niveles de stock en los almacenes de Operaciones Comerciales y generar reportes en base a esta información.
Registrar la salida de merma de almacenamiento, contrastando la información de los inventarios físicos en cámaras de almacenamiento.
Ingresar y validar los registros de movimientos de embalajes retornables.
Analizar y corregir los movimientos de salidas por venta y traslado.
Obtener reportes de mermas de transporte y almacenamiento, así como de movimiento de embalajes.
Gestionar inventarios Cíclicos.
Ejecutar otras actividades encomendadas por su jefe inmediato.
Requisitos:
Bachiller o Titulado en las carreras de Ingeniería Industrial, Administración, Contabilidad o carreras afines.
06 meses en puestos similares en almacenes de productos de consumo masivo.
Manejo de Excel nivel avanzado (indispensable).
Manejo de SAP en módulos MM y SD (deseable).
Conocimiento de indicadores ERI - ERU.
Beneficios
Planilla con todos los beneficios de ley.
EPS facultativo.
Descuentos corporativos.
Convenios educativos.
¡Postula y obtén la posibilidad de contribuir con la nutrición y bienestar de las familias peruanas!
Esta convocatoria se encuentra en concordancia con las políticas organizacionales de REDONDOS donde se respeta la diversidad y no hace ningún tipo de discriminación de conformidad con la Ley N° 28983, también promueve la inclusión de la persona con discapacidad de conformidad con la Ley N° 29973 y no solicita ningún tipo de pago o abono para participar en procesos de reclutamiento y selección de acuerdo a nuestra Política Antisoborno.",2230,False,https://www.bumeran.com.pe/empleos/analista-de-inventarios-data-analytics-callao-redondos-s.a.-1118417846.html,2026-09-23 21:32
1118415565,Analista de Business Intelligence,Confidencial,Análisis de datos / BI,business intelligence,1,Marketing y Publicidad,Business Intelligence,Junior,Presencial,Full-time,Indeterminado,FULL_TIME,1,False,False,False,False,False,Lima,Santiago de Surco,PE,"Santiago de Surco, Lima, Peru",2026-08-25,2026-11-23,29,Actualizado hace más de 15 días,,,,,,2.0,True,"SQL, Python, R, Power BI, Excel, Looker, Machine Learning",7,True,True,True,True,True,False,False,True,False,False,False,False,False,False,False,False,False,False,False,True,True,False,,,,,,,,,,,,,,,"Prestigiosa universidad se encuentra en la busqueda del mejor talento para la posición de Analista de Business Intelligence
Requisitos:
Bachiller de las carreras de administración y marketing, estadística, Ing. sistemas, Ing. industrial o afines.
Mínimo 2 años de experiencia en ánalisis de datos de marketing digital.
Dominio de excel avanzado
Dominio de PowerBi, Looker studio, Python y R a nivel intermedio y básico de SQL.
Inglés intermedio (deseable)
Funciones:
Generar reportes y dashboards que muestren el funnel de conversión de campañas de marketing digital, perfil de alumnos entre otros.
Aplicar técnicas estadísticas y de Machine Learning para desarrollar modelos de segmentación y/o predicción que apoyen a la toma de decisiones.
Crear informes y visualizaciones de datos atractivas y efectivas que comuniquen de manera clara y convincente los insights obtenidos, facilitando la toma de decisiones.
Extraer y analizar la información de manera eficiente y segura de bases de datos mediante SQL.
Identificar oportunidades para automatizar tareas repetitivas, optimizar el flujo de trabajo del área y documentarlos.
Otras funciones relacionadas al cargo que le asigne el jefe inmediato.
Beneficios:
Salario acorde al mercado
EPS cubierta al 85%
Capacitaciones constantes",1280,False,https://www.bumeran.com.pe/empleos/analista-de-business-intelligence-1118415565.html,2026-09-23 21:32
1118416312,Analista de Calidad de Datos (Banca),INDRA PERU,Análisis de datos / BI,analista de datos,1,"Tecnología, Sistemas y Telecomunicaciones",Otra,Senior,Remoto,Full-time,Indeterminado,FULL_TIME,1,False,False,False,False,False,Lima,San Isidro,PE,"San Isidro, Lima, Peru",2026-08-25,2026-11-23,29,Actualizado hace más de 15 días,,,,,,2.0,False,"Python, Spark, AWS",3,False,True,False,False,False,False,False,False,False,False,False,True,False,True,False,False,False,False,False,False,False,False,2255030,https://www.bumeran.com.pe/perfiles/empresa_indra-peru_2255030.html,Informática / Tecnología,"Lima, Aguascalientes",Entre 1001 y 5000 empleados,"Somos una de las principales empresas globales de consultoría y tecnología y el socio tecnológico global para los negocios clave de nuestros clientes. Desarrollamos una oferta de soluciones propias, servicios avanzados y de alto valor añadido en tecnología.",,,,,,,,,"Estamos en la búsqueda de este puesto para que sea nuestro representante frente a una empresa del rubro bancario.
🎯 ¿Qué buscamos en ti?
Profesional universitario o técnico de Ingeniería de Sistemas, Informática o carreras afines.
Experiencia de 2 años a más en roles de Data Quality, QA o aseguramiento de calidad
Conocimiento necesarios del puesto:
Conocimiento del flujo End-to-End de Data.
Conocimiento de controles, validaciones y criterios de calidad de datos.
Conocimiento de AWS, principalmente servicios como S3, Athena, Glue, CloudWatch, SageMaker e IAM.
Conocimiento funcional de Python, Scala y/o PySpark.
Manejo de Jira para gestión y seguimiento de HU, incidencias y observaciones.
Manejo de GitHub o Bitbucket, control de versiones y revisión de componentes de desarrollo.
Capacidad para interpretar y aplicar lineamientos, estándares y buenas prácticas de calidad.
Certificaciones deseables
ISTQB Certified Tester Foundation Level (CTFL) o certificaciones internacionales de QA/Testing.
AWS Certified Cloud Practitioner y/o AWS Certified Data Engineer – Associate.
💡 Beneficios exclusivos
Horario: Lunes a Viernes de 9:00 am a 6:30 pm
Modelo de trabajo: Remoto.
EPS cubierto al 100% en Plan Base
Udemy acceso total
Línea de Carrera
Kit ergonómico para laborar desde casa
¡Ven y únete a INDRA!",1308,False,https://www.bumeran.com.pe/empleos/analista-de-calidad-de-datos-banca-indra-peru-1118416312.html,2026-09-23 21:32
1118412271,Analista de Datos,COBEX,Análisis de datos / BI,analista de datos,1,Abastecimiento y Logística,Logística,No especificado,Presencial,Full-time,,FULL_TIME,1,False,False,False,False,False,Arequipa,Cerro Colorado,PE,"Cerro Colorado, Arequipa, Peru",2026-08-25,2026-11-23,29,Actualizado hace 9 días,"De S/.1,800 A S/.1,850 Por Mes",1800.0,1850.0,PEN,Mes,,False,"Power BI, Excel, ETL",3,False,False,False,True,True,False,False,False,False,False,False,False,False,False,False,False,False,False,True,False,False,False,13518731,https://www.bumeran.com.pe/perfiles/empresa_cobex_13518731.html,Call Center,"Arequipa, Arequipa",Entre 1 y 10 empleados,"COBEX es una empresa especializada en gestión de cobranza multicanal. 
Asumimos tu cartera vencida bajo tu marca, usando herramientas digitales y un protocolo de recuperación probado. Nuestro objetivo es simple: recuperar más, sin que contrates, capacites ni pagues un sueldo fijo. 
Trabajamos con empresas de servicios recurrentes que quieren dejar la cobranza en manos de especialistas y que su equipo solo venda.",,,,,,,,,"Analista de Datos
Resumen del Puesto
Buscamos un Analista de Datos proactivo y con gran capacidad analítica para unirse a nuestro equipo. El candidato ideal será responsable de apoyar en la elaboración de reportes, la administración y optimización de bases de datos, asegurando la confiabilidad de la información.
Responsabilidades
Apoyar en la elaboración de reportes y tableros de control para el seguimiento de indicadores.
Apoyar en la administración de bases de datos de clientes.
Apoyar en la creación, actualización y optimización de bases de datos de clientes.
Asegurar la confiabilidad de la información de las bases de datos.
Requisitos
Profesional en Ingeniería de Software, Datos, Sistemas, Estadística o carreras afines.
Manejo de Power BI a nivel intermedio.
Excel a nivel avanzado.
Experiencia con herramientas de integración de datos como SSIS (ETL) a nivel intermedio.
Excelentes habilidades analíticas y de resolución de problemas.
Capacidad para trabajar de forma independiente y como parte de un equipo.
Beneficios
Beneficios de ley.
Oportunidades de desarrollo profesional.
Ambiente laboral dinámico y colaborativo.",1136,False,https://www.bumeran.com.pe/empleos/analista-de-datos-cobex-1118412271.html,2026-09-23 21:32
1118415199,Jefe de Analítica de Datos y Transformación digital,CL SELECTION/DIVISION IT,Análisis de datos / BI,analitica de datos,1,"Tecnología, Sistemas y Telecomunicaciones",Tecnologías de la Información,Jefe / Supervisor / Responsable,Presencial,Full-time,Indeterminado,FULL_TIME,1,False,False,False,False,False,Lima,San Isidro,PE,"San Isidro, Lima, Peru",2026-08-25,2026-11-23,29,Actualizado hace 7 días,,,,,,,False,"Python, Power BI, SAP",3,False,True,False,True,False,False,False,False,False,False,False,False,False,False,False,False,True,False,False,False,False,True,13475988,https://www.bumeran.com.pe/perfiles/empresa_cl-selection-division-it_13475988.html,,,,,,,,,,,,,"CL Selection by Cornerstone, unidad especializada de Cornerstone especializada en la búsqueda de ejecutivos de gerencia media, posiciones especializadas y puestos de entrada con alto potencial, cuenta con un cliente muy importante, el cual se encuentra en la búsqueda de un/a:
Jefe de Analítica de Datos y Transformación digital
PRINCIPALES RESPONSABILIDADES:
Liderar la estrategia de Analítica de Datos y Transformación Digital, impulsando un cambio de enfoque del área hacia un rol de socio estratégico y propositivo para el negocio.
Identificar oportunidades de digitalización, automatización y mejora de procesos, traduciendo las necesidades del negocio en iniciativas concretas de transformación digital.
Liderar la estrategia de datos, asegurando la correcta ingesta, estructuración, calidad, disponibilidad y gobierno de la información.
Asegurar la evolución y correcto funcionamiento de la arquitectura de Data Warehouse y Data Lake, supervisando las soluciones analíticas y predictivas desarrolladas.
Liderar el Roadmap de proyectos de innovación y transformación digital, asegurando el cumplimiento de alcance, calidad, costos y plazos.
Gestionar equipos, proveedores y stakeholders del negocio, articulando con Producción, Ventas, Marketing, Contabilidad, TI y SAP para convertir necesidades de negocio en soluciones de valor.
Investigar y evaluar nuevas tendencias, tecnologías y buenas prácticas, identificando aquellas que puedan generar eficiencias, innovación y nuevas oportunidades para el negocio.
Definir y supervisar indicadores de gestión de los proyectos, evaluando los resultados obtenidos y asegurando que las iniciativas implementadas cumplan con los objetivos esperados.
REQUISITOS INDISPENSABLES:
Bachiller en Ingeniería de Sistemas, Ingeniería Informática, Ingeniería Estadística, Matemática, Ingeniería Industrial o carreras afines.
Mínimo 2 años de experiencia en posiciones de liderazgo como Coordinador, Supervisor, Líder o Jefe.
Experiencia en áreas de Tecnología, Analítica de Datos, Transformación Digital o Mejora Continua.
Experiencia liderando proyectos de transformación digital, innovación o analítica de datos.
Experiencia gestionando equipos y proyectos tecnológicos.
Conocimientos intermedios en Python y/o lenguajes y herramientas vinculadas al desarrollo de soluciones de Inteligencia Artificial y algoritmos.
Conocimientos intermedios/avanzados en Power BI, Power Apps, Power Automate y plataformas de desarrollo.
Conocimiento de herramientas y plataformas para el desarrollo de Data Warehouse.
Experiencia en definición y gestión de estrategias de ingesta, preparación, limpieza y estructuración de datos.
Capacidad para comprender arquitecturas de Data Warehouse y Data Lake y supervisar su evolución.
REQUISITOS DESEABLES:
Posgrado, Maestría o Diplomado en Dirección de Tecnologías de Información.
Experiencia en empresas del sector Industrial, Consumo Masivo o Agroindustrial.
Experiencia en Analítica de Datos, Transformación Digital, Innovación o Mejora Continua.
Conocimientos en módulos de SAP.
Conocimientos en Administración de Base de Datos.
Conocimientos en Seguridad Informática.
Experiencia desarrollando o supervisando indicadores predictivos y modelos analíticos.
Experiencia participando en iniciativas de automatización y digitalización de procesos.
Experiencia trabajando con equipos multidisciplinarios y áreas de negocio.",3388,False,https://www.bumeran.com.pe/empleos/jefe-de-analitica-de-datos-y-transformacion-digital-cl-selection-division-it-1118415199.html,2026-09-23 21:32
1118415247,Practicante Pro de Business Intelligence,ON Empresas,Análisis de datos / BI,business intelligence,1,"Comercial, Ventas y Negocios",Comercial,Junior,Presencial,Full-time,Indeterminado,FULL_TIME,1,False,False,False,False,False,Lima,San Isidro,PE,"San Isidro, Lima, Peru",2026-08-25,2026-11-23,29,Actualizado ayer,,,,,,,False,"SQL, Python, Power BI, Excel",4,True,True,False,True,True,False,False,False,False,False,False,False,False,False,False,False,False,False,False,False,False,True,10104709,https://www.bumeran.com.pe/perfiles/empresa_on-empresas_10104709.html,Telecomunicaciones,"Lima, Lima",Entre 501 y 1000 empleados,"ON Empresas es la empresa de Telecomunicaciones y Tecnologías de la Información con más de 20 años experiencia en el mercado. Cuenta con más de 650 colaboradores, 7 sedes a nivel nacional, 5 DataCenters, 1 Cybersoc, Noc y Centro de atención al cliente 24/7.
Atendemos a más de 4500 clientes en los principales sectores económicos del país y nuestra propuesta de valor incluye la entrega de servicios de Conectividad, Cloud Híbrido, Ciberseguridad, Servicios Gestionados, Servicios de Data Center, Comunicaciones Unificadas y Telefonía Corporativa.
Nuestro propósito es desafiar lo convencional para acelerar la evolución digital de las empresas, sumando creatividad e innovación para asegurar un servicio con una propuesta de valor distinta.

""ON Empresas creemos en la igualdad de oportunidades y la no discriminación laboral. Promovemos la diversidad basada en la raza, género, orientación sexual, religión, origen étnico, edad, estado civil, identidad de género,  discapacidad o cualquier otra",,,,,,,,,"ON Empresas es la empresa de Telecomunicaciones y Tecnologías de la Información con más de 20 años experiencia en el mercado. Cuenta con más de 750 colaboradores, 7 sedes a nivel nacional, 5 DataCenters, 1 Cybersoc, Noc y Centro de atención al cliente 24/7.
Atendemos a más de 4500 clientes en los principales sectores económicos del país y nuestra propuesta de valor incluye la entrega de servicios de Conectividad, Cloud Híbrido, Ciberseguridad, Servicios Gestionados, Servicios de Data Center, Comunicaciones Unificadas y Telefonía Corporativa.
Súmate a nuestro equipo como PRACTICANTE PRO DE BUSINESS INTELLIGENCE
¿Cuáles serán tus principales retos?
Desarrollar y dar mantenimiento a reportes, dashboards e indicadores comerciales en Power BI.
Analizar información de ventas, cumplimiento de objetivos, pipeline y productividad comercial.
Construir modelos de datos que permitan identificar tendencias, oportunidades y desviaciones del negocio.
Participar en el levantamiento de requerimientos junto a los equipos comerciales y convertirlos en soluciones analíticas.
Automatizar y optimizar reportes utilizando Power BI, SQL, Python y Excel.
Participar en proyectos de BI con impacto directo en la gestión y estrategia comercial.
¿Qué buscamos?
Egresados o estudiantes de los últimos ciclos de Ingeniería de Sistemas, Ingeniería Industrial, Estadística o carreras afines.
Experiencia en herramientas de análisis de datos (certificaciones, proyectos académicos o experiencia previa).
Manejo de Power BI (nivel intermedio como mínimo).
Conocimientos de SQL Server.
Dominio de Excel avanzado.
Conocimientos de Python y Power Automate (deseable).
¿Qué te ofrece ON Empresas?
Seguro fola.
Línea de Carrera para continuar con tu crecimiento profesional.
Constante capacitación.
Descuentos corporativos.
Convenios educativos en post grado e idiomas.
Medio día libre por tu cumpleaños.
Charlas de educación financiera, salud y bienestar.",1934,False,https://www.bumeran.com.pe/empleos/practicante-pro-de-business-intelligence-on-empresas-1118415247.html,2026-09-23 21:32
1118413620,Analista de Gestión de la Información,EXPERIS PERÚ,Análisis de datos / BI,analista de informacion,1,"Tecnología, Sistemas y Telecomunicaciones",Liderazgo de Proyecto,Senior,Híbrido,Full-time,Indeterminado,FULL_TIME,1,False,False,False,False,False,Lima,Lima,PE,"Lima, Lima, Peru",2026-08-24,2026-11-22,30,Actualizado hace más de 15 días,,,,,,2.0,False,Azure,1,False,False,False,False,False,False,False,False,False,False,False,False,False,False,True,False,False,False,False,False,False,False,,,,,,,,,,,,,,,"En Experis Perú buscamos al mejor talento para sumarse a los desafíos de la era digital y llevar su carrera a un siguiente nivel. Por ello, te invitamos a que formes parte del reto como ANALISTA DE GESTIÓN DE LA INFORMACIÓN en el rubro de Financiero:
ANALISTA DE GESTIÓN DE LA INFORMACIÓN
Requisitos para postular al cargo:
Profesional en Ingeniería de Sistemas, Informática o afines.
Experiencia mayor a 2 años en roles afines: analista IAM, seguridad de la información, administración de accesos.
Conocimiento técnico en gestión del ciclo de vida de accesos y segregación de funciones.
Experiencia con Herramientas IAM/IGA: Experiencia con al menos una plataforma (SailPoint, Microsoft Entra ID/Azure AD, CyberArk, etc.)
Funciones principales del puesto:
Gestionar el ciclo de vida de accesos e identidades (altas, modificaciones y bajas de usuarios).
Ejecutar procesos de recertificación y validación periódica de permisos de acceso.
Identificar y mitigar riesgos relacionados con segregación de funciones (SoD) y accesos indebidos.
Administrar roles, permisos y matrices de acceso mediante herramientas IAM/IGA.
Generar evidencias y atender requerimientos de auditoría y cumplimiento normativo.
La empresa ofrece al candidato seleccionado:
Únete a una empresa líder a nivel global
Planilla Completa
Beneficios acorde a ley
Trabajo híbrido en San Isidro
Seguro Vida Ley
Convenios corporativos, educativos y de recreación
En Experis Perú, promovemos la inclusión e inserción laboral sin distinción por razón de discapacidad, género, orientación, identidad y expresión de género, lugar de origen o generación. Por ello ¡Todos los talentos son bienvenidos!",1656,False,https://www.bumeran.com.pe/empleos/analista-de-gestion-de-la-informacion-experis-peru-1118413620.html,2026-09-23 21:32
1118400974,Analista de Planificación Académica - Analisis de datos,UNIVERSIDAD TECNOLOGICA DEL PERU,Análisis de datos / BI,analista de datos,1,"Tecnología, Sistemas y Telecomunicaciones",Análisis de Datos,Senior,Presencial,Full-time,Indeterminado,FULL_TIME,1,False,False,False,False,False,Lima,Lima,PE,"Lima, Lima, Peru",2026-08-24,2026-11-22,30,Actualizado hace más de 15 días,,,,,,1.0,False,"SQL, Python, Excel",3,True,True,False,False,True,False,False,False,False,False,False,False,False,False,False,False,False,False,False,False,False,False,13483290,https://www.bumeran.com.pe/perfiles/empresa_universidad-tecnologica-del-peru_13483290.html,Educación,"LIMA, Lima",Entre 501 y 1000 empleados,,,,,,,,,,"La Unidad Corporativa de la Universidad Tecnológica del Perú, que forma parte del Grupo Intercorp y es parte del ranking de las mejores empresas para trabajar en el Perú según Great Place to Work*, se encuentra en búsqueda del mejor talento, para ocupar la posición de “Analista de planificación Académica”, a continuación, los detalles:
¿A quiénes buscamos?
Bachiller en Ingeniería de Software, Sistemas e Informática, Estadística o carreras afines.
Experiencia mínima de 3 años en funciones similares.
Experiencia 1 año en rubro educativo (deseable).
Manejo de SQL y Python.
Experiencia en definición y construcción de KPIs
Manejo de Excel a nivel avanzado.
Manejo de Bases de datos
¿Qué funciones realizarías?
Realizar análisis y proyecciones relacionados a la planificación académica general de la universidad.
Proyectar la necesidad de ambientes por campus (aulas, laboratorios, etc.) en base a la proyección de alumnos.
Actualizar la necesidad de ambientes según evolución de la captación (quincenal/mensual) y/o necesidades específicas de los campus.
Proyectar la cantidad de horas y docentes PTPs, Dictantes y Coordinadores Académicos por Campus.
Hacer seguimiento a los KPIs de programación docente e identificar oportunidades de mejora.
Proyectar y analizar las necesidades de libros por campus.
Análisis y seguimiento de la producción del Centro de Impresiones.
Hacer análisis ad-hoc según las necesidades del área.
¿Cuál sería tu horario laboral?
Lunes a viernes de 08:30 - 18:30 (Modalidad híbrida)
¿Por qué unirte a la UTP?
Atractivo salario: Reconocemos tu talento con una compensación acorde al mercado.
Disfruta de todos los beneficios de ley que te corresponden por ingresar al corporativo, en planilla desde el primer día.
Crecimiento profesional y capacitación constante: Desarrolla tu carrera en un entorno de aprendizaje continuo, con oportunidades de ascenso en UTP y Grupo Intercorp.
Descuentos corporativos y educativos: Beneficios exclusivos Intercorp y descuentos en programas de postgrado y formación continua.
Excelente clima laboral: Somos una empresa reconocida como Great Place To Work.
Trabajar con un equipo altamente calificado dentro de una infraestructura moderna y equipada con la mejor tecnología.
“La UTP es una universidad inclusiva y libre de discriminación, que respeta la diversidad y autenticidad de cada uno de los colaboradores.”
¡Más diversos, mejores equipos!
*Según resultados GPTW 2026",2436,False,https://www.bumeran.com.pe/empleos/analista-de-planificacion-academica-analisis-de-datos-universidad-tecnologica-del-peru-1118400974.html,2026-09-23 21:32
1118412826,Data Analyst / DataStage Senior - Todas las Provincias,NTT DATA,Análisis de datos / BI,data analyst,1,"Tecnología, Sistemas y Telecomunicaciones",Análisis de Datos,Senior,Remoto,Full-time,Indeterminado,FULL_TIME,5,True,True,False,False,False,La Libertad,Trujillo,PE,"Trujillo, La Libertad, Peru",2026-08-23,2026-12-21,31,Actualizado hace más de 15 días,,,,,,4.0,False,"SQL, ETL",2,True,False,False,False,False,False,False,False,False,False,False,False,False,False,False,False,False,False,True,False,False,True,10006613,https://www.bumeran.com.pe/perfiles/empresa_ntt-data_10006613.html,Informática / Tecnología,"Lima, Lima",Entre 1001 y 5000 empleados,"Somos una consultora multinacional parte del grupo NTT DATA. Ofrecemos soluciones de negocio, estrategia, transformación digital, desarrollo y mantenimiento de aplicaciones tecnológicas y outsourcing.  Creamos valor y desarrollamos proyectos estratégicos y de alto impacto para nuestros clientes",3.3,3.4,3.0,3.4,3.0,3.0,2.6,18.0,"En NTT DATA estamos en búsqueda de un/a Data Analyst – DataStage Senior para incorporarse a uno de nuestros proyectos tecnológicos.
Buscamos profesionales con experiencia en BI, ETL y DataStage, sólidos conocimientos de modelamiento de datos y experiencia en proyectos relacionados con Banca y/o Seguros.
RESPONSABILIDADES
Diseñar y validar modelos de datos orientados a necesidades analíticas y regulatorias del negocio.
Analizar información de productos, procesos y datos asociados al sector Banca y/o Seguros.
Proponer soluciones de modelamiento de datos para iniciativas y proyectos de negocio.
Diseñar y desarrollar procesos de integración y transformación de datos.
Desarrollar y mantener procesos ETL utilizando DataStage.
Participar en la definición y evolución de modelos de datos conceptuales, lógicos y físicos.
Analizar requerimientos y proponer soluciones técnicas alineadas a las necesidades del negocio.
Validar la calidad, consistencia e integridad de la información.
Participar en proyectos de Business Intelligence y gestión de datos.
Trabajar de manera coordinada con equipos técnicos y funcionales.
REQUISITOS
4+ años de experiencia como Data Analyst, Analista BI/ETL o posiciones similares.
4+ años de experiencia con IBM DataStage.
Experiencia en proyectos de Banca y/o Seguros.
Experiencia en modelamiento de datos conceptual, lógico y físico.
Experiencia proponiendo soluciones de modelamiento de datos para procesos y productos del sector Seguros.
Sólidos conocimientos de SQL.
Experiencia con SQL Server.
Experiencia con DB2.
Experiencia con DataStage.
Conocimientos de SSIS / SSAS.
Conocimientos de SSIS Catalog.
Experiencia desarrollando y gestionando procesos ETL.
Capacidad de análisis y resolución de problemas.
DESEABLE
Experiencia con herramientas de Business Intelligence.
Experiencia trabajando con grandes volúmenes de información.
Conocimientos de tecnologías Cloud y plataformas de datos.
Experiencia en proyectos de transformación y gobierno de datos.
Experiencia trabajando bajo metodologías ágiles.
BENEFICIOS
Ingreso a planilla con todos los beneficios de ley.
Contrato indeterminado desde el primer día.
EPS cubierta al 100%.
Seguro Vida Ley desde el inicio.
Bono de alimentación.
Capacitación constante y formación profesional.
Línea de carrera y crecimiento profesional.
Participación en proyectos tecnológicos de impacto nacional e internacional.
Beneficios corporativos.
🚀 ¡Únete a NTT DATA y sé parte de nuestra comunidad de Digital Lovers!
NTT DATA es un entorno inclusivo donde cada voz es escuchada y cada historia es valorada. Nuestro proceso de selección se enfoca en identificar el talento sin distinción o sesgos relacionados con género, sexo, orientación sexual, discapacidad, edad u otras características personales.",2773,False,https://www.bumeran.com.pe/empleos/data-analyst-datastage-senior-todas-las-provincias-ntt-data-1118412826.html,2026-09-23 21:32
1118412819,Paid Media Analyst (Marketing Data),inLearning Escuelas de Educación Superior,Análisis de datos / BI,data analyst,1,Marketing y Publicidad,Business Intelligence,Semi Sr,Híbrido,Full-time,Indeterminado,FULL_TIME,3,True,True,False,False,False,Lima,Cercado De Lima,PE,"Cercado De Lima, Lima, Peru",2026-08-23,2026-11-21,31,Actualizado hace más de 15 días,,,,,,3.0,False,Looker,1,False,False,False,False,False,False,False,True,False,False,False,False,False,False,False,False,False,False,False,False,False,True,1581170,https://www.bumeran.com.pe/perfiles/empresa_inlearning-escuelas-de-educacion-superior_1581170.html,Educación,"Lima, Lima",Entre 1001 y 5000 empleados,"Somos inLearning Escuelas de Educación Superior conformado por Zegel, Idat, Corriente Alterna, e Innova Teaching School, líderes en educación superior y parte del Grupo Intercorp.

Gracias a nuestros más de 3000 colaboradores que trabajan comprometidos día a día en brindar educación de calidad, podemos impulsar nuestro gran propósito: “Hacer posible que cada uno de nuestros estudiantes, en todo el Perú, transforme su vida para siempre”.

Te invitamos a ser parte de un equipo que trabaja con pasión, dinamismo y mucho compromiso. Además, impulsamos ambientes equitativos, diversos, inclusivos y seguros con un gran ambiente laboral. Esto nos permite ser parte de Great Place to Work, Ranking PAR y Empresa Segura.

Estamos en búsqueda permanente del mejor talento que esté dispuesto a asumir nuevos desafíos.

¡Esta es tu oportunidad para demostrar TU talento!

¡Únete a nuestro equipo!",,,,,,,,,"En inLearning Escuela de Educación Superior, plataforma educativa del grupo Intercorp, conformada por Idat, Zegel, la Escuela de Arte Corriente Alterna e Innova Teaching School, empresas que promueven la equidad de género, igualdad e inclusión, nos encontramos en la búsqueda de un(a) Paid Media Analyst (Analista de Medios Pagados) - Sede Cercado de Lima.
Propósito:
Diseñar, ejecutar y optimizar estrategias de medios pagados con foco en resultados medibles, asegurando la adquisición eficiente de leads o conversiones mediante campañas estructuradas, segmentación precisa, análisis de datos y una gestión proactiva del presupuesto.
Funciones:
Configurar, lanzar y optimizar campañas en plataformas de paid media, como Google Ads, Meta Ads, TikTok Ads, LinkedIn, entre otras.
Definir y ajustar objetivos de conversión según el funnel del negocio: lead completado, formulario enviado, compra, entre otros.
Gestionar el tracking y validación de eventos clave, mediante el uso de píxeles, etiquetas y herramientas como GTM y GA4.
Diseñar y estructurar campañas enfocadas en la calidad de los leads, no solo en volumen, utilizando pruebas A/B de audiencias, mensajes, formatos y ubicaciones.
Aplicar estrategias avanzadas de puja y optimización, como tCPA, maximización de conversiones con límites, value-based bidding y técnicas basadas en scoring de leads.
Medir resultados y asegurar el cumplimiento de KPIs críticos, como CPA, volumen de leads, tasa de conversión por canal, inversión mensual y ROAS, a través de reportes y monitoreo continuo.
Colaborar en la mejora de flujos de conversión, creatividad y experiencia de usuario, proponiendo ajustes en copys, diseño, UX de landings o formularios.
Analizar datos y aplicar aprendizajes estratégicos, en coordinación constante con analistas de datos o equipos de ventas, para mejorar la calidad de los leads y la eficiencia de las campañas futuras.
Realizar otras funciones afines y/o complementarias que le asigne su jefe inmediato.
Requisitos:
Egresado universitario de las carreras de Marketing, Publicidad, Ciencias de la comunicación, Administración, gestión o afines.
Curso o especialización de Marketing Digital. (Deseable)
3 años de experiencia mínima en analista de campañas publicitarias en agencias o centrales de medios, usando herramientas como Google Analytics, Google Ads, Meta, Tiktok, entre otros.
Meta Ads, Google Ads, Tiktok Ads, , Looker Studio. (Indispensable)
UX (experiencia de usuario a nivel básico)
Google Analytics (Intermedio)
Google Tag Manager (Nivel básico - intermedio)
Conocimiento en programática (DV360)
Campañas de branding
Análisis y medición de performance (Intermedio - Avanzado) (Campañas)",2680,False,https://www.bumeran.com.pe/empleos/paid-media-analyst-marketing-data-inlearning-escuelas-de-educacion-superior-1118412819.html,2026-09-23 21:32
1118411210,Analista de Inteligencia de Negocio y Control de Gestión,SISTEMAS ANALITICOS SRL,Análisis de datos / BI,inteligencia de negocios,1,"Administración, Contabilidad y Finanzas",Control de Gestión,Semi Sr,Presencial,Full-time,Temporal,TEMPORARY,3,True,False,False,False,False,Lima,San Isidro,PE,"San Isidro, Lima, Peru",2026-08-21,2026-11-19,33,Actualizado hace más de 15 días,,,,,,1.0,False,"Power BI, Excel",2,False,False,False,True,True,False,False,False,False,False,False,False,False,False,False,False,False,False,False,False,False,True,10147920,https://www.bumeran.com.pe/perfiles/empresa_sistemas-analiticos-srl_10147920.html,Salud,"Lima, Lima",Entre 51 y 150 empleados,"Somos Sistemas Analíticos, una empresa peruana con amplia trayectoria en el sector salud, brindamos productos innovadores y soluciones tecnológicas en alianza con los principales laboratorios a nivel mundial para lograr un impacto positivo en el desarrollo de nuestro país.",,,,,,,,,"Somos Sistemas Analíticos, una empresa peruana con amplia trayectoria en el sector salud, brindamos productos innovadores y soluciones tecnológicas en alianza con los principales laboratorios a nivel mundial para lograr un impacto positivo en el desarrollo de nuestro país.
Nos encontramos en la búsqueda de un Analista de Inteligencia de Negocio y Control de Gestión.
Desafío :
Responsable de analizar, controlar y reportar la información sobre el desempeño de la organización con el fin de contribuir a la toma decisiones, tácticas y estratégicas alineadas a los objetivos de la compañía a través de información oportuna, de calidad y soportada en herramientas tecnológicas.
Funciones:
Analizar y controlar las principales variables de ingresos, costos y rentabilidad de la compañía (grupo).
Elaborar dashboards y optimizar los reportes a nivel cualitativo y cuantitativo acorde a la necesidad de la organización.
Analizar, diseñar, elaborar y controlar los indicadores para un mejor análisis de la gestión, con información extraída de los diversos sistemas informáticos implementados en la empresa.
Participar en la propuesta, seguimiento y control del plan de incentivos a la fuerza comercial por cumplimiento de indicadores en coordinación con Gestión Humana.
Búsqueda y planteamiento de soluciones para una mejor eficiencia de los resultados que mejoren la rentabilidad de los negocios y el margen bruto.
Levantar la información de objetivos por cada área (metas, indicadores y proyectos) para el control y medición del desarrollo.
Realizar el análisis (costo - beneficio), evaluación y control de propuestas de proyectos estratégicos e inversión.
Gestionar y coordinar con los responsables las explicaciones de las desviaciones mensuales para tener información oportuna.
Consolidar, analizar y controlar el presupuesto (opex y capex).
Proponer acciones de mejora para la eficiencia en costos y presupuestos financieros
Requisitos:
Bachiller de la carrera de Administración, Ingenería industrial, Economía o carrera afines.
Experiencia previa de 1 año como Asistente de Control de Gestión y/o Inteligencia de Negocio.
Conocimiento de herramientas como excel, power Bi y Lenguaje DAX a nivel avanzado.
Deseable especialización en Pricing, costeo, Control de gestión y/o planificación comercial.
Deseable experiencia en el sector salud.",2340,False,https://www.bumeran.com.pe/empleos/analista-de-inteligencia-de-negocio-y-control-de-gestion-sistemas-analiticos-srl-1118411210.html,2026-09-23 21:32
1118412314,Practicante Profesional de Procesos y Analítica de Datos,PONTIFICIA UNIVERSIDAD CATOLICA DEL PERU (PUCP),Análisis de datos / BI,analitica de datos,1,Ingenierías,Ingeniería de Procesos,Trainee / Pasante,Presencial,Full-time,Indeterminado,FULL_TIME,1,False,False,False,False,False,Lima,San Miguel,PE,"San Miguel, Lima, Peru",2026-08-21,2026-11-19,33,Actualizado hace más de 15 días,,,,,,,False,"Python, Power BI, Excel",3,False,True,False,True,True,False,False,False,False,False,False,False,False,False,False,False,False,False,False,False,False,True,1722920,https://www.bumeran.com.pe/perfiles/empresa_pontificia-universidad-catolica-del-peru-pucp_1722920.html,Educación,"San Miguel, Lima",Entre 1001 y 5000 empleados,"La Pontificia Universidad Católica del Perú es la N°1 del país, la N°10 de América Latina y N°336 a nivel global (según el Ranking Mundial QS 2024). Esta ubicación es un reconocimiento a la calidad de nuestra formación, investigaciones, publicaciones, responsabilidad social, aporte a la cultura, e innegable liderazgo académico e institucional. Además, es un logro de quienes integramos esta casa de estudios: profesores, estudiantes, trabajadores y egresados. 

Misión: somos una comunidad académica plural y tolerante, inspirada en principios éticos, democráticos y católicos. Ofrecemos una formación humanista, científica e integral de excelencia. Contribuimos a ampliar el saber mediante investigaciones e innovaciones de nivel internacional. Promovemos la creación y difusión de cultura y arte, reconociendo la naturaleza multicultural del país. Nos vinculamos de manera efectiva y permanente con la sociedad y el entorno, reconociendo la diversidad del país y asumiendo su compromiso con el de",3.3,3.2,3.2,3.0,2.8,2.9,3.1,31.0,"Por encargo de la Dirección de Gestión de Talento Humano de la PUCP nos encontramos en la búsqueda de un practicante profesional que cumpla con el siguiente perfil:
Egresados y/o Bachilleres de las carreras de Ingería Industrial, Gestión y Alta Dirección, Ingeniería Empresarial, y carreras afines.
Manejo de Excel Intermedio, Bizagi básico y Power BI (DAX, modelado de datos, visualización)
Conocimiento de las herramientas de Google Suite.
Conocimiento de lenguaje de programación (Python, JavaScript)
Conocimiento de lenguaje de consulta (Query)
Noción de gobernanza y gestión de datos (deseable)
Disponibilidad para realizar prácticas 40 horas semanales en el siguiente horario: Lunes a Viernes de 9:00 am a 6:00 pm.
Funciones:
Apoyar en el levantamiento, análisis y documentación de procesos del área, identificando oportunidades de mejora y preparando los insumos necesarios para la toma de decisiones y/o planteamiento de soluciones.
Apoyar en la gestión de bases de datos del área, asegurando la calidad, consistencia y trazabilidad de la información, y generando reportes y dashboards que faciliten la visualización de datos estratégicos.
Desarrollar e implementar automatizaciones en Google Sheets mediante Apps Script y/u otras herramientas, documentando los procesos y arquitecturas desarrolladas para asegurar su mantenimiento y escalabilidad.
Brindar soporte en los procesos recurrentes del área: actualización de Descriptivos de Posición y Organigramas, generación de reportes, atención de solicitudes de personal, entre otras.
Realizar otras funciones designadas por el supervisor inmediato.
Beneficios:
Subvención Económica Mensual
Seguro FOLA
Oportunidad de Aprendizaje
Constancia de Prácticas",1711,False,https://www.bumeran.com.pe/empleos/practicante-profesional-de-procesos-y-analitica-de-datos-pontificia-universidad-catolica-del-peru-pucp-1118412314.html,2026-09-23 21:32
1118410276,Analista de base de datos (call center ventas),TCONTAKTO SAC,Análisis de datos / BI,analista de datos,1,"Tecnología, Sistemas y Telecomunicaciones",Administración de Base de Datos,Junior,Presencial,Full-time,Indeterminado,FULL_TIME,1,False,False,False,False,False,Lima,Cercado De Lima,PE,"Cercado De Lima, Lima, Peru",2026-08-20,2026-11-18,34,Actualizado hace más de 15 días,,,,,,1.0,False,"Power BI, Excel",2,False,False,False,True,True,False,False,False,False,False,False,False,False,False,False,False,False,False,False,False,False,False,10074401,https://www.bumeran.com.pe/perfiles/empresa_tcontakto-sac_10074401.html,Servicios,"LIMA, Lima",Entre 501 y 1000 empleados,Av.Benavides 2150 - Miraflores,,,,,,,,,"TCONTAKTO, empresa certificada por GREAT PLACE TO WORK 2021 por su excelente clima laboral. Somos una empresa peruana que brinda servicios de OUTSOURCING, INTELIGENCIA COMERCIAL Y CONTACT CENTER especializados en la venta y comercialización de productos multicanal. Actualmente nos encontramos en la búsqueda de un: ANALISTA DE BASE DE DATOS (CALL CENTER VENTAS) , con el siguiente perfil:
REQUISITOS:
Técnico o universitario en Administración, sistemas o afines (en curso o egresado).
Experiencia mínima de 01 año como analista de base de datos.
Experiencia en rubro de call center para base de datos.
Excel nivel intermedio y Power BI básico / intermedio.
Power Point a nivel intermedio / avanzado.
Disponibilidad para trabajar de lunes a viernes de 9am a 6pm y sábado de 9am a 2pm.
Disponibilidad para laborar en la sede de Centro de lima.
FUNCIONES:
Realizar reportes de indicadores de gestión,
carga de data para la gestión realizando los filtros correspondientes.
Realizar presentaciones mostrando el resultado de la gestión
Algunas labores operativas.
BENEFICIOS:
Salario acorde al mercado
Planilla completa con todos los beneficios de ley
Oportunidad de Línea de carrera
Buen clima laboral
Convenios corporativos con descuentos diferenciados",1249,False,https://www.bumeran.com.pe/empleos/analista-de-base-de-datos-call-center-ventas-tcontakto-sac-1118410276.html,2026-09-23 21:32
1118410494,Analista de Integración de Datos/ Analista de Datos Presencial en Planilla,IBR PERU S.A.,Análisis de datos / BI,analista de datos,1,"Tecnología, Sistemas y Telecomunicaciones",Análisis de Datos,Junior,Presencial,Full-time,Indeterminado,FULL_TIME,1,False,False,False,False,False,Lima,Lima,PE,"Lima, Lima, Peru",2026-08-20,2026-11-18,34,Actualizado hace más de 15 días,,,,,,2.0,False,"SQL, Python, Power BI, Excel, ETL",5,True,True,False,True,True,False,False,False,False,False,False,False,False,False,False,False,False,False,True,False,False,False,10146595,https://www.bumeran.com.pe/perfiles/empresa_ibr-peru-s.a._10146595.html,Servicios,"Lima, Lima",Entre 501 y 1000 empleados,"Somos IBR LATAM una compañía con más de 14 años en el mercado especialista en la generación de experiencias memorables en el servicio, con un enfoque en Cobranzas, Atención, Back Office y BPO manteniendo en el tiempo resultados de éxito en sus clientes.

Trabajando desde la gestión de la felicidad desde nuestros colaboradores coordinado con tecnología customizada y de vanguardia para trascender, y ser líderes en el mercado regional en América.

Nuestra presencia regional es; Chile (casa matriz), Argentina, Colombia y Perú.",,,,,,,,,"En #WayTech:
¿Te apasiona transformar datos en información valiosa para la toma de decisiones? En nuestra organización nos encontramos en la búsqueda de un Analista de Integración de Datos que contribuya al diseño, integración y optimización de soluciones de datos para distintos procesos de negocio.
Funciones principales
Levantar requerimientos e identificar indicadores, métricas y dimensiones del negocio.
Analizar, documentar e integrar información proveniente de diversas fuentes de datos.
Desarrollar procesos ETL para la extracción, transformación y carga de información mediante SSIS.
Programar soluciones de integración de datos utilizando Python.
Desarrollar, optimizar y mantener procedimientos almacenados, funciones y jobs en SQL Server.
Elaborar diccionarios de datos y documentación técnica.
Diseñar modelos de datos multidimensionales y estructuras de bases de datos.
Desarrollar dashboards e informes en Power BI (deseable).
Administrar y desarrollar soluciones utilizando SSIS, SSAS y SSRS.
Realizar tuning y optimización de bases de datos (deseable).
Requisitos:
Profesional universitario de Ingeniería de Sistemas, Ingeniería Informática o carreras afines.
Experiencia mínima de 2 años en posiciones similares.
Conocimientos avanzados en:SQL Server 2012 o versiones posteriores. Transact-SQL (Stored Procedures, funciones y jobs). SSIS, SSAS y SSRS. Python para procesos ETL. Power BI (Power Query y DAX). Excel Avanzado.
Conocimientos de modelamiento de datos y Business Intelligence.
Ofrecemos:
Planilla completa , beneficios de ley al 100%.
Utilidades.
Oportunidad de participar en proyectos de integración y analítica de datos de alto impacto.
Desarrollo profesional y aprendizaje continuo.
Excelente ambiente de trabajo.
📍 Modalidad: Presencial 📍 Ubicación: San Isidro, Lima 🕒 Horario: Lunes a viernes de 9:00 a.m. a 6:00 p.m.
¡Postula y sé parte de nuestro equipo! 🚀",1893,False,https://www.bumeran.com.pe/empleos/analista-de-integracion-de-datos-analista-de-datos-presencial-en-planilla-ibr-peru-s.a.-1118410494.html,2026-09-23 21:32
1118408824,Analista de Base de Datos de Marketing,Confidencial,Análisis de datos / BI,analista de datos,1,"Tecnología, Sistemas y Telecomunicaciones",Administración de Base de Datos,Semi Sr,Presencial,Full-time,Indeterminado,FULL_TIME,1,False,False,False,False,False,Lima,Jesús María,PE,"Jesús María, Lima, Peru",2026-08-19,2026-11-17,35,Actualizado hace 2 días,,,,,,2.0,False,"Python, Power BI, Excel",3,False,True,False,True,True,False,False,False,False,False,False,False,False,False,False,False,False,False,False,False,True,False,,,,,,,,,,,,,,,"La Cámara de Comercio de Lima, institución líder en el sector empresarial, con más de 138 años de trayectoria promoviendo el desarrollo de la libre empresa, busca los mejores talentos para formar parte de nuestra organización, ocupando el puesto de:
REQUISITOS:
Bachiller universitario o técnico titulado en Marketing, Administración, Ingeniería, Sistemas, Estadística o carreras afines.
Experiencia mínima de 2 años en posiciones similares, como Analista de Marketing, Analista de Datos, Analista CRM o afines.
FUNCIONES:
Extraer, consolidar y depurar bases de datos provenientes de campañas digitales, formularios web y plataformas de captación de leads.
Administrar y actualizar bases de datos de clientes y prospectos en CRM, asegurando su integridad y calidad.
Realizar segmentaciones de bases de datos para campañas de email marketing, telemarketing y comunicaciones comerciales.
Analizar resultados de campañas digitales (Google Ads, Meta Ads, LinkedIn Ads, entre otras) y elaborar reportes de desempeño.
Diseñar y mantener dashboards e indicadores de marketing en Power BI y Excel avanzado.
Coordinar con Marketing, Sistemas, CRM y el área Comercial para asegurar la correcta carga y trazabilidad de la información.
Identificar oportunidades de mejora en los procesos de captura, limpieza y explotación de datos.
Analizar tendencias de mercado y comportamiento del consumidor utilizando fuentes internas y externas.
Realizar pruebas A/B y análisis estadísticos básicos para optimizar campañas.
Automatizar reportes recurrentes mediante herramientas de scripting como Python/VBA.
BENEFICIOS:
Remuneración acorde al mercado.
Planilla con todos beneficios de ley.
Beneficios corporativos y convenios educativos.
Pertenecer a una empresa sólida y reconocida a nivel internacional.
Horario de lunes a viernes en sede de Jesús María
En La Cámara de Comercio de Lima, promovemos la diversidad de género, nacionalidad e inclusión de personas con discapacidad y/o habilidades diferentes mediante la igualdad de oportunidades en todos nuestros procesos.",2051,False,https://www.bumeran.com.pe/empleos/analista-de-base-de-datos-de-marketing-1118408824.html,2026-09-23 21:32
1118408997,Analista de Gestión de Datos,Bigmond Group,Análisis de datos / BI,analista de datos,1,"Administración, Contabilidad y Finanzas",Administración,Senior,Presencial,Full-time,Indeterminado,FULL_TIME,1,False,True,False,False,False,Lima,Lima,PE,"Lima, Lima, Peru",2026-08-19,2026-11-17,35,Actualizado hace más de 15 días,,,,,,3.0,False,Excel,1,False,False,False,False,True,False,False,False,False,False,False,False,False,False,False,False,False,False,False,False,False,True,10107949,https://www.bumeran.com.pe/perfiles/empresa_bigmond-group_10107949.html,Consultora de Recursos Humanos,"-, Lima",Entre 11 y 50 empleados,"Somos una firma especializada en selección de talento y consultoría estratégica que impulsa la transformación de organizaciones a través de las personas. Con más de 14 años de experiencia, trabajamos junto a empresas líderes para diseñar estructuras, atraer talento clave y desarrollar capacidades que fortalezcan su competitividad.",3.7,3.6,3.5,3.5,3.5,3.6,3.4,32.0,"En Mill Hire The Future, firma perteneciente a Bigmond Group, por encargo de nuestro cliente, importante empresa de derecho público, nos encontramos en la búsqueda de un(a) Analista de Gestión de Datos, con el siguiente perfil:
Objetivos del puesto: Desarrollar soluciones analíticas y visuales en base a la información recibida y recopilada de las Empresas bajo el ámbito de la empresa y la obtenida de fuentes externas para apoyar la toma de decisiones y mejorar los procesos de la Gerencia de Desarrollo Corporativo, así como apoyar a la gerencia en los aspectos solicitados.
Funciones:
Recopilar, ordenar, analizar, procesar y transformar la información de diversas fuentes internas (De la empresa y las Empresas bajo su ámbito) y externas para coadyuvar a la toma de decisiones estratégicas de la Gerencia de Desarrollo Corporativo.
Plantear recomendaciones basadas en datos para optimizar procesos y toma de decisiones estratégicas.
Elaborar reportes y tableros o cuadros de mando (Dashboard) con la información recopilada de diversas fuentes internas y externas.
Diseñar soluciones para la recolección de datos, incluyendo los formatos necesarios.
Preparar y/o apoyar en la elaboración de los reportes de gestión de las Empresas bajo el ámbito de la empresa, de corresponder.
Elaborar y/o apoyar en la elaboración de documentos y presentaciones para diferentes instancias.
Realizar el seguimiento a los documentos internos y externos que tienen plazo de atención informando a la Gerencia de Desarrollo Corporativo las desviaciones en su cumplimiento.
Gestionar el flujo documentario y otros trámites administrativos, estableciendo estadísticas e identificando oportunidades de mejora.
Requisitos:
Bachiller de Ingeniería Industrial, Ingeniería de Datos, Ingeniería Estadística, Administración de Empresas y/o afines al puesto.
Maestría afines al puesto. (Deseable)
Especialización en Data Analytic, Big Data Analytic aplicada a los Negocios o IA similares. (Indispensable)
Experiencia General Laboral de 05 años mínimo desde la obtención de grado de Bachiller y de 3 años en el puesto desempeñando funciones y responsabilidades afines al puesto en empresas públicas y/o privadas.
Manejo de Microsof Excel a nivel avanzado. (Indispensable)
Con conocimientos en análisis financiero o contabilidad o estadística o inteligencia artificial y/o afines.
Lugar de trabajo: Lima
Las personas interesadas que cumplan con el perfil, es indispensable que remitan por este medio su currículo documentado sustentando los requisitos detallados.
Fecha maxima de postulación: 24/08/2026
#ServiciosConPropositoSocial
#IgualdadLaboral",2622,False,https://www.bumeran.com.pe/empleos/analista-de-gestion-de-datos-bigmond-group-1118408997.html,2026-09-23 21:32
1118100342,Data Analyst,Entel Perú S.A.,Análisis de datos / BI,data analyst,1,Marketing y Publicidad,Business Intelligence,Junior,Híbrido,Full-time,Indeterminado,FULL_TIME,1,False,False,False,False,False,Lima,San Isidro,PE,"San Isidro, Lima, Peru",2026-08-19,2026-11-17,35,Actualizado hace más de 15 días,,,,,,2.0,False,"SQL, Python, Power BI",3,True,True,False,True,False,False,False,False,False,False,False,False,False,False,False,False,False,False,False,False,False,True,1528400,https://www.bumeran.com.pe/perfiles/empresa_entel-peru-s.a._1528400.html,Telecomunicaciones,"Lima, Lima",Entre 51 y 150 empleados,,,,,,,,,,"Somos Entel, una compañía líder en telecomunicaciones y tecnología en Latinoamérica, con más de 60 años de experiencia en el sector. Operamos en Chile y Perú, donde nos enfocamos en entregar soluciones que conectan personas, empresas y organizaciones a través de servicios móviles y de redes fijas, impulsando una propuesta de negocio innnovadora y un efoque centrado en el cliente como nuestra principal razón de ser.
Buscamos #TalentoPower, personas ágiles que quieran hacer las cosas de manera increíble y sean siempre parte de la solución.
Postula a nuestra vacante de Data Analyst
¿Qué buscamos?
Bachiller en Ingeniería de Sistemas, Informática o afines.
Mínimo 2 años de experiencia en funciones similares.
De preferencia, experiencia en el sector telecomunicaciones.
Experiencia o conocimiento en metodologías ágiles (SCRUM).
Experiencia implementando Cloud a nivel intermedio.
Manejo avanzado de análisis de bases de datos y extracción de información.
Experiencia en gestión y análisis de indicadores.
Microsoft Office a nivel avanzado.
SQL a nivel intermedio.
Power BI a nivel intermedio.
ETLs a nivel básico.
Python a nivel básico.
¿Cuáles serán tus funciones?
Atender la priorización de requerimientos de información regulatoria y controlar el cumplimiento de plazos establecidos para su entrega oportuna.
Construccion de reportes para la atención de los pedidos de información, considerando la extracción de información de los sistemas en los cuales se tiene información disponible (BI/BigData)
Validar los pedidos de información antes de su entrega al solicitante, para luego entregarlo al regulador. Validando su consistencia y veracidad.
Analizar la información compartida por el regulador en el marco de un monitoreo, supervisión o proceso sancionador para identificar inconsistencias, validar acreditación de cumplimiento y defender procesos sancionadores.
Coordinar con las diversas áreas de la empresa para resolver inconsistencias detectadas de la información regulatoria.
Generar reportes de información e indicadores de atención de pedidos de información regulatoria y desarrollo de requerimientos en el marco de información.
Participar en las supervisiones del regulador y auditorías internas establecidas, para el entendimiento y explicacion del frente de información.
Ejecutar controles periódicos para la detección de escenarios de incumplimiento.
Identificar necesidades de disponibilizacion de información y/o automatizaciones en el proceso de atención de pedidos de información
¿Qué encontrarás en Entel?
Capacitaciones y cursos: Podrás encontrarlos dentro de nuestra universidad Entel.
Snacks para ti en la oficina: Bebidas y snacks de consumo gratuito.
Horario flexible: Entel Flex Office y Early Friday todo el año.
Cultura colaborativa, flexible y digital: Enfocandonos en tu crecimiento.
📩 Postula ahora y forma parte de una comunidad que conecta personas, ideas y tecnología para transformar el país.
[Regístrate en nuestra página y conoce nuestras vacantes disponibles: https://jobs.airavirtual.com/entel.pe#_ver_empleos]
En Entel, la diversidad nos fortalece, somos una empresa que respalda la Ley N° 29973 y promovemos activamente una cultura de diversidad e inclusión en todas sus formas. Valoramos y respetamos a cada persona, independientemente de su religión, raza, género, orientación sexual, situación de discapacidad o nacionalidad.",3377,False,https://www.bumeran.com.pe/empleos/data-analyst-entel-peru-s.a.-1118100342.html,2026-09-23 21:32
1118407434,Analista de Datos/ Estudios de Mercado/ Inmobiliaria Corporativa,ADECCO PERU S.A.,Análisis de datos / BI,analista de datos,1,"Educación, Docencia e Investigación",Investigación y Desarrollo,Semi Sr,Presencial,Full-time,Indeterminado,FULL_TIME,1,False,False,False,False,False,Lima,San Isidro,PE,"San Isidro, Lima, Peru",2026-08-18,2026-11-16,36,Actualizado hace más de 15 días,,,,,,,False,"Power BI, Excel",2,False,False,False,True,True,False,False,False,False,False,False,False,False,False,False,False,False,False,False,False,False,True,13268568,https://www.bumeran.com.pe/perfiles/empresa_adecco-peru-s.a._13268568.html,Consultora de Recursos Humanos,"Lima, Lima",Entre 11 y 50 empleados,,3.3,3.4,3.1,3.5,3.3,3.2,3.4,61.0,"Ubicación: San Isidro, Lima
Modalidad: Híbrida
Horario: Lunes a viernes de 8:30 a.m. a 6:00 p.m.
Descripción del puesto
Importante empresa del sector inmobiliario se encuentra en la búsqueda de un Analista de Investigación de Mercado para brindar soporte en el seguimiento, levantamiento y análisis de información del mercado inmobiliario, contribuyendo al desarrollo de estudios y reportes especializados.
Requisitos
Egresado(a) de Administración, Economía, Ingeniería Industrial, Negocios Internacionales o carreras afines.
Experiencia mínima de 2 años en empresas inmobiliarias, consultoras o investigación de mercados.
Dominio de Excel avanzado.
Manejo de Office 365.
Deseable conocimiento de Power BI.
Capacidad analítica y manejo de bases de datos.
Funciones
Realizar seguimiento y monitoreo del mercado inmobiliario.
Recopilar, registrar y analizar información de mercado.
Elaborar reportes e indicadores de gestión.
Actualizar y gestionar bases de datos.
Brindar soporte en el desarrollo de estudios de mercado e investigaciones del sector.
Coordinar con distintas áreas para la consolidación de información relevante.
Beneficios
Ingreso a planilla bajo régimen general.
EPS cubierta al 100% en plan base.
Estacionamiento compartido.
Modalidad híbrida (1 día a la semana remoto, viernes)
Oportunidad de desarrollo profesional en el sector inmobiliario.",1360,False,https://www.bumeran.com.pe/empleos/analista-de-datos-estudios-de-mercado-inmobiliaria-corporativa-adecco-peru-s.a.-1118407434.html,2026-09-23 21:32
1118403077,Analista de datos,R&E INNOVA SAC,Análisis de datos / BI,analista de datos,1,"Tecnología, Sistemas y Telecomunicaciones",Análisis de Datos,No especificado,Presencial,Full-time,,FULL_TIME,1,False,False,False,False,False,Arequipa,Cerro Colorado,PE,"Cerro Colorado, Arequipa, Peru",2026-08-18,2026-11-16,36,Actualizado hace más de 15 días,De S/.300 A S/.500 Por Mes,300.0,500.0,PEN,Mes,2.0,False,"Power BI, Excel",2,False,False,False,True,True,False,False,False,False,False,False,False,False,False,False,False,False,False,False,False,False,False,13237050,https://www.bumeran.com.pe/perfiles/empresa_re-innova-sac_13237050.html,Manufactura,"Cerro Colorado, Arequipa",Entre 11 y 50 empleados,"R&E INNOVA SAC es una empresa creada para generar trabajo para nuestra sociedad a nivel Nacional e Internacional. Los rubros de la empresa son: Ejecutor de Obras, Consultoría, Servicios y Bienes en General. -Ejecutor de obras Civiles -Ejecutor de Obras Mecánicas -Ejecutor de Obras Metal Mecánica -Ejecutor de Obras Eléctricas",,,,,,,,,"Principales funciones:
Diseñar, implementar y mantener dashboards interactivos (en Power BI) y reportes operativos/gerenciales para la toma de decisiones.
Traducir las necesidades de información del negocio en métricas, indicadores y reportes claros alineados al área.
Extraer, depurar y validar la precisión de la información en los sistemas, garantizando la consistencia y resolviendo discrepancias.
Analizar patrones y comportamientos en los conjuntos de datos para proponer acciones de mejora continua.
Optimizar y automatizar los flujos de generación de reportes recurrentes mediante herramientas de análisis (Excel macros/Power Bi).
Guiar a los usuarios internos en la interpretación de dashboards y asegurar el uso confidencial de la información.
Experiencia, conocimientos y otros requisitos:
Titulado / Bachiller en Ingenieria de Sistemas , Informática o afines al rubro de inteligencia de datos.
Mínimo 2 años de experiencia comprobada como Analista (Data, BI, Gestión, Proyectos o Procesos).
Experiencia comprobada en uso de Power BI (manejo de dashboards) y automatizacion de informes Excel office (avanzado)
Experiencia en realizar análisis descriptivos, inferenciales de la data proporcionada.
Capacidad analítica, atención al detalle y autonomía para atender requerimientos específicos.
Condiciones del puesto
Modalidad: Híbrida.
Presencialidad: 2 días presenciales al mes.
Lugar de trabajo: Cerro Colorado, Arequipa.
Duración del contrato: 1 mes.",1462,False,https://www.bumeran.com.pe/empleos/analista-de-datos-re-innova-sac-1118403077.html,2026-09-23 21:32
1118407472,Analista de Inteligencia de Negocios Senior,DINERS CLUB PERU S.A,Análisis de datos / BI,inteligencia de negocios,1,"Administración, Contabilidad y Finanzas",Créditos y Cobranzas,Senior / Semi-Senior,Presencial,Full-time,,FULL_TIME,1,False,False,True,False,False,Lima,San Isidro,PE,"San Isidro, Lima, Peru",2026-08-18,2026-11-16,36,Actualizado hace 6 días,,,,,,3.0,False,"SQL, Python, R, Power BI, Excel, ETL, Machine Learning",7,True,True,True,True,True,False,False,False,False,False,False,False,False,False,False,False,False,False,True,True,False,True,13408047,https://www.bumeran.com.pe/perfiles/empresa_diners-club-peru-s.a_13408047.html,Financiera,"Lima, Lima",Entre 301 y 500 empleados,"Diners Club Perú, es una empresa adquirente y emisora de tarjetas de crédito para personas y empresas que se caracteriza por el prestigio, exclusividad y la excelencia de sus servicios financieros, cuenta con más de 70 años de experiencia en el Perú, y es una de las de mayor prestigio a nivel internacional.",,,,,,,,,"Diners Club Perú, es una empresa adquirente y emisora de tarjetas de crédito para personas y empresas que se caracteriza por el prestigio, exclusividad y la excelencia de sus servicios financieros, cuenta con más 50 años de experiencia en el Perú, y es una de las de mayor prestigio a nivel internacional.
Misión:
Analizar, consolidar e interpretar información comercial, transaccional y de comportamiento de clientes mediante herramientas de Business Intelligence, analítica comercial y modelos predictivos de complejidad media, generando reportes, dashboards, segmentaciones, scoring analítico e insights accionables que permitan monitorear el desempeño de tarjetas de crédito, préstamos, campañas, beneficios y medios de pago, con el propósito de contribuir a la toma de decisiones, optimización comercial, personalización de ofertas y crecimiento rentable del portafolio.
Funciones
Extraer, consolidar y validar información comercial, transaccional y de clientes desde fuentes corporativas internas y externas.
Elaborar dashboards, reportes ejecutivos y tableros sobre tarjetas de crédito, préstamos, campañas, beneficios, canales y medios de pago.
Monitorear indicadores de activación, uso, facturación, ticket promedio, frecuencia, principalidad, retención, churn, conversión y rentabilidad comercial.
Realizar análisis descriptivos, diagnósticos y exploratorios sobre comportamiento de clientes, consumo, canales, categorías comerciales y productos financieros.
Diseñar y ejecutar segmentaciones comerciales de complejidad media para campañas de adquisición, activación, cross-selling, up-selling, retención y fidelización.
Desarrollar y mantener modelos predictivos básicos o intermedios, tales como propensión de compra, probabilidad de activación, riesgo de abandono, respuesta a campaña o uso de producto.

Requisitos:
Titulado en las carreras de Ingenieria de sistema, Industrial, Ciencia de la Computación, Data Science, Estadistica, Computación Científica, Inteligencia Empresarial o afines
Experiencia mínima de 3 años en posiciones similares de Inteligencia de Negocios, Analítica de Datos o afines.
Conocimiento de herramientas analíticas: Excel (avanzado), SQL (intermedio/avanzado) y Power BI.
Conocimiento en programación y análisis de datos: Python o R, Machine Learning e Inteligencia Artificial.
Conocimiento en estadística aplicada, modelado predictivo y Customer Analytics.
Conocimiento en gestión y modelado de datos: ETL, Data Warehouse y Modelado de Datos.
Conocimiento en analítica comercial.

Beneficios
Seguro médico cubierto al 90%
Descuentos corporativos
Productos financieros con tasas preferenciales para colaborador.",2652,False,https://www.bumeran.com.pe/empleos/analista-de-inteligencia-de-negocios-senior-diners-club-peru-s.a-1118407472.html,2026-09-23 21:32
1118406712,Analista de Migración de Datos - Presencial,INDRA PERU,Análisis de datos / BI,analista de datos,1,"Tecnología, Sistemas y Telecomunicaciones",Análisis de Datos,Semi Sr,Presencial,Full-time,Temporal,TEMPORARY,5,True,True,False,False,False,Lima,San Isidro,PE,"San Isidro, Lima, Peru",2026-08-18,2026-11-16,36,Actualizado hace más de 15 días,,,,,,,False,"SQL, Power BI, Excel",3,True,False,False,True,True,False,False,False,False,False,False,False,False,False,False,False,False,False,False,False,False,False,2255030,https://www.bumeran.com.pe/perfiles/empresa_indra-peru_2255030.html,Informática / Tecnología,"Lima, Aguascalientes",Entre 1001 y 5000 empleados,"Somos una de las principales empresas globales de consultoría y tecnología y el socio tecnológico global para los negocios clave de nuestros clientes. Desarrollamos una oferta de soluciones propias, servicios avanzados y de alto valor añadido en tecnología.",,,,,,,,,"Analista de Migración de Datos – Sector Bancario
Estamos en la búsqueda de Analistas de Migración de Datos para integrarse a un importante proyecto del sector bancario, participando en un proceso de migración de información de gran escala.
Buscamos un perfil con alta capacidad analítica, orientado al entendimiento de fuentes de información, análisis de estructuras de datos, definición de mappings origen-destino y validación de la calidad e integridad de los datos durante el proceso de migración.
Requisitos:
Experiencia en proyectos de migración de datos.
Experiencia en levantamiento y análisis de fuentes de datos.
Experiencia analizando tablas, campos, relaciones y volumetría.
Experiencia elaborando mapping origen → destino.
Conocimiento en identificación de claves, campos obligatorios y relaciones.
Experiencia definiendo reglas de transformación y homologación.
Experiencia en Data Profiling y Calidad de Datos.
Conocimientos sólidos de SQL Avanzado.
Conocimientos de modelamiento de datos y bases de datos relacionales.
Experiencia identificando duplicados, nulos, inconsistencias y datos inválidos.
Experiencia definiendo reglas de conciliación y validación de información.
Manejo de Excel y/o Power BI para análisis y conciliación de datos.
Deseable experiencia en el sector bancario o financiero.
Funciones principales:
Levantar y comprender las fuentes de datos involucradas en la migración.
Analizar estructuras, tablas, campos, relaciones y volumetría.
Elaborar y mantener el mapping origen-destino.
Definir reglas de transformación y homologación.
Realizar análisis de calidad y profiling de datos.
Identificar duplicados, nulos, inconsistencias y registros inválidos.
Definir y ejecutar reglas de conciliación.
Validar funcionalmente la información migrada.
Gestionar y realizar seguimiento a incidencias relacionadas con los datos.
Coordinar con equipos técnicos y de negocio para asegurar la correcta migración de la información.
Modalidad: 100% presencial – sede cliente, San Isidro.",2008,False,https://www.bumeran.com.pe/empleos/analista-de-migracion-de-datos-presencial-indra-peru-1118406712.html,2026-09-23 21:32
1118404352,Analista BI - Business Intelligence,SERVEX,Análisis de datos / BI,analista bi; business intelligence,2,"Tecnología, Sistemas y Telecomunicaciones",Análisis de Datos,Senior,Presencial,Full-time,Indeterminado,FULL_TIME,1,False,True,False,False,False,Arequipa,Arequipa,PE,"Arequipa, Arequipa, Peru",2026-08-17,2026-12-15,37,Actualizado hace más de 15 días,,,,,,,False,"SQL, Python, Power BI, ETL",4,True,True,False,True,False,False,False,False,False,False,False,False,False,False,False,False,False,False,True,False,False,False,10147453,https://www.bumeran.com.pe/perfiles/empresa_servex_10147453.html,Telecomunicaciones,"Lima, Lima",Entre 151 y 300 empleados,"Somos un equipo de personas comprometidas, innovadoras, eficientes y sobre todo persistentes. Especializados en el rubro financiero, nos enfocamos en realizar la gestión de cobranzas de respetables entidades bancarias.",,,,,,,,,"Somos una organización líder en servicios de BPO, nuestra misión es gestionar un portafolio de clientes garantizando una máxima efectividad en cobranzas. Más de 25 años de experiencia nos han permitido conocer la evolución constante en la gestión del cliente, especializándonos en desarrollar soluciones que rompen paradigmas fusionando el talento humano con la tecnología.
Nos encontramos en la búsqueda del mejor talento para cubrir la posición: ANALISTA BI
REQUISITOS:
* Profesional en: Ingeniería de Software, Datos, Sistemas, Estadística y/o carreras afines.
* Manejo de Microsoft Office a nivel intermedio (Indispensable).
* Manejo de Power Bi a nivel Intermedio (Indispensable).
* Manejo de Base de Datos Estructuradas: SQL Server, MySQL a nivel Intermedio (Indispensable)
* Herramientas de Integración Datos: SSIS (ETL) a nivel intermedio (Indispensable)
* Manejo de Python, Administración de Bases de datos, Data Warehouse - Data Mart a nivel básico Deseable
FUNCIONES:
1.- Apoya en mantenimiento del datawarehouse.
2.- Apoyar en la elaboración de reportes y tableros de control para el seguimiento de indicadores
3.- Apoyar en la administración de la Base de Datos de clientes para cada socio estratégico.
4.- Apoyar en la crear, actualizar y/o optimizar los objetos (sentencias, procedimientos, funciones y vistas) de las bases de datos.
5.- Apoyar y atender las incidencias y brindar solución oportuna.
6.- Cumplir con las normas, políticas, procedimientos y estándares para la administración y seguridad de la base de datos, así como de los sistemas y recursos informáticos.
7.- Apoyar en asegurar la disponibilidad de la información de la base de datos.
8.- Apoyar y asegurar la confiabilidad de la información de las bases de datos.
BENEFICIOS:
* Contrato en planilla de régimen general con todos los beneficios de ley.
* Línea de carrera.",1854,False,https://www.bumeran.com.pe/empleos/analista-bi-business-intelligence-servex-1118404352.html,2026-09-23 21:32
1118404773,ANALISTA DE DATOS JUNIOR,UNIVERSIDAD CATÓLICA SAN PABLO,Análisis de datos / BI,analista de datos,1,"Tecnología, Sistemas y Telecomunicaciones",Análisis de Datos,Junior,Presencial,Full-time,,FULL_TIME,1,False,True,True,False,False,Arequipa,Arequipa,PE,"Arequipa, Arequipa, Peru",2026-08-17,2026-12-15,37,Actualizado hace más de 15 días,,,,,,,True,"SQL, Python, Power BI, Excel, Spark, Databricks, Azure",7,True,True,False,True,True,False,False,False,False,False,False,True,True,False,True,False,False,False,False,False,False,True,13021489,https://www.bumeran.com.pe/perfiles/empresa_universidad-catolica-san-pablo_13021489.html,AFJP,"AREQUIPA, Arequipa",Entre 501 y 1000 empleados,"La Universidad Católica San Pablo es una comunidad académica que busca la verdad y promueve la formación integral de la persona mediante actividades como la investigación, la enseñanza y la extensión, contribuyendo con la configuración de la cultura y despliegue propios del ser humano.",4.2,4.3,4.2,4.4,3.5,4.2,3.6,14.0,"La Universidad Católica San Pablo es una comunidad académica que busca la verdad y promueve la formación integral de la persona mediante actividades como la investigación, la enseñanza y la extensión, contribuyendo con la configuración de la cultura y despliegue propios del ser humano.
Misión del Puesto:
Construir y mantener datasets analíticos confiables y dashboards institucionales; mediante la preparación, modelamiento y análisis de datos académicos y administrativos, contribuyendo a la generación de información clara y oportuna para la toma de decisiones.
Funciones:
Preparar, limpiar y transformar datos académicos y administrativos utilizando Python, PySpark o Power Query
Construir datasets analíticos estructurados para su uso en dashboards institucionales
Desarrollar dashboards en Power BI que permitan el monitoreo de indicadores institucionales.
Aplicar principios básicos de modelamiento de datos (modelo estrella)
Participar en la construcción y mantenimiento de soluciones analíticas en Microsoft Fabric.
Apoyar en el análisis descriptivo de datos e identificación de hallazgos relevantes.
Documentar datasets y procesos analíticos
Cargar y preparar archivos CSV o Excel para análisis
Aplicar reglas de limpieza y transformación de datos
Crear tablas de dimensiones y hechos
Actualizar datasets analíticos
Crear y mejorar dashboards en Power BI
Validar calidad de datos (duplicados, inconsistencias, etc.)
Dar soporte en requerimientos analíticos del área
Documentar cambios en datasets

Requisitos:
Bachiller en Ciencias de la Computación, Ingeniero de Sistemas, Ingeniero Industrial o afines.
Indispensable 6 meses a 2 años en roles como: Analista de Datos Junior, BI Junior, Practicante profesional de BI o Data.
Indispensable Experiencia práctica en Limpieza y transformación de datos, Construcción de dashboards en Power BI, Preparación de datasets para análisis.
Experiencia trabajando con múltiples fuentes de datos (CSV, Excel, bases de datos cloud, etc.) Diseño y desarrollo de procesos de integración de datos con componentes en Microsoft Fabric, Databricks. (Deseable)
Power BI y Ms Excel avanzado
Uso de medidas (DAX)
SQL y Python intermedio
Inglés Intermedio
Conocimiento Azure (Deseable)
Certificaciones en Analítica de datos (deseable)
Certificaciones en Fabric (Deseable)
Herramientas estadísticas y matemáticas (Deseable)

Beneficios
Ingreso a planilla desde el primer día con todos los beneficios de ley.
Remuneración de acuerdo al mercado.
Vale de alimentos.
Beneficios institucionales.
Excelente clima laboral.
Pertenecer a una institución cuya cultura se centra en la persona y sus actividades impactan de manera trascendental en nuestra sociedad.",2689,False,https://www.bumeran.com.pe/empleos/analista-de-datos-junior-universidad-catolica-san-pablo-1118404773.html,2026-09-23 21:32
1118404450,Analista de datos y mejora contínua (Área Transformación Digital),UNIVERSIDAD NORBERT WIENER,Análisis de datos / BI,analista de datos,1,"Tecnología, Sistemas y Telecomunicaciones",Análisis de Datos,Junior,Presencial,Full-time,Indeterminado,FULL_TIME,1,False,False,False,False,False,Lima,Jesús María,PE,"Jesús María, Lima, Peru",2026-08-17,2026-11-15,37,Actualizado hace 6 días,,,,,,3.0,False,,0,False,False,False,False,False,False,False,False,False,False,False,False,False,False,False,False,False,False,False,False,False,True,10007529,https://www.bumeran.com.pe/perfiles/empresa_universidad-norbert-wiener_10007529.html,Educación,"Lima, Lima",Entre 1001 y 5000 empleados,"Somos la Universidad Wiener, licenciada por SUNEDU, tenemos mas de 29 años brindando una experiencia educativa de clase mundial que transforma la vida de miles de estudiantes.


Estamos enfocados en brindarle crecimiento profesional y personal a nuestros más de 5,000 colaboradores, para seguir contribuyendo con nuestro propósito de transformar vidas y ser la universidad líder en la formación de profesionales que impacten en el desarrollo del país.  


  ¡Únete a nuestro propósito y los beneficios de trabajar con nosotros!",3.1,2.9,2.8,3.0,2.9,2.8,3.0,23.0,"En la Universidad Norbert Wiener, acreditada por SUNEDU, estamos comprometidos en ofrecer una experiencia educativa de clase mundial que transforma la vida de miles de estudiantes.
Únete a nuestro propósito y conviértete en nuestro(a) próximo(a) Analista de datos y mejora contínua:
Nuestro(a) próximo(a) colaborador(a) debe contar con:
Estudios universitarios concluidos en Ingeniería Industrial, Ingeniería de Sistemas, Estadística, Economía o carreras afines.
Mínimo 3 años de experiencia en roles similares en el área de transformación digital, mejora de procesos o experiencia de cliente, en el sector educativo (indispensable).
Conocimientos en customer journey mapping, design thinking, mejora de procesos, analítica de experiencia y herramientas de visualización de datos (deseable).
Estas serán tus principales funciones:
Gestionar el análisis de datos, indicadores y beneficios asociados a las iniciativas de transformación digital, promoviendo una cultura de mejora continua basada en evidencia y resultados
Diseñar y monitorear indicadores de transformación digital.
Consolidar y analizar métricas relacionadas con adopción, experiencia de usuario y eficiencia operativa.
Desarrollar dashboards y reportes ejecutivos para la toma de decisiones.
Monitorear el cumplimiento de los beneficios comprometidos en las iniciativas.
Detectar oportunidades de mejora mediante el análisis de datos e indicadores.
Colaborar en la definición de modelos institucionales de medición y seguimiento (KPIs).
¡Postula y sigamos brindando una experiencia educativa de clase mundial para miles de estudiantes!
En Universidad Norbert Wiener nos caracterizamos por ser una organización socialmente responsable, que no consiente actos de discriminación en nuestros procesos y velamos el cumplimiento de la ley N° 29973.
En la U. Wiener estamos comprometidos en brindar igualdad de oportunidades para todos los candidatos(as) respetando la inclusión, diversidad y fomentando un espacio libre de discriminación.",1997,False,https://www.bumeran.com.pe/empleos/analista-de-datos-y-mejora-continua-area-transformacion-digital-universidad-norbert-wiener-1118404450.html,2026-09-23 21:32
1118404984,Analista de Ingeniería Logística - Datos,FARMACIAS PERUANAS,Análisis de datos / BI,analista de datos,1,Abastecimiento y Logística,Logística,Semi Sr,Presencial,Full-time,Indeterminado,FULL_TIME,1,False,False,False,False,False,Lima,La Victoria,PE,"La Victoria, Lima, Peru",2026-08-17,2026-11-15,37,Actualizado hace 7 días,,,,,,2.0,False,"SQL, Python, Power BI, Excel, Google Cloud",5,True,True,False,True,True,False,False,False,False,False,False,False,False,False,False,True,False,False,False,False,False,True,1673060,https://www.bumeran.com.pe/perfiles/empresa_farmacias-peruanas_1673060.html,Farmacéutica,"Chorrillos, Lima",,"FARMACIAS PERUANAS, retail farmacéutico que nació de la unión de dos grandes marcas: INKAFARMA y MIFARMA, y somos parte del grupo INTERCORP. Somos más de 21,000 corazones latiendo en todo el Perú, con más de 2,000 boticas en la Costa, Sierra y Selva. Existimos por una gran razón: ""Proteger la salud y el bienestar de todas las familias peruanas""

En Farmacias Peruanas, Inkafarma y Mifarma, creemos que la diversidad suma, por eso somos una Empresa que promueve y respeta, en sus procesos de reclutamiento y selección, la igualdad de género, la inclusión y la diversidad. #DiversidadSuma",3.1,3.2,3.0,3.3,3.0,3.0,2.7,15.0,"Somos FARMACIAS PERUANAS, retail farmacéutico parte del grupo INTERCORP que nació de la unión de dos grandes marcas: INKAFARMA y MIFARMA. Somos más de 21,000 corazones latiendo en todo el Perú en más de 2,500 boticas en la Costa, Sierra y Selva. Existimos por una gran razón: Proteger la salud y el bienestar de todas las familias peruanas.
Buscamos siempre a personas que quieran sumarse a nuestro equipo para ayudarnos a cumplir nuestro propósito.
Si tienes interés en extraer, transformar y modelar grandes volúmenes de datos utilizando herramientas avanzadas para impulsar planes de mejora continua, optimizar los procesos del Centro de Distribución y respaldar la toma de decisiones basada en datos, esta posición es para ti.
¿Cuáles son serán tus principales desafíos?
Actuar como pivot analítico entre los supervisores de Slotting y Problem Solver, centralizando el control, medición y reporte de los indicadores de gestión operativa (OTIF, Productividad, Fill Rate).
Extraer, procesar y analizar data compleja directamente de las bases de datos del CD utilizando SQL, BigQuery y Python para identificar cuellos de botella y oportunidades de eficiencia.
Liderar el diseño, construcción y mantenimiento de tableros de control (Dashboards en Power BI u otras herramientas) para el monitoreo en tiempo real del rendimiento operativo.
Brindar soporte estadístico y cruce de variables para facilitar decisiones estratégicas (ej. simulaciones de re-slotting, lógicas de reabastecimiento o priorización de olas de WMS).
¿Qué características tiene la persona que buscamos?
Bachiller en las carreras de Ingeniería Industrial o administración.
Manejo de bases de datos , Excel avanzado, Power BI y SQL.
Deseable especialización en operaciones o logística, Certificación Lean (Lean Institute, Kaizen Institute, etc.) y/o Lean Six Sigma Green Belt / Black Belt.
Experiencia mínima de 2 años en el rubro de retail, consumo masivo, almacenes, CD.
Experiencia liderando iniciativas de mejora continua
Esta posición está abierta para personas con discapacidad. En Farmacias Peruanas, Inkafarma y Mifarma, creemos que la diversidad suma, por eso promovemos y respetamos la inclusión y la diversidad, en todos sus procesos de gestión de talento. #DiversidadSuma ¡Postula y forma parte de nuestro equipo!",2292,False,https://www.bumeran.com.pe/empleos/analista-de-ingenieria-logistica-datos-farmacias-peruanas-1118404984.html,2026-09-23 21:32
1118405198,Analista Sr. Reportes y Auditoria,UNACEM Global Business Services,Análisis de datos / BI,analista de reportes,1,"Administración, Contabilidad y Finanzas",Finanzas,Senior,Híbrido,Full-time,Indeterminado,FULL_TIME,1,False,False,False,False,False,Lima,San Isidro,PE,"San Isidro, Lima, Peru",2026-08-17,2026-11-15,37,Publicado hace más de 15 días,,,,,,4.0,True,"Power BI, Excel, SAP",3,False,False,False,True,True,False,False,False,False,False,False,False,False,False,False,False,True,False,False,False,False,False,13509460,https://www.bumeran.com.pe/perfiles/empresa_unacem-global-business-services_13509460.html,Holding,"Perú, Lima",Entre 301 y 500 empleados,"Somos UNACEM Global Business Services, parte del Centro Corporativo del Grupo UNACEM. Nuestro objetivo es centralizar, estandarizar y brindar servicios corporativos en todas nuestras unidades de negocio en Perú, Ecuador, Estados Unidos, Chile y Colombia.  

Juntos por el camino de la orientación al cliente. 
Juntos por el camino de la innovación. 
Juntos por el camino de la excelencia. 

¡Únete a UNACEM Global Bussiness Services!

#OrgullosamenteGrupoUNACEM #UNASolaOrganización.",,,,,,,,,"Somos UNACEM Global Business Services, parte del Centro Corporativo del Grupo UNACEM. Nuestro objetivo es centralizar, estandarizar y brindar servicios corporativos en todas nuestras unidades de negocio en Perú, Ecuador, Estados Unidos, Chile y Colombia. Juntos por el camino de la orientación al cliente. Juntos por el camino de la innovación. Juntos por el camino de la excelencia.
¡Únete a UNACEM Global Bussiness Services!
#OrgullosamenteGrupoUNACEM #UNAsolaorganización.
En UNACEM Global Business Services nos encontramos en búsqueda de nuestro(a) próximo(a) Analista Sr. Reportes y Auditoria quien tendrá como objetivo Liderar de manera autónoma y eficiente la elaboración de reportes financieros gerenciales, informes regulatorios y de accionistas, y la atención integral de auditorías internas y externas desde el Global Business Services (GBS), garantizando la precisión, razonabilidad y oportunidad de la información reportada a la Alta Gerencia y demás stakeholders del Grupo UNACEM.
Funciones:
Elaborar y presentar reportes financieros gerenciales (incluyendo análisis de variaciones, KPIs y márgenes) para la Alta Gerencia y Directorio del Grupo UNACEM, asegurando precisión, oportunidad y valor analítico para la toma de decisiones.
Coordinar y liderar la respuesta integral a requerimientos de auditorías internas y externas, organizando la recopilación de evidencias, validando la información con las áreas involucradas y gestionando los plazos de entrega para asegurar el cumplimiento de los estándares de calidad exigidos.
Preparar y revisar informes regulatorios para accionistas, organismos reguladores y calificadoras de riesgo, verificando la confiabilidad y consistencia de la información fuente y asegurando el cumplimiento de plazos y estándares de calidad.
Participar activamente en el proceso de certificación de estados financieros individuales y consolidados del Corporativo, preparando respuestas e informes técnicos requeridos por auditores externos con criterio y autonomía.
Ejecutar acciones correctivas derivadas de hallazgos de auditoría, realizando seguimiento a los planes de remediación y asegurando su implementación efectiva dentro de los plazos establecidos.
Requisitos:
Experiencia y Educación:
Titulado en Contabilidad, Finanzas o Administración de Empresas.
Mínimo 4 años de experiencia en funciones de reporte financiero gerencial, elaboración de estados financieros individuales y/o consolidados, y atención de auditorías internas y externa.
Experiencia comprobada en la preparación de reportes para Alta Gerencia (análisis de variaciones, ratios, narrativas ejecutivas) y en la atención de procesos de certificación de estados financieros con auditores externos (Big 4 o similar)
Experiencia en entornos corporativos o industriales (deseable).
Dominio de inglés a nivel intermedio
Dominio de SAP S/4HANA (módulos FI/CO)
Conocimientos:
Conocimiento en procesos de auditoría y control de información.
Conocimientos avanzados en normas contables internacionales (IFRS) y locales.
Cursos o Certificaciones profesionales como CPA (Certified Public Accountant), CMA (Certified Management Accountant) o similares son altamente valoradas.
Capacitación en herramientas y software de contabilidad y ERP (Enterprise Resource Planning), principalmente SAP u otros sistemas relevantes.
Manejo de herramientas de análisis de datos ( Excel avanzado, Power BI entre otras)
Perfil de Éxito:
Alta orientación al detalle y precisión.
Confidencialidad y manejo responsable de la información.
Orientación al cumplimiento de plazos y resultados.
Capacidad de organización y manejo de múltiples tareas.
Enfoque en servicio al cliente interno.
Colaboración efectiva con equipos multifuncionales.
Alineamiento con los valores de la Cultura UNA.
Beneficios
EPS cubierto al 100%
Seguro oncológico cubierto al 100%
Adelanto de vacaciones
Posibilidad de línea de carrera/ movimiento intercompany
Descuentos coporativos",3936,False,https://www.bumeran.com.pe/empleos/analista-sr.-reportes-y-auditoria-unacem-global-business-services-1118405198.html,2026-09-23 21:32
1118404466,Data Analyst,Moventi,Análisis de datos / BI,data analyst,1,"Tecnología, Sistemas y Telecomunicaciones",Análisis de Datos,Semi Sr,Híbrido,Full-time,Temporal,TEMPORARY,2,True,False,False,False,False,Lima,San Isidro,PE,"San Isidro, Lima, Peru",2026-08-17,2026-11-15,37,Actualizado hace 12 días,,,,,,,False,"SQL, Spark, Databricks, Azure",4,True,False,False,False,False,False,False,False,False,False,False,True,True,False,True,False,False,False,False,False,False,False,10212768,https://www.bumeran.com.pe/perfiles/empresa_moventi_10212768.html,Informática / Tecnología,"Lima, Lima",Entre 51 y 150 empleados,"Moventi es una consultora digital encargada de crear soluciones innovadoras a medida de cada cliente, inspirando el cambio a nuevas tecnologías y formas de trabajo más eficientes, buscando superar las expectativas de nuestros aliados de negocio.",,,,,,,,,"En Moventi estamos buscando un Ingeniero de Datos Jr especializado en Azure, Databricks, Blob Storage, Spark y SQL. 🚀
Objetivo del puesto 🎯
Transformar datos complejos en decisiones estratégicas, diseñando soluciones analíticas eficientes y procesando grandes volúmenes de información en la nube de Azure para potenciar el valor de nuestros proyectos.
Funciones principales ✅
Procesar y transformar grandes volúmenes de datos utilizando Spark y SQL.
Desarrollar, desplegar y optimizar pipelines de datos en Azure Databricks.
Gestionar la estructuración y almacenamiento eficiente de la información en Azure Blob Storage.
Documentar el proceso de migración
Diseñar dashboards y reportes analíticos para traducir datos en hallazgos clave de negocio.
Velar por la integridad, calidad y seguridad de los datos en todas las etapas de procesamiento.
Requisitos ✅
🎓 Bachiller o Titulado en Ingeniería de Sistemas, Ciencias de la Computación, Estadística o carreras afines.
💼 Mínimo 2 años trabajando en roles de análisis de datos o arquitectura analítica.
¿Qué te ofrecemos?
Planilla con todos los beneficios de ley desde el primer día.
Retos profesionales en proyectos innovadores y de gran escala.
Buen clima laboral, basado en el aprendizaje colaborativo, la confianza y la flexibilidad.",1283,False,https://www.bumeran.com.pe/empleos/data-analyst-moventi-1118404466.html,2026-09-23 21:32
1118208902,Analista de datos - Analista BI,DELPILZONE,Análisis de datos / BI,analista de datos; analista bi,2,"Tecnología, Sistemas y Telecomunicaciones",Análisis de Datos,Semi Sr,Presencial,Full-time,Indeterminado,FULL_TIME,2,True,False,True,False,False,Lima,Pueblo Libre,PE,"Pueblo Libre, Lima, Peru",2026-08-15,2026-11-13,39,Actualizado hace 4 días,"De S/.2,000 A S/.2,500 Por Mes",2000.0,2500.0,PEN,Mes,2.0,False,"SQL, Python, Power BI, Tableau, Looker, AWS, Google Cloud, ETL",8,True,True,False,True,False,True,False,True,False,False,False,False,False,True,False,True,False,False,True,False,False,False,13085620,https://www.bumeran.com.pe/perfiles/empresa_delpilzone_13085620.html,Salud,"LIMA - SAN BORJA, Lima",Entre 51 y 150 empleados,"Somos DepilZONE Clínica en Depilación Láser; un centro estético con la mejor y más variada tecnología láser, contamos con más de 8 años de experiencia para brindar la mejor atención a nuestros clientes",,,,,,,,,"¡Buscamos Analista de Datos / Analista BI!
Somos Depilzone, clínica de depilación láser, nos encontramos en busca de un ANALISTA DE DATOS para nuestra área de Ventas:
🎯 REQUISITOS :
Bachiller en Ing de sistemas.
Experiencia Mínima de 2 a 3 años en análisis de ventas, áreas comerciales o puestos similares.
Conocimientos intermedios en bases de datos (SQL Server, MySQL)
Conocimientos deseables en: Elaboración y automatización de reportes. Metodologías ágiles (Scrum). Construcción de procesos ETL/ELT. Plataformas cloud como GCP o AWS.
Dominio intermedio de Python aplicado al análisis y procesamiento de datos.
Conocimiento en CRM.
Dominio del POWER BI
CONTAR CON EXPERIENCIA CON EL AREA DE VENTAS ( INDISPENSABLE)
📝 FUNCIONES
Elaborar y automatizar los reportes diarios, semanales y mensuales de ventas de todas las sedes (Pueblo Libre, Surco, Izaguirre, Megaplaza).
Monitorear el embudo de ventas (Funnel) desde la llegada del lead (Marketing) hasta el cierre de la venta (Recepción/Ventas), identificando cuellos de botella
Auditoría de Datos: Cruzar la información de las campañas de Meta Ads con las ventas reales en el sistema para medir el ROI y ROAS real .
Seguimiento de KPIs: Controlar indicadores clave como Ticket Promedio, Tasa de Cierre por Sede y Productividad por Especialista.
Presentar hallazgos y alertas tempranas a Gerencia sobre desviaciones en las metas de ventas.
Traducir requerimientos en análisis, reportes y dashboards que apoyen la toma de decisiones
Gestionar, limpiar y transformar bases de datos asegurando su precisión y confiabilidad.
Garantizar procesos eficientes de extracción, carga y transformación (ETL/ELT).
Analizar grandes volúmenes de información para identificar tendencias, patrones y oportunidades.
Elaborar informes claros, interpretables y orientados al negocio.
Crear dashboards y reportes automatizados en herramientas de visualización (Power BI, Tableau, Looker, etc.).
Identificar oportunidades para automatizar procesos y optimizar tiempos.
*OFRECEMOS*:
-Horario de 8am a 5pm (descanso Domingo).
- Salario a tratar
- Planilla completa con todos los beneficios de ley.
- Buen clima laboral",2145,False,https://www.bumeran.com.pe/empleos/analista-de-datos-analista-bi-delpilzone-1118208902.html,2026-09-23 21:32
1118403390,Analista de Business Intelligence (BI) | Híbrido,CLÍNICA AVIVA,Análisis de datos / BI,analista bi; business intelligence,2,"Tecnología, Sistemas y Telecomunicaciones",Otra,Semi Sr,Híbrido,Full-time,Indeterminado,FULL_TIME,1,False,False,False,False,False,Lima,Magdalena del Mar,PE,"Magdalena, Lima, Peru",2026-08-14,2026-11-12,40,Actualizado hace más de 15 días,,,,,,1.0,False,"SQL, Python, Power BI, Google Cloud, ETL, Machine Learning",6,True,True,False,True,False,False,False,False,False,False,False,False,False,False,False,True,False,False,True,True,False,False,1521970,https://www.bumeran.com.pe/perfiles/empresa_clinica-aviva_1521970.html,Salud,"lima, Lima",Entre 151 y 300 empleados,"Somos una clínica privada que brinda un servicio medico de excelente calidad, con trato amable y a tu alcance. Tenemos 2 servicios avivacura enfocado en recuperar la salud cuando estas enfermo y avivacuida que ofrece acompañamiento preventivo para nuestros pacientes, con foco en la mujer embarazada.",,,,,,,,,"En Clínica aviva logramos, con trato amable, que más peruanos vivan sanos para conquistar sus sueños. Por ello, trabajamos continuamente en mejorar la experiencia de nuestros usuarios, brindando un servicio oportuno y de calidad.
Actualmente, nos encontramos en la búsqueda de un(a) Analista de Business Intelligence que quiera crecer, generar impacto y acompañarnos en este propósito.
🎯 Principales desafíos
Automatizar procesos analíticos mediante herramientas de programación y tecnologías de integración de datos.
Implementar modelos de Machine Learning e Inteligencia Artificial para generar análisis predictivos y aportar valor al negocio.
Diseñar y desarrollar dashboards interactivos en Power BI para facilitar la toma de decisiones estratégicas.
Construir, optimizar y mantener procesos ETL, garantizando la calidad, disponibilidad y confiabilidad de la información.
Atender requerimientos de usuarios internos, brindando soluciones analíticas oportunas.
Implementar controles de calidad, documentación y versionamiento de datos para asegurar su trazabilidad y consistencia.
🚀 Perfil ideal
Bachiller o Titulado(a) en Ingeniería de Sistemas, Informática o carreras afines.
Experiencia mínima de 1 año como Analista de Business Intelligence.
Manejo intermedio o avanzado de Power BI, SQL y Python.
Experiencia en procesos ETL y automatización de información.
Conocimientos en herramientas de control de versiones (Git) y Power Automate.
Deseable conocimiento de Google Cloud Platform (BigQuery, Cloud Storage, Cloud Functions/Composer).
💙 Lo que tenemos para ti
Ingreso a planilla al 100% desde el primer día.
Beneficios de ley.
Capacitaciones constantes.
Línea de carrera.
Excelente clima laboral (somos una empresa GPTW).
Pertenecer al Grupo Intercorp.
Descuentos corporativos.
En Clínica aviva, estamos comprometidos con la igualdad de oportunidades. Promovemos la inclusión y respetamos la diversidad de todos los postulantes en nuestros procesos de selección.",1971,False,https://www.bumeran.com.pe/empleos/analista-de-business-intelligence-bi-%7C-hibrido-clinica-aviva-1118403390.html,2026-09-23 21:32
1118403418,Analista Ingeniería de Datos,America Movil Peru SAC,Análisis de datos / BI,analista de datos,1,"Tecnología, Sistemas y Telecomunicaciones",Telecomunicaciones,Junior,Presencial,Full-time,Indeterminado,FULL_TIME,1,False,True,False,False,False,Lima,La Victoria,PE,"La Victoria, Lima, Peru",2026-08-14,2026-11-12,40,Actualizado hace 5 días,,,,,,3.0,False,"SQL, Python",2,True,True,False,False,False,False,False,False,False,False,False,False,False,False,False,False,False,False,False,False,False,True,1775880,https://www.bumeran.com.pe/perfiles/empresa_america-movil-peru-sac_1775880.html,Telecomunicaciones,"Lima, Lima",Entre 1001 y 5000 empleados,"Somos Claro Perú, líder de servicios de Telecomunicaciones móviles en América Latina, formamos parte del grupo América Móvil, con operaciones en 18 países del continente americano, contamos con un excelente conocimiento del sector, una sólida estructura y eficiencia.",4.0,4.0,3.8,4.0,3.6,3.7,3.7,24.0,"Somos Claro Perú y formamos parte del Grupo América Móvil, la empresa líder en servicios integrados de Telecomunicaciones en Latinoamérica. Nos encontramos en la búsqueda de un/a Analista Ingeniería de Datos para que juntos sigamos mejorando la vida de los peruanos a través de las telecomunicaciones.

¿Cuáles son los retos y responsabilidades?
Diseñar e implementar pipelines de datos (batch y streaming) con observabilidad end-to-end.
Modelar y gobernar los datos (modelo lógico/físico, catálogo, calidad, linaje, seguridad/RBAC).
Orquestar y automatizar cargas con CI/CD (Airflow/DBT/NiFi, pruebas y versionado).
Optimizar performance y costos en el lakehouse/warehouse (particionado, formatos, índices, cachés).
Controlar el avance y seguimiento de los proyectos y tareas de Ingeniería de datos.

¿Qué requisitos debes cumplir para postular?
Profesionales universitarios de las carreras de Ingeniería de Sistemas, Ingeniería Industrial, Ingeniería de Telecomunicaciones y/o afines.
Estudios complementarios en Gestión de proyectos (deseable)
Experiencia mínima de 3 años en Programación PL/SQL, Python.
Experiencia en Herramientas de integración ( PWC, NIFI, DBT o similares)
Conocimiento en Herramientas de orquestación (Airflow)- nivel intermedio
Conocimiento en Plataformas BigData, Datalake/LakeHouse – nivel intermedio
Dominio de Modelamiento de datos – nivel intermedio
Manejo de Sistemas Operativos ( Linux) – nivel intermedio
Dominio de Calidad de datos – nivel intermedio
Disponibilidad para trabajar presencial

¿Qué ofrecemos?
Seguro EPS
Oportunidades de desarrollo.
Oferta de aprendizaje.
Servicios Claro con tarifas corporativas con hasta 50% de descuento.
Convenios y descuentos corporativos.

En Claro valoramos el talento de todas las personas y promovemos la igualdad de oportunidades. Si presentas alguna discapacidad y requieres ajustes razonables durante el proceso, puedes solicitarlo.
Te invitamos a ser parte de nuestro equipo y vivir en #ModoClaro.",1977,False,https://www.bumeran.com.pe/empleos/analista-ingenieria-de-datos-america-movil-peru-sac-1118403418.html,2026-09-23 21:32
1118402717,Analista Senior de Desarrollo .NET & Power BI,GRUPO ELECTRODATA SAC,Análisis de datos / BI,analista bi; power bi,2,"Tecnología, Sistemas y Telecomunicaciones",Programación,Senior,Presencial,Full-time,Temporal,TEMPORARY,2,True,False,False,False,False,Lima,Lima,PE,"Lima, Lima, Peru",2026-08-14,2026-11-12,40,Actualizado hace más de 15 días,,,,,,3.0,True,Power BI,1,False,False,False,True,False,False,False,False,False,False,False,False,False,False,False,False,False,False,False,False,False,False,13027816,https://www.bumeran.com.pe/perfiles/empresa_grupo-electrodata-sac_13027816.html,Informática / Tecnología,"Lima, Lima",Entre 501 y 1000 empleados,"Somos un grupo internacional que ofrece servicios de tecnología de la información con oficinas en Perú, Ecuador, México, Chile, Brasil y EEUU. Nos especializamos en tecnología aplicada al negocio que impulsa el progreso y ayuda a las organizaciones a prepararse para el futuro.",3.1,3.0,3.1,3.3,2.9,2.8,3.1,10.0,"En Grupo Electrodata, desarrollamos soluciones eficientes e innovadoras en tecnología de la información y comunicaciones, buscando ser reconocidos como socios estratégicos de nuestros clientes a través de un servicio personalizado y especializado.
Se requiere incorporar a un Analista Senior de Desarrollo .NET & Power BI con el siguiente perfil:
Requisitos:
Bachiller o Titulado en Ingeniería de Sistemas, Ingeniería Software, Ingeniería de Computación y Sistemas, Ingeniería Electrónica o carreras afines.
3+ años de experiencia en roles de desarrollo de software.
Experiencia mínima de 3 años en desarrollo de dashboards (Power BI).
Experiencia mínima de 3 años en desarrollo de aplicaciones web (.NET)
Dominio de inglés a nivel intermedio (lectura y escritura).
Trabajo 100% presencial de Lunes a Viernes en las oficinas/cliente en Lima.
Residencia actual en Lima (Indispensable).
Función prinicipa:
Proporcionar servicio de desarrollo de Software de Alto Nivel con la finalidad de solucionar los incidentes o requerimientos de Tecnologías de Información de los clientes y/o usuarios finales manteniendo los niveles de servicio acordados.
Beneficios:
EPS al 100% en plan base más un derechohabiente.
Seguro Oncológico
Vida Ley y SCTR
Utilidades
Oportunidad de participar en proyectos tecnológicos de alto impacto y línea de carrera.",1336,False,https://www.bumeran.com.pe/empleos/analista-senior-de-desarrollo-.net-power-bi-grupo-electrodata-sac-1118402717.html,2026-09-23 21:32
1118401988,Analista de data analytics/ pago por horas,ManpowerGroup Perú,Análisis de datos / BI,data analytics,1,"Tecnología, Sistemas y Telecomunicaciones",Análisis de Datos,Semi Sr,Híbrido,Por Horas,Autónomo,CONTRACTOR,1,False,False,False,False,False,Lima,Lima,PE,"Lima, Lima, Peru",2026-08-13,2026-11-11,41,Publicado hace más de 15 días,,,,,,3.0,False,"SQL, Power BI",2,True,False,False,True,False,False,False,False,False,False,False,False,False,False,False,False,False,False,False,False,False,True,10011970,https://www.bumeran.com.pe/perfiles/empresa_manpowergroup-peru_10011970.html,Consultoría,"Lima, Lima",Entre 1001 y 5000 empleados,"En ManpowerGroup creemos en las personas y en el papel que representa el trabajo en sus vidas. Además, creemos en la importancia de impulsar el talento para favorecer el crecimiento personal y profesional.

Somos líder mundial en soluciones para la fuerza laboral, ayudando a las organizaciones a transformarse en un mundo laboral que cambia rápidamente mediante la búsqueda, evaluación, desarrollo y gestión del talento. Desarrollamos soluciones innovadoras para cientos de miles de organizaciones cada año, brindándoles talento calificado mientras encontramos empleo significativo y sostenible para millones de personas en una amplia gama de industrias. 

Nuestra familia de marcas expertas (Manpower, Experis y Talent Solutions) crea mucho más valor para nuestros candidatos en más de 70 países, durante 75 años a nivel global y 29 años a nivel nacional.

Anímate a dejar huella con nosotros ¡Únete a la compañía que impulsa tu Talento!",3.8,3.8,3.6,3.8,3.6,3.6,3.7,193.0,"Profesional bachiller o titulado en Ingeniería de Sistemas, Informática, Estadística o carreras afines.
Experiencia mínima de 3 años en análisis de datos o BI.
Conocimiento en SQL ,ORACLE para consulta y transformación de datos.
Experiencia en herramientas de visualización Power BI, DAX e inteligencia artificial.
Experiencia en construcción de dashboards e indicadores (KPIs).
Conocimiento en modelado de datos dimensional.
Capacidad de análisis y generación de insights para negocio.
Experiencia en manejo de datos y validación de calidad.",542,False,https://www.bumeran.com.pe/empleos/analista-de-data-analytics-pago-por-horas-manpowergroup-peru-1118401988.html,2026-09-23 21:32
1118401989,Asistente de data analytics/ pago por horas,ManpowerGroup Perú,Análisis de datos / BI,data analytics,1,"Tecnología, Sistemas y Telecomunicaciones",Análisis de Datos,Semi Sr,Híbrido,Por Horas,Autónomo,CONTRACTOR,1,False,False,False,False,False,Lima,Lima,PE,"Lima, Lima, Peru",2026-08-13,2026-11-11,41,Actualizado hace más de 15 días,,,,,,1.0,False,"SQL, Power BI, Excel",3,True,False,False,True,True,False,False,False,False,False,False,False,False,False,False,False,False,False,False,False,False,True,10011970,https://www.bumeran.com.pe/perfiles/empresa_manpowergroup-peru_10011970.html,Consultoría,"Lima, Lima",Entre 1001 y 5000 empleados,"En ManpowerGroup creemos en las personas y en el papel que representa el trabajo en sus vidas. Además, creemos en la importancia de impulsar el talento para favorecer el crecimiento personal y profesional.

Somos líder mundial en soluciones para la fuerza laboral, ayudando a las organizaciones a transformarse en un mundo laboral que cambia rápidamente mediante la búsqueda, evaluación, desarrollo y gestión del talento. Desarrollamos soluciones innovadoras para cientos de miles de organizaciones cada año, brindándoles talento calificado mientras encontramos empleo significativo y sostenible para millones de personas en una amplia gama de industrias. 

Nuestra familia de marcas expertas (Manpower, Experis y Talent Solutions) crea mucho más valor para nuestros candidatos en más de 70 países, durante 75 años a nivel global y 29 años a nivel nacional.

Anímate a dejar huella con nosotros ¡Únete a la compañía que impulsa tu Talento!",3.8,3.8,3.6,3.8,3.6,3.6,3.7,193.0,"Profesional técnico, bachiller o egresado de últimos ciclos en Ingeniería de Sistemas, Informática o carreras afines.
Experiencia mínima de 1 año en análisis de datos o soporte BI.
Conocimiento básico de SQL para consultas y extracción de datos.
Experiencia en herramientas de visualización Power BI.
Conocimiento en construcción de reportes y dashboards básicos.
Conocimiento en limpieza y validación de datos.
Manejo de herramientas ofimáticas (Excel intermedio/avanzado).
Capacidad de análisis, organización y atención a requerimientos de usuarios.",551,False,https://www.bumeran.com.pe/empleos/asistente-de-data-analytics-pago-por-horas-manpowergroup-peru-1118401989.html,2026-09-23 21:32
1118399322,Analista JR de datos y automatización (facturación),Prosegur,Análisis de datos / BI,analista de datos,1,"Tecnología, Sistemas y Telecomunicaciones",Análisis de Datos,Junior,Presencial,Full-time,Indeterminado,FULL_TIME,1,False,False,False,False,False,Lima,Surquillo,PE,"Surquillo, Lima, Peru",2026-08-12,2026-11-10,42,Actualizado hace 9 días,"De S/.2,200 A S/.2,400 Por Mes",2200.0,2400.0,PEN,Mes,,False,"Power BI, Excel",2,False,False,False,True,True,False,False,False,False,False,False,False,False,False,False,False,False,False,False,False,False,True,10098460,https://www.bumeran.com.pe/perfiles/empresa_prosegur_10098460.html,Otra,"Santiago de Surco, Lima",Entre 1001 y 5000 empleados,"Prosegur es una compañía multinacional que ofrece soluciones de seguridad globales e integrales, adaptadas a las necesidades de nuestros clientes. Somos referente en cada uno de los mercados en los que desarrollamos nuestra actividad.

Actualmente ofrecemos servicios que abarcan distintos ámbitos de la seguridad: Vigilancia, Logística de Valores y Gestión de Efectivo, Tecnología y Alarmas.  

En Prosegur, al mismo tiempo que aplicamos nuestra concepción global, actuamos de forma local y siendo conscientes de las particularidades de cada país. Trabajamos bajo estrictos parámetros de excelencia apostando por la innovación y adaptándonos a las necesidades específicas del cliente. Basamos nuestro trabajo en una estrategia de negocio claramente diferenciada; cercanía al cliente, innovación y excelencia en el servicio unido a una sólida posición financiera.",,,,,,,,,"Prosegur es una compañía líder a nivel mundial con presencia en 20 países, con una flota de más de 10,000 vehículos entre blindados y vehículos ligeros, y más de 575 instalaciones entre bases y otros centros operativos. Provee servicios de logística y gestión de efectivo y externalización de servicios a instituciones financieras, comercios, organismos gubernamentales y bancos centrales, fábricas de moneda, joyerías, otros.
Nuestros Valores:
💛Nos importan las personas / 💛Pensamos en positivo / 💛Somos imparables.
Actualmente, nos encontramos en búsqueda de un(a) Analista de de datos y automatización en facturación con el objetivo de analizar información de negocio, desarrollar dashboards e indicadores, automatizar procesos y generar eficiencias operativas mediante el uso de herramientas de análisis de datos, Microsoft Power Platform e Inteligencia Artificial.
🧭 Funciones:
Elaborar y mantener reportes e indicadores de gestión.
Diseñar dashboards en Power BI para seguimiento de KPIs.
Automatizar procesos operativos y administrativos mediante Power Automate.
Identificar oportunidades de eficiencia mediante el análisis de datos.
Aplicar herramientas de IA para mejorar procesos de análisis y reporting.
Brindar soporte analítico a las áreas usuarias.
Dar seguimiento y control a información relacionada con facturación, asegurando la calidad de los datos.
🎯 Requisitos del perfil
Egresado universitario en las carreras de Ingeniería de Sistemas, Informática, Estadística, Economía, Administración o carreras afines.
Experiencia en análisis, transformación y visualización de datos.
Manejo avanzado de Power BI: Modelado de datos. DAX. Power Query. Desarrollo de dashboards e indicadores de gestión.
Experiencia en Power Automate para automatización de procesos y flujos de trabajo.
Uso de herramientas de Inteligencia Artificial para análisis, automatización y optimización de tareas.
Manejo de Excel nivel intermedio o avanzado:Tablas dinámicas. Fórmulas de búsqueda y análisis. Consolidación de información.
Conocimiento básico de procesos de facturación y control de información relacionada.
Disponibilidad para trabajar presencialmente en Surquillo (vivir en zonas aledañas).
Disponibilidad para trabajar 48 horas semanales (L - V de 8:30 - 6 pm).
🌟 Ofrecemos
Ingreso a planilla desde el primer momento con todos los beneficios de ley (Gratificaciones, vacaciones, CTS, Asignación familiar).
Pertenecer a una empresa dentro del GPTW.
Seguro de vida ley y beneficios corporativos.
Tendrás un rol con impacto directo en el negocio y en el cliente.",2561,False,https://www.bumeran.com.pe/empleos/analista-jr-de-datos-y-automatizacion-facturacion-prosegur-1118399322.html,2026-09-23 21:32
1118398943,ANALISTA BI COMERCIAL- Rubro Gastronómico,GRUPO ROKYS,Análisis de datos / BI,analista bi,1,Marketing y Publicidad,Marketing,Semi Sr,Presencial,Full-time,Indeterminado,FULL_TIME,1,False,False,False,False,False,Lima,San Luis,PE,"Distrito de San Luis, Lima, Peru",2026-08-11,2026-11-09,43,Actualizado hace más de 15 días,,,,,,2.0,False,"SQL, Power BI, Excel",3,True,False,False,True,True,False,False,False,False,False,False,False,False,False,False,False,False,False,False,False,False,True,13137673,https://www.bumeran.com.pe/perfiles/empresa_grupo-rokys_13137673.html,AFJP,"Lima, Lima",Entre 501 y 1000 empleados,Corporación Roky's actualmente considerada  la cadena de restaurantes mas grande del país. Contando con mas de 90 locales a nivel nacional e internacional.,,,,,,,,,"¿Te apasiona transformar datos en oportunidades de negocio? ¡Esta oportunidad es para ti!
Buscamos un(a) Analista de BI Comercial que contribuya al análisis de información comercial, financiera y de mercado para generar insights y apoyar la toma de decisiones estratégicas.
FUNCIONES:
Elaborar dashboards y reportes ejecutivos para el seguimiento de KPIs.
Analizar Market Share, mercado, competencia y tendencias.
Evaluar resultados de productos, campañas y lanzamientos.
Elaborar presupuestos, proyecciones y análisis de rentabilidad.
Desarrollar Business Cases y evaluar oportunidades comerciales.
Dar seguimiento al presupuesto de Marketing y proyectos del área.
Participar en proyectos estratégicos y de mejora del negocio.
REQUISITOS:
Bachiller o titulado(a) en Economía, Ingeniería Industrial, Administración, Finanzas, Ingeniería Comercial o afines.
2 a 3 años de experiencia en BI, análisis comercial, control de gestión, planeamiento financiero o consultoría.
Excel Avanzado, Power BI y SQL Intermedio-Avanzado.
Conocimientos en estados de resultados, costos, rentabilidad, precios y análisis de mercado.
Alta capacidad analítica, orientación al negocio y comunicación efectiva.
BENEFICIOS:
Ingreso a planilla con todos los de Ley
Sueldo de acorde al mercado
Descuentos corporativos en todas las marcas.
🌟 ¡Únete a nuestro equipo!",1339,False,https://www.bumeran.com.pe/empleos/analista-bi-comercial-rubro-gastronomico-grupo-rokys-1118398943.html,2026-09-23 21:32
1118366330,Analista Contable (Business Intelligence),Grupo La Joya,Análisis de datos / BI,business intelligence,1,"Administración, Contabilidad y Finanzas",Contabilidad,Semi Sr,Presencial,Full-time,Indeterminado,FULL_TIME,1,False,False,False,False,False,Arequipa,Arequipa,PE,"Arequipa, Arequipa, Peru",2026-08-11,2026-12-09,43,Actualizado hace más de 15 días,,,,,,3.0,False,"SQL, Python, Power BI, Excel, SAP",5,True,True,False,True,True,False,False,False,False,False,False,False,False,False,False,False,True,False,False,False,False,False,13167756,https://www.bumeran.com.pe/perfiles/empresa_grupo-la-joya_13167756.html,Minería / Petróleo / Gas,"Arequipa, Arequipa",Entre 301 y 500 empleados,Somos el Grupo La Joya empresas dedicadas al acopio y procesamiento de minerales que son transformados en barras de oro y plata en nuestra Planta de Beneficio La Joya,,,,,,,,,"En Grupo La Joya Mining, empresa dedicada al acopio y procesamiento de mineral aurífero, nos encontramos en búsqueda del mejor talento para asumir la posición de Analista Contable (Business Intelligence).
Requisitos:
Bachiller o Títulado en Contabilidad.
Experiencia mínima de 3 años en posiciones similares, deseable experiencia en el sector minero.
Capacitación en Big Data, Business Intelligence, Análisis de Datos
Dominio de Excel (avanzado), Power Query y Power Pivot; Power BI (Intermedio), SQL (Deseable), Python (Deseable), Macros (Deseable) Power Automate y Apps (Deseable).
Conocimiento y manejo de ERP como: Odoo, SAP o Nisira
Funciones principales:
Diseñar, mantener y optimizar el modelo de costeo de la compañía.
Elaboración del Kardex físico – valorado de suministros y productos terminados.
Elaborar reportes detallados de acumulación de costos CAPEX y OPEX.
Registrar y controlar devengues y provisiones de erogaciones.
Calcular costos unitarios y elaborar indicadores de producción.
Analizar desviaciones de costos respecto al presupuesto asignado.
Gestionar el cierre mensual de costos.
Ofrecemos:
Pertenecer a una empresa en proceso de expansión.
Ingreso a planilla desde el primer día, con todos los beneficios de ley.
Remuneración acorde al mercado.
EPS cubierta al 100% por la empresa.",1308,False,https://www.bumeran.com.pe/empleos/analista-contable-business-intelligence-grupo-la-joya-1118366330.html,2026-09-23 21:32
1118398744,Analista de Administrativo/ Manejo de Bases de Datos/ Sector Educativo,Confidencial,Análisis de datos / BI,analista de datos,1,"Administración, Contabilidad y Finanzas",Administración,Semi Sr,Presencial,Full-time,Indeterminado,FULL_TIME,1,False,False,False,False,False,Lima,Lima,PE,"Lima, Lima, Peru",2026-08-11,2026-11-09,43,Actualizado hace más de 15 días,,,,,,1.0,True,Excel,1,False,False,False,False,True,False,False,False,False,False,False,False,False,False,False,False,False,False,False,False,True,False,,,,,,,,,,,,,,,"Importante empresa del sector Educativo, se encuentra en la búsqueda de un Analista Administrativo:
Requisitos:
Formación: Bachiller en Administración, Ingeniería industrial, ingeniería de sistemas, economía, contabilidad o carreras similares (Indispensable).
Mínimo 01 año de experiencia como Asistente o Analista Administrativo en el sector Educativo (Indispensable).
Deseable contar con Maestría, Especialización y/o Diplomado.
Conocimientos básicos de gestión administrativa (Indispensable).
Conocimientos básicos de procesos académicos (indispensable9
Manejo de herramientas tecnológicas para la gestión administrativa y/o académica.
Manejo de Excel a nivel Intermedio - Avanzado (será evaluado).
Dominio del idioma inglés a nivel básico.
Funciones:
Apoyar en el seguimiento sobre la elaboración e ingreso de los horarios académicos, dar seguimiento a la carpeta pedagógica, apoyar en la revisión de los instrumentos académico y garantizar el cumplimiento de los lineamientos de capacitación establecidos.
Asegurar que los requerimientos académicos y administrativos de los estudiantes sean atendidos de forma adecuada y dentro de los plazos establecidos, promoviendo una experiencia educativa centrada en el estudiante.
Asegurar la matrícula de ingresantes, promovidos y desaprobados.
Asegurar con Registros Académicos y otras áreas administrativas el cierre del periodo lectivo, la entrega de actas finales y el otorgamiento de la condición de egresado.
Mantener informados a los estudiantes sobre las actividades y procesos académicos mediante diversos mecanismos de comunicación.
Gestionar la contratación, renovación y cese de los docentes de maestría y educación continua, así como las habilitaciones para el uso de las diferentes plataformas.
Llevar a cabo los procesos en conformidad con las normas y estándares establecidos por la organización.
Brindar atención e información oportuna a estudiantes, docentes y público externo, respecto a procedimientos, normativas y requisitos vigentes, asegurando un servicio eficiente y alineado a los lineamientos institucionales.
Participar activamente en los procesos de aseguramiento de la calidad institucional, liderando la revisión, validación y consolidación de documentación para auditorías internas y externas, gestionando la actualización de procesos académicos, e implementando acciones correctivas para levantar hallazgos detectados.
Manejo de indicadores y bases de datos.
Realizar otras funciones asignadas por su jefe directo.",2493,False,https://www.bumeran.com.pe/empleos/analista-de-administrativo-manejo-de-bases-de-datos-sector-educativo-1118398744.html,2026-09-23 21:32
1118398531,Analista de Gestión de Datos,Corporación FONAFE,Análisis de datos / BI,analista de datos,1,"Administración, Contabilidad y Finanzas",Administración,Senior,Presencial,Full-time,Indeterminado,FULL_TIME,1,False,False,False,False,False,Lima,San Isidro,PE,"San Isidro, Lima, Peru",2026-08-11,2026-11-09,43,Actualizado hace más de 15 días,,,,,,3.0,False,Excel,1,False,False,False,False,True,False,False,False,False,False,False,False,False,False,False,False,False,False,False,False,False,True,759440,https://www.bumeran.com.pe/perfiles/empresa_corporacion-fonafe_759440.html,Holding,"LIMA, Lima",Entre 51 y 150 empleados,"FONAFE es la corporación de empresas del Estado y desde el centro corporativo nos dedicamos a promover y asegurar la gestión eficiente de las 35 empresas a nivel nacional en diversos rubros como el financiero, vivienda, saneamiento, electricidad, transportes y comunicaciones.",,,,,,,,,"FONAFE es la corporación de empresas del Estado y desde el centro corporativo nos dedicamos a promover y asegurar la gestión eficiente de las 34 empresas a nivel nacional en diversos rubros como el financiero, vivienda, saneamiento, electricidad, transportes y comunicaciones.
FONAFE te invita a ser embajador de la modernidad e innovación para el desarrollo de un mejor país.
Actualmente nos encontramos en la búsqueda del mejor talento para la posición de Analista de Gestión de Datos.
Funciones:
Recopilar, ordenar, analizar, procesar y transformar la información de diversas fuentes internas (FONAFE y las Empresas bajo su ámbito) y externas para coadyuvar a la toma de decisiones estratégicas de la Gerencia de Desarrollo Corporativo.
Plantear recomendaciones basadas en datos para optimizar procesos y toma de decisiones estratégicas.
Elaborar reportes y tableros o cuadros de mando (Dashboards) con la información recopilada de diversas fuentes internas y externas.
Diseñar soluciones para la recolección de datos, incluyendo los formatos necesarios.
Preparar y/o apoyar en la elaboración de los reportes de gestión de las Empresas bajo el ámbito de FONAFE, de corresponder.
Elaborar y/o apoyar en la elaboración de documentos y presentaciones para diferentes instancias.
Realizar el seguimiento a los documentos internos y externos que tienen plazo de atención informando a la Gerencia de Desarrollo Corporativo las desviaciones en su cumplimiento.
Gestionar el flujo documentario y otros trámites administrativos, estableciendo estadísticas e identificando oportunidades de mejora.
Requisitos:
Bachiller de Ingeniería Industrial, Ingeniería de Datos, Ingeniería Estadística, Administración de Empresas y/o afines al puesto.
Maestría afines al puesto. (Deseable)
Especialización en Data Analytic, Big Data Analytic aplicada a los Negocios o IA similares. (Indispensable)
Experiencia General Laboral de 05 años mínimo desde la obtención de grado de Bachiller y de 3 años en el puesto desempeñando funciones y responsabilidades afines al puesto en empresas públicas y/o privadas.
Manejo de Microsof Excel a nivel avanzado. (Indispensable)
Con conocimientos en análisis financiero o contabilidad o estadística o inteligencia artificial y/o afines.
Plazo para la recepción de CV: La recepción de los cvs se realizará hasta el 24 de agosto del 2026, a fin de continuar con las siguientes etapas del proceso de selección.
Somos peruanos trabajando para el bienestar de los peruanos, la labor de cada uno de los colaboradores de FONAFE impacta en la vida de millones.",2568,False,https://www.bumeran.com.pe/empleos/analista-de-gestion-de-datos-corporacion-fonafe-1118398531.html,2026-09-23 21:32
1118398334,Data Analyst GCP,INDRA PERU,Análisis de datos / BI,data analyst,1,"Tecnología, Sistemas y Telecomunicaciones",Data Warehousing,Senior,Presencial,Full-time,Indeterminado,FULL_TIME,1,False,False,False,False,False,Lima,San Isidro,PE,"San Isidro, Lima, Peru",2026-08-11,2026-11-09,43,Actualizado hace más de 15 días,,,,,,,False,"SQL, Python, Power BI, Looker, Spark, AWS, Azure, Google Cloud, ETL, Machine Learning",10,True,True,False,True,False,False,False,True,False,False,False,True,False,True,True,True,False,False,True,True,False,False,2255030,https://www.bumeran.com.pe/perfiles/empresa_indra-peru_2255030.html,Informática / Tecnología,"Lima, Aguascalientes",Entre 1001 y 5000 empleados,"Somos una de las principales empresas globales de consultoría y tecnología y el socio tecnológico global para los negocios clave de nuestros clientes. Desarrollamos una oferta de soluciones propias, servicios avanzados y de alto valor añadido en tecnología.",,,,,,,,,"En MBC, firma de consultoría de negocio, estrategia y operaciones de Indra Group, transformamos organizaciones. Buscamos un Analista Senior del área de Data & Analytics, con capacidad para analizar información, generar insights accionables, liderar iniciativas analíticas y acompañar la toma de decisiones de negocio. Debe combinar sólidas competencias técnicas con habilidades de comunicación, liderazgo y gestión de equipos.¿Te apasiona convertir la información en decisiones que marcan la diferencia?
Este es tu momento.
¿Qué buscamos en ti para crecer juntos?
Buscamos talento con visión, curiosidad y ganas de crecer. Estos son los requisitos clave:
Título universitario en Informática, Estadística, Matemáticas, Ingeniería o carreras afines
Experiencia profesional en Data & Analytics
Experiencia liderando o participando en proyectos de datos
Experiencia en procesos de relevamiento y entendimiento funcional
Experiencia en proyectos específicos, como migraciones de datos, desarrollo de soluciones analíticas o modelos
Conocimientos en:
Python y SQL: Avanzado
Bases de datos relacionales y NoSQL: Avanzado.
ETL / ELT: Avanzado.
Cloud Computing (AWS, Azure o GCP): Avanzado.
Big Data (Spark, Hadoop): Intermedio.
Machine Learning: Básico.
Visualización (Power BI, Looker u otras): Avanzado.
Data Analytics: Avanzado.
Data Storytelling: Avanzado.
Gestión de proyectos de datos: Intermedio, deseable.
Relevamiento funcional: Intermedio.
Ser parte de MBC es crecer, contribuir y dejar huella
Serás parte de la transformación energética, contribuyendo a un futuro más sostenible.
Trabajarás con personas brillantes y cercanas, con el respaldo de la empresa y el acompañamiento de managers y líderes.
Tendrás un plan de carrera ambicioso, con evaluaciones semestrales que impulsan tu desarrollo.
Disfrutarás de autonomía, exposición a clientes y oportunidades reales de liderazgo.
Un sistema de evaluación transparente, con reglas claras desde el inicio.
Cultura centrada en las personas, el respeto medioambiental, el impacto social y la igualdad de género.
Pasión por los resultados y por generar soluciones que marcan la diferencia.
Trabajarás con clientes líderes del sector eléctrico en proyectos estratégicos.
Tu desarrollo, nuestra prioridad: descubre lo que MBC tiene para ti
Crece, aprende y lidera
Evaluaciones semestrales y revisión salarial por desempeño.
Formación en skills de consultoría, soft skills, skills digitales y certificaciones.
Programa internacional MBC ICE para trabajar en proyectos globales.
Mentoring personalizado para maximizar tu potencial.
Exposición a clientes del IBEX 35.
Beneficios que marcan la diferencia
Modelo de trabajo híbrido.
Descuentos en instituciones educativas
EPS al 100%
Seguro de Vida
Acceso a TherapySide, plataforma de bienestar
Una cultura que te impulsa
Entorno dinámico, diverso y colaborativo donde la innovación y la excelencia son clave.
Eventos de team building, afterworks y actividades deportivas.
Iniciativas ThePlaceToBe y voluntariado Grupo Indra con impacto en personas, medio ambiente y tecnología.
Respeto, diversidad e igualdad de oportunidades como pilares fundamentales.
¿Estás listo para dar el siguiente paso en tu carrera?
Si te apasiona la gestión de proyectos, la consultoría y el impacto real en clientes
Únete a MBC y haz historia.
MBC, the place to be.
Nuestro compromiso es promover ambientes de trabajo en los que se trate con respeto y dignidad a las personas, procurando el desarrollo profesional de la plantilla y garantizando la igualdad de oportunidades en su selección, formación y promoción ofreciendo un entorno de trabajo libre de cualquier discriminación por motivo de género, edad, discapacidad, orientación sexual, identidad o expresión de género, religión, etnia, estado civil o cualquier otra circunstancia personal o social.",3824,False,https://www.bumeran.com.pe/empleos/data-analyst-gcp-indra-peru-1118398334.html,2026-09-23 21:32
1118268806,Practicante Profesional de Business Intelligence (Inteligencia de Negocios),Universidad Continental SAC,Análisis de datos / BI,business intelligence; inteligencia de negocios,2,"Comercial, Ventas y Negocios",Desarrollo de Negocios,Junior,Presencial,Full-time,Pasantía,INTERN,1,False,False,False,False,False,Lima,Miraflores,PE,"Miraflores, Lima, Peru",2026-08-11,2026-11-09,43,Actualizado hace más de 15 días,,,,,,,False,"SQL, Power BI, ETL",3,True,False,False,True,False,False,False,False,False,False,False,False,False,False,False,False,False,False,True,False,False,False,10013698,https://www.bumeran.com.pe/perfiles/empresa_universidad-continental-sac_10013698.html,Educación,"Huancayo, Junín",Entre 1001 y 5000 empleados,"La Universidad Continental nació como un gran sueño, es hoy una de las mejores organizaciones de educación superior en el Perú. En 26 años de vida institucional, hemos reforzado nuestro propósito de transformar vidas a través de la educación.
Hoy Somos Continental International Education, una organización internacional que avanza, innova y lidera con un propósito claro: ser el puente hacia mejores versiones de futuro.
La fuerza de Continental International Education radica en algo único: la sinergia entre nuestras unidades educativas. Juntas, transformamos vidas, conectamos fronteras y construimos el futuro.
Con más de 100 mil estudiantes y 4,500 colaboradores y docentes, somos una comunidad que trabaja unida para transformar vidas. Cada docente, colaborador y estudiante es parte de esta historia. 
Una historia que crece con cada paso y profundiza su impacto en cada vida que toca.
Estamos en Perú, México, Estados Unidos, España y otros países de la región, liderando con innovación.",,,,,,,,,"Te invitamos a ser parte de Continental International Education (CIE), una organización con propósito y visión global, comprometida con transformar vidas a través de la educación, la innovación y el impacto positivo. Únete a nosotros y lideremos juntos el cambio hacia un mejor futuro.
MISIÓN:
Brindar soporte en el desarrollo y mantenimiento de soluciones de Business Intelligence, apoyando en la gestión, transformación y visualización de datos para contribuir a la toma de decisiones del negocio en coordinación con el equipo de BI.
FUNCIONES:
Apoyar en el levantamiento y documentación de indicadores clave (KPIs) definidos por las áreas funcionales.
Brindar soporte en el desarrollo de modelos de datos (estrella, copo de nieve) utilizados en los proyectos de BI para estructurar la información.
Proporcionar soporte en la identificación y mapeo de las fuentes de datos para asegurar la correcta integración y consistencia de la información.
Asistir en los procesos de transformación de datos (ETL) en coordinación con el equipo de BI.
Apoyar en la construcción de dashboards y reportes en herramientas como Power BI que permitan la visualización clara de indicadores y datos clave.
Apoyar en la validación básica de datos y en la revisión de consistencia de la información reportada en coordinación con el equipo de BI y el funcional.
Monitorear el desempeño de las soluciones de BI implementadas, proponiendo mejoras para su optimización o ajustes de acuerdo con las necesidades del funcional.
Documentar avances y apoyar en la preparación de presentaciones para stakeholders clave.
Otras Funciones afines que designe su superior inmediato.
REQUISITOS:
Egresado reciente de Ingeniería de Sistemas, Estadística, Ciencias de la Computación, Economía o carreras afines.
Deseable contar con cursos en Business Intelligence, Data Analytics o herramientas de visualización.
Conocimientos básicos de modelado de datos.
Conocimiento intermedio de SQL y manejo de consultas de bases de datos.
Manejo de Power BI.
Conocimiento básico de KPIs.
Conocimiento de procesos ETL para la transformación de datos.
Deseable experiencia en prácticas preprofesionales o proyectos académicos relacionados con Business Intelligence y análisis de datos.
BENEFICIOS:
Desarrollo personal en un ambiente dinámico, desarrollando tu pensamiento y acción emprendedora.
Capacitaciones constantes mediante la autogestión de tu aprendizaje mediante plataformas e-learning.
Grandes descuentos corporativos para cursos, programas y maestrías a nivel nacional e internacional. Además de descuentos en empresas relacionadas a bienestar y salud.
Planilla completa desde el primer día y utilidades. EPS de libre afiliación.
Si deseas obtener todos los beneficios que te ofrece la familia Continental, no dejes de postular y seguirnos en nuestras redes.",2819,False,https://www.bumeran.com.pe/empleos/practicante-profesional-de-business-intelligence-inteligencia-de-negocios-universidad-continental-sac-1118268806.html,2026-09-23 21:32
1118396851,Analista de Base de Datos,Confidencial,Análisis de datos / BI,analista de datos,1,"Tecnología, Sistemas y Telecomunicaciones",Administración de Base de Datos,Junior,Presencial,Full-time,Indeterminado,FULL_TIME,2,True,False,False,False,False,Lima,Santa Anita,PE,"Santa Anita, Lima, Peru",2026-08-10,2026-11-08,44,Actualizado hace 2 días,,,,,,,False,"SQL, Python, Power BI, ETL, Machine Learning",5,True,True,False,True,False,False,False,False,False,False,False,False,False,False,False,False,False,False,True,True,True,False,,,,,,,,,,,,,,,"ANALISTA DE BASE DE DATOS
Empresa de Contac Center, líder en el rubro se encuentra en búsqueda del mejor talento para asumir el cargo de Analista de Base de Datos. ¿Tienes habilidades comunicativas y de liderazgo? Este puesto es para ti.
¡Únete a nuestro equipo y crece profesionalmente!
REQUISITOS:
Profesional en Ingeniería de Sistemas, Ingeniería Económica, Estadística, Ciencia de datos Aplicada a negocios, Business Analytics con IA afines.
Deseable Especialización en Data Science, BI Estratégico, Analytics o Inteligencia Artificial.
5 años en BI/Data Analytics, con al menos 2 años liderando equipos.
Experiencia en centros de contacto, cobranzas o servicios financieros (deseable).
Implementación comprobada de modelos predictivos aplicados a negocio.
Experiencia en automatización de procesos con RPA o scripts SQL/Python.
CONOCIMIENTOS TECNICOS:
SQL avanzado, modelado de bases de datos y gestión de grandes volúmenes de información.
Lenguajes de programación: Python (para machine learning y estadística).
Herramientas BI: Power BI.
Automatización de procesos con RPA (UiPath)
IA aplicada: NLP o speech analytics o bots conversacionales.
FUNCIONES:
Diseñar la estrategia de BI & Analytics alineada con los objetivos de cobranzas y rentabilidad de la empresa.
Definir y monitorear KPIs clave de gestión: tasa de contacto, promesa de pago, efectividad de canal, tiempo promedio de recuperación, entre otros.
Evaluar e implementar soluciones de IA para voicebots, chatbots y análisis de voz (speech analytics).
• Liderar el diseño y optimización de bases de datos SQL y flujos ETL para garantizar información limpia, consolidada y oportuna.
Desarrollar dashboards y reportes automatizados que soporten decisiones tácticas y estratégicas.
Desarrollar e Implementar modelos predictivos (scoring de pago, propensión de contacto, segmentación de clientes) usando machine learning y técnicas estadísticas.
Automatizar procesos repetitivos en la gestión de la información y generación de reportes.
Diseñar e implementar agentes inteligentes (bots con IA) para acelerar la comunicación multicanal.
Aplicar analítica avanzada para optimizar tiempos y costos operativos.
Identificar tendencias de la industria y recomendar nuevas tecnologías y metodologías de BI/IA.
Dirigir un equipo de 5 especialistas de desarrollo y gestión de bases de datos SQL y 3 especialistas de soporte técnico.
Definir objetivos, capacitar y evaluar al equipo, asegurando un alto nivel de productividad y calidad.
Fomentar un ambiente colaborativo con enfoque en innovación y mejora continua.
COMPETENCIAS:
Liderazgo y gestión de equipos técnicos.
Pensamiento analítico y estratégico.
Proactividad, orientación a resultados y mejora continua.
Capacidad para traducir datos en decisiones de negocio.
Innovación y adaptabilidad a nuevas tecnologías.
Comunicación Asertiva
BENEFICIOS:
Salario competitivo.
Oportunidad de liderar un proyecto de transformación digital con IA en cobranzas.
Acceso a programas de formación y certificaciones en Data & AI.
Pertenecer a una sólida empresa que está en crecimiento.
Buen clima laboral.
Trabaja de lunes a viernes de 08:30 am 06:30 pm (horarios fijos)
Descansos Fijos sábados, domingos y feriados.",3213,False,https://www.bumeran.com.pe/empleos/analista-de-base-de-datos-1118396851.html,2026-09-23 21:32
1118395536,Analista de Inteligencia de Negocios,SMI,Análisis de datos / BI,inteligencia de negocios,1,"Comercial, Ventas y Negocios",Desarrollo de Negocios,Semi Sr,Presencial,Full-time,Indeterminado,FULL_TIME,1,False,False,False,False,False,Lima,Cercado De Lima,PE,"Cercado De Lima, Lima, Peru",2026-08-09,2026-11-07,45,Actualizado hace más de 15 días,,,,,,2.0,False,Excel,1,False,False,False,False,True,False,False,False,False,False,False,False,False,False,False,False,False,False,False,False,False,True,2472770,https://www.bumeran.com.pe/perfiles/empresa_smi_2472770.html,Manufactura,"Lima, Lima",Entre 1001 y 5000 empleados,"Somos líderes en soluciones de empaques rígidos sostenibles en Latinoamérica con presencia en 14 países de la región. A través de nuestras 4 unidades de negocio: preformas y botellas, tapas, termoformado y reciclado; impulsamos la economía circular contribuyendo al bienestar de las personas y el planeta.",,,,,,,,,"Misión: Gestionar y estructurar la información operativa del negocio, contribuyendo a atender las necesidades y desafios para la toma de decisiones estrategicas, mejorar la rentabilidad y pricing dentro de un adecuado ambiente de mejora y control.
Diseñar, estructurar las matrices de precios según las variaciones y comportamiento del mercado, considerando tendencias y factores macroeconómicos que impactan el entorno del negocio.
Analizar y auditar las desviaciones entre los precios teóricos cotizados y los reales de venta.
Monitorear de manera constante los márgenes de contribución detallados por cliente, tipo de canal y cliente, identificando desviaciones y oportunidades de mejora.
Mapear, evaluar y rediseñar flujo de los procesos operativos y comerciales para eliminar cuellos de botella.
Diseñar, estructurar y presentar reportes ejecutivos que integren información de resultados del negocio y hallazgos relevantes, incluyendo propuestas de mejora
Automatizar la extracción de bases de datos (ERP, archivos locales, reportes de producción) para optimizar tiempos de procesamiento de información y análisis.
Requisitos
Profesionales en Ingeniería Industrial, Administración, Economía y/o carreras afines.
Experiencia no menor a 2 años en areas comerciales, negocios o afines, en empresas B2B (indispensable)
Excel / Power Query: Experiencia en bases de datos, combinación/anexado de consultas y elaboración de Dashboaard (indispensable)
Beneficios
Beneficios de Ley
Alimentación cubierta al 100%
Beneficios corporativos
Línea de carrera
Acceso a descuentos del CLUB Intercorp
“En SMI estamos comprometidos con la igualdad de oportunidades entre hombres y mujeres, promovemos la diversidad generacional, origen étnico, nacionalidad y la inclusión de personas con habilidades diferentes y/o discapacidad”",1814,False,https://www.bumeran.com.pe/empleos/analista-de-inteligencia-de-negocios-smi-1118395536.html,2026-09-23 21:32
1118393782,Analista de Administración de Personal - Power Automate y Power BI,GRUPO RIPLEY,Análisis de datos / BI,analista bi; power bi,2,Recursos Humanos y Capacitación,Administración de Personal,Semi Sr,Presencial,Full-time,Indeterminado,FULL_TIME,1,False,True,False,False,False,Lima,San Isidro,PE,"San Isidro, Lima, Peru",2026-08-07,2026-11-05,47,Actualizado hace 13 días,,,,,,2.0,False,"Power BI, SAP",2,False,False,False,True,False,False,False,False,False,False,False,False,False,False,False,False,True,False,False,False,False,True,1299020,https://www.bumeran.com.pe/perfiles/empresa_grupo-ripley_1299020.html,Retail,"Lima, Lima",Entre 1001 y 5000 empleados,"Cadena de tiendas por departamentos y retail chilena con fuerte presencia en Perú. Ofrece moda, electrodomésticos, hogar y también servicios financieros como tarjetas propias y crédito.",4.0,4.0,3.9,4.1,3.8,3.8,3.9,99.0,"¡Somos Banco Ripley y estamos llenos de entusiasmo por hacer cada vez las cosas mejor!
Estamos en busca de nuestro/a Analista de Administración de Personal
¡Vamos con Todo!
Nuestro Candidato o Candidata Ideal será Responsable asegurar la correcta administración de la información y documentación del personal, ejecutando de manera oportuna los procesos de altas, bajas y movimientos, y generando controles e indicadores que garanticen la calidad de los datos, el cumplimiento normativo y la eficiencia de los procesos de gestión humana.
¿Qué harás en esta posición?
Gestionar altas, bajas y modificaciones de datos de colaboradores en SSFF, SAP y T-Registro
Mantener actualizados los legajos físicos y digitales del personal
Elaborar y administrar contratos de trabajo, adendas y demás documentación laboral
Realizar el seguimiento de vencimientos de contratos, periodos de prueba y renovaciones
Consolidar y validar información para el proceso de planillas/nóminas
Garantizar el cumplimiento de la legislación laboral y normativa interna
Preparar documentación para auditorías internas y externas
Elaborar reportes de dotación y otros indicadores de gestión
¿Qué necesitamos de ti?
Bachiller o Titulado en Administración, Recursos Humanos o carreras afines
Experiencia de 2 a 3 años en puestos similares
Nivel intermedio de: Power Automate, Power BI y SAP (Será evaluado durante el proceso)
Nivel avanzado: Excell y legislación laboral
Reporte de incidencias de información recibida.
Reporte de Dotación
Reporte de estado de legajo
Síguenos en LinkedIn como Banco Ripley Perú.
Somos una organización comprometida con la igualdad de oportunidades para hombres y mujeres, todos nuestros procesos de selección se rigen bajo una política de igualdad de derechos y oportunidades, donde nuestros postulantes son considerados sin importar su origen, lengua, raza, sexo, idioma, religión, opinión, edad, talla, procedencia educativa, social o cualquier
otra. Se informa al postulante, que los datos entregados, serán utilizados respetando los principios de legalidad, consentimiento, finalidad, proporcionalidad, calidad, disposición de recurso, nivel de protección adecuado, conforme a las disposiciones de la ley de Protección de Datos Personales vigente en Perú.",2258,False,https://www.bumeran.com.pe/empleos/analista-de-administracion-de-personal-power-automate-y-power-bi-grupo-ripley-1118393782.html,2026-09-23 21:32
1118395096,Ejecutivo Comercial B2B Tecnología y Analítica de Datos,ADECCO,Análisis de datos / BI,analitica de datos,1,"Comercial, Ventas y Negocios",Comercial,Junior,Presencial,Full-time,Indeterminado,,1,False,False,False,False,False,Lima,Miraflores,,"Miraflores, Lima, Peru",2026-08-07,,47,Publicado hace más de 15 días,,,,,,2.0,False,,0,False,False,False,False,False,False,False,False,False,False,False,False,False,False,False,False,False,False,False,False,False,False,13494153,https://www.bumeran.com.pe/perfiles/empresa_adecco_13494153.html,,,,,,,,,,,,,"En Adecco nos encontramos en búsqueda de un(a) Ejecutivo(a) Comercial B2B con experiencia en la comercialización de servicios tecnológicos y licencias, orientado(a) al logro de resultados y al desarrollo de nuevos negocios.
Buscamos profesionales con sólida capacidad de prospección, gestión comercial y negociación, capaces de identificar oportunidades y construir relaciones de largo plazo con clientes corporativos.
Principales funciones
Prospectar y desarrollar nuevas oportunidades de negocio en el segmento corporativo.
Comercializar servicios tecnológicos y licencias de software.
Gestionar el ciclo completo de ventas, desde la identificación de oportunidades hasta el cierre de negocios.
Elaborar propuestas comerciales y realizar presentaciones a clientes.
Mantener y fortalecer la relación con clientes actuales y potenciales.
Cumplir con los objetivos comerciales establecidos.
Requisitos
Experiencia mínima de 2 años en ventas B2B dentro del rubro tecnológico.
Experiencia comercializando servicios tecnológicos, software o licencias.
Conocimiento o experiencia en soluciones de analítica de datos (Data Analytics).
Experiencia en prospección y apertura de nuevos negocios.
Excelentes habilidades de comunicación, negociación y relacionamiento comercial.
Deseable
Experiencia prospectando clientes internacionales en México, Panamá y Estados Unidos.
Indispensable
Residencia en Perú.
Competencias
Orientación a resultados.
Proactividad y autonomía.
Capacidad de negociación.
Pensamiento estratégico.
Enfoque consultivo y orientación al cliente.
Si te apasionan las ventas consultivas, la tecnología y el desarrollo de negocios, te invitamos a postular y ser parte de un equipo innovador y en constante crecimiento.",1727,False,https://www.bumeran.com.pe/empleos/ejecutivo-comercial-b2b-tecnologia-y-analitica-de-datos-adecco-1118395096.html,2026-09-23 21:32
1118392557,Analista QA Data | BI & Data Testing,INDRA PERU,Análisis de datos / BI,analista bi,1,"Tecnología, Sistemas y Telecomunicaciones",Testing / QA / QC,Semi Sr,Híbrido,Full-time,Temporal,TEMPORARY,1,False,False,False,False,False,Lima,San Isidro,PE,"San Isidro, Lima, Peru",2026-08-05,2026-11-03,49,Actualizado hace más de 15 días,,,,,,5.0,False,"SQL, Power BI, Tableau, Looker, AWS, Google Cloud, ETL",7,True,False,False,True,False,True,False,True,False,False,False,False,False,True,False,True,False,False,True,False,False,False,2255030,https://www.bumeran.com.pe/perfiles/empresa_indra-peru_2255030.html,Informática / Tecnología,"Lima, Aguascalientes",Entre 1001 y 5000 empleados,"Somos una de las principales empresas globales de consultoría y tecnología y el socio tecnológico global para los negocios clave de nuestros clientes. Desarrollamos una oferta de soluciones propias, servicios avanzados y de alto valor añadido en tecnología.",,,,,,,,,"¿Te apasiona asegurar la calidad de los datos y garantizar que las soluciones digitales entreguen información confiable? 📊✨
En Indra Perú seguimos creciendo y buscamos un(a) Analista QA Data para integrarse a un equipo donde podrás participar en proyectos de calidad de datos, pruebas BI y validación de grandes volúmenes de información 🚀
🔎 ¿Cuál será tu reto?
✨ Diseñar estrategias, planes y casos de prueba para soluciones de datos.
✨ Ejecutar pruebas funcionales, integración, regresión, aceptación y validación de datos.
✨ Identificar, documentar y realizar seguimiento de defectos hasta su resolución.
✨ Validar procesos ETL, migraciones de datos y calidad de información.
✨ Analizar resultados de pruebas y generar reportes de calidad.
✨ Brindar soporte en integraciones y liberaciones asegurando estándares de calidad.
💡 Buscamos profesionales con:
✅ Más de 5 años de experiencia en QA / Testing.
Experiencia en:
🔹 Pruebas funcionales, regresión, integración y performance.
🔹 Diseño de casos de prueba y estrategias de Testing.
🔹 SQL avanzado y validación de grandes volúmenes de datos.
🔹 Procesos ETL, migración de datos y Data Quality.
🔹 Cloud: AWS (Athena, Redshift, Glue, Lambda, S3) y/o GCP (BigQuery, Storage, Airflow).
🔹 Lenguaje Gherkin y metodologías ágiles (Scrum, BDD).
🔹 Automatización y scripting para validación de datos.
🔹 Herramientas de visualización: Power BI, Looker Studio o Tableau.
Deseable:
⭐ Conocimiento de frameworks de calidad de datos como DAMA.
⭐ Certificación ISTQB.
📍 Modalidad: Híbrida - San Isidro
🏢 Presencial: 3 veces por semana
🕘 Horario: Lunes a viernes de 9:00 a.m. a 6:30 p.m.",1622,False,https://www.bumeran.com.pe/empleos/analista-qa-data-%7C-bi-data-testing-indra-peru-1118392557.html,2026-09-23 21:32
1118391787,Data Analyst (Por proyecto),TIVIT Perú,Análisis de datos / BI,data analyst,1,"Tecnología, Sistemas y Telecomunicaciones",Análisis de Datos,Senior,Híbrido,Full-time,Temporal,TEMPORARY,2,True,False,False,False,False,Lima,Santiago de Surco,PE,"Santiago de Surco, Lima, Peru",2026-08-05,2026-11-03,49,Actualizado ayer,,,,,,,False,"SQL, Python, Power BI, Looker, Spark, AWS, Azure, Google Cloud, ETL, Machine Learning",10,True,True,False,True,False,False,False,True,False,False,False,True,False,True,True,True,False,False,True,True,False,True,10143228,https://www.bumeran.com.pe/perfiles/empresa_tivit-peru_10143228.html,Informática / Tecnología,"Lima, Lima",Entre 151 y 300 empleados,"TIVIT es una multinacional tecnológica, presente en el mercado desde hace 20 años, en 10 países de América Latina. A través de soluciones como ciberseguridad, cloud, infraestructura, Digital Workplace, IA, SAP, monitoreo, plataformas y gestión de crisis, entre otras, ofrecemos respuestas y servicios personalizados que impactan en el negocio, y en la rutina de empresas y personas.  
Con el uso de tecnologías emergentes, alianzas tecnológicas y servicios innovadores, apoyamos a nuestros clientes en el viaje de la transformación digital, en diversos sectores como, servicios financieros, utilities, retail, salud y Oil & Gas, entre otros.",,,,,,,,,"Somos una compañía de soluciones digitales, con operación en diez países de América Latina. Apoyamos y evolucionamos los negocios de nuestros clientes a partir de nuestras cuatro líneas de negocios: Digital Business, Cloud Solutions, Digital Payments y Technology Platforms.
En estos momentos nos encontramos en búsqueda de un talento para cumplir el rol de Data Analyst - Por proyecto.
Requisitos:
Visualización de Datos & Storytelling: Dominio avanzado en la creación de tableros/dashboards con Power BI, Looker o herramientas similares, con capacidad avanzada de Storytelling para traducir datos en decisiones.
Bases de Datos & ETL: Nivel avanzado en bases de datos relacionales y NoSQL, junto con sólida experiencia en herramientas de extracción, transformación y carga (ETL).
Cloud Computing & Big Data: Experiencia avanzada trabajando en entornos Cloud (AWS, Azure o GCP) y nivel intermedio en frameworks de Big Data (Hadoop, Spark).
Programación & Analítica: Nivel intermedio en lenguajes de programación como Python, SQL, Java o Scala.
Modelado & Relevamiento: Nivel básico en algoritmos/frameworks de Machine Learning y nivel intermedio en relevamiento funcional y gestión de proyectos de datos.
Habilidades Blandas (Soft Skills):
Liderazgo y Trabajo en Equipo: Alta capacidad para liderar iniciativas de analítica y colaborar eficazmente entre equipos multidisciplinarios.
Comunicación Efectiva y Ética: Habilidad para interactuar con distintas áreas del negocio bajo estrictos estándares de responsabilidad y manejo ético de la información.
Pensamiento Crítico y Resolución de Problemas: Capacidad para cuestionar supuestos, analizar tendencias y proponer soluciones creativas a necesidades complejas.
Curiosidad Intelectual y Adaptabilidad: Interés continuo por aprender nuevas herramientas analíticas y adaptarse a dinámicas cambianes de la industria.
Creemos firmemente en la igualdad de oportunidades para hombres y mujeres, promovemos la diversidad generacional, origen étnico, nacionalidad y la inclusión de personas con habilidades diferentes y/o discapacidad (de acuerdo a lo establecido en la Ley N° 29973 “Ley general de la persona con discapacidad”)
¿Te gustaría embarcarte en este desafío con nosotros? 🚀 #VENASERTIVIT",2241,False,https://www.bumeran.com.pe/empleos/data-analyst-por-proyecto-tivit-peru-1118391787.html,2026-09-23 21:32
1118391225,Gerente Adj Data Analytics - Credicorp,MANPOWERGROUP,Análisis de datos / BI,data analytics,1,Oficios y Otros,Otra,Jefe / Supervisor / Responsable,Híbrido,Full-time,Indeterminado,FULL_TIME,1,False,False,False,False,False,Lima,Lima,PE,"Lima, Lima, Peru",2026-08-05,2026-11-03,49,Actualizado hace más de 15 días,,,,,,,False,"SQL, Power BI",2,True,False,False,True,False,False,False,False,False,False,False,False,False,False,False,False,False,False,False,False,False,False,13511553,https://www.bumeran.com.pe/perfiles/empresa_manpowergroup_13511553.html,Banca / Financiera,"lima, Lima",Entre 301 y 500 empleados,"Manpower Perú se dedica a ofrecer soluciones integrales de capital humano, siendo líder en reclutamiento, selección y tercerización (outsourcing) de personal para puestos temporales y permanentes en diversas industrias. Ayudan a las empresas a encontrar talento y a las personas a encontrar empleo, ofreciendo servicios como intermediación laboral, consultoría en RRHH, gestión de talento, servicios de TI y outplacement (reinserción laboral).",,,,,,,,,"¿Buscas un lugar para generar impacto a escala regional? ¿Te apasiona transformar datos en decisiones estratégicas? ¡Esta es tu oportunidad!
En Credicorp estamos buscando a nuestro próximo Gerente Adjunto Data Analytics, un rol clave para impulsar la toma de decisiones basada en datos, liderar iniciativas de alto impacto y generar valor para la organización a través de la analítica.
¿Cuál es el reto?
Liderar iniciativas estratégicas de analítica, identificando oportunidades de alto impacto para el negocio, gestionando su implementación y facilitando la toma de decisiones mediante insights accionables, experimentación y una comunicación efectiva con stakeholders clave.
¿Cómo impactarás en grande?
Gestionar el portafolio e iniciativas, identificando oportunidades de alto impacto para el negocio, gestionando su implementación de extremo a extremo y asegurando el seguimiento, adopción y comunicación de resultados para generar valor y apoyar la toma de decisiones organizacionales.
Liderar procesos de consultoría interna y gestión de stakeholders, identificando y priorizando oportunidades, facilitando la toma de decisiones basada en datos y gestionando la comunicación efectiva para maximizar el impacto de las iniciativas.
Impulsar la toma de decisiones mediante el uso de analítica, experimentación y mejores prácticas, generando insights accionables, validando hipótesis y evaluando el impacto de iniciativas para maximizar el valor para la organización.
Liderar el storytelling y la comunicación ejecutiva, transformando análisis complejos en insights claros, accionables y orientados al negocio, comunicando de manera efectiva resultados, riesgos y oportunidades a líderes, stakeholders clave y comités ejecutivos para facilitar la toma de decisiones.
¿Qué necesitamos de ti?
Bachiller o Licenciado en Ingeniería Industrial, Ingeniería de Sistemas, Economía, Estadística, Administración, Psicología, Ciencias de Datos o carreras afines.
Deseable especialización o estudios de posgrado en Analítica, Data Science o Gestión de Proyectos.
Mínimo 5 años liderando proyectos de analítica, consultoría, transformación o gestión basada en datos.
Experiencia gestionando stakeholders senior y presentando resultados a niveles ejecutivos.
Deseable experiencia en entornos corporativos regionales o empresas de gran escala.
Manejo de analítica descriptiva y generación de insights.
Dominio de storytelling con datos.
Gestión de proyectos ágiles y tradicionales.
Manejo de Power BI o herramientas similares de visualización a nivel intermedio.
Conocimiento de SQL y herramientas de análisis de datos a nivel intermedio.
Deseable conocimiento de Inteligencia Artificial.
Conocimiento de metodologías de experimentación y medición de impacto.
Experiencia en sectores como banca, telecomunicaciones, startups, tecnología o industrias afines.
¿Por qué unirte a nuestro equipo?
Ser parte de uno de los grupos financieros más importantes de la región.
Participar en iniciativas estratégicas con impacto transversal en la organización.
Trabajar de la mano con líderes y stakeholders de alto nivel.
Impulsar una cultura basada en datos, innovación y transformación.
Desarrollar tu carrera en un entorno dinámico, desafiante y de alcance regional.
¡Únete a Credicorp!
""Somos una organización comprometida con la igualdad de oportunidades. Nuestros procesos de selección promueven un entorno inclusivo y respetuoso, donde todas las personas son evaluadas en función de sus capacidades y experiencia, sin distinción de origen, género, discapacidad, edad u otra condición.""",3567,False,https://www.bumeran.com.pe/empleos/gerente-adj-data-analytics-credicorp-manpowergroup-1118391225.html,2026-09-23 21:32
1118390981,Analista de Data Analytics,Super Food Holding,Análisis de datos / BI,data analytics,1,Marketing y Publicidad,Marketing,Junior,Híbrido,Full-time,Indeterminado,FULL_TIME,1,False,False,False,False,False,Lima,San Borja,PE,"San Borja, Lima, Peru",2026-08-04,2026-11-02,50,Actualizado hace más de 15 días,,,,,,1.0,False,"SQL, Python, R, Power BI, Excel, Looker",6,True,True,True,True,True,False,False,True,False,False,False,False,False,False,False,False,False,False,False,False,False,False,10076890,https://www.bumeran.com.pe/perfiles/empresa_super-food-holding_10076890.html,Retail,"Lima, Lima",Entre 1001 y 5000 empleados,"Somos Super Food Holding, empresa perteneciente al grupo Intercorp, donde impulsamos el crecimiento de nuestras unidades de negocio: plazaVea, Vivanda, Makro, Mass, Oslo, Jokr y Merkao. Ofrecemos productos de alta calidad, los mejores precios y un excelente servicio, por lo que hemos logrado consolidarnos como una empresa reconocida en el rubro retail.",3.5,3.6,3.2,3.7,3.3,3.5,3.0,15.0,"Somos Super Food Holding, el equipo que está al servicio de las marcas que ya son parte de la vida de millones de personas plazaVea, Vivanda, tiendas Mass, Makro, Oslo Logistics,  Merkao, Agora y Epa.
Formamos parte del grupo Intercorp, y nos motiva trabajar para hacer del Perú un mejor lugar para formar una familia, generando impacto positivo en personas, familias y comunidades.
Acá no solo trabajamos: multiplicamos lo bueno, creamos impacto, transformamos realidades, tenemos espacios para innovar y somos parte del cambio que mueve al país. Súmate a un equipo que deja huella y haz que la tuya se note.
Analista de Data Analytics
¿Cuál será tu desafío?
Analizar y proveer información que permita tomar decisiones sobre la gestión de nuestros clientes y del mercado para poder detectar oportunidades de crecimiento y retención de los mismos para incrementar ventas. Asimismo, gestionar la implementación de proyecto de IA para Dirección de Marketing.
¿Cómo lo lograrás?
Analizar y proveer información de la base datos (consumos de clientes, frecuencia de compras, segmentación, otros) .
Analizar el resultado de las promociones de marketing directo: antes de su implementación, durante su ejecución y al término de ellas; y detectar y reportar incidencias.
Administrar la base de datos de clientes y armar las bases correspondientes a cada campaña según requerimiento.
Apoyar en resolver casos de servicio al cliente relacionados con el programa de clientes.
Proponer mejoras que permitan agilizar el procesamiento de datos y en la presentación de resultados.
Gestionar el CRM de saleforce y la nube de marketing cloud, desarrollando campañas de outbound en mailing SMS y Whatsapp.
Velar por la integridad de la base de datos participando en su actualización, limpieza y mejoramiento de data.
Extraer Informacion de la base de clientes de la compañía, para analizarla e identificar oportunidades de mejora que permitan incrementar los ingresos de cada segmento de cliente (ventas).
Implementación y desarrollo de proyecto de IA, que permita la automatización de procesos data de marketing.
¿Qué necesitamos de ti?
Egresado/Bachiller de la carrera de Ingeniería de Sistemas, Ingeniería Informática, Estadística, Ingenieria Industrial, y/o afines. (Indispensable).
Experiencia mínima de 1 años como Asistente de Inteligencia Comercial, de Base de Datos o BI, Analista de base de datos o BI, Data Architect, Ingeniero de Datos, y/o afines (Indispensable).
Conocimientos de Excel a nivel avanzado (Indispensable).
Conocimientos en SQL y Python Intermedio (Indispensable).
Conocimiento en el análisis de base de datos (Indispensable).
Experiencia en Looker Studio, Power BI (Deseable).
Conocimientos intermedios de R y pentaho (ETLS) (Deseable).
Conocimientos en plataformas de IA (Deseable).
¿Qué te ofrecemos?
Beneficios y Descuentos por pertenecer al Club Intercorp
Oportunidad de Línea de Carrera.
Capacitaciones Constantes.
Pertenecer a una de las mejores empresas para trabajar en el Perú.
""Super Food Holding fomenta y respeta la equidad de género, inclusión y diversidad en sus procesos de atracción del talento y crecimiento. Recuerda utilizar nuestros canales de reclutamiento oficiales y que participar en el proceso de selección no tiene costo.”
“En Intercorp nos comprometemos con la igualdad de oportunidades. Todos los/las postulantes serán considerados sin importar su origen étnico, sexo, edad, estado civil, orientación sexual, religión, capacidades diferentes, nacionalidad o condición económica.”",3517,False,https://www.bumeran.com.pe/empleos/analista-de-data-analytics-super-food-holding-1118390981.html,2026-09-23 21:32
1118389764,Coordinador de Data y Analytics - Visiva,Confidencial,Análisis de datos / BI,data analytics,1,"Tecnología, Sistemas y Telecomunicaciones",Administración de Base de Datos,Semi Sr,Híbrido,Full-time,Indeterminado,FULL_TIME,1,False,False,False,False,False,Lima,Santiago de Surco,PE,"Surco, Lima, Peru",2026-08-04,2026-11-02,50,Publicado hace más de 15 días,,,,,,3.0,False,"SQL, Python, Power BI, Spark, AWS, ETL",6,True,True,False,True,False,False,False,False,False,False,False,True,False,True,False,False,False,False,True,False,True,False,,,,,,,,,,,,,,,"Somos VISIVA (Certus, UCAL y Toulouse Lautrec) y tenemos el propósito de llenar el mundo de personas que lo mejoren, por ello diseñamos rutas y experiencias de aprendizaje que conecten las aspiraciones de nuestros estudiantes con mejores oportunidades de vida.
Estamos en búsqueda de profesionales para que asuman el rol de Coordinador de Data y Analytics.
Objetivo de la posición:
Liderar el diseño, desarrollo y mantenimiento de los sistemas analíticos de la organización, garantizando la disponibilidad, calidad y explotación eficiente de los datos en plataformas cloud (AWS). Responsable de traducir las necesidades de negocio de las áreas de finanzas, comercial y operaciones en soluciones de Business Intelligence y Data Engineering, asegurando la toma de decisiones basada en datos a través de dashboards, pipelines ETL y arquitecturas de datos robustas.
Funciones
Liderar proyectos de Business Intelligence para las áreas de finanzas, comercial , academicos y operaciones, desde el levantamiento de requerimientos hasta la entrega de dashboards en producción.
Diseñar y desarrollar procesos ETL/ELT sobre AWS (Glue Jobs, PySpark, DMS) garantizando la integración confiable de fuentes de datos heterogéneas hacia el Datalake corporativo.
Mantener y optimizar el Datalake en AWS, incluyendo monitoreo de permisos en Lake Formation / IAM, control de costos y reingeniería de flujos legacy.
Construir y publicar dashboards y reportes en Power BI para la toma de decisiones de las áreas usuarias, asegurando precisión, rendimiento y gobernanza de datos.
Proponer e implementar KPIs, métricas y modelos analíticos que soporten los objetivos estratégicos del negocio (finanzas, comercial, operaciones).
Coordinar y dar seguimiento a los proyectos del equipo Data & Analytics, gestionando prioridades, cronogramas y entregables bajo metodologías ágiles (Scrum / Kanban).
Gestionar las relaciones con proveedores y áreas usuarias para el levantamiento de requerimientos, validación de modelos de datos y comunicación de avances.
Asegurar la calidad y consistencia de los datos mediante la implementación de procesos de validación, linaje de datos y estándares de gobierno de datos (DAMA/DMBOK).
Evaluar e implementar nuevas tecnologías y servicios cloud que optimicen la arquitectura analítica y reduzcan costos operativos (optimización de costos AWS).
Documentar arquitecturas, procesos, decisiones técnicas y procedimientos operativos del área de Data & Analytics para asegurar la continuidad del conocimiento.
Requisitos
Titulado universitario en Ing. de Sistemas, Ing. de Software, Ciencias de la computación o afines.
3 años de experiencia en roles de Data Engineering, Business Intelligence o Analytics.
Experiencia comprobada liderando proyectos de datos en entornos corporativos.
Experiencia con AWS (Glue, S3, Redshift, IAM) como entorno principal de trabajo.
Diseño y desarrollo de procesos ETL/ELT con AWS Glue y PySpark.
Construcción de Datalakes en AWS (S3, Glue, Lake Formation, IAM).
Desarrollo de dashboards y reportes en Power BI (nivel avanzado).
SQL avanzado: SQL Server, PostgreSQL, MySQL, Amazon Redshift.
Python orientado a datos (pandas, boto3, scripting).
Herramientas de orquestación y CI/CD: Jenkins, Bitbucket, Jira.
Power Platform: Power Apps, Power Automate, Dataverse.
Conocimiento deseable: Collibra, PurView, DAMA/DMBOK.
Metodologías ágiles: Scrum, Design Thinking, Kanban.
Lugar: Surco
Modalidad: Híbrido
Horario: 9am a 6pm

""Visiva mantiene una política de contratación inclusiva por lo que invita a todas las personas a participar en el proceso de selección de la referencia""",3609,False,https://www.bumeran.com.pe/empleos/coordinador-de-data-y-analytics-visiva-1118389764.html,2026-09-23 21:32
1118386707,Analista BI Jr,Encora,Análisis de datos / BI,analista bi,1,"Tecnología, Sistemas y Telecomunicaciones",Análisis de Datos,Junior,Híbrido,Full-time,Temporal,TEMPORARY,1,False,False,True,False,False,Lima,Lima,PE,"Lima, Lima, Peru",2026-07-31,2026-10-29,54,Actualizado hace más de 15 días,,,,,,1.5,False,"SQL, Power BI, Tableau, Snowflake",4,True,False,False,True,False,True,False,False,False,False,False,False,False,False,False,False,False,True,False,False,False,True,1527080,https://www.bumeran.com.pe/perfiles/empresa_encora_1527080.html,Informática / Tecnología,"Lima, Lima",Entre 1001 y 5000 empleados,"Coforge es una compañía global de servicios de tecnología de la información enfocada en la transformación digital de empresas mediante soluciones innovadoras en áreas como desarrollo de software, analítica de datos, automatización y computación en la nube. Con un fuerte conocimiento sectorial en industrias como banca, seguros, viajes y transporte, la empresa se posiciona como un socio estratégico que ayuda a las organizaciones a mejorar su eficiencia operativa y adaptarse a entornos digitales en constante evolución.

En Latinoamérica, Coforge ha fortalecido su presencia como parte de su estrategia de crecimiento, estableciendo equipos y capacidades para atender tanto a clientes regionales como globales. En Perú, la compañía ha consolidado su operación mediante el desarrollo de talento tecnológico y la participación en proyectos internacionales, posicionando al país como un hub clave dentro de su red en la región y contribuyendo al avance del ecosistema digital local.",,,,,,,,,"Título del puesto: Analista de Business Intelligence JR
Habilidades clave: Power BI, DAX, Power Query, SQL, Modelado de Datos, Migración de Datos
Experiencia: 1.5 a 3 años de experiencia.
Ubicación: Lima, Perú
Modalidad: Semipresencial
En Coforge estamos buscando un Analista de Business Intelligence con el siguiente perfil.
Responsabilidades principales
Desarrollo de Dashboards e indicadores para áreas de negocio.
Migración de reportes y cuadros de mando de Tableau a Power BI.
Transformar requerimientos del negocio en dashboards claros, útiles y visualmente atractivos, trabajando de manera colaborativa con usuarios de distintas áreas.
Requisitos indispensables
Entre 1.5 y 3 años de experiencia (puede incluir prácticas profesionales) como Analista de Business Intelligence, Analista de Datos o posiciones similares.
MUST: Diseño de reportes a nivel usuario (claros, asertivos y llamativos visualmente).
Power BI (indispensable): Desarrollo de reportes y dashboards interactivos. Manejo de Power Query para transformación de datos. Creación de medidas y columnas calculadas con DAX (indispensable). Modelado de datos utilizando esquema estrella (Star Schema) y buenas prácticas de BI.
SQL (nivel básico a intermedio): Consultas SELECT. JOINs (INNER, LEFT). GROUP BY, HAVING y funciones de agregación. Filtros y ordenamiento de información.
Competencias Blandas: Comunicación efectiva, creatividad para proponer visualizaciones intuitivas, excelente organización (gestión de tiempos, documentación y seguimiento de tareas) y proactividad para aprender nuevas herramientas.
Requisitos deseables
Diseños de dashboards.
Experiencia conectando Power BI a diferentes fuentes de datos (SQL Server, MySQL, Oracle, Snowflake, etc.).
Publicado el: 31-07-2026
En Coforge, contratamos profesionales únicamente en función de sus habilidades y calificaciones, y no discriminamos en función de la edad, discapacidad, religión, género, orientación sexual, estado socioeconómico o nacionalidad.",1985,False,https://www.bumeran.com.pe/empleos/analista-bi-jr-encora-1118386707.html,2026-09-23 21:32
1118386114,ANALISTA DE DATOS Y GESTIÓN DE DASHBOARD EN LOGÍSTICA - SECTOR MINERO,INTERNATIONAL TESTING INSPECTION &amp; CERTIFICATION PERU S.A.C. - ITIC PERU S.A.C.,Análisis de datos / BI,analista de datos,1,Ingenierías,Otras Ingenierias,Junior,Presencial,Full-time,Indeterminado,FULL_TIME,4,True,False,False,False,False,Apurimac,Abancay,PE,"Abancay, Apurimac, Peru",2026-07-31,2026-11-28,54,Actualizado hace más de 15 días,,,,,,2.0,False,"SQL, Power BI, Excel, SAP",4,True,False,False,True,True,False,False,False,False,False,False,False,False,False,False,False,True,False,False,False,False,True,13093281,https://www.bumeran.com.pe/perfiles/empresa_international-testing-inspection-amp-certification-peru-s.a.c.-itic-peru-s.a.c._13093281.html,Consultoría,"Lima, Lima",Entre 151 y 300 empleados,"Somos ITIC Perú.
Una empresa con Orientación social y ambiental, contamos con profesionales calificados en técnicas internacionales, comprometidos con nuestros valores empresariales en búsqueda de LA EXCELENCIA OPERACIONAL E INTEGRIDAD en nuestros servicios.

Operamos en Perú hace 12 años como filial de un grupo alemán y ahora en el 2023 como empresa nacional. Tenemos presencia en países de Suramérica y Centroamérica.",,,,,,,,,"ITIC Perú empresa con Orientación social y ambiental en búsqueda de LA EXCELENCIA OPERACIONAL E INTEGRIDAD en nuestros servicios, desea incorporar a sus proyectos un ANALISTA DE DATOS Y GESTIÓN DE DASHBOARD EN LOGÍSTICA - SECTOR MINERO
REQUISITOS:
Bachiller o Titulado en Ingeniería de Sistemas, Ingeniería Industrial, Ingeniería Informática, Estadística, Administración o carreras afines.
Experiencia mínima de dos (2) años en análisis de datos, elaboración de reportes e indicadores de gestión.
Experiencia en automatización de reportes y optimización de procesos.
Experiencia en desarrollo de tableros de control en Power BI.
Experiencia en operaciones mineras, logística o gestión de almacenes
CONOCIMIENTOS:
Power BI (intermedio o avanzado).
Power Query y DAX.
Excel avanzado.
SQL (deseable).
SAP ERP (MM, WM/EWM ).
Gestión y análisis de bases de datos.
Automatización de procesos.
Power Automate y Power APPs (deseable)
Gestión de almacenes e inventarios.
Catalogación y administración del maestro de materiales.
Conocimiento de procesos logísticos, abastecimiento y cadena de suministro
Ubicación: Apurimac, Acanbay",1122,False,https://www.bumeran.com.pe/empleos/analista-de-datos-y-gestion-de-dashboard-en-logistica-sector-minero-international-testing-inspection-amp-certification-peru-s.a.c.-itic-peru-s.a.c.-1118386114.html,2026-09-23 21:32
1118386323,Analista Jr. de Siniestros y Prestaciones (BI),MAPFRE PERU COMPAÑIA DE SEGUROS Y REASEGUROS,Análisis de datos / BI,analista bi,1,Seguros,Seguros,Junior,Presencial,Full-time,Indeterminado,FULL_TIME,1,False,True,False,False,False,Lima,Miraflores,PE,"Miraflores, Lima, Peru",2026-07-31,2026-10-29,54,Actualizado hace más de 15 días,,,,,,2.0,False,"SQL, Power BI, Excel",3,True,False,False,True,True,False,False,False,False,False,False,False,False,False,False,False,False,False,False,False,False,True,1640130,https://www.bumeran.com.pe/perfiles/empresa_mapfre-peru-compania-de-seguros-y-reaseguros_1640130.html,Seguros,"Lima, Lima",Entre 1001 y 5000 empleados,"Somos MAPFRE, la aseguradora española líder a nivel mundial, con presencia en más de 30 países y una sólida trayectoria en Latinoamérica. En Perú, celebramos más de 25 años cuidando lo que más te importa, consolidándonos como una de las principales compañías del sector asegurador.
Contamos con la red de servicios más amplia del país, con más de 33 oficinas a nivel nacional, y un equipo de más de 3,000 colaboradores que destacan por su talento, compromiso e innovación con propósito.
En MAPFRE Perú, trabajamos cada día para construir una sociedad más segura, sostenible y solidaria, ofreciendo soluciones que acompañan a nuestros clientes en cada etapa de su vida. Nuestra cultura se basa en la confianza, el desarrollo profesional y el cuidado integral de las personas.

Porque en MAPFRE, cada minuto que inviertes, cobra sentido.",4.2,4.1,4.0,4.2,4.0,3.9,3.9,15.0,"En Mapfre, llevamos más de 90 años cuidando lo que más te importa. Nos enorgullece ser parte de una sociedad más sostenible, segura y solidaria, y queremos que formes parte de esta historia.
¿Qué buscamos? Personas como tú: talentosas/os, comprometidas/os e innovadoras/os. ¡Únete a la gran familia Mapfre y encuentra un lugar donde tu tiempo realmente cobra sentido!
Postula y conviértete en nuestro próximo #TalentoMapfre para desarrollarte como:
🚀 Analista Jr. de Siniestros y Prestaciones (BI)🚀
Buscamos talentos como tú:
Egresado universitario o Bachiller de las carreras de Ingeniería Industrial, Ingeniería de Sistemas, Estadística, Economía, Matemática o carreras afines.
Conocimientos en Excel (Avanzado), Power BI (Intermedio/Avanzado), SQL (Intermedio).
Experiencia mínima de 2 años en análisis de información, inteligencia de negocios o control de gestión.
Experiencia en indicadores, automatización de reportes y manejo de grandes volúmenes d einformación (indispensable).
Disponibilidad para laborar de manera presencial en Miraflores.
Tu día a día en este puesto:
Extraer, depurar y consolidar información de las bases de datos de siniestros y prestaciones.
Elaborar y actualizar reportes de gestión, indicadores y tableros de control.
Monitorear la calidad e integridad de la información empleada en los reportes.
Analizar tendencias, desviaciones y comportamiento de los indicadores de siniestralidad.
Elaborar presentaciones ejecutivas para la Gerencia y áreas usuarias.
Desarrollar dashboards en Power BI o herramientas similares para el seguimiento de KPIs.
Lo que hace especial ser parte de Mapfre:
Seguridad y bienestar: Desde tu primer día, cuentas con la opción a seguro EPS y un seguro de vida ley (hasta 40 veces tu sueldo).
Equilibrio real: Horarios flexibles y viernes de verano todo el año para disfrutar de más tiempo personal.
Crecimiento sin límites: Líneas de carrera diseñadas para potenciar tu liderazgo o especialización técnica.
Beneficios exclusivos: Accede a descuentos únicos en productos y servicios Mapfre, instituciones educativas y comercios.
Tu bienestar es primero: Apoyo gratuito mediante nuestro Programa de Atención Psicológica (PAS).
Haz el bien: Únete a nuestra Red de Voluntarios Mapfre y contribuye a iniciativas solidarias.
Aprendizaje constante: Capacitaciones en las herramientas digitales y colaborativas más actuales.
Un mundo de posibilidades: Sé parte de una multinacional con impacto en todo el país.
Lugar de trabajo: Miraflores
En Mapfre, promovemos un ambiente inclusivo donde cada persona pueda desarrollar su máximo potencial. Además, apoyamos la inclusión laboral de personas con discapacidad, en cumplimiento de la Ley N.º 29973.
¡Es el momento de construir tu futuro con nosotros!
Explora nuestras ofertas laborales locales e internacionales en: https://jobs.mapfre.com/
#MapfreDondeTuTiempoCobraSentido 🚀",2874,False,https://www.bumeran.com.pe/empleos/analista-jr.-de-siniestros-y-prestaciones-bi-mapfre-peru-compania-de-seguros-y-reaseguros-1118386323.html,2026-09-23 21:32
1118384457,Analista de Conducta de Mercado - Analisis de Datos,Confidencial,Análisis de datos / BI,analista de datos,1,Legales,Legal,Junior,Presencial,Full-time,Indeterminado,FULL_TIME,1,False,False,False,False,False,Lima,San Isidro,PE,"San Isidro, Lima, Peru",2026-07-30,2026-10-28,55,Actualizado hace más de 15 días,,,,,,,True,Excel,1,False,False,False,False,True,False,False,False,False,False,False,False,False,False,False,False,False,False,False,False,True,False,,,,,,,,,,,,,,,"🚀 ¡Nueva oportunidad profesional!
Buscamos profesionales con sólida capacidad analítica, orientación a resultados e interés por contribuir en la gestión y monitoreo de riesgos relacionados con productos, servicios y experiencia del cliente dentro del sector financiero.
✅ Perfil profesional
Bachiller en Ingeniería Industrial, Ingeniería de Sistemas, Economía, Finanzas o carreras afines.
Interés por el análisis de información, identificación de oportunidades de mejora y gestión de riesgos.
📌 Principales desafíos
Analizar información de productos, servicios y canales para identificar tendencias, riesgos y oportunidades de mejora.
Detectar patrones relevantes a través del análisis de datos.
Elaborar informes con hallazgos, recomendaciones y propuestas de acción.
Coordinar con diferentes áreas para el seguimiento de iniciativas de mejora.
Participar en procesos de evaluación y monitoreo de riesgos.
📊 Conocimientos deseables
Protección al consumidor y aspectos normativos relacionados.
Gestión de riesgos y auditoría interna.
Herramientas de analítica de datos e inteligencia artificial.
Excel avanzado.
Inglés intermedio.
🌟 Competencias valoradas
Pensamiento analítico.
Aprendizaje continuo.
Adaptabilidad.
Curiosidad intelectual.
Orientación a resultados.
Si te apasiona el análisis de información, la mejora continua y la generación de valor a través de la toma de decisiones basada en datos, esta puede ser una excelente oportunidad para tu desarrollo profesional.",1476,False,https://www.bumeran.com.pe/empleos/analista-de-conducta-de-mercado-analisis-de-datos-1118384457.html,2026-09-23 21:32
1118385489,Analista de Datos (10mo o recién egresado),INDRA PERU,Análisis de datos / BI,analista de datos,1,"Comercial, Ventas y Negocios",Desarrollo de Negocios,Trainee / Pasante,Híbrido,Full-time,Indeterminado,FULL_TIME,1,False,False,False,False,False,Lima,San Isidro,PE,"San Isidro, Lima, Peru",2026-07-30,2026-10-28,55,Actualizado hace más de 15 días,,,,,,,True,"SQL, Python, Excel",3,True,True,False,False,True,False,False,False,False,False,False,False,False,False,False,False,False,False,False,False,False,False,2255030,https://www.bumeran.com.pe/perfiles/empresa_indra-peru_2255030.html,Informática / Tecnología,"Lima, Aguascalientes",Entre 1001 y 5000 empleados,"Somos una de las principales empresas globales de consultoría y tecnología y el socio tecnológico global para los negocios clave de nuestros clientes. Desarrollamos una oferta de soluciones propias, servicios avanzados y de alto valor añadido en tecnología.",,,,,,,,,"En MBC, firma de consultoría de negocio, estrategia y operaciones de Indra Group, transformamos organizaciones.
¿Te apasiona convertir la información en decisiones que marcan la diferencia?
Este es tu momento.
¿Qué buscamos en ti para crecer juntos?
Buscamos talento con visión, curiosidad y ganas de crecer. Estos son los requisitos clave:
10mo o recién egresado de las carreras de Ingeniería industrial, ingeniería sistemas, Economía o Administración de empresas
Conocimiento e interés en data (Python, SQL, Excel)
Excelentes habilidades de comunicación, tanto oral como escrita.
Experiencia en colaboración con equipos multidisciplinarios.
Nivel alto de inglés, trabajamos en proyectos internacionales.
Nuestro formato de trabajo es híbrido, por lo que necesitamos que residas en Lima.
Ser parte de MBC es crecer, contribuir y dejar huella
Serás parte de la transformación energética, contribuyendo a un futuro más sostenible.
Trabajarás con personas brillantes y cercanas, con el respaldo de la empresa y el acompañamiento de managers y líderes.
Tendrás un plan de carrera ambicioso, con evaluaciones semestrales que impulsan tu desarrollo.
Disfrutarás de autonomía, exposición a clientes y oportunidades reales de liderazgo.
Un sistema de evaluación transparente, con reglas claras desde el inicio.
Cultura centrada en las personas, el respeto medioambiental, el impacto social y la igualdad de género.
Pasión por los resultados y por generar soluciones que marcan la diferencia.
Trabajarás con clientes líderes del sector eléctrico en proyectos estratégicos.
Tu desarrollo, nuestra prioridad: descubre lo que MBC tiene para ti
Crece, aprende y lidera
Formación en skills de consultoría, soft skills, skills digitales y certificaciones.
Programa internacional MBC ICE para trabajar en proyectos globales.
Mentoring personalizado para maximizar tu potencial.
Exposición a clientes del IBEX 35.
Beneficios que marcan la diferencia
Modelo de trabajo híbrido.
Descuentos en instituciones educativas
Seguro FOLA
Seguro de Vida
Acceso a TherapySide, plataforma de bienestar
Una cultura que te impulsa
Entorno dinámico, diverso y colaborativo donde la innovación y la excelencia son clave.
Eventos de team building, afterworks y actividades deportivas.
Iniciativas ThePlaceToBe y voluntariado Grupo Indra con impacto en personas, medio ambiente y tecnología.
Respeto, diversidad e igualdad de oportunidades como pilares fundamentales.
¿Estás listo para dar el siguiente paso en tu carrera?
Si te apasiona la gestión de proyectos, la consultoría y el impacto real en clientes Únete a MBC y haz historia.
MBC, the place to be.
Nuestro compromiso es promover ambientes de trabajo en los que se trate con respeto y dignidad a las personas, procurando el desarrollo profesional de la plantilla y garantizando la igualdad de oportunidades en su selección, formación y promoción ofreciendo un entorno de trabajo libre de cualquier discriminación por motivo de género, edad, discapacidad, orientación sexual, identidad o expresión de género, religión, etnia, estado civil o cualquier otra circunstancia personal o social.",3111,False,https://www.bumeran.com.pe/empleos/analista-de-datos-10mo-o-recien-egresado-indra-peru-1118385489.html,2026-09-23 21:32
1118380388,Analista de Inteligencia de Datos,PANDERO S.A. EAFC,Análisis de datos / BI,analista de datos,1,"Tecnología, Sistemas y Telecomunicaciones",Análisis de Datos,Semi Sr,Híbrido,Full-time,Indeterminado,FULL_TIME,1,False,False,False,True,False,Lima,San Isidro,PE,"San Isidro, Lima, Peru",2026-07-24,2026-10-22,61,Actualizado hace 17 horas,,,,,,2.0,False,"SQL, Python, R, Power BI, Qlik, Looker, Spark, Databricks, Google Cloud, Machine Learning",10,True,True,True,True,False,False,True,True,False,False,False,True,True,False,False,True,False,False,False,True,False,True,1589800,https://www.bumeran.com.pe/perfiles/empresa_pandero-s.a.-eafc_1589800.html,Automotriz,"SAN ISIDRO, Lima",Entre 301 y 500 empleados,"Pandero S.A. es una empresa administradora de fondos colectivos con 50 años en el mercado y supervisada por la Superintendencia del Mercado de Valores (SMV). Ha entregado más de 90,000 vehículos nuevos y cuenta con más de 35,000 clientes activos que buscan cumplir el sueño del auto o inmueble nuevo.",4.1,4.0,3.8,4.1,3.8,3.9,3.7,12.0,"🚀 Misión del puesto
Participar en el diseño, implementación, mantenimiento y soporte de datos en la organización, desde la gestión de los datos hasta su análisis estratégico para el apoyo en la toma de decisiones.
🚀 ¿Cuáles serán tus retos?
Investigar, diseñar y desarrollar modelos predictivos y algoritmos de Machine Learning (supervisados y no supervisados) para identificar patrones ocultos y anticiparte a las necesidades del mercado.
Realizar Análisis Exploratorio de Datos (EDA) y aplicar pruebas estadísticas para validar hipótesis de negocio, garantizando la fiabilidad de las conclusiones.
Diseñar y ejecutar experimentos A/B y pruebas de validación para evaluar científicamente el impacto de cambios en productos o procesos antes de su implementación a gran escala.
Comunicar hallazgos complejos e insights técnicos a stakeholders no técnicos mediante visualización de datos y storytelling, facilitando la comprensión y asegurando recomendaciones accionables.
💙 ¿Qué ofrecemos?
Modalidad híbrida (post-inducción).
Horario flexible.
Impulso Profesional para tu desarrollo continuo.
Desafíos constantes siendo parte de una empresa con 56 años de liderazgo en fondos colectivos.
Beneficios familiares.
Propósito inspirador.
🌟 ¿Qué buscamos en ti?
Formación: Profesional técnico o universitario concluido en Ingeniería de Sistemas o carreras afines.
Especialización: Business Intelligence, Ciencia de Datos, Machine Learning o Big Data.
Experiencia: De 2 a 3 años de experiencia en roles afines.
Conocimientos Técnicos Avanzados: SQL (Modelado, Consultas), algoritmos de Machine Learning (Árboles de decisión, Random Forest, Regresiones), estadística y matemática para ciencia de datos, ciclo de vida de datos (EDA, Feature Engineering, despliegue) y resolución de casos de negocio (Credit Scoring, Segmentación, Churn rate).
Conocimientos Técnicos Sólidos: Python/R, tecnologías Cloud (GCP: BigQuery, Dataflow, etc.), arquitecturas Big Data (Databricks, Data Lake, Spark), bases de datos NoSQL y herramientas de BI (PowerBI, Qliksense, Looker).
Competencias Clave: Aprendizaje continuo, trabajo en equipo, iniciativa, orientación al cliente y adaptabilidad al cambio.",2175,False,https://www.bumeran.com.pe/empleos/analista-de-inteligencia-de-datos-pandero-s.a.-eafc-1118380388.html,2026-09-23 21:32
1118374430,Analista de datos y Business Intelligence,QENETO,Análisis de datos / BI,analista de datos; business intelligence,2,Aduana y Comercio Exterior,Consultorías Comercio Exterior,No especificado,Presencial,Full-time,,FULL_TIME,1,False,False,False,False,False,La Libertad,Trujillo,PE,"Trujillo, La Libertad, Peru",2026-07-23,2026-10-21,62,Actualizado hace más de 15 días,"De S/.2,000 A S/.2,500 Por Mes",2000.0,2500.0,PEN,Mes,1.0,True,"SQL, Power BI, Excel",3,True,False,False,True,True,False,False,False,False,False,False,False,False,False,False,False,False,False,False,False,False,False,13515283,https://www.bumeran.com.pe/perfiles/empresa_qeneto_13515283.html,Comercio,"Trujillo, La Libertad",Entre 11 y 50 empleados,"Brindamos soluciones para el sector exportador, integrando data, monitoreo y otras herramientas para la operación.",,,,,,,,,"Responsable de extraer y transformar información de comercio exterior para la elaboración de reportes y dashboards oportunos

Requisitos
✅Bachiller en Ingeniería Industrial, de Sistemas, Agroindustrial, Estadística o carreras afines
✅ De 1 a 3 años de experiencia en análisis de información
✅ Conocimiento de comercio exterior: exportaciones e importaciones
✅ Manejo de plataformas de Aduanas del Perú
✅ Excel avanzado
✅ Inglés básico
✅ Deseable manejo de Power BI y SQL básico
✅ Deseables cursos o especializaciones en análisis de datos o inteligencia de negocios

Principales responsabilidades
Extraer, recopilar, depurar y validar información proveniente de Aduanas del Perú
Elaborar reportes semanales y personalizados
Mantener actualizadas y ordenadas las bases de datos y repositorios de información
Verificar la calidad y consistencia de los datos antes de su publicación
Documentar las fuentes, criterios, fórmulas y reglas utilizadas en los reportes
Diseñar y actualizar dashboards y reportes de gestión
Identificar y comunicar oportunamente inconsistencias en la información

¡¡ Impulsa tu crecimiento profesional junto al equipo de Qeneto!!",1151,False,https://www.bumeran.com.pe/empleos/analista-de-datos-y-business-intelligence-qeneto-1118374430.html,2026-09-23 21:32
1118376915,Analista de datos - Experiencia del Cliente,Confidencial,Análisis de datos / BI,analista de datos,1,"Comercial, Ventas y Negocios",Otra,Semi Sr,Híbrido,Full-time,Indeterminado,FULL_TIME,1,False,False,False,False,False,Lima,Lima,PE,"Lima, Lima, Peru",2026-07-22,2026-10-20,63,Actualizado hace más de 15 días,,,,,,3.0,False,"SQL, Python, Power BI, Excel, AWS, Azure",6,True,True,False,True,True,False,False,False,False,False,False,False,False,True,True,False,False,False,False,False,True,False,,,,,,,,,,,,,,,"Estamos en búsqueda de un Analista de Datos (Experiencia al cliente).
Principales Funciones:
• Recopilar, consolidar y gestionar información proveniente de diversas plataformas, bases de datos y canales de interacción, asegurando la calidad e integridad de los datos para su análisis.
• Desarrollar, actualizar y monitorear reportes, tableros de control e indicadores de gestión, garantizando la disponibilidad de información oportuna para la toma de decisiones.
• Analizar datos, tendencias y comportamientos de clientes o usuarios para identificar oportunidades de mejora, riesgos potenciales y generar recomendaciones estratégicas.
• Brindar soporte analítico en procesos de planificación operativa, proyecciones de demanda, seguimiento de productividad y optimización de recursos, contribuyendo a la eficiencia de la operación.
• Elaborar informes ejecutivos, presentar hallazgos y propuestas de mejora a distintos niveles de la organización, realizando seguimiento a iniciativas y planes de acción derivados de los análisis realizados.
Requisitos:
• Lic. En Ingeniería de Sistemas, Ingeniería Industrial, Estadística, Administración y/o carreras afines.
• Experiencia mínima de 3 años en roles similares.
• Conocimiento en Manejo de Base de datos en SQL, CRM. (Indispensable)
• Conocimiento en Excel, Power BI Avanzado. (Indispensable)
• Manejo de Plataforma Azure, AWS y soluciones integradas en la nube. (Indispensable)
• Conocimiento en Python. (Indispensable)
• Experiencia en análisis de reportes de Contact Center (Indispensable)
Beneficios:
• Cobertura EPS y cobertura oncológica.
• Beneficios corporativos",1618,False,https://www.bumeran.com.pe/empleos/analista-de-datos-experiencia-del-cliente-1118376915.html,2026-09-23 21:32
1118377926,Analista de Datos y Proyectos Digitales - Hibrido,UNIVERSIDAD TECNOLOGICA DEL PERU,Análisis de datos / BI,analista de datos,1,Oficios y Otros,Otra,Semi Sr,Híbrido,Full-time,Indeterminado,FULL_TIME,1,False,False,False,False,False,Lima,Lima,PE,"Lima, Lima, Peru",2026-07-22,2026-10-20,63,Actualizado hace más de 15 días,,,,,,2.0,True,"SQL, Power BI, Excel, Tableau",4,True,False,False,True,True,True,False,False,False,False,False,False,False,False,False,False,False,False,False,False,False,False,13483290,https://www.bumeran.com.pe/perfiles/empresa_universidad-tecnologica-del-peru_13483290.html,Educación,"LIMA, Lima",Entre 501 y 1000 empleados,,,,,,,,,,"La Unidad Corporativa de la Universidad Tecnológica del Perú, que forma parte del Grupo Intercorp y es parte del ranking de las mejores empresas para trabajar en el Perú según Great Place to Work*, se encuentra en búsqueda del mejor talento, para ocupar la posición de “Analista de Datos y Proyectos Digitales” a continuación, los detalles
¿A quiénes buscamos?
Profesional en Ingeniería Industrial, Ingeniería de Sistemas, Ingeniería Informática, Administración, Economía o carreras afines.
Experiencia mínima de 2 años gestionando proyectos comerciales, tecnológicos o de transformación digital.
Experiencia coordinando con proveedores de desarrollo de software, canales digitales o plataformas de atención.
Conocimiento de pruebas funcionales (QA), validación de requerimientos y gestión de incidencias.
Experiencia trabajando con bases de datos, análisis de información y construcción de dashboards.
Manejo intermedio de Power BI, SQL. Excel y herramientas de gestión de proyectos (Monday, Jira, Trello o similares).
Conocimiento de metodologías ágiles (Scrum, Kanban).
Deseable experiencia en plataformas CRM, contact center, bots conversacionales o integraciones vía API.
Deseable conocimiento de herramientas de Inteligencia Artificial (ChatGPT, Copilot, Gemini u otras) aplicadas a automatización, análisis y productividad.
Alta capacidad analítica, organización y coordinación multifuncional.
Deseable: inglés intermedio.
¿Qué funciones realizarías?
Proyectos y mejora continua
Identificar oportunidades de mejora en procesos comerciales y de atención, proponiendo iniciativas de optimización de flujos que impacten en eficiencia y resultados comerciales.
Levantar y documentar requerimientos funcionales de las áreas comerciales.
Coordinar con proveedores tecnológicos y equipos internos el desarrollo, implementación y seguimiento de iniciativas digitales.
Realizar seguimiento de cronogramas, entregables y cumplimiento de acuerdos de servicio (SLA).
Liderar reuniones de definición funcional, validación y puesta en producción con stakeholders.
Dar soporte analítico a iniciativas de expansión o mejora de canales asignados.
QA y validaciones
Diseñar y ejecutar pruebas sobre nuevas funcionalidades, automatizaciones o mejoras tecnológicas.
Elaborar casos de prueba y documentar hallazgos e incidencias.
Validar que los desarrollos implementados cumplan con los requerimientos del negocio antes de su liberación.
Coordinar la corrección y seguimiento de observaciones con proveedores y equipos de desarrollo.
Data y automatización
Analizar información proveniente de CRM, contact center, plataformas digitales y herramientas comerciales.
Identificar oportunidades de automatización de procesos mediante herramientas digitales e IA.
Monitorear la calidad y consistencia de datos utilizados para la gestión comercial.
Proponer mejoras basadas en análisis de datos y comportamiento de usuarios.
IA y transformación digital
Identificar oportunidades para implementar soluciones de Inteligencia Artificial en procesos comerciales y de atención.
Implementar automatizaciones con herramientas (no-code/low-code como Make, Zapier o Power Automate.
Análisis y seguimiento comercial
Realizar el seguimiento de procesos, objetivos de ventas e indicadores de gestión comercial.
Analizar el desempeño de los distintos canales comerciales y apoyar la identificación de brechas y oportunidades de mejora.
Elaborar reportes ejecutivos que faciliten la toma de decisiones del negocio.
Reporting y data
Consolidar información proveniente de distintas plataformas en dashboards (Power BI, Tableau, Google Data Studio u otros).
Automatizar reportes recurrentes de desempeño comercial y operativo.
Asegurar la consistencia y calidad de la información reportada.
Soporte a herramientas
Brindar soporte funcional a la gestión de herramientas como Genesys Cloud, CRM u otras plataformas comerciales.
Coordinar con proveedores y equipos internos el seguimiento de incidencias operativas o de data.
¿Cuál sería tu horario de trabajo?
Lunes a viernes de 8:30am a 6:30pm (Modalidad hibrida).
¿Por qué unirte a la UTP?
Atractivo salario: Reconocemos tu talento con una compensación por encima del mercado.
Disfruta de todos los beneficios de ley que te corresponden por ingresar al corporativo, en planilla desde el primer día.
Crecimiento profesional y capacitación constante: Desarrolla tu carrera en un entorno de aprendizaje continuo, con oportunidades de ascenso en UTP y Grupo Intercorp.
Descuentos corporativos y educativos: Beneficios exclusivos Intercorp y descuentos en programas de postgrado y formación continua.
Excelente clima laboral: Somos una empresa reconocida como Great Place To Work.
Trabajar con un equipo altamente calificado dentro de una infraestructura moderna y equipada con la mejor tecnología.
¡Más diversos, mejores equipos!
*Según resultados GPTW 2026",4865,False,https://www.bumeran.com.pe/empleos/analista-de-datos-y-proyectos-digitales-hibrido-universidad-tecnologica-del-peru-1118377926.html,2026-09-23 21:32
1118376849,ANALISTA DE INTELIGENCIA DE NEGOCIO,YAMANIJA &amp; ASOCIADOS CONSULTORIA SAC,Análisis de datos / BI,inteligencia de negocios,1,"Tecnología, Sistemas y Telecomunicaciones",Análisis de Datos,Senior / Semi-Senior,Presencial,Full-time,,FULL_TIME,1,False,False,True,False,False,Lima,Lima,PE,"Lima, Lima, Peru",2026-07-22,2026-10-20,63,Actualizado hace más de 15 días,,,,,,3.0,False,"Python, Power BI, Azure",3,False,True,False,True,False,False,False,False,False,False,False,False,False,False,True,False,False,False,False,False,False,True,2134290,https://www.bumeran.com.pe/perfiles/empresa_yamanija-amp-asociados-consultoria-sac_2134290.html,Consultoría,"LIMA , Lima",Entre 11 y 50 empleados,"Somos un equipo de profesionales que creemos en el valor y en el talento humano como el principal recurso en las Organizaciones. Nuestra experiencia de más 20 de años, es el mejor respaldo de eficiencia y resultado de nuestros clientes.",,,,,,,,,"Empresa Industrial Corporativa está en búsqueda de un ANALISTA DE INTELIGENCIA DE NEGOCIO:
Elaboración de reportes de las áreas asignadas.
Implementar soluciones utilizando el análisis de data y reportes utilizando Power BI y otras herramientas.

Requisitos:
Bachiller o titulado en Ingeniería de sistemas, industrial o afines.
Manejo de Power BI, azure y Phyton avanzado.
3-4 años de experiencia como Analista BI, inteligencia de negocios.

Beneficios
Trabajo híbrido
Régimen general",484,False,https://www.bumeran.com.pe/empleos/analista-de-inteligencia-de-negocio-yamanija-amp-asociados-consultoria-sac-1118376849.html,2026-09-23 21:32
1118377642,"ANALISTA DE PLANEAMIENTO COMERCIAL (Power BI, Python y SQL avanzado)",UNIVERSIDAD TECNOLOGICA DEL PERU,Análisis de datos / BI,analista bi; power bi,2,"Comercial, Ventas y Negocios",Planeamiento comercial,Semi Sr,Presencial,Full-time,Indeterminado,FULL_TIME,1,False,False,False,False,False,Lima,Lima,PE,"Lima, Lima, Peru",2026-07-22,2026-10-20,63,Publicado hace más de 15 días,,,,,,3.0,False,"SQL, Python, Power BI, Excel",4,True,True,False,True,True,False,False,False,False,False,False,False,False,False,False,False,False,False,False,False,False,False,13483290,https://www.bumeran.com.pe/perfiles/empresa_universidad-tecnologica-del-peru_13483290.html,Educación,"LIMA, Lima",Entre 501 y 1000 empleados,,,,,,,,,,"La Universidad Tecnológica del Perú, que forma parte del Grupo Intercorp y es parte del ranking de las mejores empresas para trabajar en el Perú según Great Place to Work*, se encuentra en búsqueda del mejor talento para ocupar la posición de “Analista de Planeamiento Comercial”. A continuación, los detalles.
¿A quiénes buscamos?
Bachiller en las carreras de Ingeniería Industrial, Empresarial, Administración, Gestión, Ingeniería de Sistemas o afines.
Indispensable contar con más de 3 años de experiencia en áreas de planeamiento o inteligencia comercial
Indispensable experiencia manejando Excel y Power BI a nivel avanzado
Indispensable manejo de programación en SQL y Python.
Experiencia trabajando con equipos y modelos de propensión o scoring.
Conocimientos en herramientas de Inteligencia Artificial.
Deseable experiencia en el sector educación.
Conocimiento de CRM MS Dynamics (deseable)
Buena capacidad analítica, interpretación de resultados y manejo de presentaciones a gerencia.
Orientación a resultados y alto sentido de urgencia.
¿Qué funciones realizarías?
Monitorear el desempeño de los canales de counter y call center (inbound): volumen, contactabilidad, conversión y calidad de gestión por equipo y asesor.
Analizar el ciclo completo del lead en cada canal desde la asignación hasta el cierre identificando dónde se pierde y por qué.
Ser responsable de la analítica posterior al proceso de inscripción hasta la matrícula del alumno.
Participar en iniciativas del equipo de Data Office vinculadas a los canales de ventas: modelos de propensión, scoring de leads, análisis de descalificados.
¿Cuál sería tu horario de trabajo?
Lunes a viernes de 8:30 AM a 6:30 PM (Modalidad presencial).
¿Por qué unirte a UTP?
Disfruta de todos los beneficios de ley que te corresponden por ingresar al corporativo, en planilla desde el primer día.
Crecimiento profesional y capacitación constante: Desarrolla tu carrera en un entorno de aprendizaje continuo, con oportunidades de ascenso en UTP y Grupo Intercorp.
Descuentos corporativos y educativos: Beneficios exclusivos Intercorp y descuentos en programas de postgrado y formación continua.
Excelente clima laboral: Somos una empresa reconocida como Great Place To Work.
Trabajar con un equipo altamente calificado dentro de una infraestructura moderna y equipada con la mejor tecnología.
“La UTP es una universidad inclusiva y libre de discriminación, que respeta la diversidad y autenticidad de cada uno de los colaboradores.”
¡Más diversos, mejores equipos!
*Según resultados GPTW 2026",2547,False,https://www.bumeran.com.pe/empleos/analista-de-planeamiento-comercial-power-bi-python-y-sql-avanzado-universidad-tecnologica-del-peru-1118377642.html,2026-09-23 21:32
1118369996,Analista BI Comercial,Los Portales,Análisis de datos / BI,analista bi,1,"Tecnología, Sistemas y Telecomunicaciones",Análisis de Datos,Semi Sr,Presencial,Full-time,Indeterminado,FULL_TIME,1,False,False,False,False,False,Lima,Magdalena del Mar,PE,"Magdalena del Mar, Lima, Peru",2026-07-21,2026-10-19,64,Actualizado hace más de 15 días,,,,,,2.0,False,"SQL, Power BI, Excel",3,True,False,False,True,True,False,False,False,False,False,False,False,False,False,False,False,False,False,False,False,False,True,2031850,https://www.bumeran.com.pe/perfiles/empresa_los-portales_2031850.html,Construcción,"Lima, Lima",Entre 1001 y 5000 empleados,"Los Portales es la empresa líder del sector inmobiliario en el Perú, con más de 60 años desarrollando proyectos que transforman vidas. Con presencia a nivel nacional, operamos en cuatro unidades de negocio: Habilitación Urbana, Vivienda Social, Departamentos y Hoteles. Nos impulsa una cultura de innovación, excelencia y compromiso con el desarrollo sostenible. A través de nuestras acciones de responsabilidad social, buscamos generar un impacto positivo  en las comunidades donde estamos presentes. Valoramos el talento, promovemos el crecimiento profesional y fomentamos un ambiente dinámico y con propósito. Si estás buscando un lugar donde desarrollarte, aportar y construir futuro. ¡Únete a  Los Portales!",,,,,,,,,"¡Haz historia con nosotros y lleva tu carrera al siguiente nivel!
En Los Portales S.A., con más de 60 años de trayectoria impulsando el desarrollo de negocios en el sector inmobiliario y hotelero, y brindando oportunidades para las familias peruanas, estamos en busca de un(a) Analista BI para formar parte de nuestro equipo en Magdalena. Si eres una persona apasionada por los retos, el crecimiento, el cumplimiento de objetivos y la gestión de materiales, esta es tu oportunidad de contribuir a nuestro legado de éxito.
💡¿Cuáles serán tus desafíos?
Diseñar, construir y mantener dashboards comerciales en Power BI (ventas, embudo, forecast, cumplimiento de metas) para la toma de decisiones del área.
Extraer, limpiar y modelar datos desde las fuentes de origen (CRM, bases de datos, Excel) usando SQL y Power Query, automatizando reportes hoy manuales.
Desarrollar aplicaciones en Power Apps para digitalizar procesos y flujos de captura de información del área comercial.
Presentar resultados con storytelling de datos, traduciendo cifras en insights claros para gerencias y usuarios no técnicos, y dando seguimiento a los KPIs comerciales.
Proponer mejoras a procesos de reporting, indicadores y fuentes de datos, coordinando requerimientos con el área comercial, TI y Data Governance.
Brindar soporte a los informes/dashboards en producción y realizar otras funciones afines que disponga su jefe inmediato.
💼¿Qué buscamos?
Estudios técnicos o universitarios de Ing. Industrial, Administración, Ing. Sistemas y/o afines.
Experiencia mínima de 2 años en roles de Analista BI Jr, Asistente BI o Practicante con experiencia.
Contar con experiencia en Reportería de Datos (Indispensable)
Gestion de base de datos SQL a nivel intermedio. (Indispensable)
Manejo de MS Excel a nivel avanzado. (Indispensable)
Disponibilidad para trabajar de manera presencial en el distrito de Magdalena del Mar de Lunes a Viernes.
⭐¿Como te recompensaremos?
Ingreso a planilla desde el primer día con todos los beneficios de ley.
Remuneración acorde al mercado.
Capacitaciones en una empresa en constante crecimiento.
Buen clima laboral y objetivos retadores.
¡Únete a nuestro equipo y demuestra que tú también tienes la actitud portales!
Las ofertas de empleo y acceso a medios de formación educativa no podrán contener requisitos que constituyan discriminación, anulación o alteración de igualdad de oportunidades de trato.
Ley N° 26772",2420,False,https://www.bumeran.com.pe/empleos/analista-bi-comercial-los-portales-1118369996.html,2026-09-23 21:32
1118376084,Analista de Datos PLAFT,Confidencial,Análisis de datos / BI,analista de datos,1,"Tecnología, Sistemas y Telecomunicaciones",Análisis de Datos,Semi Sr,Híbrido,Full-time,Indeterminado,FULL_TIME,1,False,True,True,False,False,Lima,San Isidro,PE,"San Isidro, Lima, Peru",2026-07-21,2026-10-19,64,Actualizado hace más de 15 días,,,,,,3.0,False,"SQL, Power BI",2,True,False,False,True,False,False,False,False,False,False,False,False,False,False,False,False,False,False,False,False,True,False,,,,,,,,,,,,,,,"MISIÓN
Velar por la seguridad e integridad de la compañía para que no sea utilizada para lavar dinero o financiar el terrorismo.
PRINCIPALES FUNCIONES
Implementación de desarrollos informáticos para procesos de Debida Diligencia/Monitoreo de Operaciones (automatizaciones, explotaciones de data, generación de reportes)
Gestionar y dar seguimiento a Dashboards y herramientas digitales relacionadas a la gestión.
Gestionar los reportes operativos: Cumplir con la generación de reportes mensuales, operaciones inusuales e información a corporativo.
Seguimiento e implementación de oportunidades de mejora sobre el Sistema Plaft.
Apoyar en el despliegue de capacitaciones normativas, revisión de materiales, approach a la primera línea de defensa, generando cultura PLAFT en la organización.
Apoyar con el seguimiento, análisis e identificación de riesgo de lavado de activos de los afiliados a partir de los movimientos de sus fondos.
PRINCIPALES CONOCIMIENTOS, EXPERIENCIAS Y HABILIDADES
Formación Profesional:
Ingeniería de sistemas, Informática, Ingeniería industrial, Finanzas, Administración o carrera afín
Conocimientos:
SQL (indispensable)
PowerApps / PowerAutomate
PowerBi
Data Analytics
Office Avanzado
Legislación Vigente PLAFT (deseable)
Matriz de Riesgo (deseable)
Normativa Previsional (deseable)
Experiencia:
Experiencia 3 años en cargos similares (comprobable)
Experiencia en sector financiero (deseable)",1418,False,https://www.bumeran.com.pe/empleos/analista-de-datos-plaft-1118376084.html,2026-09-23 21:32
1118373254,Analista de Business Inteligence/Power BI y Excel Intermedio/Villa El Salvador/Rubro Industrial,ManpowerGroup Perú,Análisis de datos / BI,analista bi; power bi,2,"Tecnología, Sistemas y Telecomunicaciones",Administración de Base de Datos,Junior,Presencial,Full-time,Temporal,TEMPORARY,1,False,False,False,False,False,Lima,Villa El Salvador,PE,"Villa El Salvador, Lima, Peru",2026-07-20,2026-10-18,65,Actualizado hace más de 15 días,,,,,,,False,"Power BI, Excel",2,False,False,False,True,True,False,False,False,False,False,False,False,False,False,False,False,False,False,False,False,False,True,10011970,https://www.bumeran.com.pe/perfiles/empresa_manpowergroup-peru_10011970.html,Consultoría,"Lima, Lima",Entre 1001 y 5000 empleados,"En ManpowerGroup creemos en las personas y en el papel que representa el trabajo en sus vidas. Además, creemos en la importancia de impulsar el talento para favorecer el crecimiento personal y profesional.

Somos líder mundial en soluciones para la fuerza laboral, ayudando a las organizaciones a transformarse en un mundo laboral que cambia rápidamente mediante la búsqueda, evaluación, desarrollo y gestión del talento. Desarrollamos soluciones innovadoras para cientos de miles de organizaciones cada año, brindándoles talento calificado mientras encontramos empleo significativo y sostenible para millones de personas en una amplia gama de industrias. 

Nuestra familia de marcas expertas (Manpower, Experis y Talent Solutions) crea mucho más valor para nuestros candidatos en más de 70 países, durante 75 años a nivel global y 29 años a nivel nacional.

Anímate a dejar huella con nosotros ¡Únete a la compañía que impulsa tu Talento!",3.8,3.8,3.6,3.8,3.6,3.6,3.7,193.0,"En Manpower Perú buscamos al mejor talento para asumir el reto como Analista de Business Inteligence ¡La oportunidad de tener un futuro mejor, está aquí!
Requisitos:
Profesionales titulados en Ingeniería Industrial, Administración o afines.
Lunes a viernes 9am a 6:00 pm u 8am a 6pm /Sábados medio dia 9am a 1pm
Manejo de Power BI a nivel intermedio.
Excel y herramientas de Office a nivel avanzado
Conocimiento en gestión de riesgos, procesos y datos (deseable).
Competencias: pensamiento analítico, solución de problemas, comunicación efectiva y trabajo en equipo.
Funciones:
Extraer, analizar y validar información para identificar patrones, riesgos y oportunidades.
Elaborar reportes y dashboards (Excel, Power BI u otras herramientas) para el seguimiento de indicadores clave para el área de recursos humanos
Coordinar con áreas internas como SSO, Recursos humanos, Nóminas y Facturación para el levantamiento y validación de información.
Proponer mejoras en procesos y métricas de análisis que contribuyan a la toma de decisiones.
Automatizar tareas y procesos repetitivos orientados a la eficiencia operativa.
Beneficios:
Planilla completa con todos los beneficios de ley de Manpower.
Sueldo bruto mensual de acuerdo con el mercado.
Bono de alimentación.
Pagos quincenales.
Cuenta con todos los beneficios de estar en planilla desde el primer día.
Disfruta de beneficios corporativos como descuentos especiales, acceso a actividades, capacitaciones entre otros.
‘’En Manpower Perú, promovemos la inclusión e inserción laboral sin distinción por razón de discapacidad, genero, orientación, identidad y expresión de género, lugar de origen o generación. Por ello ¡Todos los talentos son bienvenidos! ‘’",1707,False,https://www.bumeran.com.pe/empleos/analista-de-business-inteligence-power-bi-y-excel-intermedio-villa-el-salvador-rubro-industrial-manpowergroup-peru-1118373254.html,2026-09-23 21:32
1118373138,Analista de Cobranzas y BI,Prosegur,Análisis de datos / BI,analista bi,1,"Administración, Contabilidad y Finanzas",Créditos y Cobranzas,Junior,Presencial,Full-time,Indeterminado,FULL_TIME,1,False,False,False,False,False,Lima,Santiago de Surco,PE,"Santiago de Surco, Lima, Peru",2026-07-20,2026-10-18,65,Actualizado hace más de 15 días,,,,,,3.0,False,"SQL, Python, Power BI",3,True,True,False,True,False,False,False,False,False,False,False,False,False,False,False,False,False,False,False,False,False,True,10098460,https://www.bumeran.com.pe/perfiles/empresa_prosegur_10098460.html,Otra,"Santiago de Surco, Lima",Entre 1001 y 5000 empleados,"Prosegur es una compañía multinacional que ofrece soluciones de seguridad globales e integrales, adaptadas a las necesidades de nuestros clientes. Somos referente en cada uno de los mercados en los que desarrollamos nuestra actividad.

Actualmente ofrecemos servicios que abarcan distintos ámbitos de la seguridad: Vigilancia, Logística de Valores y Gestión de Efectivo, Tecnología y Alarmas.  

En Prosegur, al mismo tiempo que aplicamos nuestra concepción global, actuamos de forma local y siendo conscientes de las particularidades de cada país. Trabajamos bajo estrictos parámetros de excelencia apostando por la innovación y adaptándonos a las necesidades específicas del cliente. Basamos nuestro trabajo en una estrategia de negocio claramente diferenciada; cercanía al cliente, innovación y excelencia en el servicio unido a una sólida posición financiera.",,,,,,,,,"PROSEGUR es una compañía multinacional con presencia en más de 30 países, líder en el sector de seguridad. Buscamos profesionales con experiencia en cobranza masiva y análisis de cartera, con dominio de SQL, Power BI y automatización de procesos mediante Python.
🎯 Serás Responsable De:
Analizar la cartera de cobranza y monitorear indicadores de gestión para identificar oportunidades de mejora en la recuperación y reducción de morosidad.
Desarrollar y mantener dashboards, reportes y modelos de análisis utilizando Power BI, SQL y otras herramientas analíticas.
Automatizar procesos operativos y reportes mediante SQL, Python, Power Query o herramientas similares, incrementando la eficiencia del área.
Realizar segmentación y priorización de clientes para definir estrategias de cobranza basadas en comportamiento de pago, riesgo y probabilidad de recuperación.
🔎¿Qué buscamos?
Bachiller o titulado en Ingeniería Industrial, Ingeniería de Sistemas, Estadística, Economía, Administración o carreras afines.
Experiencia mínima de 3 años en cobranza masiva, preferentemente en telecomunicaciones, banca, seguros, utilities o empresas con alto volumen de clientes.
Dominio avanzado de SQL para extracción, análisis y transformación de datos.
Manejo avanzado de Power BI para generación de indicadores y dashboards.
Conocimientos de Python orientados a automatización y tratamiento de datos. (deseable)
Experiencia en análisis de cartera, KPI de cobranza, segmentación de clientes y estrategias de recuperación.
Beneficios:
Ingreso a planilla con todos los beneficios de ley.
Programas de capacitación y desarrollo profesional.
Línea de carrera.
Beneficios corporativos.",1669,False,https://www.bumeran.com.pe/empleos/analista-de-cobranzas-y-bi-prosegur-1118373138.html,2026-09-23 21:32
1118374589,"Analista (Programación, elaboración y análisis de datos)",GRUPO DAESMAR,Análisis de datos / BI,analista de datos,1,"Administración, Contabilidad y Finanzas",Análisis de Riesgos,Senior,Presencial,Full-time,Indeterminado,FULL_TIME,2,True,False,True,False,False,Lima,Miraflores,PE,"Miraflores, Lima, Peru",2026-07-20,2026-10-18,65,Publicado hace más de 15 días,,,,,,3.0,False,"Power BI, Excel, Looker",3,False,False,False,True,True,False,False,True,False,False,False,False,False,False,False,False,False,False,False,False,False,False,13198469,https://www.bumeran.com.pe/perfiles/empresa_grupo-daesmar_13198469.html,Administración,"Miraflores, Lima",Entre 51 y 150 empleados,,,,,,,,,,"Requisitos:
Técnicos y/o universitarios (Administradores industriales, Ing. Industriales, Ing. sistemas, experto en Base de datos, Analista profesional)
03 años de experiencia como analista (construcción, y análisis de datos)
Amplia experiencia en construcción de herramientas de gestión y control
Conocimientos de programación
Manejo de Excel avanzado, Power BI y Looker Studio
Habilidades blandas
Gran capacidad de análisis
Buen manejo de agenda y tiempos
Buen manejo de trabajo bajo presión
Fuertes habilidades de comunicación verbal y escrita
Resolución de problemas
Trabajo en equipo
Liderazgo
Funciones del Puesto:
Administrar la BD de las operaciones diarias 2. Construir reportes de gestión, control, satisfacción y presupuestos.
Construir herramientas que simplifiquen procesos
4.- Administrar las herramientas de control de la empresa, siempre buscando la modernización, automatización y exactitud.
BENEFICIOS:
Planilla
Pagos quincenales
Trabajos de lunes a viernes de 8.30am a 6.00pm. y sábados de 8.30am a 1.00pm
Beca de cursos de especialización en las universidades asociadas a la CCL
Linea de carrera
LUGAR DE TRABAJO: Sede Miraflores",1149,False,https://www.bumeran.com.pe/empleos/analista-programacion-elaboracion-y-analisis-de-datos-grupo-daesmar-1118374589.html,2026-09-23 21:32
1118374795,ASISTENTE BUSINESS INTELLIGENCE,PRO-PREMIX NUTRICION S.A.C.,Análisis de datos / BI,business intelligence,1,"Comercial, Ventas y Negocios",Planeamiento comercial,Junior,Presencial,Full-time,Indeterminado,FULL_TIME,1,False,False,False,False,False,Lima,Chorrillos,PE,"Chorrillos, Lima, Peru",2026-07-20,2026-10-18,65,Actualizado hace más de 15 días,,,,,,,False,"SQL, Python, Power BI, Excel, ETL",5,True,True,False,True,True,False,False,False,False,False,False,False,False,False,False,False,False,False,True,False,False,False,13197096,https://www.bumeran.com.pe/perfiles/empresa_pro-premix-nutricion-s.a.c._13197096.html,Comercio,"., Lima",Entre 11 y 50 empleados,Empresa Peruana dedicada a la producción y comercialización a nivel nacional de productos para el sector avícola y porcino.,,,,,,,,,"¡ESTAMOS CONTRATANDO! | ASISTENTE DE BUSINESS INTELLIGENCE (BI)
En ProPremix Nutrición S.A.C. buscamos incorporar a nuestro equipo un/a Asistente de Business Intelligence (BI) con capacidad analítica, iniciativa y orientación a transformar datos en información de valor para la toma de decisiones.
1. TU MISIÓN
Diseñar, desarrollar y mantener dashboards, reportes e indicadores de gestión, contribuyendo al análisis de información comercial y a la toma de decisiones del negocio.
2. ¿QUÉ BUSCAMOS?
Egresado(a) o estudiante de últimos ciclos de Ingeniería de Sistemas, Informática, Estadística, Ingeniería Industrial o carreras afines.
Experiencia mínima de 6meses en análisis de datos (deseable).
Manejo indispensable de SQL, Power BI y Excel avanzado.
Conocimientos de Python (deseable).
Conocimientos en procesos ETL, automatización de reportes o análisis predictivo serán valorados.
3. PRINCIPALES RESPONSABILIDADES
Elaborar y automatizar reportes y dashboards de gestión.
Realizar seguimiento y análisis de KPIs comerciales y de ventas.
Consolidar, depurar y validar bases de datos.
Brindar soporte analítico para la toma de decisiones.
Identificar oportunidades de mejora mediante el análisis de información.
4. ¿QUÉ OFRECEMOS?
Ingreso a planilla desde el primer día.
Régimen Laboral General con todos los beneficios de ley.
Participación en el reparto de utilidades, conforme a la legislación vigente.
Oportunidad de aprendizaje y desarrollo profesional en Business Intelligence (BI) y análisis de datos aplicado al negocio.
Modalidad: 100% presencial.
Lugar de trabajo: Chorrillos, Lima.
Jornada: Tiempo completo.",1620,False,https://www.bumeran.com.pe/empleos/asistente-business-intelligence-pro-premix-nutricion-s.a.c.-1118374795.html,2026-09-23 21:32
1118371375,"Analista de Datos | AWS, SQL y Python | Junior",Software Enterprise Services,Análisis de datos / BI,analista de datos,1,"Tecnología, Sistemas y Telecomunicaciones",Análisis de Datos,Junior,Presencial,Full-time,Temporal,TEMPORARY,2,True,True,False,False,False,Lima,San Isidro,PE,"San Isidro, Lima, Peru",2026-07-17,2026-10-15,68,Publicado hace más de 15 días,,,,,,1.0,False,"SQL, Python, R, Spark, AWS",5,True,True,True,False,False,False,False,False,False,False,False,True,False,True,False,False,False,False,False,False,False,True,1067310,https://www.bumeran.com.pe/perfiles/empresa_software-enterprise-services_1067310.html,Informática / Tecnología,"Lima, Lima",Entre 301 y 500 empleados,"Somos una empresa peruana cuyo giro principal es la prestación de servicios y productos como: Fábrica de Software y/o Testing,Sourcing TI o staffing bajo supervisión,Help Desk,Capacitación TI, BI, BPO, Facturación Electrónica, Service Office, Aplicación para móviles e Integración de Infraestructura.",,,,,,,,,"SOFTWARE ENTERPRISE SERVICES
Somos una empresa peruana de Tecnologías de la Información y Comunicaciones, que cuenta con amplia experiencia en la prestación de servicios informáticos mediante Outsourcing TI y Fábrica de Software, para clientes nacionales e internacionales, asegurando la calidad de servicio con sólidos procesos estandarizados en un sistema integrado de gestión. Nos encontramos en la búsqueda del mejor talento para ocupar la siguiente posición
Si te apasiona el análisis de datos, el trabajo con herramientas modernas y deseas seguir desarrollándote profesionalmente, esta oportunidad es para ti.
Analista de Datos
Requisitos:
Universitario Titulado, Universitario Egresado o Universitario Bachiller (Indispensable).
Experiencia mínima de 1 años en análisis de datos y data engineering (Indispensable).
Experiencia en migración de datos y procesos a plataformas en la nube, preferiblemente AWS (Indispensable).
Experiencia de herramientas de data como SQL Server, Analysis e Integration Services, Python y R (Indispensable).
Conocimiento en arquitectura Basada en AWS, EMR, Athena, Dynamo, S3 (Indispensable).
Certificaciones en AWS o en tecnologías relacionadas (Deseable).
Conocimientos con la herramienta SPARK. (Deseable)
Modalidad de trabajo : 100% Presencial
Lugar: Distrito de San Isidro, Ref. Cerca a la estación de Canaval y Moreyra del metropolitano.
Competencias blandas:
Comunicación asertiva
Proactividad
Trabajo en equipo
Capacidad analítica y orientación a resultados.
Beneficios:
Planilla completa.
EPS (Opcional).
Oportunidad de línea de carrera.",1582,False,https://www.bumeran.com.pe/empleos/analista-de-datos-%7C-aws-sql-y-python-%7C-junior-software-enterprise-services-1118371375.html,2026-09-23 21:32
1118371396,Analista de Datos e Integración,Confidencial,Análisis de datos / BI,analista de datos,1,"Tecnología, Sistemas y Telecomunicaciones",Análisis de Datos,Semi Sr,Presencial,Full-time,Indeterminado,FULL_TIME,1,False,False,False,False,False,Lima,San Isidro,PE,"San Isidro, Lima, Peru",2026-07-17,2026-10-15,68,Actualizado hace más de 15 días,,,,,,3.0,True,"SQL, Python, Power BI, ETL",4,True,True,False,True,False,False,False,False,False,False,False,False,False,False,False,False,False,False,True,False,True,False,,,,,,,,,,,,,,,"Importante empresa se encuentra en la búsqueda de un/a Analista de Datos e Integración con disponibilidad para trabajar de manera presencial.
Requisitos
Bachiller en Ingeniería de Sistemas, Ingeniería Informática, Ingeniería de Software, Ciencia de Datos, Estadística y/o carreras afines.
Mínimo 3 años de experiencia en posiciones similares.
Especialización en Integración de Datos, Ingeniería de Datos, ETL o afines (deseable)
Conocimientos en: Integración de datos y procesos ETL/ELT. Modelamiento de datos. Bases de datos relacionales y no relacionales. Data Warehouse y Data Lake. Python para procesamiento de datos. Calidad y gobierno de datos. Documentación técnica de procesos de integración.
Cursos de Ingeniería de Datos, ETL o afines (deseable).
Certificaciones en plataformas de integración de datos (deseable).
Microsoft Office (nivel intermedio), Power BI (nivel intermedio), Python (nivel intermedio) y SQL (nivel avanzado).
Inglés (nivel intermedio)
Disponibilidad para trabajar de manera presencial en San Isidro (L-V).
Funciones:
Diseñar, desarrollar y mantener procesos de integración de datos entre los diferentes sistemas del grupo.
Construir y administrar procesos ETL/ELT para la extracción, transformación y carga de datos.
Implementar y mantener el repositorio centralizado de datos definido por la organización.
Desarrollar y optimizar modelos de datos que faciliten la explotación de información por parte de las áreas usuarias.
Garantizar la calidad, integridad y consistencia de los datos integrados.
Monitorear los procesos de integración y resolver incidencias relacionadas con la carga y disponibilidad de datos.
Documentar flujos, estructuras y procesos de integración de información.
Coordinar con las áreas usuarias y equipos de TI la incorporación de nuevas fuentes de datos.
Realizar validaciones periódicas para asegurar la confiabilidad de la información procesada.
Apoyar al Analista de Business Intelligence en la provisión de información para reportes y dashboards.
Participar en proyectos de transformación digital y analítica de datos.
Proponer mejoras continuas en los procesos de integración, calidad y disponibilidad de la información.",2182,False,https://www.bumeran.com.pe/empleos/analista-de-datos-e-integracion-1118371396.html,2026-09-23 21:32
1118372298,Analista de Datos - Lima,Empresa de Telecomunicaciones Olitel Ltda,Análisis de datos / BI,analista de datos,1,"Tecnología, Sistemas y Telecomunicaciones",Análisis de Datos,Junior,Híbrido,Full-time,Indeterminado,FULL_TIME,1,False,False,False,False,False,Lima,Lima,PE,"Lima, Lima, Peru",2026-07-17,2026-10-15,68,Actualizado hace más de 15 días,,,,,,2.0,False,"SQL, Python, Power BI, Excel, ETL",5,True,True,False,True,True,False,False,False,False,False,False,False,False,False,False,False,False,False,True,False,False,True,12108564,https://www.bumeran.com.pe/perfiles/empresa_empresa-de-telecomunicaciones-olitel-ltda_12108564.html,Telecomunicaciones,"Santiago, Región Metropolitana",Entre 301 y 500 empleados,"Con más de 13 años de experiencia en el campo de las telecomunicaciones. Nuestra presencia se extiende tanto en Chile como en Perú, respaldada por una amplia trayectoria en las áreas de instalaciones e ingeniería. Nos hemos consolidado como una empresa líder en el rubro, ofreciendo soluciones integrales a nuestros clientes. Ofrecemos más que empleo: Oportunidades de crecimiento, un ambiente colaborativo y desafíos emocionantes. Estamos buscando personas innovadoras y talentosas para formar parte de nuestro equipo.",,,,,,,,,"Con más de 14 años de experiencia en el campo de las telecomunicaciones. Nuestra presencia se extiende en Chile, Perú y Colombia, respaldada por una amplia trayectoria en las áreas de instalaciones e ingeniería. Nos hemos consolidado como una empresa líder en el rubro, ofreciendo soluciones integrales a nuestros clientes.
Tus principales funciones serán
Diseñar, desarrollar y mantener dashboards e informes automatizados en Power BI.
Consolidar, depurar y transformar información proveniente de diferentes fuentes de datos.
Definir, calcular y monitorear indicadores clave de desempeño (KPIs) para las diferentes áreas de negocio B2C (Logística, Liquidaciones, Comercial, Instalaciones, monitoreo, otros).
Elaborar reportes operativos, tácticos y ejecutivos para la toma de decisiones.
Automatizar procesos de extracción, transformación y carga de datos (ETL) utilizando herramientas como Python y Excel.
Realizar análisis de información relacionada con OPEX y CAPEX, identificando desviaciones y oportunidades de mejora.
Garantizar la calidad, integridad y actualización de las bases de datos utilizadas en los reportes. Atender requerimientos de información y reportería solicitados por las áreas usuarias.
Proponer mejoras en los procesos de medición, control y visualización de indicadores.
Documentar procedimientos, modelos de datos y desarrollos realizados.
Brindar soporte y capacitación a usuarios respecto al uso de dashboards y reportes.
Realizar seguimiento al cumplimiento de metas e indicadores establecidos por la organización.
Generar alertas y análisis de tendencias que permitan identificar riesgos y oportunidades de mejora en la operación.
¿Qué Buscamos?
Formación: Técnico o Universitario de las carreras de Sistemas, Industrial, Informática, Electrónica o afines
Experiencia: Min. 2 años de experiencia en actividades correspondiente al servicio solicitado en empresas de Telecomunicaciones.
Excel – intermedio (Power Query)
Power BI – intermedio
Python – Intermedio
SQL – básico
Conocimientos de Lenguajes de programación
Disponibilidad de trabajo semipresencial (Lima) de lunes a sábado de 9am a 6pm
¿Qué Valoramos?
Compromiso con la calidad de trabajo
Trabajo a en equipo
Flexibilidad y adaptación
Orientación a resultados
Innovación y creatividad
¿Qué Ofrecemos?
Ingreso a planilla con todos los beneficios de ley (gratificaciones, CTS, vacaciones, ESSALUD y Seguro Vida Ley).
Capacitaciones certificadas para potenciar tus habilidades.
Oportunidades reales de crecimiento y línea de carrera.
Acceso a convenios corporativos con descuentos exclusivos.",2580,False,https://www.bumeran.com.pe/empleos/analista-de-datos-lima-empresa-de-telecomunicaciones-olitel-ltda-1118372298.html,2026-09-23 21:32
1117914624,Analista de Gobierno de Datos (Data Steward),INDRA PERU,Análisis de datos / BI,analista de datos,1,"Tecnología, Sistemas y Telecomunicaciones",Tecnologías de la Información,Semi Sr,Híbrido,Full-time,Temporal,TEMPORARY,2,True,False,False,False,False,Lima,Chorrillos,PE,"Chorrillos, Lima, Peru",2026-07-17,2026-10-15,68,Actualizado hace 2 días,,,,,,,False,,0,False,False,False,False,False,False,False,False,False,False,False,False,False,False,False,False,False,False,False,False,False,False,2255030,https://www.bumeran.com.pe/perfiles/empresa_indra-peru_2255030.html,Informática / Tecnología,"Lima, Aguascalientes",Entre 1001 y 5000 empleados,"Somos una de las principales empresas globales de consultoría y tecnología y el socio tecnológico global para los negocios clave de nuestros clientes. Desarrollamos una oferta de soluciones propias, servicios avanzados y de alto valor añadido en tecnología.",,,,,,,,,"¡Un lugar para ti!
INDRA es una de las principales compañías globales de tecnología y consultoría y el socio tecnológico para las operaciones clave de los negocios de sus clientes en todo el mundo. Es un proveedor líder mundial de soluciones propias en segmentos específicos de los mercados de Transporte y Defensa, y la empresa líder en consultoría de transformación digital y Tecnologías de la Información en España y Latinoamérica. Con cerca de 48.000 empleados, presencia local en 46 países y operaciones comerciales en más de 140 países.
Buscamos un Data Steward apasionado y meticuloso para unirse a nuestro equipo de gobierno de datos. El candidato ideal será responsable de garantizar la calidad, integridad y seguridad de los datos, así como de la implementación y mantenimiento de políticas de datos efectivas.
Funciones:
Ser la primera línea de contacto con el negocio para entender sus necesidades de datos y crear en conjunto planes y soluciones de información que estén alineadas con la estrategia del negocio potenciando una cultura Data Driven dentro de la organización.
Promover estratégicamente el uso y la disponibilidad de nuevas fuentes de datos para la toma de decisiones.
Fomentar una cultura de datos adecuada, incluyendo el uso de portales de autoservicio, como dashboards, herramientas analíticas y otras herramientas, por parte de usuarios de negocio y científicos de datos.
Garantizar la correcta implementación de la estrategia de datos en su dominio, siendo el punto de unión entre negocio y producto, coordinando y alineando expectativas con todos los principales stakeholders (los propietarios de los datos, los consumidores).
Realizar el despliegue de la metodología de gobierno, calidad y seguridad en los dominios de información y garantizar su cumplimiento.
Asesorar al dominio para la comprensión del gobierno de datos en su día a día e impulsar la gestión del cambio en el dominio promoviendo la cultura Data Driven.
Identificar y definir datos críticos en los dominios de información, garantizando su definición unívoca y su entendimiento común por toda la organización. Identificar su nivel de confidencialidad y sensibilidad para garantizar su adecuado nivel de seguridad.
Gestionar la disponibilidad de metadatos técnicos que permitan ubicar la fuente dorara y el formato de los datos para su consumo, así como su linaje desde el origen hasta su explotación, en coordinación con los custodios técnicos e ingenieros de datos.
Definir, validar la correcta implementación y realizar el seguimiento de las reglas de calidad de los datos críticos. Garantizar su monitoreo periódico, gestionando los mecanismos de remediación para resolver los probleMás de calidad del dominio.
Requisitos:
Egresado, Bachiller o Titulado en Ingeniería de Sistemas, Software, Computación, Informática o afines.
Experiencia en Gobierno y Calidad de datos, y conocimiento de herramientas de gobierno.
Elaboración de reportes, trabajo en diferentes mesas de gobierno.
Conocimiento y experiencia en metodologías ágiles.
Conocimiento en frameworks de Gobierno de Datos (DMBOK, DAMA, entre otros).
Facilidad para encontrar patrones de datos en muestras de archivos planos.
Beneficios:
Oportunidad de aprendizaje y crecimiento profesional.
Entorno de trabajo colaborativo y de apoyo.
EPS 100% para el colaborador.
Acceso a la plataforma Udemy 100% gratuita.
Trabajo Híbrido
Convenios corporativos y educativos.
Planilla al 100% (Vacaciones, CTS, Gratificación, etc.)
Seguro vida Ley.
Minsait, technology for a more human future.",3539,False,https://www.bumeran.com.pe/empleos/analista-de-gobierno-de-datos-data-steward-indra-peru-1117914624.html,2026-09-23 21:32
1118371477,ANALISTA DE INFORMACIÓN,ISA Energía,Análisis de datos / BI,analista de informacion,1,Oficios y Otros,Otros,Semi Sr,Presencial,Full-time,Temporal,TEMPORARY,1,False,True,True,False,False,Lima,Lima,PE,"Lima, Lima, Peru",2026-07-17,2026-10-15,68,Actualizado hace más de 15 días,,,,,,4.0,False,"Power BI, Excel",2,False,False,False,True,True,False,False,False,False,False,False,False,False,False,False,False,False,False,False,False,False,True,,https://www.bumeran.com.pe/perfiles/empresa_isa-energia_2287200.html,Energía,"Lima, Lima",Entre 301 y 500 empleados,"ISA Energía en Perú es el líder en transmisión de energía eléctrica del país. Se especializa en la construcción, operación y mantenimiento de redes de transmisión de energía eléctrica en alta tensión.

A través de sus 4 empresas, Red de Energía del Perú, Consorcio Transmantaro, ISA Perú y Consorcio Eléctrico Yapay, es responsable  del manejo de una red de subestaciones eléctricas y más de 12,000 kilómetros de líneas que recorren 21 regiones del Perú, usando la más moderna tecnología.",,,,,,,,,"Misión del cargo:
Gestionar, analizar y consolidar información ambiental y geoespacial asociada al ciclo de vida de proyectos y activos. Esta posición será clave para asegurar la trazabilidad de riesgos, restricciones, compromisos e indicadores ambientales mediante herramientas SIG/GIS, bases de datos y plataformas corporativas, contribuyendo a la toma de decisiones estratégicas y al cumplimiento regulatorio.
Principales responsabilidades
Administrar y mantener la base de información geoespacial ambiental y territorial de proyectos y activos.
Realizar análisis SIG/GIS para identificar restricciones ambientales, territoriales, sociales y prediales que permitan una gestión preventiva de riesgos.
Consolidar y dar seguimiento a compromisos, controles, riesgos e indicadores ambientales a través de diversas plataformas y sistemas corporativos.
Elaborar mapas temáticos, tableros de control, matrices y reportes ejecutivos para la toma de decisiones.
Coordinar con equipos ambientales, prediales, sociales, operativos y de sostenibilidad para garantizar la calidad y disponibilidad de la información.
Preparar información técnica para auditorías, inspecciones regulatorias, reportes corporativos y requerimientos de autoridades.
Participar en iniciativas de transformación digital, automatización y mejora continua de los sistemas de información ambiental y geoespacial.
Formación académica
Profesional en:
Ingeniería Geográfica Ingeniería Ambiental
Ingeniería Forestal Ingeniería Civil O carreras afines
Estudios complementarios (deseables)
Especialización en Gestión Ambiental
Especialización en Geomática. Especialización en Gestión y Planificación Territorial
Experiencia
Mínimo de 4 a 5 años de experiencia en:
Gestión de información geográfica.
Sistemas de Información Geográfica (SIG/GIS).
Gestión ambiental de proyectos de infraestructura.
Proyectos de transmisión eléctrica.
Licenciamiento ambiental.
Operación y mantenimiento de activos.
Gestión territorial y geoinformación.
Conocimientos técnicos
ArcGIS, QGIS y Google Earth.
Análisis geoespacial y territorial.
Gestión de riesgos ambientales.
Normativa y licenciamiento ambiental.
Seguimiento de compromisos ambientales.
Power BI y analítica de datos.
Excel avanzado.
Sistemas corporativos de gestión ambiental.
Gestión de proyectos y sostenibilidad.",2318,False,https://www.bumeran.com.pe/empleos/analista-de-informacion-isa-energia-1118371477.html,2026-09-23 21:32
1118369422,ANALISTA DE BI-EMPRESA CORPORATIVA,YAMANIJA &amp; ASOCIADOS CONSULTORIA SAC,Análisis de datos / BI,analista bi,1,Ingenierías,Otras Ingenierias,Senior / Semi-Senior,Presencial,Full-time,,FULL_TIME,1,False,False,True,False,False,Lima,Lima,PE,"Lima, Lima, Peru",2026-07-15,2026-10-13,70,Actualizado hace más de 15 días,,,,,,3.0,False,"Python, Power BI, Azure",3,False,True,False,True,False,False,False,False,False,False,False,False,False,False,True,False,False,False,False,False,False,True,2134290,https://www.bumeran.com.pe/perfiles/empresa_yamanija-amp-asociados-consultoria-sac_2134290.html,Consultoría,"LIMA , Lima",Entre 11 y 50 empleados,"Somos un equipo de profesionales que creemos en el valor y en el talento humano como el principal recurso en las Organizaciones. Nuestra experiencia de más 20 de años, es el mejor respaldo de eficiencia y resultado de nuestros clientes.",,,,,,,,,"Empresa corporativa está en búsqueda de un ANALISTA BI:
Elaboración de reportes de las áreas asignadas.
Implementar soluciones utilizando el análisis de data y reportes utilizando Power BI y otras herramientas.

Requisitos:
Bachiller o titulado en Ingeniería de sistemas, industrial o afines.
Manejo de Power BI, azure y Phyton avanzado.
3-4 años de experiencia como Analista BI, inteligencia de negocios.

Beneficios
Trabajo híbrido
Régimen general",449,False,https://www.bumeran.com.pe/empleos/analista-de-bi-empresa-corporativa-yamanija-amp-asociados-consultoria-sac-1118369422.html,2026-09-23 21:32
1118369356,"Analista de Datos | AWS, SQL y Python",Software Enterprise Services,Análisis de datos / BI,analista de datos,1,"Tecnología, Sistemas y Telecomunicaciones",Análisis de Datos,Junior,Presencial,Full-time,Temporal,TEMPORARY,2,True,True,False,True,False,Lima,San Isidro,PE,"San Isidro, Lima, Peru",2026-07-15,2026-10-13,70,Actualizado hace 11 horas,,,,,,2.0,False,"SQL, Python, R, Spark, AWS",5,True,True,True,False,False,False,False,False,False,False,False,True,False,True,False,False,False,False,False,False,False,True,1067310,https://www.bumeran.com.pe/perfiles/empresa_software-enterprise-services_1067310.html,Informática / Tecnología,"Lima, Lima",Entre 301 y 500 empleados,"Somos una empresa peruana cuyo giro principal es la prestación de servicios y productos como: Fábrica de Software y/o Testing,Sourcing TI o staffing bajo supervisión,Help Desk,Capacitación TI, BI, BPO, Facturación Electrónica, Service Office, Aplicación para móviles e Integración de Infraestructura.",,,,,,,,,"SOFTWARE ENTERPRISE SERVICES
Somos una empresa peruana de Tecnologías de la Información y Comunicaciones, que cuenta con amplia experiencia en la prestación de servicios informáticos mediante Outsourcing TI y Fábrica de Software, para clientes nacionales e internacionales, asegurando la calidad de servicio con sólidos procesos estandarizados en un sistema integrado de gestión. Nos encontramos en la búsqueda del mejor talento para ocupar la siguiente posición
Si te apasiona el análisis de datos, el trabajo con herramientas modernas y deseas seguir desarrollándote profesionalmente, esta oportunidad es para ti.
Analista de Datos
Requisitos:
Universitario Titulado, Universitario Egresado o Universitario Bachiller (Indispensable).
Experiencia mínima de 2 años en análisis de datos y data engineering (Indispensable).
Experiencia en migración de datos y procesos a plataformas en la nube, preferiblemente AWS (Indispensable).
Experiencia de herramientas de data como SQL Server, Analysis e Integration Services, Python y R (Indispensable).
Conocimiento en arquitectura Basada en AWS, EMR, Athena, Dynamo, S3 (Indispensable).
Certificaciones en AWS o en tecnologías relacionadas (Deseable).
Conocimientos con la herramienta SPARK. (Deseable)
Modalidad de trabajo : 100% Presencial
Lugar: Distrito de San Isidro, Ref. Cerca a la estación de Canaval y Moreyra del metropolitano.
Competencias blandas:
Comunicación asertiva
Proactividad
Trabajo en equipo
Capacidad analítica y orientación a resultados.
Beneficios:
Planilla completa.
EPS (Opcional).
Oportunidad de línea de carrera.",1582,False,https://www.bumeran.com.pe/empleos/analista-de-datos-%7C-aws-sql-y-python-software-enterprise-services-1118369356.html,2026-09-23 21:32
1118368552,Coordinador de Business Intelligence,Machu Picchu Foods SAC,Análisis de datos / BI,business intelligence,1,Marketing y Publicidad,Business Intelligence,Semi Sr,Presencial,Full-time,Autónomo,CONTRACTOR,1,False,True,False,False,False,Lima,Callao,PE,"Callao, Lima, Peru",2026-07-15,2026-10-13,70,Actualizado hace más de 15 días,,,,,,2.0,True,"Power BI, Excel, Tableau",3,False,False,False,True,True,True,False,False,False,False,False,False,False,False,False,False,False,False,False,False,False,True,13032546,https://www.bumeran.com.pe/perfiles/empresa_machu-picchu-foods-sac_13032546.html,Agro-Industrial,"SAN ISIDRO - LIMA , Lima",Entre 1001 y 5000 empleados,Machu Picchu Foods se especializa en suministrar productos y servicios hechos a medida para grandes y pequeñas empresas de la industria del chocolate y confitería.,3.5,3.3,3.2,3.5,3.3,3.4,3.3,9.0,"Somos Machu Picchu Foods, importante empresa dedicada a la producción de chocolates y derivados, líder en el mercado peruano y con presencia a nivel internacional, nos encontramos en la búsqueda de un Coordinador de Business Intelligence que cumpla con el siguiente perfil:
¿Qué buscamos en la persona?
Bachiller o Titulado en Ingeniería de Sistemas, Ingeniería Electrónica.
Experiencia de 02 años en puestos similares en empresas del rubro de alimentos o 03 años como analista senior de Business Intelligence, liderando equipos.
Dominio de data analytics, Power BI y Excel a nivel avanzado.
Dominio del inglés a nivel avanzado.
Disponibilidad para laborar en el Callao.
Funciones:
Analizar los datos de ventas, marketing y operaciones para identificar tendencias B2B y oportunidades de negocio.
Diseñar y crear dashboards e informes clave para monitorear el rendimiento del negocio (KPIs).
Garantizar la precisión, integridad y consistencia de los datos utilizados en todos los análisis e informes.
Desarrollar modelos de datos y análisis predictivos, como proyecciones de ventas o pronósticos de demanda B2B.
Interpretar resultados complejos y transformarlos en recomendaciones claras para la alta dirección.
Coordinar la integración de múltiples fuentes de datos (CRM, ERP, bases de datos) en el entorno BI.
Analizar el comportamiento del cliente B2B y la rentabilidad por segmento o canal.
Identificar y validar a los clientes potenciales de los diferentes segmentos
Asegurar el correcto funcionamiento y mantenimiento de las plataformas y herramientas de BI (ej. Power BI, Tableau).
Otras funciones propias del puesto.
Beneficios:
Ingreso directo a Planilla.
Alimentación cubierta al 85 % en el comedor de la empresa.
Todos los beneficios de ley.
Participación de utilidades.
""En Machu Picchu Foods, valoramos y respetamos la diversidad, igualdad de género y la inclusión en cada uno de nuestros procesos de Reclutamiento y Selección""
(*) Se aplica lo previsto en la Ley N°29973, Ley General de la Persona con Discapacidad, D.S. N° 002 - 2014-MIMP, Reglamento de la Ley General de la Personas con Discapacidad y Directiva N° 002-2024-SUNFAIL/DINI, Directiva de Fiscalización sobre el cumplimiento de la cuota de empleo para personas con discapacidad aplicable a los empleadores del sector privado, en caso corresponda al puesto a postular.",2344,False,https://www.bumeran.com.pe/empleos/coordinador-de-business-intelligence-machu-picchu-foods-sac-1118368552.html,2026-09-23 21:32
1118369705,UPC: DESARROLLADOR BUSINESS INTELLIGENCE,Laureate Perú,Análisis de datos / BI,business intelligence,1,"Tecnología, Sistemas y Telecomunicaciones",Programación,Semi Sr,Híbrido,Full-time,Temporal,TEMPORARY,1,False,True,False,False,False,Lima,Lima,PE,"Lima, Lima, Peru",2026-07-15,2026-10-13,70,Actualizado hace más de 15 días,,,,,,1.0,False,"SQL, Python, Power BI, AWS, Azure, Google Cloud, Snowflake, ETL",8,True,True,False,True,False,False,False,False,False,False,False,False,False,True,True,True,False,True,True,False,False,True,2242930,https://www.bumeran.com.pe/perfiles/empresa_laureate-peru_2242930.html,Educación,"Lima, Lima",,"Ser parte de la familia Laureate Perú es formar parte de un grupo de instituciones comprometidas con la educación del País cómo son UPC, UPN y Cibertec. 

Brindamos un servicio educativo a más de 200 mil estudiantes a nivel nacional, cuidando y velando por estandar de calidad y la innovación constante, que permita formar a los futuros líderes del país.",3.1,3.1,3.0,3.4,2.8,2.9,3.0,49.0,"¡Únete a Laureate Perú! 🧡 En Laureate contribuimos a la transformación del Perú a través de una educación inclusiva, accesible y de calidad que transforma vidas.
Nos encontramos en la búsqueda de un Desarrollador de Business Intelligence
MISIÓN:
Diseñar e implementar arquitecturas y procesos de integración y transformación de datos escalables, asegurando su calidad, gobernanza y disponibilidad, con el fin de habilitar información confiable que impulse la toma de decisiones estratégicas en la organización.
FORMACIÓN Y EXPERIENCIA:
Bachiller o titulado en Ingeniería de Sistemas, Informática, Ciencias de la Computación o afines.
2 años de experiencia mínima en desarrollo de procesos ETL/ELT e integración de datos
2 años de experiencia desarrollando modelos de datos y dashboards en Power BI (DAX, modelado tabular, optimización de rendimiento).
2 años de experiencia con bases de datos relacionales usando Transact-SQL (consultas complejas, tuning, stored procedures).
02 años de experiencia trabajando en entornos cloud (Azure, AWS o GCP – deseable BigQuery).
1-2 años de experiencia aplicando arquitectura de datos (Data Lake / Lakehouse / enfoque Medallion: Bronze, Silver, Gold).
1-2 años de experiencia en consumo y transformación de datos semi-estructurados (JSON, APIs, logs).
1-2 años de experiencia en optimización de consultas y modelos BI (performance tuning en SQL y Power BI).
1-2 años de experiencia traduciendo requerimientos de negocio en soluciones analíticas (KPIs, modelos semánticos).
1-2 años de experiencia en manejo de grandes volúmenes de datos (Big Data / particionamiento / clustering)
1-2 años de experiencia en diseño de modelos analíticos (estrella, snowflake).
1-2 años de experiencia asegurando calidad de datos (validaciones, reglas de negocio, reconciliaciones).
CONOCIMIENTOS
Lenguaje SQL y bases de datos relacionales – Nivel Avanzado.
Big Query (GCP) -Nivel Intermedio/Avanzado
Herramientas de ETL (Integration Services, Data Factory o similares) – Nivel Intermedio/Avanzado
Python (para scripting y manipulación de datos) – Nivel Intermedio/Avanzado
Microsoft Fabric / Entornos Cloud (Azure) – Nivel Intermedio.
FUNCIONES:
Programando y automatizando flujos de datos desde diversas fuentes hacia el repositorio central para asegurar la integridad de la información.
Estructurando tablas de hechos y dimensiones optimizadas para garantizar un alto rendimiento en consultas y reportes analíticos.
Monitoreando y mejorando el rendimiento de scripts SQL y procedimientos almacenados para reducir tiempos de procesamiento y respuesta.
Configurando validaciones automáticas en los flujos de carga para detectar y alertar inconsistencias antes del consumo de la información.
BENEFICIOS:
Ingreso a planilla desde el primer día con todos los beneficios de ley.
EPS cubierta al 50% y Seguro Oncológico al 100%.
Seguro Vida Ley desde el primer día de labores.
Grato ambiente laboral.
Descuentos en nuestros programas educativos en toda la red Laureate.
Descuentos corporativos.
Como institución, en Laureate valoramos la diversidad y promovemos entornos inclusivos donde todas las personas tengan las mismas oportunidades de participación y desarrollo, sin distinción de origen, género, edad, discapacidad u otras condiciones.
#LoQueNosUneNosHaceUno #OportunidadesLaborales",3306,False,https://www.bumeran.com.pe/empleos/upc-desarrollador-business-intelligence-laureate-peru-1118369705.html,2026-09-23 21:32
1118367890,Analista de Datos / Business Intelligence,Grupo Lucky,Análisis de datos / BI,analista de datos; business intelligence,2,"Tecnología, Sistemas y Telecomunicaciones",Análisis de Datos,Semi Sr,Presencial,Full-time,Indeterminado,FULL_TIME,3,True,False,False,False,False,Lima,Miraflores,PE,"Miraflores, Lima, Peru",2026-07-14,2026-10-12,71,Actualizado hace más de 15 días,,,,,,1.0,False,"Power BI, Excel",2,False,False,False,True,True,False,False,False,False,False,False,False,False,False,False,False,False,False,False,False,False,True,10124875,https://www.bumeran.com.pe/perfiles/empresa_grupo-lucky_10124875.html,Servicios,"Lima, Lima",Entre 1001 y 5000 empleados,"En el Grupo Lucky reinventamos cada día la forma de acercar productos y compradores en los mercados.

En ese camino, unimos más de 30 años de conocimiento aplicado en Latinoamérica con el mejor talento y la más avanzada tecnología para crear soluciones de Trade Marketing, con el objetivo de mejorar los resultados comerciales de nuestros clientes.",,,,,,,,,"En Grupo Lucky buscamos incorporar a un Analista de Datos / Business Intelligence que quiera asumir el reto de transformar la información en análisis estratégicos que impulsen la toma de decisiones y generen valor para el negocio.
¿Qué realizarás?
Elaborar presentaciones e informes para clientes internos y externos.
Analizar indicadores comerciales como sell in, sell out, cobertura, cumplimiento de objetivos, entre otros.
Elaborar y actualizar reportes y dashboards para el seguimiento de los principales KPIs del negocio.
Identificar oportunidades, tendencias y alertas a partir del análisis de datos.
Brindar soporte al equipo comercial y de campo mediante información oportuna para la toma de decisiones.
Proponer mejoras en los procesos de análisis, automatización y gestión de la información.
¿Qué buscamos?
Bachiller o egresado(a) de Ingeniería Industrial, Administración, Economía, Estadística o carreras afines.
Experiencia mínima de 1 año como Analista de Inteligencia Comercial en empresas de Trade Marketing, Consumo Masivo o Retail (indispensable).
Excel a nivel avanzado.
Power BI a nivel intermedio.
Manejo de bases de datos y análisis de indicadores comerciales.
¿Qué ofrecemos?
Ser parte de una empresa líder en Trade Marketing con presencia a nivel nacional.
Oportunidades de aprendizaje y desarrollo profesional.
Un entorno dinámico, colaborativo y orientado a resultados.
Beneficios corporativos.
Ingreso a planilla con todos los beneficios de ley desde el primer día.
¡Únete a Grupo Lucky y conviértete en un aliado estratégico para impulsar decisiones comerciales basadas en información!",1612,False,https://www.bumeran.com.pe/empleos/analista-de-datos-business-intelligence-grupo-lucky-1118367890.html,2026-09-23 21:32
1118270471,Analista de Datos - Recursos Humanos,ManpowerGroup Perú,Análisis de datos / BI,analista de datos,1,Recursos Humanos y Capacitación,Recursos Humanos,Junior,Presencial,Full-time,Indeterminado,FULL_TIME,1,False,False,False,False,False,Lima,Lima,PE,"Lima, Lima, Peru",2026-07-14,2026-10-12,71,Actualizado hace más de 15 días,,,,,,2.0,False,Excel,1,False,False,False,False,True,False,False,False,False,False,False,False,False,False,False,False,False,False,False,False,False,True,10011970,https://www.bumeran.com.pe/perfiles/empresa_manpowergroup-peru_10011970.html,Consultoría,"Lima, Lima",Entre 1001 y 5000 empleados,"En ManpowerGroup creemos en las personas y en el papel que representa el trabajo en sus vidas. Además, creemos en la importancia de impulsar el talento para favorecer el crecimiento personal y profesional.

Somos líder mundial en soluciones para la fuerza laboral, ayudando a las organizaciones a transformarse en un mundo laboral que cambia rápidamente mediante la búsqueda, evaluación, desarrollo y gestión del talento. Desarrollamos soluciones innovadoras para cientos de miles de organizaciones cada año, brindándoles talento calificado mientras encontramos empleo significativo y sostenible para millones de personas en una amplia gama de industrias. 

Nuestra familia de marcas expertas (Manpower, Experis y Talent Solutions) crea mucho más valor para nuestros candidatos en más de 70 países, durante 75 años a nivel global y 29 años a nivel nacional.

Anímate a dejar huella con nosotros ¡Únete a la compañía que impulsa tu Talento!",3.8,3.8,3.6,3.8,3.6,3.6,3.7,193.0,"En Manpower Perú estamos buscando al mejor talento para asumir la posición de Analista de Datos. ¡La oportunidad de tener un futuro mejor está aquí!
Requisitos:
Técnico o Profesional universitario en Ingeniería de Sistemas, Informática, Administración de Empresas, Ingeniería Industrial o carreras afines.
Experiencia mínima de 2 años en análisis de datos.
Experiencia demostrada en gestión de datos de colaboradores o roles equivalentes.
Conocimientos básicos de manejo de datos confidenciales
Dominio de Excel intermedio/avanzado.
Certificaciones deseables en Oracle HCM.
Funciones:
Registrar, actualizar y mantener la información de empleo del colaborador asegurando precisión y cumplimiento con la documentación de respaldo.
Procesar modificaciones de datos personales verificando requisitos y asegurando integridad en los registros.
Actualizar la información de la estructura organizacional conforme a instrucciones de las áreas responsables, garantizando consistencia entre unidades, roles y relaciones de reporte.
Ejecutar movimientos de empleados validando impactos en nómina, beneficios, tiempos y otros procesos relacionados.
Revisar y corregir inconsistencias detectadas en los datos maestros mediante reportes del sistema, auditorías internas o solicitudes de otras áreas.
Gestionar solicitudes de actualización enviadas por empleados o líderes, verificando lineamientos y documentación requerida antes de procesar los cambios.
Mantener la trazabilidad documental según los estándares de control interno del CSC.
Generar reportes operativos sobre movimientos de personal, cambios registrados y calidad de datos para revisión interna o soporte a otros procesos.
Atender consultas del cliente interno asegurando tiempos de respuesta.
Beneficios:
Ingreso a planilla desde el primer día de contrato.
Línea de carrera
En Manpower Perú, promovemos la inclusión e inserción laboral sin distinción por razón de discapacidad, género, orientación, identidad y expresión de género, lugar de origen o generación. Por ello ¡Todos los talentos son bienvenidos!",2058,False,https://www.bumeran.com.pe/empleos/analista-de-datos-recursos-humanos-manpowergroup-peru-1118270471.html,2026-09-23 21:32
1118364934,Analista de Data Analytics,BIMBO PERÚ,Análisis de datos / BI,data analytics,1,"Administración, Contabilidad y Finanzas",Organización y Métodos,Senior / Semi-Senior,Híbrido,Full-time,,FULL_TIME,1,False,True,True,False,False,Lima,Callao,PE,"Callao, Lima, Peru",2026-07-13,2026-10-10,72,Actualizado hace más de 15 días,,,,,,,False,"Python, Power BI, Excel, ETL",4,False,True,False,True,True,False,False,False,False,False,False,False,False,False,False,False,False,False,True,False,False,True,10125982,https://www.bumeran.com.pe/perfiles/empresa_bimbo-peru_10125982.html,Consumo masivo,"Callao, Lima",Entre 1001 y 5000 empleados,"Somos la empresa de panificación más importante del mundo por posicionamiento de marca, por volumen de producción y ventas. Además, somos el líder indiscutible de nuestro giro de negocio en México, Latinoamérica y Estados Unidos. Tenemos presencia en 34 países de América, Asia y Europa, contamos con más de 10,000 productos y 100 marcas de reconocido prestigio.

Nosotros somos más de 141,000 colaboradores y 214 plantas de producción. Grupo Bimbo tiene más de 3,3 millones de puntos de venta a nivel global.


¡Alimentamos un mundo mejor!",4.1,4.0,3.5,4.5,3.5,3.5,3.5,45.0,"Somos la empresa de panificación más importante del mundo por posicionamiento de marca, por volumen de producción y ventas. Además, somos el líder indiscutible de nuestro giro de negocio en México, Latinoamérica y Estados Unidos. Tenemos presencia en 39 países de América, Asia y Europa, contamos con más de 10,000 productos y 100 marcas de reconocido prestigio.
Nosotros somos más de 153,000 colaboradores y 249 plantas de producción. Grupo Bimbo tiene más de 3,3 millones de puntos de venta a nivel global.
¡Alimentamos un mundo mejor!
En Grupo Bimbo estamos en busca del mejor talento que nos acompañe a alimentar un mundo mejor.
¿Quieres ser parte de una gran empresa que alimenta el mundo con grandes acciones? Es tu oportunidad de colaborar con nosotros y pertenecer a una gran comunidad global que se encarga de llevar alimentos deliciosos y nutritivos a las manos de todos. Te invitamos a postular al cargo de Analista de Data Analytics
Objetivo:
Soportar la toma de decisiones mediante el análisis del desempeño comercial-financiero, comunicando status y hallazgos mediante presentaciones ejecutivas.
Funciones:
Analizar información comercial, financiera y operativa para identificar tendencias, desviaciones, oportunidades y riesgos del negocio.
Diseñar, automatizar y dar mantenimiento a dashboards e indicadores de gestión en Power BI.
Administrar, transformar y consolidar datos provenientes de diferentes fuentes, garantizando su calidad, integridad y disponibilidad.
Elaborar análisis ad hoc y modelos de información que soporten la toma de decisiones de las distintas áreas de la organización.
Implementar soluciones de automatización mediante herramientas ETL y RPA para optimizar procesos y reducir actividades manuales.
Identificar oportunidades de generación de eficiencias mediante el uso de analítica avanzada y explotación de datos.
Coordinar con áreas comerciales, financieras y operativas para comprender necesidades de información y desarrollar soluciones analíticas de valor.
Identificar insights que impulsen mejoras en rentabilidad y generación de valor para el negocio
Participar en proyectos de transformación digital y mejora continua de procesos analíticos.
Preparar presentaciones ejecutivas y reportes de gestión, comunicando de manera clara el desempeño del negocio y los principales hallazgos.
Requisitos:
Titulado o bachiller de la carrera profesional de Ingeniería Industrial, Sistemas o afines.
Experiencia mínima de dos años en administración de datos, deseable en consumo masivo.
Conocimiento de P&L y análisis comercial-financiero y KPIs de negocios.
Dominio de Excel, Power BI Avanzado, Extracción y Dominio Datos, Think Cell.
Conocimiento de ETL/RPA, Power Query, Power Pivot, Python.
Beneficios:
Formar parte de una empresa líder en su giro de negocio.
Desarrollo y plan de carrera.
Bonos de acuerdo con el nivel y desempeño.
Beneficios corporativos (descuento en productos, Universidad GB).

Requisitos:",2950,False,https://www.bumeran.com.pe/empleos/analista-de-data-analytics-bimbo-peru-1118364934.html,2026-09-23 21:32
1118364460,Analista de Datos - Presencial,ManpowerGroup Perú,Análisis de datos / BI,analista de datos,1,"Tecnología, Sistemas y Telecomunicaciones",Tecnologías de la Información,Junior,Híbrido,Full-time,Indeterminado,FULL_TIME,1,False,True,False,False,False,Lima,San Isidro,PE,"San Isidro, Lima, Peru",2026-07-11,2026-10-08,74,Actualizado hace más de 15 días,,,,,,1.0,False,"SQL, Python, Power BI, Databricks, Azure",5,True,True,False,True,False,False,False,False,False,False,False,False,True,False,True,False,False,False,False,False,False,True,10011970,https://www.bumeran.com.pe/perfiles/empresa_manpowergroup-peru_10011970.html,Consultoría,"Lima, Lima",Entre 1001 y 5000 empleados,"En ManpowerGroup creemos en las personas y en el papel que representa el trabajo en sus vidas. Además, creemos en la importancia de impulsar el talento para favorecer el crecimiento personal y profesional.

Somos líder mundial en soluciones para la fuerza laboral, ayudando a las organizaciones a transformarse en un mundo laboral que cambia rápidamente mediante la búsqueda, evaluación, desarrollo y gestión del talento. Desarrollamos soluciones innovadoras para cientos de miles de organizaciones cada año, brindándoles talento calificado mientras encontramos empleo significativo y sostenible para millones de personas en una amplia gama de industrias. 

Nuestra familia de marcas expertas (Manpower, Experis y Talent Solutions) crea mucho más valor para nuestros candidatos en más de 70 países, durante 75 años a nivel global y 29 años a nivel nacional.

Anímate a dejar huella con nosotros ¡Únete a la compañía que impulsa tu Talento!",3.8,3.8,3.6,3.8,3.6,3.6,3.7,193.0,"En Experis Perú buscamos al mejor talento para sumarse a los desafíos de la era digital y llevar su carrera a un siguiente nivel. Por ello, te invitamos a que formes parte del reto como Analista de Datos en el rubro Inmobiliario en la ciudad de Lima, Perú.
Requisitos para postular al cargo:
Bachiller en Ingeniería de Sistemas, Ingeniería Informática o carreras afines.
Experiencia mínima de 1 año como Analista de Datos o en proyectos de Gobierno de Datos.
Conocimientos sólidos en la implementación de artefactos de Gobierno de Datos: diccionario de datos, reglas de calidad, linaje, perfilamiento y glosario de negocio.
Experiencia indispensable en Microsoft Azure (Data Factory, Databricks y Power BI), además de manejo de SQL y Python.
Deseable conocimiento en Microsoft Purview, Framework DAMA, arquitectura e integración de datos, metodologías SCRUM y administración de Linux y Windows Server.
Disponibilidad para laborar de manera presencial en San Isidro.
Funciones:
Implementar y mantener la plataforma de Gobierno y Calidad de Datos, asegurando el cumplimiento de los estándares corporativos.
Diseñar y mantener la documentación, manuales y artefactos de Gobierno de Datos para iniciativas y proyectos de la organización.
Participar en proyectos de datos y de TI, desarrollando automatizaciones y asegurando la correcta gobernanza de la información durante todo su ciclo de vida.
Brindar soporte y capacitación a los usuarios sobre el uso de la plataforma de Gobierno de Datos, promoviendo las mejores prácticas.
Realizar el seguimiento de las iniciativas del equipo, contribuyendo a la mejora continua de los procesos y la calidad de los datos.
Beneficios:
Únete a una empresa líder a nivel global
Salario acorde al mercado.
Grato ambiente laboral.
Beneficios corporativos y capacitación constante.
Ingreso a planilla, con todos los beneficios de ley.
Competencias:
Enfocado a resultados
Buena comunicación escrita/verbal
Trabajo en equipo
Compromiso
Responsabilidad
En Experis Perú, promovemos la inclusión e inserción laboral sin distinción por razón de discapacidad, género, orientación, identidad y expresión de género, lugar de origen o generación. Por ello ¡Todos los talentos son bienvenidos!",2212,False,https://www.bumeran.com.pe/empleos/analista-de-datos-presencial-manpowergroup-peru-1118364460.html,2026-09-23 21:32
1118364264,ANALISTA DE DATOS MAESTROS,Confidencial,Análisis de datos / BI,analista de datos,1,Abastecimiento y Logística,Logística,Junior,Presencial,Full-time,Indeterminado,FULL_TIME,1,False,False,True,False,False,Lima,Santiago de Surco,PE,"Santiago de Surco, Lima, Peru",2026-07-10,2026-10-08,75,Actualizado hace más de 15 días,,,,,,,True,"Power BI, Excel, SAP",3,False,False,False,True,True,False,False,False,False,False,False,False,False,False,False,False,True,False,False,False,True,False,,,,,,,,,,,,,,,"OBJETIVO DEL PUESTO: Administrar y garantizar la calidad, integridad y alineación estratégica de los datos maestros (artículos y socios de negocio) en SAP Business One, generando reportes y dashboards de gestión logística, y brindando soporte funcional a los Compradores y demás usuarios del área de Logística y Abastecimiento.
FUNCIONES:
Gestionar y mantener actualizado el maestro de artículos en SAP B1: creación, codificación, categorización y unidades de medida.
Gestionar y mantener actualizado el maestro de socios de negocio (proveedores y clientes) en SAP B1: alta, validación de datos y condiciones comerciales.
Trabajar de la mano con los Compradores (Estratégico y Medio) para la creación y actualización oportuna de proveedores y artículos requeridos en los procesos de compra.
Coordinar con el Gestor de Inventarios y Activos la correcta parametrización de materiales, almacenes y ubicaciones en SAP B1.
Elaborar y configurar reportes en SAP B1 según las necesidades de las áreas de Logística, Compras y Almacén.
Preparar y mantener dashboards de indicadores logísticos (spend, nivel de servicio, rotación de inventario, cumplimiento de órdenes de compra, entre otros).
Mantener el SAP B1 alineado a la estrategia logística de la empresa, proponiendo mejoras en la parametrización y estructura de los datos maestros.
Brindar soporte a los Compradores y demás usuarios de Logística frente a consultas, incidencias o fallas en SAP B1, escalando a TI o al proveedor del sistema cuando corresponda.
Realizar auditorías periódicas de calidad de datos maestros (duplicados, inconsistencias, campos incompletos) y ejecutar la depuración correspondiente.
Documentar procedimientos y buenas prácticas para la administración de datos maestros en SAP B1.
Capacitar a los usuarios del área de Logística en el uso correcto de los módulos de SAP B1 vinculados a datos maestros.
Otras funciones afines asignadas por el jefe de gestión de procesos logísticos.
FORMACIÓN BÁSICA: Ing. de sistemas o afines.
FORMACIÓN COMPLEMENTARIA:
Manejo avanzado de SAP Business One (maestro de artículos, socios de negocio y módulo de reportes)
Herramientas de reporting: Crystal Reports, Query Generator, Power BI
Gestión de calidad de datos (Data Governance / MDM)
Excel nivel avanzado
Nociones de procesos logísticos y de abastecimiento
IDIOMA:
Inglés intermedio.
EXPERIENCIA REQUERIDA:
De 2 a 3 años en posiciones de datos maestros, soporte funcional SAP B1 o similares, de preferencia en áreas de logística o abastecimiento.",2512,False,https://www.bumeran.com.pe/empleos/analista-de-datos-maestros-1118364264.html,2026-09-23 21:32
1118363143,Analista de datos - Planeamiento Financiero,Energigas Sac,Análisis de datos / BI,analista de datos,1,"Administración, Contabilidad y Finanzas",Finanzas,Junior,Presencial,Full-time,Indeterminado,FULL_TIME,1,False,False,False,False,False,Lima,San Isidro,PE,"San Isidro, Lima, Peru",2026-07-10,2026-10-08,75,Actualizado hace más de 15 días,,,,,,,False,"Python, Excel",2,False,True,False,False,True,False,False,False,False,False,False,False,False,False,False,False,False,False,False,False,False,False,1654630,https://www.bumeran.com.pe/perfiles/empresa_energigas-sac_1654630.html,Minería / Petróleo / Gas,"Lima, Ancash",Entre 301 y 500 empleados,"Somos una empresa de capitales peruanos que brinda soluciones energéticas a través de la comercialización de hidrocarburos (Líquidos, GLP, GNV , GNC) para el sector industrial, minero, automotriz, comercial y domiciliario, con cobertura a nivel nacional.",,,,,,,,,"ENERGIGAS te está buscando! Con más de 22 años de experiencia en el mercado, somos líderes en el sector de hidrocarburos, y seguimos creciendo.
Buscamos al mejor TALENTO para LA POSICION DE ANALISTA DE PLANEAMIENTO FINANCIERO.
¡Esta es tu oportunidad para formar parte de una empresa sólida, con prestigio y un ambiente de trabajo dinámico y gratificante!
PERFIL DEL PUESTO:
Bachiller universitario de las carreras de Administración de empresas, finanzas, economía, y/o afines.
Experiencia de un año en posiciones similares.
Manejo de Excel y Power Point (Avanzado)
Manejo de Python Intermedio (Indispensable)
Conocimiento en manejo de bases de datos.
Conocimientos de Estados Financieros y análisis de ratios.
COMPETENCIAS:
Compromiso
Eficiencia
Comunicación Efectiva
Orientación a resultados
Capacidad de análisis.
FUNCIONES PRINCIPALES:
Recolectar y analizar datos financieros y operativos para apoyar la planificación y toma de decisiones.
Organizar y mantener registros financieros y documentacióN relacionada para facilitar el cumplimiento interno.
Analizar Variaciones en los resultados financieros reales frente a los presupuestados y proponer ajustes correctivos.
Asistir en la identificación de riesgos financieros y colaborar en la implementación de medidas para mitigarlos con la aprobación de la jefatura.
Entre otras funciones propias del puesto solicitadas por la jefatura inmediata.
¿Qué Ofrecemos?
Salario Competitivo: en planilla desde el primer día, con todos los beneficios de ley.
Lugar de trabajo: San Isidro.
¡Beneficios Corporativos para Ti y Tu Familia!",1578,False,https://www.bumeran.com.pe/empleos/analista-de-datos-planeamiento-financiero-energigas-sac-1118363143.html,2026-09-23 21:32
1118362272,Analista de Operaciones /Power BI / Automatización de Procesos,SODEXO PERU,Análisis de datos / BI,analista bi; power bi,2,Ingenierías,Ingeniería Industrial,Junior,Híbrido,Full-time,Indeterminado,FULL_TIME,1,False,False,False,False,False,Lima,San Isidro,PE,"San Isidro, Lima, Peru",2026-07-09,2026-10-07,76,Actualizado hace más de 15 días,,,,,,1.0,False,"SQL, Python, Power BI, Excel, Looker",5,True,True,False,True,True,False,False,True,False,False,False,False,False,False,False,False,False,False,False,False,False,True,10070641,https://www.bumeran.com.pe/perfiles/empresa_sodexo-peru_10070641.html,Servicios,"Lima, Lima",Entre 1001 y 5000 empleados,"En Sodexo Perú, formamos parte de una compañía global de origen francés con presencia en el país desde 1998. Brindamos Soluciones Integrales de Servicio que mejoran la calidad de vida de nuestros clientes en sectores como minería, hidrocarburos, energía, defensa y diversas industrias a lo largo de la costa, sierra y selva.
Ofrecemos servicios de alimentación, hotelería, lavandería, limpieza, mantenimiento de infraestructura y recreación, entre otros, siempre con el compromiso de crear un mejor día para todos y todas.
En Sodexo valoramos a cada persona y fomentamos un ambiente donde puedas pertenecer, actuar y crecer a tu manera, bajo una mentalidad de Cero Daño que coloca la seguridad y el bienestar en el centro de todo lo que hacemos. Además, impulsamos el desarrollo de nuestros colaboradores y sus familias, promoviendo beneficios que fortalecen su bienestar y crecimiento profesional.",3.7,3.8,3.5,3.5,3.4,3.4,3.4,26.0,"¡SODEXO busca ser parte de la familia del mejor experto/experta en el cargo de ANALISTA ADMINISTRATIVO!
Si, Tu ADN Está Compuesto Por100% espíritu de servicio
100% espíritu de progreso
100% espíritu de equipo
¡Esta es tu oportunidad!
¿Qué buscamos?
Profesional universitario o en las carreras de ingeniería industrial, informática y carreras afines.
1 año de experiencia como Analista Administrativo.
Experiencia en mejoras de proceso, manejo de data y automatizaciones.
Experiencia en implementación de herramientas digitales (Python, Power BI, Power Automate, Power Apps, Looker Studio, AppSheet).
Conocimiento en uso de inteligencia artificial y experiencia en creación de agentes de IA.
Manejo de MS.OFFICE a nivel intermedio.
Excel a nivel intermedio – avanzado (Indispensable).
Power BI a nivel básico – intermedio (Indispensable).
Dominio de SQL y Phyton (Deseable).
Disponibilidad para trabajar de lunes a sábado de forma hibrida.
¿Qué lograrás?
Mapear, documentar y rediseñar procesos administrativos y operativos del contrato, identificando oportunidades de mejora y eliminación de reprocesos.
Diseñar e implementar herramientas digitales para el control de asistencia, vacaciones, materiales, caja chica, uniformes, movilidad, consumibles, proveedores y servicios recurrentes.
Construir dashboards e indicadores de gestión para el seguimiento de gastos, cumplimiento operativo, dotación, productividad y desviaciones presupuestales.
Automatizar bases de datos, reportes recurrentes y controles manuales mediante Excel avanzado, Power Query, Power BI, AppSheet, Power Automate u otras herramientas disponibles.
Estandarizar formatos, flujos de aprobación, reportes, cronogramas y matrices de control del contrato.
Realizar análisis de desviaciones de gasto, identificando causas, impactos y oportunidades de contención o ahorro.
Implementar controles de trazabilidad para asegurar que cada gasto, servicio, compra o requerimiento tenga sustento, responsable, fecha, estado y evidencia.
Apoyar la implementación, seguimiento y explotación de información de plataformas de control operativo (Geovictoria, AppSheet, Power BI u otras).
Desarrollar y mantener agentes de inteligencia artificial orientados a la automatización de tareas operativas, generación de reportes y soporte a la toma de decisiones.
Preparar reportes ejecutivos para jefatura y gerencia, traduciendo data operativa en conclusiones accionables.
Llevar control de la facturación, caja chica, pre cierres, cierres financieros, presupuestos, planillas, vacaciones, exámenes médicos, ingresos de personal y solicitudes de compra.
Realizar funciones adicionales que, en materia de su competencia, le sean asignadas acorde a necesidad.
¿Qué te ofrecemos?
Ingreso a planilla desde el primer día de trabajo
Todos los beneficios de acuerdo a ley.
Capacitación y oportunidades de desarrollo.
¡Nuestro ADN, nos hace una familia diferente! “SODEXO considera la diversidad y la inclusión como prioridades de desarrollo clave, siendo uno de nuestros principales objetivos promover una cultura que acepta diferencias y celebra talentos únicos”
¡No te dejes sorprender! Sodexo no solicita ningún tipo de pago para postulación de personal. Rechazamos actos inescrupulosos de personas que utilizan el nombre de la empresa para realizar convocatorias laborales falsas en las que solicitan dinero a cambio de una oportunidad laboral.

Súmate a nuestros canales de empleabilidad y sé de los primeros en enterarte de nuestras ofertas:
📲 Canal de WhatsApp: 941 976 675
🎥 TikTok: “Chambea en Sodexo”",3552,False,https://www.bumeran.com.pe/empleos/analista-de-operaciones-power-bi-automatizacion-de-procesos-sodexo-peru-1118362272.html,2026-09-23 21:32
1118362174,Analista de Planeamiento Financiero y Control de Gestión | Presupuestos y BI,Confidencial,Análisis de datos / BI,analista bi,1,"Administración, Contabilidad y Finanzas",Planeamiento económico-financiero,Senior,Híbrido,Full-time,Indeterminado,FULL_TIME,1,False,False,False,False,False,Lima,Lima,PE,"Lima, Lima, Peru",2026-07-09,2026-10-07,76,Actualizado hace más de 15 días,,,,,,,False,"SQL, Power BI, Excel, SAP",4,True,False,False,True,True,False,False,False,False,False,False,False,False,False,False,False,True,False,False,False,True,False,,,,,,,,,,,,,,,"🎯 MISIÓN DEL PUESTO
Liderar la elaboración del presupuesto anual, el control de gestión y la generación de reportes financieros y dashboards que permitan la toma de decisiones de la alta dirección.
🚀 FUNCIONES PRINCIPALES
Presupuesto y Control de Gestión:
Liderar la elaboración del presupuesto anual de todas las áreas de la empresa, consolidando la información y generando los reportes asociados.
Elaborar la presentación del presupuesto al Directorio para su aprobación.
Dar seguimiento al cumplimiento del presupuesto y su correcta asignación en las cuentas contables.
Alertar sobre desviaciones en el presupuesto de gastos, sugiriendo acciones correctivas para el cierre de brechas.
Gestionar suplementos y movimientos de presupuesto en coordinación con el área solicitante.
Análisis Financiero y Reporting:
Analizar ventas (sell in y sell out), costos y márgenes, gastos operativos y financieros, capital de trabajo (cuentas por cobrar, inventarios, cuentas por pagar), endeudamiento e inversiones.
Elaborar el informe de gestión mensual de la empresa: estados financieros, indicadores clave, evolución de ventas, costos, gastos, márgenes, capital de trabajo y endeudamiento.
Elaborar el informe trimestral de resultados por gerencia, evaluando el cumplimiento de objetivos planteados.
Elaborar y analizar el flujo de caja real y proyectado a 12 meses.
Realizar reportes de evaluación de proyectos de inversión, determinando su impacto cuantitativo en la organización.
Dashboards y Automatización:
Diseñar, elaborar y gestionar el tablero de indicadores (KPIs) de la empresa, gerencias, jefaturas y personal clave.
Automatizar procesos de generación de reportes utilizando herramientas de BI (Power BI, Power Apps, Power Automate).
Elaborar reportes ad hoc a solicitud de la gerencia.
🎓 REQUISITOS
Formación
Bachiller en Ingeniería Industrial, Economía, Administración o carreras afines.
Conocimientos en Finanzas Corporativas, Control de Gestión y Contabilidad.
Experiencia
Mínimo 3 años en puestos similares, en áreas de finanzas, contabilidad o afines.
Experiencia comprobable en procesos de presupuestación y control de gestión.
Herramientas y Tecnologías (Indispensable)
Power BI (nivel avanzado).
Excel (nivel avanzado).
Manejo de bases de datos.
Power Apps / Power Automate.
SQL (manejo de lenguaje y consultas).
SAP (conocimiento o capacitación en módulos financieros).
Herramientas de presentación a alta dirección (PowerPoint avanzado, storytelling con datos).",2476,False,https://www.bumeran.com.pe/empleos/analista-de-planeamiento-financiero-y-control-de-gestion-%7C-presupuestos-y-bi-1118362174.html,2026-09-23 21:32
1118360419,Coordinador de Data y Analytics,Confidencial,Análisis de datos / BI,data analytics,1,"Tecnología, Sistemas y Telecomunicaciones",Administración de Base de Datos,Semi Sr,Híbrido,Full-time,Indeterminado,FULL_TIME,1,False,False,False,False,False,Lima,Santiago de Surco,PE,"Surco, Lima, Peru",2026-07-08,2026-10-06,77,Actualizado hace más de 15 días,,,,,,5.0,False,"SQL, Python, Power BI, Spark, AWS, ETL",6,True,True,False,True,False,False,False,False,False,False,False,True,False,True,False,False,False,False,True,False,True,False,,,,,,,,,,,,,,,"Importante empresa del sector educativo está en búsqueda de profesionales para que asuman el rol de Coordinador de Data y Analytics.
Objetivo de la posición:
Liderar el diseño, desarrollo y mantenimiento de los sistemas analíticos de la organización, garantizando la disponibilidad, calidad y explotación eficiente de los datos en plataformas cloud (AWS). Responsable de traducir las necesidades de negocio de las áreas de finanzas, comercial y operaciones en soluciones de Business Intelligence y Data Engineering, asegurando la toma de decisiones basada en datos a través de dashboards, pipelines ETL y arquitecturas de datos robustas.
Funciones
Liderar proyectos de Business Intelligence para las áreas de finanzas, comercial , academicos y operaciones, desde el levantamiento de requerimientos hasta la entrega de dashboards en producción.
Diseñar y desarrollar procesos ETL/ELT sobre AWS (Glue Jobs, PySpark, DMS) garantizando la integración confiable de fuentes de datos heterogéneas hacia el Datalake corporativo.
Mantener y optimizar el Datalake en AWS, incluyendo monitoreo de permisos en Lake Formation / IAM, control de costos y reingeniería de flujos legacy.
Construir y publicar dashboards y reportes en Power BI para la toma de decisiones de las áreas usuarias, asegurando precisión, rendimiento y gobernanza de datos.
Proponer e implementar KPIs, métricas y modelos analíticos que soporten los objetivos estratégicos del negocio (finanzas, comercial, operaciones).
Coordinar y dar seguimiento a los proyectos del equipo Data & Analytics, gestionando prioridades, cronogramas y entregables bajo metodologías ágiles (Scrum / Kanban).
Gestionar las relaciones con proveedores y áreas usuarias para el levantamiento de requerimientos, validación de modelos de datos y comunicación de avances.
Asegurar la calidad y consistencia de los datos mediante la implementación de procesos de validación, linaje de datos y estándares de gobierno de datos (DAMA/DMBOK).
Evaluar e implementar nuevas tecnologías y servicios cloud que optimicen la arquitectura analítica y reduzcan costos operativos (optimización de costos AWS).
Documentar arquitecturas, procesos, decisiones técnicas y procedimientos operativos del área de Data & Analytics para asegurar la continuidad del conocimiento.
Requisitos
Titulado universitario en Ing. de Sistemas, Ing. de Software, Ciencias de la computación o afines.
5 años de experiencia en roles de Data Engineering, Business Intelligence o Analytics. (excluyente).
Experiencia comprobada liderando proyectos de datos en entornos corporativos.
Experiencia con AWS (Glue, S3, Redshift, IAM) como entorno principal de trabajo.
Diseño y desarrollo de procesos ETL/ELT con AWS Glue y PySpark.
Construcción de Datalakes en AWS (S3, Glue, Lake Formation, IAM).
Desarrollo de dashboards y reportes en Power BI (nivel avanzado).
SQL avanzado: SQL Server, PostgreSQL, MySQL, Amazon Redshift.
Python orientado a datos (pandas, boto3, scripting).
Herramientas de orquestación y CI/CD: Jenkins, Bitbucket, Jira.
Power Platform: Power Apps, Power Automate, Dataverse.
Conocimiento deseable: Collibra, PurView, DAMA/DMBOK.
Metodologías ágiles: Scrum, Design Thinking, Kanban.
Lugar: Surco
Modalidad: Híbrido
Horario: 9am a 6pm",3245,False,https://www.bumeran.com.pe/empleos/coordinador-de-data-y-analytics-1118360419.html,2026-09-23 21:32
1118359787,ANALISTA DE DATOS,Rimac Cia de Seguros y Reaseguros S.A.,Análisis de datos / BI,analista de datos,1,Seguros,Seguros,Semi Sr,Presencial,Full-time,Indeterminado,FULL_TIME,1,False,True,False,False,False,Lima,Lima,PE,"Lima, Lima, Peru",2026-07-07,2026-10-05,78,Publicado hace más de 15 días,,,,,,1.0,True,"SQL, Python, Power BI, Excel",4,True,True,False,True,True,False,False,False,False,False,False,False,False,False,False,False,False,False,False,False,False,True,10119945,https://www.bumeran.com.pe/perfiles/empresa_rimac-cia-de-seguros-y-reaseguros-s.a._10119945.html,Seguros,"Lima, Lima",Entre 1001 y 5000 empleados,"¡En Rímac Seguros, trabajamos día a día, por un mundo con menos preocupaciones!

Somos la empresa líder del mercado asegurador, con 129 años de experiencia y más de 3 mil colaboradores al servicio de nuestros clientes. Pertenecemos a BRECA, el grupo empresarial más grande del Perú.",4.4,4.3,4.2,4.4,4.1,4.2,4.3,22.0,"ÚNICO LINK PARA POSTULAR (copiar link en otra ventana):
🌐 https://form.typeform.com/to/y0ApgfeO
En Rimac Seguros y Reaseguros, protegemos tu mundo, impulsamos tu bienestar! Somos la empresa líder del mercado asegurador, parte de BRECA, el grupo empresarial más grande del Perú y tenemos 129 años de experiencia en el mercado local. Estamos transformándonos para ser una organización más ágil y centrada en el cliente, por ello nos encontramos en búsqueda de profesionales que quieran sumarse a este cambio.
💫 Funciones:
Extraer y transformar grandes volúmenes de datos provenientes de equipos y sistemas de la organización.
Analizar información utilizando herramientas estadísticas y de análisis de datos para identificar patrones y tendencias.
Diseñar, elaborar y actualizar dashboards que faciliten la visualización de resultados y la toma de decisiones.
Establecer lineamientos para la administración, generación y correcto uso de la información y reportes.
Documentar modelos, herramientas y dashboards para garantizar su mantenimiento y continuidad.
Comunicar hallazgos y resultados de análisis de manera clara y concisa a líderes y equipos.
Capacitar a usuarios técnicos y de negocio sobre el uso de las soluciones desarrolladas.
Coordinar con equipos y líderes para validar información y optimizar modelos y reportes.
✅ Requisitos:
Bachiller universitario en Ingeniería de Sistemas, Ingeniería Industrial, Estadística o carreras afines.
Experiencia mínima de 1 año como Analista de Datos.
Deseable experiencia en los sectores de Seguros o Finanzas.
Inglés a nivel intermedio.
Especialización en Data & Analytics.
Manejo avanzado de SQL, Python, Power BI
Manejo de Excel a nivel avanzado.
🙌🏼 Beneficios:
EPS al 90% en el plan base + seguro oncológico 100% + portabilidad.
Beneficios Corporativos Breca.
Flex time y early friday todo el año.
Cuponera de días libres + día libre por cumpleaños.
Cursos de capacitación.
Línea de carrera.
Convenio con entidades educativas.
En Rimac Seguros y Reaseguros estamos comprometidos con la igualdad de oportunidades y derechos. Todas las personas que postulen a nuestras vacantes serán consideradas sin importar su origen, género, discapacidad, edad o cualquier otra característica, condición o preferencia.",2252,False,https://www.bumeran.com.pe/empleos/analista-de-datos-rimac-cia-de-seguros-y-reaseguros-s.a.-1118359787.html,2026-09-23 21:32
1118357979,Analista de Estadística| Power BI | SQL | Excel Avanzado| Analista de datos,Confidencial,Análisis de datos / BI,analista de datos; analista bi; power bi,3,Departamento Tecnico,Otra,Semi Sr,Presencial,Full-time,Indeterminado,FULL_TIME,1,False,True,False,False,False,Lima,Cercado De Lima,PE,"Cercado De Lima, Lima, Peru",2026-07-06,2026-10-04,79,Actualizado hace más de 15 días,,,,,,2.0,False,"SQL, Python, Power BI, Excel, SPSS, Stata",6,True,True,False,True,True,False,False,False,False,True,True,False,False,False,False,False,False,False,False,False,True,False,,,,,,,,,,,,,,,"Analista de Estadística
Importante institución se encuentra en la búsqueda de un Analista de Estadística, quien será responsable de gestionar, procesar y analizar información institucional para la elaboración de reportes, indicadores y estudios estadísticos que apoyen la toma de decisiones estratégicas.
Requisitos
Título profesional en Estadística, Ingeniería Estadística, Matemática, Economía, Ingeniería de Sistemas, Ciencia de Datos o carreras afines.
Experiencia mínima de 2 años en análisis estadístico, procesamiento de datos o gestión de información.
Conocimiento en Power BI, Excel Avanzado y SQL.
Deseable manejo de SPSS, Stata, o Python.
Experiencia en elaboración de indicadores (KPI), dashboards y administración de bases de datos.
Competencias
Pensamiento analítico.
Organización y atención al detalle.
Orientación a resultados.
Comunicación efectiva.
Trabajo en equipo.
Confidencialidad.
Ofrecemos
Ingreso a planilla con todos los beneficios de ley.
Remuneración entre S/ 4,000 y S/ 4,500 brutos.
Oportunidad de desarrollo profesional.
Excelente ambiente de trabajo.
📍 Modalidad: Presencial – Lima.",1114,False,https://www.bumeran.com.pe/empleos/analista-de-estadistica%7C-power-bi-%7C-sql-%7C-excel-avanzado%7C-analista-de-datos-1118357979.html,2026-09-23 21:32
1118357031,Analista de Riesgo de Crédito (Reporte Regulatorio),ICBC PERU BANK,Análisis de datos / BI,analista de reportes,1,"Administración, Contabilidad y Finanzas",Análisis de Riesgos,Senior,Presencial,Full-time,Indeterminado,FULL_TIME,1,False,True,False,False,False,Lima,San Isidro,PE,"San Isidro, Lima, Peru",2026-07-06,2026-10-04,79,Actualizado hace 7 días,,,,,,2.0,True,Excel,1,False,False,False,False,True,False,False,False,False,False,False,False,False,False,False,False,False,False,False,False,False,False,13353619,https://www.bumeran.com.pe/perfiles/empresa_icbc-peru-bank_13353619.html,Banca / Financiera,"Lima, Lima",Entre 51 y 150 empleados,"El Industrial and Commercial Bank of China (ICBC) es un banco de origen chino y el banco comercial más grande de ese país, con oficinas en más de 40 países alrededor del mundo. Empezó sus actividades en el Perú como ICBC PERU BANK en el año 2014, siendo el primer banco de capital chino en establecer su presencia en el país. A partir de ese momento, su visión es ser la institución financiera preferida en los negocios bilaterales entre Perú y China.",,,,,,,,,"Industrial and Commercial Bank of China (ICBC) es un banco de origen chino y el banco comercial más grande de ese país, con oficinas en más de 40 países alrededor del mundo. Empezó sus actividades en el Perú como ICBC PERU BANK en el año 2014, siendo el primer banco de capital chino en establecer su presencia en el país. A partir de ese momento, su visión es ser la institución financiera preferida en los negocios bilaterales entre Perú y China.
Nos encontramos en la búsqueda del mejor talento para el puesto de:
Analista de Riesgo de Crédito - Control y Reporte Regulatorio
Requisitos:
Bachiller o titulado en administración, finanzas, economía, contabilidad, ingeniería industrial y carreras afines.
Minimo 2 años de experiencia en gestión del riesgo de crédito en Bancos y/o instituciones financieras, preferentemente en posiciones similares.
Manejo de base de datos (Excel, Access), Microsoft Office (Word, PowerPoint).
Inglés avanzado - Indispensable.
Con importante conocimiento de la normativa regulatoria y reporte de informes regulatorios correspondientes a la SBS.
Funciones:
Realizar pruebas de estrés para evaluar el riesgo de crédito y medir la capacidad de respuesta del Banco ante escenarios adversos.
Monitoreo específico de la información sobre la exposición del banco al riesgo de crédito, riesgo cambiario y riesgo país.
El cálculo de los requisitos de capital para el riesgo de crédito y la necesidad de efectivo para capital adicional, de acuerdo con la regulación aplicable.
El cálculo de las provisiones necesarias, considerando las diferentes categorías de riesgo de los clientes.
Desarrollar informes regulatorios de riesgo de crédito, según lo requerido por la SBS, y enviarlos a través del sistema SUCAVE.
Monitorear el nivel de concentración por tipo de exposición sujeta a riesgo de crédito.
Monitorear el cumplimiento de todos los límites regulatorios e internos, según lo definido en la Regulación.
POLÍTICA DE PROTECCIÓN DE DATOS PERSONALES
En cumplimiento con lo establecido en la Ley N° 29733, Ley de Protección de Datos Personales, así como con sus normas sustitutorias y/o modificatorias, hacemos de su conocimiento la existencia de la Política de Privacidad y Protección de Datos Personales de ICBC PERU BANK, cuya finalidad es informar de formad detallada, sencilla, expresa y anticipada sobre la finalidad del tratamiento de sus datos personales garantizando la privacidad de los mismos. Invitamos a todos los postulantes a revisar dicha Política, la cual se encuentra publicada en nuestra página web www.icbc.com.pe
A todo candidato que desee participar en el proceso debe completar el siguiente formulario:
https://wj.qq.com/s2/23960650/60d3/",2687,False,https://www.bumeran.com.pe/empleos/analista-de-riesgo-de-credito-reporte-regulatorio-icbc-peru-bank-1118357031.html,2026-09-23 21:32
1118357551,LAUREATE: BUSINESS DATA ANALYST,Laureate Perú,Análisis de datos / BI,data analyst,1,"Tecnología, Sistemas y Telecomunicaciones",Tecnologías de la Información,Semi Sr,Híbrido,Full-time,Indeterminado,FULL_TIME,1,False,True,False,False,False,Lima,Lima,PE,"Lima, Lima, Peru",2026-07-06,2026-10-04,79,Actualizado hace más de 15 días,,,,,,1.0,False,"SQL, Power BI, Tableau, Looker",4,True,False,False,True,False,True,False,True,False,False,False,False,False,False,False,False,False,False,False,False,False,True,2242930,https://www.bumeran.com.pe/perfiles/empresa_laureate-peru_2242930.html,Educación,"Lima, Lima",,"Ser parte de la familia Laureate Perú es formar parte de un grupo de instituciones comprometidas con la educación del País cómo son UPC, UPN y Cibertec. 

Brindamos un servicio educativo a más de 200 mil estudiantes a nivel nacional, cuidando y velando por estandar de calidad y la innovación constante, que permita formar a los futuros líderes del país.",3.1,3.1,3.0,3.4,2.8,2.9,3.0,49.0,"Laureate es una corporación con presencia internacional, cuyo propósito es proporcionar acceso a una educación asequible y de alta calidad, mediante nuestras instituciones UPC, UPN y Cibertec, atendiendo a más de 200 Mil estudiantes a nivel nacional.
¡Contribuye con el equipo que promueve el desarrollo del país a través de la educación!
Nos encontramos en la búsqueda de: Business Data Analyst
MISIÓN DEL PUESTO:
Actuar como puente entre negocio y tecnología, identificando y mapeando fuentes de datos relevantes, definiendo requerimientos analíticos y generando insights accionables que potencien el uso del Customer Data Platform (CDP), Google Analytics y otras herramientas de analítica en Laureate.
FORMACIÓN Y EXPERIENCIA:
Egresado universitario o bachiller de Ingeniería Industrial, Economía, Administración, Sistemas o afines.
Construcción de dashboards en Power BI, Tableau o Looker.
Habilidades de levantamiento de requerimientos con stakeholders.
Experiencia minima de 1 año en puestos similares
CONOCIMIENTO:
Herramientas de analítica digital (Google Analytics, Tag Manager, CDPs)
Visualización y storytelling con datos.
SQL y nociones básicas de pipelines de datos.
Entendimiento de analítica educativa.
FUNCIONES:
Reunirse con áreas de negocio para entender necesidades y traducirlas en integraciones hacia el CDP
Documentar qué datos, métricas y KPIs deben capturarse en plataformas digitales y educativas.
Transformar datos en recomendaciones claras para mejorar engagement y resultados de negocio.
Crear reportes en BI para seguimiento de KPIs estratégicos.
Asegurar que los pipelines y plataformas implementadas respondan a los objetivos de negocio.
BENEFICIOS:
Contrato en planilla.
EPS AL 50% y Seguro Oncológico al 100%.
Descuentos corporativos.
Descuentos educativos
Modalidad híbrida",1807,False,https://www.bumeran.com.pe/empleos/laureate-business-data-analyst-laureate-peru-1118357551.html,2026-09-23 21:32
1118355461,Analista de Business Intelligence (BI) | Híbrido,CLÍNICA AVIVA,Análisis de datos / BI,analista bi; business intelligence,2,"Tecnología, Sistemas y Telecomunicaciones",Tecnologia / Sistemas,Semi Sr,Híbrido,Full-time,Indeterminado,FULL_TIME,1,False,False,False,False,False,Lima,Magdalena del Mar,PE,"Magdalena, Lima, Peru",2026-07-03,2026-10-01,82,Actualizado hace más de 15 días,,,,,,1.0,False,"SQL, Python, Power BI, Google Cloud, ETL, Machine Learning",6,True,True,False,True,False,False,False,False,False,False,False,False,False,False,False,True,False,False,True,True,False,False,1521970,https://www.bumeran.com.pe/perfiles/empresa_clinica-aviva_1521970.html,Salud,"lima, Lima",Entre 151 y 300 empleados,"Somos una clínica privada que brinda un servicio medico de excelente calidad, con trato amable y a tu alcance. Tenemos 2 servicios avivacura enfocado en recuperar la salud cuando estas enfermo y avivacuida que ofrece acompañamiento preventivo para nuestros pacientes, con foco en la mujer embarazada.",,,,,,,,,"En Clínica aviva logramos, con trato amable, que más peruanos vivan sanos para conquistar sus sueños. Por ello, trabajamos continuamente en mejorar la experiencia de nuestros usuarios, brindando un servicio oportuno y de calidad.
Actualmente, nos encontramos en la búsqueda de un(a) Analista de Business Intelligence que quiera crecer, generar impacto y acompañarnos en este propósito.
🎯 Principales desafíos
Diseñar y desarrollar dashboards interactivos en Power BI para facilitar la toma de decisiones estratégicas.
Construir, optimizar y mantener procesos ETL, garantizando la calidad, disponibilidad y confiabilidad de la información.
Automatizar procesos analíticos mediante herramientas de programación y tecnologías de integración de datos.
Implementar modelos de Machine Learning e Inteligencia Artificial para generar análisis predictivos y aportar valor al negocio.
Atender requerimientos de usuarios internos, brindando soluciones analíticas oportunas.
Implementar controles de calidad, documentación y versionamiento de datos para asegurar su trazabilidad y consistencia.
🚀 Perfil ideal
Bachiller o Titulado(a) en Ingeniería de Sistemas, Informática o carreras afines.
Experiencia mínima de 1 año como Analista o Asistente de Business Intelligence.
Manejo intermedio o avanzado de Power BI, SQL y Python.
Experiencia en procesos ETL y automatización de información.
Conocimientos en herramientas de control de versiones (Git) y Power Automate.
Deseable conocimiento de Google Cloud Platform (BigQuery, Cloud Storage, Cloud Functions/Composer).
💙 Lo que tenemos para ti
Ingreso a planilla al 100% desde el primer día.
Beneficios de ley.
Capacitaciones constantes.
Línea de carrera.
Excelente clima laboral (somos una empresa GPTW).
Pertenecer al Grupo Intercorp.
Descuentos corporativos.
En Clínica aviva, estamos comprometidos con la igualdad de oportunidades. Promovemos la inclusión y respetamos la diversidad de todos los postulantes en nuestros procesos de selección.",1983,False,https://www.bumeran.com.pe/empleos/analista-de-business-intelligence-bi-%7C-hibrido-clinica-aviva-1118355461.html,2026-09-23 21:32
1118350509,Data Analyst,GRUPO RIPLEY,Análisis de datos / BI,data analyst,1,"Tecnología, Sistemas y Telecomunicaciones",Data Entry,Junior,Presencial,Full-time,Indeterminado,FULL_TIME,1,False,False,False,False,False,Lima,San Isidro,PE,"San Isidro, Lima, Peru",2026-07-03,2026-10-01,82,Actualizado hace más de 15 días,,,,,,2.0,False,"SQL, Python, Power BI, Excel",4,True,True,False,True,True,False,False,False,False,False,False,False,False,False,False,False,False,False,False,False,False,True,1299020,https://www.bumeran.com.pe/perfiles/empresa_grupo-ripley_1299020.html,Retail,"Lima, Lima",Entre 1001 y 5000 empleados,"Cadena de tiendas por departamentos y retail chilena con fuerte presencia en Perú. Ofrece moda, electrodomésticos, hogar y también servicios financieros como tarjetas propias y crédito.",4.0,4.0,3.9,4.1,3.8,3.8,3.9,99.0,"En Ripley Perú trabajamos como un gran equipo que tiene como propósito mejorar la calidad de vida de las personas a través de nuestros productos y servicios, por eso innovamos constantemente para estar cada día más cerca de nuestros clientes.
Nos encontramos en busca de un Data Analyst, nuestro candidato o candidata ideal, será responsable de monitorear, analizar y dar visibilidad al desempeño de la operación omnicanal en Perú, asegurando información confiable y oportuna para la toma de decisiones desde el frente de ecommerce.
Qué Harás En Esta Posición
Mantener y mejorar procesos desarrollados en Python.
Administrar y actualizar reportes en Power BI.
Realizar consultas SQL para extracción y análisis de información.
Mantener herramientas desarrolladas en Excel y VBA.
Diagnosticar y resolver problemas en procesos automatizados.
Ejecutar tareas periódicas de actualización de información y verificar la calidad de los resultados para diversos análisis.
Proponer mejoras que permitan simplificar procesos o automatizar tareas manuales.
Qué necesitamos de ti
Egresado, Bachiller o Titulado en Ingeniería sistemas, ingenieria industrial Administración o afines.
Experiencia mínimo de 2 años en posiciones similares.
Manejo intermedio en Phyton, Power BI, SQL.
En Ripley #NosFascinaVerteBien generando nuevas oportunidades a nuestros futuros talentos.
Somos un equipo diverso e inclusivo, esta posición, como todas nuestras vacantes, está abierta a recibir postulantes sin ningún tipo de sesgo.
Síguenos en LinkedIn como Ripley Perú.",1539,False,https://www.bumeran.com.pe/empleos/data-analyst-grupo-ripley-1118350509.html,2026-09-23 21:32
1118353925,Analista de BI y Automatización (Especialista),ManpowerGroup Perú,Análisis de datos / BI,analista bi,1,"Tecnología, Sistemas y Telecomunicaciones",Tecnologías de la Información,Semi Sr,Presencial,Full-time,Temporal,TEMPORARY,1,False,False,False,False,False,Lima,Ate,PE,"Ate, Lima, Peru",2026-07-02,2026-09-30,83,Actualizado hace más de 15 días,"De S/.3,500 A S/.4,000 Por Mes",3500.0,4000.0,PEN,Mes,2.0,False,"SQL, Python, Power BI, Excel, SAP, ETL",6,True,True,False,True,True,False,False,False,False,False,False,False,False,False,False,False,True,False,True,False,False,True,10011970,https://www.bumeran.com.pe/perfiles/empresa_manpowergroup-peru_10011970.html,Consultoría,"Lima, Lima",Entre 1001 y 5000 empleados,"En ManpowerGroup creemos en las personas y en el papel que representa el trabajo en sus vidas. Además, creemos en la importancia de impulsar el talento para favorecer el crecimiento personal y profesional.

Somos líder mundial en soluciones para la fuerza laboral, ayudando a las organizaciones a transformarse en un mundo laboral que cambia rápidamente mediante la búsqueda, evaluación, desarrollo y gestión del talento. Desarrollamos soluciones innovadoras para cientos de miles de organizaciones cada año, brindándoles talento calificado mientras encontramos empleo significativo y sostenible para millones de personas en una amplia gama de industrias. 

Nuestra familia de marcas expertas (Manpower, Experis y Talent Solutions) crea mucho más valor para nuestros candidatos en más de 70 países, durante 75 años a nivel global y 29 años a nivel nacional.

Anímate a dejar huella con nosotros ¡Únete a la compañía que impulsa tu Talento!",3.8,3.8,3.6,3.8,3.6,3.6,3.7,193.0,"En Experis Perú buscamos al mejor talento para sumarse a los desafíos de la era digital y llevar su carrera a un siguiente nivel.
Nos encontramos en búsqueda de un(a) Analista Senior de Business Intelligence y Automatización, responsable de transformar datos en información estratégica para la toma de decisiones del negocio, desarrollando tableros de gestión, automatizaciones e integraciones de datos que generen eficiencias operativas en la organización. La posición trabajará de manera cercana con gerencias, jefaturas y áreas operativas, siendo un referente técnico en analítica y automatización dentro del equipo.
Principales responsabilidades
Diseñar, desarrollar y mantener dashboards e indicadores de gestión utilizando Power BI.
Levantar requerimientos con usuarios de diferentes niveles organizacionales, incluyendo gerencias y jefaturas.
Analizar grandes volúmenes de información para generar reportes y recomendaciones de negocio.
Desarrollar consultas y procesos de extracción de información mediante SQL.
Diseñar e implementar modelos de datos para explotación analítica.
Desarrollar procesos de automatización mediante Python, macros y herramientas de integración.
Implementar soluciones orientadas a la optimización y automatización de procesos de negocio.
Gestionar integraciones entre distintas fuentes de datos.
Participar en iniciativas de mejora continua relacionadas con inteligencia de negocios y automatización.
Requisitos
Profesional o egresado de Ingeniería de Sistemas, Informática, Software o carreras afines.
Experiencia mínima de 2 años en posiciones relacionadas con Business Intelligence, Analítica de Datos o Automatización.
Dominio de Power BI para desarrollo de dashboards y visualizaciones.
Dominio de SQL (requisito indispensable).
Experiencia en Power Query y manejo avanzado de Excel.
Experiencia desarrollando automatizaciones mediante Python.
Conocimiento en integraciones y procesamiento de datos.
Conocimientos de modelamiento de datos y procesos ETL.
Deseable experiencia trabajando con SAP HANA.
Capacidad para interactuar con usuarios de negocio y traducir requerimientos en soluciones analíticas.
Competencias
Pensamiento analítico.
Orientación a resultados.
Comunicación efectiva.
Proactividad.
Capacidad de organización y planificación.
Trabajo colaborativo.
Orientación a la mejora continua.
Condiciones
Modalidad 100% presencial en Ate, cerca al puente Santa Anita.
Horario de lunes a viernes de 8:00 a.m. a 6:00 p.m y presencia intercalada los sábados de 9am a 12pm.
Planilla completa con el cliente
Descuentos en productos y obsequios en diferentes momentos del año
Utilidades
Contrato inicial por 6 meses con posibilidad de continuidad según desempeño y necesidades del negocio.
Evaluación del proceso
Los candidatos participarán en evaluaciones técnicas relacionadas con:
SQL.
Power BI y construcción de dashboards.
Python para automatización e integraciones.
Análisis y modelamiento de datos.
En Experis Perú, promovemos la inclusión e inserción laboral sin distinción por razón de discapacidad, género, orientación, identidad y expresión de género, lugar de origen o generación. Por ello, ¡todos los talentos son bienvenidos!",3183,False,https://www.bumeran.com.pe/empleos/analista-de-bi-y-automatizacion-especialista-manpowergroup-peru-1118353925.html,2026-09-23 21:32
1118353387,ANALISTA DE BUSINESS INTELLIGENCE (BI),CHINA YANG ZU S.A.C.,Análisis de datos / BI,analista bi; business intelligence,2,"Tecnología, Sistemas y Telecomunicaciones",Análisis de Datos,Senior,Presencial,Full-time,Indeterminado,FULL_TIME,1,False,False,False,False,False,Lima,Ate,PE,"Ate, Lima, Peru",2026-07-02,2026-09-30,83,Actualizado hace más de 15 días,,,,,,2.0,False,"SQL, Power BI, Excel",3,True,False,False,True,True,False,False,False,False,False,False,False,False,False,False,False,False,False,False,False,False,True,10184256,https://www.bumeran.com.pe/perfiles/empresa_china-yang-zu-s.a.c._10184256.html,Comercio,"Lima, Lima",Entre 51 y 150 empleados,"China Yang Zu SAC, es una empresa peruana dedicada a la fabricación, importación y comercialización de repuestos para motos, motocicletas, trimotos, motocargueros y mototaxis en general, repuestos de la marca Yang Zu y otros.",,,,,,,,,"nos encontramos en la búsqueda de un(a) profesional analítico(a), proactivo(a) y orientado(a) a resultados para fortalecer nuestro equipo.
Objetivo del puesto
Diseñar, desarrollar y mantener soluciones de Business Intelligence que permitan transformar los datos en información estratégica para la toma de decisiones, mediante la elaboración de dashboards, indicadores de gestión y análisis de información que contribuyan al crecimiento y eficiencia del negocio.
funciones
Diseñar y desarrollar dashboards, reportes gerenciales e indicadores de gestión.
Integrar, modelar y validar información proveniente de diversas fuentes de datos.
Automatizar procesos de extracción, transformación y distribución de información.
Analizar datos para identificar oportunidades de mejora y generar propuestas de valor para las diferentes áreas.
Definir y monitorear KPIs comerciales, financieros, logísticos y operativos.
Elaborar reportes ejecutivos para la Gerencia.
Analizar la rentabilidad por producto, marca, cliente y unidades de negocio.
Actualizar y mantener dashboards en Power BI y Excel.
Participar en proyectos de mejora continua y transformación digital.
Brindar soporte a los usuarios en temas relacionados con Business Intelligence.
Otras funciones asignadas por la jefatura inmediata.
Requisitos
Profesional universitario en Ingeniería Industrial, Ingeniería de Sistemas, Ingeniería Informática, Economía, Estadística, Administración o carreras afines.
Experiencia mínima de 2 a 4 años en posiciones similares.
Especialización o experiencia en Business Intelligence, análisis de datos o inteligencia de negocios.
Conocimientos
Excel Avanzado (tablas dinámicas, Power Query, fórmulas, validaciones, dashboards).
Power BI (indispensable).
Modelado y análisis de datos.
Elaboración de indicadores de gestión (KPIs).
Automatización de reportes.
Deseable conocimiento de SQL.
Deseable experiencia en análisis comercial, importaciones o retail.
Competencias
Pensamiento analítico.
Organización y planificación.
Atención al detalle.
Orientación a resultados.
Comunicación efectiva.
Trabajo en equipo.
Proactividad.
Capacidad para trabajar bajo presión.
Ofrecemos
Ingreso a planilla desde el primer día.
Beneficios de ley.
Excelente clima laboral.
Oportunidades de desarrollo profesional.
Capacitación constante.",2306,False,https://www.bumeran.com.pe/empleos/analista-de-business-intelligence-bi-china-yang-zu-s.a.c.-1118353387.html,2026-09-23 21:32
1118352919,Analista de Datos _ Avanzado,CHINA YANG ZU S.A.C.,Análisis de datos / BI,analista de datos,1,"Tecnología, Sistemas y Telecomunicaciones",Análisis de Datos,Senior,Presencial,Full-time,Indeterminado,FULL_TIME,1,False,False,True,False,False,Lima,Ate,PE,"Ate, Lima, Peru",2026-07-02,2026-09-30,83,Actualizado hace más de 15 días,,,,,,4.0,False,"SQL, Python, Power BI, Excel, Tableau, Google Cloud, ETL",7,True,True,False,True,True,True,False,False,False,False,False,False,False,False,False,True,False,False,True,False,False,True,10184256,https://www.bumeran.com.pe/perfiles/empresa_china-yang-zu-s.a.c._10184256.html,Comercio,"Lima, Lima",Entre 51 y 150 empleados,"China Yang Zu SAC, es una empresa peruana dedicada a la fabricación, importación y comercialización de repuestos para motos, motocicletas, trimotos, motocargueros y mototaxis en general, repuestos de la marca Yang Zu y otros.",,,,,,,,,"Descripción del trabajo
Objetivo del cargo Analizar la información comercial, de ventas y de mercado para clientes del sector consumo masivo, participando en procesos de ETL, automatización de información y generación de insights que apoyen la toma de decisiones estratégicas y operativas.
Requisitos principales
Formación y experiencia obligatorio
Profesional en Ingeniería, Estadística, Economía, Administración, Sistemas o carreras afines.
Experiencia mínima de 4 a 5 años en análisis de datos.
Experiencia o conocimiento comprobable en análisis de información comercial para empresas de consumo masivo.
Experiencia en procesos ETL, automatización de reportes y procesamiento de información comercial.
Experiencia en indicadores de Sell In, Sell Out, cobertura, distribución, participación de mercado, cumplimiento de cuotas y desempeño por canal, cliente, zona o categoría.
Experiencia trabajando en empresas distribuidoras y/o corporativas del sector consumo masivo
Experiencia en los canales moderno y tradicional de consumo masivo
Experiencia en análisis de Sell In y Sell Out
Conocimientos técnicos obligatorios
Excel avanzado.
SQL avanzado para extracción, transformación y análisis de información.
Manejo de bases de datos masivas y modelos de datos comerciales.
Experiencia en Google BigQuery.
Python para análisis de datos, automatización y procesamiento de información.
Conocimiento en procesos ETL, integración de fuentes de información y validación de datos.
Deseable manejo de Power BI, Tableau u otras herramientas de visualización.
Funciones principales
Analizar información comercial de clientes del sector consumo masivo.
Participar en procesos de extracción, transformación y carga de información comercial.
Automatizar procesos de análisis, validación, reportería y generación de indicadores.
Desarrollar consultas SQL, modelos de datos y procesos analíticos en BigQuery.
Evaluar indicadores de Sell In, Sell Out, cobertura, participación, rotación y cumplimiento comercial.
Elaborar dashboards e informes ejecutivos para usuarios comerciales y gerencias.
Atender requerimientos de usuarios internos y externos, brindando soporte analítico a áreas comerciales.",2182,False,https://www.bumeran.com.pe/empleos/analista-de-datos-_-avanzado-china-yang-zu-s.a.c.-1118352919.html,2026-09-23 21:32
1118354263,Analista de Datos - Mantenimiento,San Fernando - La buena Familia,Análisis de datos / BI,analista de datos,1,Oficios y Otros,Otros,Semi Sr,Presencial,Full-time,Indeterminado,FULL_TIME,1,False,False,False,False,False,Lima,Surquillo,PE,"Surquillo, Lima, Peru",2026-07-02,2026-09-30,83,Actualizado hace más de 15 días,,,,,,1.0,False,"Python, Power BI, Excel, SAP, ETL",5,False,True,False,True,True,False,False,False,False,False,False,False,False,False,False,False,True,False,True,False,False,True,10002829,https://www.bumeran.com.pe/perfiles/empresa_san-fernando-la-buena-familia_10002829.html,Consumo masivo,"LIMA, Lima",Entre 1001 y 5000 empleados,"Somos una empresa peruana con mpas de 75 años en el mercado. Dedicada a la producción y comercialización de alimentos de consumo masivo de las líneas pollo, pavo, cerdo, huevo y productos procesados. Líderes en los mercados con los que competimos a nivel nacional.",3.8,3.6,3.6,3.9,3.6,3.4,3.3,30.0,"En San Fernando nos encontramos en la búsqueda de un(a) Analista de Datos para el área de Mantenimiento, con el fin de gestionar la inteligencia de datos del área, integrando tecnologías innovadoras para monitorear el desempeño histórico y actual, proporcionando información estratégica y oportuna que fundamente la toma de decisiones.
¿QUÉ NECESITAS?
Profesionales de las carreras de Ingeniero Industrial, Administración o afines.
Contar con una experiencia mínima de 1 año de experiencia realizando funciones de análisis de datos.
Manejo de Excel y Power BI a nivel intermedio/avanzado.
Deseable manejo de Python a nivel intermedio.
Manejo de herramientas de análsis de datos.
¿QUÉ HARÁS?
Redactar los procedimientos, instructivos, manuales, formatos y diagramas correspondientes al libro de mantenimiento.
Elaborar especificaciones funcionales para gestionar la configuración y mejora continua de SAP y la APP de mantenimiento.
Gestionar el desarrollo de proyectos de transformación digital orientados a la optimización de la gestión y operación de mantenimiento.
Implementar flujos de datos (ETL), modelos de almacenamiento (Data Warehouse) y políticas de acceso, garantizando la calidad de la información para el análisis de BI.
Diseñar y automatizar reportes y dashboards para la visualización de indicadores en tiempo real.
Analizar tendencias de confiabilidad utilizando herramientas estadísticas para anticipar fallas y proponer acciones preventivas.
Evaluar el desempeño integral de los activos mediante el cálculo del Costo de Ciclo de Vida (LCC) y métricas de productividad para optimizar la rentabilidad de la flota.
Capacitar y brindar soporte técnico a los usuarios en herramientas de digitalización y plataformas de trabajo colaborativo.
¿QUÉ OFRECEMOS?
Ser parte de una organización peruana con propósito, en pleno proceso de transformación cultural.
EPS y seguro oncológico cubierto al 60%
Asignación por escolaridad
Aguinaldo navideño
Descuentos corporativos de nuestros productos
Convenios con las mejores universidades
Capacitación constante
¡Ven y únete a LA FAMILIA DE SAN FERNANDO!
En San Fernando evaluamos a nuestros candidatos en base a sus conocimientos, habilidades y experiencia, es decir, no se discrimina por motivos de raza, religión, orientación sexual, condición física o socioeconómica o cualquier otra característica.
Política De Privacidad De Datos Para Los Postulantes
Los datos personales solicitados son aquellos necesarios para evaluar su interés y perfil profesional para poder ocupar la posición laboral a la cual postula en San Fernando S.A. (en adelante, San Fernando). Los datos solicitados serán los siguientes: Nombres y apellidos, número de DNI, dirección del domicilio, teléfono, dirección de correo electrónico, imagen, fecha de nacimiento, nacionalidad, sexo, profesión, edad, datos académicos, recorrido profesional, última remuneración y cualquier otra información que usted nos haya proporcionado, aptitudes psicotécnicas, seguros, planes de pensiones/jubilación e información del certificado único laboral. En caso no desee proporcionarnos sus datos personales, ello acarreará la imposibilidad de que podamos continuar su evaluación dentro del proceso de selección.
Recopilamos sus datos personales con la finalidad de gestionar su proceso de postulación, evaluación y selección a alguna posición vacante en San Fernando.
Sus datos personales serán almacenados en el Banco de Datos Personales de “Postulantes” inscrito en el Registro Nacional de Protección de Datos Personales, aprobado por Resolución Directoral N.º 931-2020-JUS/DGTAIPD-DPDP, bajo titularidad de San Fernando.
Sus datos personales son transferidos y/o encargamos su tratamiento a Google LLC (TIN: 37000041), ubicado en los Estados Unidos de América, domiciliado en 1600 Amphitheatre Parkway, Mountain View, California, Estados Unidos de América, proveedor de servicio de alojamiento en la nube. Asimismo, sus datos personales podrán ser comunicados por transferencia a las entidades administrativas, autoridades judiciales y/o policiales cuando medie una obligación legal de hacerlo.
Conservaremos sus datos personales durante el tiempo estrictamente necesario para cumplir con la finalidad de evaluar su postulación a un puesto laboral, así como los fines estadísticos, conservaremos sus datos para futuras vacantes laborales en el mismo rubro o similares hasta que usted revoque su consentimiento.
Como titular de los datos personales, usted tiene derecho a que se le proporcione acceso a sus datos, a rectificarlos, cancelarlos, a oponerse (o negarse) a su tratamiento. Asimismo, tiene derecho a limitar el uso y divulgación de sus datos personales y a revocar el consentimiento que haya otorgado para su tratamiento. Para ejercer alguno de sus derechos, póngase en contacto con nosotros a través del correo electrónico.",4848,False,https://www.bumeran.com.pe/empleos/analista-de-datos-mantenimiento-san-fernando-la-buena-familia-1118354263.html,2026-09-23 21:32
1118353776,Analista de Gobierno de Datos (Anjana / Monte Carlo),INDRA PERU,Análisis de datos / BI,analista de datos,1,"Tecnología, Sistemas y Telecomunicaciones",Tecnologías de la Información,Semi Sr,Híbrido,Full-time,Temporal,TEMPORARY,3,True,True,False,False,False,Lima,Surquillo,PE,"Surquillo, Lima, Peru",2026-07-02,2026-09-30,83,Actualizado hace más de 15 días,,,,,,3.0,False,"SQL, Databricks",2,True,False,False,False,False,False,False,False,False,False,False,False,True,False,False,False,False,False,False,False,False,False,2255030,https://www.bumeran.com.pe/perfiles/empresa_indra-peru_2255030.html,Informática / Tecnología,"Lima, Aguascalientes",Entre 1001 y 5000 empleados,"Somos una de las principales empresas globales de consultoría y tecnología y el socio tecnológico global para los negocios clave de nuestros clientes. Desarrollamos una oferta de soluciones propias, servicios avanzados y de alto valor añadido en tecnología.",,,,,,,,,"Estamos en la búsqueda de Analistas de Gobierno de Datos para integrarse a un importante proyecto del sector financiero, específicamente con nuestro cliente del sector bancario.
Buscamos un perfil que actúe como nexo entre negocio y tecnología, liderando iniciativas de gobierno y calidad de datos, asegurando la trazabilidad, el cumplimiento de estándares y la correcta gestión de la información para apoyar la toma de decisiones.
Formación Académica:
Profesional en Ingeniería de Sistemas, Informática, Industrial, Administración, Estadística o carreras afines.
Requisitos:
Experiencia mínima de 3 a 4 años en Gobierno y Calidad de Datos.
Experiencia trabajando con áreas de negocio y stakeholders de nivel gerencial.
Experiencia en linaje, calidad y gobierno de datos.
Experiencia con herramientas de gobierno y calidad de datos como Anjana, Monte Carlo y Unity Catalog de Databricks.
Conocimientos en SQL, y marcos de Gobierno de Datos (DAMA-DMBOK).
Conocimiento en privacidad, seguridad y plataformas Cloud.
Competencias:
Excelente comunicación con usuarios de negocio y gerencia.
Alta capacidad analítica y orientación a resultados.
Liderazgo, negociación e influencia.
Proactividad y capacidad para anticipar riesgos.
Capacidad para traducir necesidades del negocio en requerimientos de datos.
Beneficios:
EPS cubierta al 100%.
Acceso a plataformas de aprendizaje (Udemy Business o similares).
Beneficios corporativos en nuestra plataforma Be Beneficios.
Línea de carrera y crecimiento profesional.
Modalidad de trabajo: Híbrido, 3 veces por semana en sede cliente (Surquillo).",1584,False,https://www.bumeran.com.pe/empleos/analista-de-gobierno-de-datos-anjana-monte-carlo-indra-peru-1118353776.html,2026-09-23 21:32
1118352945,Analista JR de Tecnología de la Información (TI),izipay,Análisis de datos / BI,analista de informacion,1,"Tecnología, Sistemas y Telecomunicaciones",Tecnologías de la Información,Semi Sr,Híbrido,Full-time,Indeterminado,FULL_TIME,1,False,False,False,False,False,Lima,San Isidro,PE,"San Isidro, Lima, Peru",2026-07-02,2026-09-30,83,Publicado hace más de 15 días,,,,,,1.0,False,"SQL, Python, AWS, Azure",4,True,True,False,False,False,False,False,False,False,False,False,False,False,True,True,False,False,False,False,False,False,True,10149683,https://www.bumeran.com.pe/perfiles/empresa_izipay_10149683.html,Financiera,"LIMA, Lima",Entre 501 y 1000 empleados,,,,,,,,,,"En Expressnet, empresa del Grupo Intercorp, impulsamos soluciones tecnológicas que conectan personas y negocios, facilitando medios de pago ágiles, seguros e innovadores a nivel nacional.
Hoy, con la meta de seguir expandiendo su impacto y fortalecer su servicio, buscamos sumar talento que quiera asumir grandes desafíos, proponer mejoras y generar valor real en cada proceso como Analista de TI
¿Cuál será tu misión?
Colaborar en el diseño, desarrollo y mantenimiento de aplicaciones, así como en la automatización de procesos operativos, asegurando la eficiencia y continuidad de los sistemas de la empresa.
¿Cuáles serán tus responsabilidades?
Seguimiento y monitoreo de tickets de soporte, servicios de proveedores y SLA.
Llevar un inventario de los activos informáticos de la empresa.
Implementación y seguimiento de controles definidos por el SGSI-C.
Apoyo en el diseño de aplicaciones de la empresa siguiendo las mejores prácticas de arquitectura de microservicios.
Colaborar con otros equipos para comprender los requisitos y traducirlos en soluciones de software efectivas.
Seguimiento a la ejecución de proyectos de software.
Desarrollar y ejecutar scripts para soluciones de automatización de los procesos operativos según su priorización y criticidad.
Asegurar la eficiencia y la confiabilidad de las operaciones en la nube y en aplicaciones.
Asistir en la configuración y administración de flujos de CI/CD utilizando herramientas como Azure DevOps o afines.
Ejecución de altas, bajas y asignación de equipos según SLAs definidos.
Elaboración de reportes y seguimiento de incidencias
¿Cómo saber que este puesto es para ti?
Bachiller o técnico en Ingeniería de Sistemas, Informática o afines.
Experiencia en desarrollo de servicios bajo arquitectura de microservicios y APIs REST (Indispensable)
Experiencia mayor a 1 año en programación con .NET (ASP.NET Core / Web API .NET 6–8) y Python 3.x (Deseable).
Experiencia con herramientas de CI/CD y automatización de pipelines.
Experiencia en soporte técnico a usuarios backoffice.
Conocimiento y experiencia en contenedores Docker y Kubernetes.
Conocimientos en plataformas tecnológicas, tecnologías de Integración, Microservicios, y Web Services (REST) APIs
Conocimientos en metodologías agiles: Scrum, Design Thinking, etc
Conocimientos básicos en bases de datos (SQL Server, PostgreSQL y MongoDB)
Familiaridad con prácticas DevOps, CI/CD y herramientas como Azure DevOps, GitHub Actions o afines
Conocimientos sólidos en servicios de nube AWS y/o Microsoft Azure
Certificaciones relacionadas con Azure y DevOps. (Deseable)
Conocimiento de .NET (ASP.NET Core) versión 8 LTS y versiones anteriores (.NET 6 LTS) (Deseable)
Competencias:
Foco en innovación
Trabajo en equipo
Capacidad analítica
Si cumples con todos estos requisitos ¡Únetenos!
¿Qué te ofrecemos?
Un paquete de beneficios competitivo que complementará tu remuneración:
Tarjeta de alimentación.
Cobertura EPS
Beneficios Intercorp y más.
¡Únete al equipo!",2979,False,https://www.bumeran.com.pe/empleos/analista-jr-de-tecnologia-de-la-informacion-ti-izipay-1118352945.html,2026-09-23 21:32
1118353917,Analista Junior de Datos,IBT GROUP,Análisis de datos / BI,analista de datos,1,"Tecnología, Sistemas y Telecomunicaciones",Sistemas,Junior,Presencial,Full-time,Indeterminado,FULL_TIME,1,False,True,False,False,False,Lima,San Isidro,PE,"San Isidro, Lima, Peru",2026-07-02,2026-09-30,83,Actualizado hace más de 15 días,,,,,,,False,"SQL, Python, AWS, Azure, Google Cloud, ETL",6,True,True,False,False,False,False,False,False,False,False,False,False,False,True,True,True,False,False,True,False,False,True,13147191,https://www.bumeran.com.pe/perfiles/empresa_ibt-group_13147191.html,Salud,"SAN ISIDRO - LIMA, Lima",Entre 1001 y 5000 empleados,"IBT Group en Perú cuenta con más de 10 años de presencia en el país trabajando proyectos de infraestructura en salud, educación, transporte.
Cuenta con la división de Infraestructura y Equipamiento Biomédico que gestiona el proceso constructivo desde el diseño hasta la entrega llave en mano de los proyectos de construcción para instituciones públicas o privadas de cualquier grado de complejidad.
Además, brinda los servicios de Logística Hospitalaria en hospitales APP y clínicas particulares y la Gestión Integral de servicios o centros de salud.",3.1,2.9,2.9,2.8,2.9,2.8,3.0,32.0,"¿Quieres dejar tu huella y contribuir a la mejora de la calidad de vida de los peruanos?
¿Quieres compartir tus experiencias, aprendizajes y crecer juntos?
¡Únete a IBT Group! Somos una empresa internacional con más de 12 años de presencia en Perú trabajando proyectos integrales desde la ingeniería, construcción, equipamiento y operación principalmente para el sector salud.
Nos encontramos en la búsqueda de 01 Analista de Datos Junior
REQUISITOS:
Bachiller de las carreras universitarias Ingeniería de Datos, Ingenierías de Sistemas o carreras afines.
Certificación en servicios de almacenamiento y procesamiento de datos en la nube (AWS, Azure, Google Cloud).
Conocimientos en omprensión de arquitecturas de almacenes de datos y sus mejores prácticas, on-premise o nube. Conocimiento en SQL. Habilidades en Python para manipulación y análisis de datos (indispensable)
Disponibilidad para laborar en San Isidro.
FUNCIONES:
Apoyar en el desarrollo y mantenimiento de pipelines ETL/ELT para la integración de fuentes asistenciales y administrativas.
Ejecutar procesos de extracción, transformación y carga de datos hacia repositorios centralizados (Data Warehouse / Data Lake).
Monitorear la ejecución de pipelines y escalar incidencias que afecten la disponibilidad o calidad de los datos.
Aplicar reglas de validación y limpieza de datos, asegurando consistencia y trazabilidad de la información.
Documentar fuentes de datos, diccionarios y flujos de información conforme a los estándares del área.
Desarrollar y mantener reportes y dashboards en herramientas de BI orientados a las gerencias internas.
Atender requerimientos de información de las áreas usuarias mediante consultas SQL y visualizaciones.
Apoyar en la preparación de datos y soporte operativo para el desarrollo y validación de modelos analíticos.
Otros que designe su jefatura inmediata.
BENEFICIOS:
Todos los correspondientes según ley
Capacitación constante.
Descuentos con instituciones educativas, visita de proveedores y mucho más.
Trabajar en una empresa acreditada internacionalmente con ISO y la Joint Commission International (una de las acreditaciones más importantes en salud a nivel mundial).
Nuestra empresa está comprometida con la equidad y la inclusión, porque creemos que toda persona es única y diferente. Por eso, ¡te invitamos a postular! ¡Súmate a nuestro propósito, contribuir a mejorar la calidad de vida de los peruanos!",2415,False,https://www.bumeran.com.pe/empleos/analista-junior-de-datos-ibt-group-1118353917.html,2026-09-23 21:32
1118352659,Analista de Cobranzas (Data Analytics y BI),Alegra Inmobiliaria,Análisis de datos / BI,analista bi; data analytics,2,"Administración, Contabilidad y Finanzas",Créditos y Cobranzas,Junior,Presencial,Full-time,Temporal,TEMPORARY,1,False,False,False,False,False,Lima,Santiago de Surco,PE,"Santiago de Surco, Lima, Peru",2026-07-01,2026-09-29,84,Actualizado hace más de 15 días,,,,,,2.0,False,"Power BI, Excel",2,False,False,False,True,True,False,False,False,False,False,False,False,False,False,False,False,False,False,False,False,False,True,13323474,https://www.bumeran.com.pe/perfiles/empresa_alegra-inmobiliaria_13323474.html,Inmobiliaria,"Lima, Lima",Entre 51 y 150 empleados,"Somos Alegra Inmobiliaria, perteneciente al Grupo Dyer Coriat. Contamos con más de 10 años en el mercado y tenemos presencia a nivel nacional a través de nuestras diferentes líneas de negocio. Estamos en búsqueda de los mejores talentos para nuestro equipo.",,,,,,,,,"¡Únete a nuestro Equipo!
En Alegra Inmobiliaria nos encontramos en la búsqueda del mejor talento para cubrir el puesto de Analista de Cobranzas (Data Analytics y BI)
Requisitos:
- Bachiller en Administración, Ing. Industrial, Economía o carreras afines.
- Experiencia mínima de 2 años como Analista de Datos y BI, deseable en áreas de Créditos y Cobranzas.
- Conocimiento en indicadores de gestión y flujo de caja (deseable).
- Experiencia en el Sector Inmobiliario (deseable).
- Conocimiento en Excel Intermedio y Power BI Intermedio (indispensable).
Funciones:
- Elaborar y analizar del flujo de caja por proyecto (cobranzas y desembolsos).
- Monitorear del cumplimiento del presupuesto y proyección de ingresos.
- Elaborar reportes e indicadores de gestión clave (DSO, overdue, bad debt, etc.).
- Realizar el seguimiento semanal de ventas, cobranzas, desembolsos, resoluciones y gastos.
- Brindar soporte y proponer mejoras en los sistemas de gestión (Sperant u otros).
- Atender consultas de usuarios internos y externos.
Beneficios:
- Sueldo de acuerdo con el mercado.
- Planilla con todos los beneficios de ley.
- Grato ambiente laboral.",1143,False,https://www.bumeran.com.pe/empleos/analista-de-cobranzas-data-analytics-y-bi-alegra-inmobiliaria-1118352659.html,2026-09-23 21:32
1118351290,Analista de Procesos y Datos | Mejora Continua y Business Intelligence,Confidencial,Análisis de datos / BI,analista de datos; business intelligence,2,Ingenierías,Ingeniería de Procesos,Semi Sr,Presencial,Full-time,Indeterminado,FULL_TIME,1,False,False,False,False,False,Lima,Lima,PE,"Lima, Lima, Peru",2026-07-01,2026-09-29,84,Actualizado hace más de 15 días,,,,,,,False,"SQL, Python, Power BI, Excel, Tableau",5,True,True,False,True,True,True,False,False,False,False,False,False,False,False,False,False,False,False,False,False,True,False,,,,,,,,,,,,,,,"🎯 MISIÓN DEL PUESTO
Optimizar procesos de negocio y convertir flujos complejos en esquemas claros y eficientes, respaldados por análisis de datos que permitan la toma de decisiones basada en evidencia.
🚀 FUNCIONES PRINCIPALES
Analizar procesos de negocio end-to-end, identificando cuellos de botella, ineficiencias y oportunidades de mejora mediante técnicas de process mining y modelado.
Elaborar diagramas AS IS y TO BE con nivel de detalle transaccional, usando herramientas como Bizagi, para sustentar requerimientos funcionales de desarrollo.
Procesar, limpiar y analizar datos con Python (pandas, numpy) y herramientas de BI (Power BI / Tableau) para generar insights accionables.
Construir dashboards e indicadores de desempeño (KPIs) que permitan el seguimiento de proyectos y la medición del retorno de inversión (ROI).
Redactar procedimientos, manuales y documentación técnica clara, accesible para audiencias técnicas y no técnicas.
Elaborar presentaciones ejecutivas que traduzcan hallazgos analíticos en recomendaciones estratégicas comprensibles.
Diseñar y ejecutar escenarios de prueba para validar la correcta implementación de mejoras y nuevos sistemas.
Dar seguimiento a la etapa post-cierre de proyectos para verificar el cumplimiento de objetivos y el sinceramiento del ROI.
🎓 REQUISITOS
Formación
Ingeniería Industrial, Sistemas, Administración o carreras afines.
Conocimientos en gestión de procesos y mejora continua.
Deseable certificación en Lean, Six Sigma o metodologías ágiles.
Experiencia
2+ años en roles de análisis de procesos y/o datos.
Experiencia comprobable con diagramas AS IS / TO BE (Bizagi o herramienta similar).
Manejo de Python para análisis de datos (pandas, numpy).
🛠️ HERRAMIENTAS Y TECNOLOGÍAS
Datos y Programación:
Python (pandas, numpy)
SQL
Excel avanzado
Business Intelligence:
Power BI
Tableau (u otra herramienta BI)
DAX / M básico
Procesos:
Bizagi Modeler",1908,False,https://www.bumeran.com.pe/empleos/analista-de-procesos-y-datos-%7C-mejora-continua-y-business-intelligence-1118351290.html,2026-09-23 21:32
1118349186,Data Engineer/Analyst,Encora,Análisis de datos / BI,data analyst; data engineer,2,"Tecnología, Sistemas y Telecomunicaciones",Análisis de Datos,Semi Sr,Híbrido,Full-time,Indeterminado,FULL_TIME,1,False,False,True,False,False,Lima,San Isidro,PE,"San Isidro, Lima, Peru",2026-06-29,2026-09-27,86,Actualizado hace más de 15 días,,,,,,3.0,False,"SQL, Power BI, Tableau, AWS, ETL",5,True,False,False,True,False,True,False,False,False,False,False,False,False,True,False,False,False,False,True,False,False,True,1527080,https://www.bumeran.com.pe/perfiles/empresa_encora_1527080.html,Informática / Tecnología,"Lima, Lima",Entre 1001 y 5000 empleados,"Coforge es una compañía global de servicios de tecnología de la información enfocada en la transformación digital de empresas mediante soluciones innovadoras en áreas como desarrollo de software, analítica de datos, automatización y computación en la nube. Con un fuerte conocimiento sectorial en industrias como banca, seguros, viajes y transporte, la empresa se posiciona como un socio estratégico que ayuda a las organizaciones a mejorar su eficiencia operativa y adaptarse a entornos digitales en constante evolución.

En Latinoamérica, Coforge ha fortalecido su presencia como parte de su estrategia de crecimiento, estableciendo equipos y capacidades para atender tanto a clientes regionales como globales. En Perú, la compañía ha consolidado su operación mediante el desarrollo de talento tecnológico y la participación en proyectos internacionales, posicionando al país como un hub clave dentro de su red en la región y contribuyendo al avance del ecosistema digital local.",,,,,,,,,"Título del puesto: Data Analyst/Engineer
Habilidades clave: SQL Avanzado, Tableau, Power BI, Data Analytics, KPIs, Data Visualization, ETL, AWS
Experiencia: +3 años de experiencia.
Ubicación: Perú (remoto).
Modalidad: Remoto
En Coforge estamos buscando Data Analyst con el siguiente perfil.
Responsabilidades principales
Desarrollo de dashboards interactivos en Tableau para análisis de negocio. · Extracción, transformación y limpieza de datos utilizando SQL avanzado. · Definición y generación de KPIs para áreas del negocio. · Gestión integral de proyectos analíticos de manera autónoma. · Coordinación con stakeholders para levantamiento de requerimientos y entrega de soluciones. · Uso de Power BI como complemento de visualización y análisis. · Documentación de procesos, modelos de datos y reportes.
Requisitos indispensables
Experiencia de más de 3 años en roles similares. · Experiencia en sectores como automotriz, retail, consumo masivo o servicios. · Dominio avanzado de SQL para consultas complejas, transformación y limpieza de datos. · Experiencia en Tableau Desktop (mínimo 6 meses) desarrollando dashboards, cálculos, parámetros y funciones analíticas. · Manejo intermedio de Power BI. · Experiencia en gestión autónoma de proyectos analíticos. · Experiencia coordinando con múltiples stakeholders.
Requisitos deseables
Experiencia con Tableau Server (administración de fuentes, permisos y agendamiento de reportes). ·
Conocimiento práctico en AWS (S3, Glue, Lambda, Athena). ·
Experiencia con herramientas ETL (Talend, DataStage, Alteryx u otras). ·
Conocimientos conceptuales de Data Warehouse (DWH). ·
Familiaridad con metodologías ágiles. ·
Experiencia con herramientas como JIRA, Confluence y control de versiones con Git.
Publicado el: 23-06-2026
En Coforge, contratamos profesionales únicamente en función de sus habilidades y calificaciones, y no discriminamos en función de la edad, discapacidad, religión, género, orientación sexual, estado socioeconómico o nacionalidad.",1998,False,https://www.bumeran.com.pe/empleos/data-engineer-analyst-encora-1118349186.html,2026-09-23 21:32
1118348562,P.7105 Analista de datos Junior,METRICA PERU,Análisis de datos / BI,analista de datos,1,"Tecnología, Sistemas y Telecomunicaciones",Tecnologia / Sistemas,Junior,Presencial,Full-time,Temporal,TEMPORARY,1,False,False,False,False,False,Lima,Santiago de Surco,PE,"Santiago de Surco, Lima, Peru",2026-06-28,2026-09-26,87,Actualizado hace 10 días,,,,,,2.0,False,Excel,1,False,False,False,False,True,False,False,False,False,False,False,False,False,False,False,False,False,False,False,False,False,True,10182153,https://www.bumeran.com.pe/perfiles/empresa_metrica-peru_10182153.html,Informática / Tecnología,"Lima, Lima",Entre 301 y 500 empleados,Métrica Perú es la primera filial latinoamericana del grupo de consultoría español Métrica Consulting. El grupo comenzó operaciones con el inicio del nuevo siglo y desde entonces ha participado en distintos proyectos en distintos países de Europa Occidental y Latino América.,,,,,,,,,"🚀 ¡Sé parte de METRICA!
METRICA es una multinacional tecnológica con más de 25 años de experiencia, especializada en consultoría, outsourcing y desarrollo de soluciones que impulsan la transformación digital de organizaciones a nivel global. Con presencia en España, Perú, Chile, Portugal y EE. UU., trabajamos bajo estándares internacionales de calidad, innovación y gobierno corporativo, promoviendo un entorno sostenible, ético e inclusivo en todas nuestras operaciones.
Actualmente buscamos incorporar a nuestro equipo a:
Analista de datos Junior
💡 Lo que harás en este rol:
Consolidación, limpieza y validación de data en Excel.
Armado de plantillas y estructuras de carga.
Soporte al equipo en análisis y cruces de información.
Ajustes rápidos sobre data en función de observaciones del proyecto.
Armado de dashboards
🎯 Lo que esperamos de ti:
Egresado, Bachiller en Ingeniería de Sistemas, Computación y/o derivados.
Minimo 2 años de experiencia realizando desarrollo de macros y scripts VBA en Excel.
Manejo avanzado de Excel (tablas dinámicas, fórmulas complejas, manejo de grandes volúmenes de data).
Capacidad para estructurar y depurar información (data cleaning).
Deseable experiencia previa trabajando con bases de datos para migraciones o implementaciones de sistemas (idealmente ERP).
Deseable conocimiento básico de Power Automate o automatizaciones simples.
Disponibilidad para trabajar de manera presencial en el callao de Lunes a Viernes de 8:30 a.m. a 6:00 p.m. en Jr. Manco Cápac 113, Callao.
Disponibilidad para un contrato temporal de 2 meses en modalidad RXH
🎁 Lo que ofrecemos:
Participación en utilidades.
Desarrollo profesional y acceso a capacitaciones continuas.
Integración a equipos internacionales y proyectos de alto impacto.
Cultura colaborativa que promueve la innovación y el crecimiento sostenible.
🌱 Nuestro compromiso:
En METRICA promovemos la igualdad de oportunidades y la no discriminación en todos nuestros procesos de selección. Fomentamos entornos de trabajo diversos, inclusivos y respetuosos, donde cada persona pueda desarrollarse plenamente y aportar su talento.
En cumplimiento de la Ley N.° 29973 – Ley General de la Persona con Discapacidad, esta convocatoria también está dirigida a personas con discapacidad.
Nuestro enfoque está alineado con principios de sostenibilidad, responsabilidad social y buenas prácticas corporativas, reforzando nuestro compromiso con el desarrollo del talento y el impacto positivo en la sociedad.",2481,False,https://www.bumeran.com.pe/empleos/p.7105-analista-de-datos-junior-metrica-peru-1118348562.html,2026-09-23 21:32
1118348335,Asistente de Datos / Business Intelligence (Trade Marketing),Grupo Lucky,Análisis de datos / BI,business intelligence,1,"Tecnología, Sistemas y Telecomunicaciones",Análisis de Datos,Semi Sr,Híbrido,Full-time,Indeterminado,FULL_TIME,2,True,False,False,False,False,Lima,Miraflores,PE,"Miraflores, Lima, Peru",2026-06-27,2026-09-25,88,Actualizado hace más de 15 días,,,,,,,False,"SQL, Python, Power BI, Excel",4,True,True,False,True,True,False,False,False,False,False,False,False,False,False,False,False,False,False,False,False,False,True,10124875,https://www.bumeran.com.pe/perfiles/empresa_grupo-lucky_10124875.html,Servicios,"Lima, Lima",Entre 1001 y 5000 empleados,"En el Grupo Lucky reinventamos cada día la forma de acercar productos y compradores en los mercados.

En ese camino, unimos más de 30 años de conocimiento aplicado en Latinoamérica con el mejor talento y la más avanzada tecnología para crear soluciones de Trade Marketing, con el objetivo de mejorar los resultados comerciales de nuestros clientes.",,,,,,,,,"¡Únete a una de las mejores empresas para trabajar en Perú!
Somos el ecosistema de soluciones para Trade Marketing con mas experiencia en Latinoamérica. Nos encontramos en la búsqueda de futuros líderes como tú que puedan integrarse a nuestra gran familia en la posición de:
Asistente de Datos / Business Intelligence
¿Qué buscamos?
Establecerás métricas e indicadores que garanticen el correcto seguimiento de la gestión comercial.
Analizarás la información obtenida con el fin de encontrar oportunidades de mejora.
Darás soporte en el análisis de información/mercado y búsqueda de oportunidades de corto y mediano plazo de cara a la ejecución de actividades por canal.
Contactarás directamente con los cliente internos y externos.
Requisitos
Egresado de Ingenieria Industrial, Administración, Estadística o afines.
Conocimientos Avanzado de Excel (se evaluará durante el proceso)
Conocimiento de Power BI nivel avanzado (se evaluará durante el proceso)
Manejo a nivel usuario de Python y SQL (Deseable)
Experiencia en la depuración de bases de datos y manejo de grandes volúmenes de información.
Manejo intermedio de Access, con conocimiento en tablas relacionadas y sentencias SQL.
Proactividad, organización y atención al detalle.
¿Qué ofrecemos?
Planilla Completa desde el primer día de ingreso.
Sueldo acorde al mercado.
Plan de Capacitación.
Oportunidad de hacer Línea de Carrera (asegurada).
Forma parte de una familia que basa su actuar en el buen humor, la pasión y sobre todo, la honestidad, ¿Qué esperas? ¡Postula con nosotros y empieza a crear tu propia historia! ¡Juntos seguiremos siendo la empresa más admirada del sector! Ven y vive la experiencia LUCKY",1670,False,https://www.bumeran.com.pe/empleos/asistente-de-datos-business-intelligence-trade-marketing-grupo-lucky-1118348335.html,2026-09-23 21:32
1118345000,Subgerente de Data y Analytics,Confidencial,Análisis de datos / BI,data analytics,1,"Tecnología, Sistemas y Telecomunicaciones",Data Entry,Gerencia / Alta Gerencia / Dirección,Presencial,Full-time,Indeterminado,FULL_TIME,1,False,False,True,False,False,La Libertad,Trujillo,PE,"Trujillo, La Libertad, Peru",2026-06-24,2026-10-22,91,Actualizado hace más de 15 días,,,,,,5.0,False,Google Cloud,1,False,False,False,False,False,False,False,False,False,False,False,False,False,False,False,True,False,False,False,False,True,False,,,,,,,,,,,,,,,"Requisitos:
● Educación: Profesional titulado en Ingeniería de Sistemas, Informática, Ingeniería Industrial o carreras afines. De preferencia con estudios de Postgrado, Maestría o Especialización Ejecutiva en Data Science, Big Data, Inteligencia Artificial o Transformación Digital.
● Experiencia: Mínimo 5 años liderando áreas, proyectos o subgerencias de Business Intelligence, Big Data, Analítica Avanzada o Gobierno de Datos en empresas de envergadura o sectores complejos (deseable agroindustrial/industrial).
● Conocimientos Técnicos Específicos:
○ Marcos de Gobierno del Dato (DAMA-DMBOK o marcos operativos corporativos).
○ Estrategias de Cloud Computing orientadas a Big Data (arquitecturas sobre Google Cloud Platform y BigQuery).
○ Casos de uso e implementación de IA Generativa y automatizaciones basadas en flujos (n8n).
● Competencias Directivas: Visión Estratégica, Gestión del Cambio, Liderazgo de Equipos de Alta Especialización, Capacidad de Negociación e Interrelación a Nivel Ejecutivo, Orientación a Procesos (Lean 4.0).
Funciones:
Gobernanza y Madurez del Dato: Presidir a nivel metodológico y operativo el Comité de Gobierno de Datos. Coordinar activamente con los Dueños Estratégicos del Dato (Global Data Owners), Dueños del Dato (Data Owners) y Custodios (Data Stewards) sectoriales para asegurar la adopción e implantación de las políticas y artefactos (Glosarios, Diccionarios, Linajes y Fichas de Indicadores).
Estrategia de Transformación Analítica:Supervisar técnica y estratégicamente el plan de migración y evolución de los Data Marts actuales hacia la nueva arquitectura en la nube, garantizando un entorno flexible, elástico y libre de silos informativos.
Innovación mediante IA Agéntica y Generativa:Definir el Road Map para la incorporación de Analítica Agéntica y Modelos Avanzados basados en Gemini Enterprise. Diseñar e impulsar proyectos de optimización de procesos de negocio combinando plataformas de automatización automatizada (n8n) y agentes autónomos.
Cultura y Adopción Digital: Promover y liderar el programa de evolución de los puestos de trabajo en la empresa a través del uso de la IA Generativa, capacitando a los usuarios para eficientar el análisis de datos, la automatización interna y la generación de contenidos.
Gestión de la Calidad y Confianza:Monitorear y reportar los Indicadores Clave de Calidad del Dato (completitud, exactitud y oportunidad) en las mesas tácticas de revisión.",2442,False,https://www.bumeran.com.pe/empleos/subgerente-de-data-y-analytics-1118345000.html,2026-09-23 21:32
1118334181,Analista TI (Tecnología de la Información) - Salaverry,X-TERNA E.I.R.L.,Análisis de datos / BI,analista de informacion,1,"Tecnología, Sistemas y Telecomunicaciones",Administración de Base de Datos,Semi Sr,Presencial,Full-time,Indeterminado,FULL_TIME,1,False,False,False,False,False,La Libertad,Trujillo,PE,"Trujillo, La Libertad, Peru",2026-06-16,2026-10-14,99,Actualizado hace más de 15 días,,,,,,2.0,False,,0,False,False,False,False,False,False,False,False,False,False,False,False,False,False,False,False,False,False,False,False,False,False,13447654,https://www.bumeran.com.pe/perfiles/empresa_x-terna-e.i.r.l._13447654.html,Consultora de Recursos Humanos,"Bellavista, Callao (Provincia Constitucional)",Entre 51 y 150 empleados,Empresa líder en tercerización e intermediación laboral.,,,,,,,,,"Importante empresa peruana dedicada a la exploración, explotación, procesamiento, comercialización y exportación de carbón antracita, se encuentra en la búsqueda de la siguiente posición:
COORDINADOR(A) TI
¿Qué buscamos?
- Formación: Bachiller o Titulado en Ing. Sistemas, Software, Computación e Informática.
- Experiencia: Mínimo 2 años de experiencia desempeñando funciones similares en el sector de minería o plantas industriales.
- Residencia: Salaverry o facilidad de llegar a la zona.
¿Qué realizarás?
- Soporte del Sistema Lims de la organización.
- Soporte a la red local de la organización.
- Instalación de sistemas operativos, programas etc.
- Monitorear y supervisar la ejecución de los backup para poder resguardar toda la información de la empresa acorde a las políticas y procedimientos vigentes.
- Realizar el inventario de los equipos de cómputo desplegados en la organización.
- Armar, instalar, configurar y realizar tareas preventivas o correctivas sobre equipos informáticos.
- Cualquier función que sea necesaria para cumplir con la misión del puesto.
- Ejecutar otras tareas afines al cargo según las necesidades del área.
- Otras funciones que su jefe inmediato le encargue.
Condiciones laborales:
- Sueldo: Por encima del mercado.
- Planilla: Planilla Completa al 100% (Seguro, CTS, Gratificaciones, Seguro)
- Horario: Lunes a Sábado de 7am - 4pm.
- Lugar de trabajo: Salaverry",1403,False,https://www.bumeran.com.pe/empleos/analista-ti-tecnologia-de-la-informacion-salaverry-x-terna-e.i.r.l.-1118334181.html,2026-09-23 21:32
1118454249,Data Engineer,CLINICA SAN FELIPE,Ciencia e ingeniería de datos,data engineer,1,"Tecnología, Sistemas y Telecomunicaciones",Análisis de Datos,Junior,Presencial,Full-time,Indeterminado,FULL_TIME,1,False,False,False,False,True,Lima,Lima,PE,"Lima, Lima, Peru",2026-09-23,2026-12-22,0,Publicado hace 2 horas,,,,,,3.0,True,"SQL, ETL",2,True,False,False,False,False,False,False,False,False,False,False,False,False,False,False,False,False,False,True,False,False,False,,,,,,,,,,,,,,,"En la Clínica San Felipe contamos con más de 60 años de experiencia ofreciendo un servicio integral y de calidad, con el más destacado staff médico del país, moderna infraestructura y tecnología al servicio de nuestros pacientes con la confianza y seguridad de siempre.
Actualmente nos encontramos en búsqueda de un(a) profesional talentoso(a) que contribuya a nuestro propósito: “Cuidamos la Salud de las familias del Perú, porque la salud no puede esperar”.
Nos encontramos en la búsqueda del mejor talento para ocupar la posición de:
ANALISTA DE DATOS
¿Cuál será tu principal desafío?
Recopilar, limpiar, procesar y analizar volúmenes de datos para extraer información útil que ayude a generar insights, descubrir patrones y tendencias que apoyen y faciliten la toma de decisiones estratégicas para mejorar las operaciones y la rentabilidad de la clínica.
¿Qué funciones realizarás?
Diseñar y mantener estructuras de almacenamiento eficientes y óptimas (Arquitectura y modelado de datos).
Desarrollar procesos de extracción, transformación y carga (ETL / ELT) de datos para consumo analítico.
Recopilar y limpiar grandes conjuntos de datos para garantizar su calidad, exactitud y consistencia (uso de pandas, NumPy, SQL).
Crear APIs y Middleware para conectar sistemas y facilitar la interoperabilidad.
Utilizar herramientas y técnicas estadísticas para realizar análisis descriptivos y predictivos que generen modelos e insights del negocio.
Crear y presentar dashboards y reportes claros para la toma de decisiones estratégicas.
Responder a solicitudes de información de auditoría y corporativas coordinando con jefes, subgerentes y gerentes de las distintas áreas de la clínica.
¿Qué perfil buscamos?
Formación académica: Bachiller o Titulado en Ingeniería de Sistemas e Informática, Ingeniería de Software, Ingeniería Estadística o Ciencias de la Computación (Indispensable).
Experiencia: Más de 3 años de experiencia previa desempeñándose en roles como Ingeniero de Datos, Infraestructura y Procesamiento Avanzado (Indispensable).
Especialización / Otros conocimientos (Deseables): Cursos o Especialización en Ciencia de Datos, Análisis de Datos, Business Intelligence, Business Analytics, Data Engineer, Desarrollo de Software o Gestión de Proyectos. Conocimiento en SSIS, Modelado de DataMart y DataWarehouse. Procesos ETL/ELT y herramientas de análisis, procesamiento y visualización de datos. Metodologías ágiles (Scrum, Design Thinking) y nociones de Big Data y Transformación Digital.
Software / Bases de datos: Base de datos (SQL Server – Oracle) a nivel Avanzado (Indispensable). Tecnología de Programación (APIs, Servicios Web, Servicios Windows) a nivel Avanzado (Indispensable). Microsoft Office nivel Avanzado (Indispensable). SQL y NoSQL nivel Avanzado (Deseable).
Idiomas: Inglés nivel Intermedio (Deseable).
Competencias: Pensamiento crítico y resolución de problemas (Alto). Comunicación efectiva con equipos multidisciplinarios (Alto). Gestión de proyectos técnicos (Alto). Adaptabilidad a tecnologías emergentes (Alto).
¿Qué te ofrecemos?
Pertenecer a una de las clínicas líderes del país, acreditada.
Ingreso a planilla con todos los beneficios de ley desde el primer día.
Oportunidades de crecimiento y desarrollo profesional.
Asignación de herramientas de trabajo (Laptop corporativa).
Excelente clima laboral enfocado en la innovación tecnológica y la calidad asistencial.
Como organización estamos comprometidos con la inclusión y equidad de género. En línea con ello, nuestros procesos de selección buscan garantizar igualdad de derechos y oportunidades para todos y todas.",3605,False,https://www.bumeran.com.pe/empleos/data-engineer-clinica-san-felipe-1118454249.html,2026-09-23 21:32
1118453212,Data Engineer,Mibanco,Ciencia e ingeniería de datos,data engineer,1,"Tecnología, Sistemas y Telecomunicaciones",Tecnologías de la Información,Senior,Híbrido,Full-time,Indeterminado,FULL_TIME,1,False,False,False,True,True,Lima,Surquillo,PE,"Surquillo, Lima, Peru",2026-09-23,2026-12-22,0,Publicado hace 9 horas,,,,,,3.0,False,"SQL, Python, Spark, Databricks, Azure, Snowflake, ETL",7,True,True,False,False,False,False,False,False,False,False,False,True,True,False,True,False,False,True,True,False,False,False,10105619,https://www.bumeran.com.pe/perfiles/empresa_mibanco_10105619.html,Banca / Financiera,"Surquillo, Lima",,"Somos una empresa del Grupo Credicorp, reconocidos como el 1er banco en el Perú y Latinoamérica y el 2do en el mundo en el sector de Microfinanzas

En Mibanco somos más de 10 mil corazones verdes comprometido con el propósito de transformar la vida de miles de emprendedores e impulsarlos a que escriban su historia de progreso. 

Somos un banco con un propósito trascendente, transformamos vidas y escribimos historias de progreso. Con la aspiración de ganarnos el corazón y la confianza de las personas que se atreven a progresar.",4.0,4.3,3.7,4.0,3.6,3.9,3.8,15.0,"En Mibanco, el banco especializado en microfinanzas del Grupo Credicorp, tenemos el encontramos en búsqueda de una persona apasionada, analítica y con grandes ideas para impactar en la vida de los micro y pequeños empresarios del país incorporándose a nuestro equipo como: Especialista de Ingeniería de Datos Operacionales (Data Engineer)
¿Cuáles serían tus principales responsabilidades?
Asegurar la calidad, integridad y confiabilidad de los datos mediante la validación de información, implementación de controles de calidad y depuración de datos inconsistentes.
Diseñar, desarrollar y mantener pipelines ETL/ELT para integrar datos internos y externos, analizando requerimientos de negocio y automatizando procesos de ingesta, transformación y procesamiento de datos.
Garantizar el cumplimiento de las políticas de seguridad, protección de datos y regulaciones de la SBS, aplicando controles de acceso, trazabilidad de procesos y mecanismos de anonimización de información sensible.
Publicar y disponibilizar datasets estructurados, limpios y versionados en repositorios centralizados o data lakes, coordinando con la Tribu de Datos la definición de formatos, niveles de agregación y periodicidad de entrega.
Resolver incidencias críticas e impedimentos técnicos relacionados con pipelines, procesamiento y almacenamiento de datos, asegurando la continuidad y estabilidad de los procesos.
Guiar y apoyar a otros analistas en la adopción de buenas prácticas de ingeniería de datos, participando en revisiones técnicas de código y arquitectura, y actuando como referente técnico del equipo.
Comunicar estrategias técnicas de datos y acompañar al Chapter Leader en reuniones e iniciativas clave, promoviendo el alineamiento entre los objetivos organizacionales y la estrategia de datos.
¿Qué buscamos?
Educación: Bachiller o Titulado en Ingeniería de Sistemas, Ingeniería Informática, Ciencias de la Computación, Estadística, Computación e Informática o carreras afines.
Experiencia: Contar con 3 a 4 años de experiencia en Data Engineering o gestión de datos, deseablemente en banca, retail o servicios financieros. Haber participado en el desarrollo de soluciones y pipelines de datos ETL/ELT, modernización de arquitecturas legacy, gestión de deuda técnica, resolución de incidentes en ambientes productivos e implementación de prácticas DataOps, CI/CD y automatización.
Conocimientos funcionales: Conocimiento de regulaciones SOX, arquitecturas de datos (Data Lake, Data Warehouse, Data Mesh, Lakehouse), diseño de pipelines batch y streaming, calidad de datos, testing, DevOps y despliegue continuo aplicado a datos.
Conocimientos técnicos: Manejo de Python y SQL avanzado; herramientas como Spark, Databricks, Azure Data Factory, Azure Synapse, Kafka, dbt y Snowflake; bases de datos relacionales y NoSQL; servicios de Azure; herramientas de CI/CD, Docker, Kubernetes, Git y Terraform. Conocimiento de seguridad, gobernanza, arquitecturas orientadas a eventos e IA aplicada al desarrollo de soluciones de datos. Deseable contar con certificaciones Azure Data Engineer, Databricks o Azure Fundamentals.
Habilidades de ingeniería de datos: Experiencia en revisión de código, debugging, optimización de rendimiento, modelado de datos, documentación técnica y estimación de esfuerzos de desarrollo.
Liderazgo técnico: Capacidad para definir estándares y buenas prácticas de ingeniería de datos, tomar decisiones operativas, desarrollar roadmaps técnicos, comunicar conceptos complejos a distintos públicos y coordinar dependencias con equipos de desarrollo, datos, compliance y operaciones.
¿Qué ofrecemos?
Formar parte de uno de los grupos económicos más importantes del país.
Oportunidad de línea de carrera en la entidad de Microfinanzas más grande de Latinoamérica.
Excelente Clima Laboral.
EPS cubierta al 70%.
Descuentos en entidades educativas, de salud y establecimientos comerciales.
Otros
“Somos una organización comprometida con la igualdad de oportunidades para hombres y mujeres, y en línea con ello, todos nuestros procesos de selección se rigen bajo una política de igualdad de derechos y oportunidades, donde nuestros postulantes son considerados sin importar su origen, lengua, raza, sexo, idioma, religión, opinión, edad, talla, procedencia educativa, condición económica, social, física, mental o cualquier otra.""",4335,False,https://www.bumeran.com.pe/empleos/data-engineer-mibanco-1118453212.html,2026-09-23 21:32
1118453132,Especialista de Ciencia de Datos,America Movil Peru SAC,Ciencia e ingeniería de datos,ciencia de datos,1,"Tecnología, Sistemas y Telecomunicaciones",Análisis de Datos,Senior,Híbrido,Full-time,Indeterminado,FULL_TIME,1,False,True,False,True,True,Lima,La Victoria,PE,"La Victoria, Lima, Peru",2026-09-23,2026-12-22,0,Publicado hace 10 horas,,,,,,,False,"SQL, Python, R, Power BI, Tableau, Qlik, Spark, AWS, Azure, Google Cloud, Machine Learning",11,True,True,True,True,False,True,True,False,False,False,False,True,False,True,True,True,False,False,False,True,False,True,1775880,https://www.bumeran.com.pe/perfiles/empresa_america-movil-peru-sac_1775880.html,Telecomunicaciones,"Lima, Lima",Entre 1001 y 5000 empleados,"Somos Claro Perú, líder de servicios de Telecomunicaciones móviles en América Latina, formamos parte del grupo América Móvil, con operaciones en 18 países del continente americano, contamos con un excelente conocimiento del sector, una sólida estructura y eficiencia.",4.0,4.0,3.8,4.0,3.6,3.7,3.7,24.0,"Somos Claro Perú y formamos parte del Grupo América Móvil, la empresa líder en servicios integrados de telecomunicaciones en Latinoamérica. Nos encontramos en la búsqueda de un Especialista de Ciencia de Datos para que juntos sigamos mejorando la vida de los peruanos a través de las telecomunicaciones.
¿Cuáles serán tus principales desafíos?
Desarrollar e Implementar los Casos de Uso con Modelos de Machine Learning (Predictivos y Prescriptivos) y modelos de IA Generativa de acuerdo a Road Map.
Dar seguimiento continuo a los modelos analíticos implementados.
Segmentar la base de clientes masivos móvil/fijo de la organización.
Apoyar en la implementación del Road Map tecnológico de Analítica.
Identificar y proponer nuevos modelos analíticos y tecnologías analíticas
¿Qué buscamos?
Formación universitaria completa de las carreras de Ingeniería Estadística, Sistemas y/o afines.
Manejo de Python, R u otros softwares relacionados a modelo predictivos.
Dominio de SQL Oracle, Power BI, Qlik Sense y Tableau.
Conocimiento en algún entorno Azure, AWS ó Google Cloud. Así como, plataformas on premise (Hadoop, Hive, Apache Spark, Apache Kafka u otros)
Contar con Cursos y/o Especialización en Ciencia de Datos
Experiencia de tres años en funciones afines.
Disponibilidad para trabajar en formato híbrido.
¿Qué ofrecemos?
Utilidades de acuerdo a ley.
Seguro médico EPS para ti y tu familia.
Bono de Escolaridad y Nacimiento.
Servicios Claro con tarifas corporativas con hasta 50% de descuento.
Cupón ½ día libre por cumpleaños
Oferta de aprendizaje.
Convenios y descuentos corporativos
Oportunidades de desarrollo.
En Claro valoramos el talento de todas las personas y garantizamos igualdad de oportunidades. Si requieres ajustes razonables y/o apoyo durante el proceso de selección, puedes solicitarlos
Te invitamos a ser parte de nuestro equipo y vivir en #ModoClaro",1870,False,https://www.bumeran.com.pe/empleos/especialista-de-ciencia-de-datos-america-movil-peru-sac-1118453132.html,2026-09-23 21:32
1118453402,Ingeniero de Datos (Ejecutivo) - Sector Financiero REF:109758,ManpowerGroup Perú,Ciencia e ingeniería de datos,ingeniero de datos,1,"Tecnología, Sistemas y Telecomunicaciones",Análisis de Datos,Jefe / Supervisor / Responsable,Presencial,Full-time,Indeterminado,FULL_TIME,1,False,True,False,False,True,Lima,San Isidro,PE,"San Isidro, Lima, Peru",2026-09-23,2026-12-22,0,Publicado hace 8 horas,,,,,,3.0,True,"SQL, Python, Excel, AWS, Azure, ETL",6,True,True,False,False,True,False,False,False,False,False,False,False,False,True,True,False,False,False,True,False,False,True,10011970,https://www.bumeran.com.pe/perfiles/empresa_manpowergroup-peru_10011970.html,Consultoría,"Lima, Lima",Entre 1001 y 5000 empleados,"En ManpowerGroup creemos en las personas y en el papel que representa el trabajo en sus vidas. Además, creemos en la importancia de impulsar el talento para favorecer el crecimiento personal y profesional.

Somos líder mundial en soluciones para la fuerza laboral, ayudando a las organizaciones a transformarse en un mundo laboral que cambia rápidamente mediante la búsqueda, evaluación, desarrollo y gestión del talento. Desarrollamos soluciones innovadoras para cientos de miles de organizaciones cada año, brindándoles talento calificado mientras encontramos empleo significativo y sostenible para millones de personas en una amplia gama de industrias. 

Nuestra familia de marcas expertas (Manpower, Experis y Talent Solutions) crea mucho más valor para nuestros candidatos en más de 70 países, durante 75 años a nivel global y 29 años a nivel nacional.

Anímate a dejar huella con nosotros ¡Únete a la compañía que impulsa tu Talento!",3.8,3.8,3.6,3.8,3.6,3.6,3.7,193.0,"En Manpower Perú buscamos al mejor talento para asumir el reto como Ingeniero de Datos (Ejecutivo) para la ciudad de Lima ¡La oportunidad de tener un futuro mejor, está aquí!
Funciones
Analizar, planificar e implementar los componentes de la arquitectura de datos definida, asegurando integración fluida entre sistemas on premise y cloud.
Implementar controles de calidad, enmascaramiento y auditorías según las políticas de gobernanza definidas.
Crear procedimientos para garantizar la exactitud y la accesibilidad de los datos.
Desarrollar y mantener los pipelines ETL/ELT, utilizando herramientas para gestionar, monitorizar y automatizar flujos de trabajo de ingeniería de datos.
Colaborar con otros miembros del Departamento de Datos y otros equipos de la compañía para idear y aplicar estrategias de datos, crear modelos y evaluar las necesidades para cumplir los objetivos estratégicos trazados.
Desarrollar y mantener conectores entre sistemas on-prem y servicios cloud.
Investigar y aplicar procedimientos de datos abiertos.
Desarrollar interfaces de programación de aplicaciones (API) para recuperar datos.
Desarrollar y ajustar queries, particiones, y configuración de entornos de ejecución para maximizar rendimiento.
Implementar mecanismos de cifrado, auditoría, y recuperación ante fallos.
Implementar herramientas de MDM (Master Data Management) y catálogos de datos.
Cumplir con otras funciones afines que le asigne su jefe inmediato.
Requisitos
Profesional Bachiller en Ingeniería de Software, Ingeniería de Sistemas, Ingeniería de Computación y Sistemas, Ciencia de Datos o afines. - Indispensable
6 años mínimo de experiencia laboral general, contada desde egresado.
Experiencia específica de 3 años en puestos de ejecutivo, jefe, supervisor, analista o en puestos de similares características y responsabilidades.
Indispensable: Especialización en Business Intelligence, Analytics y Big Data o afines. Cursos o diplomados de fundamentos en ingeniería de datos. Certificaciones enfocada en servicios de datos, integración, transformación y carga, o afines.
Deseable: Cursos o Especializaciones en DataOps, MLOps, AIOps. Python, ETL/ELT (Talend o Azure Data Factory o AWS
Glue).
Conocimientos Técnicos Indispensable: Dominar los principios básicos del ciclo de vida de los datos. Conocimiento de entornos Data Warehouse y Data Lake. Herramientas de integración y orquestación de pipelines. Programación y automatización en Pyhton y SQL avanzado. Conceptos de Data Governance, MDM y Data Catalog. Capacidad de trabajar con equipos multidisciplinarios, pensamiento analítico y enfoque en la confiabilidad del dato o afines.
Deseable Conocimientos Técnicos: Conocimiento de metodologías de integración y sincronización entre entornos de datos. Conceptos de almacenamiento escalable: Data Lakehouse, Delta Lake, Parquet. Experiencia en banca y comprensión del negocio financiero o afines
Excel - Avanzado (Deseablle)
Power Point / Word - Nivel Intermedio (Deseable)
Inglés - Nivel Intermedio (Deseable)
Beneficios
Ingreso a la planilla directa del cliente.
EPS Mapfre, para ti y tu familia, cubierto hasta el 90% por parte de la empresa.
Seguro contra accidentes personales cubierto al 100% por parte de la empresa.
Seguro de Vida Ley desde el 1er. día de trabajo.
Seguro Oncológico, para ti y tu familia, cubierto al 100% por parte de la empresa.
Asignación por Uniforme, el cual se otorga dos (02) veces al año, siendo un importe anual aproximado de S/. 5,000, supeditado a la política interna y lineamientos corporativos presupuestales.
Otorgamiento del vale por alimentos por el importe de S/. 500.00 soles mensuales.
Bono por cumplimiento de objetivos al año de hasta un tope de dos (02) sueldos, ello supeditado a la política interna y lineamientos de FONAFE.
Horario de Trabajo de lunes a viernes de 8:45 a.m. a 5:30 p.m (PRESENCIAL)
(ÚNICO MEDIO DE POSTULACIÓN)
https://empleo.manpower.pe/TrabajosManpower/JobDetail/Ingeniero-de-Datos-Ejecutivo-Sector-Financiero/109758
Colocando en palabras clave el siguiente número de Ref. 109758
Las postulaciones serán hasta el 01/10 (Hasta las 23:59 horas del último día de recepción).
En Manpower Perú, promovemos la inclusión e inserción laboral sin distinción por razón de discapacidad, género, orientación, identidad y expresión de género, lugar de origen o generación. Por ello ¡Todos los talentos son bienvenidos!",4380,False,https://www.bumeran.com.pe/empleos/ingeniero-de-datos-ejecutivo-sector-financiero-ref109758-manpowergroup-peru-1118453402.html,2026-09-23 21:32
1118452411,Data Engineer AWS Databricks,INDRA PERU,Ciencia e ingeniería de datos,data engineer,1,"Tecnología, Sistemas y Telecomunicaciones",Otra,Senior,Híbrido,Full-time,Indeterminado,FULL_TIME,1,False,False,False,True,False,Lima,San Isidro,PE,"San Isidro, Lima, Peru",2026-09-22,2026-12-21,1,Actualizado hace 11 horas,,,,,,4.0,False,"Python, Spark, Databricks, AWS, ETL",5,False,True,False,False,False,False,False,False,False,False,False,True,True,True,False,False,False,False,True,False,False,False,2255030,https://www.bumeran.com.pe/perfiles/empresa_indra-peru_2255030.html,Informática / Tecnología,"Lima, Aguascalientes",Entre 1001 y 5000 empleados,"Somos una de las principales empresas globales de consultoría y tecnología y el socio tecnológico global para los negocios clave de nuestros clientes. Desarrollamos una oferta de soluciones propias, servicios avanzados y de alto valor añadido en tecnología.",,,,,,,,,"Buscamos a un Ingeniero de Datos AWS con experiencia en Databricks.
🎯 ¿Cuál será tu reto?
Desarrollo de procesos de extracción desde el sistema origen.
Desarrollo de transformaciones según las reglas de mapping.
Desarrollo de procesos de carga al sistema destino.
Manejo de grandes volúmenes de información.
Desarrollo de cargas iniciales, incrementales y reprocesos.
Implementación de controles técnicos y manejo de errores y excepciones.
Optimización de performance.
Automatización de procesos de migración.
Generación de logs y trazabilidad.
🔎 ¿Qué buscamos?
Experiencia mínima de 4 años en data engineering.
AWS: experiencia comprobable en servicios de datos y cómputo de AWS (Glue, EMR, S3, Redshift, Athena, Lambda, IAM).
Experiencia avanzada con Databricks.
PySpark & Python: dominio de Python orientado a ingeniería de datos y procesamiento distribuido de Big Data con PySpark.
ETL / ELT: amplia trayectoria diseñando pipelines de extracción, transformación y carga de gran volumen.
Airflow: experiencia configurando, programando y optimizando DAGs en Apache Airflow.
Formatos de archivo: dominio en el manejo, lectura, optimización y conversión de formatos de datos masivos (Avro, Parquet, CSV, JSON, texto/posicionales).
Beneficios:
🚑 EPS cubierta al 100%.
📚 Acceso ilimitado a Udemy.
🔖 Descuentos corporativos.
📈 Línea de carrera.
💆 ♀️ Kit ergonómico para trabajo en casa.
🧠 Atención psicológica.
🥦 Atención nutricional.
📍 Modalidad híbrida: 1 vez a la semana en oficina (San Isidro).
🕘 Horario: Lunes a viernes de 9:00 a.m. a 6:30 p.m.
🌟 Si tienes experiencia diseñando la arquitectura del futuro de la banca y te interesa participar en proyectos de transformación tecnológica, nos gustaría conocerte.",1713,True,https://www.bumeran.com.pe/empleos/data-engineer-aws-databricks-indra-peru-1118452411.html,2026-09-23 21:32
1118452090,Data Engineer AWS,FRACTAL SOLUCIONES IT,Ciencia e ingeniería de datos,data engineer,1,"Tecnología, Sistemas y Telecomunicaciones",Data Entry,Semi Sr,Híbrido,Full-time,Temporal,TEMPORARY,1,False,False,False,False,False,Lima,Pueblo Libre,PE,"Pueblo Libre, Lima, Peru",2026-09-22,2026-12-21,1,Publicado ayer,,,,,,3.0,False,"SQL, Spark, Databricks, AWS",4,True,False,False,False,False,False,False,False,False,False,False,True,True,True,False,False,False,False,False,False,False,False,10199506,https://www.bumeran.com.pe/perfiles/empresa_fractal-soluciones-it_10199506.html,Informática / Tecnología,"LINCE, Lima",Entre 151 y 300 empleados,"Somos una empresa Peruana de consultoría en Gestión de Tecnología de la Información que ofrece soluciones que contribuyen al mejoramiento de los procesos y negocios de nuestros clientes, basados en profesionales altamente calificados y aplicando los más altos estándares de calidad.",,,,,,,,,"FRACTAL Soluciones TI, somos una empresa peruana de Consultoría en Gestión de Tecnología de la Información con más de 10 años en el mercado.
Nos encontramos en la búsqueda de un Data Engineer AWS para colaborar en modalidad híbrida en un proyecto de 3 meses para nuestro cliente del sector bancario.
Requisitos
Formación universitaria completa en Ingeniería Informática, Ingeniería de Sistemas, Ingeniería Electrónica o carreras afines.
Experiencia sólida como Data Engineer o en posiciones similares.
Mínimo 3 años de experiencia trabajando con AWS a nivel avanzado.
Mínimo 3 años de experiencia utilizando Databricks sobre AWS (indispensable).
Experiencia en procesamiento de datos con PySpark en entornos AWS (EMR y/o Glue).
Manejo avanzado de SQL.
Experiencia trabajando con Lambda, Airflow y/o Step Functions.
Conocimientos sólidos en arquitecturas Data Lake y Lakehouse.
Deseable certificación AWS Certified Data Engineer – Associate.
Beneficios
Capacitaciones en plataforma AWS-AMAZON
Descuentos corporativos
Actividades de bienestar y más
Conócenos en: https://www.fractal.com.pe/
¡Somos experiencia, somos tecnología, somos Fractal!",1141,False,https://www.bumeran.com.pe/empleos/data-engineer-aws-fractal-soluciones-it-1118452090.html,2026-09-23 21:32
1118452505,DATA ENGINEER,Aynitech,Ciencia e ingeniería de datos,data engineer,1,"Tecnología, Sistemas y Telecomunicaciones",Análisis de Datos,Semi Sr,Remoto,Full-time,Indeterminado,FULL_TIME,1,False,False,False,False,False,Lima,Lima,PE,"Lima, Lima, Peru",2026-09-22,2026-12-21,1,Publicado ayer,,,,,,,False,"SQL, Python, Spark, AWS, Google Cloud, Snowflake",6,True,True,False,False,False,False,False,False,False,False,False,True,False,True,False,True,False,True,False,False,False,True,10142905,https://www.bumeran.com.pe/perfiles/empresa_aynitech_10142905.html,Informática / Tecnología,"Lima, Lima",Entre 51 y 150 empleados,Somos una empresa peruana líder en Consultoría de Business Intelligence y Soluciones Tecnológicas para la Gestión. Tenemos presencia y alianzas estratégicas en Estados Unidos y América Latina.,,,,,,,,,"🚀 ¡Estamos buscando un/a Data Engineer!
En AYNITECH GROUP buscamos un/a profesional con experiencia en ingeniería de datos, Big Data y soluciones Cloud, que quiera formar parte de proyectos tecnológicos y trabajar con arquitecturas escalables de datos.
REQUISITOS TÉCNICOS
Lenguajes de programación
Python: nivel intermedio/avanzado.
SQL: nivel intermedio/avanzado.
Java o Scala: nivel intermedio.
Capacidad para desarrollar, optimizar y mantener procesos de transformación y procesamiento de datos.
Big Data y sistemas distribuidos
Apache Spark: nivel intermedio/avanzado.
Hadoop Ecosystem: nivel intermedio/avanzado.
Experiencia trabajando con procesamiento distribuido y grandes volúmenes de datos.
Conocimiento de arquitecturas y procesos orientados a soluciones Big Data.
Data Warehousing y Data Modeling
Experiencia con Cloud Data Warehouses, utilizando plataformas como:Snowflake Google BigQuery Amazon Redshift / EMR
Conocimientos básicos/intermedios de modelado de datos.
Conocimiento de diseño escalable de Data Lakes y Data Warehouses.
Comprensión de procesos de ingesta, transformación, almacenamiento y consulta de datos.
Cloud Platforms & Infrastructure
Experiencia desarrollando o participando en proyectos sobre AWS.
Conocimientos básicos/intermedios de:Docker Kubernetes Terraform
Familiaridad con conceptos de infraestructura cloud, servicios administrados y despliegue de aplicaciones o pipelines de datos.
Orquestación y CI/CD
Experiencia utilizando Apache Airflow para la orquestación y programación de workflows y pipelines de datos.
Git/GitHub: nivel intermedio/avanzado.
GitHub Actions: conocimientos intermedios/avanzados.
Conocimiento de buenas prácticas de control de versiones y desarrollo colaborativo.
Familiaridad con procesos de CI/CD y automatización de despliegues.
COMPETENCIAS CLAVE
Pensamiento analítico y capacidad para resolver problemas técnicos.
Capacidad para trabajar con grandes volúmenes de datos.
Orientación a la optimización y eficiencia de procesos.
Capacidad para trabajar de manera colaborativa con equipos de Data, Software e Infraestructura.
Buenas prácticas de desarrollo, documentación y control de versiones.
Capacidad para analizar requerimientos técnicos y convertirlos en soluciones escalables.


📩 Si cumples con el perfil y estás interesado/a en formar parte de nuestros proyectos, ¡queremos conocerte!
En AYNITECH GROUP está prohibida la discriminación de acuerdo con la Ley N.º 29973.
#AynitechGroup #DataEngineer #DataEngineering #BigData #Data #BigDataEngineer #AWS #Python #SQL #Spark #Hadoop #Airflow #Cloud #DataWarehouse #DataLake #GitHub #TechJobs #Hiring #Empleo #OportunidadLaboral",2653,False,https://www.bumeran.com.pe/empleos/data-engineer-aynitech-1118452505.html,2026-09-23 21:32
1118452506,DATA ENGINEER,Aynitech,Ciencia e ingeniería de datos,data engineer,1,"Tecnología, Sistemas y Telecomunicaciones",Análisis de Datos,Semi Sr,Remoto,Full-time,Indeterminado,FULL_TIME,1,False,False,False,False,False,Lima,Lima,PE,"Lima, Lima, Peru",2026-09-22,2026-12-21,1,Publicado ayer,,,,,,,False,"SQL, Python, Spark, AWS, Google Cloud, Snowflake",6,True,True,False,False,False,False,False,False,False,False,False,True,False,True,False,True,False,True,False,False,False,True,10142905,https://www.bumeran.com.pe/perfiles/empresa_aynitech_10142905.html,Informática / Tecnología,"Lima, Lima",Entre 51 y 150 empleados,Somos una empresa peruana líder en Consultoría de Business Intelligence y Soluciones Tecnológicas para la Gestión. Tenemos presencia y alianzas estratégicas en Estados Unidos y América Latina.,,,,,,,,,"🚀 ¡Estamos buscando un/a Data Engineer!
En AYNITECH GROUP buscamos un/a profesional con experiencia en ingeniería de datos, Big Data y soluciones Cloud, que quiera formar parte de proyectos tecnológicos y trabajar con arquitecturas escalables de datos.
REQUISITOS TÉCNICOS
Lenguajes de programación
Python: nivel intermedio/avanzado.
SQL: nivel intermedio/avanzado.
Java o Scala: nivel intermedio.
Capacidad para desarrollar, optimizar y mantener procesos de transformación y procesamiento de datos.
Big Data y sistemas distribuidos
Apache Spark: nivel intermedio/avanzado.
Hadoop Ecosystem: nivel intermedio/avanzado.
Experiencia trabajando con procesamiento distribuido y grandes volúmenes de datos.
Conocimiento de arquitecturas y procesos orientados a soluciones Big Data.
Data Warehousing y Data Modeling
Experiencia con Cloud Data Warehouses, utilizando plataformas como:Snowflake Google BigQuery Amazon Redshift / EMR
Conocimientos básicos/intermedios de modelado de datos.
Conocimiento de diseño escalable de Data Lakes y Data Warehouses.
Comprensión de procesos de ingesta, transformación, almacenamiento y consulta de datos.
Cloud Platforms & Infrastructure
Experiencia desarrollando o participando en proyectos sobre AWS.
Conocimientos básicos/intermedios de:Docker Kubernetes Terraform
Familiaridad con conceptos de infraestructura cloud, servicios administrados y despliegue de aplicaciones o pipelines de datos.
Orquestación y CI/CD
Experiencia utilizando Apache Airflow para la orquestación y programación de workflows y pipelines de datos.
Git/GitHub: nivel intermedio/avanzado.
GitHub Actions: conocimientos intermedios/avanzados.
Conocimiento de buenas prácticas de control de versiones y desarrollo colaborativo.
Familiaridad con procesos de CI/CD y automatización de despliegues.
COMPETENCIAS CLAVE
Pensamiento analítico y capacidad para resolver problemas técnicos.
Capacidad para trabajar con grandes volúmenes de datos.
Orientación a la optimización y eficiencia de procesos.
Capacidad para trabajar de manera colaborativa con equipos de Data, Software e Infraestructura.
Buenas prácticas de desarrollo, documentación y control de versiones.
Capacidad para analizar requerimientos técnicos y convertirlos en soluciones escalables.


📩 Si cumples con el perfil y estás interesado/a en formar parte de nuestros proyectos, ¡queremos conocerte!
En AYNITECH GROUP está prohibida la discriminación de acuerdo con la Ley N.º 29973.
#AynitechGroup #DataEngineer #DataEngineering #BigData #Data #BigDataEngineer #AWS #Python #SQL #Spark #Hadoop #Airflow #Cloud #DataWarehouse #DataLake #GitHub #TechJobs #Hiring #Empleo #OportunidadLaboral",2653,True,https://www.bumeran.com.pe/empleos/data-engineer-aynitech-1118452506.html,2026-09-23 21:32
1118452329,Data Engineer,STEFANINI PERU S.A,Ciencia e ingeniería de datos,data engineer,1,"Tecnología, Sistemas y Telecomunicaciones",Tecnologia / Sistemas,Semi Sr,Híbrido,Full-time,Indeterminado,FULL_TIME,1,False,True,False,False,False,Lima,San Borja,PE,"San Borja, Lima, Peru",2026-09-22,2026-12-21,1,Publicado ayer,,,,,,3.0,False,"SQL, Azure, ETL",3,True,False,False,False,False,False,False,False,False,False,False,False,False,False,True,False,False,False,True,False,False,True,2269550,https://www.bumeran.com.pe/perfiles/empresa_stefanini-peru-s.a_2269550.html,Informática / Tecnología,"Lima, Lima",Entre 11 y 50 empleados,"Stefanini Group es una empresa global de tecnología que se especializa en servicios de TI como soluciones digitales, consultoría, integración, desarrollo y externalización de procesos de negocio. Fundada en 1987 en Brasil por Marco Stefanini, la compañía ha experimentado un crecimiento significativo y ahora opera en 41 países, ofreciendo una amplia gama de servicios tecnológicos y de innovación a clientes de diversos sectores, incluyendo finanzas, manufactura, telecomunicaciones, química, servicios, tecnología, educación y salud.

A lo largo de los años, Stefanini ha evolucionado para adaptarse a las cambiantes demandas del mercado tecnológico, incorporando en su oferta tecnologías emergentes como inteligencia artificial, ciberseguridad, cloud computing, y soluciones de ITO destacando su capacidad para ofrecer soluciones personalizadas que responden a las necesidades específicas de cada cliente.",,,,,,,,,"¡Sé parte de Stefanini!
En Stefanini somos más de 30.000 genios, conectados desde 41 países, haciendo lo que les apasiona y co-creando un futuro mejor.
Responsabilidades y atribuciones:
Completar la cobertura de la capa Bronze/Silver/Gold del Data Warehouse corporativo, ampliando el alcance más allá de las tablas específicas que hoy requieren los proyectos NetSuite y Fondeadores, y preparando la base para la fase de construcción de Silver/Gold del DWH.
Completar el inventario de tablas fuente requeridas para Bronze.
Apoyar la remediación de tablas para habilitar carga incremental.
Diseñar y construir modelos de Silver y Gold.
Trabajar de forma coordinada bajo un único estándar arquitectónico, evitando duplicar criterios.
Implementar y mantener tests de dbt bajo los estándares y criterios de severidad definidos.
Implementar la validación de volumetría y reconciliación de datos en las capas Bronze, Silver y Gold.
Requisitos y competencias:
Experiencia de 3 años en ingeniería de datos, ETL o integración de datos.
Conocimiento de SQL avanzado, preferentemente T-SQL / SQL Server.
Experiencia con Microsoft Fabric o Azure Data Factory.
Experiencia con procesos de ingesta e integración desde múltiples fuentes heterogéneas.
Experiencia en pruebas automatizadas de calidad de datos (dbt tests, Great Expectations, o validaciones equivalentes en SQL).
Experiencia con control de versiones Git.",1402,False,https://www.bumeran.com.pe/empleos/data-engineer-stefanini-peru-s.a-1118452329.html,2026-09-23 21:32
1118451861,Data Scientist,INTERCORP RETAIL,Ciencia e ingeniería de datos,data scientist,1,"Tecnología, Sistemas y Telecomunicaciones",Data Entry,Senior,Híbrido,Full-time,Indeterminado,FULL_TIME,1,False,False,False,False,False,Lima,San Borja,PE,"San Borja, Lima, Peru",2026-09-22,2026-12-21,1,Publicado ayer,,,,,,,False,"Python, R, Excel",3,False,True,True,False,True,False,False,False,False,False,False,False,False,False,False,False,False,False,False,False,False,True,13290019,https://www.bumeran.com.pe/perfiles/empresa_intercorp-retail_13290019.html,Supermercado / Hipermercado,"Lima, Lima",Entre 301 y 500 empleados,,3.3,3.1,3.2,3.6,3.1,3.1,3.0,12.0,"En Intercorp Retail, empresa del Grupo Intercorp , buscamos innovar mediante la tecnología, aquí podrás impactar y despegar tu potencial, nos encontramos en búsqueda del mejor talento para ocupar el puesto de Data Scientist en el área de HR Analytics.
Funciones:
Analizar el comportamiento de variables y sus relaciones, identificando patrones, drivers y factores que expliquen la evolución de los principales KPIs.
Desarrollar modelos estadísticos y predictivos que permitan anticipar comportamientos, identificar oportunidades y generar recomendaciones accionables para la toma de decisiones.
Participar en proyectos de Advanced Analytics de principio a fin, desde el entendimiento del problema de negocio y preparación de datos hasta el modelamiento, validación, implementación y seguimiento de resultados.
Desarrollar y mantener soluciones de datos y automatizaciones, incluyendo procesos de extracción, transformación y modelamiento de información, para mejorar la eficiencia y reducir tareas operativas recurrentes.
Diseñar dashboards y mecanismos de monitoreo para realizar seguimiento de KPIs, modelos y resultados, generando alertas que permitan identificar desviaciones y activar acciones oportunamente.
Requerimientos:
Bachiller en Ingeniería de Sistemas, Ingeniería de Software, Ingeniería Industrial o afines.
Experiencia mínima de 2 realizando funciones similares.
Manejo de excel avanzado, modelos predictivos en R y modelos predictivos en Python.
Que ofrecemos:
Ingreso a planilla y todos los beneficios de ley.
Cobertura de EPS.
Descuentos en las empresas del grupo Intercorp.
Oportunidad de aprendizaje y capacitación constante.
Posibilidad de crecimiento profesional en la empresa y en las otras empresas del grupo.",1734,False,https://www.bumeran.com.pe/empleos/data-scientist-intercorp-retail-1118451861.html,2026-09-23 21:32
1118448279,Data Engineer AWS Databricks,INDRA PERU,Ciencia e ingeniería de datos,data engineer,1,"Tecnología, Sistemas y Telecomunicaciones",Otra,Senior,Híbrido,Full-time,Indeterminado,FULL_TIME,1,False,False,False,True,False,Lima,San Isidro,PE,"San Isidro, Lima, Peru",2026-09-18,2026-12-17,5,Actualizado hace 4 horas,,,,,,4.0,False,"Python, Spark, Databricks, AWS, ETL",5,False,True,False,False,False,False,False,False,False,False,False,True,True,True,False,False,False,False,True,False,False,False,2255030,https://www.bumeran.com.pe/perfiles/empresa_indra-peru_2255030.html,Informática / Tecnología,"Lima, Aguascalientes",Entre 1001 y 5000 empleados,"Somos una de las principales empresas globales de consultoría y tecnología y el socio tecnológico global para los negocios clave de nuestros clientes. Desarrollamos una oferta de soluciones propias, servicios avanzados y de alto valor añadido en tecnología.",,,,,,,,,"Buscamos a un Ingeniero de Datos AWS con experiencia en Databricks.
🎯 ¿Cuál será tu reto?
Desarrollo de procesos de extracción desde el sistema origen.
Desarrollo de transformaciones según las reglas de mapping.
Desarrollo de procesos de carga al sistema destino.
Manejo de grandes volúmenes de información.
Desarrollo de cargas iniciales, incrementales y reprocesos.
Implementación de controles técnicos y manejo de errores y excepciones.
Optimización de performance.
Automatización de procesos de migración.
Generación de logs y trazabilidad.
🔎 ¿Qué buscamos?
Experiencia mínima de 4 años en data engineering.
AWS: experiencia comprobable en servicios de datos y cómputo de AWS (Glue, EMR, S3, Redshift, Athena, Lambda, IAM).
Experiencia avanzada con Databricks.
PySpark & Python: dominio de Python orientado a ingeniería de datos y procesamiento distribuido de Big Data con PySpark.
ETL / ELT: amplia trayectoria diseñando pipelines de extracción, transformación y carga de gran volumen.
Airflow: experiencia configurando, programando y optimizando DAGs en Apache Airflow.
Formatos de archivo: dominio en el manejo, lectura, optimización y conversión de formatos de datos masivos (Avro, Parquet, CSV, JSON, texto/posicionales).
Beneficios:
🚑 EPS cubierta al 100%.
📚 Acceso ilimitado a Udemy.
🔖 Descuentos corporativos.
📈 Línea de carrera.
💆 ♀️ Kit ergonómico para trabajo en casa.
🧠 Atención psicológica.
🥦 Atención nutricional.
📍 Modalidad híbrida: 1 vez a la semana en oficina (San Isidro).
🕘 Horario: Lunes a viernes de 9:00 a.m. a 6:30 p.m.
🌟 Si tienes experiencia diseñando la arquitectura del futuro de la banca y te interesa participar en proyectos de transformación tecnológica, nos gustaría conocerte.",1713,False,https://www.bumeran.com.pe/empleos/data-engineer-aws-databricks-indra-peru-1118448279.html,2026-09-23 21:32
1118448361,Ingeniero de Datos,EXPERIS PERU,Ciencia e ingeniería de datos,ingeniero de datos,1,"Tecnología, Sistemas y Telecomunicaciones",Análisis de Datos,Junior,Presencial,Full-time,Indeterminado,FULL_TIME,1,False,False,False,False,False,Lima,Jesús María,PE,"Jesús María, Lima, Peru",2026-09-18,2026-12-17,5,Actualizado ayer,,,,,,2.0,False,"SQL, Python, Power BI, Google Cloud",4,True,True,False,True,False,False,False,False,False,False,False,False,False,False,False,True,False,False,False,False,False,False,,,,,,,,,,,,,,,"En Experis, líder global en soluciones de selección y gestión de proyectos para perfiles profesionales, nos encontramos en búsqueda de un talento para incorporarlo al equipo de trabajo de nuestro cliente del rubro de Telecomunicaciones: INGENIERO DE DATOS para la ciudad de Lima.
Requisitos del puesto:
Profesional de la carrera de Ing Informática, Sistemas, Computación e Informática.
Experiencia de 2 años en el rol.
Conocimientos de diseño y construcción de sistemas
Modelamiento de datos
Conocimientos de Google Cloud Platform (GCP), Big Query
Conocimientos de Phyton, estadística, DevOps, SQL Server, MySQL e Integration Services
Nociones de Gobierno de Datos y Visual Studio Code
Deseable que sepa de PowerBI (intermedio), Ms Office básico - intermedio
Funciones:
Diseñar, implementar y mantener las soluciones de Data Warehouse y data lake
Construir y dar modelamiento de datos a PowerBI
Apoyar a los proyectos que tenemos sobre IA
Participar en los proyectos de Data de la empresa
¿Qué ofrecemos?
Trabajo en planilla Experis con todos los beneficios de Ley
Beneficios corporativos
Capacitaciones constantes para tu crecimiento profesional
Excelente clima laboral.",1171,False,https://www.bumeran.com.pe/empleos/ingeniero-de-datos-experis-peru-1118448361.html,2026-09-23 21:32
1118446918,Data Engineer,EXPERIS PERU,Ciencia e ingeniería de datos,data engineer,1,"Tecnología, Sistemas y Telecomunicaciones",Tecnologia / Sistemas,Semi Sr,Presencial,Full-time,Indeterminado,FULL_TIME,1,False,True,True,True,False,Lima,San Isidro,PE,"San Isidro, Lima, Peru",2026-09-17,2026-12-16,6,Actualizado hace 6 horas,"De S/.4,500 A S/.5,000 Por Mes",4500.0,5000.0,PEN,Mes,2.0,True,"SQL, Python, Databricks, AWS, Azure, Google Cloud, ETL",7,True,True,False,False,False,False,False,False,False,False,False,False,True,True,True,True,False,False,True,False,False,False,,,,,,,,,,,,,,,"🚀 Data Engineer | Cloud & Databricks
📍 Lima, Perú | 🏢 Presencial con posibilidad de esquema híbrido
En Experis Perú nos encontramos en búsqueda de un/a Data Engineer para incorporarse a una importante organización del sector salud/laboratorios.
Buscamos un perfil apasionado por el mundo de los datos, con experiencia construyendo y optimizando soluciones de Data Engineering en entornos Cloud, que quiera seguir desarrollándose en proyectos donde podrá trabajar con tecnologías como Azure Data Factory, Databricks, ADLS, SQL y Python.
💻 ¿Cuál será tu reto?
Serás parte del equipo encargado de construir y fortalecer soluciones de datos, participando en el diseño, desarrollo e implementación de procesos que permitan integrar, transformar y disponibilizar información de manera eficiente.
Entre tus principales desafíos estarán:
Diseñar, desarrollar e implementar pipelines de datos ETL/ELT.
Trabajar con servicios y arquitecturas de datos desplegadas en Cloud.
Desarrollar y optimizar procesos utilizando SQL avanzado.
Trabajar con bases de datos relacionales y NoSQL.
Participar en soluciones de almacenamiento y procesamiento sobre Data Lakes, Data Warehouses y Lakehouses.
Utilizar herramientas como Azure Data Factory, ADLS y Databricks dentro del ecosistema de datos.
Desarrollar soluciones mediante lenguajes como Python, Scala o Java.
🔎 ¿Qué buscamos?
Profesionales técnicos o universitarios con aproximadamente 2 a 3 años de experiencia en Data Engineering y experiencia práctica trabajando con tecnologías de datos.
Será importante contar con:
Experiencia trabajando con alguna nube pública: Azure, AWS o GCP.
Experiencia en diseño e implementación de procesos ETL/ELT.
Conocimiento de Azure Data Factory.
Experiencia trabajando con Databricks.
Conocimiento de almacenamiento Cloud, especialmente ADLS.
Manejo de SQL avanzado.
Experiencia con bases de datos relacionales y NoSQL.
Conocimientos de programación en Python, Scala y/o Java.
Inglés técnico.
🎁 ¿Qué encontrarás en esta oportunidad?
Además de incorporarte a un entorno donde podrás continuar desarrollando tu carrera en Data & Cloud, la posición ofrece:

📄 Planilla completa - plazo indeterminado después del periodo de prueba.
🕘 Horario de lunes a viernes de 9:00 a. m. a 6:00 p. m.
📍 Trabajo inicialmente presencial en San Isidro, con posibilidad de migrar a un esquema híbrido de acuerdo con desempeño.
💵 Participación en utilidades anuales!
🏥 Acceso al programa Mi Beneficio Salud, con descuentos en la red de Clínica SANNA, Clínica San Felipe, Laboratorios Precisa, COA y Aliada, extensibles a familiares según las condiciones del programa.
🎁 Acceso a beneficios y descuentos corporativos asociados al grupo empresarial.

🚀 ¿Te interesa seguir creciendo en el mundo de Data?
Si cuentas con experiencia construyendo pipelines, trabajando con Cloud, SQL y Databricks, y buscas una oportunidad donde puedas continuar especializándote en ingeniería de datos, queremos conocerte.
Postula y sé parte de este nuevo desafío junto a Experis Perú. 💻📊☁️",3018,False,https://www.bumeran.com.pe/empleos/data-engineer-experis-peru-1118446918.html,2026-09-23 21:32
1118446971,Data Engineer Semi Senior,CSTI Corp,Ciencia e ingeniería de datos,data engineer,1,"Tecnología, Sistemas y Telecomunicaciones",Análisis de Datos,Semi Sr,Híbrido,Full-time,Indeterminado,FULL_TIME,1,False,False,False,False,False,Lima,Miraflores,PE,"Miraflores, Lima, Peru",2026-09-17,2026-12-16,6,Actualizado ayer,,,,,,,False,"SQL, Python, Google Cloud",3,True,True,False,False,False,False,False,False,False,False,False,False,False,False,False,True,False,False,False,False,False,True,10155736,https://www.bumeran.com.pe/perfiles/empresa_csti-corp_10155736.html,Informática / Tecnología,"Lima, Lima",Entre 51 y 150 empleados,"Somos una corporación de capital peruano Silver Partner SAP, líder en el rubro de TI, especializada en brindar soluciones de negocio en las líneas de outsourcing, soporte y proyectos. Actualmente contamos con sedes en Perú, Ecuador, Colombia y Bolivia.",3.5,3.6,3.2,3.2,3.1,3.1,3.2,8.0,"En CSTI Corp nos encontramos en búsqueda de un(a) Data Engineer Semi Senior para formar parte de nuestro equipo y participar en el desarrollo, integración y mantenimiento de procesos de datos en entornos cloud.
Requisitos:
Técnico, egresado o titulado universitario de Ingeniería de Sistemas, Ingeniería de Software, Computación, Ciencia de Datos, Ingeniería Informática o carreras afines.
Experiencia previa como Data Engineer o en posiciones similares.
Manejo de Python y SQL.
Experiencia trabajando con Google Cloud Platform (GCP).
Conocimientos y experiencia con BigQuery.
Manejo de Cloud Storage / Buckets.
Conocimientos de Cloud Run.
Experiencia o conocimientos en Workflows.
Manejo de Secret Manager.
Capacidad para desarrollar, integrar y mantener procesos de datos utilizando servicios cloud.
Principales funciones:
Desarrollar y mantener procesos de datos utilizando servicios de Google Cloud Platform (GCP).
Diseñar y ejecutar procesos de procesamiento y transformación de datos utilizando Python y SQL.
Desarrollar consultas y procesos sobre BigQuery.
Gestionar el almacenamiento de información mediante Cloud Storage / Buckets.
Implementar y mantener soluciones utilizando Cloud Run y Workflows.
Gestionar credenciales y configuraciones mediante Secret Manager.
Integrar diferentes servicios cloud para construir soluciones de datos eficientes y escalables.
Participar en el análisis, desarrollo, pruebas y mantenimiento de procesos de datos.
Identificar oportunidades de mejora y optimización en los procesos existentes.
Condiciones:
Modalidad: Híbrida.
Días presenciales: lunes, miércoles y viernes.
Días remotos: martes y jueves.
Horario: lunes a viernes de 7:30 a. m. a 5:00 p. m.
Sedes: Av. 28 de Julio 1150 – Miraflores / Av. Argentina N.° 2833 – Callao.
Si cumples con el perfil y estás interesado(a) en formar parte de CSTI Corp, ¡postula con nosotros!",1873,False,https://www.bumeran.com.pe/empleos/data-engineer-semi-senior-csti-corp-1118446971.html,2026-09-23 21:32
1118446997,Ingeniero de Datos AWS Databricks,INDRA PERU,Ciencia e ingeniería de datos,ingeniero de datos,1,"Tecnología, Sistemas y Telecomunicaciones",Otra,Senior,Híbrido,Full-time,Indeterminado,FULL_TIME,1,False,False,False,True,False,Lima,San Isidro,PE,"San Isidro, Lima, Peru",2026-09-17,2026-12-16,6,Actualizado hace 4 horas,,,,,,4.0,False,"Python, Spark, Databricks, AWS, ETL",5,False,True,False,False,False,False,False,False,False,False,False,True,True,True,False,False,False,False,True,False,False,False,2255030,https://www.bumeran.com.pe/perfiles/empresa_indra-peru_2255030.html,Informática / Tecnología,"Lima, Aguascalientes",Entre 1001 y 5000 empleados,"Somos una de las principales empresas globales de consultoría y tecnología y el socio tecnológico global para los negocios clave de nuestros clientes. Desarrollamos una oferta de soluciones propias, servicios avanzados y de alto valor añadido en tecnología.",,,,,,,,,"Buscamos a un Ingeniero de Datos AWS con experiencia en Databricks.
🎯 ¿Cuál será tu reto?
Desarrollo de procesos de extracción desde el sistema origen.
Desarrollo de transformaciones según las reglas de mapping.
Desarrollo de procesos de carga al sistema destino.
Manejo de grandes volúmenes de información.
Desarrollo de cargas iniciales, incrementales y reprocesos.
Implementación de controles técnicos y manejo de errores y excepciones.
Optimización de performance.
Automatización de procesos de migración.
Generación de logs y trazabilidad.
🔎 ¿Qué buscamos?
Experiencia mínima de 4 años en data engineering.
AWS: experiencia comprobable en servicios de datos y cómputo de AWS (Glue, EMR, S3, Redshift, Athena, Lambda, IAM).
Experiencia avanzada con Databricks.
PySpark & Python: dominio de Python orientado a ingeniería de datos y procesamiento distribuido de Big Data con PySpark.
ETL / ELT: amplia trayectoria diseñando pipelines de extracción, transformación y carga de gran volumen.
Airflow: experiencia configurando, programando y optimizando DAGs en Apache Airflow.
Formatos de archivo: dominio en el manejo, lectura, optimización y conversión de formatos de datos masivos (Avro, Parquet, CSV, JSON, texto/posicionales).
Beneficios:
🚑 EPS cubierta al 100%.
📚 Acceso ilimitado a Udemy.
🔖 Descuentos corporativos.
📈 Línea de carrera.
💆 ♀️ Kit ergonómico para trabajo en casa.
🧠 Atención psicológica.
🥦 Atención nutricional.
📍 Modalidad híbrida: 1 vez a la semana en oficina (San Isidro).
🕘 Horario: Lunes a viernes de 9:00 a.m. a 6:30 p.m.
🌟 Si tienes experiencia diseñando la arquitectura del futuro de la banca y te interesa participar en proyectos de transformación tecnológica, nos gustaría conocerte.",1713,False,https://www.bumeran.com.pe/empleos/ingeniero-de-datos-aws-databricks-indra-peru-1118446997.html,2026-09-23 21:32
1118445490,Ingeniero de Automatización y Datos en Azure,INDRA PERU,Ciencia e ingeniería de datos,ingeniero de datos,1,"Tecnología, Sistemas y Telecomunicaciones",Tecnologías de la Información,Semi Sr,Híbrido,Full-time,Temporal,TEMPORARY,1,False,False,False,False,False,Lima,San Isidro,PE,"San Isidro, Lima, Peru",2026-09-16,2026-12-15,7,Actualizado hace 2 días,,,,,,3.0,False,"SQL, Python, Power BI, Azure",4,True,True,False,True,False,False,False,False,False,False,False,False,False,False,True,False,False,False,False,False,False,False,2255030,https://www.bumeran.com.pe/perfiles/empresa_indra-peru_2255030.html,Informática / Tecnología,"Lima, Aguascalientes",Entre 1001 y 5000 empleados,"Somos una de las principales empresas globales de consultoría y tecnología y el socio tecnológico global para los negocios clave de nuestros clientes. Desarrollamos una oferta de soluciones propias, servicios avanzados y de alto valor añadido en tecnología.",,,,,,,,,"🚀 ¡Únete a Indra! | Ingeniero de Automatización y Datos en Azure
Buscamos un profesional con experiencia en Azure, automatización, desarrollo de APIs y gestión de datos, que participe en la construcción de soluciones para extraer, centralizar y visualizar información de diferentes sistemas corporativos.
🔹 ¿Cuáles serán tus funciones?
Desarrollar procesos automatizados para la extracción de información desde sistemas corporativos mediante APIs REST.
Diseñar y mantener una base de datos intermedia para centralizar la información extraída.
Construir modelos de datos y reportes en Power BI, incluyendo métricas y comparativos por periodos.
Documentar los procesos desarrollados para facilitar su mantenimiento y escalabilidad.
Colaborar con el equipo técnico en la validación de arquitectura y buenas prácticas de seguridad.
🔹 ¿Qué buscamos?
3 años a más de experiencia en desarrollo de datos, automatización o soluciones Cloud.
Experiencia desarrollando con Azure Functions utilizando Python o C#.
Experiencia con Azure SQL Database, incluyendo modelado de tablas y consultas.
Experiencia con Power BI, modelado de datos y DAX para desarrollo de métricas y comparativos temporales.
Experiencia gestionando autenticación y permisos mediante Microsoft Entra ID (Azure AD).
Experiencia consumiendo APIs REST, incluyendo autenticación, paginación y manejo de errores.
Deseable experiencia integrando APIs de herramientas corporativas de gestión de proyectos o desarrollo.
Beneficios:
🚑 EPS cubierta al 100%.
📚 Acceso ilimitado a Udemy.
🔖 Descuentos corporativos.
📈 Línea de carrera.
💆 ♀️ Kit ergonómico para trabajo en casa.
🧠 Atención psicológica.
🥦 Atención nutricional.
📍 Modalidad híbrida: 2 veces al mes en oficina (San Isidro).
🕘 Horario: Lunes a viernes de 9:00 a.m. a 6:30 p.m.",1785,False,https://www.bumeran.com.pe/empleos/ingeniero-de-automatizacion-y-datos-en-azure-indra-peru-1118445490.html,2026-09-23 21:32
1118444018,Practicante Data Engineer (Hibrido),Arla & Asociados,Ciencia e ingeniería de datos,data engineer,1,"Tecnología, Sistemas y Telecomunicaciones",Análisis de Datos,No especificado,Presencial,Full-time,,FULL_TIME,1,False,True,False,False,False,Ica,Chincha,PE,"Chincha, Ica, Peru",2026-09-16,2026-12-15,7,Publicado hace 7 días,"De S/.800 A S/.1,000 Por Mes",800.0,1000.0,PEN,Mes,,False,"SQL, Python, Spark, AWS, Azure, Google Cloud, ETL",7,True,True,False,False,False,False,False,False,False,False,False,True,False,True,True,True,False,False,True,False,False,False,13480387,https://www.bumeran.com.pe/perfiles/empresa_arla-asociados_13480387.html,Informática / Tecnología,"Chincha, Ica",Entre 1 y 10 empleados,"Con más de 15 años de experiencia, transformamos datos en oportunidades. Ofrecemos servicios especializados en Data Engineering & Business Intelligence, Cloud & On-Premise Consulting, Data Science & Machine Learning, Process Optimization, y Dashboards & Data Visualization. Nuestro objetivo es potenciar la toma de decisiones estratégicas, optimizar operaciones y llevar tu empresa al siguiente nivel con tecnología de vanguardia.",,,,,,,,,"Practicante de Data Engineer (Hibrido)
Resumen
Buscamos un Practicante de Data Engineer para apoyar en el desarrollo y mantenimiento de soluciones de datos. Participará en la construcción y optimización de pipelines ETL/ELT, integrando datos desde distintas fuentes y asegurando su calidad e integridad. Colaborará con ingenieros y analistas en la documentación de procesos, mejora de flujos de datos y automatización de tareas.
Responsabilidades
Apoyar en el desarrollo y mantenimiento de soluciones de datos.
Participar en la construcción y optimización de pipelines ETL/ELT.
Integrar datos desde distintas fuentes, asegurando su calidad e integridad.
Colaborar con ingenieros y analistas en la documentación de procesos.
Mejorar flujos de datos y automatización de tareas.
Requisitos
Estudiante o egresado de Ingeniería de Sistemas, Informática o carreras afines.
Conocimientos básicos en Python y SQL.
Conocimientos de conceptos de ETL.
Manejo de bases de datos.
Nociones de servicios en la nube (AWS, Azure o GCP).
Se valorará experiencia académica o proyectos con Apache Spark o Hadoop.
Buena comunicación, capacidad de aprendizaje, pensamiento analítico y orientación a la resolución de problemas.
Beneficios
Modalidad presencial con horarios flexibles.
Acompañamiento técnico.
Capacitaciones continuas.
Participar de proyectos disruptivos.",1347,False,https://www.bumeran.com.pe/empleos/practicante-data-engineer-hibrido-arla-asociados-1118444018.html,2026-09-23 21:32
1118443716,Data Engineer o Ingeniero de Datos - Azure Cloud,Protiviti Perú,Ciencia e ingeniería de datos,ingeniero de datos; data engineer,2,"Tecnología, Sistemas y Telecomunicaciones",Data Entry,Semi Sr,Híbrido,Full-time,Autónomo,CONTRACTOR,1,False,False,False,False,False,Lima,Lima,PE,"Lima, Lima, Peru",2026-09-15,2026-12-14,8,Actualizado hace 5 días,,,,,,3.0,False,"Power BI, Spark, Databricks, Azure, ETL",5,False,False,False,True,False,False,False,False,False,False,False,True,True,False,True,False,False,False,True,False,False,True,2508460,https://www.bumeran.com.pe/perfiles/empresa_protiviti-peru_2508460.html,Consultoría,"SAN ISIDRO, Lima",Entre 301 y 500 empleados,"Protiviti (www.protiviti.com) es una firma global de consultoría, que ayuda a las empresas de todo el mundo a identificar, medir y navegar por sus oportunidades y riesgos, dentro de sus industrias y a lo largo de sus sistemas, procesos y operaciones. Ha trabajado con más del 60% de las Fortune 1000® y el 35% de las Fortune Global 500®. Protiviti y sus firmas miembro prestan servicios a clientes a través de una red de más de 70 oficinas en más de 25 países. Rankeados en el puesto 57 en la lista de las 100 Best Companies to Work For® de Fortune en el 2016.",4.2,3.6,3.9,3.6,3.5,3.7,3.9,5.0,"¿Te apasiona la ingeniería de datos y quieres formar parte de un proyecto de transformación digital de gran impacto?
En SGS, líder mundial en inspección, verificación, análisis y certificación, buscamos un Data Engineer Semi Senior para integrarse a un proyecto estratégico de migración de plataformas On-Premise hacia Azure Cloud, donde participarás en la modernización de la arquitectura de datos y el desarrollo de soluciones analíticas de última generación.
¿Qué harás?
Diseñar y construir procesos de extracción, transformación y carga de datos en producción en base a tecnologia a la vanguardia, alineada a los procedimientos y frameworks, mediante pipelines en Azure.
Proponer soluciones basadas en Data en función de las problemáticas o necesidades que se presente.
Alinear la adquisición de los datos respecto de los requisitos del negocio en base a la arquitectura diseñada.
Identificar e implementar formas de mejorar la fiabilidad de la información, la eficiencia y la calidad de los datos
Ejecutar tareas de Data Quality para identificar el estadio de calidad de los datos, presentar los resultados y propiciar iniciativas de mejora/corrección en función de observaciones y/o problemáticas encontradas durante la atención de necesidades de información.
Diseñar los reportes / Dasboards en las cuales se visualizará / presentará la información solicitada por los Clientes internos/externos
Administrar las herramientas de visualización y ETL bajo las políticas acordadas, coordinando también el dimensionamiento del espacio y los componentes a utilizar en los desarrollos.
Modelar las estructuras de datos (dimensiones y tablas de hechos) siguiendo el diseño del Arquitecto, aplicando buenas prácticas de modelado que garanticen consistencia, performance facilidad de consumo desde Power BI.
¿Qué buscamos?
Bachiller o Técnico en Ingeniería de Sistemas, Ingeniería Informática, Ciencia de Datos o carreras afines.
Experienciade 3 años a 5 años como Data Engineer o Ingeniero de Datos.
Conocimientos en Arquitectura Medallion (Bronze, Silver y Gold)para el diseño e implementación de pipelines de datos.
Conocimientos de los principios de Data Mesh
Conocimientos en el ecosistema Azure (Synapse, Data Factory, Data Lake, Logic Apps, Event Hubs, Databricks y Azure DevOps), PySpark
Experiencia en Power BI para la creación de dashboards e indicadores de negocio.
Te ofrecemos
Participar en un proyecto de migración de On-Premise a Azure Cloud, con tecnologías de última generación.
Contrato por 3 meses, con posibilidad de participar en nuevos proyectos.
Modalidad híbrida (Asistencia a oficinas en Callao).
Horario de lunes a viernes de 8:30 a. m. a 5:30 p. m.
Equipo corporativo.
Disponibilidad inmediata",2716,False,https://www.bumeran.com.pe/empleos/data-engineer-o-ingeniero-de-datos-azure-cloud-protiviti-peru-1118443716.html,2026-09-23 21:32
1118443307,Data Engineer Senior,INDRA PERU,Ciencia e ingeniería de datos,data engineer,1,"Tecnología, Sistemas y Telecomunicaciones",Análisis de Datos,Senior,Híbrido,Full-time,Temporal,TEMPORARY,4,True,False,False,True,False,Lima,San Isidro,PE,"San Isidro, Lima, Peru",2026-09-15,2026-12-14,8,Actualizado hace 12 horas,,,,,,,False,"SQL, Databricks, Azure",3,True,False,False,False,False,False,False,False,False,False,False,False,True,False,True,False,False,False,False,False,False,False,2255030,https://www.bumeran.com.pe/perfiles/empresa_indra-peru_2255030.html,Informática / Tecnología,"Lima, Aguascalientes",Entre 1001 y 5000 empleados,"Somos una de las principales empresas globales de consultoría y tecnología y el socio tecnológico global para los negocios clave de nuestros clientes. Desarrollamos una oferta de soluciones propias, servicios avanzados y de alto valor añadido en tecnología.",,,,,,,,,"¡Un lugar para ti! INDRA es una de las principales compañías globales de tecnología y consultoría y el socio tecnológico para las operaciones clave de los negocios de sus clientes en todo el mundo. Es un proveedor líder mundial de soluciones propias en segmentos específicos de los mercados de Transporte y Defensa, y la empresa líder en consultoría de transformación digital y Tecnologías de la Información en España y Latinoamérica. Con cerca de 48.000 empleados, presencia local en 46 países y operaciones comerciales en más de 140 países. Nos encontramos en búsqueda de un(a):
Data Engineer
Sé parte de un nuevo proyecto de Datos para el sector Seguros, donde tendrás el reto de diseñar, desarrollar y mantener procesos de integración entre sistemas corporativos, bases de datos y plataformas cloud.
Funciones:
Construcción y mantenimiento de integraciones de datos en ADF.
Desarrollo de pipelines de ingesta, movimiento y orquestación de datos.
Análisis y resolución de incidencias asociadas a procesos de integración.
Coordinación con equipos funcionales y técnicos para la implementación de nuevas interfaces.
Elaboración de documentación técnica y soporte a despliegues productivos.
Requisitos:
Azure Data Factory (Pipelines, Datasets, Linked Services, Triggers y Data Flows).
Databricks.
Oracle y SQL Server.
Desarrollo de consultas SQL (T-SQL y/o PL/SQL).
Integraciones batch, intercambio de archivos y consumo de APIs.
Conocimiento de Azure Key Vault y manejo seguro de credenciales.
Modalidad:
Principalmente Híbrida desde Lima
Beneficios:
Oportunidad de aprendizaje y crecimiento profesional.
Entorno de trabajo colaborativo y de apoyo.
EPS 100% para el colaborador.
Acceso a la plataforma Udemy 100% gratuita.
Asesorías virtuales con psicólogos y nutricionista para el colaborador y familiar directo.
Convenios corporativos y educativos.
Planilla al 100% (Vacaciones, CTS, Gratificación, etc.)
Seguro vida Ley.",1924,False,https://www.bumeran.com.pe/empleos/data-engineer-senior-indra-peru-1118443307.html,2026-09-23 21:32
1118442794,Ingeniero de Datos Senior - LT,INDRA PERU,Ciencia e ingeniería de datos,ingeniero de datos,1,"Tecnología, Sistemas y Telecomunicaciones",Tecnologías de la Información,Senior,Híbrido,Full-time,Temporal,TEMPORARY,1,False,True,False,False,False,Lima,Surquillo,PE,"Surquillo, Lima, Peru",2026-09-15,2026-12-14,8,Actualizado hace 5 días,,,,,,,False,"Databricks, AWS, Azure, Google Cloud, Snowflake",5,False,False,False,False,False,False,False,False,False,False,False,False,True,True,True,True,False,True,False,False,False,False,2255030,https://www.bumeran.com.pe/perfiles/empresa_indra-peru_2255030.html,Informática / Tecnología,"Lima, Aguascalientes",Entre 1001 y 5000 empleados,"Somos una de las principales empresas globales de consultoría y tecnología y el socio tecnológico global para los negocios clave de nuestros clientes. Desarrollamos una oferta de soluciones propias, servicios avanzados y de alto valor añadido en tecnología.",,,,,,,,,"En INDRA, estamos en búsqueda de un/a Data Engineer para integrarse a un importante proyecto y liderar la interlocución técnica, el diseño de arquitecturas de datos y el acompañamiento en la construcción del Modelo Operativo del cliente.
🔹 Principales funciones
Liderar la interlocución ejecutiva y el seguimiento del proyecto con sponsors y stakeholders clave.
Guiar al equipo en la construcción del Blueprint organizacional y el roadmap de implementación, garantizando resultados en un plazo de 12 semanas.
Asegurar la correcta aplicación de la metodología para la co-creación del Modelo Operativo (TOM).
Diseñar, construir y mantener arquitecturas de datos, pipelines de ingesta y soluciones Big Data.
Operar bajo enfoques DataOps, habilitando estructuras de gobierno de datos a nivel técnico.
Integrar repositorios transaccionales e informacionales con capas semánticas y de consumo.
🔹 Requisitos
Experiencia en transformación organizacional y diseño de Modelos Operativos (TOM).
Experiencia sólida en arquitecturas de datos, pipelines de ingesta y Big Data.
Especialización en arquitecturas Cloud (Azure Data Engineer, AWS Certified Data Analytics, GCP, u otras).
Conocimiento de plataformas de datos como Databricks, Snowflake y CRM.
Formación como Ingeniero de Datos Senior (LT).
💡 Buscamos Una persona con pensamiento analítico aplicado a datos, buena comunicación, capacidad de trabajo colaborativo con equipos técnicos y proactividad e iniciativa para liderar procesos de transformación de alto impacto.
📍 Modalidad ( híbrida 2 veces x semana en sede cliente- Surquillo)
¿Te interesa liderar la arquitectura de datos de proyectos de transformación de alto impacto? 🚀 ¡Postula y sé parte de INDRA!",1706,False,https://www.bumeran.com.pe/empleos/ingeniero-de-datos-senior-lt-indra-peru-1118442794.html,2026-09-23 21:32
1118441879,DATA ENGINEER SENIOR - LIMA,Caja Ica,Ciencia e ingeniería de datos,data engineer,1,"Tecnología, Sistemas y Telecomunicaciones",Data Entry,Senior,Híbrido,Full-time,Temporal,TEMPORARY,1,False,True,False,True,False,Ica,Ica,PE,"Ica, Ica, Peru",2026-09-14,2027-01-12,9,Actualizado hace 3 horas,,,,,,2.0,False,"SQL, Spark, ETL",3,True,False,False,False,False,False,False,False,False,False,False,True,False,False,False,False,False,False,True,False,False,True,10189869,https://www.bumeran.com.pe/perfiles/empresa_caja-ica_10189869.html,Banca / Financiera,"Ica, Ica",Entre 1001 y 5000 empleados,"Somos Caja Municipal de Ica, empresa que pertenece al sistema de microfinanzas del Perú, comprometida con la inclusión financiera y el desarrollo económico de nuestros clientes. Con más de 35 años de experiencia.

En Caja Ica, valoramos el talento y fomentamos un ambiente de trabajo dinámico, colaborativo y con oportunidades de crecimiento profesional. ¡Únete a nuestro equipo y sé parte de una institución sólida y en constante evolución!",3.7,3.6,3.3,3.9,3.8,3.4,3.6,57.0,"MISIÓN DEL PUESTO:
Diseñar, construir y mantener sistemas de datos de riesgos eficientes y escalables para mejorar la gestión integral de riesgos en Caja Ica.
FUNCIONES:
Diseñar y mantener la infraestructura y arquitectura para el análisis y modelamiento de datos.
Integrar datos estructurados y no estructurados, buscando oportunidades para nuevas adquisiciones.
Diseñar y ejecutar controles que aseguren la calidad, integridad y disponibilidad de los datos.
Monitorear y optimizar el rendimiento de bases de datos y sistemas de almacenamiento.
Proponer el plan de datos de riesgos.
Diseñar, implementar y ejecutar procesos ETL y pipelines para ingesta y almacenamiento de datos.
Colaborar con equipos de desarrollo y riesgos para entregar soluciones personalizadas.
Elaborar informes sobre riesgos y oportunidades de mejora.
REQUISITOS:
Título profesional o bachiller en Ingeniería de Sistemas, Ciencia de Datos o carrera afín.
Experiencia mínima de 2 años en puestos similares.
Conocimientos en administración de bases de datos, business analytics y programas como Ms Office, SQL Server, PySpark, SSIS y Selenium.
COMPETENCIAS:
Pensamiento analítico.
Razonamiento deductivo.
Recopilación y análisis de información.
SE OFRECE:
Remuneración acorde al mercado.
Oportunidades de desarrollo y capacitación continua.
Los interesados deberán adjuntar su curriculum vitae no documentado, hasta el 20 de SETIEMBRE del 2026.
SE INCLUYEN PROFESIONALES DE ACUERDO A LO ESTABLECIDO EN LA LEY 29973 Y SU REGLAMENTO – LEY GENERAL DE LA PERSONA CON DISCAPACIDAD.",1549,False,https://www.bumeran.com.pe/empleos/data-engineer-senior-lima-caja-ica-1118441879.html,2026-09-23 21:32
1118440623,INGENIERO DE DATOS GCP,ManpowerGroup Perú,Ciencia e ingeniería de datos,ingeniero de datos,1,"Tecnología, Sistemas y Telecomunicaciones",Data Warehousing,Semi Sr,Presencial,Full-time,Temporal,TEMPORARY,1,False,True,False,False,False,Lima,San Isidro,PE,"San Isidro, Lima, Peru",2026-09-14,2026-12-13,9,Actualizado hace 6 días,,,,,,3.0,False,"SQL, Python, Spark, Google Cloud, ETL",5,True,True,False,False,False,False,False,False,False,False,False,True,False,False,False,True,False,False,True,False,False,True,10011970,https://www.bumeran.com.pe/perfiles/empresa_manpowergroup-peru_10011970.html,Consultoría,"Lima, Lima",Entre 1001 y 5000 empleados,"En ManpowerGroup creemos en las personas y en el papel que representa el trabajo en sus vidas. Además, creemos en la importancia de impulsar el talento para favorecer el crecimiento personal y profesional.

Somos líder mundial en soluciones para la fuerza laboral, ayudando a las organizaciones a transformarse en un mundo laboral que cambia rápidamente mediante la búsqueda, evaluación, desarrollo y gestión del talento. Desarrollamos soluciones innovadoras para cientos de miles de organizaciones cada año, brindándoles talento calificado mientras encontramos empleo significativo y sostenible para millones de personas en una amplia gama de industrias. 

Nuestra familia de marcas expertas (Manpower, Experis y Talent Solutions) crea mucho más valor para nuestros candidatos en más de 70 países, durante 75 años a nivel global y 29 años a nivel nacional.

Anímate a dejar huella con nosotros ¡Únete a la compañía que impulsa tu Talento!",3.8,3.8,3.6,3.8,3.6,3.6,3.7,193.0,"En Experis Perú estamos buscando un/a Data Engineer Semi Senior!
¿Tienes experiencia trabajando con datos, procesos ETL/ELT y tecnologías Cloud? Esta oportunidad puede ser para ti.
Data Engineer – Nivel Medio (Semi Senior) PRESENCIAL
Sobre el perfil
Buscamos un/a Data Engineer Semi Senior con experiencia en procesos de transformación e integración de datos (ETL/ELT), desarrollo de soluciones de datos y manejo de bases de datos.
La posición se desarrollará en un entorno Cloud sobre Google Cloud Platform (GCP), por lo que será muy valorada la experiencia previa con servicios cloud, especialmente BigQuery.
Requisitos técnicos
3 a 5 años de experiencia en proyectos de Data Engineering o desarrollo de soluciones de datos.
Experiencia en diseño, desarrollo y mantenimiento de procesos ETL/ELT.
Experiencia en Python y/o Java.
Sólidos conocimientos de bases de datos y SQL.
Experiencia trabajando con BigQuery.
Experiencia con Google Cloud Platform (GCP), idealmente en servicios de procesamiento y almacenamiento de datos.
Conocimientos de Apache Spark y/o Apache Beam serán considerados un plus.
Capacidad para diseñar y comprender flujos y arquitecturas de datos.
Experiencia trabajando con distintas fuentes de información y procesos de integración de datos.
Principales responsabilidades
Participar en reuniones de levantamiento y evaluación de nuevos proyectos y requerimientos de datos.
Interactuar con distintos stakeholders de Producto, Ventas, Tecnología y Consultoría, comprendiendo sus necesidades y brindando soporte en materia de datos.
Participar en reuniones de seguimiento y coordinación de proyectos.
Levantar necesidades de información y transformar requerimientos de negocio en soluciones técnicas basadas en datos.
Diseñar, implementar y gestionar fuentes y flujos de información.
Participar en el diseño y evolución de soluciones de integración y transformación de datos.
Identificar y proponer proactivamente mejoras en los procesos asociados al ciclo de vida del dato.
Velar por la calidad, disponibilidad y trazabilidad de la información.
Mantener actualizada la documentación técnica, diagramas y flujos relacionados con el ciclo de vida de los datos.
Colaborar con equipos técnicos y de negocio para asegurar que las soluciones desarrolladas respondan a las necesidades de la organización.
Competencias deseables
Capacidad de análisis y resolución de problemas.
Autonomía y capacidad para trabajar en equipos multidisciplinarios.
Buenas habilidades de comunicación y relacionamiento con stakeholders técnicos y de negocio.
Capacidad para comprender requerimientos de negocio y convertirlos en soluciones técnicas.
Orientación a la mejora continua.
Modalidad y condiciones
Modalidad: lunes a jueves presencial y viernes remoto.
Horario: 9:00 a.m. a 6:00 p.m.
Contrato: planilla con todos los beneficios de ley.

¡Esperamos conocerte y contar contigo en este nuevo desafío!",2901,False,https://www.bumeran.com.pe/empleos/ingeniero-de-datos-gcp-manpowergroup-peru-1118440623.html,2026-09-23 21:32
1118438317,COORDINADOR DE CIENCIA DE DATOS CUSCO / CE-1575-2026,CAJA CUSCO,Ciencia e ingeniería de datos,ciencia de datos,1,"Tecnología, Sistemas y Telecomunicaciones",Análisis de Datos,Senior,Presencial,Full-time,Indeterminado,FULL_TIME,1,False,True,False,False,False,Cusco,Cusco,PE,"Cusco, Cuzco, Peru",2026-09-11,2027-01-09,12,Publicado hace 12 días,,,,,,,True,"SQL, Python, R, Machine Learning",4,True,True,True,False,False,False,False,False,False,False,False,False,False,False,False,False,False,False,False,True,False,True,13031525,https://www.bumeran.com.pe/perfiles/empresa_caja-cusco_13031525.html,Banca / Financiera,"Cusco, Cusco",Entre 1001 y 5000 empleados,"Somos Caja Cusco, entidad financiera líder en la región sur del Perú, con presencia nacional.
Desde hace más de 36 años impulsamos el crecimiento de los peruanos a tráves de microfinanzas innovadoras, accesibles e inclusivas. 

Contamos con más de 4,500 colaboradores, +135 agencias y 1.5 millones en todo el país. 

En Caja Cusco tejemos historias de progreso, brindando oportunidades financieras a la medida de nuestros clientes y futuros emprendedores del Perú.",3.9,3.7,3.6,3.9,3.6,3.7,3.6,147.0,"Responsabilidades
Apoyar en la elaboración y gestión de la estrategia de datos y del negocio.
Colaborar con las áreas de negocio para identificar problemas de negocio y traducirlas en soluciones de ciencia de datos, aplicando técnicas de analítica avanzada: modelamiento predictivo, machine learning, análisis de series temporales, simulación y optimización.
Identificar nuevas oportunidades de negocios centradas en el cliente, personalizados por segmentos y con características y necesidades comunes, teniendo por finalidad de aumentar la fidelización de los clientes de negocio.
Definir e implementar procesos de limpieza, transformación y validación de datos, garantizando su calidad y adecuación para la construcción de modelos analíticos descriptivos y predictivos.
Gestionar todo el ciclo de desarrollo de los modelos analíticos del negocio, empleando metodologías de modelamiento y métricas clave para evaluar el desempeño del modelo y umbrales aceptables.
Planificar el seguimiento y mantenimiento de los modelos de negocio de manera periódica para mantener su relevancia y precisión, ante cambios en los datos o el entorno de negocio.
Resumir el resultado de la aplicación de los modelos de negocio mediante la creación de informes y dashboards empleando técnicas de storytelling, para comunicar resultados atractivos y fáciles de entender.
Identificar y mitigar los riesgos asociados con el desarrollo y despliegue de modelos, como el riesgo de sesgo, el riesgo de sobreajuste y el riesgo operacional.
Competencias
Experiencia del Cliente
Espíritu Colaborativo
Innovación
Excelencia
Responsabilidad
Mejora continua
Requisitos Mínimos
Formación:
Bachiller o Título Profesional Universitario (inscrito en SUNEDU) en Ingeniería Sistemas e Informática, Estadística, Matemática, Ingeniería Económica, Ingeniería Industrial u otras carreras afines al cargo que postula.
Experiencia:
Dos (2) años en el mismo cargo o tres (3) años en cargos de Data Science, Analista de datos, Analista de Inteligencia de Negocios o puestos equivalentes desempeñando funciones relacionados al cargo que postula.
Otros conocimientos especiales
Deseable poseer al menos un (1) Curso de Especialización en materias relacionadas al cargo, como pueden ser: Curso en Machine Learning, Ciencia de Datos, Big Data y conocimientos en Sql Server, Python R, u herramientas similares de ciencia de datos.
Idioma de preferencia: Inglés básico
Conocimientos informáticos de preferencia: Microsoft Office avanzado
Fecha límite de postulación: Domingo 20 de Setiembre del 2026.
Conforme con lo establecido en la Ley de Protección de Datos Personales cumplimos en informar que sus datos personales serán incorporados al Banco de Datos Postulantes de la CMAC Cusco y serán tratados para la ejecución de las diferentes etapas del proceso de selección para el que Usted postula en caso de ser considerado postulante apto. CMAC Cusco pone a su disposición información para el ejercicio de sus derechos ARCO en http://www.cmac-cusco.com.pe.",3005,False,https://www.bumeran.com.pe/empleos/coordinador-de-ciencia-de-datos-cusco-ce-1575-2026-caja-cusco-1118438317.html,2026-09-23 21:32
1118437153,Ingeniero de datos junior - On Premise,Protiviti Perú,Ciencia e ingeniería de datos,ingeniero de datos,1,"Tecnología, Sistemas y Telecomunicaciones",Data Entry,Junior,Presencial,Full-time,Autónomo,CONTRACTOR,1,False,False,False,False,False,Lima,San Isidro,PE,"San Isidro, Lima, Peru",2026-09-10,2026-12-09,13,Actualizado hace 12 días,,,,,,2.0,False,"SQL, Python, Power BI, Excel, ETL",5,True,True,False,True,True,False,False,False,False,False,False,False,False,False,False,False,False,False,True,False,False,True,2508460,https://www.bumeran.com.pe/perfiles/empresa_protiviti-peru_2508460.html,Consultoría,"SAN ISIDRO, Lima",Entre 301 y 500 empleados,"Protiviti (www.protiviti.com) es una firma global de consultoría, que ayuda a las empresas de todo el mundo a identificar, medir y navegar por sus oportunidades y riesgos, dentro de sus industrias y a lo largo de sus sistemas, procesos y operaciones. Ha trabajado con más del 60% de las Fortune 1000® y el 35% de las Fortune Global 500®. Protiviti y sus firmas miembro prestan servicios a clientes a través de una red de más de 70 oficinas en más de 25 países. Rankeados en el puesto 57 en la lista de las 100 Best Companies to Work For® de Fortune en el 2016.",4.2,3.6,3.9,3.6,3.5,3.7,3.9,5.0,"Buscamos un(a) Integrador de Datos responsable de integrar, transformar y modelar datos provenientes de diversas fuentes, asegurando la disponibilidad de información confiable para la generación de indicadores, análisis del negocio para nuestro cliente ON EMPRESAS.
Principales funciones
Levantar requerimientos e identificar indicadores, métricas y dimensiones del negocio.
Analizar y documentar las diferentes fuentes de información.
Desarrollar procesos ETL para la integración y carga de datos mediante SSIS.
Programar soluciones de integración de datos utilizando Python.
Desarrollar y optimizar procedimientos, funciones y jobs en SQL Server.
Elaborar diccionarios de datos.
Diseñar modelos de datos multidimensionales y estructuras de bases de datos.
Desarrollar dashboards e informes en Power BI (deseable).
Administrar y desarrollar soluciones con SSIS, SSAS y SSRS.
Realizar tuning y optimización de bases de datos (no excluyente).
Requisitos
Profesional universitario de Ingeniería de Sistemas, Ingeniería Informática o carreras afines.
Experiencia mínima de 2 años en posiciones similares.
Conocimientos avanzados en:
SQL Server (2012 en adelante).
Transact-SQL (stored procedures, funciones y jobs).
SSIS, SSAS y SSRS.
Power BI (Power Query y DAX).
Python para procesos ETL.
Excel avanzado.
Datos de la posición
Proyecto: 3 meses (renovación trimestral)
Modalidad: Presencial
Ubicación: Av. Gálvez Barrenechea– San Isidro
Horario: Lunes a viernes de 9:00 a.m. a 6:00 p.m.
Planilla con todos los beneficios de ley
Day off en cumpleaños
EPS cubierto parcialmente
Acceso a plataforma de cursos
Equipo Corporativo",1622,False,https://www.bumeran.com.pe/empleos/ingeniero-de-datos-junior-on-premise-protiviti-peru-1118437153.html,2026-09-23 21:32
1118436207,Data Engineer - pipelines ETL/ELT,Synopsis S.A,Ciencia e ingeniería de datos,data engineer,1,"Tecnología, Sistemas y Telecomunicaciones",Tecnologia / Sistemas,Semi Sr,Presencial,Full-time,Indeterminado,FULL_TIME,1,False,False,False,False,False,Lima,Lima,PE,"Lima, Lima, Peru",2026-09-09,2026-12-08,14,Actualizado hace 9 días,,,,,,,False,ETL,1,False,False,False,False,False,False,False,False,False,False,False,False,False,False,False,False,False,False,True,False,False,True,1613320,https://www.bumeran.com.pe/perfiles/empresa_synopsis-s.a_1613320.html,Informática / Tecnología,"Lima, Lima",Entre 51 y 150 empleados,"Synopsis es una empresa peruana líder en el desarrollo de soluciones de TI con más de 25 años brindando soluciones altamente especializadas, innovadoras y de calidad. Atendemos a empresas de diversos rubros como entidades financieras, bancarias, seguros, telecomunicaciones, mineras, comercio.",,,,,,,,,"Horario: Lunes a viernes (9a6pm)
Modalidad: presencial 100%
Duración: hasta dic 2026 y depende de resultados
III. MISIÓN DEL PUESTO
Diseñar, desarrollar y mantener soluciones de ingeniería de datos que permitan integrar, transformar y disponibilizar información confiable, oportuna y escalable para las iniciativas de Business Intelligence y Analítica de la organización.
IV. FUNCIONES
Diseñar y mantener pipelines de datos (ETL/ELT): Garantizar el flujo confiable, automatizado y eficiente de los datos desde el origen hasta su destino final. Frecuencia: Diaria. Importancia: Alta.
Automatizar procesos manuales de datos: Reducir errores operativos, aumentar la eficiencia y liberar recursos para tareas de mayor valor. Frecuencia: Diaria. Importancia: Alta.
Desarrollar y optimizar modelos de datos dimensionales y analíticos: Soportar dashboards, reportes operativos y análisis avanzados para la toma de decisiones. Frecuencia: Diaria. Importancia: Alta.
Monitorear las cargas de datos y el desempeño de los sistemas: Asegurar que la información esté disponible a tiempo y con el rendimiento adecuado para los usuarios. Frecuencia: Diaria. Importancia: Alta.
Velar por la calidad de datos: Implementar controles de calidad, validar integridad y consistencia, detectar anomalías, generar alertas ante errores de carga, registrar y dar seguimiento a problemas de calidad. Frecuencia: Diaria. Importancia: Alta.
Documentar los procesos, modelos y pipelines implementados: Facilitar el mantenimiento, la auditoría y la transferencia de conocimiento dentro del equipo. Frecuencia: Semanal. Importancia: Media.
Resolver incidentes operativos en los sistemas de datos: Asegurar la continuidad operativa y minimizar el impacto en los procesos de negocio. Frecuencia: Diaria. Importancia: Alta.
Ejercer gobierno y seguridad de datos: Aplicar estándares de gobierno de datos, implementar controles de acceso, gestionar información sensible de acuerdo con las políticas corporativas y mantener trazabilidad de los procesos de datos. Frecuencia: Diaria. Importancia: Alta.",2063,False,https://www.bumeran.com.pe/empleos/data-engineer-pipelines-etl-elt-synopsis-s.a-1118436207.html,2026-09-23 21:32
1118435477,Ingeniero de Datos,INDRA PERU,Ciencia e ingeniería de datos,ingeniero de datos,1,"Tecnología, Sistemas y Telecomunicaciones",Data Warehousing,Semi Sr,Híbrido,Full-time,Indeterminado,FULL_TIME,5,True,True,False,False,False,Lima,Lima,PE,"Lima, Lima, Peru",2026-09-09,2026-12-08,14,Actualizado ayer,,,,,,3.0,False,"Spark, Azure",2,False,False,False,False,False,False,False,False,False,False,False,True,False,False,True,False,False,False,False,False,False,False,2255030,https://www.bumeran.com.pe/perfiles/empresa_indra-peru_2255030.html,Informática / Tecnología,"Lima, Aguascalientes",Entre 1001 y 5000 empleados,"Somos una de las principales empresas globales de consultoría y tecnología y el socio tecnológico global para los negocios clave de nuestros clientes. Desarrollamos una oferta de soluciones propias, servicios avanzados y de alto valor añadido en tecnología.",,,,,,,,,"¡Sé parte de nuestro equipo! More digital. More human. More Minsait.
Somos una empresa líder global de tecnología y consultoría digital que conecta personas, tecnología y negocios para generar crecimiento, transformación e impacto positivo y sostenible. El futuro se construye con talento. Y en Indra Group, estamos en la búsqueda de un: Ingeniero de Datos.
Requisitos:
Experiencia de 3 años a más en implementación de soluciones con las tecnologías requeridas, habiendo realizado las siguientes actividades.
Análisis y desarrollo de flujos de Ingesta y transformación de datos en Data lake o Lake House en plataformas On Premise y/o Cloud (deseable AZURE).
Análisis y Desarrollo utilizando procesamiento distribuido en Spark usando PySpark y Scala (Batch).
Optimización de los procesos a desarrollar o existentes con un enfoque de optimización de costos (tiempo de procesamiento y uso del clúster) con Spark.
Análisis y schedulamiento de los procesos de acuerdo a las criterias definidas por los usuarios. Despliegue soluciones en producción haciendo uso de herramientas de integración y despliegue continuo (DevSecOps).
Desarrollo de soluciones transversales para la mejora continua del framework de desarrollo y despliegue de soluciones.
Desarrollo de buenas prácticas, frameworks y estándares de desarrollo en Spark.
Consultoría y asesoría técnica en la estrategia de implementación de soluciones en plataformas distribuidas On Premise y/o Cloud (AZURE).
Beneficios:
Planilla al 100% (Vacaciones, CTS, Gratificación, etc.)
EPS y Seguro Oncológico al 100%
Acceso a la plataforma Udemy 100% gratuita.
Descuentos corporativos.
Asesorías virtuales con psicólogos y nutricionista para el colaborador y familiar directo.
Modalidad híbrida. Horario de trabajo: De lunes a viernes de 9:00am a 6:30pm.",1796,False,https://www.bumeran.com.pe/empleos/ingeniero-de-datos-indra-peru-1118435477.html,2026-09-23 21:32
1118434426,Data Engineer | SQL Avanzado / ETL / Cloud,INTEGRA RETAIL S.A.C.,Ciencia e ingeniería de datos,data engineer,1,"Tecnología, Sistemas y Telecomunicaciones",Data Entry,Senior,Presencial,Full-time,Indeterminado,FULL_TIME,1,False,False,True,False,False,Lima,Santiago de Surco,PE,"Santiago de Surco, Lima, Peru",2026-09-08,2026-12-07,15,Publicado hace más de 15 días,,,,,,2.0,False,"SQL, Python, Spark, AWS, Azure, Google Cloud, ETL",7,True,True,False,False,False,False,False,False,False,False,False,True,False,True,True,True,False,False,True,False,False,False,13194898,https://www.bumeran.com.pe/perfiles/empresa_integra-retail-s.a.c._13194898.html,Retail,"Surco, Lima",Entre 1001 y 5000 empleados,"Somos INTEGRA RETAIL un grupo especializado en venta de electrodomésticos y motos, con más de 100 tiendas a nivel nacional con marcas como Carsa, El Gallo Más Gallo, Moto Go y Marcimex"".",,,,,,,,,"Somos GRUPO CARSA, un grupo especializado en la venta de electrodomésticos y motos, con más de 120 tiendas a nivel nacional y marcas como Carsa, El Gallo Más Gallo, Moto Go y Marcimex. Nos encontramos en la búsqueda de un(a) Data Engineer.
Descripción del puesto
Buscamos un(a) profesional que sea responsable de diseñar, construir y mantener la infraestructura de datos de la organización, asegurando la disponibilidad, calidad e integridad de la información que alimenta nuestros reportes, dashboards y modelos analíticos.
¿Qué estamos buscando?
Bachiller o Titulado(a) en Ingeniería de Sistemas, Ingeniería Informática, Computación o carreras afines.
Experiencia de 2 a 4 años en posiciones como Data Engineer, ETL Developer o similares.
Experiencia en diseño y desarrollo de pipelines de datos ETL/ELT.
Manejo de SQL a nivel avanzado (obligatorio).
Conocimientos de Python o Scala para procesamiento de datos.
Experiencia con herramientas ETL como Airflow, Talend, SSIS, dbt u otras similares.
Conocimiento de plataformas Cloud, como AWS, Azure o GCP.
Experiencia trabajando con bases de datos relacionales y/o no relacionales.
Conocimiento de modelado de datos, dimensional y normalización.
Deseable experiencia en retail o consumo masivo.
Deseable conocimiento de Spark, Kafka, Docker o Kubernetes.
Pensamiento analítico, resolución de problemas, atención al detalle y orientación a resultados.
Comunicación efectiva y capacidad para trabajar con equipos técnicos y de negocio.
¿Cuáles serán tus responsabilidades?
Diseñar y desarrollar pipelines de datos ETL/ELT para integrar información proveniente de múltiples fuentes como POS, ERP, e-commerce y CRM.
Construir y optimizar bases de datos, data warehouses y/o data lakes.
Garantizar la calidad, consistencia, disponibilidad y seguridad de los datos.
Automatizar procesos de extracción, transformación y carga de información.
Trabajar en conjunto con los equipos de BI, Analytics y negocio para comprender y atender los requerimientos de datos.
Monitorear el rendimiento de los pipelines y resolver incidencias relacionadas con los procesos de datos.
Documentar arquitecturas, procesos y flujos de información.
Implementar buenas prácticas relacionadas con gobierno y gestión de datos.
Identificar oportunidades de mejora y optimización en la infraestructura y procesos de datos.
Beneficios
Ingreso a planilla completa desde el primer día.
EPS cubierta al 70%.
Todos los beneficios de ley.
Capacitaciones constantes.
Oportunidad de desarrollo y crecimiento profesional.
Participación en proyectos tecnológicos y de transformación digital.
Pertenecer a una empresa líder del sector retail.
📍 Lugar de trabajo: Surco – Av. El Derby
🕒 Modalidad: Presencial",2712,False,https://www.bumeran.com.pe/empleos/data-engineer-%7C-sql-avanzado-etl-cloud-integra-retail-s.a.c.-1118434426.html,2026-09-23 21:32
1118430306,Data Engineer,Inetum Perú,Ciencia e ingeniería de datos,data engineer,1,"Tecnología, Sistemas y Telecomunicaciones",Análisis de Datos,Senior,Híbrido,Full-time,Temporal,TEMPORARY,1,False,True,False,True,False,Lima,San Isidro,PE,"San Isidro, Lima, Peru",2026-09-04,2026-12-03,19,Actualizado hace 2 horas,,,,,,3.0,False,"SQL, Python, Spark, Databricks, Azure, ETL",6,True,True,False,False,False,False,False,False,False,False,False,True,True,False,True,False,False,False,True,False,False,True,1669060,https://www.bumeran.com.pe/perfiles/empresa_inetum-peru_1669060.html,Informática / Tecnología,"Miraflores, Lima",Entre 1001 y 5000 empleados,"Inetum es una compañía con 50 años de experiencia en el desarrollo de servicios IT a nivel internacional, con más de 27.000 expertos tecnólogos que acompañan a sus clientes en su proceso de digitalización, evaluando sus necesidades para diseñar las mejores estrategias del mercado.",,,,,,,,,"Actualmente nos encontramos en búsqueda de 01 QA Automatizador Senior para que se integre a nuestro equipo.
Requisitos
Profesional en Ingeniería de Sistemas, Computación, Informática o carreras afines.
Experiencia mínima de 3 años en el rol de Data Engineer o similares
Procesamiento distribuido con PySpark, SparkSQL, SQL y PL/SQL
Desarrollo en Python, Shell Scripting y manejo de Linux/Unix
Optimización de procesos y gestión de datos en Oracle, ADLS Gen2 y DBFS
Trabajo en Azure Databricks y Data Factory
Conocimiento en Azure SQL, Cosmos DB y Key Vault
Uso de formatos como Delta, Parquet, JSON y CSV
Herramientas como Jira, Jenkins, GitHub, y entornos como VS Code o Notebooks
Buen manejo de pipelines ETL/ELT, control de calidad de datos y metodologías ágiles
Beneficios
Incorporación a planilla con todos los beneficios de ley
Capacitaciones generales y específicas de acuerdo a tu especialidad
Actividades de integración y Wellness Programs
Descuentos corporativos en diversos establecimientos
Condiciones
Modalidad híbrida (2 días de asistencia presencial a la semana)
Lunes a Viernes de 9:00am a 6:00pm
Trabajo en La Molina o Chorrillos
Contrato inicial de 6 meses
Conoce más de nosotros en www.inetum.com/es o visita nuestras redes sociales como Inetum Perú para conocer más de nuestra cultura corporativa y metodologías de trabajo. ¡Te esperamos!
En Inetum promovemos la diversidad de género, origen étnico, nacionalidad, la inclusión de personas con discapacidad y/o habilidades diferentes mediante la igualdad de oportunidades en todos los procesos, y buscamos ampliar las oportunidades de desarrollo profesional.",1627,False,https://www.bumeran.com.pe/empleos/data-engineer-inetum-peru-1118430306.html,2026-09-23 21:32
1118427260,Data Engineer Senior,INDRA PERU,Ciencia e ingeniería de datos,data engineer,1,"Tecnología, Sistemas y Telecomunicaciones",Telecomunicaciones,Senior,Híbrido,Full-time,Temporal,TEMPORARY,2,True,False,False,True,False,Lima,San Isidro,PE,"San Isidro, Lima, Peru",2026-09-03,2026-12-02,20,Actualizado hace 3 horas,,,,,,2.0,False,"SQL, Python, Power BI, Qlik, ETL",5,True,True,False,True,False,False,True,False,False,False,False,False,False,False,False,False,False,False,True,False,False,False,2255030,https://www.bumeran.com.pe/perfiles/empresa_indra-peru_2255030.html,Informática / Tecnología,"Lima, Aguascalientes",Entre 1001 y 5000 empleados,"Somos una de las principales empresas globales de consultoría y tecnología y el socio tecnológico global para los negocios clave de nuestros clientes. Desarrollamos una oferta de soluciones propias, servicios avanzados y de alto valor añadido en tecnología.",,,,,,,,,"¡Sé parte de nuestro equipo!
El futuro se construye con talento. Y en Indra Group, estamos en búsqueda del tuyo.
Estamos en la búsqueda de un(a) DATA ENGINEER SENIOR con experiencia en experiencia de la posición.
Requisitos:
Bachiller universitarios o técnicos (egresados), de las carreras de Ing. informática, Ing. Sistemas, computer science, ing software.
Experiencia con ETL, Oracle PL/SQL, Hbase y MDM.
2 años de experiencia de Lenguaje PLSQL y Python nivel avanzado.
Experiencia en Base de Datos Oracle y PostgreSQL.
Experiencia en programación en shells Unix/Linux y herramientas NiFi y Airflow.
2 años de experiencia en análisis funcional y diseño de procesos.
Con conocimiento en herramientas de explotación como Power BI, Qlik.
Trabajo en equipo y enfoque en resultados.
Funciones:
Análizar, diseñary desarrollar pruebas unitarias y soporte en la etapa de certificación, asegurando la correcta implementación de las Automatizaciones solicitadas.
Aplicar la metodología de desarrollo previamente acordada con el cliente, garantizando el cumplimiento de los objetivos y plazos establecidos.
¿Qué ofrecemos?
Seguro EPS cubierto al 100%
Seguro Vida Ley
Programa de Certificaciones
Bienestar (psicólogo, nutricionista)
Descuentos corporativos
Acceso a plataforma de formación continua (Udemy)
Cultura colaborativa, oportunidades reales de crecimiento
Proyectos tecnológicos de gran escala en clientes líderes",1412,False,https://www.bumeran.com.pe/empleos/data-engineer-senior-indra-peru-1118427260.html,2026-09-23 21:32
1118426452,Azure Data Engineer/Provincia,NTT DATA,Ciencia e ingeniería de datos,data engineer,1,"Tecnología, Sistemas y Telecomunicaciones",Análisis de Datos,Semi Sr,Remoto,Full-time,Indeterminado,FULL_TIME,5,True,False,False,False,False,Arequipa,Arequipa,PE,"Arequipa, Arequipa, Peru",2026-09-02,2026-12-31,21,Actualizado hace 2 días,,,,,,4.0,False,"SQL, Python, Spark, Databricks, AWS, Azure, ETL",7,True,True,False,False,False,False,False,False,False,False,False,True,True,True,True,False,False,False,True,False,False,True,10006613,https://www.bumeran.com.pe/perfiles/empresa_ntt-data_10006613.html,Informática / Tecnología,"Lima, Lima",Entre 1001 y 5000 empleados,"Somos una consultora multinacional parte del grupo NTT DATA. Ofrecemos soluciones de negocio, estrategia, transformación digital, desarrollo y mantenimiento de aplicaciones tecnológicas y outsourcing.  Creamos valor y desarrollamos proyectos estratégicos y de alto impacto para nuestros clientes",3.3,3.4,3.0,3.4,3.0,3.0,2.6,18.0,"NTT DATA somos todas las personas que la formamos. Un equipo de más de 139.000 profesionales, tan diverso cómo diversos son los 50 países en los que estamos presentes y los diferentes sectores en los que desarrollamos nuestra actividad; telecomunicaciones, entidades financieras, industria, utilities, energía, administración pública y sanidad.
¿Nuestra misión? Ofrecer soluciones tecnológicas, de negocio, estrategia, desarrollo y mantenimiento de aplicaciones, siendo un referente en consultoría. Todo gracias a la colaboración entre equipos, la calidad humana de nuestra gente y a que no nos conformamos con lo establecido, buscamos siempre la innovación que nos acerca al futuro.
Nuestra esencia nos ha llevado a la vanguardia de la tecnología, a romper paradigmas y a brindar las soluciones que realmente se corresponden a las necesidades de cada cliente. Nuestro talento nos ha hecho poder decir con orgullo que somos una de las 6 empresas TOP de tecnologías en el mundo.
Te invitamos a formar parte de nuestro equipo, ocupando el cargo de: Azure Data Engineer
Requisitos:
Estudios técnicos y/o universitarios completos, en las carreras de Ingeniería de Sistemas, Informática, Ing. Industrial y/o afines.
Experiencia en BI/ETL y Cloud Computing +4 años
Experiencia de Databricks
Desarrollo de procesos Data sobre la nube Azure
Manejo de lenguaje de programación JAVA, .Net o similares.
Experiencia en BBDD: SQL / PLSQL / T SQL - Nivel: Intermedio
Desarrollo Lenguajes Sparksql / pyspark / python / scala
Experiencia en uso de Github y CI/CD, Jenkins
Residencia en cualquier provincia del Perú
Beneficios:
Inmejorable oportunidad de línea de carrera profesional en nuestra consultora líder en el mercado TI.
Bono de alimentación.
Descuentos corporativos.
Contrato indeterminado desde el primer día.
Permanente capacitación y certificaciones Microsoft y AWS.
EPS cubierta al 100% y Seguro Vida Ley desde el primer día de labor.
Seguro Oncológico al 100%.
“NTT DATA es un entorno inclusivo donde cada voz es escuchada y cada historia es valorada. Por eso, nuestro proceso de selección y reclutamiento se enfoca en identificar el talento sin distinción o sesgos relacionados con género, sexo, orientación sexual, discapacidad, edad u otras características personales”",2269,False,https://www.bumeran.com.pe/empleos/azure-data-engineer-provincia-ntt-data-1118426452.html,2026-09-23 21:32
1118425628,Data Engineer,Encora,Ciencia e ingeniería de datos,data engineer,1,"Tecnología, Sistemas y Telecomunicaciones",Otra,Semi Sr,Híbrido,Full-time,Indeterminado,,2,True,False,False,True,False,Lima,Surquillo,,"Surquillo, Lima, Peru",2026-09-02,,21,Actualizado hace 10 horas,,,,,,1.0,False,"SQL, Databricks, Azure, ETL",4,True,False,False,False,False,False,False,False,False,False,False,False,True,False,True,False,False,False,True,False,False,True,1527080,https://www.bumeran.com.pe/perfiles/empresa_encora_1527080.html,,,,,,,,,,,,,"Título del puesto: Data Engineer Semi Senior
Experiencia: +4 años de experiencia.
Ubicación: Lima, Perú
Modalidad: Híbrido 2-3 veces por semana asistencia a oficina en Surquillo
En Coforge estamos buscando un Data Engineer con el siguiente perfil.
Responsabilidades principales
Plantear mejoras prácticas de desarrollo de pipelines del tipo batch y real time, para garantizar la integridad, confidencialidad y disponibilidad de la información
Aplicar los procedimientos de pruebas de validación definido en el flujo de datos de la organización (pruebas unitarias, pruebas de stress, pruebas integrales)
Buscar la optimización constante en las consultas y procesos de integración
Informar oportunamente y coordinar la solución a los puntos críticos del proyecto que afecten y varíen las estimaciones planificadas
Participa activamente en el brainstorming, diseño de soluciones y priorización de frentes a analizar
Proponer soluciones y presentar los principales insights de los análisis y riesgos encontrados.
Fomentar el uso de buenas prácticas y estándares establecidos
Otros afines
Requisitos indispensables
Profesionales de Ingeniería de Sistemas, Ciencias de la Computación, Ingeniería de Software o carreras afines: con +4 años de experiencia en roles de Data Engineer.
Experiencia de al menos 1 año en desarrollo en Data Factory y Databricks de Azure
Experiencia de al menos 3 años en desarrollo de Paquetes y Procedimientos Almacenados de Oracle
Experiencia de al menos 3 años en construcción de Procesos ETL (con cualquier herramienta ETL)
Conocimiento básico en Modelamiento dimensional de DWH y DataLake
Experiencia sólida con SQL y PLSQL Oracle
Experiencia de +2 años en proyectos de Banca/Financieras
Conocimiento básico en modelamiento de bases de datos, 3ra Forma Normal
Conocimiento básico de Linux o Unix, ejecución de Shell script, administración de archivos, administración de permisos, etc.
Requisitos deseables
Conocimiento y experiencia en conceptos de CRM y proyectos de implementación de CRM
Certificaciones en Azure y/o Databricks
Publicado el: 23-09-2026
En Coforge, contratamos profesionales únicamente en función de sus habilidades y calificaciones, y no discriminamos en función de la edad, discapacidad, religión, género, orientación sexual, estado socioeconómico o nacionalidad.",2308,False,https://www.bumeran.com.pe/empleos/data-engineer-encora-1118425628.html,2026-09-23 21:32
1118425526,Data Scientist - Provincia,NTT DATA,Ciencia e ingeniería de datos,data scientist,1,"Tecnología, Sistemas y Telecomunicaciones",Tecnologia / Sistemas,Semi Sr,Remoto,Full-time,Indeterminado,FULL_TIME,3,True,False,False,False,False,La Libertad,Trujillo,PE,"Trujillo, La Libertad, Peru",2026-09-02,2026-12-31,21,Publicado hace más de 15 días,,,,,,4.0,False,"SQL, Python, Spark, Databricks, Azure, Machine Learning",6,True,True,False,False,False,False,False,False,False,False,False,True,True,False,True,False,False,False,False,True,False,True,10006613,https://www.bumeran.com.pe/perfiles/empresa_ntt-data_10006613.html,Informática / Tecnología,"Lima, Lima",Entre 1001 y 5000 empleados,"Somos una consultora multinacional parte del grupo NTT DATA. Ofrecemos soluciones de negocio, estrategia, transformación digital, desarrollo y mantenimiento de aplicaciones tecnológicas y outsourcing.  Creamos valor y desarrollamos proyectos estratégicos y de alto impacto para nuestros clientes",3.3,3.4,3.0,3.4,3.0,3.0,2.6,18.0,"Somos NTT DATA, la empresa de servicios TI más grande del mundo, contamos con más de 140.000 profesionales y operamos en más de 50 países. Brindamos soluciones de negocio, estrategia, desarrollo y mantenimiento de aplicaciones tecnológicas y outsourcing.
Queremos seguir construyendo un entorno único de colaboración, creativo, cercano y generoso; que nos permita seguir evolucionando juntos, como comunidad y como sociedad, prosperando en un día a día lleno de nuevas y mejores posibilidades.
Estas a un paso de ser un Digital Lover, te invitamos a revisar la vacante Data Scientist y vivir esta experiencia:
RESPONSABILIDADES:
Desarrollar e implementar modelos estadísticos y de Machine Learning para resolver problemas de negocio.
Construir y mantener pipelines de datos utilizando Kedro, incluyendo nodes y pipelines.
Trabajar con Python, SQL/PLSQL y herramientas del ecosistema Data Science.
Aplicar técnicas de análisis, modelamiento y visualización de datos.
Utilizar herramientas como Scikit-learn, Pandas, NumPy, SHAP, SciPy, MLflow, Matplotlib y Seaborn.
Participar en el despliegue, monitoreo y mejora de modelos en ambientes productivos.
Desarrollar soluciones de MLOps, automatizando procesos de entrenamiento, despliegue y reentrenamiento.
Trabajar con datos y soluciones en entornos Cloud, Big Data y Machine Learning.
Generar modelos de forecasting y análisis predictivo según las necesidades del proyecto.
CONOCIMIENTOS REQUERIDOS:
Formación universitaria en Estadística, Sistemas, Matemáticas, Economía, Ingeniería de Información, Data Science o carreras afines.
Mínimo 4 años de experiencia como Data Scientist, Consultor, Analytics Translator o Data Science Translator.
Experiencia desarrollando modelos estadísticos y de Machine Learning.
Conocimientos de Python a nivel intermedio.
Conocimientos de SQL o PL/SQL a nivel intermedio.
Experiencia con librerías de análisis y Machine Learning como Pandas, NumPy y Scikit-learn.
Conocimientos de MLflow y MLOps.
Experiencia trabajando con grandes volúmenes de datos y soluciones de analítica.
DESEABLE:
Experiencia en CRM, campañas y personalización.
Experiencia en el sector bancario.
Conocimientos de Azure, Azure ML, GitHub y Databricks.
Experiencia con Big Data y Spark.
Conocimientos de optimización lineal.
Experiencia en forecasting y modelos de series de tiempo.
Conocimientos de despliegue y monitoreo de modelos en producción.
BENEFICIOS:
Crecimiento profesional y línea de carrera en una consultora líder en tecnología.
Capacitación constante y formación profesional.
Participación en proyectos de impacto nacional e internacional.
Beneficios corporativos.
Contrato indeterminado desde el primer día.
Ingreso a planilla con todos los beneficios de ley.
EPS cubierta al 100% y Seguro Vida Ley desde el inicio.
Bono de alimentación.
¡Sé parte de NTT DATA y acompáñanos a seguir impulsando la transformación digital!
“NTT DATA es un entorno inclusivo donde cada voz es escuchada y cada historia es valorada. Por eso, nuestro proceso de selección y reclutamiento se enfoca en identificar el talento sin distinción o sesgos relacionados con género, sexo, orientación sexual, discapacidad, edad u otras características personales”",3202,False,https://www.bumeran.com.pe/empleos/data-scientist-provincia-ntt-data-1118425526.html,2026-09-23 21:32
1118423963,Data Engineer Ssr - Azure,INDRA PERU,Ciencia e ingeniería de datos,data engineer,1,"Tecnología, Sistemas y Telecomunicaciones",Análisis de Datos,Semi Sr,Híbrido,Full-time,Indeterminado,FULL_TIME,2,True,True,False,True,False,Lima,Lima,PE,"Lima, Lima, Peru",2026-09-01,2026-11-30,22,Actualizado hace 12 horas,,,,,,2.0,False,"Python, Spark, Databricks, Azure",4,False,True,False,False,False,False,False,False,False,False,False,True,True,False,True,False,False,False,False,False,False,False,2255030,https://www.bumeran.com.pe/perfiles/empresa_indra-peru_2255030.html,Informática / Tecnología,"Lima, Aguascalientes",Entre 1001 y 5000 empleados,"Somos una de las principales empresas globales de consultoría y tecnología y el socio tecnológico global para los negocios clave de nuestros clientes. Desarrollamos una oferta de soluciones propias, servicios avanzados y de alto valor añadido en tecnología.",,,,,,,,,"¡Sé parte de nuestro equipo! More digital. More human. More Minsait.
Somos una empresa líder global de tecnología y consultoría digital que conecta personas, tecnología y negocios para generar crecimiento, transformación e impacto positivo y sostenible. El futuro se construye con talento. Y en Indra Group, estamos en la búsqueda de un: Data Engineer (Azure/Databricks):
Requisitos:
Desarrollador especializado en las tecnologías requeridas a nivel intermedio de 2 a 3 años de experiencia.
Lenguajes: Pyspark, PlSQL, Python.
Plataformas: Databricks
Consumo/Almacenamiento: Oracle
Herramientas/Componentes: Jira, Jenkins, Git
Nube: Azure
Generales: Metodología Scrum/Agile.
Beneficios:
🚑 EPS al 100%
Contrato Indeterminado.
Bonos adicionales.
📚 Acceso total a Udemy para seguir aprendiendo
🔖 Descuentos corporativos exclusivos
💆 Asesorías virtuales con psicólogo y nutricionista
💻Modalidad híbrida.
Horario de trabajo: De lunes a viernes de 9:00am a 6:00pm",956,False,https://www.bumeran.com.pe/empleos/data-engineer-ssr-azure-indra-peru-1118423963.html,2026-09-23 21:32
1118421041,Data Engineer/Ingeniero de Datos,INDRA PERU,Ciencia e ingeniería de datos,ingeniero de datos; data engineer,2,"Tecnología, Sistemas y Telecomunicaciones",Tecnologia / Sistemas,Semi Sr,Híbrido,Full-time,Indeterminado,FULL_TIME,1,False,False,False,False,False,Lima,San Isidro,PE,"San Isidro, Lima, Peru",2026-08-28,2026-11-26,26,Actualizado ayer,,,,,,3.0,False,"SQL, Python, Spark, AWS, Azure, Google Cloud, ETL",7,True,True,False,False,False,False,False,False,False,False,False,True,False,True,True,True,False,False,True,False,False,False,2255030,https://www.bumeran.com.pe/perfiles/empresa_indra-peru_2255030.html,Informática / Tecnología,"Lima, Aguascalientes",Entre 1001 y 5000 empleados,"Somos una de las principales empresas globales de consultoría y tecnología y el socio tecnológico global para los negocios clave de nuestros clientes. Desarrollamos una oferta de soluciones propias, servicios avanzados y de alto valor añadido en tecnología.",,,,,,,,,"Estamos en la búsqueda de este puesto para que sea nuestro representante frente a una empresa del rubro bancario.
🎯 ¿Qué buscamos en ti?
Profesional universitario o técnico de Ingeniería de Sistemas, Informática o carreras afines.
Experiencia de 3 años a más como Ingeniero de Datos
Conocimientos asociados o requisitos:
Ingeniería de datos: SQL avanzado, modelado de datos relacional y analítico, ETL/ELT, pipelines batch y streaming.
Programación: Python.
Plataformas y arquitectura de datos: data lakes, data warehouses, Spark, Airflow. Teradata.
Cloud computing: servicios de almacenamiento, cómputo y bases de datos en AWS, Azure o GCP.
Calidad, seguridad y gobierno de datos: validaciones de calidad, control de accesos, encriptación, auditoría, trazabilidad y gobernanza.
Dominio financiero: datos transaccionales, contables y de clientes, manejo de información sensible y regulada.
Funciones del puesto:
Diseñar, construir y mantener pipelines de datos (batch y tiempo real).
Integrar datos desde sistemas financieros y transaccionales.
Asegurar la calidad, consistencia e integridad de los datos.
Implementar seguridad, control de accesos y cumplimiento regulatorio.
Mantener data lakes y data warehouses escalables y eficientes.
Preparar datos para reportes, BI, analítica y modelos de riesgo/fraude.
Automatizar procesos y optimizar performance y costos.
💡 Beneficios exclusivos
Horario: Lunes a Viernes de 9:00 am a 6:30 pm
Modelo de trabajo: Híbrido-1 vez a la semana.
EPS cubierto al 100% en Plan Base
Udemy acceso total
Línea de Carrera
Kit ergonómico para laborar desde casa
¡Ven y únete a INDRA!",1612,False,https://www.bumeran.com.pe/empleos/data-engineer-ingeniero-de-datos-indra-peru-1118421041.html,2026-09-23 21:32
1118419560,Integrador de Datos/ Ingeniero de datos jr,Protiviti Perú,Ciencia e ingeniería de datos,ingeniero de datos,1,"Tecnología, Sistemas y Telecomunicaciones",Data Entry,Junior,Presencial,Full-time,Autónomo,CONTRACTOR,1,False,False,False,False,False,Lima,San Isidro,PE,"San Isidro, Lima, Peru",2026-08-27,2026-11-25,27,Actualizado hace 13 días,,,,,,2.0,False,"SQL, Python, Power BI, Excel, ETL",5,True,True,False,True,True,False,False,False,False,False,False,False,False,False,False,False,False,False,True,False,False,True,2508460,https://www.bumeran.com.pe/perfiles/empresa_protiviti-peru_2508460.html,Consultoría,"SAN ISIDRO, Lima",Entre 301 y 500 empleados,"Protiviti (www.protiviti.com) es una firma global de consultoría, que ayuda a las empresas de todo el mundo a identificar, medir y navegar por sus oportunidades y riesgos, dentro de sus industrias y a lo largo de sus sistemas, procesos y operaciones. Ha trabajado con más del 60% de las Fortune 1000® y el 35% de las Fortune Global 500®. Protiviti y sus firmas miembro prestan servicios a clientes a través de una red de más de 70 oficinas en más de 25 países. Rankeados en el puesto 57 en la lista de las 100 Best Companies to Work For® de Fortune en el 2016.",4.2,3.6,3.9,3.6,3.5,3.7,3.9,5.0,"Buscamos un(a) Integrador de Datos responsable de integrar, transformar y modelar datos provenientes de diversas fuentes, asegurando la disponibilidad de información confiable para la generación de indicadores, análisis del negocio para nuestro cliente ON EMPRESAS.
Este rol es clave para construir la infraestructura de datos que soporta la analítica de la organización: pipelines ETL, modelado de bases de datos y automatización de procesos.
Principales funciones
Levantar requerimientos e identificar indicadores, métricas y dimensiones del negocio.
Analizar y documentar las diferentes fuentes de información.
Desarrollar procesos ETL para la integración y carga de datos mediante SSIS.
Programar soluciones de integración de datos utilizando Python.
Desarrollar y optimizar procedimientos, funciones y jobs en SQL Server.
Elaborar diccionarios de datos.
Diseñar modelos de datos multidimensionales y estructuras de bases de datos.
Desarrollar dashboards e informes en Power BI (deseable).
Administrar y desarrollar soluciones con SSIS, SSAS y SSRS.
Realizar tuning y optimización de bases de datos (no excluyente).
Requisitos
Profesional universitario de Ingeniería de Sistemas, Ingeniería Informática o carreras afines.
Experiencia mínima de 2 años en posiciones similares.
Conocimientos avanzados en:
SQL Server (2012 en adelante).
Transact-SQL (stored procedures, funciones y jobs).
SSIS, SSAS y SSRS.
Power BI (Power Query y DAX).
Python para procesos ETL.
Excel avanzado.
Datos de la posición
Proyecto: 3 meses (renovable)
Modalidad: Presencial
Ubicación: Av. Gálvez Barrenechea– San Isidro
Horario: Lunes a viernes de 9:00 a.m. a 6:00 p.m.
Planilla con todos los beneficios de ley
EPS cubierto parcialmente
Equipo Corporativo",1736,False,https://www.bumeran.com.pe/empleos/integrador-de-datos-ingeniero-de-datos-jr-protiviti-peru-1118419560.html,2026-09-23 21:32
1118417722,Especialista en Ciencias de Datos IA,PONTIFICIA UNIVERSIDAD CATOLICA DEL PERU (PUCP),Ciencia e ingeniería de datos,ciencia de datos,1,"Tecnología, Sistemas y Telecomunicaciones",Análisis de Datos,Semi Sr,Presencial,Full-time,Temporal,TEMPORARY,1,False,False,False,False,False,Lima,San Miguel,PE,"San Miguel, Lima, Peru",2026-08-26,2026-11-24,28,Actualizado hace 7 días,,,,,,1.0,True,"SQL, Python, R, Power BI, Excel, Tableau, Looker, Google Cloud, Machine Learning",9,True,True,True,True,True,True,False,True,False,False,False,False,False,False,False,True,False,False,False,True,False,True,1722920,https://www.bumeran.com.pe/perfiles/empresa_pontificia-universidad-catolica-del-peru-pucp_1722920.html,Educación,"San Miguel, Lima",Entre 1001 y 5000 empleados,"La Pontificia Universidad Católica del Perú es la N°1 del país, la N°10 de América Latina y N°336 a nivel global (según el Ranking Mundial QS 2024). Esta ubicación es un reconocimiento a la calidad de nuestra formación, investigaciones, publicaciones, responsabilidad social, aporte a la cultura, e innegable liderazgo académico e institucional. Además, es un logro de quienes integramos esta casa de estudios: profesores, estudiantes, trabajadores y egresados. 

Misión: somos una comunidad académica plural y tolerante, inspirada en principios éticos, democráticos y católicos. Ofrecemos una formación humanista, científica e integral de excelencia. Contribuimos a ampliar el saber mediante investigaciones e innovaciones de nivel internacional. Promovemos la creación y difusión de cultura y arte, reconociendo la naturaleza multicultural del país. Nos vinculamos de manera efectiva y permanente con la sociedad y el entorno, reconociendo la diversidad del país y asumiendo su compromiso con el de",3.3,3.2,3.2,3.0,2.8,2.9,3.1,31.0,"Por encargo de la Dirección de Comunicación Institucional nos encontramos en búsqueda de 1 Especialista Ciencia Datos IA que cumpla con el siguiente perfil:
Misión del puesto:
Conducir la estrategia de gestión, análisis y aplicación de datos institucionales, tanto internos como externos, para generar conocimiento accionable que impulse la toma de decisiones estratégicas asociadas a los canales e infraestructura de comunicación digital de la Universidad (CRMs, sistemas omnicanal, páginas web, email marketing, redes sociales, sistemas de analítica e infraestructura en la nube), para la mejora continua de procesos, la personalización de experiencias y el fortalecimiento del posicionamiento de la universidad.
Funciones:
Diseñar, implementar y mantener modelos de analítica avanzada, minería de datos y aprendizaje automático (machine learning) que contribuyan a la toma de decisiones estratégicas relacionadas con la comunicación interna, análisis del comportamiento digital y mejora continua de la calidad de los servicios institucionales.
Diseñar, implementar y mantener soluciones de chatbot basadas en inteligencia artificial, contribuyendo a la automatización y optimización de la atención y comunicación digital, mediante la definición de flujos conversacionales, gestión y actualización de contenidos, monitoreo de desempeño y mejora continua de la experiencia de los usuarios, en coordinación con las áreas responsables.
Integrar, depurar y gestionar grandes volúmenes de datos internos y externos, provenientes de plataformas académicas, digitales, de comunicación y de redes sociales, asegurando la calidad, trazabilidad, consistencia y seguridad de la información utilizada.
Desarrollar dashboards interactivos, visualizaciones dinámicas y reportes ejecutivos, utilizando herramientas como Power BI, Tableau, Google Data Studio o Looker Studio, para facilitar el seguimiento de indicadores clave y el monitoreo de resultados institucionales de los procesos de comunicación digital.
Aplicar e impulsar técnicas de inteligencia artificial, análisis predictivo y cencia de datos, para anticipar comportamientos, optimizar procesos, personalizar experiencias y mejorar la calidad del servicio, utilizando modelos generativos, NLP (procesamiento de lenguaje natural), análisis de sentimientos y sistemas de recomendación aplicados a distintos públicos de interés.
Elaborar estudios comparativos, benchmarks y análisis del entorno competitivo, utilizando datos externos (rankings universitarios, tendencias de búsqueda, estudios sectoriales, percepciones del público) con el objetivo de contribuir al posicionamiento y la diferenciación de la universidad en el ecosistema local e internacional.
Colaborar con áreas académicas, de comunicación, tecnología, investigación y planificación, identificando oportunidades de mejora en temas de marketing digital y diseñando soluciones basadas en datos que respondan tanto a necesidades internas como a objetivos de visibilidad y reputación externa.
Asegurar la gobernanza y el uso ético de los datos, promoviendo buenas prácticas en la gestión de metadatos, trazabilidad, estándares institucionales y cumplimiento de normativas de privacidad, especialmente frente al uso de modelos de IA.
Explorar y aplicar nuevas tecnologías, lenguajes de programación y frameworks de análisis e inteligencia artificial (Python, R, SQL, TensorFlow, PyTorch, BigQuery, entre otros), evaluando su pertinencia y utilidad dentro del ecosistema digital universitario.
Realizar otras funciones afines o complementarias que le sean designadas por su superior inmediato.
Requerimientos:
Profesional en Gestión, Administración, Ingeniería Industrial o Ingeniería Informática.
Experiencia de 2 años en el área de TI, comercial, comunicaciones (indispensable).
Experiencia de 2 años como Analista en posiciones similares (indispensable).
Experiencia de 1 año en el sector educación (deseable).
Inglés Intermedio.
Excel avanzado (tablas dinámicas, manejo, creación de indicadores y gestión de bases de datos: importación, limpieza y normalización de datos).
Gestión y soporte de plataformas de mensajería por correo y SMS (Infobip o similares) avanzado.
Power BI / Looker Studio u otras herramientas similares (Herramienta estadística y de visualización de datos) avanzado
Implementación de encuestas masivas (filtrados, cruces y análisis de datos) avanzado.
Implementación de chatbots (diseño de flujos, automatización, gestión y monitoreo) avanzado.
Integración de Plataformas Intermedio.
Experiencia en investigación de mercado (estudios cuantitativos)BásicoAnalítica digital web (Looker Studio) básico.
Gestión de CRM (Hubspot o Salesforce) básico.",4679,False,https://www.bumeran.com.pe/empleos/especialista-en-ciencias-de-datos-ia-pontificia-universidad-catolica-del-peru-pucp-1118417722.html,2026-09-23 21:32
1118416423,"Ingeniero(a) de Automatización, Datos e IA",HELPNET PERU S.A.C.,Ciencia e ingeniería de datos,ingeniero de datos,1,"Tecnología, Sistemas y Telecomunicaciones",Análisis de Datos,Junior,Presencial,Full-time,Indeterminado,FULL_TIME,3,True,False,False,False,False,San Martín,San Martín,PE,"San Martín, San Martín, Peru",2026-08-25,2026-12-23,29,Actualizado hace 5 días,,,,,,1.0,False,"SQL, Python, Power BI, Excel",4,True,True,False,True,True,False,False,False,False,False,False,False,False,False,False,False,False,False,False,False,False,True,13053948,https://www.bumeran.com.pe/perfiles/empresa_helpnet-peru-s.a.c._13053948.html,Consultoría,"Miraflores, Lima",Entre 1001 y 5000 empleados,"Somos una empresa internacional, parte de un holding multinacional japonés con más de 28 años de experiencia en soluciones de outsourcing de Recursos Humanos, con presencia en más de 30 países y el respaldo de 12.000 colaboradores en los cinco continentes. Brindamos una oferta única de soluciones integrales en RR.HH. a lo largo de toda su cadena de valor, sumado a los más altos estándares de calidad en el mercado. Nos consolidamos como un referente internacional en servicios de Tercerización de personal, RPO, Hunting, Technology, entre otros. Nuestro compromiso es optimizar procesos, potenciar el talento y maximizar la productividad de las organizaciones, impulsando la competitividad y el crecimiento sostenible de nuestros clientes.",,,,,,,,,"Importante empresa se encuentra en búsqueda de un(a) Ingeniero(a) de Automatización, Datos e IA
Responsable de administrar y brindar soporte al sistema ERP de la empresa, gestionando la creación y mantención de clientes, productos y datos maestros. Asimismo, deberá entregar soporte a los usuarios del sistema y participar activamente en iniciativas de mejora de procesos.
Funciones
Gestión y mantención de bases de datos y registros operativos, velando por la calidad, consistencia, oportunidad y trazabilidad de la información mediante Excel, Power Apps y otras herramientas digitales. También deberá generar, depurar y analizar información de gestión, desarrollando y actualizando reportes y dashboards en Power BI que permitan monitorear indicadores y apoyar la toma de decisiones.
Identificar oportunidades de eficiencia y optimización, proponiendo mejoras que contribuyan a simplificar actividades, reducir errores y disminuir tiempos de ejecución.
Además, participará en proyectos de automatización, transformación digital e inteligencia artificial, explorando y desarrollando casos de uso mediante herramientas como Power BI, Power Automate, Microsoft Copilot y Harvey, orientados a mejorar flujos de trabajo y generar eficiencias operativas.
Detectar y alertar oportunamente inconsistencias, información faltante o situaciones que puedan representar riesgos para la operación, aplicando criterio analítico y escalando los casos que requieran revisión o validación especializada.
Requisitos:
Estudiante de últimos ciclos, egresado(a) o bachiller de Ingeniería de Sistemas, Ingeniería de Datos, Ingeniería Informática o carreras afines. Conocimiento indispensable de SQL y Python.
Manejo de Excel a nivel avanzado.
Experiencia en gestión y análisis de datos.
Manejo de Power BI mediante experiencia o certificación.
Conocimientos en automatización de procesos.
Experiencia mínima de 6 meses a 1 año en posiciones similares.
Condiciones:
Renta entre S/ 2,000 y S/ 2,500. Jornada laboral de lunes a viernes de 8:00 a.m. a 6:00 p.m. y sábados de 8:00 a.m. a 1:00 p.m. Modalidad presencial.
Si buscas desarrollarte en proyectos vinculados a datos, automatización e inteligencia artificial, esta es tu oportunidad para formar parte de un equipo orientado a la innovación y mejora continua.",2291,False,https://www.bumeran.com.pe/empleos/ingenieroa-de-automatizacion-datos-e-ia-helpnet-peru-s.a.c.-1118416423.html,2026-09-23 21:32
1118414515,Ingeniero de Datos - Calidad e Ingeniería de Datos,PANDERO S.A. EAFC,Ciencia e ingeniería de datos,ingeniero de datos,1,"Tecnología, Sistemas y Telecomunicaciones",Análisis de Datos,Semi Sr,Presencial,Full-time,Indeterminado,FULL_TIME,1,False,False,False,False,False,Lima,San Isidro,PE,"San Isidro, Lima, Peru",2026-08-24,2026-11-22,30,Actualizado hace 5 días,,,,,,2.0,False,"SQL, Python, R, Power BI, Qlik, Spark, Databricks, AWS, Google Cloud, ETL",10,True,True,True,True,False,False,True,False,False,False,False,True,True,True,False,True,False,False,True,False,False,True,1589800,https://www.bumeran.com.pe/perfiles/empresa_pandero-s.a.-eafc_1589800.html,Automotriz,"SAN ISIDRO, Lima",Entre 301 y 500 empleados,"Pandero S.A. es una empresa administradora de fondos colectivos con 50 años en el mercado y supervisada por la Superintendencia del Mercado de Valores (SMV). Ha entregado más de 90,000 vehículos nuevos y cuenta con más de 35,000 clientes activos que buscan cumplir el sueño del auto o inmueble nuevo.",4.1,4.0,3.8,4.1,3.8,3.9,3.7,12.0,"Mision: Garantizar la calidad, integridad y disponibilidad de los activos de información, actuando como el puente técnico-operativo entre las políticas de gobierno y el uso diario de los datos. Su objetivo es transformar datos ""crudos"" en activos gobernados que cumplan con los estándares de la organización.
Funciones:
Ejecutar procesos de perfilamiento de datos (data profiling) y diagnósticos de consistencia en las fuentes de origen.
Definir y configurar reglas de calidad y validación (completitud, unicidad, precisión, vigencia) en las herramientas de gobierno.
Documentar y mantener actualizado el catálogo de metadatos y el linaje de los activos de información críticos.
Colaborar con los Data Stewards (Custodios de datos) en la definición de planes de limpieza y remediación de datos erróneos.
Monitorear el cumplimiento de los acuerdos de nivel de calidad de datos entre el bloque de gobierno y las áreas de negocio.
Conocimientos y Experiencia:
Formación básica: Profesional Universitario de la carrera de Ingeniería de Sistemas.
Especialización: Business Intelligence / Gobierno de Datos
Lenguaje SQL (Modelado, Desarrollo, Consultas) : Avanzado. Lenguajes para DataScience (Python, R): Formado. Conocimientos de BBDD relacionales y NoSQL: Formado. Tecnologías para Data Blending, Integration (Alteryx, Knime, Orange, RapidMinner): Formado. Tecnologías Data Visualization & BI (Qliksense, DBxtra, PowerBI, Google DataStudio): Formado. Tecnologías Cloud Data (Google BigQuery, DataPrep, DataProc, Dataflow): Formado. Gestión de proyectos de Data y Analítica: Formado. Business Intelligence (ETL, DataQuality, DataBlending, Data Visualization, KPI's, Metricas): Formado. Big Data Architecture (Cloud GCP/AWS, Databricks, Datafactory, Data warehousing, DataLake, ETL tools, Spark, Python, DeltaLake): Formado.
Experiencia previa: De 2 a 4 años.",1854,False,https://www.bumeran.com.pe/empleos/ingeniero-de-datos-calidad-e-ingenieria-de-datos-pandero-s.a.-eafc-1118414515.html,2026-09-23 21:32
1118412555,"Ingeniero de Datos/ SQL, PYTHON, ETL/ Temporal/ San Isidro",ManpowerGroup Perú,Ciencia e ingeniería de datos,ingeniero de datos,1,Ingenierías,Otras Ingenierias,Semi Sr,Presencial,Full-time,Temporal,TEMPORARY,1,False,False,False,False,False,Lima,San Isidro,PE,"San Isidro, Lima, Peru",2026-08-21,2026-11-19,33,Actualizado hace más de 15 días,,,,,,3.0,False,"SQL, Python, Power BI, Databricks, Azure, Snowflake, ETL",7,True,True,False,True,False,False,False,False,False,False,False,False,True,False,True,False,False,True,True,False,False,True,10011970,https://www.bumeran.com.pe/perfiles/empresa_manpowergroup-peru_10011970.html,Consultoría,"Lima, Lima",Entre 1001 y 5000 empleados,"En ManpowerGroup creemos en las personas y en el papel que representa el trabajo en sus vidas. Además, creemos en la importancia de impulsar el talento para favorecer el crecimiento personal y profesional.

Somos líder mundial en soluciones para la fuerza laboral, ayudando a las organizaciones a transformarse en un mundo laboral que cambia rápidamente mediante la búsqueda, evaluación, desarrollo y gestión del talento. Desarrollamos soluciones innovadoras para cientos de miles de organizaciones cada año, brindándoles talento calificado mientras encontramos empleo significativo y sostenible para millones de personas en una amplia gama de industrias. 

Nuestra familia de marcas expertas (Manpower, Experis y Talent Solutions) crea mucho más valor para nuestros candidatos en más de 70 países, durante 75 años a nivel global y 29 años a nivel nacional.

Anímate a dejar huella con nosotros ¡Únete a la compañía que impulsa tu Talento!",3.8,3.8,3.6,3.8,3.6,3.6,3.7,193.0,"En Manpower Perú buscamos al mejor talento para asumir un nuevo reto laboral como Ingeniero de Datos para empresa reconocida en sector Automotriz en la ciudad de Lima.
Requisitos:
Bachiller universitario de Ingeniería de sistemas, informática o carreras afines.
Especialización de un curso ingenieria de datos o análisis (deseable).
Experiencia 5 años de experiencia en general y 3 años de experiencia como ingeniero de datos, analista de datos. Deseable sector banca o similares.
Manejo de SQL, Procesos ETL, Power BI, Python, nivel avanzando.
Conocimiento en administración de bases de datos y servidores (indispensable).
Conocimiento en gestión de datos en la nube (Snowflake, Azure, Databricks, otros). (indispensable).
Disponibilidad para laborar de manera presencial en San Isidro de lunes a viernes de 9am 6pm.
Funciones:
Desarrollar procesos de extracción, transformación y carga de datos (ETL/ELT) desde fuentes internas y externas: Contribuir a la confiabilidad de los datos, manteniendo su calidad y coherencia, de acuerdo con los lineamientos definidos por el área.
Construir y mantener pipelines de datos en la plataforma corporativa, considerando reglas de transformación, homologación y validación: Asegurar la continuidad operativa de los flujos de datos y reducir procesos manuales o dependencias no escalables.
Monitorear la ejecución de cargas, integraciones y procesos de transformación de datos, identificando errores, reprocesos o desviaciones: Prevenir incidentes que afecten la disponibilidad, integridad, calidad o trazabilidad de la información.
Implementar controles de calidad de datos definidos por el área, incluyendo validaciones de consistencia, completitud, duplicidad y conciliación: Contribuir a que los datos utilizados por negocio, reportes y modelos analíticos cumplan estándares mínimos de calidad.
Desarrollar y mantener modelos analíticos, datamarts y datasets orientados al consumo de usuarios, analistas, científicos de datos y soluciones de IA: Facilitar el acceso oportuno a información estructurada y reutilizable para la toma de decisiones y generación de valor.
Optimizar consultas SQL, transformaciones y procesos de procesamiento de información bajo los lineamientos técnicos definidos: Mejorar el rendimiento, eficiencia y escalabilidad de los activos de datos administrados por el área.
Documentar procesos, modelos, fuentes, reglas de negocio, diccionarios técnicos, incidencias y cambios asociados a los activos de datos: Mantener trazabilidad, continuidad operativa y conocimiento documentado para soporte, auditoría y gestión del cambio.
Atender requerimientos de información coordinando con usuarios, analistas de negocio, científicos de datos, aplicaciones e infraestructura cuando corresponda: Asegurar que las soluciones de datos respondan a necesidades priorizadas del negocio y se implementen de forma coordinada.
Apoyar en la operación de componentes asignados de la plataforma de datos, sin asumir funciones de arquitectura corporativa ni administración integral de infraestructura: Contribuir a la estabilidad operativa de la plataforma dentro del alcance técnico del puesto.
Otras funciones similares a las anteriormente descritas que sean indicadas por el superior jerárquico, en función de las necesidades del área/unidad: Garantizar el cumplimiento de los objetivos del área dentro del alcance de responsabilidades del puesto.
Coordinar con áreas usuarias y equipos tecnológicos la atención de requerimientos relacionados con datos.
Identificar oportunidades de automatización, optimización y mejora continua en procesos de integración y transformación de datos.
Participar en proyectos corporativos de datos, analítica e inteligencia artificial, asegurando la disponibilidad de información requerida.
Generar alertas tempranas sobre riesgos de calidad, disponibilidad, integridad o trazabilidad de la información.
Proponer mejoras técnicas dentro del alcance operativo del rol y bajo los lineamientos del Especialista/Coordinador.
Beneficios:
Planilla de Manpower con todos los beneficios sociales de ley.
EPS cubierta al 75%.
Tarjeta de alimentos.
Contrato temporal de 6 meses.
Únete a una empresa líder a nivel global.
Disfruta de beneficios corporativos como descuentos especiales, acceso a actividades.
En Manpower Perú, promovemos la inclusión e inserción laboral sin distinción por razón de discapacidad, género, orientación, identidad y expresión de género, lugar de origen o generación. Por ello ¡Todos los talentos son bienvenidos!",4510,False,https://www.bumeran.com.pe/empleos/ingeniero-de-datos-sql-python-etl-temporal-san-isidro-manpowergroup-peru-1118412555.html,2026-09-23 21:32
1118412218,Senior Data Scientist ACOE - Sede Lima,Caja Arequipa,Ciencia e ingeniería de datos,data scientist,1,"Tecnología, Sistemas y Telecomunicaciones",Análisis de Datos,Senior,Presencial,Full-time,Indeterminado,FULL_TIME,1,False,True,False,False,False,Lima,Lima,PE,"Lima, Lima, Peru",2026-08-21,2026-11-19,33,Actualizado hace 9 días,,,,,,1.0,False,"SQL, Python, R, Power BI, AWS, Machine Learning",6,True,True,True,True,False,False,False,False,False,False,False,False,False,True,False,False,False,False,False,True,False,True,2222560,https://www.bumeran.com.pe/perfiles/empresa_caja-arequipa_2222560.html,Banca / Financiera,"Arequipa, Arequipa",Entre 1001 y 5000 empleados,"En Caja Arequipa trabajamos con un propósito claro: transformar la vida de miles de emprendedores y familias en todo el país. Somos un equipo comprometido, cercano y enfocado en generar impacto real a través de nuestro trabajo.",3.9,3.7,3.5,3.9,3.9,3.6,3.7,83.0,"¡Supérate en Caja Arequipa!, si buscas potenciar tu talento y formar parte del equipo que está revolucionando el mundo de las microfinanzas; te invitamos a postular al puesto de Senior Data Scientist ACOE y supérate en la caja líder del país.
¿Qué necesitas para postular?:
Bachiller y/o titulado de las carreras de Ciencias: matemática, estadística, economía o afines.
Deseable con maestría o especialización en estadística, ciencia de datos o informática
2 años de experiencia, desempeñándose en cargos como analista de datos y/o científico de datos.
1 año de experiencia trabajo en equipo de ciencia de datos, construcción de modelos financieros.
Dominio de SQL y Oracle a nivel intermedio
Dominio de Python y R a nivel intermedio
Manejo de Power BI (Deseable)
Manejo de AWS (Deseable)
¿Cuáles serán tus tareas?:
Explorar de forma continua nuevas fuentes de información que generan valor y sean accionables.
Liderar y trabajar con los ingenieros de datos el gran tablón de variables
Encontrar patrones de comportamiento de clientes en grandes volúmenes de datos transaccionales y no transaccionales a través de modelos predictivos, apoyando en la revisión de propuestas identificadas para su presentación al negocio.
Ser el encargado de soluciones analíticas end to end.
Liderar la traducción de las necesidades del negocio en un planteamiento de solución con modelos analíticos.
Construir, calibrar, validar y actualizar los Modelos Machine Learning.
Ser el encargado y administrador de la fábrica de modelos.
Supervisar e implementar soluciones analíticas enfocadas en cliente.
Qué beneficios tenemos para ti:
Oportunidad de incorporarte a una empresa que cuenta con la certificación de ABE (Asociación de Buenos Empleadores), estamos en el top five en el ranking Merco Talento para captar y retener talento dentro del sector financiero y estamos dentro de las 100 mejores empresas con responsabilidad social- Merco Talento, contamos con certificación ASA con calificación A-
Oportunidad de hacer línea de carrera en el sector financiero.
Convenios educativos
Capacitación constante
Seguro de vida ley desde el primer día de trabajo.
Buen clima Laboral
Cobertura de Salud
Programa de beneficios Siempre+
Sede: Lima
Si cumples con todos los requisitos postula a la vacante, por favor adjuntar CV documentado en formato Word o PDF.
¡Muchos éxitos en este proceso de selección!
De conformidad con lo señalado en la Ley N° 29733, Ley de Protección de Datos Personales y su norma reglamentaria D.S. y N° 003-2013-JUS, en el presente acto EL POSTULANTE brinda su consentimiento para que CAJA AREQUIPA, con RUC 20100209641 y domicilio en Calle La Merced N° 106, Cercado, Arequipa, pueda realizar tratamiento de sus datos personales y/o datos sensibles, sean proporcionados a través de la presente plataforma, las fichas formatos o cualquier otro documento que sea requerido por CAJA AREQUIPA, con la finalidad de recopilar los datos personales de los postulantes para gestionar el proceso de selección y evaluación a cargos laborales según el perfil solicitado, y sólo para los efectos de la misma. CAJA AREQUIPA no realiza transferencia de datos personales, salvo obligación legal y normativo.
Así mismo puede ejercer sus derechos ARCO de acceso, rectificación, cancelación y oposición así como revocar su consentimiento, presentando una solicitud clara y formal en cualquiera de nuestras agencias a nivel nacional o través del correo .",3435,False,https://www.bumeran.com.pe/empleos/senior-data-scientist-acoe-sede-lima-caja-arequipa-1118412218.html,2026-09-23 21:32
1118410429,Azure data engineer,Bluetab Solutions,Ciencia e ingeniería de datos,data engineer,1,"Tecnología, Sistemas y Telecomunicaciones",Tecnologías de la Información,Semi Sr,Híbrido,Full-time,Indeterminado,FULL_TIME,1,False,False,False,True,False,Lima,Lima,PE,"Lima, Lima, Peru",2026-08-20,2026-11-18,34,Actualizado hace 5 horas,,,,,,3.0,False,"SQL, Python, Spark, Databricks, Azure, ETL",6,True,True,False,False,False,False,False,False,False,False,False,True,True,False,True,False,False,False,True,False,False,False,13096990,https://www.bumeran.com.pe/perfiles/empresa_bluetab-solutions_13096990.html,Informática / Tecnología,"Lima, Lima",Entre 51 y 150 empleados,"Somos una compañía que proporciona servicios y soluciones digitales, contamos con un equipo internacional especializado en ecosistemas Cloud Computing, Big Data, Data Analytics y Gobierno de Datos. 
Tenemos presencia en países como España, México, Colombia, USA, Perú y nos encontramos en constante desarrollo. 

En nuestra cultura nadie en /bluetab es un número, somos un equipo con un estilo de organización transversal, y así queremos que siga.
¡Si te gusta la tecnología y la resolución de problemas, nos encantaría conocerte!

Visita nuestra pág. web: https://bluetab.net/es/",,,,,,,,,"🚀 ¡Estamos contratando un/a Azure Data Engineer para importante empresa del sector!
Perfil:
Profesional de Ingeniería Informática, Sistemas, Software o carreras afines
Al menos 3 años de experiencia en Azure
Azure Data Factory
Azure Databricks
Azure SQL
Azure Data Lake Storage Gen2
Python / PySpark
Construcción de pipelines ETL / ELT
Soluciones escalables y procesos productivos
Migración de procesos a la nube
Git
Ofrecemos:
Contrato indefinido
Híbrido en Lima
Plan de carrera
EPS al 100% para titular y dependientes
Seguro Oncológico para titular y derechohabientes
Salario a tratar
Vale de alimentos y más
¡Queremos conocerte! 🚀",633,False,https://www.bumeran.com.pe/empleos/azure-data-engineer-bluetab-solutions-1118410429.html,2026-09-23 21:32
1118405162,Data engineer interoperabilidad - sector salud,EXPERIS PERU,Ciencia e ingeniería de datos,data engineer,1,"Tecnología, Sistemas y Telecomunicaciones",Data Warehousing,Semi Sr,Presencial,Full-time,Indeterminado,FULL_TIME,1,False,False,False,False,False,Lima,San Isidro,PE,"San Isidro, Lima, Peru",2026-08-17,2026-11-15,37,Actualizado hace más de 15 días,,,,,,,False,"SQL, Python, Google Cloud, ETL",4,True,True,False,False,False,False,False,False,False,False,False,False,False,False,False,True,False,False,True,False,False,False,,,,,,,,,,,,,,,"En Experis Perú buscamos al mejor talento para sumarse a los desafíos de la era digital y llevar su carrera a un siguiente nivel. Por ello, te invitamos a que formes parte del reto como Especialista en FHIR - Data Engineer de Interoperabilidad para el sector Salud:
Requisitos:
Ingeniería de Sistemas, Software o afines.
+3 años en Data Engineering en Interoperabilidad
Experiencia en integración de sistemas de salud (deseable)
Conocimiento en Modelado de datos, ETL/ELT, APIs REST, FHIR (indispensable)
Conocimiento en Python (principal), SQL avanzado y Cloud (GCP)
Funciones:
Desarrollar procesos de carga masiva utilizando Cloud Dataflow o Cloud Run para extraer datos de Cloud SQL (PostgreSQL/MySQL).
Implementar lógica de transformación compleja para mapear tablas relacionales (citas, pacientes, diagnósticos) a recursos JSON de FHIR.
Optimizar el rendimiento de las cargas masivas (Bulk Import) para manejar millones de registros sin degradar la performance de la base de datos origen.
Definir y aplicar Mapeos de Datos precisos entre el modelo de base de datos local y los recursos FHIR (ej: Patient, Encounter, Observation, Condition).
Validar que los recursos generados cumplan con las guías de implementación (Implementation Guides) y perfiles específicos de la clínica.
Gestionar la resolución de errores de validación sintáctica y semántica durante el proceso de carga.
Consumir e integrar APIs REST FHIR
Gestionar bundles para cargas masivas
Beneficios:
Únete a una empresa líder a nivel global.
Salario acorde al mercado.
Grato ambiente laboral.
Ingreso a planilla, con todos los beneficios de ley.
En Experis Perú, promovemos la inclusión e inserción laboral sin distinción por razón de discapacidad, género, orientación, identidad y expresión de género, lugar de origen o generación. Por ello ¡Todos los talentos son bienvenidos!",1847,False,https://www.bumeran.com.pe/empleos/data-engineer-interoperabilidad-sector-salud-experis-peru-1118405162.html,2026-09-23 21:32
1118404571,Data Engineer Semi Senior,METRICA PERU,Ciencia e ingeniería de datos,data engineer,1,"Tecnología, Sistemas y Telecomunicaciones",Data Entry,Junior,Híbrido,Full-time,Temporal,TEMPORARY,3,True,False,False,False,False,Lima,Callao,PE,"Callao, Lima, Peru",2026-08-17,2026-11-15,37,Actualizado hace 10 días,,,,,,3.0,False,"SQL, Power BI, Spark, Azure, ETL",5,True,False,False,True,False,False,False,False,False,False,False,True,False,False,True,False,False,False,True,False,False,True,10182153,https://www.bumeran.com.pe/perfiles/empresa_metrica-peru_10182153.html,Informática / Tecnología,"Lima, Lima",Entre 301 y 500 empleados,Métrica Perú es la primera filial latinoamericana del grupo de consultoría español Métrica Consulting. El grupo comenzó operaciones con el inicio del nuevo siglo y desde entonces ha participado en distintos proyectos en distintos países de Europa Occidental y Latino América.,,,,,,,,,"¡Sé parte de METRICA!
METRICA es una multinacional tecnológica con más de 25 años de experiencia, especializada en consultoría, outsourcing y desarrollo de soluciones que impulsan la transformación digital de organizaciones a nivel global. Con presencia en España, Perú, Chile, Portugal y EE. UU., trabajamos bajo estándares internacionales de calidad, innovación y gobierno corporativo, promoviendo un entorno sostenible, ético e inclusivo en todas nuestras operaciones.
Actualmente buscamos incorporar a nuestro equipo a un /a Data Engineer Semi Senior con experiencia en el ecosistema Microsoft Azure
💡Lo que harás en este rol
Desarrollar procesos de integración y transformación de datos utilizando herramientas del ecosistema Azure.
Implementar procesos ETL/ELT para la integración y procesamiento de información.
Modelar estructuras de datos orientadas al consumo analítico y visualización en Power BI.
Ejecutar procesos de validación y controles de Data Quality, contribuyendo a la mejora de la calidad de los datos.
Desarrollar integraciones entre diversas fuentes de datos mediante APIs REST, SFTP/FTP y conexiones a bases de datos.
Documentar los modelos de datos, conectores y desarrollos implementados.
Trabajar bajo los lineamientos técnicos y arquitecturas de datos definidos por el equipo.
🎯 Lo que esperamos de ti
Técnico y/o Bachiller en Ingeniería de Sistemas, Ingeniería Informática, Ingeniería de Software o carreras afines.
3 a 4 años de experiencia como Data Engineer o en posiciones similares.
Experiencia en proyectos de integración y transformación de datos.
Experiencia trabajando con servicios de datos en Microsoft Azure.
Experiencia con Azure Data Factory, Azure Synapse Analytics y Azure Data Lake.
Conocimientos de Apache Spark / Spark Pools, idealmente PySpark.
Dominio de SQL avanzado y procesos ETL/ELT.
Experiencia con Power BI y Azure DevOps.
Conocimientos de DataOps y Data Quality.
Conocimientos de modelado dimensional (tablas de hechos y dimensiones).
Conocimiento de arquitectura Medallion (Bronze, Silver y Gold).
📍 Lugar de trabajo: Callao
🕘 Horario: lunes a viernes de 8:30 a. m. a 6:00 p. m.
🎁 Lo que ofrecemos
Participación en utilidades.
Desarrollo profesional y acceso a capacitaciones continuas.
Integración a equipos internacionales y proyectos de alto impacto.
Cultura colaborativa que promueve la innovación y el crecimiento sostenible.
🌱 Nuestro compromiso
En METRICA promovemos la igualdad de oportunidades y la no discriminación en todos nuestros procesos. Fomentamos entornos de trabajo diversos, inclusivos y respetuosos, donde cada persona pueda desarrollarse plenamente y aportar su talento.
En cumplimiento de la Ley N.º 29973 – Ley General de la Persona con Discapacidad, esta convocatoria también está dirigida a personas con discapacidad.
Nuestro enfoque está alineado con principios de sostenibilidad, responsabilidad social y buenas prácticas corporativas, fortaleciendo nuestro compromiso con el desarrollo del talento y el impacto positivo en la sociedad.",3022,False,https://www.bumeran.com.pe/empleos/data-engineer-semi-senior-metrica-peru-1118404571.html,2026-09-23 21:32
1118405390,Data Scientist,NTT DATA,Ciencia e ingeniería de datos,data scientist,1,"Tecnología, Sistemas y Telecomunicaciones",Data Entry,Semi Sr,Remoto,Full-time,Indeterminado,FULL_TIME,5,True,False,False,False,False,La Libertad,Trujillo,PE,"Trujillo, La Libertad, Peru",2026-08-17,2026-12-15,37,Actualizado hace más de 15 días,,,,,,1.0,False,"Python, AWS",2,False,True,False,False,False,False,False,False,False,False,False,False,False,True,False,False,False,False,False,False,False,True,10006613,https://www.bumeran.com.pe/perfiles/empresa_ntt-data_10006613.html,Informática / Tecnología,"Lima, Lima",Entre 1001 y 5000 empleados,"Somos una consultora multinacional parte del grupo NTT DATA. Ofrecemos soluciones de negocio, estrategia, transformación digital, desarrollo y mantenimiento de aplicaciones tecnológicas y outsourcing.  Creamos valor y desarrollamos proyectos estratégicos y de alto impacto para nuestros clientes",3.3,3.4,3.0,3.4,3.0,3.0,2.6,18.0,"NTT DATA somos todas las personas que la formamos. Un equipo de más de 139.000 profesionales, tan diverso cómo diversos son los 50 países en los que estamos presentes y los diferentes sectores en los que desarrollamos nuestra actividad; telecomunicaciones, entidades financieras, industria, utilities, energía, administración pública y sanidad.
¿Nuestra misión? Ofrecer soluciones tecnológicas, de negocio, estrategia, desarrollo y mantenimiento de aplicaciones, siendo un referente en consultoría. Todo gracias a la colaboración entre equipos, la calidad humana de nuestra gente y a que no nos conformamos con lo establecido, buscamos siempre la innovación que nos acerca al futuro.
Nuestra esencia nos ha llevado a la vanguardia de la tecnología, a romper paradigmas y a brindar las soluciones que realmente se corresponden a las necesidades de cada cliente. Nuestro talento nos ha hecho poder decir con orgullo que somos una de las 6 empresas TOP de tecnologías en el mundo.
Te invitamos a formar parte de nuestro equipo, ocupando el cargo de: Data Scientist
Requisitos:
Estudios técnicos y/o universitarios completos, en las carreras de Ingeniería de Sistemas, Informática, Ing. Industrial y/o afines.
Mínimo 3 años de experiencia profesional
Mínimo 1 año de experiencia técnica relacionada al Rol
Experiencia en uso de Kedro para despliegue de pipelines y nodos de analíticas
Experiencia en herramientas de analítica avanzada en Python: Scikit-learn, Pandas y NumPy, SHAP.
Experiencia en visualizaciones de datos usando seaborn, Matplotlib.
Experiencia usando MLFlow para versionamiento de modelos (deseable)
Experiencia usando Scipy para la optimización de procesos no lineales e inferencia estadística.
Experiencia en modelamiento de series de tiempo en minería.
Conocimiento sobre sistemas de control, instrumentación, P&ID y PI System (deseable)
Conocimiento de minería y procesos de tratamiento de sulfuro de cobres en concentradora, incluyendo etapas de molienda y flotación (deseable)
Beneficios:
Inmejorable oportunidad de línea de carrera profesional en nuestra consultora líder en el mercado TI.
Bono de alimentación.
Descuentos corporativos.
Contrato indeterminado desde el primer día.
Permanente capacitación y certificaciones Microsoft y AWS.
EPS cubierta al 100% y Seguro Vida Ley desde el primer día de labor.
Seguro Oncológico al 100%.
“NTT DATA es un entorno inclusivo donde cada voz es escuchada y cada historia es valorada. Por eso, nuestro proceso de selección y reclutamiento se enfoca en identificar el talento sin distinción o sesgos relacionados con género, sexo, orientación sexual, discapacidad, edad u otras características personales”",2667,False,https://www.bumeran.com.pe/empleos/data-scientist-ntt-data-1118405390.html,2026-09-23 21:32
1118404321,Ingeniero de Datos,Confidencial,Ciencia e ingeniería de datos,ingeniero de datos,1,"Tecnología, Sistemas y Telecomunicaciones",Análisis de Datos,Semi Sr,Híbrido,Full-time,Indeterminado,FULL_TIME,1,False,True,False,False,False,Lima,Miraflores,PE,"Miraflores, Lima, Peru",2026-08-17,2026-11-15,37,Actualizado hace 2 días,,,,,,2.0,False,"SQL, Python, Spark, AWS, ETL",5,True,True,False,False,False,False,False,False,False,False,False,True,False,True,False,False,False,False,True,False,True,False,,,,,,,,,,,,,,,"Somos la primera billetera móvil del sistema financiero peruano, trabajamos para simplificar la forma en la que las personas manejan su dinero en su día a día. Nacimos en 2016 con un propósito claro: impulsar la inclusión financiera, acercando servicios simples, seguros y accesibles a todos los peruanos, especialmente a quienes más lo necesitan.
Fuimos creados por Pagos Digitales Peruanos y hoy contamos con el respaldo de Compartamos Banco, lo que nos permite seguir construyendo soluciones digitales con impacto real. A través de la digitalización, buscamos transformar la vida diaria de las personas, facilitando cómo envían, reciben y usan su dinero de manera simple y segura. Pero lo que realmente nos define es cómo trabajamos. Somos un equipo colaborativo, donde las ideas se escuchan, se valoran y se convierten en soluciones. Promovemos el aprendizaje constante, el trabajo en equipo y una cultura donde cada persona puede aportar y crecer, siempre con el usuario en el centro. Además, formamos parte de una organización reconocida en el ranking de Great Place to Work, reflejo de una cultura basada en la confianza, el desarrollo y el bienestar.
🚀 Hoy seguimos creciendo y queremos sumar personas que quieran asumir retos y generar impacto. Nos encontramos en búsqueda de un(a) Ingeniero de Datos para contribuir a nuestro objetivo de seguir evolucionando y construyendo el futuro de los pagos digitales en el Perú.
¿Cuáles serían tus funciones?
Diseñar, construir y mantener pipelines de datos escalables y eficientes, que permitan la ingesta, transformación y carga (ETL/ELT) de grandes volúmenes de datos estructurados y no estructurados.
Gestionar y monitorear el correcto funcionamiento de los procesos ETL y/o ELT, asegurando la disponibilidad y confiabilidad del flujo de datos.
Extraer, transformar y cargar datos desde múltiples fuentes, mediante consultas y scripts optimizados, para alimentar soluciones analíticas.
Diseñar, construir y mantener arquitecturas de datos robustas y escalables, alineadas a las necesidades analíticas y operativas de la empresa.Desarrollar y mantener pipelines de datos optimizados, que soporten cargas masivas y procesamiento continuo de información.
Orquestar procesos ETL/ELT mediante herramientas de automatización, asegurando ejecución confiable y trazabilidad de los flujos.
Automatizar procesos repetitivos mediante el uso de orquestadores de flujos de trabajo, como Apache Airflow, Step Functions u otros.
Desarrollar consultas y scripts SQL optimizados, garantizando eficiencia en la extracción y manipulación de datos.
Asegurar la calidad, consistencia e integridad de los datos, mediante validaciones, controles y auditorías periódicas.
Integrar y automatizar flujos de datos desde múltiples fuentes internas y externas, asegurando su disponibilidad y trazabilidad.
Requisitos:
Bachiller en Ingeniería de Sistemas, Ingeniería Informática, Ingeniería de Software, Ingeniería Industrial, Ciencias de la Computación, Estadística, Administración y Sistemas o carreras afines.
Experiencia mínima de 3 años en ingeniería de datos, administración de plataformas de datos o gestión de ecosistemas analíticos, de preferencia en empresas del sector financiero, retail o industrias afines.
Experiencia mínima de 2 años en diseño, implementación y administración de soluciones Data Warehouse y/o Data Lake.
Deseable experiencia en la implementación y gestión de controles relacionados con seguridad de la inforde la información, protección de datos y gobierno de acceso a la información.
Experiencia en documentación técnica de arquitecturas de datos, diccionarios de datos, flujos de información y diagramas de flujo de datos (DFD).Experiencia en diseño, implementación y gestión de arquitecturas de datos en entornos Cloud.
Conocimiento indispensable de Gobierno de Datos, incluyendo calidad, trazabilidad, catalogación y gestión del ciclo de vida de la información.
Conocimiento en procesos ETL/ELT, soluciones de Analítica y Business Intelligence (BI), asegurando la consistencia, disponibilidad y trazabilidad de los datos, así como experiencia en metodologías ágiles.Conocimiento indispensable en contenedores y Docker para despliegue y gestión de soluciones de datos.
Deseable experiencia en desarrollo y despliegue de soluciones de datos en AWS Cloud.Conocimiento indispensable en prácticas de DataOps, orquestación y automatización de flujos de datos.
Conocimiento en el diseño e implementación de soluciones de analítica avanzada y ecosistemas de datos escalables.Experiencia en el desarrollo, optimización y mantenimiento de pipelines de datos para procesamiento batch y/o near real-time.
Conocimientos intermedios en Python y/o PySpark para procesamiento, transformación y explotación de datos.
Conocimiento de servicios de analítica y datos en AWS, tales como AWS Glue, Athena, ECS, ECR, Step Functions y Lake Formation.
Beneficios
Trabajo híbrido.
Excelente clima laboral (#16 Ranking GPTW Perú).
EPS a costos compartidos.",4989,False,https://www.bumeran.com.pe/empleos/ingeniero-de-datos-1118404321.html,2026-09-23 21:32
1118403569,Data Integration Engineer - Azure,Bluetab Solutions,Ciencia e ingeniería de datos,data engineer,1,"Tecnología, Sistemas y Telecomunicaciones",Tecnologia / Sistemas,Semi Sr,Híbrido,Full-time,Indeterminado,FULL_TIME,2,True,False,False,True,False,Lima,San Isidro,PE,"San Isidro, Lima, Peru",2026-08-14,2026-11-12,40,Actualizado hace 10 horas,,,,,,3.0,True,"SQL, Azure",2,True,False,False,False,False,False,False,False,False,False,False,False,False,False,True,False,False,False,False,False,False,False,13096990,https://www.bumeran.com.pe/perfiles/empresa_bluetab-solutions_13096990.html,Informática / Tecnología,"Lima, Lima",Entre 51 y 150 empleados,"Somos una compañía que proporciona servicios y soluciones digitales, contamos con un equipo internacional especializado en ecosistemas Cloud Computing, Big Data, Data Analytics y Gobierno de Datos. 
Tenemos presencia en países como España, México, Colombia, USA, Perú y nos encontramos en constante desarrollo. 

En nuestra cultura nadie en /bluetab es un número, somos un equipo con un estilo de organización transversal, y así queremos que siga.
¡Si te gusta la tecnología y la resolución de problemas, nos encantaría conocerte!

Visita nuestra pág. web: https://bluetab.net/es/",,,,,,,,,"¡Ampliamos nuestro equipo! En Bluetab seguimos creciendo y estamos en búsqueda de apasionados/as del mundo tecnológico
Somos una compañía que proporciona servicios y soluciones digitales, contamos con un equipo internacional especializado en ecosistemas Cloud Computing, Big Data, Data Analytics y Gobierno de Datos. Estamos presente en países como España, México, Colombia, USA, Perú y nos encontramos en constante desarrollo.
En nuestra cultura nadie en /bluetab es un número, somos un equipo con un estilo de organización transversal, y así queremos que siga.
¡Si te gusta la tecnología y la resolución de problemas, nos encantaría conocerte!
Queremos invitarte a formar parte del equipo como Data Integration Engineer - Azure
¿Qué buscamos?
3+ años de experiencia en Integración de Datos.
2+ años trabajando con Azure Data Factory (ADF).
Experiencia con Pipelines, Datasets, Linked Services, Triggers y Data Flows.
Conocimientos de Oracle y SQL Server.
Desarrollo de consultas SQL, T-SQL y/o PL/SQL.
Experiencia en integraciones batch, archivos y APIs.
Conocimientos de Azure Key Vault.
Experiencia con Azure DevOps o GitHub y conocimientos de CI/CD.
SSIS (deseable).
¿Qué harás?
Diseñar, desarrollar y mantener integraciones de datos en Azure Data Factory.
Construir pipelines de ingesta, movimiento y orquestación.
Resolver incidencias de procesos de integración.
Coordinar con equipos técnicos y funcionales la implementación de nuevas interfaces.
Brindar soporte a despliegues productivos y elaborar documentación técnica.
Se valorará de forma especial:
Apasionado de la tecnología y habituado a trabajar por objetivos.
Interesado en desarrollar su carrera profesional en entornos altamente competitivos y con alto potencial de crecimiento.
Contar con habilidades como comunicación asertiva, proactividad, compromiso, trabajo en equipo, autodidacta.
Tu comodidad nos importa, los /bluetabers trabajamos en un entorno confortable, sin dress-code (a reserva del cliente), agradable y con proyección de carrera.
Eso se traduce en:
Contrato indefinido con un salario competitivo. El salario se relaciona en función de los conocimientos técnicos detectados en el proceso y rol asignado, procurando respetar el sentido de equidad y siendo susceptible de mejora tras las evaluaciones continuas de desempeño.
Formación continua.
Plan de carrera individual definido ya sea técnico, funcional o gestión (¡Decide tu camino, pero sigue formándote!).
Tendrás un Career Coach para que te guíe en tu desarrollo profesional.
Beneficios más allá de tu salario:
Seguro EPS cubierto al 100% para titular y dependientes
Tarjeta de alimentos Sodexo
Cursos ilimitados en Udemy
Plataforma interactiva de Inglés
Horario de Lunes a Viernes
¡Únete a nosotros!
En /b promovemos la diversidad de género, origen étnico, nacionalidad, la inclusión de personas con discapacidad y/o habilidades diferentes mediante la igualdad de oportunidades en todos los procesos, y buscamos ampliar las oportunidades de desarrollo profesional.
""Bluetab"" es una empresa del grupo IBM. Bluetab será la entidad contratante. Al proceder con esta solicitud, usted entiende que Bluetab compartirá su información personal con otras filiales de IBM involucradas en su proceso de reclutamiento, selección y contratación, donde quiera que éstas se encuentren. Encontrará más información sobre cómo IBM protege su información personal, incluidas las medidas en caso de transferencia transfronteriza de datos, aquí: https://www.ibm.com/careers/us-en/privacy-policy/"".",3518,False,https://www.bumeran.com.pe/empleos/data-integration-engineer-azure-bluetab-solutions-1118403569.html,2026-09-23 21:32
1118401973,Data Engineer Freelance / pago por horas,ManpowerGroup Perú,Ciencia e ingeniería de datos,data engineer,1,"Tecnología, Sistemas y Telecomunicaciones",Data Warehousing,Senior,Híbrido,Por Horas,Autónomo,CONTRACTOR,1,False,False,False,False,False,Lima,Lima,PE,"Lima, Lima, Peru",2026-08-13,2026-11-11,41,Actualizado hace más de 15 días,,,,,,5.0,False,"SQL, Spark, Databricks, AWS, ETL",5,True,False,False,False,False,False,False,False,False,False,False,True,True,True,False,False,False,False,True,False,False,True,10011970,https://www.bumeran.com.pe/perfiles/empresa_manpowergroup-peru_10011970.html,Consultoría,"Lima, Lima",Entre 1001 y 5000 empleados,"En ManpowerGroup creemos en las personas y en el papel que representa el trabajo en sus vidas. Además, creemos en la importancia de impulsar el talento para favorecer el crecimiento personal y profesional.

Somos líder mundial en soluciones para la fuerza laboral, ayudando a las organizaciones a transformarse en un mundo laboral que cambia rápidamente mediante la búsqueda, evaluación, desarrollo y gestión del talento. Desarrollamos soluciones innovadoras para cientos de miles de organizaciones cada año, brindándoles talento calificado mientras encontramos empleo significativo y sostenible para millones de personas en una amplia gama de industrias. 

Nuestra familia de marcas expertas (Manpower, Experis y Talent Solutions) crea mucho más valor para nuestros candidatos en más de 70 países, durante 75 años a nivel global y 29 años a nivel nacional.

Anímate a dejar huella con nosotros ¡Únete a la compañía que impulsa tu Talento!",3.8,3.8,3.6,3.8,3.6,3.6,3.7,193.0,"Profesional bachiller o titulado en Ingeniería de Sistemas, Informática o carreras afines.
Experiencia mínima de 5 años en desarrollo de pipelines de datos.
Experiencia en procesos ETL/ELT y manejo de grandes volúmenes de datos.
Conocimiento en bases de datos relacionales y no relacionales.
Experiencia en herramientas de procesamiento distribuido (Spark, Pysparks , Databricks u otros) y gobierno de datos
Experiencia en integración de datos (APIs, archivos, streaming).
Conocimiento en plataformas cloud AWS.
Conocimiento en optimización y performance de consultas (SQL y Oracle avanzado).
Experiencia en control de versiones (Git) y buenas prácticas de desarrollo.",668,False,https://www.bumeran.com.pe/empleos/data-engineer-freelance-pago-por-horas-manpowergroup-peru-1118401973.html,2026-09-23 21:32
1118401982,Data Scientist Freelance / pago por horas,ManpowerGroup Perú,Ciencia e ingeniería de datos,data scientist,1,"Tecnología, Sistemas y Telecomunicaciones",Data Warehousing,Senior,Híbrido,Por Horas,Autónomo,CONTRACTOR,1,False,False,False,False,False,Lima,Lima,PE,"Lima, Lima, Peru",2026-08-13,2026-11-11,41,Publicado hace más de 15 días,,,,,,5.0,False,"Python, Machine Learning",2,False,True,False,False,False,False,False,False,False,False,False,False,False,False,False,False,False,False,False,True,False,True,10011970,https://www.bumeran.com.pe/perfiles/empresa_manpowergroup-peru_10011970.html,Consultoría,"Lima, Lima",Entre 1001 y 5000 empleados,"En ManpowerGroup creemos en las personas y en el papel que representa el trabajo en sus vidas. Además, creemos en la importancia de impulsar el talento para favorecer el crecimiento personal y profesional.

Somos líder mundial en soluciones para la fuerza laboral, ayudando a las organizaciones a transformarse en un mundo laboral que cambia rápidamente mediante la búsqueda, evaluación, desarrollo y gestión del talento. Desarrollamos soluciones innovadoras para cientos de miles de organizaciones cada año, brindándoles talento calificado mientras encontramos empleo significativo y sostenible para millones de personas en una amplia gama de industrias. 

Nuestra familia de marcas expertas (Manpower, Experis y Talent Solutions) crea mucho más valor para nuestros candidatos en más de 70 países, durante 75 años a nivel global y 29 años a nivel nacional.

Anímate a dejar huella con nosotros ¡Únete a la compañía que impulsa tu Talento!",3.8,3.8,3.6,3.8,3.6,3.6,3.7,193.0,"Profesional bachiller o titulado en Ingeniería, Estadística, Matemática, Informática o carreras afines.
Experiencia mínima de 5 años en análisis avanzado, modelos predictivos e inteligencia artificial.
Conocimiento en estadística, probabilidad y análisis exploratorio de datos.
Experiencia en desarrollo de modelos de machine learning.
Manejo de lenguajes como Python y Scala
Experiencia en librerías de análisis y ML (pandas, scikit-learn, TensorFlow u otros).
Experiencia en preparación y limpieza de datos (data wrangling).
Capacidad de comunicar resultados y generar insights de negocio.
Deseable experiencia en despliegue de modelos o MLOps.",646,False,https://www.bumeran.com.pe/empleos/data-scientist-freelance-pago-por-horas-manpowergroup-peru-1118401982.html,2026-09-23 21:32
1118400856,Ingeniero de Datos Cloud,CSTI Corp,Ciencia e ingeniería de datos,ingeniero de datos,1,"Tecnología, Sistemas y Telecomunicaciones",Análisis de Datos,Semi Sr,Remoto,Full-time,Indeterminado,FULL_TIME,1,False,False,False,False,False,Lima,Santiago de Surco,PE,"Surco, Lima, Peru",2026-08-13,2026-11-11,41,Actualizado hace más de 15 días,,,,,,2.0,False,"SQL, Python, Spark, Databricks, AWS, Azure, Google Cloud, SAP, ETL",9,True,True,False,False,False,False,False,False,False,False,False,True,True,True,True,True,True,False,True,False,False,True,10155736,https://www.bumeran.com.pe/perfiles/empresa_csti-corp_10155736.html,Informática / Tecnología,"Lima, Lima",Entre 51 y 150 empleados,"Somos una corporación de capital peruano Silver Partner SAP, líder en el rubro de TI, especializada en brindar soluciones de negocio en las líneas de outsourcing, soporte y proyectos. Actualmente contamos con sedes en Perú, Ecuador, Colombia y Bolivia.",3.5,3.6,3.2,3.2,3.1,3.1,3.2,8.0,"En CSTI Corp somos una empresa líder en TI con más de 15 años en el mercado, nos enfocamos en la transformación empresarial, especializada en Sistemas SAP y Consultoría TI.
Nos encontramos en la búsqueda de Ingeniero de Datos - Azure (Semi senior):
Funciónes:
Diseñar, desarrollar y mantener pipelines de datos (ETL/ELT) para integrar información proveniente de bases de datos, aplicaciones corporativas, APIs y otras fuentes internas y externas.
Operar, administrar y optimizar la plataforma de datos corporativa (Data Warehouse, Data Lake o Lakehouse) en entornos cloud.
Implementar controles de calidad de datos mediante procesos automatizados de validación, limpieza, estandarización y monitoreo.
Garantizar el rendimiento, disponibilidad y seguridad de los procesos y repositorios de datos mediante la optimización, monitoreo y gestión de accesos.
Documentar la arquitectura de datos, catálogos, metadatos y linaje de la información para asegurar la trazabilidad y el mantenimiento de la plataforma.
Preparar y disponibilizar conjuntos de datos para analítica, Business Intelligence y soluciones de Inteligencia Artificial.
Brindar acompañamiento técnico a proveedores especializados en proyectos relacionados con plataformas de datos y asegurar la transferencia de conocimiento.
Otras funciones que le sean asignadas por el superior inmediato.
Requisitos:
Bachiller universitario en Ingeniería de Sistemas, Computación, Informática, Ciencia de Datos, Estadística o carreras afines.
Experiencia mínima de 03 años como Ingeniero de Datos o en posiciones afines.
Experiencia mínima de 02 años desarrollando y operando pipelines de datos (ETL/ELT) en Microsoft Azure o plataformas cloud equivalentes (AWS o Google Cloud).
Manejo avanzado de SQL y Python aplicado a ingeniería de datos (Pandas, PySpark o equivalente).
Conocimiento de arquitecturas de datos (Data Warehouse, Data Lake o Lakehouse) y bases de datos relacionales.
Manejo de servicios Microsoft Azure para datos (Azure Data Factory o Synapse, Databricks y Data Lake Storage).
Condiciones:
Modalidad Hibrida (2 días presenciales)
Salario acorde al mercado (Planilla completa o RHE.)
Oportunidad de crecimiento
¡Ven y únete a la familia CSTI CORP!👏",2211,False,https://www.bumeran.com.pe/empleos/ingeniero-de-datos-cloud-csti-corp-1118400856.html,2026-09-23 21:32
1118401008,Ingeniero de Datos,EXPERIS PERÚ,Ciencia e ingeniería de datos,ingeniero de datos,1,"Tecnología, Sistemas y Telecomunicaciones",Análisis de Datos,Semi Sr,Híbrido,Full-time,Indeterminado,FULL_TIME,1,False,False,False,False,False,Lima,San Isidro,PE,"San Isidro, Lima, Peru",2026-08-13,2026-11-11,41,Actualizado hace más de 15 días,,,,,,2.0,False,"SQL, Python, Spark, AWS, ETL",5,True,True,False,False,False,False,False,False,False,False,False,True,False,True,False,False,False,False,True,False,False,False,,,,,,,,,,,,,,,"En Experis Perú buscamos al mejor talento para sumarse a los desafíos de la era digital y llevar su carrera a un siguiente nivel. Por ello, te invitamos a que formes parte del reto como INGENIERO DE DATOS en el rubro de Seguros:
INGENIERO DE DATOS
Requisitos para postular al cargo:
Profesional en Sistemas, Computación o afines.
Experiencia mayor a 2 años en el puesto.
Experiencia mínima de 2 años en AWS: Apache Airflow, Amazon DynamoDB, Amazon S3, AWS Step Functions, AWS Database Migration Service (DMS).
Experiencia en BD Oracle PL/SQL
Experiencia de 2 años en Python: Apache Spark y PySpark
Deseable certificación en AWS
Funciones principales del puesto:
Diseñar, desarrollar y mantener pipelines de datos utilizando Python, Spark y PySpark para la integración y transformación de información.
Administrar y optimizar servicios AWS como S3, DynamoDB, DMS, Step Functions y Airflow para el procesamiento y almacenamiento de datos.
Desarrollar y optimizar consultas, procedimientos y procesos en Oracle PL/SQL para garantizar el rendimiento y la calidad de los datos.
Implementar y monitorear procesos ETL/ELT, asegurando la correcta carga, validación e integridad de la información.
Brindar soporte y mejora continua a las soluciones de datos, participando en proyectos de migración, automatización y analítica en la nube.
La empresa ofrece al candidato seleccionado:
Únete a una empresa líder a nivel global
Planilla Completa
Beneficios acorde a ley
Trabajo híbrido en Miraflores
Seguro Vida Ley
Convenios corporativos, educativos y de recreación
En Experis Perú, promovemos la inclusión e inserción laboral sin distinción por razón de discapacidad, género, orientación, identidad y expresión de género, lugar de origen o generación. Por ello ¡Todos los talentos son bienvenidos!",1786,False,https://www.bumeran.com.pe/empleos/ingeniero-de-datos-experis-peru-1118401008.html,2026-09-23 21:32
1118401637,IT Data Engineer,ManpowerGroup Perú,Ciencia e ingeniería de datos,data engineer,1,"Tecnología, Sistemas y Telecomunicaciones",Análisis de Datos,Junior,Híbrido,Full-time,Indeterminado,FULL_TIME,1,False,False,False,False,False,Lima,San Isidro,PE,"San Isidro, Lima, Peru",2026-08-13,2026-11-11,41,Actualizado hace más de 15 días,,,,,,2.0,True,"SQL, Power BI, Databricks, Azure, ETL",5,True,False,False,True,False,False,False,False,False,False,False,False,True,False,True,False,False,False,True,False,False,True,10011970,https://www.bumeran.com.pe/perfiles/empresa_manpowergroup-peru_10011970.html,Consultoría,"Lima, Lima",Entre 1001 y 5000 empleados,"En ManpowerGroup creemos en las personas y en el papel que representa el trabajo en sus vidas. Además, creemos en la importancia de impulsar el talento para favorecer el crecimiento personal y profesional.

Somos líder mundial en soluciones para la fuerza laboral, ayudando a las organizaciones a transformarse en un mundo laboral que cambia rápidamente mediante la búsqueda, evaluación, desarrollo y gestión del talento. Desarrollamos soluciones innovadoras para cientos de miles de organizaciones cada año, brindándoles talento calificado mientras encontramos empleo significativo y sostenible para millones de personas en una amplia gama de industrias. 

Nuestra familia de marcas expertas (Manpower, Experis y Talent Solutions) crea mucho más valor para nuestros candidatos en más de 70 países, durante 75 años a nivel global y 29 años a nivel nacional.

Anímate a dejar huella con nosotros ¡Únete a la compañía que impulsa tu Talento!",3.8,3.8,3.6,3.8,3.6,3.6,3.7,193.0,"En Experis Perú buscamos al mejor talento para sumarse a los desafíos de la era digital y llevar su carrera al siguiente nivel. Por ello, te invitamos a formar parte de este reto como IT Data Engineer para importante empresa del sector Telecomunicaciones, especializada en el despliegue, operación y mantenimiento de infraestructura de fibra óptica en el Perú.
Misión del puesto
Diseñar, construir, automatizar y mantener pipelines de datos escalables y confiables, integrando información desde diversas fuentes internas y externas, aplicando procesos de ingesta, transformación, validación y aseguramiento de la calidad de los datos, con el propósito de habilitar soluciones analíticas, reportes y herramientas de negocio basadas en información oportuna, consistente, trazable y segura.
Funciones principales
Diseñar, desarrollar y mantener pipelines y flujos de integración de datos.
Implementar procesos ETL/ELT para la extracción, transformación y carga de información.
Integrar datos provenientes de múltiples fuentes internas y externas.
Garantizar la calidad, integridad, disponibilidad y confiabilidad de los datos.
Analizar información para identificar tendencias, patrones y oportunidades de mejora para el negocio.
Desarrollar reportes, dashboards y visualizaciones de datos.
Participar en iniciativas de automatización y optimización de procesos de datos.
Coordinar con áreas de negocio el levantamiento de requerimientos y diseño de soluciones analíticas.
Implementar buenas prácticas de gobierno, seguridad y privacidad de datos.
Gestionar y resolver incidencias relacionadas con la calidad y consistencia de la información.
Requisitos
Bachiller en Ingeniería de Sistemas, Informática, Telecomunicaciones, Electrónica o carreras afines.
Mínimo 2 años de experiencia en posiciones de Data Engineer, Analista de Datos o similares.
Mínimo 2 años de experiencia en áreas de Analítica de Datos, Business Analytics o afines.
Experiencia en diseño, construcción y mantenimiento de pipelines de datos.
Conocimientos obligatorios en: Azure. Databricks. ETL/ELT. Modelamiento de datos. Bases de datos SQL.
Conocimientos deseables en:Azure Data Factory. Arquitectura Medallion. Power BI. MongoDB. APIM. Microservicios. Metodologías ágiles.
Inglés intermedio (deseable).
Competencias
Pensamiento analítico y resolución de problemas.
Orientación al detalle y calidad.
Comunicación efectiva.
Trabajo colaborativo.
Pensamiento estructurado y organización.
Adaptabilidad y aprendizaje continuo.
Proactividad.
Orientación a resultados.
Beneficios
Trabajo híbrido. (3 presenciales x 2 remoto) de 9 a 6:30pm de lunes a viernes
Ubicación: Javier Prado (San Isidro)
Tarjeta de alimentos.
Bono por objetivo.
EPS 100% con Rímac
Tipo de contrato: Indefinido
En Experis Perú, promovemos la inclusión e inserción laboral sin distinción por razón de discapacidad, género, orientación, identidad y expresión de género, lugar de origen o generación. Por ello, ¡todos los talentos son bienvenidos!",2981,False,https://www.bumeran.com.pe/empleos/it-data-engineer-manpowergroup-peru-1118401637.html,2026-09-23 21:32
1118398307,DATA ENGINEER - MS Fabric,Grupo Lucky,Ciencia e ingeniería de datos,data engineer,1,"Tecnología, Sistemas y Telecomunicaciones",Programación,Semi Sr,Híbrido,Full-time,Indeterminado,FULL_TIME,1,False,False,False,False,False,Lima,Miraflores,PE,"Miraflores, Lima, Peru",2026-08-11,2026-11-09,43,Actualizado hace más de 15 días,,,,,,2.0,False,"SQL, Python, Power BI, Spark, Databricks, ETL",6,True,True,False,True,False,False,False,False,False,False,False,True,True,False,False,False,False,False,True,False,False,True,10124875,https://www.bumeran.com.pe/perfiles/empresa_grupo-lucky_10124875.html,Servicios,"Lima, Lima",Entre 1001 y 5000 empleados,"En el Grupo Lucky reinventamos cada día la forma de acercar productos y compradores en los mercados.

En ese camino, unimos más de 30 años de conocimiento aplicado en Latinoamérica con el mejor talento y la más avanzada tecnología para crear soluciones de Trade Marketing, con el objetivo de mejorar los resultados comerciales de nuestros clientes.",,,,,,,,,"¡Únete a una de las mejores empresas para trabajar en Perú!
LUCKY.- Somos el ecosistema de soluciones para Trade Marketing con más experiencia en Latinoamérica. Nos encontramos en la búsqueda de personas talentosas como tú que puedan integrarse a nuestra gran familia en la posición de:
1 DATA ENGINEER - MS Fabric
¿Qué buscamos?
Más de 2 años de experiencia en ingeniería de datos.
Desarrollo y optimización de canalizaciones de datos (*pipelines*) utilizando Databricks y PySpark.
Sólido dominio de SQL y experiencia en conceptos de almacenamiento de datos (*data warehousing*).
Experiencia práctica en la creación y el mantenimiento de arquitecturas *data lakehouse*.
Profundo conocimiento de los procesos ETL/ELT y de la transformación de datos a gran escala.
Conocimiento de Python para automatización, integración y ejecución de scripts.
Desarrollo de flujos de trabajo en Databricks con arquitectura Medallion
Deseable experiencia con BI (Power BI).
¿Qué responsabilidades tendrás?
Diseñar, desarrollar y mantener pipelines de datos en Microsoft Fabric, utilizando Spark y SQL.
Implementar arquitectura Medallion, asegurando trazabilidad, calidad y escalabilidad de los datos.
Construir y administrar Lakehouse y Data Warehouse para la consolidación de información empresarial.
Diseñar, crear y mantener modelos semánticos en Fabric para análisis de negocio.
Exponer datasets y modelos semánticos mediante conectores nativos a Power BI.
Preparar y optimizar datasets para reportes y dashboards en Power BI.
Garantizar la calidad, integridad y consistencia de los datos mediante validaciones automáticas.
Monitorear y optimizar el rendimiento de procesos Spark y consultas SQL.
Integrar datos provenientes de múltiples fuentes internas y externas.
Brindar soporte, mantenimiento y resolución de incidentes relacionados con pipelines de datos.
Habilitar el uso de datos para analítica de negocio, automatización e inteligencia artificial.
Documentar pipelines, flujos de datos, modelos semánticos y procesos implementados.
¿Qué ofrecemos?
Ingreso a planilla
Seguro FOLA
Capacitaciones constantes
Excelente clima laboral
Compromiso con tu aprendizaje y desarrollo profesional
Oportunidad de línea de carrera
Si quieres formar parte de una cultura basada en el buen humor, pasión y compromiso, ¿qué esperas? ¡Postula con nosotros y empieza a crear tu propia historia!
¡Juntos seguiremos siendo la empresa más admirada del sector! Ven y vive la experiencia LUCKY.",2465,False,https://www.bumeran.com.pe/empleos/data-engineer-ms-fabric-grupo-lucky-1118398307.html,2026-09-23 21:32
1118398317,Data Scientist GCP,INDRA PERU,Ciencia e ingeniería de datos,data scientist,1,"Tecnología, Sistemas y Telecomunicaciones",Data Warehousing,Senior,Presencial,Full-time,Indeterminado,FULL_TIME,1,False,False,False,False,False,Lima,San Isidro,PE,"San Isidro, Lima, Peru",2026-08-11,2026-11-09,43,Actualizado hace más de 15 días,,,,,,2.0,False,"SQL, Python, R, Spark, Google Cloud",5,True,True,True,False,False,False,False,False,False,False,False,True,False,False,False,True,False,False,False,False,False,False,2255030,https://www.bumeran.com.pe/perfiles/empresa_indra-peru_2255030.html,Informática / Tecnología,"Lima, Aguascalientes",Entre 1001 y 5000 empleados,"Somos una de las principales empresas globales de consultoría y tecnología y el socio tecnológico global para los negocios clave de nuestros clientes. Desarrollamos una oferta de soluciones propias, servicios avanzados y de alto valor añadido en tecnología.",,,,,,,,,"En MBC, firma de consultoría de negocio, estrategia y operaciones de Indra Group, transformamos organizaciones. Buscamos un Data Scientist Advanced especializado en liderar iniciativas estratégicas de ciencia de datos a nivel empresarial. Máximo nivel de expertise en modelado predictivo, optimización avanzada y arquitectura de soluciones ML/AI, con capacidad para traducir problemas complejos de negocio en soluciones analíticas de alto impacto. Experiencia requerida: Más de 7 años en ciencia de datos, con 2-3 años implementando modelos ML en producción y 2-3 años en GCP. Se valorará especialmente: Experiencia en retail, manufactura, supply chain o sectores industriales.
¿Te apasiona convertir la información en decisiones que marcan la diferencia?
Este es tu momento.
¿Qué buscamos en ti para crecer juntos?
Buscamos talento con visión, curiosidad y ganas de crecer. Estos son los requisitos clave:
Cloud & MLOps: experiencia end-to-end en Vertex AI, pipelines, model registry, feature stores, CI/CD, monitoring, drift detection, retraining y governance.
Serving & arquitectura: despliegue de modelos mediante Cloud Run, FastAPI, Kubernetes/GKE, APIs y arquitecturas batch, online y streaming; optimización de latencia, throughput y costos.
Data Engineering: dominio de BigQuery, BigQuery ML, PySpark, Pandas/Polars, feature engineering a gran escala y arquitecturas lakehouse.
Forecasting — obligatorio: dominio de Prophet, SARIMA/SARIMAX, VAR/VECM, LSTM, GRU, Transformers, ensembles, modelos probabilísticos y boosting; además de forecasting jerárquico y tuning avanzado.
Retail/Industria — obligatorio: experiencia en clustering, RFM, demand sensing/shaping y recommendation systems a escala.
Optimización — deseable: MILP/MINLP, programación estocástica, robust optimization, metaheurísticas, inventarios multi-echelon, routing y scheduling, utilizando OR-Tools, Pyomo, PuLP o Gurobi.
Causalidad & experimentación — deseable: A/B testing, inferencia causal, DiD, propensity scores, DAGs, uplift modeling y treatment effects.
Programación: Python experto, desarrollo de código productivo, testeable y mantenible; además de SQL avanzado y R para análisis estadístico especializado.
Negocio: comprensión de Supply Chain, Retail, inventarios, replenishment, S&OP, pricing, promociones y segmentación.
KPIs: capacidad para conectar métricas técnicas con resultados de negocio: MAPE/WMAPE/Bias, fill rate, service level, inventory turnover, GMROI, ROI, NPV y cost-to-serve.
Ser parte de MBC es crecer, contribuir y dejar huella
Serás parte de la transformación energética, contribuyendo a un futuro más sostenible.
Trabajarás con personas brillantes y cercanas, con el respaldo de la empresa y el acompañamiento de managers y líderes.
Tendrás un plan de carrera ambicioso, con evaluaciones semestrales que impulsan tu desarrollo.
Disfrutarás de autonomía, exposición a clientes y oportunidades reales de liderazgo.
Un sistema de evaluación transparente, con reglas claras desde el inicio.
Cultura centrada en las personas, el respeto medioambiental, el impacto social y la igualdad de género.
Pasión por los resultados y por generar soluciones que marcan la diferencia.
Trabajarás con clientes líderes del sector eléctrico en proyectos estratégicos.
Tu desarrollo, nuestra prioridad: descubre lo que MBC tiene para ti
Crece, aprende y lidera
Evaluaciones semestrales y revisión salarial por desempeño.
Formación en skills de consultoría, soft skills, skills digitales y certificaciones.
Programa internacional MBC ICE para trabajar en proyectos globales.
Mentoring personalizado para maximizar tu potencial.
Exposición a clientes del IBEX 35.
Beneficios que marcan la diferencia
Modelo de trabajo híbrido.
Descuentos en instituciones educativas
EPS al 100%
Seguro de Vida
Acceso a TherapySide, plataforma de bienestar
Una cultura que te impulsa
Entorno dinámico, diverso y colaborativo donde la innovación y la excelencia son clave.
Eventos de team building, afterworks y actividades deportivas.
Iniciativas ThePlaceToBe y voluntariado Grupo Indra con impacto en personas, medio ambiente y tecnología.
Respeto, diversidad e igualdad de oportunidades como pilares fundamentales.
¿Estás listo para dar el siguiente paso en tu carrera?
Si te apasiona la gestión de proyectos, la consultoría y el impacto real en clientes
Únete a MBC y haz historia.
MBC, the place to be.
Nuestro compromiso es promover ambientes de trabajo en los que se trate con respeto y dignidad a las personas, procurando el desarrollo profesional de la plantilla y garantizando la igualdad de oportunidades en su selección, formación y promoción ofreciendo un entorno de trabajo libre de cualquier discriminación por motivo de género, edad, discapacidad, orientación sexual, identidad o expresión de género, religión, etnia, estado civil o cualquier otra circunstancia personal o social.",4863,False,https://www.bumeran.com.pe/empleos/data-scientist-gcp-indra-peru-1118398317.html,2026-09-23 21:32
1118395861,Data Engineer GCP,INDRA PERU,Ciencia e ingeniería de datos,data engineer,1,"Tecnología, Sistemas y Telecomunicaciones",Data Entry,Senior,Híbrido,Full-time,Indeterminado,FULL_TIME,1,False,True,False,False,False,Lima,Lima,PE,"Lima, Lima, Peru",2026-08-10,2026-11-08,44,Actualizado hace más de 15 días,,,,,,4.0,False,Google Cloud,1,False,False,False,False,False,False,False,False,False,False,False,False,False,False,False,True,False,False,False,False,False,False,2255030,https://www.bumeran.com.pe/perfiles/empresa_indra-peru_2255030.html,Informática / Tecnología,"Lima, Aguascalientes",Entre 1001 y 5000 empleados,"Somos una de las principales empresas globales de consultoría y tecnología y el socio tecnológico global para los negocios clave de nuestros clientes. Desarrollamos una oferta de soluciones propias, servicios avanzados y de alto valor añadido en tecnología.",,,,,,,,,"En MBC, firma de consultoría de negocio, estrategia y operaciones de Indra Group, transformamos organizaciones.
¿Te apasiona convertir la información en decisiones que marcan la diferencia?
Este es tu momento.
¿Qué buscamos en ti para crecer juntos?
Buscamos talento con visión, curiosidad y ganas de crecer. Estos son los requisitos clave:
Que tengas más de 4 años de experiencia como Data Engineer GCP
Profesional en carreras de Ingeniería o afines
Cloud: GCP
Excelentes habilidades de comunicación, tanto oral como escrita.
Experiencia en colaboración con equipos multidisciplinarios.
Nuestro formato de trabajo es híbrido, por lo que necesitamos que residas en Lima.
Ser parte de MBC es crecer, contribuir y dejar huella
Serás parte de la transformación energética, contribuyendo a un futuro más sostenible.
Trabajarás con personas brillantes y cercanas, con el respaldo de la empresa y el acompañamiento de managers y líderes.
Tendrás un plan de carrera ambicioso, con evaluaciones semestrales que impulsan tu desarrollo.
Disfrutarás de autonomía, exposición a clientes y oportunidades reales de liderazgo.
Un sistema de evaluación transparente, con reglas claras desde el inicio.
Cultura centrada en las personas, el respeto medioambiental, el impacto social y la igualdad de género.
Pasión por los resultados y por generar soluciones que marcan la diferencia.
Trabajarás con clientes líderes del sector eléctrico en proyectos estratégicos.
Tu desarrollo, nuestra prioridad: descubre lo que MBC tiene para ti
Crece, aprende y lidera
Evaluaciones semestrales y revisión salarial por desempeño.
Formación en skills de consultoría, soft skills, skills digitales y certificaciones.
Programa internacional MBC ICE para trabajar en proyectos globales.
Mentoring personalizado para maximizar tu potencial.
Exposición a clientes del IBEX 35.
Beneficios que marcan la diferencia
Modelo de trabajo híbrido.
Descuentos en instituciones educativas
EPS al 100%
Seguro de Vida
Acceso a TherapySide, plataforma de bienestar
Una cultura que te impulsa
Entorno dinámico, diverso y colaborativo donde la innovación y la excelencia son clave.
Eventos de team building, afterworks y actividades deportivas.
Iniciativas ThePlaceToBe y voluntariado Grupo Indra con impacto en personas, medio ambiente y tecnología.
Respeto, diversidad e igualdad de oportunidades como pilares fundamentales.
¿Estás listo para dar el siguiente paso en tu carrera?
Si te apasiona la gestión de proyectos, la consultoría y el impacto real en clientes Únete a MBC y haz historia.
MBC, the place to be.
Nuestro compromiso es promover ambientes de trabajo en los que se trate con respeto y dignidad a las personas, procurando el desarrollo profesional de la plantilla y garantizando la igualdad de oportunidades en su selección, formación y promoción ofreciendo un entorno de trabajo libre de cualquier discriminación por motivo de género, edad, discapacidad, orientación sexual, identidad o expresión de género, religión, etnia, estado civil o cualquier otra circunstancia personal o social.",3053,False,https://www.bumeran.com.pe/empleos/data-engineer-gcp-indra-peru-1118395861.html,2026-09-23 21:32
1118395191,Data Engineer Pleno,Inetum Perú,Ciencia e ingeniería de datos,data engineer,1,"Tecnología, Sistemas y Telecomunicaciones",Data Entry,Senior,Híbrido,Full-time,Temporal,TEMPORARY,1,False,False,False,False,False,Lima,San Isidro,PE,"San Isidro, Lima, Peru",2026-08-08,2026-11-06,46,Actualizado ayer,,,,,,3.0,False,"SQL, Python, Spark, Databricks, Azure, ETL",6,True,True,False,False,False,False,False,False,False,False,False,True,True,False,True,False,False,False,True,False,False,True,1669060,https://www.bumeran.com.pe/perfiles/empresa_inetum-peru_1669060.html,Informática / Tecnología,"Miraflores, Lima",Entre 1001 y 5000 empleados,"Inetum es una compañía con 50 años de experiencia en el desarrollo de servicios IT a nivel internacional, con más de 27.000 expertos tecnólogos que acompañan a sus clientes en su proceso de digitalización, evaluando sus necesidades para diseñar las mejores estrategias del mercado.",,,,,,,,,"Actualmente nos encontramos en búsqueda de 01 QA Automatizador Senior para que se integre a nuestro equipo.
Requisitos
Profesional en Ingeniería de Sistemas, Computación, Informática o carreras afines.
Experiencia mínima de 3 años en el rol de Data Engineer o similares
Procesamiento distribuido con PySpark, SparkSQL, SQL y PL/SQL
Desarrollo en Python, Shell Scripting y manejo de Linux/Unix
Optimización de procesos y gestión de datos en Oracle, ADLS Gen2 y DBFS
Trabajo en Azure Databricks y Data Factory
Conocimiento en Azure SQL, Cosmos DB y Key Vault
Uso de formatos como Delta, Parquet, JSON y CSV
Herramientas como Jira, Jenkins, GitHub, y entornos como VS Code o Notebooks
Buen manejo de pipelines ETL/ELT, control de calidad de datos y metodologías ágiles
Beneficios
Incorporación a planilla con todos los beneficios de ley
Capacitaciones generales y específicas de acuerdo a tu especialidad
Actividades de integración y Wellness Programs
Descuentos corporativos en diversos establecimientos
Condiciones
Modalidad híbrida (2 días de asistencia presencial a la semana)
Lunes a Viernes de 9:00am a 6:00pm
Trabajo en La Molina o Chorrillos
Contrato inicial de 6 meses, renovables
Conoce más de nosotros en www.inetum.com/es o visita nuestras redes sociales como Inetum Perú para conocer más de nuestra cultura corporativa y metodologías de trabajo. ¡Te esperamos!
En Inetum promovemos la diversidad de género, origen étnico, nacionalidad, la inclusión de personas con discapacidad y/o habilidades diferentes mediante la igualdad de oportunidades en todos los procesos, y buscamos ampliar las oportunidades de desarrollo profesional.",1639,False,https://www.bumeran.com.pe/empleos/data-engineer-pleno-inetum-peru-1118395191.html,2026-09-23 21:32
1118393898,DATA SCIENTIST,San Fernando - La buena Familia,Ciencia e ingeniería de datos,data scientist,1,"Tecnología, Sistemas y Telecomunicaciones",Data Entry,Junior,Híbrido,Full-time,Indeterminado,FULL_TIME,2,True,False,False,False,False,Lima,Surquillo,PE,"Surquillo, Lima, Peru",2026-08-07,2026-11-05,47,Actualizado hace más de 15 días,,,,,,,False,"SQL, Python, Power BI, Excel, Machine Learning",5,True,True,False,True,True,False,False,False,False,False,False,False,False,False,False,False,False,False,False,True,False,True,10002829,https://www.bumeran.com.pe/perfiles/empresa_san-fernando-la-buena-familia_10002829.html,Consumo masivo,"LIMA, Lima",Entre 1001 y 5000 empleados,"Somos una empresa peruana con mpas de 75 años en el mercado. Dedicada a la producción y comercialización de alimentos de consumo masivo de las líneas pollo, pavo, cerdo, huevo y productos procesados. Líderes en los mercados con los que competimos a nivel nacional.",3.8,3.6,3.6,3.9,3.6,3.4,3.3,30.0,"En San Fernando, buscamos un Data Scientist que diseñe, desarrolle e implemente soluciones de ciencia de datos para generar valor en las unidades de negocio, optimizar procesos y fortalecer la toma de decisiones estratégicas a través de modelos predictivos, analítica avanzada y automatización de información.
Esta posición tendrá un rol clave en el desarrollo de proyectos analíticos, construcción de modelos, integración de datos y traducción de necesidades del negocio en soluciones concretas y sostenibles.
¿QUÉ NECESITAS?
Educación superior completa en Ciencia de Datos, Economía, Estadística, Ingeniería Industrial, Ingeniería de Sistemas, Ingeniería Informática o carreras afines.
Experiencia mínima de 6 meses en funciones relacionadas a data analytics, ciencia de datos, analítica avanzada, RGM o afines.
Experiencia desarrollando modelos predictivos y análisis estadísticos aplicados al negocio.
Manejo de Python básico-intermedio.
Manejo de SQL básico-intermedio.
Manejo de Power BI intermedio.
Manejo de Excel intermedio.
Deseable conocimiento en Machine Learning, estadística aplicada y MLOps básico.
Deseable conocimiento en Deep Learning básico, plataformas Cloud y Git.
Capacidad para trabajar con data automatizada, identificar patrones y convertir información en recomendaciones accionables.
Comunicación efectiva, orientación al cliente interno, innovación y trabajo colaborativo.
¿QUÉ HARÁS?
Diseñar consultas en SQL para extraer, integrar y transformar información de distintas fuentes.
Analizar datos para identificar patrones, correlaciones, tendencias y oportunidades de mejora.
Construir dashboards ejecutivos aplicando criterios de visualización, storytelling y entendimiento del negocio.
Diseñar, desarrollar y validar modelos estadísticos, predictivos y de Machine Learning.
Implementar modelos analíticos que respondan a necesidades reales de las unidades de negocio.
Automatizar procesos de análisis, procesamiento de datos y generación de información usando Python u otras herramientas.
Monitorear, ajustar y optimizar modelos implementados, evaluando precisión, estabilidad y comportamiento en el tiempo.
Levantar requerimientos con clientes internos y traducirlos en soluciones de ciencia de datos.
Gestionar proyectos analíticos coordinando con equipos multidisciplinarios.
Presentar hallazgos, resultados y recomendaciones de manera clara y accionable.
Documentar fuentes, metodologías, modelos y procesos para asegurar trazabilidad.
Velar por la calidad, integridad, seguridad y confiabilidad de los datos utilizados.
¿QUÉ OFRECEMOS?
EPS cubierto al 60%.
Asignación por escolaridad y aguinaldo.
Convenios con universidades.
Capacitación externa de acuerdo a desempeño.
Capacitación interna constante.
¡Ven y únete a LA BUENA FAMILIA!
En San Fernando, evaluamos a nuestros candidatos y candidatas en función de sus conocimientos, habilidades y experiencia, asegurando un proceso de selección basado en mérito y equidad. No discriminamos por motivos de raza, religión, orientación sexual, condición física, situación socioeconómica o cualquier otra característica personal.
Política de privacidad de datos para los postulantes
Los datos personales solicitados son necesarios para evaluar su interés y perfil profesional para ocupar una posición en San Fernando S.A. Estos podrán incluir información de identificación, contacto, formación, trayectoria profesional, remuneración, evaluaciones psicotécnicas y demás datos proporcionados durante el proceso. Si no los proporciona, no podremos continuar con su evaluación.
Recopilamos sus datos para gestionar su postulación, evaluación y selección. Serán almacenados en el Banco de Datos Personales “Postulantes”, inscrito mediante Resolución Directoral N.º 931-2020-JUS/DGTAIPD-DPDP, bajo titularidad de San Fernando.
Los datos podrán ser encargados o transferidos a Google LLC, proveedor de alojamiento en la nube ubicado en Estados Unidos, y comunicados a autoridades administrativas, judiciales o policiales cuando exista una obligación legal.
Conservaremos sus datos durante el tiempo necesario para evaluar su postulación y podrán mantenerse para futuras vacantes similares hasta que revoque su consentimiento.
Como titular, puede ejercer sus derechos de acceso, rectificación, cancelación, oposición, limitación y revocación escribiendo a: derechosarco(arroba)san-fernando.com.pe.",4367,False,https://www.bumeran.com.pe/empleos/data-scientist-san-fernando-la-buena-familia-1118393898.html,2026-09-23 21:32
1118395059,Ingeniero de Datos / Desarrollador ETL,Encora,Ciencia e ingeniería de datos,ingeniero de datos,1,"Tecnología, Sistemas y Telecomunicaciones",Data Warehousing,Semi Sr,Presencial,Full-time,Indeterminado,FULL_TIME,2,True,False,False,False,False,Lima,Lima,PE,"Lima, Lima, Peru",2026-08-07,2026-11-05,47,Actualizado hace 13 días,,,,,,1.0,False,"SQL, Databricks, Azure, ETL",4,True,False,False,False,False,False,False,False,False,False,False,False,True,False,True,False,False,False,True,False,False,True,1527080,https://www.bumeran.com.pe/perfiles/empresa_encora_1527080.html,Informática / Tecnología,"Lima, Lima",Entre 1001 y 5000 empleados,"Coforge es una compañía global de servicios de tecnología de la información enfocada en la transformación digital de empresas mediante soluciones innovadoras en áreas como desarrollo de software, analítica de datos, automatización y computación en la nube. Con un fuerte conocimiento sectorial en industrias como banca, seguros, viajes y transporte, la empresa se posiciona como un socio estratégico que ayuda a las organizaciones a mejorar su eficiencia operativa y adaptarse a entornos digitales en constante evolución.

En Latinoamérica, Coforge ha fortalecido su presencia como parte de su estrategia de crecimiento, estableciendo equipos y capacidades para atender tanto a clientes regionales como globales. En Perú, la compañía ha consolidado su operación mediante el desarrollo de talento tecnológico y la participación en proyectos internacionales, posicionando al país como un hub clave dentro de su red en la región y contribuyendo al avance del ecosistema digital local.",,,,,,,,,"Título del puesto: Ingeniero de Datos / Desarrollador ETL
Habilidades clave: Azure Data Factory, Databricks, Oracle PL/SQL, ETL, DWH, DataLake, CRM
Experiencia: +3 años de experiencia.
Ubicación: Lima, Perú
Modalidad: [Indicar Remoto, Híbrido o Presencial]
En Coforge estamos buscando un Ingeniero de Datos con el siguiente perfil.
Responsabilidades principales
Construcción y mantenimiento de procesos ETL utilizando diversas herramientas.
Desarrollo e implementación de soluciones de datos en la nube mediante Azure Data Factory y Databricks.
Desarrollo de paquetes y procedimientos almacenados en bases de datos Oracle.
Participación activa en proyectos del sector bancario y de implementación de CRM, adaptándose a los requerimientos y cronogramas del equipo.
Requisitos indispensables
Experiencia de 3 años en desarrollo de Paquetes y Procedimientos Almacenados de Oracle.
Experiencia de 3 años en construcción de Procesos ETL en cualquier herramienta ETL.
Experiencia de 3 años comprobada trabajando en proyectos en Banca.
Experiencia de 1 año en desarrollo en Data Factory de Azure.
Experiencia de 1 año en desarrollo en Databricks de Azure.
Conocimiento avanzado de SQL y PL/SQL Oracle.
Conocimiento básico en Modelamiento dimensional de DWH y DataLake.
Conocimiento básico en modelamiento de bases de datos, específicamente 3ra Forma Normal.
Conocimiento básico de sistemas operativos Linux o Unix (ejecución de Shell script, administración de archivos, administración de permisos, etc.).
Conocimiento y experiencia práctica en conceptos de CRM y proyectos de implementación de CRM.
Alta capacidad para adaptarse a las necesidades del proyecto, asistencia y horario.
Requisitos deseables
Certificaciones oficiales en Microsoft Azure y/o Databricks.
Publicado el: 07-08-2026",1782,False,https://www.bumeran.com.pe/empleos/ingeniero-de-datos-desarrollador-etl-encora-1118395059.html,2026-09-23 21:32
1118394758,INGENIERO DE DATOS,INTEGRATION & QUALITY PROJECT MANAGEMENT S.A.C. - IQ PROJECT S.A.C.,Ciencia e ingeniería de datos,ingeniero de datos,1,"Tecnología, Sistemas y Telecomunicaciones",Tecnologia / Sistemas,Semi Sr,Híbrido,Full-time,Temporal,TEMPORARY,1,False,False,False,True,False,Lima,Lima,PE,"Lima, Lima, Peru",2026-08-07,2026-11-05,47,Actualizado hace 12 horas,,,,,,3.0,False,"SQL, Python, Power BI, Spark, AWS, Snowflake, ETL",7,True,True,False,True,False,False,False,False,False,False,False,True,False,True,False,False,False,True,True,False,False,False,13062273,https://www.bumeran.com.pe/perfiles/empresa_integration-quality-project-management-s.a.c.-iq-project-s.a.c._13062273.html,Consultoría,"LIMA - MIRAFLORES, Lima",Entre 11 y 50 empleados,"IQ Project está conformado por un equipo de profesionales con identidad única. Nos sentimos orgullos de lo que somos, lo que hacemos y sentimos pasión por la tecnología. Nuestros servicios comprenden Outsourcing y consultoría, desarrollo de software y sistemas, la Consultoría de proyectos TI,etc.",,,,,,,,,"iQ Project se encuentra en la búsqueda de un(a) Ingeniero(a) de Datos para incorporarse a nuestro equipo y participar en proyectos de transformación digital.
Funciones
Desarrollar y mantener procesos ETL/ELT y Data Pipelines.
Diseñar y optimizar modelos de datos.
Implementar soluciones de procesamiento Batch y Streaming.
Desarrollar soluciones utilizando Python, PySpark, Scala, SQL y DBT.
Administrar flujos de datos mediante Apache Airflow.
Trabajar con servicios AWS (S3, Glue, Redshift, EMR, Lambda y Athena).
Garantizar la calidad, disponibilidad e integridad de los datos.
Integrar y consumir APIs REST/RESTful y GraphQL.
Aplicar buenas prácticas de desarrollo, Git y CI/CD.
Participar en proyectos bajo metodologías ágiles.
Requisitos
Profesional de Ingeniería de Sistemas, Ingeniería Informática, Estadística o carreras afines.
Experiencia mínima de 3 años como Ingeniero(a) de Datos.
Dominio de Python, PySpark, Scala y SQL.
Experiencia con Apache Airflow.
Conocimiento de Git y CI/CD.
Experiencia en AWS (S3, Glue, Redshift, EMR, Lambda y Athena).
Experiencia desarrollando ETL/ELT y Data Pipelines.
Conocimientos en bases de datos SQL, NoSQL y Data Warehouse (Redshift, Snowflake u otros).
Experiencia en procesamiento Batch y Streaming.
Experiencia en modelamiento y calidad de datos.
Experiencia consumiendo y desarrollando APIs REST/RESTful y GraphQL.
Se valorará
Experiencia con DBT.
Conocimientos de Terraform o CloudFormation.
Conocimientos de arquitecturas Data Lake, Lakehouse o Data Mesh.
Experiencia en Power BI.
Experiencia en empresas del sector Retail.
Conocimientos de Scrum o Kanban.
Ofrecemos
Ingreso a planilla MYPE desde el primer día.
Modalidad híbrida (1 a 2 días presenciales por semana).
Participación en proyectos tecnológicos de alto impacto.
Excelente ambiente de trabajo y oportunidades de aprendizaje.",1841,False,https://www.bumeran.com.pe/empleos/ingeniero-de-datos-integration-quality-project-management-s.a.c.-iq-project-s.a.c.-1118394758.html,2026-09-23 21:32
1118391771,Data Engineer - GCP (Contrato por proyecto),TIVIT Perú,Ciencia e ingeniería de datos,data engineer,1,"Tecnología, Sistemas y Telecomunicaciones",Análisis de Datos,Senior,Híbrido,Full-time,Temporal,TEMPORARY,2,True,False,False,False,False,Lima,Santiago de Surco,PE,"Santiago de Surco, Lima, Peru",2026-08-05,2026-11-03,49,Actualizado hace 13 días,,,,,,,False,"SQL, Python, Power BI, Looker, Google Cloud, ETL",6,True,True,False,True,False,False,False,True,False,False,False,False,False,False,False,True,False,False,True,False,False,True,10143228,https://www.bumeran.com.pe/perfiles/empresa_tivit-peru_10143228.html,Informática / Tecnología,"Lima, Lima",Entre 151 y 300 empleados,"TIVIT es una multinacional tecnológica, presente en el mercado desde hace 20 años, en 10 países de América Latina. A través de soluciones como ciberseguridad, cloud, infraestructura, Digital Workplace, IA, SAP, monitoreo, plataformas y gestión de crisis, entre otras, ofrecemos respuestas y servicios personalizados que impactan en el negocio, y en la rutina de empresas y personas.  
Con el uso de tecnologías emergentes, alianzas tecnológicas y servicios innovadores, apoyamos a nuestros clientes en el viaje de la transformación digital, en diversos sectores como, servicios financieros, utilities, retail, salud y Oil & Gas, entre otros.",,,,,,,,,"Somos una compañía de soluciones digitales, con operación en diez países de América Latina. Apoyamos y evolucionamos los negocios de nuestros clientes a partir de nuestras cuatro líneas de negocios: Digital Business, Cloud Solutions, Digital Payments y Technology Platforms.
En estos momentos nos encontramos en búsqueda de un talento para cumplir el rol de Data Enginner GCP - Por proyecto.
Requisitos:
Requisitos e Infraestructura Técnica (Hard Skills):
Nube (GCP): Experiencia sólida trabajando con herramientas serverless como Cloud Functions y Cloud Run, así como orquestación de procesos con Cloud Composer (Apache Airflow) o Workflows.
Bases de Datos & Big Data: Dominio avanzado de BigQuery (optimización de consultas SQL, procesamiento de grandes volúmenes de datos y APIs). Manejo de almacenamiento no estructurado en Cloud Storage.
Lenguajes de Programación & Scripting: Dominio de Python, SQL, Bash y/o PowerShell.
Integraciones y ETL: Experiencia en desarrollo e integración de procesos ETL y conexión a APIs (deseable redes sociales).
DevOps & Control de Versiones: Manejo sólido de Git y conocimientos en flujos de integración/despliegue DevOps.
Gobernanza y Seguridad de Datos: Conocimiento en herramientas como Dataplex, Data Catalog y normativas de seguridad de datos (GDPR / CCPA).
Herramientas complementarias: Conocimientos básicos en metodologías ágiles (Scrum, Kanban) y herramientas de BI (Power BI, Looker Studio).
Habilidades Blandas (Soft Skills):
Comunicación Efectiva: Capacidad para transmitir conceptos técnicos complejos a audiencias no técnicas y entender las necesidades del negocio.
Pensamiento Estratégico y Orientación a Resultados: Enfoque en entregar soluciones que agreguen valor real a la organización e impulso de mejora continua.
Resolución de Problemas y Toma de Decisiones: Proactividad para resolver incidencias técnicas en escenarios de alta incertidumbre.
Gestión del Cambio y Adaptabilidad: Liderazgo en la adopción de nuevas tecnologías y agilidad frente a cambios en el entorno de negocio.
Creemos firmemente en la igualdad de oportunidades para hombres y mujeres, promovemos la diversidad generacional, origen étnico, nacionalidad y la inclusión de personas con habilidades diferentes y/o discapacidad (de acuerdo a lo establecido en la Ley N° 29973 “Ley general de la persona con discapacidad”)
¿Te gustaría embarcarte en este desafío con nosotros? 🚀 #VENASERTIVIT",2417,False,https://www.bumeran.com.pe/empleos/data-engineer-gcp-contrato-por-proyecto-tivit-peru-1118391771.html,2026-09-23 21:32
1118391630,Ingeniero de Datos – Azure Data Factory / Oracle,BUILDING SOFTWARE,Ciencia e ingeniería de datos,ingeniero de datos,1,"Tecnología, Sistemas y Telecomunicaciones",Data Warehousing,Semi Sr,Presencial,Full-time,Indeterminado,FULL_TIME,1,False,False,False,False,False,Lima,Surquillo,PE,"Surquillo, Lima, Peru",2026-08-05,2026-11-03,49,Actualizado hace más de 15 días,,,,,,2.0,False,"SQL, Databricks, Azure, ETL",4,True,False,False,False,False,False,False,False,False,False,False,False,True,False,True,False,False,False,True,False,False,True,13250450,https://www.bumeran.com.pe/perfiles/empresa_building-software_13250450.html,Consultoría,"lima, Lima",Entre 51 y 150 empleados,"Somos una consultora del sector TI que proporciona soluciones de negocio y estrategia, desarrollo de aplicaciones, mantenimiento y servicios de outsourcing. Nuestra estrategia se basa en ser más eficiente, flexible y cercana a nuestros clientes con las mismas capacidades de servicio que las grandes Compañías Globales.",,,,,,,,,"¡Estamos contratando!
Ingeniero de Datos – Azure Data Factory / Oracle
Buscamos un Ingeniero de Datos con experiencia en el desarrollo de procesos ETL y soluciones de integración de datos, orientado a garantizar la calidad de la información y optimizar plataformas de datos.
La posición participará en el diseño, desarrollo y mantenimiento de soluciones de datos para proyectos del sector bancario, utilizando tecnologías Azure y Oracle.

📍 Modalidad: Hibrida - Surquillo

Funciones
Desarrollar procesos ETL y pipelines en Azure Data Factory.
Construir y administrar soluciones de almacenamiento de datos (Data Warehouse y Data Lake).
Desarrollar y optimizar paquetes y procedimientos almacenados en Oracle.
Garantizar la calidad y consistencia de los datos.
Optimizar consultas y el rendimiento de la infraestructura de datos.

Requisitos
Bachiller en Ingeniería de Sistemas o carreras afines.
Experiencia mínima de 2 años como Ingeniero de Datos o posiciones similares.
Dominio avanzado de Azure Data Factory.
Dominio avanzado de SQL y PL/SQL Oracle.
Experiencia en procesos ETL.
Manejo intermedio de Azure Databricks.
Manejo intermedio de paquetes y procedimientos almacenados en Oracle.
Conocimientos de Data Warehouse, Data Lake y modelamiento de bases de datos.
Conocimientos básicos de Linux o Unix.
Deseable experiencia en proyectos del sector bancario.

Importante
Es obligatorio responder todas las preguntas de postulación para ser considerado(a) en el proceso.",1472,False,https://www.bumeran.com.pe/empleos/ingeniero-de-datos--azure-data-factory-oracle-building-software-1118391630.html,2026-09-23 21:32
1118391531,Ingeniero de Datos (área de TI),INDUSTRIAS SAN MIGUEL,Ciencia e ingeniería de datos,ingeniero de datos,1,"Tecnología, Sistemas y Telecomunicaciones",Análisis de Datos,Semi Sr,Presencial,Full-time,Indeterminado,FULL_TIME,1,False,False,False,True,False,Lima,Santiago de Surco,PE,"Santiago de Surco, Lima, Peru",2026-08-05,2026-11-03,49,Actualizado hace 9 horas,,,,,,2.0,False,"SQL, Python, Spark, Azure, ETL",5,True,True,False,False,False,False,False,False,False,False,False,True,False,False,True,False,False,False,True,False,False,True,2380700,https://www.bumeran.com.pe/perfiles/empresa_industrias-san-miguel_2380700.html,Consumo masivo,"Lima, Lima",Entre 1001 y 5000 empleados,"Somos una empresa peruana dedicada a la producción de bebidas soft drink, néctares de frutas y agua natural.
En ISM cumplimos con estándares internacionales (ISO 9001, ISO 14001 y OHSAS 18001) que certifican la alta calidad de nuestros productos y la responsabilidad socia con el entorno.",,,,,,,,,"¡Somos un equipo unido por un mismo propósito! “Dar todo nuestro espíritu emprendedor para alimentar juntos un futuro próspero”. Intégrate como INGENIERO DE DATOS para nuestro equipo de TI.
¿Cuál será tu misión?
Diseñar, implementar y administrar soluciones de integración, procesamiento y gestión de datos que permitan consolidar información de múltiples sistemas corporativos, asegurando el cumplimiento de los principios de Gobierno de Datos.
¿Qué perfil buscamos?
Titulado universitario en Ingeniería de Sistemas, Informática, Industrial o afines.
Experiencia mínima de 02 años de Ingeniería de Datos .
Conocimientos informáticos: SQL Avanzado/ Python / Spark Intermedio / ETL , ELT / Modelado Dimensional / Git / JSON / Azure Data Factory / Azure Synapse
¿Cuáles serán tus principales funciones y responsabilidades?
Diseñar procesos de integración de datos mediante arquitecturas de carga, transformación y publicación de información, asegurando la disponibilidad de datos estructurados.
Desarrollar pipelines automatizados mediante la configuración de flujos de ingestión, transformación y entrega de datos.
Administrar la calidad de los datos mediante la definición e implementación de reglas de validación, controles automatizados y monitoreo de indicadores, garantizando la integridad, consistencia, confiabilidad y disponibilidad de la información.
Mantener y fortalecer el Gobierno de Datos, asegurando la documentación de activos de datos, metadatos y reglas de negocio, así como el cumplimiento de estándares.
Monitorear la operación de la plataforma de datos, supervisando la ejecución de pipelines, la gestión de alertas, bitácoras e incidentes, garantizando la continuidad operativa, la disponibilidad de la información y el cumplimiento de los niveles de servicio (SLA).
¿Qué beneficios tenemos para ti?
Pertenecer a una empresa peruana con presencia a nivel internacional.
Ingreso a planilla con todos los beneficios de ley.
Capacitaciones constantes.
Modalidad: Presencial (Surco - Lima)
Horario: Lunes a Viernes 8am - 6pm
“ESMS SAC mantiene una política de contratación inclusiva, por lo que de acuerdo a la Ley N°29973, Ley General de la Persona con Discapacidad la convocatoria es abierta"".",2212,False,https://www.bumeran.com.pe/empleos/ingeniero-de-datos-area-de-ti-industrias-san-miguel-1118391531.html,2026-09-23 21:32
1118391606,Ingeniero de Datos - Campañas CRM,INDRA PERU,Ciencia e ingeniería de datos,ingeniero de datos,1,"Tecnología, Sistemas y Telecomunicaciones",Tecnologia / Sistemas,Semi Sr,Híbrido,Full-time,Temporal,TEMPORARY,3,True,True,False,False,False,Lima,Surquillo,PE,"Surquillo, Lima, Peru",2026-08-05,2026-11-03,49,Actualizado hace 2 días,,,,,,1.0,False,"SQL, Databricks, Azure, ETL",4,True,False,False,False,False,False,False,False,False,False,False,False,True,False,True,False,False,False,True,False,False,False,2255030,https://www.bumeran.com.pe/perfiles/empresa_indra-peru_2255030.html,Informática / Tecnología,"Lima, Aguascalientes",Entre 1001 y 5000 empleados,"Somos una de las principales empresas globales de consultoría y tecnología y el socio tecnológico global para los negocios clave de nuestros clientes. Desarrollamos una oferta de soluciones propias, servicios avanzados y de alto valor añadido en tecnología.",,,,,,,,,"Estamos en la búsqueda de Ingenieros de Datos CRM para integrarse a un importante proyecto del sector bancario.
La posición está orientada al desarrollo y mantenimiento de procesos de integración de datos para campañas CRM, participando en la construcción de soluciones ETL, procesamiento de información y administración de datos sobre plataformas Azure.
Buscamos un perfil con experiencia en ingeniería de datos, conocimientos en CRM y procesos ETL, capaz de trabajar con grandes volúmenes de información y contribuir al desarrollo de soluciones de datos alineadas a las necesidades del negocio.
Formación Académica:
Profesional en Ingeniería de Sistemas, Ingeniería Informática, Software o carreras afines.
Requisitos asociados:
Experiencia en proyectos relacionados con CRM o despliegue de campañas CRM.
Experiencia mínima de 3 años como Ingeniero de Datos o posiciones similares.
Experiencia mínima de 3 años desarrollando procesos ETL.
Experiencia mínima de 3 años desarrollando procedimientos almacenados y paquetes en Oracle (PL/SQL).
Experiencia mínima de 1 año trabajando con Azure Data Factory.
Experiencia mínima de 1 año trabajando con Azure Databricks.
Experiencia en proyectos del sector bancario.
Conocimientos en:
Azure Data Factory.
Azure Databricks.
Oracle SQL y PL/SQL.
Procesos ETL.
Modelamiento dimensional (Data Warehouse y Data Lake).
Modelamiento de bases de datos (Tercera Forma Normal).
Linux/Unix (Shell Script, administración de archivos y permisos).
SQL Avanzado.
Deseable:
Certificaciones en Microsoft Azure y/o Databricks.
Beneficios:
EPS cubierta al 100%.
Acceso a plataformas de aprendizaje (Udemy Business o similares).
Beneficios corporativos en nuestra plataforma Be Beneficios (descuentos en tiendas, restaurantes y viajes).
Línea de carrera y crecimiento profesional.
Modalidad de trabajo: Híbrida - 2 veces a la semana en sede cliente (Mar/Jue) - Surquillo.",1896,False,https://www.bumeran.com.pe/empleos/ingeniero-de-datos-campanas-crm-indra-peru-1118391606.html,2026-09-23 21:32
1118390683,Data Engineer Junior / Ingeniero(a) de Datos Junior por proyecto - Remoto,IBR PERU S.A.,Ciencia e ingeniería de datos,ingeniero de datos; data engineer,2,"Tecnología, Sistemas y Telecomunicaciones",Análisis de Datos,Junior,Remoto,Full-time,Temporal,TEMPORARY,1,False,False,False,False,False,Lima,Lima,PE,"Lima, Lima, Peru",2026-08-04,2026-11-02,50,Actualizado hace más de 15 días,,,,,,2.0,True,"SQL, Python, Power BI, Spark, AWS, ETL",6,True,True,False,True,False,False,False,False,False,False,False,True,False,True,False,False,False,False,True,False,False,False,10146595,https://www.bumeran.com.pe/perfiles/empresa_ibr-peru-s.a._10146595.html,Servicios,"Lima, Lima",Entre 501 y 1000 empleados,"Somos IBR LATAM una compañía con más de 14 años en el mercado especialista en la generación de experiencias memorables en el servicio, con un enfoque en Cobranzas, Atención, Back Office y BPO manteniendo en el tiempo resultados de éxito en sus clientes.

Trabajando desde la gestión de la felicidad desde nuestros colaboradores coordinado con tecnología customizada y de vanguardia para trascender, y ser líderes en el mercado regional en América.

Nuestra presencia regional es; Chile (casa matriz), Argentina, Colombia y Perú.",,,,,,,,,"Por encargo de nuestro cliente, una empresa líder en el sector educativo en el Perú, nos encontramos en la búsqueda de un/a Data Engineer Junior - Por proyecto 1 mes para integrarse a su equipo de Tecnología.

Requisitos:
Bachiller o Egresado en Ingeniería de Computación y Sistemas, Ingeniería de Sistemas de Información, Ingeniería de Sistemas, Ingeniería de Software, Ciencias de la Computación o carreras afines.
Experiencia mínima de 2 años en roles de Data Engineering, integración de datos o Business Intelligence.
Experiencia desarrollando y manteniendo pipelines ETL/ELT en entornos productivos.
Dominio de SQL avanzado (SQL Server, PostgreSQL, MySQL o Redshift) y Python orientado a datos.
Conocimientos y experiencia en servicios AWS como S3, Glue, DMS, Athena, Redshift e IAM.
Manejo de herramientas de control de versiones y despliegue como Git, Jenkins y Docker.
Experiencia en construcción de dashboards y análisis de información con Power BI (nivel intermedio).
Nivel de Inglés - Intermedio ( Lectura técnica).
Disponibilidad para laborar por proyecto.
Funciones:
Diseñar y desarrollar procesos ETL/ELT sobre AWS (Glue Jobs, PySpark, DMS), cumpliendo las fechas establecidas en el plan de trabajo del área.
Ingestar fuentes de datos heterogéneas (bases de datos, APIs, archivos) hacia el Datalake corporativo mediante AWS DMS, Python y servicios de integración.
Dar soporte y mantenimiento al Datalake en AWS (S3, Glue, Lake Formation), incluyendo el monitoreo de permisos en Lake Formation / IAM.
Asegurar que el procesamiento diario de la data se ejecute correctamente en el Datalake, resolviendo los incidentes de datos en AWS y garantizando la continuidad de las cargas de ingesta y analítica.
Ejecutar tuning y optimización de los procesos de integración de datos, incluyendo la reingeniería de flujos legacy.
Administrar eficientemente los recursos de los servicios de nube AWS, contribuyendo al control y la optimización de costos.
Orquestar flujos de datos y desplegar stacks de infraestructura como código, manteniendo los pipelines de CI/CD (Jenkins, Git).
Construir dashboards y reportes en Power BI que soporten la toma de decisiones de las áreas usuarias, asegurando su correcta ejecución y la actualización programada de los datos.
Participar en el levantamiento de requerimientos e incidentes con las áreas de negocio y coordinar con los proveedores de servicios (AWS, Power BI).
Documentar procesos, scripts y componentes de la arquitectura de datos, aplicando los estándares de calidad y gobierno de datos definidos por el área.

Beneficios:
Modalidad: 100% Remoto
Salario acorde al mercado.",2624,False,https://www.bumeran.com.pe/empleos/data-engineer-junior-ingenieroa-de-datos-junior-por-proyecto-remoto-ibr-peru-s.a.-1118390683.html,2026-09-23 21:32
1118390364,Data Scientist,Caja Arequipa,Ciencia e ingeniería de datos,data scientist,1,"Tecnología, Sistemas y Telecomunicaciones",Data Entry,Senior,Presencial,Full-time,Indeterminado,FULL_TIME,1,False,True,False,False,False,Lima,Lima,PE,"Lima, Lima, Peru",2026-08-04,2026-11-02,50,Actualizado hace 2 días,,,,,,1.0,False,"SQL, Python, R, Power BI, AWS, Machine Learning",6,True,True,True,True,False,False,False,False,False,False,False,False,False,True,False,False,False,False,False,True,False,True,2222560,https://www.bumeran.com.pe/perfiles/empresa_caja-arequipa_2222560.html,Banca / Financiera,"Arequipa, Arequipa",Entre 1001 y 5000 empleados,"En Caja Arequipa trabajamos con un propósito claro: transformar la vida de miles de emprendedores y familias en todo el país. Somos un equipo comprometido, cercano y enfocado en generar impacto real a través de nuestro trabajo.",3.9,3.7,3.5,3.9,3.9,3.6,3.7,83.0,"¡Supérate en Caja Arequipa!, si buscas potenciar tu talento y formar parte del equipo que está revolucionando el mundo de las microfinanzas; te invitamos a postular al puesto de Data Scientist y supérate en la caja líder del país.
¿Qué necesitas para postular?:
Bachiller y/o titulado de las carreras de Ciencias: matemática, estadística, economía o afines.
Deseable con maestría o especialización en estadística, ciencia de datos o informática
2 años de experiencia, desempeñándose en cargos como analista de datos y/o científico de datos.
1 año de experiencia trabajo en equipo de ciencia de datos, construcción de modelos financieros.
Dominio de SQL y Oracle a nivel intermedio
Dominio de Python y R a nivel intermedio
Manejo de Power BI (Deseable)
Manejo de AWS (Deseable)
¿Cuáles serán tus tareas?:
Explorar de forma continua nuevas fuentes de información que generan valor y sean accionables.
Liderar y trabajar con los ingenieros de datos el gran tablón de variables
Encontrar patrones de comportamiento de clientes en grandes volúmenes de datos transaccionales y no transaccionales a través de modelos predictivos, apoyando en la revisión de propuestas identificadas para su presentación al negocio.
Ser el encargado de soluciones analíticas end to end.
Liderar la traducción de las necesidades del negocio en un planteamiento de solución con modelos analíticos.
Construir, calibrar, validar y actualizar los Modelos Machine Learning.
Ser el encargado y administrador de la fábrica de modelos.
Supervisar e implementar soluciones analíticas enfocadas en cliente.
Qué beneficios tenemos para ti:
Oportunidad de incorporarte a una empresa que cuenta con la certificación de ABE (Asociación de Buenos Empleadores), estamos en el top five en el ranking Merco Talento para captar y retener talento dentro del sector financiero y estamos dentro de las 100 mejores empresas con responsabilidad social- Merco Talento, contamos con certificación ASA con calificación A-
Oportunidad de hacer línea de carrera en el sector financiero.
Convenios educativos
Capacitación constante
Seguro de vida ley desde el primer día de trabajo.
Buen clima Laboral
Cobertura de Salud
Programa de beneficios Siempre+
Si cumples con todos los requisitos postula a la vacante, por favor adjuntar CV documentado en formato Word o PDF.
¡Muchos éxitos en este proceso de selección!
De conformidad con lo señalado en la Ley N° 29733, Ley de Protección de Datos Personales y su norma reglamentaria D.S. y N° 003-2013-JUS, en el presente acto EL POSTULANTE brinda su consentimiento para que CAJA AREQUIPA, con RUC 20100209641 y domicilio en Calle La Merced N° 106, Cercado, Arequipa, pueda realizar tratamiento de sus datos personales y/o datos sensibles, sean proporcionados a través de la presente plataforma, las fichas formatos o cualquier otro documento que sea requerido por CAJA AREQUIPA, con la finalidad de recopilar los datos personales de los postulantes para gestionar el proceso de selección y evaluación a cargos laborales según el perfil solicitado, y sólo para los efectos de la misma. CAJA AREQUIPA no realiza transferencia de datos personales, salvo obligación legal y normativo.
Así mismo puede ejercer sus derechos ARCO de acceso, rectificación, cancelación y oposición así como revocar su consentimiento, presentando una solicitud clara y formal en cualquiera de nuestras agencias a nivel nacional o través del correo .",3412,False,https://www.bumeran.com.pe/empleos/data-scientist-caja-arequipa-1118390364.html,2026-09-23 21:32
1118387906,Ingeniero de datos - GCP Cloud,Protiviti Perú,Ciencia e ingeniería de datos,ingeniero de datos,1,"Tecnología, Sistemas y Telecomunicaciones",Análisis de Datos,Semi Sr,Híbrido,Full-time,Autónomo,CONTRACTOR,1,False,False,False,False,False,Lima,San Borja,PE,"San Borja, Lima, Peru",2026-08-03,2026-11-01,51,Actualizado hace más de 15 días,,,,,,,False,"Python, Power BI, Google Cloud, ETL",4,False,True,False,True,False,False,False,False,False,False,False,False,False,False,False,True,False,False,True,False,False,True,2508460,https://www.bumeran.com.pe/perfiles/empresa_protiviti-peru_2508460.html,Consultoría,"SAN ISIDRO, Lima",Entre 301 y 500 empleados,"Protiviti (www.protiviti.com) es una firma global de consultoría, que ayuda a las empresas de todo el mundo a identificar, medir y navegar por sus oportunidades y riesgos, dentro de sus industrias y a lo largo de sus sistemas, procesos y operaciones. Ha trabajado con más del 60% de las Fortune 1000® y el 35% de las Fortune Global 500®. Protiviti y sus firmas miembro prestan servicios a clientes a través de una red de más de 70 oficinas en más de 25 países. Rankeados en el puesto 57 en la lista de las 100 Best Companies to Work For® de Fortune en el 2016.",4.2,3.6,3.9,3.6,3.5,3.7,3.9,5.0,"En Protiviti Perú, firma global de consultoría con presencia en más de 30 países, nos encontramos en la búsqueda de un(a) Ingeniero de Datospara nuestro cliente NGR.
Funciones principales
Construye procesos de extracción, transformación y carga de datos utilizando herramientas ETL y procesos de base datos relacionales y no relacionales. Cumpliendo con estándares y controles de calidad
Crea componentes de automatización de pipelines que aseguren la integridad de datos en proyectos (On-premise o Cloud) Lakehouse, Data Warehouse
Propone diseños lógicos y técnicos de soluciones de datos usando los lineamientos de desarrollo y arquitectura corporativa
Define aplicaciones y soluciones de infraestructura/arquitectura de TI para los modelos de datos
Investiga de forma proactiva nuevas herramientas y tecnologías en un modelo de aprendizaje continuo, y comparte sus hallazgos con el equipo
Requisitos
En implementación de Lake house o Data Warehouse (2a+)
En procesos realtime y/o en batch en Google Cloud (1a+)
En el uso de prácticas de desarrollo de software (1a+)
En desarrollo de soluciones de datos usando Python (2a+)
En herramientas de visualización PowerBI (1a+).
DESEABLE: En desarrollo utilizando herramientas de CD/CI (1a+) / En implementación de pruebas unitarias e integración (1a+)
Condiciones
Modalidad híbrida en miraflores
Horario de lunes a viernes de 8:30 a.m. a 6:30 p.m.
Proyecto por 3 meses
Planilla con beneficios laborales
EPS cubierto parcialmente
Se brinda equipos de trabajo",1503,False,https://www.bumeran.com.pe/empleos/ingeniero-de-datos-gcp-cloud-protiviti-peru-1118387906.html,2026-09-23 21:32
1118388568,Ingeniero de Datos Junior,Confidencial,Ciencia e ingeniería de datos,ingeniero de datos,1,"Tecnología, Sistemas y Telecomunicaciones",Análisis de Datos,Junior,Presencial,Full-time,Temporal,TEMPORARY,1,False,False,False,False,False,Lima,Ate,PE,"Ate, Lima, Peru",2026-08-03,2026-11-01,51,Publicado hace más de 15 días,,,,,,,False,"SQL, Python, SAP",3,True,True,False,False,False,False,False,False,False,False,False,False,False,False,False,False,True,False,False,False,True,False,,,,,,,,,,,,,,,"Somos una empresa líder en el sector Farmaceútico y nos encontramos en la búsqueda de un Ingeniero de Datos, que cumplan el siguiente perfil:
Requisitos:
Titulado/Bachiller en Ingeniería Informática o Ingeniería de Sistemas
Conocimiento de SQL, Python (Indispensable)
Experiencia implementando data lakehouse con Databrick (Indispensable)
Construir los pipelines productivos del lakehouse Fabric, ejecutando la ingesta de fuentes oficiales (SAP, CRM, OFISIS, ISOTools y portales externos), las transformaciones de la capa medallion (Bronze, Silver y Gold) y la carga al lakehouse.
Monitorear los Jobs productivos y resolver los incidentes aplicando retry policies y alertas, asumiendo la responsabilidad de SLA y del MTTR de los pipelines del lakehouse.
Funciones:
Construir los pipelines productivos del lakehouse Fabric, ejecutando la ingesta de fuentes oficiales (SAP,CRM,OFISIS,ISOToolsyportales externos), las transformaciones de la capa medallion (Bronze, Silver y Gold) y la carga al lakehouse.
Ejecutar tests de integridad automatizados sobre los datos roductivos (Great Expectations o equivalente) en las capas Silvery Gold.
Monitorear los Jobs productivos y resolver los incidentes aplicando retry policies y alertas, asumiendo la responsabilidad del SLAyde l MTTR de los pipelines del lakehouse.
Convertir en pipelines robustos los prototipos que recibe del Coordinador de Datos e IA una vez que superan el filtro de validación.
Atender otras tareas que designe el jefe inmediato para contribuir con el logro de la misión del puesto y desarrollar el potencial del colaborador.
Beneficios:
Movilidad
Alimentación
Capacitaciones constantes
Oportunidad de crecimiento
Utilidades",1686,True,https://www.bumeran.com.pe/empleos/ingeniero-de-datos-junior-1118388568.html,2026-09-23 21:32
1118382506,Ingeniero(a) de datos - Temporal,Laureate Perú,Ciencia e ingeniería de datos,ingeniero de datos,1,"Tecnología, Sistemas y Telecomunicaciones",Otra,Junior,Híbrido,Full-time,Temporal,TEMPORARY,5,True,True,False,False,False,Lima,Cercado De Lima,PE,"Cercado De Lima, Lima, Peru",2026-07-27,2026-10-25,58,Actualizado hace más de 15 días,,,,,,2.0,False,"SQL, Databricks, AWS, Azure, Google Cloud",5,True,False,False,False,False,False,False,False,False,False,False,False,True,True,True,True,False,False,False,False,False,True,2242930,https://www.bumeran.com.pe/perfiles/empresa_laureate-peru_2242930.html,Educación,"Lima, Lima",,"Ser parte de la familia Laureate Perú es formar parte de un grupo de instituciones comprometidas con la educación del País cómo son UPC, UPN y Cibertec. 

Brindamos un servicio educativo a más de 200 mil estudiantes a nivel nacional, cuidando y velando por estandar de calidad y la innovación constante, que permita formar a los futuros líderes del país.",3.1,3.1,3.0,3.4,2.8,2.9,3.0,49.0,"En Laureate contribuimos a la transformación del Perú a través de una educación inclusiva, accesible y de calidad que transforma vidas.
Nos encontramos en la búsqueda de un(a) Ingeniero(a) de Datos - Temporal que desee aportar al desarrollo de capacidades y generar un impacto positivo en nuestra comunidad educativa.
MISIÓN
Diseñar, construir y mantener los pipelines, modelos de analítica, integraciones y estructuras del Data Warehouse y Data Lake institucional del área Comercial, asegurando que los productos de datos sean confiables, eficientes y orientados a las necesidades del negocio. Contribuir activamente al ciclo de vida del producto de datos, desde la ingesta y transformación hasta la exposición de información lista para el análisis y la toma de decisiones comerciales.
FORMACIÓN Y EXPERIENCIA:
Bachiller o titulado en Ingeniería de Sistemas, Informática, Software o afines.
Deseable maestría en Arquitectura Empresarial, Data Engineering o Cloud Architecture.
Certificación o especialización en bases de datos y modelamiento de datos.
Formación certificada en SQL avanzado y diseño de modelos relacionales y dimensionales o semánticos.
Diplomados en Arquitectura Empresarial, Data Engineering, Cloud Architecture ó Inteligencia Artififical.
Curso de especialización en Fabric, Databricks, Azure Data Architect, AWS Solutions Architect o Google Data Architect.
Certificaciones en plataformas cloud o soluciones de integración.
02 años de experiencia mínima en ingeniería de datos, modelamiento o arquitectura de datos en contextos comerciales o de negocio.
02 años de experiencia mínima documentando y diseñando modelos complejos de datos corporativos orientados a la toma de decisiones.
02 años de experiencia mínima liderando proyectos de integración y consolidación de múltiples sistemas con impacto en áreas comerciales.
02 años de experiencia mínima desarrollando arquitecturas modernas (AWS, Azure, GCP, Databricks y Microsoft Fabric).
CONOCIMIENTO:
Modelamiento de datos (relacional, dimensional, Data Vault) orientado a procesos comerciales — nivel avanzado.
Arquitectura de Data Warehouse, Data Lake y/o Lakehouse con foco en métricas y KPIs comerciales — nivel avanzado.
Manejo de SQL Server, Azure Synapse, Postgres u otros motores modernos — nivel avanzado.
Diseño y documentación de flujos de datos, diccionarios, metadatos y reglas de negocio con perspectiva comercial — nivel avanzado.
Integración y normalización de fuentes diversas (CRM, ERP, Contact Center, LMS, plataformas de ventas) — nivel avanzado.
Deseable conocimiento en arquitecturas cloud (Azure, AWS, GCP, Databricks y Microsoft Fabric).
Deseable conocimiento en Diseño de APIs de datos, data contracts y microservicios orientados al negocio.
FUNCIONES:
Identifica las necesidades de información del área Comercial, prioriza iniciativas de datos y define el ciclo de vida de cada producto de datos.
Ejecuta el roadmap de datos y alinea los entregables con los objetivos estratégicos del negocio.
Desarrolla modelos de datos dimensionales, estructuras y reglas de negocio que soporten los procesos comerciales (ventas, clientes, campañas, canales). Seguir lineamientos y principios de tipo data mesh o medallón para que los dominios de datos sean autónomos, confiables y reutilizables por las áreas usuarias.
Documenta entidades, métricas, KPIs comerciales, transformaciones y flujos, generando diccionarios de datos y glosarios de negocio. Establece estándares de nomenclatura y trazabilidad que facilitan la gobernanza y el uso correcto de los datos en toda el área Comercial.
Construye la orquestación de ETLs/ELTs, pipelines y estructuras generadas por Ingeniería de Datos, asegurando que cumplan con los modelos y estándares definidos. Elabora y ejecuta el control de validez, integridad y calidad de los datos provenientes de CRM, ERP, Contact Center y otras fuentes comerciales.
Trabaja directamente con las áreas Comerciales para traducir necesidades de negocio en requerimientos de datos. Facilita la adopción de los productos de datos, promueve la cultura data-driven y asegura que los análisis y reportes respondan a las preguntas estratégicas del negocio.
BENEFICIOS:
Contrato en planilla
Seguro Vida Ley desde el primer día de inicio de labores
Descuentos Corporativos
Descuentos Educativos en toda la red Laureate
EPS al 50% y Seguro Oncológico al 100%.
Como institución, en Laureate valoramos la diversidad y promovemos entornos inclusivos donde todas las personas tengan las mismas oportunidades de participación y desarrollo, sin distinción de origen, género, edad, discapacidad u otras condiciones.
#LoQueNosUneNosHaceUno #OportunidadesLaborales",4658,False,https://www.bumeran.com.pe/empleos/ingenieroa-de-datos-temporal-laureate-peru-1118382506.html,2026-09-23 21:32
1118382113,Laureate: Data Scientist,Laureate Perú,Ciencia e ingeniería de datos,data scientist,1,"Tecnología, Sistemas y Telecomunicaciones",Análisis de Datos,Semi Sr,Híbrido,Full-time,Indeterminado,FULL_TIME,1,False,False,False,False,False,Lima,Lima,PE,"Lima, Lima, Peru",2026-07-27,2026-10-25,58,Actualizado hace más de 15 días,,,,,,,False,"SQL, Python, Machine Learning",3,True,True,False,False,False,False,False,False,False,False,False,False,False,False,False,False,False,False,False,True,False,True,2242930,https://www.bumeran.com.pe/perfiles/empresa_laureate-peru_2242930.html,Educación,"Lima, Lima",,"Ser parte de la familia Laureate Perú es formar parte de un grupo de instituciones comprometidas con la educación del País cómo son UPC, UPN y Cibertec. 

Brindamos un servicio educativo a más de 200 mil estudiantes a nivel nacional, cuidando y velando por estandar de calidad y la innovación constante, que permita formar a los futuros líderes del país.",3.1,3.1,3.0,3.4,2.8,2.9,3.0,49.0,"¡Únete a Laureate Perú! 🧡 En Laureate contribuimos a la transformación del Perú a través de una educación inclusiva, accesible y de calidad que transforma vidas.
Nos encontramos en la búsqueda de un(a) DATA SCIENTIST que desee aportar al desarrollo de capacidades y generar un impacto positivo en nuestra comunidad educativa.
MISION
Contribuir al análisis de datos mediante el uso de técnicas estadísticas y machine learning. Colaborar estrechamente con el equipo para descubrir patrones y tendencias que respalden decisiones del negocio. Participar en proyectos de modelado predictivo y optimización, aportando soluciones innovadoras para mejorar la comprensión y el rendimiento organizacional. Realizar limpieza y tratamiento de datos para garantizar la calidad de la información. Generar valor mediante la aplicación efectiva de técnicas analíticas, fortaleciendo la posición competitiva de la empresa.
FORMACIÓN Y EXPERIENCIA:
Licenciatura o Maestría en Estadística, Ciencias de la Computación, Matemáticas o campo relacionado.
Cursos adicionales en Machine Learning, Análisis de Datos y Big Data.
Experiencia práctica en proyectos de análisis de datos o machine learning.
Experiencia con técnicas de limpieza y tratamiento de datos.
Experiencia en diseño y construcción de modelos predictivos.
CONOCIMIENTOS:
Conocimiento intermedio de herramientas y lenguajes como Python o SQL.
Familiaridad con plataformas y entornos de análisis de datos, como Jupyter Notebooks - intermedio.
Dominio de herramientas cloud para analytics.
Conocimiento de frameworks de machine learning, como TensorFlow o Scikit-Learn - intermedio.
FUNCIONES
Realizar análisis exploratorio de datos para identificar patrones, tendencias y relaciones significativas.
Utilizar herramientas estadísticas y de machine learning para extraer conocimientos valiosos de conjuntos de datos complejos.
Contribuir al diseño, desarrollo y evaluación de modelos predictivos utilizando algoritmos de machine learning.
Colaborar en la implementación de modelos en entornos de producción para mejorar la toma de decisiones.
Realizar la limpieza y preparación de datos para garantizar la calidad y consistencia de los mismos.
Aplicar técnicas avanzadas de preprocesamiento para optimizar la eficiencia de los modelos.
Monitorear el rendimiento de los modelos implementados y realizar ajustes según sea necesario.
Mantenerse actualizado con las últimas tendencias y avances en el campo de la ciencia de datos y machine learning.
Presentar de manera clara y efectiva los resultados de análisis y modelos, tanto a audiencias técnicas como no técnicas.
Contribuir a informes y presentaciones que respalden la toma de decisiones basada en datos.
BENEFICIOS:
Contrato en planilla
Seguro Vida Ley desde el primer día de inicio de labores
Descuentos Educativos en toda la red Laureate
EPS al 50% y Seguro Oncológico
Como institución, en Laureate valoramos la diversidad y promovemos entornos inclusivos donde todas las personas tengan las mismas oportunidades de participación y desarrollo, sin distinción de origen, género, edad, discapacidad u otras condiciones.
#LoQueNosUneNosHaceUno #OportunidadesLaborales",3160,False,https://www.bumeran.com.pe/empleos/laureate-data-scientist-laureate-peru-1118382113.html,2026-09-23 21:32
1118380478,DATA SCIENTIST SENIOR - DPTO. DE ANALÍTICA AVANZADA DE RIESGOS - ICA,Caja Ica,Ciencia e ingeniería de datos,data scientist,1,"Administración, Contabilidad y Finanzas",Análisis de Riesgos,Senior,Híbrido,Full-time,Indeterminado,FULL_TIME,1,False,True,False,False,False,Lima,Miraflores,PE,"Miraflores, Lima, Peru",2026-07-24,2026-10-22,61,Actualizado hace 4 horas,,,,,,2.0,False,"SQL, Python, R, Power BI, Tableau, Spark, Machine Learning",7,True,True,True,True,False,True,False,False,False,False,False,True,False,False,False,False,False,False,False,True,False,True,10189869,https://www.bumeran.com.pe/perfiles/empresa_caja-ica_10189869.html,Banca / Financiera,"Ica, Ica",Entre 1001 y 5000 empleados,"Somos Caja Municipal de Ica, empresa que pertenece al sistema de microfinanzas del Perú, comprometida con la inclusión financiera y el desarrollo económico de nuestros clientes. Con más de 35 años de experiencia.

En Caja Ica, valoramos el talento y fomentamos un ambiente de trabajo dinámico, colaborativo y con oportunidades de crecimiento profesional. ¡Únete a nuestro equipo y sé parte de una institución sólida y en constante evolución!",3.7,3.6,3.3,3.9,3.8,3.4,3.6,57.0,"MISIÓN DEL PUESTO:
Desarrollar modelos de riesgos de mayor complejidad para contribuir en la mejora de la gestión integral de riesgos en Caja Ica.
FUNCIONES:
Desarrollar modelos predictivos y prescriptivos de mayor complejidad mejorandolos continuamente para anticipar riesgos futuros.
Realizar el análisis de sensibilidad al modelo y experimentar con diferentes algoritmos y metodologías para comparar los resultados.
Asegurar que los modelos presenten adecuados indicadores de calidad que sean coherentes con el apetito al riesgo de Caja Ica.
Aplicar técnicas de machine learning, algoritmos y estadística avanzada para mejorar la precisión de los modelos de riesgos.
Proponer el plan de desarrollo de modelos de riesgos.
Participar en el desarrollo de planes de mejora en la creación y monitoreo del modelo de riesgo.
Elaborar informes para comunicar los hallazgos de posibles riesgos y oportunidades de mejora.
REQUISITOS:
Título profesional o grado de bachiller en Estadística, Matemática, Economía, Ingeniería en ciencia de datos, Ingeniera de sistemas o carreras afines.
Experiencia mínima de 2 años en puestos similares (Áreas de desarrollo de modelos de riesgos de crédito, pricing , comerciales, fraudes entre otros)
Experiencia en el Sector Financiero de preferencia (Bancos, Financieras, Cajas) y /o Telecomunicaciones, Consultoría, Empresas de Seguros.
Conocimientos en: ciencia de datos, indicadores de gestión, gestión de riesgos de modelos, Manejo de Programas informáticos externos.
Indispensable: Ms Office, Python, SQL a nivel intermedio/avanzado. Deseable: Power BI, Tableu, R Studio,Spark.
COMPETENCIAS:
Pensamiento analítico.
Monitoreo y control.
Pensamiento conceptual.
SE OFRECE:
Remuneración atractiva.
Oportunidad de crecimiento profesional según línea de carrera.
Entrenamiento y capacitación continua.
Trabajo hibrido en nuestra sede de Miraflores - Lima.
Los interesados deberán adjuntar su curriculum vitae no documentado, hasta el 30 de Setiembre de 2026.
SE INCLUYEN PROFESIONALES DE ACUERDO A LO ESTABLECIDO EN LA LEY 29973 Y SU REGLAMENTO – LEY GENERAL DE LA PERSONA CON DISCAPACIDAD.",2118,False,https://www.bumeran.com.pe/empleos/data-scientist-senior-dpto.-de-analitica-avanzada-de-riesgos-ica-caja-ica-1118380478.html,2026-09-23 21:32
1118377226,Data Engineer de Interoperabilidad - FHIR,EXPERIS PERU,Ciencia e ingeniería de datos,data engineer,1,"Tecnología, Sistemas y Telecomunicaciones",Análisis de Datos,Semi Sr,Presencial,Full-time,Indeterminado,FULL_TIME,1,False,False,False,False,False,Lima,San Isidro,PE,"San Isidro, Lima, Peru",2026-07-22,2026-10-20,63,Actualizado hace más de 15 días,,,,,,,False,"SQL, Python, Google Cloud, ETL",4,True,True,False,False,False,False,False,False,False,False,False,False,False,False,False,True,False,False,True,False,False,False,,,,,,,,,,,,,,,"En Experis Perú buscamos al mejor talento para sumarse a los desafíos de la era digital y llevar su carrera a un siguiente nivel. Por ello, te invitamos a que formes parte del reto como Especialista en FHIR - Data Engineer de Interoperabilidad para el sector Salud:
Requisitos:
Ingeniería de Sistemas, Software o afines.
+3 años en Data Engineering en Interoperabilidad
Experiencia en integración de sistemas de salud (deseable)
Conocimiento en Modelado de datos, ETL/ELT, APIs REST, FHIR (indispensable)
Conocimiento en Python (principal), SQL avanzado y Cloud (GCP)
Funciones:
Desarrollar procesos de carga masiva utilizando Cloud Dataflow o Cloud Run para extraer datos de Cloud SQL (PostgreSQL/MySQL).
Implementar lógica de transformación compleja para mapear tablas relacionales (citas, pacientes, diagnósticos) a recursos JSON de FHIR.
Optimizar el rendimiento de las cargas masivas (Bulk Import) para manejar millones de registros sin degradar la performance de la base de datos origen.
Definir y aplicar Mapeos de Datos precisos entre el modelo de base de datos local y los recursos FHIR (ej: Patient, Encounter, Observation, Condition).
Validar que los recursos generados cumplan con las guías de implementación (Implementation Guides) y perfiles específicos de la clínica.
Gestionar la resolución de errores de validación sintáctica y semántica durante el proceso de carga.
Consumir e integrar APIs REST FHIR
Gestionar bundles para cargas masivas
Beneficios:
Únete a una empresa líder a nivel global.
Salario acorde al mercado.
Grato ambiente laboral.
Ingreso a planilla, con todos los beneficios de ley.
En Experis Perú, promovemos la inclusión e inserción laboral sin distinción por razón de discapacidad, género, orientación, identidad y expresión de género, lugar de origen o generación. Por ello ¡Todos los talentos son bienvenidos!",1847,False,https://www.bumeran.com.pe/empleos/data-engineer-de-interoperabilidad-fhir-experis-peru-1118377226.html,2026-09-23 21:32
1118378085,Ingeniero de Datos Junior,Confidencial,Ciencia e ingeniería de datos,ingeniero de datos,1,"Tecnología, Sistemas y Telecomunicaciones",Análisis de Datos,Junior,Presencial,Full-time,Temporal,TEMPORARY,1,False,False,False,False,False,Lima,Ate,PE,"Ate, Lima, Peru",2026-07-22,2026-10-20,63,Actualizado hace más de 15 días,,,,,,,False,"SQL, Python, SAP",3,True,True,False,False,False,False,False,False,False,False,False,False,False,False,False,False,True,False,False,False,True,False,,,,,,,,,,,,,,,"Somos una empresa líder en el sector Farmaceútico y nos encontramos en la búsqueda de un Ingeniero de Datos, que cumplan el siguiente perfil:
Requisitos:
Titulado/Bachiller en Ingeniería Informática o Ingeniería de Sistemas
Conocimiento de SQL, Python (Indispensable)
Experiencia implementando data lakehouse con Databrick (Indispensable)
Construir los pipelines productivos del lakehouse Fabric, ejecutando la ingesta de fuentes oficiales (SAP, CRM, OFISIS, ISOTools y portales externos), las transformaciones de la capa medallion (Bronze, Silver y Gold) y la carga al lakehouse.
Monitorear los Jobs productivos y resolver los incidentes aplicando retry policies y alertas, asumiendo la responsabilidad de SLA y del MTTR de los pipelines del lakehouse.
Funciones:
Construir los pipelines productivos del lakehouse Fabric, ejecutando la ingesta de fuentes oficiales (SAP,CRM,OFISIS,ISOToolsyportales externos), las transformaciones de la capa medallion (Bronze, Silver y Gold) y la carga al lakehouse.
Ejecutar tests de integridad automatizados sobre los datos roductivos (Great Expectations o equivalente) en las capas Silvery Gold.
Monitorear los Jobs productivos y resolver los incidentes aplicando retry policies y alertas, asumiendo la responsabilidad del SLAyde l MTTR de los pipelines del lakehouse.
Convertir en pipelines robustos los prototipos que recibe del Coordinador de Datos e IA una vez que superan el filtro de validación.
Atender otras tareas que designe el jefe inmediato para contribuir con el logro de la misión del puesto y desarrollar el potencial del colaborador.
Beneficios:
Movilidad
Alimentación
Capacitaciones constantes
Oportunidad de crecimiento
Utilidades",1686,False,https://www.bumeran.com.pe/empleos/ingeniero-de-datos-junior-1118378085.html,2026-09-23 21:32
1118374153,Data Engineer - GCP,TIVIT Perú,Ciencia e ingeniería de datos,data engineer,1,"Tecnología, Sistemas y Telecomunicaciones",Análisis de Datos,Semi Sr,Híbrido,Full-time,Indeterminado,FULL_TIME,1,False,False,False,False,False,Lima,Santiago de Surco,PE,"Santiago de Surco, Lima, Peru",2026-07-20,2026-10-18,65,Publicado hace más de 15 días,,,,,,2.0,False,"SQL, Python, Power BI, Looker, Google Cloud",5,True,True,False,True,False,False,False,True,False,False,False,False,False,False,False,True,False,False,False,False,False,True,10143228,https://www.bumeran.com.pe/perfiles/empresa_tivit-peru_10143228.html,Informática / Tecnología,"Lima, Lima",Entre 151 y 300 empleados,"TIVIT es una multinacional tecnológica, presente en el mercado desde hace 20 años, en 10 países de América Latina. A través de soluciones como ciberseguridad, cloud, infraestructura, Digital Workplace, IA, SAP, monitoreo, plataformas y gestión de crisis, entre otras, ofrecemos respuestas y servicios personalizados que impactan en el negocio, y en la rutina de empresas y personas.  
Con el uso de tecnologías emergentes, alianzas tecnológicas y servicios innovadores, apoyamos a nuestros clientes en el viaje de la transformación digital, en diversos sectores como, servicios financieros, utilities, retail, salud y Oil & Gas, entre otros.",,,,,,,,,"Somos una compañía de soluciones digitales, con operación en diez países de América Latina. Apoyamos y evolucionamos los negocios de nuestros clientes a partir de nuestras cuatro líneas de negocios: Digital Business, Cloud Solutions, Digital Payments y Technology Platforms.
En estos momentos nos encontramos en búsqueda de un talento para cumplir el rol de Data Engineer.
RESPONSABILIDADES Y ASIGNACIONES
Experiencia y conocimientos: de 2 a 3 años en:
Optimización y Procesamiento de Datos en BigQuery (BQ):
- Conocimiento intermedio/avanzado en optimización de procesos en BigQuery, incluidas sus APIs.
- Dominio de BigQuery para análisis de grandes volúmenes de datos y optimización de consultas SQL.
Soluciones Serverless en GCP:
- Conocimiento intermedio en soluciones serverless para pipelines de datos en GCP como Cloud Functions, Cloud Run. Incluidas sus APIs.
Programación y Scripting:
- Conocimientos sólidos en scripting (Bash, PowerShell).
- Experiencia sólida en lenguajes como Python, SQL
Herramientas de Gobierno y Seguridad de Datos en GCP:
- Conocimiento básico en herramientas de gobernanza como Dataplex y Data Catalog.
- Conocimiento en políticas de gobernanza de datos y seguridad, así como el cumplimiento de normativas GDPR y CCPA.
Gestión de Versiones y DevOps:
- Conocimientos sólidos en Git.
- Conocimiento Básico/intermedio en flujo DevOps
Almacenamiento en GCP:
- Conocimiento en Cloud Storage para manejo eficiente de datos no estructurados.
Orquestación de Procesos en GCP:
- Conocimiento Básico en orquestación de procesos usando Cloud Composer (Apache Airflow)
- Conocimiento Básico de flujos de trabajo de GCP (Workflow)
Visualización de Datos:
- Conocimiento básico en Power BI (Desktop + Power BI Service + APIs de Power BI) y Looker Studio (versión libre).
Gestión de Proyectos Técnicos:
- Conocimiento en metodologías ágiles (Scrum, Kanban) para la gestión de proyectos de desarrollo de software y análisis de datos.
REQUISITOS Y CALIFICACIONES
Técnico, tecnólogo y/o profesional en Ingeniería de Sistemas, Electrónica o Telecomunicaciones, Telemática o afines
Información adicional ¿Qué te ofrecemos?
✔EPS 70%, Bono de desempeño, Incremento Anual IPC.
✔PAC - Programa de aceleración profesional
✔Reembolso por certificaciones
✔MOBIFLIX – Nuestra academia corporativa que cuenta con cursos presenciales y online, alineados a las nuevas tendencias del mercado tecnológico.
Creemos firmemente en la igualdad de oportunidades para hombres y mujeres, promovemos la diversidad generacional, origen étnico, nacionalidad y la inclusión de personas con habilidades diferentes y/o discapacidad (de acuerdo a lo establecido en la Ley N° 29973 “Ley general de la persona con discapacidad”). ¿Te gustaría embarcarte en este desafío con nosotros? 🚀 #VENASERTIVIT",2786,False,https://www.bumeran.com.pe/empleos/data-engineer-gcp-tivit-peru-1118374153.html,2026-09-23 21:32
1118369888,Data Engineer,INTERCORP RETAIL,Ciencia e ingeniería de datos,data engineer,1,"Tecnología, Sistemas y Telecomunicaciones",Data Entry,Junior,Híbrido,Full-time,Indeterminado,FULL_TIME,1,False,True,False,False,False,Lima,San Borja,PE,"San Borja, Lima, Peru",2026-07-16,2026-10-14,69,Actualizado hace 8 días,,,,,,,False,"Google Cloud, ETL",2,False,False,False,False,False,False,False,False,False,False,False,False,False,False,False,True,False,False,True,False,False,True,13290019,https://www.bumeran.com.pe/perfiles/empresa_intercorp-retail_13290019.html,Supermercado / Hipermercado,"Lima, Lima",Entre 301 y 500 empleados,,3.3,3.1,3.2,3.6,3.1,3.1,3.0,12.0,"En Indigital XP, empresa de la plataforma retail del Grupo Intercorp, que promueve la equidad del género laboral, se encuentra en búsqueda del mejor talento para ocupar el reto: Data Engineer.
Funciones:
Construye procesos de extracción, transformación y carga de datos utilizando herramientas ETL y procesos de base datos relacionales y no relacionales. Aplicando pruebas unitarias en los desarrollos.Cumpliendo con estándares, controles de calidad y estableciendo frameworks y patrones reutilizables.
Identifica y diagnostica oportunidades de adopción de IA/nuevas tecnologías en cualquier equipo de data de las diferentes empresas, priorizada por impacto.
Crea componentes de automatización de pipelines que aseguren la integridad de datos en proyectos (On-premise o Cloud) Lakehouse, Data Warehouse.
Realiza el diseño técnico de componentes y servicios, y contribuye a definir o ajustar los lineamientos y arquitectura corporativa cuando el caso lo requiere, garantizando alineamiento con políticas de seguridad, arquitectura y gobierno.
Requerimientos:
Bachiller en Ingeniería de Sistemas, Software, Ciencias de la Computación o afines.
Especialización en Data & Analytics.
Experiencia en equipos de data y analítica haciendo labores similares y generando resultados tangibles.
Experiencia en desarrollo de procesos en google Cloud (Data fusion, Matillion, BigQuery, Pub/Sub, Airflow, Apache Beam, etc.
Que ofrecemos:
Posibilidad de crecimiento profesional en la empresa y en las otras empresas del grupo.
Cobertura de EPS.
Ingreso a planilla y todos los beneficios de ley.
Oportunidad de aprendizaje y capacitación constante.",1631,False,https://www.bumeran.com.pe/empleos/data-engineer-intercorp-retail-1118369888.html,2026-09-23 21:32
1118365553,Azure Data Engineer - P. 7292 Y 7293,METRICA PERU,Ciencia e ingeniería de datos,data engineer,1,"Tecnología, Sistemas y Telecomunicaciones",Tecnologías de la Información,Semi Sr,Híbrido,Full-time,Temporal,TEMPORARY,2,True,False,False,False,False,Lima,Ate,PE,"Ate, Lima, Peru",2026-07-13,2026-10-11,72,Actualizado hace más de 15 días,,,,,,3.0,True,"SQL, Azure",2,True,False,False,False,False,False,False,False,False,False,False,False,False,False,True,False,False,False,False,False,False,True,10182153,https://www.bumeran.com.pe/perfiles/empresa_metrica-peru_10182153.html,Informática / Tecnología,"Lima, Lima",Entre 301 y 500 empleados,Métrica Perú es la primera filial latinoamericana del grupo de consultoría español Métrica Consulting. El grupo comenzó operaciones con el inicio del nuevo siglo y desde entonces ha participado en distintos proyectos en distintos países de Europa Occidental y Latino América.,,,,,,,,,"¡Sé parte de METRICA!
METRICA es una multinacional tecnológica con más de 25 años de experiencia, especializada en consultoría, outsourcing y desarrollo de soluciones que impulsan la transformación digital de organizaciones a nivel global. Con presencia en España, Perú, Chile, Portugal y EE. UU., trabajamos bajo estándares internacionales de calidad, innovación y gobierno corporativo, promoviendo un entorno sostenible, ético e inclusivo en todas nuestras operaciones.
Actualmente buscamos incorporar a nuestro equipo a:
☁️ Data Engineer Azure / Integración de Datos
💡 Lo que harás en este rol
Serás responsable de diseñar, implementar y optimizar soluciones de integración y procesamiento de datos en entornos cloud, participando en iniciativas de migración tecnológica, automatización de procesos batch y construcción de pipelines escalables en Azure.
Diseñar y desarrollar pipelines de integración, transformación y carga de datos en entornos Azure.
Implementar procesos batch y flujos automatizados de procesamiento de información.
Desarrollar soluciones utilizando Azure Data Factory, Azure Functions y servicios complementarios.
Participar en migraciones de datos desde plataformas on premise hacia arquitecturas cloud.
Diseñar procesos de transformación de datos asegurando calidad, trazabilidad y rendimiento.
Integrar soluciones con herramientas de mensajería y streaming como Apache Kafka y Apache Flink.
Administrar y optimizar bases de datos relacionales y no relacionales.
Monitorear procesos, costos, performance y disponibilidad de servicios en Azure.
Documentar soluciones técnicas, flujos de datos y decisiones de arquitectura.
Trabajar colaborativamente con equipos de negocio, arquitectura y tecnología.
🎯 Lo que esperamos de ti
Formación en Ingeniería de Sistemas, Informática, Software o carreras afines.
Experiencia mínima de 3 años en posiciones relacionadas a Data Engineering, Integración de Datos o similares.
Experiencia sólida en tecnologías batch y procesamiento de datos.
Dominio de Azure Data Factory.
Experiencia con Azure Functions.
Conocimiento en herramientas de integración y orquestación de datos como Sterling o equivalentes.
Experiencia con tecnologías de mensajería y streaming: Apache Kafka y Apache Flink.
Experiencia en bases de datos como Microsoft SQL Server (MSSQL), Azure Table Storage y SingleStore.
Conocimientos sólidos de Azure Cloud: arquitectura, servicios PaaS, seguridad, monitoreo y optimización de costos.
Experiencia en modelado de datos, tuning de consultas y manejo de grandes volúmenes de información.
Experiencia en migración de datos desde entornos on premise (VSAM, B2 u otros legacy) hacia cloud.
Capacidad para documentar soluciones técnicas y comunicar decisiones de arquitectura de forma clara.
Capacidad analítica, orientación a resultados y trabajo colaborativo.
🎓 Certificaciones deseables
Microsoft Certified: Azure Data Engineer Associate (DP-203).
Certificación o especialización en Azure Data Factory (deseable).
Microsoft Azure Fundamentals (AZ-900).
Azure Solutions Architect (deseable).

Certificaciones en Kafka, Data Engineering o Cloud serán valoradas.
🎁 Lo que ofrecemos
Ingreso a planilla con todos los beneficios de ley.
Participación en utilidades.
Desarrollo profesional y acceso a capacitaciones continuas.
Integración a equipos internacionales y proyectos de transformación digital.
Participación en iniciativas estratégicas de migración y modernización tecnológica.
Línea de carrera en Data Engineering, Cloud y Arquitectura.
🌱 Nuestro compromiso
En METRICA promovemos la igualdad de oportunidades y la no discriminación en todos nuestros procesos. Fomentamos entornos de trabajo diversos, inclusivos y respetuosos, donde cada persona pueda desarrollarse plenamente y aportar su talento.
En cumplimiento de la Ley N° 29973 – Ley General de la Persona con Discapacidad, esta convocatoria también está dirigida a personas con discapacidad.
Nuestro enfoque está alineado con principios de sostenibilidad, responsabilidad social y buenas prácticas corporativas, fortaleciendo nuestro compromiso con el desarrollo del talento y el impacto positivo en la sociedad.",4150,False,https://www.bumeran.com.pe/empleos/azure-data-engineer-p.-7292-y-7293-metrica-peru-1118365553.html,2026-09-23 21:32
1118365437,Ingeniero de Datos,Confidencial,Ciencia e ingeniería de datos,ingeniero de datos,1,"Tecnología, Sistemas y Telecomunicaciones",Análisis de Datos,Senior,Presencial,Full-time,Temporal,TEMPORARY,1,False,False,False,False,False,Lima,Ate,PE,"Ate, Lima, Peru",2026-07-13,2026-10-11,72,Actualizado hace más de 15 días,,,,,,,False,"SQL, Python, SAP",3,True,True,False,False,False,False,False,False,False,False,False,False,False,False,False,False,True,False,False,False,True,False,,,,,,,,,,,,,,,"Somos una empresa líder en el sector Farmaceútico y nos encontramos en la búsqueda de un Ingeniero de Datos, que cumplan el siguiente perfil:
Requisitos:
Titulado/Bachiller en Ingeniería Informática o Ingeniería de Sistemas
Conocimiento de SQL, Python (Indispensable)
Experiencia implementando data lakehouse con Databrick (Indispensable)
Construir los pipelines productivos del lakehouse Fabric, ejecutando la ingesta de fuentes oficiales (SAP, CRM, OFISIS, ISOTools y portales externos), las transformaciones de la capa medallion (Bronze, Silver y Gold) y la carga al lakehouse.
Ejecutar tests de integridad automatizados sobre los datos productivos (Great Expectations o equivalente) en las capas Silver y Gold.
Monitorear los Jobs productivos y resolver los incidentes aplicando retry policies y alertas, asumiendo la responsabilidad de SLA y del MTTR de los pipelines del lakehouse.
Funciones:
Construir los pipelines productivos del lakehouse Fabric, ejecutando la ingesta de fuentes oficiales (SAP,CRM,OFISIS,ISOToolsyportales externos), las transformaciones de la capa medallion (Bronze, Silver y Gold) y la carga al lakehouse.
Ejecutar tests de integridad automatizados sobre los datos roductivos (Great Expectations o equivalente) en las capas Silvery Gold.
Monitorear los Jobs productivos y resolver los incidentes aplicando retry policies y alertas, asumiendo la responsabilidad del SLAyde l MTTR de los pipelines del lakehouse.
Convertir en pipelines robustos los prototipos que recibe del Coordinador de Datos e IA una vez que superan el filtro de validación.
Atender otras tareas que designe el jefe inmediato para contribuir con el logro de la misión del puesto y desarrollar el potencial del colaborador.
Beneficios:
Movilidad
Alimentación
Capacitaciones constantes
Oportunidad de crecimiento
Utilidades",1820,False,https://www.bumeran.com.pe/empleos/ingeniero-de-datos-1118365437.html,2026-09-23 21:32
1118364859,Ingeniero Jr de Datos - Unidad Minera,Compañía de Minas Buenaventura,Ciencia e ingeniería de datos,ingeniero de datos,1,Producción y Manufactura,Mantenimiento,Junior,Presencial,Full-time,Indeterminado,FULL_TIME,1,False,False,False,False,False,Pasco,Fundición de Tinyahuarco,PE,"Fundición de Tinyahuarco, Pasco, Peru",2026-07-12,2026-11-09,73,Actualizado hace más de 15 días,,,,,,2.0,True,"Python, Power BI, Excel, AWS, Azure, SAP, Machine Learning",7,False,True,False,True,True,False,False,False,False,False,False,False,False,True,True,False,True,False,False,True,False,True,1572140,https://www.bumeran.com.pe/perfiles/empresa_compania-de-minas-buenaventura_1572140.html,Minería / Petróleo / Gas,"Lima, Lima",Entre 1 y 10 empleados,"Compañía de Minas Buenaventura es una empresa peruana productora de metales preciosos con más de 65 años de experiencia en actividades de exploración, desarrollo, construcción y operación de minas.Somos la primera empresa minera latinoamericana en listar en Bolsa de Valores de Nueva York desde 1996.",4.7,4.7,4.6,4.7,4.6,4.6,4.6,51.0,"Funciones
Diseñar y gestionar la implementación de pipelines para el ciclo de vida completo de modelos: ingesta, entrenamiento, validación, inferencia, monitoreo y reentrenamiento.
Identificar oportunidades de optimización de los procesos productivos mediante el uso de herramientas de analítica avanzada, incluyendo el cálculos y estimación de beneficios.
Desarrollo de modelos avanzados de Machine Learning y Deep Learning, enfocados en generar resultados tangibles para áreas clave del negocio.
Trabajo conjunto con áreas funcionales para maximizar el impacto de las soluciones de datos e IA sobre los indicadores de negocio.
Mentoría a perfiles junior, coordinación de equipos multidisciplinarios y supervisión de entregables técnicos en proyectos de alto impacto.
Requisitos
Profesional de Ingeniería de Ciencias de datos Datos, Mecatrónico, Mecánico, Electricista, Electrónico, Mecánico Electricista o Industrial
2-3 años de experiencia en puestos similares como Ingeniero de Datos, científico de datos o Similares
Especialización en Ingeniería y Análisis de Datos
Dominio de Microsoft Office (excel avanzado), SAP, Azure, AWS, Python (Avanzado) y Power Bi
Nivel de Ingles Intermedio",1189,False,https://www.bumeran.com.pe/empleos/ingeniero-jr-de-datos-unidad-minera-compania-de-minas-buenaventura-1118364859.html,2026-09-23 21:32
1118362947,Data Engineer - Azure,Inetum Perú,Ciencia e ingeniería de datos,data engineer,1,"Tecnología, Sistemas y Telecomunicaciones",Data Warehousing,Semi Sr,Híbrido,Full-time,Indeterminado,FULL_TIME,2,True,False,False,False,False,Lima,Chorrillos,PE,"Chorrillos, Lima, Peru",2026-07-10,2026-10-07,75,Actualizado hace 6 días,,,,,,3.0,True,"SQL, Power BI, Azure, ETL",4,True,False,False,True,False,False,False,False,False,False,False,False,False,False,True,False,False,False,True,False,False,True,1669060,https://www.bumeran.com.pe/perfiles/empresa_inetum-peru_1669060.html,Informática / Tecnología,"Miraflores, Lima",Entre 1001 y 5000 empleados,"Inetum es una compañía con 50 años de experiencia en el desarrollo de servicios IT a nivel internacional, con más de 27.000 expertos tecnólogos que acompañan a sus clientes en su proceso de digitalización, evaluando sus necesidades para diseñar las mejores estrategias del mercado.",,,,,,,,,"Somos Inetum, una compañía de servicios ágiles que proporciona soluciones digitales y un grupo global de tecnólogos que acompaña a sus clientes en el proceso de digitalización aprovechando al máximo eldigital impact.
Ofrecemos a nuestros clientes una combinación única de proximidad, organización sectorial y soluciones de calidad. Presente en más de 26 países, el grupo tiene cerca de 27,000 colaboradores y apunta a seguir creciendo.
¡En Inetum acompañamos a nuestros clientes y colaboradores en su camino al éxito!
Si te gusta reinventarte y resolver problemas con nuevas estrategias, trabajar en proyectos de TI y negocios, ¡postula ahora!
Actualmente nos encontramos en búsqueda de 02 Data Engineer para que se integre a nuestro equipo.
Requisitos:
Bachiller o egresad de Ingeniería de Sistemas, Ingeniería Informática, Computación o afines
Experiencia en base de datos mínima de 3 años.
Sólido dominio de lenguaje de programación SQL y bases de datos Oracle.
Optimización de consultas SQL
Experiencia en SISS - integration services SQL
Optimización de paquetería y querys
Deseable experiencia con BI (Power BI).
Experiencia con ETL.
Experiencia en proyectos con marcos ágiles (SCRUM).
Herramientas Azure Data Factory - de 3 años de experiencia
Beneficios
Incorporación a planilla con todos los beneficios de ley
EPS cubierta al 100% para el colaborador- plan base
Plataforma virtual de teleconsultas.
Capacitaciones generales y específicas de acuerdo a tu especialidad
Plataforma Educativa Multi-idiomas (inglés, francés, alemán, entre otros)
Tarjeta de Alimentos
Vacaciones flexibles
Actividades de integración y Wellness Programs
Descuentos corporativos en diversos establecimientos
Conoce más de nosotros en www.inetum.com/es o visita nuestras redes sociales como Inetum Perú para conocer más de nuestra cultura corporativa y metodologías de trabajo. ¡Te esperamos!
En Inetum promovemos la diversidad de género, origen étnico, nacionalidad, la inclusión de personas con discapacidad y/o habilidades diferentes mediante la igualdad de oportunidades en todos los procesos, y buscamos ampliar las oportunidades de desarrollo profesional.",2143,False,https://www.bumeran.com.pe/empleos/data-engineer-azure-inetum-peru-1118362947.html,2026-09-23 21:32
1118363870,Laureate: Ingeniero(a) de Datos - Temporal,Laureate Perú,Ciencia e ingeniería de datos,ingeniero de datos,1,Ingenierías,Otra,Junior,Híbrido,Full-time,Indeterminado,FULL_TIME,1,False,True,False,False,False,Lima,Santiago de Surco,PE,"Santiago de Surco, Lima, Peru",2026-07-10,2026-10-08,75,Actualizado hace más de 15 días,,,,,,2.0,False,"SQL, Databricks, AWS, Azure, Google Cloud",5,True,False,False,False,False,False,False,False,False,False,False,False,True,True,True,True,False,False,False,False,False,True,2242930,https://www.bumeran.com.pe/perfiles/empresa_laureate-peru_2242930.html,Educación,"Lima, Lima",,"Ser parte de la familia Laureate Perú es formar parte de un grupo de instituciones comprometidas con la educación del País cómo son UPC, UPN y Cibertec. 

Brindamos un servicio educativo a más de 200 mil estudiantes a nivel nacional, cuidando y velando por estandar de calidad y la innovación constante, que permita formar a los futuros líderes del país.",3.1,3.1,3.0,3.4,2.8,2.9,3.0,49.0,"En Laureate contribuimos a la transformación del Perú a través de una educación inclusiva, accesible y de calidad que transforma vidas.
Nos encontramos en la búsqueda de un(a) Ingeniero(a) de Datos - Temporal (4 meses) que desee aportar al desarrollo de capacidades y generar un impacto positivo en nuestra comunidad educativa.

MISIÓN
Diseñar, construir y mantener los pipelines, modelos de analítica, integraciones y estructuras del Data Warehouse y Data Lake institucional del área Comercial, asegurando que los productos de datos sean confiables, eficientes y orientados a las necesidades del negocio. Contribuir activamente al ciclo de vida del producto de datos, desde la ingesta y transformación hasta la exposición de información lista para el análisis y la toma de decisiones comerciales.

FORMACIÓN Y EXPERIENCIA:
Bachiller o titulado en Ingeniería de Sistemas, Informática, Software o afines.
Deseable maestría en Arquitectura Empresarial, Data Engineering o Cloud Architecture.
Certificación o especialización en bases de datos y modelamiento de datos.
Formación certificada en SQL avanzado y diseño de modelos relacionales y dimensionales o semánticos.
Diplomados en Arquitectura Empresarial, Data Engineering, Cloud Architecture ó Inteligencia Artififical.
Curso de especialización en Fabric, Databricks, Azure Data Architect, AWS Solutions Architect o Google Data Architect.
Certificaciones en plataformas cloud o soluciones de integración.
02 años de experiencia mínima en ingeniería de datos, modelamiento o arquitectura de datos en contextos comerciales o de negocio.
02 años de experiencia mínima documentando y diseñando modelos complejos de datos corporativos orientados a la toma de decisiones.
02 años de experiencia mínima liderando proyectos de integración y consolidación de múltiples sistemas con impacto en áreas comerciales.
02 años de experiencia mínima desarrollando arquitecturas modernas (AWS, Azure, GCP, Databricks y Microsoft Fabric).

CONOCIMIENTO:
Modelamiento de datos (relacional, dimensional, Data Vault) orientado a procesos comerciales — nivel avanzado.
Arquitectura de Data Warehouse, Data Lake y/o Lakehouse con foco en métricas y KPIs comerciales — nivel avanzado.
Manejo de SQL Server, Azure Synapse, Postgres u otros motores modernos — nivel avanzado.
Diseño y documentación de flujos de datos, diccionarios, metadatos y reglas de negocio con perspectiva comercial — nivel avanzado.
Integración y normalización de fuentes diversas (CRM, ERP, Contact Center, LMS, plataformas de ventas) — nivel avanzado.
Deseable conocimiento en arquitecturas cloud (Azure, AWS, GCP, Databricks y Microsoft Fabric).
Deseable conocimiento en Diseño de APIs de datos, data contracts y microservicios orientados al negocio.

FUNCIONES:
Identifica las necesidades de información del área Comercial, prioriza iniciativas de datos y define el ciclo de vida de cada producto de datos.
Ejecuta el roadmap de datos y alinea los entregables con los objetivos estratégicos del negocio.
Desarrolla modelos de datos dimensionales, estructuras y reglas de negocio que soporten los procesos comerciales (ventas, clientes, campañas, canales). Seguir lineamientos y principios de tipo data mesh o medallón para que los dominios de datos sean autónomos, confiables y reutilizables por las áreas usuarias.
Documenta entidades, métricas, KPIs comerciales, transformaciones y flujos, generando diccionarios de datos y glosarios de negocio. Establece estándares de nomenclatura y trazabilidad que facilitan la gobernanza y el uso correcto de los datos en toda el área Comercial.
Construye la orquestación de ETLs/ELTs, pipelines y estructuras generadas por Ingeniería de Datos, asegurando que cumplan con los modelos y estándares definidos. Elabora y ejecuta el control de validez, integridad y calidad de los datos provenientes de CRM, ERP, Contact Center y otras fuentes comerciales.
Trabaja directamente con las áreas Comerciales para traducir necesidades de negocio en requerimientos de datos. Facilita la adopción de los productos de datos, promueve la cultura data-driven y asegura que los análisis y reportes respondan a las preguntas estratégicas del negocio.

BENEFICIOS:
Contrato en planilla
Seguro Vida Ley desde el primer día de inicio de labores
Descuentos Corporativos
Descuentos Educativos en toda la red Laureate
EPS al 50% y Seguro Oncológico al 100%.

Como institución, en Laureate valoramos la diversidad y promovemos entornos inclusivos donde todas las personas tengan las mismas oportunidades de participación y desarrollo, sin distinción de origen, género, edad, discapacidad u otras condiciones.
#LoQueNosUneNosHaceUno #OportunidadesLaborales",4674,False,https://www.bumeran.com.pe/empleos/laureate-ingenieroa-de-datos-temporal-laureate-peru-1118363870.html,2026-09-23 21:32
1118361657,Data Engineer,Encora,Ciencia e ingeniería de datos,data engineer,1,"Tecnología, Sistemas y Telecomunicaciones",Tecnologia / Sistemas,Senior,Híbrido,Full-time,Indeterminado,FULL_TIME,3,True,False,False,False,False,Lima,Surquillo,PE,"Surquillo, Lima, Peru",2026-07-09,2026-10-07,76,Actualizado hace más de 15 días,,,,,,,False,"SQL, Databricks, Azure, ETL",4,True,False,False,False,False,False,False,False,False,False,False,False,True,False,True,False,False,False,True,False,False,True,1527080,https://www.bumeran.com.pe/perfiles/empresa_encora_1527080.html,Informática / Tecnología,"Lima, Lima",Entre 1001 y 5000 empleados,"Coforge es una compañía global de servicios de tecnología de la información enfocada en la transformación digital de empresas mediante soluciones innovadoras en áreas como desarrollo de software, analítica de datos, automatización y computación en la nube. Con un fuerte conocimiento sectorial en industrias como banca, seguros, viajes y transporte, la empresa se posiciona como un socio estratégico que ayuda a las organizaciones a mejorar su eficiencia operativa y adaptarse a entornos digitales en constante evolución.

En Latinoamérica, Coforge ha fortalecido su presencia como parte de su estrategia de crecimiento, estableciendo equipos y capacidades para atender tanto a clientes regionales como globales. En Perú, la compañía ha consolidado su operación mediante el desarrollo de talento tecnológico y la participación en proyectos internacionales, posicionando al país como un hub clave dentro de su red en la región y contribuyendo al avance del ecosistema digital local.",,,,,,,,,"Título del puesto: Data Engineer Azure
Habilidades clave: Azure Data Factory, Azure Databricks, Data Lake, Data Warehouse (DWH), GitHub, SQL, ETL, Modelamiento Dimensional, Azure Architecture, PL/SQL Oracle, BIAN, Metodologías Ágiles, Banca
Experiencia: Experiencia en desarrollo e implementación de soluciones de ingeniería de datos para proyectos de Data Lake, Data Warehouse y sector banca.
Ubicación: Lima, Perú
Modalidad: Según requerimiento del proyecto
En Coforge estamos buscando un Data Engineer Azure con el siguiente perfil.
Responsabilidades principales
Desarrollar soluciones de integración de datos utilizando Azure Data Factory.
Desarrollar y mantener procesos de datos utilizando Azure Databricks.
Participar en proyectos de implementación de Data Lake y Data Warehouse (DWH).
Diseñar y desarrollar procesos ETL y optimizar consultas SQL.
Gestionar código fuente mediante GitHub.
Participar en proyectos del sector banca asegurando la calidad y disponibilidad de la información.
Colaborar con equipos multidisciplinarios bajo metodologías ágiles.
Requisitos
Experiencia en desarrollo con Azure Data Factory.
Experiencia en desarrollo con Azure Databricks.
Experiencia utilizando GitHub como herramienta de versionamiento.
Experiencia en proyectos de implementación de Data Lake y/o Data Warehouse (DWH).
Conocimiento en modelamiento dimensional de Data Lake y/o DWH.
Experiencia en proyectos del sector Banca.
Experiencia en optimización de consultas SQL y procesos ETL.
Experiencia en proyectos con modelado BIAN (Deseable).
Conocimiento en arquitecturas Azure, Databricks, Data Lake y DWH.
Conocimiento de SQL y PL/SQL Oracle.
Capacidad para interactuar a todo nivel.
Experiencia trabajando con metodologías ágiles.
Publicado el: 9-07-2026
En Coforge, contratamos profesionales únicamente en función de sus habilidades y calificaciones, y no discriminamos en función de la edad, discapacidad, religión, género, orientación sexual, estado socioeconómico o nacionalidad.",1986,False,https://www.bumeran.com.pe/empleos/data-engineer-encora-1118361657.html,2026-09-23 21:32
1118362329,Ingeniero de Integración de Aplicaciones y Datos,STEFANINI PERU S.A,Ciencia e ingeniería de datos,ingeniero de datos,1,"Tecnología, Sistemas y Telecomunicaciones",Data Entry,Senior,Híbrido,Full-time,Temporal,TEMPORARY,1,False,True,False,False,False,Lima,San Borja,PE,"San Borja, Lima, Peru",2026-07-09,2026-10-07,76,Actualizado hace más de 15 días,,,,,,,False,"SQL, Power BI, Spark, AWS, Azure, ETL",6,True,False,False,True,False,False,False,False,False,False,False,True,False,True,True,False,False,False,True,False,False,True,2269550,https://www.bumeran.com.pe/perfiles/empresa_stefanini-peru-s.a_2269550.html,Informática / Tecnología,"Lima, Lima",Entre 11 y 50 empleados,"Stefanini Group es una empresa global de tecnología que se especializa en servicios de TI como soluciones digitales, consultoría, integración, desarrollo y externalización de procesos de negocio. Fundada en 1987 en Brasil por Marco Stefanini, la compañía ha experimentado un crecimiento significativo y ahora opera en 41 países, ofreciendo una amplia gama de servicios tecnológicos y de innovación a clientes de diversos sectores, incluyendo finanzas, manufactura, telecomunicaciones, química, servicios, tecnología, educación y salud.

A lo largo de los años, Stefanini ha evolucionado para adaptarse a las cambiantes demandas del mercado tecnológico, incorporando en su oferta tecnologías emergentes como inteligencia artificial, ciberseguridad, cloud computing, y soluciones de ITO destacando su capacidad para ofrecer soluciones personalizadas que responden a las necesidades específicas de cada cliente.",,,,,,,,,"¡Sé parte de Stefanini! 🚀
En Stefanini somos más de 30,000 genios, conectados desde 41 países, haciendo lo que les apasiona y co-creando un futuro mejor.
📌 Responsabilidades
Diseño y desarrollo de soluciones de datos
Diseñar, desarrollar y mantener procesos ETL utilizando AWS Glue (PySpark) y SSIS.
Extraer información desde Ellucian Banner hacia Data Lakes, Data Warehouses y bases de datos operativas.
Optimizar tiempos de carga y consumo de recursos.
Desarrollo de reportería
Crear reportes en SSRS y dashboards en Power BI.
Brindar soporte a la toma de decisiones en las áreas académica, financiera y de registros.
Garantizar actualizaciones programadas y bajo demanda.
Desarrollo de APIs
Desarrollar APIs REST con .NET Entity Framework.
Implementar funciones serverless con AWS Lambda para exponer información de forma segura a aplicaciones web, móviles y sistemas externos.
Automatización y orquestación
Desarrollar scripts en Bash.
Orquestar procesos mediante AWS Step Functions y Azure DevOps.
Asegurar la correcta ejecución y monitoreo de ETLs, APIs y reportes.
DevOps y despliegues
Administrar pipelines CI/CD en Azure DevOps.
Automatizar pruebas, compilaciones y despliegues de código SQL, procesos ETL, reportes y APIs entre ambientes de desarrollo, QA y producción.
Monitoreo y optimización
Implementar métricas y monitoreo con AWS CloudWatch.
Revisar logs y detectar cuellos de botella en SQL y procesos ETL.
Proponer mejoras de rendimiento.
Soporte técnico
Actuar como referente técnico del equipo.
Revisar código SQL, procesos ETL y scripts, asegurando calidad, seguridad y rendimiento.
Coordinación con otras áreas
Trabajar junto a los equipos de Infraestructura, Calidad y Seguridad para garantizar conectividad, permisos y cumplimiento de políticas.
Gestión operativa
Llevar control de horas dedicadas a proyectos y soporte.
Asegurar que el equipo registre correctamente sus actividades.
Velar por el cumplimiento de los SLA relacionados con disponibilidad de datos, actualización de reportes y tiempos de respuesta de APIs.
🎓 Requisitos
Formación académica
Egresado o Bachiller en Ingeniería de Sistemas, Ingeniería Informática, Ingeniería de Datos o carreras afines.
Experiencia
Mínimo 2 años en gestión de proyectos o coordinación con proveedores.
Mínimo 3 años trabajando con Oracle PL/SQL y SQL Server T-SQL en ambientes productivos.
Mínimo 2 años desarrollando procesos ETL con AWS Glue y SSIS.
Mínimo 2 años en reportería con SSRS y Power BI.
Mínimo 2 años desarrollando APIs con .NET Entity Framework y AWS Lambda.
Mínimo 1 año utilizando Azure DevOps y automatización mediante Bash.
Experiencia trabajando con Ellucian Banner y conocimiento de su modelo de datos.
🛠 Conocimientos técnicos
Bases de datos
Oracle PL/SQL
SQL Server T-SQL
SQL
MySQL
PostgreSQL
MongoDB
ETL
AWS Glue
PySpark
SSIS
SSISDB
Catálogo de datos
Crawlers
BI y Reportería
SSRS
Power BI
DAX
Power Query
Power BI Service
Gateway
Backend y APIs
.NET Entity Framework
C#
AWS Lambda
API Gateway
REST
JWT
DevOps y Cloud
Azure DevOps
Pipelines (YAML y Clásicos)
AWS S3
AWS EC2
AWS CloudWatch
IAM
AWS Step Functions
Automatización
Bash Scripting en Linux
ERP
Ellucian Banner
Conocimiento de tablas y modelos de datos (SOA, SGA, SFA)
Seguridad
OAuth
JWT
Metodologías
Scrum
Kanban
DevOps
📚 Cursos y certificaciones (deseables)
Certificaciones
Microsoft Certified: Power BI Data Analyst Associate.
Microsoft Azure Fundamentals.
Microsoft Power Platform Fundamentals.
Microsoft Certified: Azure Developer Associate.
AWS Certified Data Engineer.
AWS Certified Developer – Associate.
AWS Certified Solutions Architect – Associate.
Scrum Master o Agile Fundamentals.",3648,False,https://www.bumeran.com.pe/empleos/ingeniero-de-integracion-de-aplicaciones-y-datos-stefanini-peru-s.a-1118362329.html,2026-09-23 21:32
1118354991,Docente de Matemática Aplicada a la Ciencia de Datos - Tiempo Parcial,TECSUP,Ciencia e ingeniería de datos,ciencia de datos,1,"Educación, Docencia e Investigación",Educación/Docencia,Semi Sr,Presencial,Por Horas,Temporal,TEMPORARY,1,False,False,False,False,False,Lima,Santa Anita,PE,"Santa Anita, Lima, Peru",2026-07-03,2026-10-01,82,Actualizado hace más de 15 días,,,,,,3.0,False,Python,1,False,True,False,False,False,False,False,False,False,False,False,False,False,False,False,False,False,False,False,False,False,True,2112280,https://www.bumeran.com.pe/perfiles/empresa_tecsup_2112280.html,Educación,"Lima, Lima",Entre 301 y 500 empleados,"TECSUP es una institución líder en educación tecnológica en el Perú, con más de 40 años formando profesionales en ingeniería, tecnología y gestión. Brinda una formación práctica, con moderna infraestructura y estrecha vinculación con la industria, facilitando la inserción laboral de sus egresados. Promueve la innovación, el desarrollo de habilidades técnicas y la mejora continua, contribuyendo al crecimiento profesional y al desarrollo sostenible del país.¡Súmate a una institución que transforma talento en oportunidades!",3.4,3.8,3.3,3.8,3.1,3.3,3.2,20.0,"TECSUP, institución líder en educación tecnológica con más de 40 años de trayectoria formando profesionales innovadores y éticos, se encuentra en la búsqueda de un Docente de Matemática Aplicada a la Ciencia de Datos - Tiempo Parcial.
Perfil Profesional:
Titulado en Ingeniería de Sistemas o carreras afines
Experiencia de 3 años en labores alineadas a la ciencia de datos
Conocimiento en Algebra y programación lineal, probabilidades y Python.
Experiencia como docente. (Deseable)
Funciones:
Revisar, proponer y actualizar los planes de temas del curso o materia a su cargo.
Preparar e impartir clases de la materia a su cargo aplicando las estrategias metodológicas acordes a la formación del perfil del alumnado estipulado en las políticas de la Institución.
Efectuar el seguimiento al desarrollo del curso o materia a su cargo y al rendimiento del alumnado, a fin de identificar deficiencias así como oportunidades de mejora y plantear acciones correctivas.
Brindar las facilidades a la Dirección de Calidad e Innovación Educativa para aplicar eficazmente sus instrumentos de medición y comprometerse a aplicar las mejoras necesarias.
Diseñar y desarrollar productos (cursos, integrales, etc.), servicios a la industria, expedientes, entre otros.
Beneficios:
Ingreso a planilla con beneficios de acuerdo a ley.
Pertenecer a una institución acreditada internacionalmente.
Capacitación permanente.
Línea de desarrollo profesional.
Programa de actividades de integración y camaradería.
Consideraciones:
Lugar de trabajo: Santa Anita, Lima.
Modalidad de trabajo: Presencial
Horario de trabajo: Lunes a Viernes en el rango de 8:00am a 6:00pm (4 horas semanales).
Disponibilidad inmediata.
“En Tecsup nos comprometemos con la igualdad de oportunidades. Todas las personas serán consideradas en el proceso de postulación.”",1819,False,https://www.bumeran.com.pe/empleos/docente-de-matematica-aplicada-a-la-ciencia-de-datos-tiempo-parcial-tecsup-1118354991.html,2026-09-23 21:32
1118353612,Data Engineer - Streaming (Event Hubs) - Sector Banca,INDRA PERU,Ciencia e ingeniería de datos,data engineer,1,"Tecnología, Sistemas y Telecomunicaciones",Tecnologías de la Información,Semi Sr,Híbrido,Full-time,Temporal,TEMPORARY,3,True,True,False,False,False,Lima,Surquillo,PE,"Surquillo, Lima, Peru",2026-07-02,2026-09-30,83,Actualizado hace más de 15 días,,,,,,2.0,False,"SQL, Python, Spark, Databricks, Azure",5,True,True,False,False,False,False,False,False,False,False,False,True,True,False,True,False,False,False,False,False,False,False,2255030,https://www.bumeran.com.pe/perfiles/empresa_indra-peru_2255030.html,Informática / Tecnología,"Lima, Aguascalientes",Entre 1001 y 5000 empleados,"Somos una de las principales empresas globales de consultoría y tecnología y el socio tecnológico global para los negocios clave de nuestros clientes. Desarrollamos una oferta de soluciones propias, servicios avanzados y de alto valor añadido en tecnología.",,,,,,,,,"En Indra, estamos en la búsqueda de un/a Data Engineer para integrarse a un importante proyecto del sector financiero con nuestro cliente del sector bancario.
La posición está orientada al diseño, desarrollo y optimización de soluciones de ingeniería de datos en tiempo real, utilizando tecnologías Azure para el procesamiento de grandes volúmenes de información.
Requisitos asociados:
Experiencia mínima de 2 a 3 años en rol o funciones como Data Engineer.
Experiencia desarrollando pipelines de datos en tiempo real utilizando Azure Event Hubs, Databricks o Synapse.
Dominio de Python, SQL y Spark para procesamiento batch y streaming.
Experiencia integrando datos desde múltiples fuentes (APIs, eventos y sistemas internos).
Conocimiento en gobierno de datos, trazabilidad, seguridad y buenas prácticas de ingeniería de datos.
Experiencia automatizando procesos y optimizando flujos de datos en entornos cloud.
Deseable experiencia con agentes de IA o herramientas similares.
Conocimientos en:
Azure Event Hubs.
Azure Databricks.
Azure Synapse.
Python.
SQL.
Apache Spark.
Integración de datos y APIs.
Gobierno y calidad de datos.
Arquitecturas de datos en Azure.
Principales desafíos del rol:
Diseñar e implementar pipelines de datos en tiempo real.
Optimizar procesos de ingesta y procesamiento de datos.
Garantizar la calidad, disponibilidad y trazabilidad de la información.
Integrar múltiples fuentes de datos bajo estándares de arquitectura.
Colaborar con equipos multidisciplinarios para la implementación de soluciones escalables.
Beneficios:
EPS cubierta al 100%.
Acceso a plataformas de aprendizaje y certificaciones.
Beneficios corporativos.
Línea de carrera y crecimiento profesional.
Modalidad de trabajo: Híbrida – 2 veces por semana en sede cliente ubicada en Surquillo.",1787,False,https://www.bumeran.com.pe/empleos/data-engineer-streaming-event-hubs-sector-banca-indra-peru-1118353612.html,2026-09-23 21:32
1118351929,Ingeniero Datos GCP Senior,CSTI Corp,Ciencia e ingeniería de datos,ingeniero de datos,1,"Tecnología, Sistemas y Telecomunicaciones",Análisis de Datos,Senior,Presencial,Full-time,Temporal,TEMPORARY,1,False,False,False,False,False,Lima,La Victoria,PE,"La Victoria, Lima, Peru",2026-07-01,2026-09-29,84,Actualizado hace más de 15 días,,,,,,,False,"SQL, Python, Power BI, Spark, Google Cloud, SAP",6,True,True,False,True,False,False,False,False,False,False,False,True,False,False,False,True,True,False,False,False,False,True,10155736,https://www.bumeran.com.pe/perfiles/empresa_csti-corp_10155736.html,Informática / Tecnología,"Lima, Lima",Entre 51 y 150 empleados,"Somos una corporación de capital peruano Silver Partner SAP, líder en el rubro de TI, especializada en brindar soluciones de negocio en las líneas de outsourcing, soporte y proyectos. Actualmente contamos con sedes en Perú, Ecuador, Colombia y Bolivia.",3.5,3.6,3.2,3.2,3.1,3.1,3.2,8.0,"En CSTI Corp somos una empresa líder en TI con más de 15 años en el mercado, nos enfocamos en la transformación empresarial, especializada en Sistemas SAP y Consultoría TI. Nuestro cliente se encuentra en búsqueda de un:
Ingeniero de Datos GCP Senior
Requisitos:
Dominio avanzado de GCP para data engineering: BigQuery (modelado, particionado, clustering y optimización), Cloud Storage/BigLake, Dataflow/Apache Beam, Dataproc/Spark, Cloud Composer/Airflow y Pub/Sub.
Diseño de arquitecturas batch/streaming, lakehouse por capas y gobierno de datos; seguridad con IAM, Service Accounts, Secrets y redes privadas.
Desarrollo productivo con SQL y Python, pruebas de calidad de datos, CI/CD, Terraform o IaC, observabilidad con Cloud Logging/Monitoring y control de costos.
Integración de datasets GCP con Power BI para reportería corporativa.
Deseable certificación Google Cloud Professional Data Engineer, Cloud Architect o Associate Cloud Engineer
Condiciones:
Modalidad Presencial - Lima (Lunes a Viernes)
Salario acorde al mercado
¡Ven y únete al equipo de CSTI CORP! 👏",1070,False,https://www.bumeran.com.pe/empleos/ingeniero-datos-gcp-senior-csti-corp-1118351929.html,2026-09-23 21:32
1118321799,Ingeniero de Datos,EXPERTISE,Ciencia e ingeniería de datos,ingeniero de datos,1,"Tecnología, Sistemas y Telecomunicaciones",Análisis de Datos,Junior,Presencial,Full-time,Indeterminado,FULL_TIME,1,False,False,False,False,False,Arequipa,Majes,PE,"Majes, Arequipa, Peru",2026-06-07,2026-10-05,108,Actualizado hace más de 15 días,,,,,,1.0,False,"SQL, SAP",2,True,False,False,False,False,False,False,False,False,False,False,False,False,False,False,False,True,False,False,False,False,True,13381615,https://www.bumeran.com.pe/perfiles/empresa_expertise_13381615.html,Consultoría,"Trujillo, La Libertad",Entre 11 y 50 empleados,"Expertise Latam es una compañía consultora con sede en Perú. Trabajamos para nuestros clientes con el objetivo principal de ayudarlos a contratar a las personas adecuadas para su organización.

En Expertise proveemos servicios de valor. Creemos firmemente que las personas somos el principal activo de toda industria y segmento económico. Por ello trabajamos en identificar y encontrar el mejor talento para su empresa.

Ayudamos a nuestros clientes a buscar y desarrollar colaboradores que sobresalgan en sus funciones y se adapten a la organización. Somos expertos encontrando personas que buscan pertenecer y crecer a largo plazo dentro de su compañía.

Sabemos que todo comienza con un consistente proceso de reclutamiento. La selección inicial es el comienzo de una gran carrera profesional para el trabajador y una grata experiencia para nuestros clientes.",,,,,,,,,"Por encargo de nuestro cliente, importante compañia del sector Agroexportador, nos encontramos en búsqueda de un Ingeniero de Datos e Inteligencia Operacional.
Objetivo del rol: Diseñar, implementar y gestionar la arquitectura de flujos de información interdepartamental de la empresa, integrando los datos generados por las áreas de Producción, Finanzas, Exportaciones, Calidad y Tecnología en sistemas y repositorios centralizados.
Funciones:
Gestión y consolidación de datos
Recopilar información proveniente de las áreas de Producción, Finanzas, Exportaciones, Calidad y Tecnología.
Consolidar bases de datos en repositorios centralizados.
Validar la calidad, consistencia e integridad de la información recibida.
Realizar procesos de limpieza y depuración de datos.
Automatización y mejora de procesos
Apoyar en la automatización de reportes manuales.
Diseñar consultas básicas en SQL para extracción de información.
Participar en proyectos de integración entre sistemas empresariales.
Identificar oportunidades para mejorar el flujo de información entre áreas.
Soporte a usuarios internos
Brindar soporte a usuarios en la generación y uso de reportes.
Capacitar a las áreas sobre el uso de dashboards e indicadores.
Atender requerimientos de información de las distintas áreas de negocio.
Requisitos:
Formación académica: Ingeniería de Sistemas, Ingeniería Industrial, Ingeniería Estadística, Ciencias de la Computación o afines.
Experiencia de 1 año en roles de Asistente de datos, Ingeniero Jr. de datos o integración de sistemas o afines.
Deseable manejo de SAP B1 o similares.
Dispobilidad para residir en Pedregal.
Beneficios:
Integrar una compañia sólida y posicionada en su sector.
Disponibilidad para residir en la zona del Pedregal.
Salario fijo mensual y beneficios de ley.",1789,False,https://www.bumeran.com.pe/empleos/ingeniero-de-datos-expertise-1118321799.html,2026-09-23 21:32
1118452481,Analista de Seguridad de la Información y Continuidad del Negocio,Caja Trujillo,Seguridad de la información,analista de informacion,1,"Tecnología, Sistemas y Telecomunicaciones",Seguridad Informática,Semi Sr,Remoto,Full-time,Indeterminado,FULL_TIME,1,False,False,False,True,False,La Libertad,Trujillo,PE,"Trujillo, La Libertad, Peru",2026-09-22,2027-01-20,1,Actualizado hace 6 horas,,,,,,,False,,0,False,False,False,False,False,False,False,False,False,False,False,False,False,False,False,False,False,False,False,False,False,True,907780,https://www.bumeran.com.pe/perfiles/empresa_caja-trujillo_907780.html,Banca / Financiera,"Trujillo, La Libertad",Entre 1001 y 5000 empleados,"Somos Caja Trujillo, Sóida entidad financiera, llevamos 41 años dedicados a atender las necesidades financieras de los emprendedores peruanos, ofreciéndoles diversos productos y servicios diseñados a su medida; lo que nos convierte en una entidad sólida, comprometida con el desarrollo y éxito de nuestros clientes.

Hoy estamos presentes en 20 regiones, a través de 107 agencias. Además, contamos con más de 15,000 puntos de atención alternativos, como Agentes Corresponsales propios, Western Union, Kasnet y cajeros automáticos. 

Y también, para beneficio de todos nuestros clientes y usuarios, tenemos nuestro aplicativo Caja Trujillo Móvil, para realizar diferentes operaciones con total seguridad y confianza.",,,,,,,,,"¡Crecemos Juntos en Caja Trujillo!
Somos una empresa líder en las microfinanzas en el Norte del País, continuamos creciendo a Nivel Nacional; es por ello, que nos encontramos en búsqueda de ¡Talentos como tú! para ocupar la posición de Analista de Seguridad de la Información y Continuidad del Negocio
Tu principal reto será:
Ejecutar y monitorear los procedimientos operativos relacionados con la gestión de seguridad de la información, protección de datos y continuidad del negocio en los diferentes procesos de la entidad.
Que buscamos:
-Bachiller Universitario de preferencia con Título en carreras de Ingeniería de Sistemas, Informática, Computación, Electrónica o afines.
Conocimientos en:
-De preferencia, especialización en Gestión de Riesgos de Seguridad de la Información, Continuidad del Negocio o Auditoría de Tecnologías de Información.
-Ofimática y programas informáticos relacionados con la función.
Experiencia:
-Mínima de 02 años en instituciones financieras o de servicios, desempeñando funciones en el cargo o similares.
Relacionada a :
Evaluación de riesgos de seguridad de la información y continuidad del negocio.
Manejo de herramientas de soporte tecnológico para la Gestión de Seguridad de la Información y Gestión de Continuidad del Negocio.
Conocimiento de estándares internacionales, marcos de referencia o código de buenas prácticas sobre seguridad de información, continuidad del negocio y/o auditoría de sistemas.
Deseable experiencia en Seguridad de la Información, Ciberseguridad y/o Continuidad del Negocio.
Conocimiento de la normativa SBS relacionada con Seguridad de la Información, Ciberseguridad, Continuidad del Negocio y Gestión de Riesgos.
Conocimiento de marcos y estándares como ISO 27001, ISO 22301, NIST CSF u otros relacionados.
Experiencia en evaluación de riesgos de seguridad de la información, gestión de incidentes y controles de seguridad.
Deseable contar con certificaciones o estudios de especialización en seguridad de la información, ciberseguridad, continuidad del negocio o gestión de riesgos.
Tenemos para ti:
Grato ambiente laboral.
Salario acorde al mercado.
Trabajo Remoto 100%.
Linea de Carrera.
¡Muchos éxitos en este proceso de selección!
De conformidad con lo señalado en la Ley N° 29733, Ley de Protección de Datos Personales y su norma reglamentaria D.S. y N° 003-2013-JUS, en el presente acto EL POSTULANTE autoriza a LA CAJA al uso de los datos personales y de los datos sensibles que pueda proporcionar en el desarrollo del proceso de postulación y solo para los efectos de la misma.
La presente convocatoria es aplicable a personas con discapacidad, en conformidad a lo establecido en la Ley N° 29973, Ley de la Persona con Discapacidad y su Reglamento.",2725,False,https://www.bumeran.com.pe/empleos/analista-de-seguridad-de-la-informacion-y-continuidad-del-negocio-caja-trujillo-1118452481.html,2026-09-23 21:32
1118445488,Analista de Seguridad de Información | IAM / PAM,INDRA PERU,Seguridad de la información,analista de informacion,1,"Tecnología, Sistemas y Telecomunicaciones",Tecnologías de la Información,Semi Sr,Remoto,Full-time,Temporal,TEMPORARY,2,True,False,False,False,False,Lima,Lima,PE,"Lima, Lima, Peru",2026-09-16,2026-12-15,7,Actualizado hace 5 días,,,,,,3.0,True,,0,False,False,False,False,False,False,False,False,False,False,False,False,False,False,False,False,False,False,False,False,False,False,2255030,https://www.bumeran.com.pe/perfiles/empresa_indra-peru_2255030.html,Informática / Tecnología,"Lima, Aguascalientes",Entre 1001 y 5000 empleados,"Somos una de las principales empresas globales de consultoría y tecnología y el socio tecnológico global para los negocios clave de nuestros clientes. Desarrollamos una oferta de soluciones propias, servicios avanzados y de alto valor añadido en tecnología.",,,,,,,,,"En Indra seguimos creciendo y buscamos un/a profesional con experiencia en gestión de identidades, accesos y seguridad de la información para sumarse a nuestro equipo.
🚀 ¿Cuál será tu reto?
Gestionar y atender incidencias y tickets relacionados con seguridad de la información, identidades y accesos.
Administrar usuarios y grupos en entornos Active Directory On-Premise y Entra ID.
Gestionar plataformas de administración de identidades y accesos.
Administrar soluciones de PAM (Privileged Access Management).
Brindar soporte y atención de incidencias relacionadas con las plataformas de gestión de usuarios y cuentas privilegiadas.
🔎 ¿Qué buscamos?
3 años a más de experiencia en posiciones relacionadas con Seguridad de la Información, IAM, gestión de accesos o afines.
Experiencia en Active Directory On-Premise, específicamente en administración de usuarios y grupos.
Experiencia en Entra ID, específicamente en administración de usuarios y grupos.
Experiencia administrando alguna plataforma de gestión de identidades y usuarios (IAM) como SailPoint, Entra ID u otras.
Experiencia administrando alguna solución de gestión de cuentas privilegiadas (PAM) como Centrify, CyberArk u otras.
Inglés intermedio alto o avanzado (indispensable)
Beneficios:
🚑 EPS cubierta al 100%.
📚 Acceso ilimitado a Udemy.
🔖 Descuentos corporativos.
📈 Línea de carrera.
💆 ♀️ Kit ergonómico para trabajo en casa.
🧠 Atención psicológica.
🥦 Atención nutricional.
💻 Modalidad y horario
📍 100% remoto
🗓️ Lunes a viernes
⏰ 7:00 a. m. a 4:30 p. m.",1523,False,https://www.bumeran.com.pe/empleos/analista-de-seguridad-de-informacion-%7C-iam-pam-indra-peru-1118445488.html,2026-09-23 21:32
1118445406,Analista Senior de Seguridad de la Información,INSTITUTO CULTURAL PERUANO NORTEAMERICANO,Seguridad de la información,analista de informacion,1,"Tecnología, Sistemas y Telecomunicaciones",Seguridad Informática,Senior,Híbrido,Full-time,Indeterminado,FULL_TIME,1,False,False,False,True,False,Lima,Miraflores,PE,"Miraflores, Lima, Peru",2026-09-16,2026-12-15,7,Actualizado hace 11 horas,,,,,,2.0,True,"Azure, Google Cloud",2,False,False,False,False,False,False,False,False,False,False,False,False,False,False,True,True,False,False,False,False,False,True,10221865,https://www.bumeran.com.pe/perfiles/empresa_instituto-cultural-peruano-norteamericano_10221865.html,Educación,"Lima, Lima",Entre 1001 y 5000 empleados,El ICPNA es el centro cultural binacional más grande de Latinoamérica y del mundo. Es reconocido por su contribución al desarrollo de la comunidad a través de la enseñanza del inglés y el español como idiomas de entendimiento universal.,3.7,3.7,3.5,3.8,3.3,3.4,3.4,6.0,"Funciones:
Administrar accesos de usuarios en sistemas propios y de terceros usados por el ICPNA alineado a la transformación digital.
Programar y ejecutar revisiones periódicas de accesos y privilegios en sistemas de la institución.
Proponer mejoras y actualizaciones de los procedimientos y flujos de gestión de accesos.
Clasificar la información del ICPNA y sensibilizar a usuarios finales.
Apoyar en la gestión de plataformas de ciberseguridad como antivirus, firewalls, active directory.
Asegurar el Cumplimiento Legal y Protección de Datos Personales
Gestionar incidencias de seguridad de la información en todos nuestros sistemas y plataformas en coordinación con el Jefe de Seguridad de la Información. A su vez llevar el registro en la bitácora de eventos e incidentes.
Participar en proyectos relacionados al área.
Requisitos:
Formación académica: Bachiller en Ingeniería Informática, Ingeniería de Sistemas o afines.
4 años gestionando accesos e identidades en entornos empresariales.
Mínimo 2 años de experiencia como Analista de Seguridad de la Información.
Experiencia deseable en el sector Educación (No excluyente).
Manejo de software de ofimática a nivel intermedio.
Manejo del idioma inglés: Nivel Intermedio.
Conocimientos:
Metodologías de Gestión de accesos, RBAC, Matriz de Accesos y Segregación de funciones.
Gestión de Riesgos de seguridad de la Información.
Conocimiento en ISO27001, 27005 y 31000.
Ciclo de vida de identidades (provisión, desprovisión, recertificación).
Conocimientos solidos en LDAP, SSO, OAuth, SAML, Active Directory, Azure Entra ID, MFA o 2FA.
Automatizar tareas y controles de gestión de accesos.
Conocimiento de la Ley 29733 Protección de datos Personales.
Elaborar de informes.
Curso de Prompt Engine (Deseable)
Experiencia en entornos Azure y GCP (Deseable).
Gestión antimalware empresarial (Deseable).
Conocimientos de ITIL (Deseable).
Disponibilidad:
Horario: Lunes a viernes de 08:30 am a 18:06 pm
Modalidad: híbrido en Miraflores",1983,False,https://www.bumeran.com.pe/empleos/analista-senior-de-seguridad-de-la-informacion-instituto-cultural-peruano-norteamericano-1118445406.html,2026-09-23 21:32
1118443223,Analista Senior de Gobierno de Seguridad de la Información,ON Empresas,Seguridad de la información,analista de informacion,1,"Tecnología, Sistemas y Telecomunicaciones",Seguridad Informática,Senior,Presencial,Full-time,Indeterminado,FULL_TIME,1,False,False,False,True,False,Lima,San Borja,PE,"San Borja, Lima, Peru",2026-09-15,2026-12-14,8,Actualizado hace 7 horas,,,,,,3.0,False,,0,False,False,False,False,False,False,False,False,False,False,False,False,False,False,False,False,False,False,False,False,False,True,10104709,https://www.bumeran.com.pe/perfiles/empresa_on-empresas_10104709.html,Telecomunicaciones,"Lima, Lima",Entre 501 y 1000 empleados,"ON Empresas es la empresa de Telecomunicaciones y Tecnologías de la Información con más de 20 años experiencia en el mercado. Cuenta con más de 650 colaboradores, 7 sedes a nivel nacional, 5 DataCenters, 1 Cybersoc, Noc y Centro de atención al cliente 24/7.
Atendemos a más de 4500 clientes en los principales sectores económicos del país y nuestra propuesta de valor incluye la entrega de servicios de Conectividad, Cloud Híbrido, Ciberseguridad, Servicios Gestionados, Servicios de Data Center, Comunicaciones Unificadas y Telefonía Corporativa.
Nuestro propósito es desafiar lo convencional para acelerar la evolución digital de las empresas, sumando creatividad e innovación para asegurar un servicio con una propuesta de valor distinta.

""ON Empresas creemos en la igualdad de oportunidades y la no discriminación laboral. Promovemos la diversidad basada en la raza, género, orientación sexual, religión, origen étnico, edad, estado civil, identidad de género,  discapacidad o cualquier otra",,,,,,,,,"Buscamos un perfil con sólida experiencia en Gobierno de Seguridad de la Información, Gestión de Riesgos y Cumplimiento, capaz de liderar iniciativas orientadas a fortalecer el modelo de controles, gestionar auditorías y contribuir a la evolución de la madurez de ciberseguridad de la organización.
¿Qué buscamos?
Bachiller universitario de las carreras de Ingeniería Industrial, Ingeniería de Sistemas, Ingeniería Informática, Ingeniería de Telecomunicaciones o carreras afines.
Experiencia de 3 años en cargos similares a analista de seguridad de información, analista de gobierno, analista de procesos (SI) o en funciones como: Gestión de riesgos de seguridad de información o similares.
Experiencia en ISO 27001 / SGSI, Gestión de Riesgos de Ciberseguridad, indicadores de gestión y elaboración de políticas y procedimientos.
Experiencia en gestión de políticas, estándares y procedimientos.
Experiencia en evaluación de controles y gestión de planes de tratamiento o remediación.
Deseable experiencia en auditoría y gestión de hallazgos.
Certificación en ISO 27001 / Auditor o NIST o Gestión de Riesgos de Seguridad de Información o ISO 22301 Continuidad de Negocio.
¿Cuáles serán tus retos?
Liderar la definición, implementación y mejora continua del modelo de Gobierno de Seguridad de Información y Cumplimiento, alineado a buenas prácticas y estándares internacionales.
Gestionar evaluaciones de riesgo de seguridad de información, identificando brechas, impacto al negocio y planes de tratamiento.
Diseñar y mantener indicadores ejecutivos (KPI/KRI) para medir la madurez, cumplimiento y efectividad de los controles de seguridad.
Liderar auditorías internas y externas de seguridad, continuidad y servicios TI, gestionando hallazgos, responsables y planes de remediación.
Evaluar el cumplimiento de controles de seguridad, identificando desviaciones y proponiendo acciones correctivas.
Gestionar la actualización de políticas, procedimientos, estándares y lineamientos de seguridad de información.
Coordinar iniciativas estratégicas de ciberseguridad con áreas internas, clientes, proveedores y terceros.
Liderar evaluaciones de seguridad a proveedores críticos y gestionar riesgos asociados a terceros.
Elaborar reportes ejecutivos de riesgos, cumplimiento y avances de iniciativas para la alta dirección.
Participar en la definición de nuevos servicios de seguridad, asegurando alineamiento con controles, procesos y requerimientos regulatorios.
Impulsar iniciativas de cultura y concientización en seguridad de información.",2536,False,https://www.bumeran.com.pe/empleos/analista-senior-de-gobierno-de-seguridad-de-la-informacion-on-empresas-1118443223.html,2026-09-23 21:32
1118443903,Practicante Preprofesional 079-Ciberseguridad y Analítica de Datos,"SUPERINTENDENCIA DE BANCA, SEGUROS Y AFP",Seguridad de la información,analitica de datos,1,"Tecnología, Sistemas y Telecomunicaciones",Seguridad Informática,Trainee / Pasante,Presencial,Part-time,Pasantía,INTERN,1,False,True,False,False,False,Lima,San Isidro,PE,"San Isidro, Lima, Peru",2026-09-15,2026-12-14,8,Publicado hace 8 días,,,,,,,True,"SQL, Python, Power BI, Excel",4,True,True,False,True,True,False,False,False,False,False,False,False,False,False,False,False,False,False,False,False,False,True,10168695,https://www.bumeran.com.pe/perfiles/empresa_superintendencia-de-banca-seguros-y-afp_10168695.html,Gobierno,"Lima, Lima",Entre 1001 y 5000 empleados,"Es el organismo encargado de la regulación y supervisión del Sistema Financiero de Seguros y del Sistema Privado de Pensiones en el Perú, así como de prevenir y detectar el lavado de activos y financiamiento del terrorismo. Su objetivo primordial es preservar los intereses de los depositantes, de los asegurados y de los afiliados al SPP.  La SBS es una institución de derecho público cuya autonomía funcional está reconocida por la Constitución Política del Perú. Sus objetivos, funciones y atribuciones están establecidos en la Ley General del Sistema Financiero y del Sistema de Seguros y Orgánica de la Superintendencia de Banca, Seguros y AFP, Ley N° 26702.",4.5,4.5,4.5,4.6,4.3,4.5,4.4,26.0,"Únete a la SBS
Forma parte de una institución líder cuyo propósito es la estabilidad del sistema financiero, de seguros y del sistema privado de pensiones, reconocida por su excelencia técnica, que promueve la integridad, la excelencia, la innovación y el compromiso con el servicio al ciudadano.
Te invitamos a participar en nuestro proceso de selección para asumir el rol de Practicante Preprofesional de Ciberseguridad y Analítica de Datos
¿Cuáles serán tus principales desafíos?
Apoyar en la evaluación de volúmenes de información contable, crediticia, de liquidez y otras variables de negocio.
Participar en el desarrollo de soluciones para automatizar procesos.
Apoyar en procesos relacionados a actividades de supervisión.
¿Qué perfil buscamos?
Estudiante universitario a partir del 7mo ciclo de Ingeniería de Sistemas, Ingeniería Informática, Ciencias de la Computación, Ingeniería de Software, Seguridad de la Información, Ciberseguridad o carreras afines.
Conocimiento básico o intermedio en seguridad de la información, ciberseguridad o gestión de riesgos tecnológicos.
Conocimiento de redes, sistemas operativos, seguridad perimetral, control de accesos o monitoreo de eventos de seguridad.
Conocimiento de herramientas ofimáticas y nociones de análisis de datos aplicadas a reportes de seguridad.
Conocimiento básico de normativa, buenas prácticas o marcos de referencia en seguridad de la información, tales como ISO/IEC 27001, NIST o gestión de incidentes.
Conocimiento de documentación y seguimiento de riesgos o controles de seguridad.
Manejo de Inglés a nivel intermedio.
Manejo a nivel intermedio de todos o algunos programas de los siguientes: Excel, Herramientas de seguridad de la Información, Python, Power BI / herramientas de análisis y SQL.
Manejo de Word y PowerPoint a nivel básico.
Otros requisitos: Interés por la seguridad de la información, ciberseguridad, gestión de riesgos tecnológicos, protección de datos y continuidad operativa. Capacidad para documentar hallazgos, elaborar reportes técnicos y mantener confidencialidad respecto de la información institucional.
¿Por qué unirte a la SBS?
Tendrás retos profesionales que fortalecen tu desarrollo.
Contarás con un aprendizaje continuo junto a especialistas altamente reconocidos.
Podrás Participar en proyectos que generan impacto en el sistema financiero peruano.
Encontrarás un gran clima de colaboración y trabajo en equipo.
¿Qué beneficios ofrecemos?
Convenio renovable por 6 meses
Seguro FOLA
Oportunidad de crecimiento
Nota: Las prácticas se realizan con modalidad presencial en nuestra oficina ubicada en San Isidro.
Si buscas una carrera con propósito, crecimiento profesional y la oportunidad de contribuir al futuro del Perú, este es el lugar para ti.
¡Postula y sé parte de la SBS!",2779,False,https://www.bumeran.com.pe/empleos/practicante-preprofesional-079-ciberseguridad-y-analitica-de-datos-superintendencia-de-banca-seguros-y-afp-1118443903.html,2026-09-23 21:32
1118441961,Analista de Seguridad de la Información,LA TINKA S.A.,Seguridad de la información,analista de informacion,1,"Tecnología, Sistemas y Telecomunicaciones",Seguridad Informática,Semi Sr,Híbrido,Full-time,Indeterminado,FULL_TIME,1,False,False,False,False,False,Lima,Miraflores,PE,"Miraflores, Lima, Peru",2026-09-14,2026-12-13,9,Actualizado hace 2 días,,,,,,1.0,True,,0,False,False,False,False,False,False,False,False,False,False,False,False,False,False,False,False,False,False,False,False,False,True,13083755,https://www.bumeran.com.pe/perfiles/empresa_la-tinka-s.a._13083755.html,Entretenimiento,"Lima, Lima",Entre 1001 y 5000 empleados,"“LA TINKA S.A. (antes Intralot de Perú S.A.), pertenece al grupo Intercorp, es una empresa líder en juegos de lotería y apuestas deportivas en el país. Administra las loterías Tinka, Gana Diario, Kábala, Rapitinkas, Kinelo y las apuestas deportivas Te Apuesto y Ganagol.",3.6,4.1,3.4,3.6,3.2,3.5,3.8,24.0,"¡Esta es tu oportunidad! En La Tinka, parte del grupo Intercorp y parte del ranking Great Place to Work™ (GPTW), estamos en la búsqueda de un(a) Analista de Seguridad de la información para robustecer nuestros esquemas de protección y asegurar la resiliencia de la información corporativa.
Si te apasiona la ciberseguridad, la continuidad del negocio y la gestión proactiva de riesgos tecnológicos, esta posición es para ti. ¡Postula al siguiente enlace!: https://wkf.ms/3TqFNIq
¿Qué buscamos en ti?
Bachiller en Ingeniería Informática, Sistemas o carreras afines
Experiencia de 1 año como Analista o 4 años como Asistente en Seguridad de la Información, Ciberseguridad, Riesgo Operativo o Continuidad del Negocio
Especialización o cursos en ISO 27001, 27005, 22301 o 31000, e idealmente certificaciones CISM, CISA, CISSP, CSX o Security+
Dominio del idioma inglés a nivel avanzado
Conocimientos sólidos en gestión de vulnerabilidades, incidentes, Ley de Protección de Datos Personales y estándares WLA
¿Qué desafíos te esperan?
Elaborar y ejecutar el programa de concientización y sensibilización de Seguridad de la Información, Privacidad y Continuidad del Negocio
Mantener actualizadas las políticas corporativas, normativas internas y planes de contingencia o recuperación ante desastres de TI
Establecer y gestionar indicadores que permitan medir el progreso y cumplimiento de los monitoreos de Seguridad de la Información, Ciberseguridad, Privacidad y Continuidad del Negocio
Diseñar y monitorear indicadores clave para medir el cumplimiento de controles, atenciones ARCO e incidentes.
Participar en auditorías técnicas internas y externas garantizando la recopilación de evidencias y mitigación de hallazgos
Realizar otras funciones afines y/o complementarias que le asigne su jefe inmediato.
Al trabajar en La Tinka, tienes estos beneficios:
Oportunidades de carrera en La Tinka e Intercorp, y capacitaciones que acompañan tu desarrollo profesional.
Cuponeras de tiempo libre para que disfrutes con los que más quieres.
Pertenecer al Club Intercorp con acceso a descuentos en empresas del grupo y externas también, bolsa de trabajo, capacitaciones en la Universidad Corporativa, entre otros.
Ser parte de una empresa en el Ranking de Great Place to Work .
¡Impulsa Tu Carrera con Nosotros!
Estamos convencidos(as) de que los equipos diversos e inclusivos son más innovadores, transformadores y consiguen mejores resultados. Por ello promovemos y garantizamos la inclusión de todas las personas sin importar género, edad, orientación e identidad sexual, cultura, discapacidad o cualquier otra condición.",2610,False,https://www.bumeran.com.pe/empleos/analista-de-seguridad-de-la-informacion-la-tinka-s.a.-1118441961.html,2026-09-23 21:32
1118439479,Analista Senior de Arquitectura y Seguridad de Datos,GRUPO ELECTRODATA SAC,Seguridad de la información,analista de datos,1,"Tecnología, Sistemas y Telecomunicaciones",Seguridad Informática,Semi Sr,Presencial,Full-time,Temporal,TEMPORARY,1,False,False,False,False,False,Lima,Surquillo,PE,"Surquillo, Lima, Peru",2026-09-11,2026-12-10,12,Publicado hace 12 días,,,,,,2.0,False,"AWS, Google Cloud",2,False,False,False,False,False,False,False,False,False,False,False,False,False,True,False,True,False,False,False,False,False,False,13027816,https://www.bumeran.com.pe/perfiles/empresa_grupo-electrodata-sac_13027816.html,Informática / Tecnología,"Lima, Lima",Entre 501 y 1000 empleados,"Somos un grupo internacional que ofrece servicios de tecnología de la información con oficinas en Perú, Ecuador, México, Chile, Brasil y EEUU. Nos especializamos en tecnología aplicada al negocio que impulsa el progreso y ayuda a las organizaciones a prepararse para el futuro.",3.1,3.0,3.1,3.3,2.9,2.8,3.1,10.0,"En Grupo Electrodata, desarrollamos soluciones eficientes e innovadoras en tecnología de la información y comunicaciones, buscando ser reconocidos como socios estratégicos de nuestros clientes a través de un servicio personalizado y especializado.
En el marco de nuestra misión, se requiere incorporar a un Arquitecto de Datos / Data Security Engineer para un importante proyecto en el sector financiero, con el siguiente perfil:
Requisitos:
Bachiller o Titulado en Ingeniería de Sistemas, Informática, Ciencias de la Computación o afines.
02 años de experiencia en arquitectura o modelamiento de datos bajo modelos de desarrollo seguro.
Conocimiento deseable:
Conocimiento y experiencia en nube AWS, GCP, LPDP, DAMA, diseño y aseguramiento en seguridad de arquitectura de datos.
Conocimiento en modelado de amenazas, cifrado y frameworks como NIST, ISO/IEC 27001, ISO/IEC 27701, CIS, CCM y DevSecOps.
Función Básica: Validar técnicamente las iniciativas que involucran datos, analítica e integraciones, y definir los controles de protección sobre los flujos de información.
Beneficios:
EPS cubierta al 100% en plan base para el titular y un derechohabiente
Seguro Oncológico
Vida Ley y SCTR desde el primer día
Oportunidad de crecimiento
Buen ambiente laboral",1260,False,https://www.bumeran.com.pe/empleos/analista-senior-de-arquitectura-y-seguridad-de-datos-grupo-electrodata-sac-1118439479.html,2026-09-23 21:32
1118431792,Analista de Seguridad de la Información - GRC,EXPERIS PERÚ,Seguridad de la información,analista de informacion,1,"Tecnología, Sistemas y Telecomunicaciones",Seguridad Informática,Semi Sr,Híbrido,Full-time,Indeterminado,FULL_TIME,1,False,False,False,False,False,Lima,San Isidro,PE,"San Isidro, Lima, Peru",2026-09-07,2026-12-06,16,Actualizado hace 5 días,,,,,,3.0,False,,0,False,False,False,False,False,False,False,False,False,False,False,False,False,False,False,False,False,False,False,False,False,False,,,,,,,,,,,,,,,"En Experis Perú buscamos al mejor talento para sumarse a los desafíos de la era digital y llevar su carrera a un siguiente nivel. Por ello, te invitamos a que formes parte del reto como ANALISTA DE SEGURIDAD DE LA INFORMACIÓN - GRC en el rubro Retail:
ANALISTA DE SEGURIDAD DE LA INFORMACIÓN - GRC
Requisitos para postular al cargo:
Profesional en Ingeniería de Sistemas o afines.
Experiencia mínima de 3 años en GRC (Gestión,Riesgo y Cumplimiento) de Ciberseguridad.
Certificación ISO 27001 (Deseable), ISO 31000 u otra de riesgos (Requerido).
Conocimiento de NIST Cybersecurity Framework.
Experiencia en evaluación de controles, gestión de riesgos y cumplimiento normativo.
Deseable conocimiento de alguna herramienta de gestión de riesgos.
Nivel de ofimática (Intermedio)
Funciones principales del puesto:
Ejecutar evaluaciones diseño y efectividad operativa de controles bajo metodología corporativa.
Elaborar y mantener actualizados los diseños de control, asegurando claridad en objetivos, riesgos asociados y evidencias requeridas.
Gestionar y validar evidencias en la herramienta GRC, garantizando consistencia y trazabilidad documental.
Participar en evaluaciones de riesgos de proyectos de TI/Negocios y gestión de waivers.
Dar soporte en auditorías internas, externas y requerimientos regulatorios, asegurando calidad técnica en la información presentada.
Apoyar en la definición, mejora y formalización de procesos de gobierno de ciberseguridad, promoviendo estandarización, alineamiento corporativo y control documental.
Hacer seguimiento y monitorear evolución de indicadores de ciberseguridad (KPIs/KRIs).
Identificar oportunidades de mejora en procesos, documentación y modelo de control.
La empresa ofrece al candidato seleccionado:
Únete a una empresa líder a nivel global.
Planilla completa.
Beneficios acorde a ley.
Trabajo presencial en San Isidro.
Seguro Vida Ley.
Convenios corporativos, educativos y de recreación.
En Experis Perú, promovemos la inclusión e inserción laboral sin distinción por razón de discapacidad, género, orientación, identidad y expresión de género, lugar de origen o generación. Por ello ¡todos los talentos son bienvenidos!",2171,False,https://www.bumeran.com.pe/empleos/analista-de-seguridad-de-la-informacion-grc-experis-peru-1118431792.html,2026-09-23 21:32
1118427804,Analista de Seguridad de la Información y Ciberseguridad,Grupo Tawa,Seguridad de la información,analista de informacion,1,"Tecnología, Sistemas y Telecomunicaciones",Seguridad Informática,Junior,Presencial,Full-time,Indeterminado,FULL_TIME,2,True,False,False,False,False,Lima,Magdalena del Mar,PE,"Magdalena del Mar, Lima, Peru",2026-09-03,2026-12-02,20,Actualizado hace 8 días,,,,,,1.0,True,Power BI,1,False,False,False,True,False,False,False,False,False,False,False,False,False,False,False,False,False,False,False,False,False,True,10071318,https://www.bumeran.com.pe/perfiles/empresa_grupo-tawa_10071318.html,Consultoría,"San Isidro , Lima",Entre 1001 y 5000 empleados,"Somos un Grupo empresarial presente en Perú y Chile. Somos +10000 expertos
apoyando expertos. A través de Tawa brindamos servicios especializados en
Recursos Humanos. En Rom, somos expertos en la gestión de puntos de venta y trade
marketing.
¡Postula y sé un #experto con nosotros!
Síguenos @GrupoTawa",3.7,3.8,3.5,3.8,3.7,3.7,3.5,32.0,"En Grupo Tawa nos encontramos en la búsqueda de un/a Analista de Seguridad de la Información y Ciberseguridad, quien tendrá como principal objetivo gestionar actividades operativas de ciberseguridad y brindar soporte al Sistema de Gestión de Seguridad de la Información (SGSI), contribuyendo al fortalecimiento de la postura de seguridad y protección de la información de la organización.
🔎 Requisitos:
Bachiller o profesional de Ingeniería de Sistemas, Ingeniería de Software, Ingeniería de Redes y Telecomunicaciones, Ciencias de la Computación o carreras técnicas afines.
Experiencia laboral general de 2 a 4 años.
Experiencia específica de 1 a 3 años en posiciones relacionadas con Seguridad de la Información y/o Ciberseguridad.
Conocimientos o especialización en Seguridad de la Información y Ciberseguridad.
Conocimiento en implementación y mantenimiento de Sistemas de Gestión de Seguridad de la Información – ISO/IEC 27001.
Conocimientos de auditoría de seguridad.
Deseable formación o conocimientos en gestión de proyectos.
Manejo de Microsoft Office a nivel intermedio.
Manejo de Power BI a nivel intermedio.
Inglés a nivel básico.
💼 Principales funciones:
Gestionar y coordinar con proveedores externos las actividades de monitoreo de seguridad.
Realizar seguimiento a la atención y escalamiento de incidentes de seguridad.
Gestionar y realizar seguimiento de vulnerabilidades, así como revisar informes y reportes relacionados.
Brindar soporte en el mantenimiento y actualización del Sistema de Gestión de Seguridad de la Información (SGSI).
Participar en la elaboración del Plan Anual de Seguridad de la Información y Ciberseguridad.
Apoyar en la evaluación e implementación de controles técnicos de seguridad.
Elaborar y realizar seguimiento a planes de acción derivados de brechas, vulnerabilidades, auditorías y evaluaciones de seguridad, asegurando su cierre dentro de los plazos establecidos.
Mantener organizada y actualizada la documentación e información del área, garantizando su trazabilidad.
Participar en campañas de concientización y sensibilización en seguridad de la información, mediante comunicados, material informativo y capacitaciones.
🎁 Beneficios:
Ingreso a planilla con todos los beneficios de ley.
EPS 100%
Seguro Vida Ley.
Vale de alimentos y Movilidad.
🚀 Buscamos un perfil con capacidad de coordinación, seguimiento y análisis, interesado en continuar desarrollándose en Seguridad de la Información y Ciberseguridad y trabajar de manera articulada con proveedores y diferentes áreas de la organización.
Si cumples con el perfil y deseas continuar desarrollándote en el mundo de la ciberseguridad y seguridad de la información, ¡postula con nosotros!",2690,False,https://www.bumeran.com.pe/empleos/analista-de-seguridad-de-la-informacion-y-ciberseguridad-grupo-tawa-1118427804.html,2026-09-23 21:32
1118409546,Analista de Seguridad de la Información,UNIVERSIDAD CIENTIFICA DEL SUR S.A.C.,Seguridad de la información,analista de informacion,1,"Tecnología, Sistemas y Telecomunicaciones",Seguridad Informática,Semi Sr,Híbrido,Full-time,Autónomo,CONTRACTOR,1,False,False,False,False,False,Lima,Santiago de Surco,PE,"Santiago de Surco, Lima, Peru",2026-09-01,2026-11-30,22,Publicado hace más de 15 días,,,,,,3.0,False,"AWS, Azure, Google Cloud",3,False,False,False,False,False,False,False,False,False,False,False,False,False,True,True,True,False,False,False,False,False,True,10176364,https://www.bumeran.com.pe/perfiles/empresa_universidad-cientifica-del-sur-s.a.c._10176364.html,Educación,"LIMA., Lima",Entre 1001 y 5000 empleados,"Nuestro equipo lo conforman instituciones de alto nivel, el Instituto SISE, la Universidad Científica del Sur y la constructora Edificaris. Estamos orgullosos de ser gestores de un gran futuro brindando educación de calidad. Son 40 años de trascendencia, haciendo posible el sueño de miles de jóvenes que nos ayudan a transformar nuestra sociedad, a través de la educación. Actualmente contamos con 16 sedes en Lima, 42 carreras en curso y 9 nuevas carreras profesionales.",3.2,3.1,2.7,3.1,3.0,2.8,2.8,25.0,"La Universidad Científica del Sur, que forma parte del Grupo Educa_d, se encuentra actualmente buscando el mejor talento para ocupar el puesto de Analista de Seguridad de la Información, a continuación los detalles:
Funciones:
Monitorear de manera continua los sistemas, redes y plataformas tecnológicas y entornos cloud siguiendo los protocolos y herramientas de ciberseguridad aprobados, para prevenir, detectar y responder oportunamente a incidentes de seguridad.
Ejecutar análisis de riesgos y gestionar la identificación y subsanación de vulnerabilidades usando las metodologías y estándares establecidos, para identificar brechas y proponer medidas de mitigación efectivas.
Gestionar los incidentes de seguridad aplicando los procedimientos del plan de respuesta, para asegurar la contención, análisis y resolución adecuada del evento, así como la documentación de lecciones aprendidas.
Administrar los controles de acceso a los sistemas de información aplicando principios de mínimo privilegio y confianza cero para garantizar el uso autorizado y seguro de la tecnología institucional.
Elaborar informes técnicos y ejecutivos periódicos del estado de la ciberseguridad, incluyendo métricas de riesgo, KPIs de seguridad, cobertura de controles y estado de vulnerabilidades, para apoyar la toma de decisiones de la Gerencia de TI y Servicios.
Diseñar, ejecutar y evaluar el programa anual de concientización en seguridad de la información y ciberseguridad para fortalecer la cultura de seguridad y reducir riesgos asociados al factor humano.
Revisar, actualizar y desarrollar políticas, normas, procedimientos y guías alineados a marcos internacionales (ISO 27001, NIST CSF, CIS Controls), incluyendo la gestión de seguridad en entornos cloud (AWS, Azure, GCP), para asegurar su vigencia y aplicabilidad institucional.
Participar en proyectos tecnológicos y de transformación digital aplicando criterios de seguridad durante el diseño, evaluación de arquitecturas e implementación, para garantizar que las soluciones cumplan con los requisitos de protección de la información.
Evaluar y gestionar la seguridad de proveedores y terceros que accedan a sistemas e información institucional, aplicando controles de due diligence de seguridad, cláusulas contractuales y monitoreo continuo de riesgos de la cadena de suministro tecnológico.
Requisitos:
Bachiller en Computación e Informática, Ingeniería de Sistemas y/o afines
Especialización en Ciberseguridad (CompTIA Security+, ISO 27032 y/o afines).
Especialización en AWS Security Specialty y/o equivalentes.
Experiencia mínimo de 3 años en sector de Educación/Retail/Servicios
Controles de seguridad en Cloud (deseable)
Controles de seguridad en Peoplesoft (deseable)
Conocimientos en Gestión de Riesgos
Ofrecemos:
Ingreso a planilla con todos los beneficios de ley.
Descuentos corporativos.
En el Grupo Educa_d estamos comprometidos con el respeto a la diversidad, promoviendo la inclusión de personas con discapacidad, y personas de diferentes culturas. Impulsamos la equidad de género, otorgando igualdad de oportunidades a mujeres y hombres en cumplimiento de la normativa vigente. Para participar de nuestros procesos de selección no solicitamos algún tipo de pago u abono.",3233,False,https://www.bumeran.com.pe/empleos/analista-de-seguridad-de-la-informacion-universidad-cientifica-del-sur-s.a.c.-1118409546.html,2026-09-23 21:32
1118420224,Analista de Seguridad de la Información y Ciberseguridad,VIETTEL PERU SAC,Seguridad de la información,analista de informacion,1,"Tecnología, Sistemas y Telecomunicaciones",Seguridad Informática,Junior,Presencial,Full-time,Temporal,TEMPORARY,1,False,True,False,False,False,Lima,San Isidro,PE,"San Isidro, Lima, Peru",2026-08-28,2026-11-26,26,Actualizado ayer,,,,,,1.0,True,,0,False,False,False,False,False,False,False,False,False,False,False,False,False,False,False,False,False,False,False,False,False,True,10090345,https://www.bumeran.com.pe/perfiles/empresa_viettel-peru-sac_10090345.html,Telecomunicaciones,"San Isidro, Lima",Entre 1001 y 5000 empleados,"Somos Bitel, una empresa de telecomunicaciones del grupo internacional Viettel, presente en Perú desde 2014. Viettel ha sido reconocida como la segunda marca de telecomunicaciones más fuerte del mundo, según Brand Finance (feb. 2025), lo que impulsa nuestro compromiso con el crecimiento y la excelencia.

Creemos en la innovación, el desarrollo profesional y la inclusión digital. Contamos con la red 4G LTE con mayor cobertura nacional y tecnología 5G. Nuestra cobertura abarca desde las principales ciudades hasta comunidades rurales de difícil acceso, como San Juan del Oro en Puno o el distrito de Imaza en Amazonas, donde conectamos a miles de peruanos que antes no contaban con acceso a servicios de telecomunicaciones.

En Bitel trabajarás en un entorno dinámico y multicultural, colaborando con líderes internacionales y desarrollando habilidades clave para un mundo globalizado.

Si buscas un reto profesional desde el cual aportar al desarrollo del país,

¡Bitel es el lugar para ti!",,,,,,,,,"Somos BiPay, billetera digital asociada Bitel Peru. Estamos en búsqueda de un talento que ocupe el puesto de ANALISTA DE SEGURIDAD DE LA INFORMACIÓN Y CIBERSEGURIDAD en nuestra oficina de SAN ISIDRO:
FUNCIONES
Monitorear controles, eventos e incidentes relacionados con seguridad de la información y ciberseguridad.
Apoyar en la implementación y seguimiento del SGSI-C y políticas de seguridad.
Analizar vulnerabilidades, riesgos de seguridad e incidentes, proponiendo medidas de mitigación.
Coordinar con la gerencia de Tecnologías de Información la implementación de controles de acceso, autenticación y protección de sistemas.
Elaborar reportes de incidentes, riesgos, controles y avances de seguridad.
Apoyar en la ejecución de pruebas, revisiones y actividades de concientización en seguridad..
REQUISITOS:
1 año de experiencia en seguridad de la información, ciberseguridad, TI, infraestructura o soporte tecnológico
Bachiller Ingeniería de Sistemas, Ingeniería Informática, Ingeniería de Telecomunicaciones, Ciberseguridad o carreras afines
Inglés Intermedio/Avanzado
Deseable experiencia en empresas reguladas o del sector financiero / Fintech.
BENEFICIOS:
Planilla completa
Seguro EPS
Oportunidad de crecimiento",1220,False,https://www.bumeran.com.pe/empleos/analista-de-seguridad-de-la-informacion-y-ciberseguridad-viettel-peru-sac-1118420224.html,2026-09-23 21:32
1118417938,Analista de CLOUD Seguridad de la Información y Ciberseguridad,Unibanca,Seguridad de la información,analista de informacion,1,"Tecnología, Sistemas y Telecomunicaciones",Seguridad Informática,Semi Sr,Híbrido,Full-time,Indeterminado,FULL_TIME,1,False,False,False,False,False,Lima,Miraflores,PE,"Miraflores, Lima, Peru",2026-08-26,2026-11-24,28,Actualizado hace 8 días,,,,,,3.0,False,"AWS, Azure, Google Cloud",3,False,False,False,False,False,False,False,False,False,False,False,False,False,True,True,True,False,False,False,False,False,True,10176211,https://www.bumeran.com.pe/perfiles/empresa_unibanca_10176211.html,Banca / Financiera,"Miraflores, Lima",Entre 301 y 500 empleados,"Unibanca es una empresa no bancaria, especializada en la transferencia electrónica de fondos y de información, en el procesamiento y administración de redes de cajeros automáticos, tarjetas de débito, crédito, pre-pago y en la prestación de otros servicios afines a sus miembros o clientes.",,,,,,,,,"Nos encontramos en la búsqueda de un Analista de Seguridad de la Información y Ciberseguridad con conocimientos y experiencia en seguridad de infraestructura tecnológica en entornos CLOUD
Descripción:
El profesional participará en las actividades operativas y de monitoreo relacionadas con la seguridad de la información y ciberseguridad en ambientes cloud y on-premise igualmente, apoyando en la implementación, seguimiento y mejora de controles de seguridad, gestión de incidentes y cumplimiento de estándares y normativas aplicables al sector.
Funciones:
Monitorear eventos y alertas de seguridad en plataformas cloud e infraestructura tecnológica.
Ejecutar actividades operativas de seguridad informática y ciberseguridad.
Apoyar en la administración de herramientas de seguridad como WAF, EDR/XDR, SIEM, IAM, VPN y DLP.
Participar en la implementación y validación de controles de seguridad en AWS, Azure o GCP.
Apoyar en la atención inicial de incidentes de seguridad y análisis de vulnerabilidades.
Ejecutar revisiones de accesos, privilegios y configuraciones de seguridad.
Elaborar reportes técnicos y documentación de seguridad.
Brindar soporte en auditorías y cumplimiento de estándares como PCI DSS e ISO 27001.
Apoyar en actividades de hardening y mejora continua de la postura de seguridad.
Escalar oportunamente incidentes o riesgos críticos detectados Nota: Todas las funciones son enunciativas mas no limitativas
Requisitos:
Profesional técnico o universitario en Ingeniería de Sistemas, Informática, Redes, Telecomunicaciones o carreras afines.
Mínimo 3 años de experiencia en seguridad informática, ciberseguridad o monitoreo de infraestructura tecnológica.
Deseable contar con certificaciones y experiencia en CLOUD
Conocimientos en entornos cloud (AWS, Azure o GCP).
Conocimientos en redes, sistemas Windows/Linux y herramientas de seguridad (Firewall, EDR, SIEM, IDS/IPS).
Conocimiento de estándares de seguridad como ISO 27001, PCI DSS, CIS o NIST.
Deseable experiencia en empresas del sector financiero o fintech.
Deseable conocimiento en Splunk, QRadar, Sentinel, scripting básico o hardening.
Deseable contar con certificaciones o cursos relacionados con ciberseguridad o cloud (Security+, CEH, SC-900, AZ-900, AWS Cloud Practitioner, entre otros).
Beneficios
Modalidad híbrida, horario de lunes a viernes (9:00 a 19:00).
Sueldo acorde al mercado y experiencia.
Ingreso a planilla con beneficios de ley.
EPS y beneficios corporativos.
Capacitación constante y oportunidades de desarrollo profesional.
Participación en proyectos tecnológicos y de ciberseguridad de alto impacto.
¡Postula AHORA!
En nombre de la empresa tratamos la información que usted nos facilita con el fin de mantenerle informado de las distintas vacantes a un puesto de trabajo que se produzcan en nuestra organización. Al postular usted da su consentimiento del uso de sus datos para verificaciones laborales y otros propios del proceso de selección, de conformidad a lo establecido en la Ley N° 2 9 7 3 3 – Ley de Protección de Datos Personales y su Reglamento D.S. 0 0 3- 2 0 1 3-JUS”. Los datos proporcionados se conservarán hasta la adjudicación del puesto de trabajo.",3170,False,https://www.bumeran.com.pe/empleos/analista-de-cloud-seguridad-de-la-informacion-y-ciberseguridad-unibanca-1118417938.html,2026-09-23 21:32
1118414566,Analista de Seguridad de la Información,EXPERIS PERÚ,Seguridad de la información,analista de informacion,1,"Tecnología, Sistemas y Telecomunicaciones",Tecnologia / Sistemas,Semi Sr,Híbrido,Full-time,Indeterminado,FULL_TIME,1,False,False,False,True,False,Lima,San Isidro,PE,"San Isidro, Lima, Peru",2026-08-24,2026-11-22,30,Actualizado hace 4 horas,,,,,,2.0,False,,0,False,False,False,False,False,False,False,False,False,False,False,False,False,False,False,False,False,False,False,False,False,False,,,,,,,,,,,,,,,"En Experis Perú buscamos al mejor talento para sumarse a los desafíos de la era digital y llevar su carrera a un siguiente nivel. Por ello, te invitamos a que formes parte del reto como:
ANALISTA DE SEGURIDAD DE LA INFORMACIÓN
Requisitos:
Bachiller o titulado en Ingeniería de Sistemas, o afines
Experiencia de 2 a 4 años en cumplimiento normativo, privacidad, seguridad de la información, auditoría o gestión de riesgos.
Experiencia en gestión de accesos e información.
Deseable especialización o certificación en seguridad de la información o privacidad (ISO 27001, CIPP/E, DPO, entre otras).
Funciones:
Coordinar con áreas internas (TI, Legal, RRHH, Operaciones, Marketing) la ejecución del plan.
Gestionar el inventario de bancos de datos personales y su registro ante la Autoridad.
Validar la adecuación de contratos, consentimientos y políticas de privacidad.
Implementar y dar seguimiento a controles de cumplimiento normativo.
Identificar brechas, gestionar hallazgos y dar seguimiento a acciones correctivas.
Elaborar reportes ejecutivos de avance y cumplimiento.
Apoyar en auditorías internas, externas o inspecciones regulatorias.
Ejecutar actividades de concientización en protección de datos personales.
Beneficios:
Ingreso a planilla con beneficios de ley.
Modalidad híbrida en San Isidro
Buen clima laboral.
En Experis promovemos la inclusión e inserción laboral sin distinción por razón de discapacidad, género, orientación, identidad y expresión de género, lugar de origen o generación. ¡Todos los talentos son bienvenidos!",1540,False,https://www.bumeran.com.pe/empleos/analista-de-seguridad-de-la-informacion-experis-peru-1118414566.html,2026-09-23 21:32
1118396153,Ingeniero Sr. de Seguridad de Datos e Identidades,Confidencial,Seguridad de la información,ingeniero de datos,1,"Tecnología, Sistemas y Telecomunicaciones",Seguridad Informática,Senior,Presencial,Full-time,Indeterminado,FULL_TIME,1,False,False,False,False,False,Lima,San Isidro,PE,"San Isidro, Lima, Peru",2026-08-10,2026-11-08,44,Actualizado hace más de 15 días,,,,,,6.0,False,SQL,1,True,False,False,False,False,False,False,False,False,False,False,False,False,False,False,False,False,False,False,False,True,False,,,,,,,,,,,,,,,"Misión
Liderar la protección de datos e identidades de la organización, diseñando e implementando controles de seguridad que reduzcan los riesgos sobre la información crítica, fortaleciendo la seguridad de bases de datos, accesos y plataformas de datos, y asegurando la confidencialidad, integridad y disponibilidad de los activos de información.
Principales funciones
Evaluar riesgos, vulnerabilidades y exposiciones relacionadas con datos, bases de datos e identidades.
Diseñar, implementar y mejorar controles de seguridad sobre bases de datos, repositorios de información y plataformas de datos.
Administrar y fortalecer controles de acceso, roles, privilegios y permisos sobre información crítica y entornos de bases de datos.
Participar en iniciativas de Database Security, Data Protection, Data Loss Prevention (DLP) y tecnologías orientadas a la protección de datos.
Analizar hallazgos de seguridad y coordinar planes de remediación asociados a información, accesos y plataformas de datos.
Definir estándares y buenas prácticas para la protección de datos en entornos on-premise y cloud.
Trabajar de forma transversal con equipos de Tecnología, Datos, Arquitectura, Seguridad y Negocio para implementar controles de seguridad efectivos.
Participar en la evaluación e incorporación de nuevas herramientas y soluciones de protección de información.
Contribuir al cumplimiento de marcos y estándares como ISO 27001, NIST CSF, MITRE ATT&CK y lineamientos corporativos de seguridad.
Requisitos obligatorios
Mínimo 6 años de experiencia en administración de Bases de Datos.
Experiencia sólida trabajando con SQL y bases de datos relacionales (SQL Server, DB2, Oracle o similares).
Conocimiento práctico de gestión de accesos, roles, privilegios, auditoría y controles de seguridad sobre bases de datos.
Experiencia en Data Security, Database Security, DLP, DAM o tecnologías relacionadas con protección de información.
Experiencia identificando y gestionando riesgos y vulnerabilidades asociados a datos y plataformas de información.
Experiencia trabajando en entornos híbridos (on-premise y cloud)
Disponibilidad para trabajar de manera presencial en San Isidro.
Requisitos deseables
Active Directory y Microsoft Entra ID.
IAM y PAM.
Conocimientos de ISO 27001, NIST CSF y MITRE ATT&CK",2288,False,https://www.bumeran.com.pe/empleos/ingeniero-sr.-de-seguridad-de-datos-e-identidades-1118396153.html,2026-09-23 21:32
1118362935,Analista de Seguridad de la Información Senior - DLP,ON Empresas,Seguridad de la información,analista de informacion,1,"Tecnología, Sistemas y Telecomunicaciones",Seguridad Informática,Senior,Presencial,Full-time,Indeterminado,FULL_TIME,1,False,False,False,False,False,Lima,San Borja,PE,"San Borja, Lima, Peru",2026-07-10,2026-10-07,75,Actualizado hace más de 15 días,,,,,,3.0,False,,0,False,False,False,False,False,False,False,False,False,False,False,False,False,False,False,False,False,False,False,False,False,True,10104709,https://www.bumeran.com.pe/perfiles/empresa_on-empresas_10104709.html,Telecomunicaciones,"Lima, Lima",Entre 501 y 1000 empleados,"ON Empresas es la empresa de Telecomunicaciones y Tecnologías de la Información con más de 20 años experiencia en el mercado. Cuenta con más de 650 colaboradores, 7 sedes a nivel nacional, 5 DataCenters, 1 Cybersoc, Noc y Centro de atención al cliente 24/7.
Atendemos a más de 4500 clientes en los principales sectores económicos del país y nuestra propuesta de valor incluye la entrega de servicios de Conectividad, Cloud Híbrido, Ciberseguridad, Servicios Gestionados, Servicios de Data Center, Comunicaciones Unificadas y Telefonía Corporativa.
Nuestro propósito es desafiar lo convencional para acelerar la evolución digital de las empresas, sumando creatividad e innovación para asegurar un servicio con una propuesta de valor distinta.

""ON Empresas creemos en la igualdad de oportunidades y la no discriminación laboral. Promovemos la diversidad basada en la raza, género, orientación sexual, religión, origen étnico, edad, estado civil, identidad de género,  discapacidad o cualquier otra",,,,,,,,,"¿Te apasiona proteger los sistemas críticos de una organización y enfrentar los desafíos de la ciberseguridad actual? Si tienes experiencia implementando y gestionando controles DLP, esta oportunidad es para ti.
¿Qué buscamos?
Profesional técnico titulado o universitario bachiller en carreras de Sistemas, Redes, Telecomunicaciones, Ciberseguridad o afines.
3 años de experiencia en las funciones descritas o en cargos como Analista de seguridad informática y ciberseguridad, Administrador de Seguridad de la información, Analista de la seguridad de información o afines.
Experiencia obligatoria en implementación y gestión de controles DLP.
Contar con curso en:ISO 27001 /27002 (deseable) ISO 27032 (deseable) NIST (deseable) ITIL Foundation (deseable)
¿Cuáles serán tus funciones?
Documentar políticas, estándares y directivas de seguridad de la información.
Asegurar el cumplimiento de normativas internas y regulaciones externas.
Atender auditorías, centralizar observaciones y dar seguimiento a su cierre.
Implementar y gestionar controles DLP (Prevención de Pérdida de Datos).
Gestionar la remediación de vulnerabilidades
Participar en proyectos de seguridad informática y ciberseguridad.
Evaluar riesgos de seguridad en sistemas e infraestructura.
Elaborar reportes y monitorear indicadores clave.
Documentar procesos, roles y responsabilidades en servicios de seguridad.
Otras funciones asignadas por la jefatura.",1422,False,https://www.bumeran.com.pe/empleos/analista-de-seguridad-de-la-informacion-senior-dlp-on-empresas-1118362935.html,2026-09-23 21:32
1118364407,Analista de Seguridad de la Información y Continuidad del Negocio,Caja Trujillo,Seguridad de la información,analista de informacion,1,"Tecnología, Sistemas y Telecomunicaciones",Seguridad Informática,Semi Sr,Remoto,Full-time,Indeterminado,FULL_TIME,1,False,False,False,False,False,La Libertad,Trujillo,PE,"Trujillo, La Libertad, Peru",2026-07-10,2026-11-07,75,Actualizado hace más de 15 días,,,,,,,False,,0,False,False,False,False,False,False,False,False,False,False,False,False,False,False,False,False,False,False,False,False,False,True,907780,https://www.bumeran.com.pe/perfiles/empresa_caja-trujillo_907780.html,Banca / Financiera,"Trujillo, La Libertad",Entre 1001 y 5000 empleados,"Somos Caja Trujillo, Sóida entidad financiera, llevamos 41 años dedicados a atender las necesidades financieras de los emprendedores peruanos, ofreciéndoles diversos productos y servicios diseñados a su medida; lo que nos convierte en una entidad sólida, comprometida con el desarrollo y éxito de nuestros clientes.

Hoy estamos presentes en 20 regiones, a través de 107 agencias. Además, contamos con más de 15,000 puntos de atención alternativos, como Agentes Corresponsales propios, Western Union, Kasnet y cajeros automáticos. 

Y también, para beneficio de todos nuestros clientes y usuarios, tenemos nuestro aplicativo Caja Trujillo Móvil, para realizar diferentes operaciones con total seguridad y confianza.",,,,,,,,,"¡Crecemos Juntos en Caja Trujillo!
Somos una empresa líder en las microfinanzas en el Norte del País, continuamos creciendo a Nivel Nacional; es por ello, que nos encontramos en búsqueda de ¡Talentos como tú!
Tu principal reto será:
Ejecutar y monitorear los procedimientos operativos relacionados con la gestión de seguridad de la información, protección de datos y continuidad del negocio en los diferentes procesos de la entidad.
Que buscamos:
-Bachiller Universitario de preferencia con Título en carreras de Ingeniería de Sistemas, Informática, Computación, Electrónica o afines.
Conocimientos en:
-De preferencia, especialización en Gestión de Riesgos de Seguridad de la Información, Continuidad del Negocio o Auditoría de Tecnologías de Información.
-Ofimática y programas informáticos relacionados con la función.
Experiencia:
-Mínima de 02 años en instituciones financieras o de servicios, desempeñando funciones en el cargo o similares.
Relacionada a :
Evaluación de riesgos de seguridad de la información y continuidad del negocio.
Manejo de herramientas de soporte tecnológico para la Gestión de Seguridad de la Información y Gestión de Continuidad del Negocio.
Conocimiento de estándares internacionales, marcos de referencia o código de buenas prácticas sobre seguridad de información, continuidad del negocio y/o auditoría de sistemas.
Conocimiento de ISO 27001, Protección de Datos Personales (LPDP 29733).
Conocimiento de base de datos.
Tenemos para ti:
Grato ambiente laboral.
Salario acorde al mercado.
Trabajo Remoto 100%.
Linea de Carrera.
¡Muchos éxitos en este proceso de selección!
De conformidad con lo señalado en la Ley N° 29733, Ley de Protección de Datos Personales y su norma reglamentaria D.S. y N° 003-2013-JUS, en el presente acto EL POSTULANTE autoriza a LA CAJA al uso de los datos personales y de los datos sensibles que pueda proporcionar en el desarrollo del proceso de postulación y solo para los efectos de la misma.
La presente convocatoria es aplicable a personas con discapacidad, en conformidad a lo establecido en la Ley N° 29973, Ley de la Persona con Discapacidad y su Reglamento.",2127,False,https://www.bumeran.com.pe/empleos/analista-de-seguridad-de-la-informacion-y-continuidad-del-negocio-caja-trujillo-1118364407.html,2026-09-23 21:32
1118359464,Analista de Seguridad de la Información,La Positiva Seguros,Seguridad de la información,analista de informacion,1,"Tecnología, Sistemas y Telecomunicaciones",Tecnologia / Sistemas,Junior,Híbrido,Full-time,Indeterminado,FULL_TIME,1,False,False,False,False,False,Lima,Lima,PE,"Lima, Lima, Peru",2026-07-07,2026-10-05,78,Actualizado hace más de 15 días,,,,,,,False,Excel,1,False,False,False,False,True,False,False,False,False,False,False,False,False,False,False,False,False,False,False,False,False,True,1545420,https://www.bumeran.com.pe/perfiles/empresa_la-positiva-seguros_1545420.html,Seguros,"Lima, Lima",Entre 1001 y 5000 empleados,"En La Positiva Seguros, formarás parte de una empresa con 80 años de experiencia en la industria, que además cuenta con más de 3’500,000 asegurados en todo el Perú. 
Únete a La Positiva Seguros y crece junto a nosotros con horarios flexibles, capacitaciones y retos profesionales.",3.2,3.2,3.0,3.5,3.0,2.7,3.2,36.0,"Somos La Positiva Seguros, una empresa en constante desarrollo e innovación y la mejor opción para satisfacer las necesidades de protección de nuestros clientes.
Te invitamos a formar parte de nuestro equipo con la posición de Analista de Seguridad de la Información.
Principales Funciones:
Monitorear el cumplimiento de políticas, controles y procedimientos de Seguridad de la Información conforme al SGSI.
Analizar e inventariar los incidentes relacionados a seguridad de la información como parte del proceso de gestión de incidentes.
Analizar, evaluar los riesgos de seguridad de la información y realizar el seguimiento respectivo.
Ejecutar iniciativas y controles de Ciberseguridad para fortalecer la seguridad de la organización.
Participar en las tareas de mantenimiento de Seguridad de la Información, plan de continuidad del negocio (BCP/DRP), gestión de riesgos a través de participación en capacitaciones, auditorías, comités y pruebas.
Requisitos:
Bachiller en Ingeniería Industrial o Ingeniería de Sistemas
Conocimiento en evaluación de riesgos y gobierno de seguridad de la información
Certificación o curso en ISO 27001
Conocimiento de la Ley de Protección de Datos Personales y gestión de bancos de datos personales
Dominio de Excel Intermedio
Experiencia de un año en seguridad de la información o dos años en infraestructura y/o desarrollo
Te proponemos:
Unirte a una compañía peruana con respaldo internacional: Fidelidade, grupo asegurador europeo líder en el mercado.
Desarrollarte y crecer profesionalmente en un equipo diverso e innovador.
Trabajar con horarios flexibles que te permitan vivir en equilibrio.
Crear juntos experiencias más simples y positivas para nuestros clientes y colaboradores.
📍 Modalidad: Híbrido
🕐 Horario: lunes a viernes
😀 Postula aquí 👉 https://forms.cloud.microsoft/r/UCBCYWdhzU",1830,False,https://www.bumeran.com.pe/empleos/analista-de-seguridad-de-la-informacion-la-positiva-seguros-1118359464.html,2026-09-23 21:32
1118335616,Analista Seguridad de la Información para San Isidro,Corporativo Overall,Seguridad de la información,analista de informacion,1,"Tecnología, Sistemas y Telecomunicaciones",Seguridad Informática,Senior,Presencial,Full-time,Indeterminado,FULL_TIME,1,False,False,False,False,False,Lima,La Victoria,PE,"La Victoria, Lima, Peru",2026-07-07,2026-10-04,78,Actualizado hace más de 15 días,,,,,,3.0,True,Excel,1,False,False,False,False,True,False,False,False,False,False,False,False,False,False,False,False,False,False,False,False,False,True,13391983,https://www.bumeran.com.pe/perfiles/empresa_corporativo-overall_13391983.html,Servicios,"Surco, Lima",Entre 1001 y 5000 empleados,"Somos una empresa especializada en soluciones estratégicas y de alto impacto, que acompañan a las organizaciones en sus procesos de crecimiento y transformación. Integrando servicios de outsourcing, formación, desarrollo organizacional, tecnología y gestión del cambio.",,,,,,,,,"¡En Overall creemos que tu talento merece la mejor oportunidad!
Puesto: Analista Seguridad de la Información para San Isidro
Si cumples con el perfil, tienes experiencia manejando proveedores en campo y buscas un entorno de alto rendimiento, ¡esta oportunidad es para ti!
Requisitos:
Bachiller o Graduado Universitario en Ingeniería de Sistemas, Informática o carreras afines.
Experiencia mínima de 3 años en el puesto o roles similares.
Experiencia sólida en Auditorías Internas/Externas, Ciberseguridad y Seguridad de la Información.
Conocimientos específicos en la norma ISO 27001, marcos metodológicos como SOX y Gestión de Riesgos de SI.
Manejo de MS Office (Word y Excel) a nivel Intermedio y Bizagi (Intermedio).
Idioma Inglés a nivel Básico (lectura, habla y escritura).
Disponibilidad para trabajar en La Victoria.
Funciones Principales:
Contribuir y colaborar con los entregables solicitados por los procesos de la ISO 27001 y auditorías (internas/externas) de la empresa.
Revisar y mantener alineadas las políticas y estándares de Seguridad de la Información con las necesidades comerciales.
Participar en el análisis de riesgos de los activos declarados en el alcance de la ISO 27001.
Apoyar en la ejecución del plan de concientización de seguridad de la información (comunicados, capacitaciones, políticas).
Coordinar la atención de requerimientos relacionados con cumplimiento normativo, SOX y Protección de Datos Personales.
Beneficios:
Horario: Híbrida (03 días presencial / 02 días remoto) de Lunes a Viernes de 9:00 a.m. a 6:00 p.m.
Ingreso a planilla de intermediación desde el primer día con todos los beneficios de ley (CTS, gratificación, vacaciones, ESSALUD, asignación familiar).
Trabajar con un grupo líder y prestigioso del sector de telecomunicaciones (América Móvil / Claro).
“En el Corporativo Overall creemos que la diversidad nos fortalece y la inclusión nos une. Únete a un equipo donde cada talento es valorado y respetado”.",1957,False,https://www.bumeran.com.pe/empleos/analista-seguridad-de-la-informacion-para-san-isidro-corporativo-overall-1118335616.html,2026-09-23 21:32
1118355105,Analista Junior de Seguridad de la Información,Eureka Empresarial SAC,Seguridad de la información,analista de informacion,1,"Tecnología, Sistemas y Telecomunicaciones",Seguridad Informática,Junior,Presencial,Full-time,Indeterminado,FULL_TIME,1,False,False,False,False,False,Lima,Miraflores,PE,"Miraflores, Lima, Peru",2026-07-03,2026-10-01,82,Actualizado hace más de 15 días,,,,,,1.0,False,,0,False,False,False,False,False,False,False,False,False,False,False,False,False,False,False,False,False,False,False,False,False,False,13007259,https://www.bumeran.com.pe/perfiles/empresa_eureka-empresarial-sac_13007259.html,Servicios,"Lima, Lima",Entre 11 y 50 empleados,"Somos Eureka Consulting, empresa con más de 10 años en el mercado corporativo, dedicada a brindar soluciones de Tecnología, Consultoría y Asignación de profesionales con talento.

www.eurekaempresarial.com",,,,,,,,,"🌟 ¡Súmate al equipo de Eureka Consulting!
¿Te interesa desarrollarte en Seguridad de la Información y participar en iniciativas alineadas a estándares internacionales? 🚀
En Eureka Consulting buscamos un/a Analista de Seguridad de la Información para apoyar en el fortalecimiento del Sistema de Gestión de Seguridad de la Información (SGSI) de una importante entidad.

🔍 ¿Qué buscamos?
✨ Profesional o bachiller en Ingeniería de Sistemas, Informática, Telecomunicaciones o carreras afines
✨ 1 a 2 años de experiencia en Seguridad de la Información, SGSI o TI
✨ Interés en gestión de riesgos, cumplimiento normativo y mejora continua
✨ Capacidad analítica, proactividad y disposición para el aprendizaje
💻 Conocimientos técnicos requeridos:
✔ Seguridad de la Información
✔ Gestión de Sistemas de Gestión de Seguridad de la Información (SGSI)
✔ Conocimientos en Tecnologías de la Información y Comunicaciones (TIC)
✔ Elaboración y actualización de documentación técnica
✔ Monitoreo y controles de seguridad
➕ Deseable: Conocimientos en ISO/IEC 27001, Gestión de riesgos

💡 ¿Qué harás en el día a día?
🔹 Apoyar en la implementación de controles de seguridad de la información
🔹 Participar en la gestión de riesgos y seguimiento de vulnerabilidades
🔹 Elaborar y actualizar políticas, procedimientos, matrices y registros del SGSI
🔹 Apoyar en auditorías internas y seguimiento de acciones de mejora
🔹 Participar en actividades de monitoreo, control de accesos y seguridad tecnológica
🔹 Colaborar en capacitaciones y campañas de concientización

📍 Modalidad Presencial – Miraflores",1574,False,https://www.bumeran.com.pe/empleos/analista-junior-de-seguridad-de-la-informacion-eureka-empresarial-sac-1118355105.html,2026-09-23 21:32
