{
"type": "FeatureCollection",
"name": "departamentos_peru",
"crs": { "type": "name", "properties": { "name": "urn:ogc:def:crs:OGC:1.3:CRS84" } },
"features": [
{ "type": "Feature", "properties": { "departamento": "AMAZONAS" }, "geometry": { "type": "Polygon", "coordinates": [ [ [ -78.030252612268214, -6.766096975095252 ], [ -78.04983336231976, -6.683857475042373 ], [ -78.077863486710498, -6.668938225019019 ], [ -78.080219112422071, -6.655303974898459 ], [ -78.094590987384095, -6.657302725340458 ], [ -78.107154611695933, -6.643430475036325 ], [ -78.104108862434032, -6.623609599703229 ], [ -78.120739737249039, -6.597318849585179 ], [ -78.116670861670912, -6.577997599809351 ], [ -78.137633861613381, -6.563173599681818 ], [ -78.135734362151027, -6.527180099981592 ], [ -78.151862987187087, -6.510896850009601 ], [ -78.152181111569007, -6.499826350305796 ], [ -78.16436536227161, -6.4908008495795 ], [ -78.173839862119905, -6.493705475427305 ], [ -78.176725237080007, -6.474639849849154 ], [ -78.187134736878591, -6.469351599696495 ], [ -78.190029487270976, -6.457016100112867 ], [ -78.20998586165814, -6.458030225114726 ], [ -78.243451736708266, -6.401710475158268 ], [ -78.268287112160465, -6.391109349616727 ], [ -78.277090236625099, -6.399103849562948 ], [ -78.29126023717015, -6.372518350241648 ], [ -78.303248611933839, -6.37411184998183 ], [ -78.332642612166808, -6.352304724783153 ], [ -78.335386111879529, -6.318679474578062 ], [ -78.369343488011509, -6.27329322430279 ], [ -78.370089113221979, -6.23908397414607 ], [ -78.39993373765185, -6.22842159937727 ], [ -78.415417237615372, -6.212606474409199 ], [ -78.417789488194273, -6.190516348750464 ], [ -78.466654612920024, -6.134718723590197 ], [ -78.475841738005784, -6.132626974255402 ], [ -78.477282737908013, -6.114830348741577 ], [ -78.498443862993838, -6.102500849434591 ], [ -78.498612112658861, -6.089272474145332 ], [ -78.51022911328289, -6.077044099105819 ], [ -78.555828237583057, -6.071283848770577 ], [ -78.582859487675194, -6.078910473839244 ], [ -78.600461988230109, -6.065620224293866 ], [ -78.608860987944183, -6.053005599428843 ], [ -78.61121011335598, -6.016609974170933 ], [ -78.636404238264959, -5.98826372369183 ], [ -78.641517488441309, -5.96984759928722 ], [ -78.660288238011731, -5.955604473967242 ], [ -78.673150362599131, -5.916445348973639 ], [ -78.69593361284592, -5.888527349357616 ], [ -78.691136987881634, -5.874303724037588 ], [ -78.699147987689457, -5.840760849033927 ], [ -78.712289737581273, -5.828724973878423 ], [ -78.691755112608348, -5.750741849057022 ], [ -78.654829613096126, -5.736274849204904 ], [ -78.651421113293679, -5.726099599416955 ], [ -78.686330238349797, -5.698887974100671 ], [ -78.651081862937588, -5.675630099449506 ], [ -78.639033238093418, -5.645114848771186 ], [ -78.624770987790839, -5.639364723902816 ], [ -78.58299048832032, -5.55073859930684 ], [ -78.550234612737142, -5.533094723642535 ], [ -78.558249987746706, -5.496361348997027 ], [ -78.543077112718549, -5.481767098672606 ], [ -78.543436988126473, -5.471767348883986 ], [ -78.513960112669054, -5.453374723764455 ], [ -78.511280363198182, -5.443427348693149 ], [ -78.522770613373098, -5.416873849048841 ], [ -78.518580112582072, -5.398476598716002 ], [ -78.539871613284276, -5.365686474251333 ], [ -78.605240238246381, -5.309441349138922 ], [ -78.6415703631817, -5.303751974374052 ], [ -78.65442586336286, -5.274300724199009 ], [ -78.684244113375087, -5.267490223994571 ], [ -78.68408623828924, -5.239026724403743 ], [ -78.702988237617035, -5.207726597604335 ], [ -78.710894988013251, -5.156772222759798 ], [ -78.700624238317914, -5.104082722939268 ], [ -78.683410987726859, -5.087025723258478 ], [ -78.680618487553147, -5.072479973372026 ], [ -78.657714113015857, -5.067422973091709 ], [ -78.640528237787919, -5.034244472804119 ], [ -78.651434363005421, -4.978569097885497 ], [ -78.666219988161913, -4.979503847824276 ], [ -78.678327738034625, -4.968381598431961 ], [ -78.645104613387161, -4.907473598227909 ], [ -78.643800487602391, -4.858149598025477 ], [ -78.631876988132433, -4.836445223068552 ], [ -78.64193748802461, -4.802351597847917 ], [ -78.620698737956332, -4.767931972882195 ], [ -78.631131862945097, -4.757312598297744 ], [ -78.628268613105945, -4.739678973106095 ], [ -78.645026863398982, -4.734833472686546 ], [ -78.639999987709245, -4.705228472615886 ], [ -78.631710237637321, -4.698434598178096 ], [ -78.643631612908564, -4.68215697256619 ], [ -78.637872487625145, -4.656415222584428 ], [ -78.651722612808271, -4.646183597894662 ], [ -78.667704488271454, -4.654522098416066 ], [ -78.705998237928327, -4.62292822335877 ], [ -78.680547487876254, -4.595031347918336 ], [ -78.655818862850197, -4.584882597553815 ], [ -78.662860237909626, -4.570089597956553 ], [ -78.656571488383463, -4.562093847952667 ], [ -78.661123362852891, -4.530080973358167 ], [ -78.635750237783213, -4.500882473147556 ], [ -78.634481237718887, -4.464015222724299 ], [ -78.623228112687229, -4.441739348392161 ], [ -78.600361613097903, -4.427531847916384 ], [ -78.602745488313587, -4.411041348279525 ], [ -78.634093737835713, -4.415164097744878 ], [ -78.652615862631933, -4.334840222897924 ], [ -78.640625987799069, -4.306101098187071 ], [ -78.61824411307532, -4.294221723054022 ], [ -78.610861487567547, -4.26726234767915 ], [ -78.598543987914695, -4.25792409781883 ], [ -78.608954737770887, -4.226094222670213 ], [ -78.599982237690085, -4.209218848271178 ], [ -78.577281237638942, -4.195548973306416 ], [ -78.581154363183259, -4.134865221752534 ], [ -78.567742363419313, -4.10117659722215 ], [ -78.537225362660308, -4.061587972207121 ], [ -78.567688612739232, -4.045099971786215 ], [ -78.56571286335793, -3.991962847007755 ], [ -78.542670112835424, -3.974473472172974 ], [ -78.524504863308778, -3.93726397215454 ], [ -78.488826112834829, -3.933821221672019 ], [ -78.475547612931962, -3.906055596888223 ], [ -78.486798612865641, -3.893720472321888 ], [ -78.477835988240201, -3.883162096953185 ], [ -78.476249987946574, -3.857714847062482 ], [ -78.459960987709394, -3.836992097407347 ], [ -78.465872987848059, -3.827533222380282 ], [ -78.43600023802054, -3.81911834693409 ], [ -78.409366863290074, -3.782391096671745 ], [ -78.416138237589564, -3.765425471708113 ], [ -78.402476487999479, -3.735387597359704 ], [ -78.421798487809951, -3.724064346792147 ], [ -78.423436612809382, -3.693202347210502 ], [ -78.41575123772941, -3.685974721656009 ], [ -78.400235863094565, -3.689732972298771 ], [ -78.393217488196512, -3.677179971678299 ], [ -78.400817612942433, -3.650409846936839 ], [ -78.386309738003945, -3.640098722178266 ], [ -78.399776612600533, -3.606203722124008 ], [ -78.392861362961469, -3.603675596551511 ], [ -78.394752237925388, -3.587757972252575 ], [ -78.38620636273339, -3.573709221903016 ], [ -78.39118823814664, -3.560101597110986 ], [ -78.369072238093281, -3.539244096637731 ], [ -78.355375736900726, -3.494353971758358 ], [ -78.359183113010204, -3.469521972361065 ], [ -78.341384737415638, -3.427103472247381 ], [ -78.356231111776367, -3.403558096928577 ], [ -78.344258111822342, -3.391818721956383 ], [ -78.346370362102505, -3.382405222223156 ], [ -78.302648362132174, -3.399751096735656 ], [ -78.246210987147322, -3.402326221777685 ], [ -78.244263487270075, -3.437759971745265 ], [ -78.226169862449126, -3.491545221734555 ], [ -78.231402111817943, -3.498810847242737 ], [ -78.217292362252692, -3.508856597354054 ], [ -78.200488861671602, -3.495478847370862 ], [ -78.192322861910498, -3.500338721654657 ], [ -78.160393736681556, -3.48007147232056 ], [ -78.148394112298433, -3.48037484692162 ], [ -78.144635736649889, -3.461161971747572 ], [ -78.154913486668022, -3.411561722295573 ], [ -78.177742737237509, -3.410091096926521 ], [ -78.195739862104915, -3.360758722237222 ], [ -78.170308612052793, -3.350638847304936 ], [ -78.151738861858973, -3.328535221922891 ], [ -78.136797986737633, -3.326541596717277 ], [ -78.141411362244526, -3.320159597387487 ], [ -78.107254736816628, -3.277150347010831 ], [ -78.090711736557353, -3.234310597256183 ], [ -78.064771112296967, -3.224447971596589 ], [ -78.036219862256814, -3.189635722410628 ], [ -78.012693986937904, -3.178848472279128 ], [ -78.009134362360896, -3.158069096811346 ], [ -77.984957986721668, -3.133603597228159 ], [ -77.982446361910036, -3.119654346970492 ], [ -77.970755737387321, -3.117413722065578 ], [ -77.940754737041459, -3.065473595829758 ], [ -77.840053862295861, -3.008198095865396 ], [ -77.844574237111317, -2.997998095835385 ], [ -77.808615987237999, -2.986125095996329 ], [ -77.817250987043394, -3.000792096078328 ], [ -77.790670612059046, -3.054439345998958 ], [ -77.78766411190918, -3.074775345805506 ], [ -77.794452111975374, -3.089258847317922 ], [ -77.785827861766393, -3.106282722269782 ], [ -77.790936486729436, -3.117630347162731 ], [ -77.777855361935394, -3.191860721594992 ], [ -77.772543236581043, -3.42880947177963 ], [ -77.745642237099503, -3.4822289719894 ], [ -77.715131236617253, -3.514853596915941 ], [ -77.716459611721689, -3.542305096602888 ], [ -77.666672986768901, -3.571871971714074 ], [ -77.643009612303729, -3.619346347056251 ], [ -77.619966736775439, -3.622408222061779 ], [ -77.615622987011193, -3.707718721641641 ], [ -77.651914111946667, -3.780562346874774 ], [ -77.628220862003161, -3.817050721913233 ], [ -77.609236361568776, -3.82524222195093 ], [ -77.581915986633419, -3.862816346697002 ], [ -77.561493612340314, -3.876165847176082 ], [ -77.569018612219168, -3.893073972186016 ], [ -77.537877362350343, -3.961899472382697 ], [ -77.548405362217636, -4.105404847055979 ], [ -77.58555073697687, -4.251333972884481 ], [ -77.565859237213999, -4.365535722895231 ], [ -77.568275362118243, -4.42091997287838 ], [ -77.589087862314955, -4.480464848174165 ], [ -77.611020487005817, -4.494265722884734 ], [ -77.640630862324372, -4.496515598216263 ], [ -77.641352612333151, -4.510060722824051 ], [ -77.655456986650563, -4.518544972872178 ], [ -77.649015612280664, -4.546415973018668 ], [ -77.659653361813184, -4.557974222732128 ], [ -77.652613236811419, -4.574570347743304 ], [ -77.672571737195881, -4.630480347689854 ], [ -77.694512436000082, -4.658673173827879 ], [ -77.715969736613999, -4.665087973231323 ], [ -77.731394112448299, -4.688440222738052 ], [ -77.771878862419499, -4.717558597850939 ], [ -77.794685361939855, -4.760216848228936 ], [ -77.789267112087487, -4.785106472585596 ], [ -77.799113486997783, -4.82459284828127 ], [ -77.791842362135242, -4.832951222920542 ], [ -77.793574861990237, -4.849963473235675 ], [ -77.760151737112949, -4.909345098197662 ], [ -77.766931611804409, -4.921218723065579 ], [ -77.758445486669814, -4.950052722654959 ], [ -77.824619611905518, -5.031778723309401 ], [ -77.813874736929506, -5.039809473128628 ], [ -77.811817382166396, -5.056345319281036 ], [ -77.821762112331555, -5.085665722594968 ], [ -77.774286736943338, -5.097177972885106 ], [ -77.745285111818418, -5.133017597683931 ], [ -77.719996362042423, -5.140624347735411 ], [ -77.695280986728108, -5.164740348288376 ], [ -77.708242612306663, -5.190907348095607 ], [ -77.739707861828322, -5.211856598303314 ], [ -77.696296736804925, -5.258770973901278 ], [ -77.684148236851627, -5.295881223839388 ], [ -77.682066487078657, -5.338395598877753 ], [ -77.702786736618577, -5.380687723559561 ], [ -77.696015487324814, -5.411624098873006 ], [ -77.712702612035855, -5.416411224298542 ], [ -77.744827737310175, -5.406899098614474 ], [ -77.768451236735132, -5.438048723869485 ], [ -77.748831986706762, -5.459859349229532 ], [ -77.770637486830537, -5.478153099286033 ], [ -77.771570361682791, -5.493920598856505 ], [ -77.757037362384324, -5.513941599425209 ], [ -77.765761736814682, -5.538982473562271 ], [ -77.736383987331124, -5.609290098759004 ], [ -77.752606237188047, -5.637577599226802 ], [ -77.754365237365789, -5.658997723665948 ], [ -77.775090862153547, -5.689679348922766 ], [ -77.775147987089895, -5.710751974424056 ], [ -77.759358612409983, -5.729847973704977 ], [ -77.772418612129229, -5.753351348885587 ], [ -77.760560112059466, -5.770454473894802 ], [ -77.77035548731584, -5.788142598901743 ], [ -77.763929111838991, -5.819708723578685 ], [ -77.746138361596081, -5.835110474268902 ], [ -77.726415987207986, -5.843981974188694 ], [ -77.694813361747208, -5.840232848966764 ], [ -77.681526737368984, -5.849487098550696 ], [ -77.68308048707479, -5.877575598834767 ], [ -77.665512362205732, -5.892204723968803 ], [ -77.663293862421767, -5.917670223801736 ], [ -77.651890611762269, -5.935331974391033 ], [ -77.67330136166845, -5.968397723975727 ], [ -77.660626361717163, -5.988450349204186 ], [ -77.639139861915055, -6.001079473838615 ], [ -77.597707862327923, -6.004415973918015 ], [ -77.596361612298551, -6.033330848639707 ], [ -77.586199487216504, -6.036916599421488 ], [ -77.566803236680016, -6.028121974449505 ], [ -77.554735361847406, -6.050728723751547 ], [ -77.542228112437385, -6.052787849279753 ], [ -77.535511362059651, -6.063788974381623 ], [ -77.517921862104231, -6.054853349202631 ], [ -77.50975186215868, -6.032496098815841 ], [ -77.489020737117301, -6.028510974401911 ], [ -77.487075362338089, -6.010248849005109 ], [ -77.474138987024617, -5.999784099356646 ], [ -77.467508362021249, -6.019614974251624 ], [ -77.432115737151491, -6.06191634935999 ], [ -77.419304737223797, -6.032380848896992 ], [ -77.395497612424833, -6.039376723656801 ], [ -77.380500112390223, -6.079985973973464 ], [ -77.358679361563247, -6.072820223574411 ], [ -77.346427987261791, -6.114341098662749 ], [ -77.332410736566203, -6.1121815989016 ], [ -77.28047848569355, -6.142209098670946 ], [ -77.257955610762792, -6.138015723646674 ], [ -77.240654110598712, -6.149761723924371 ], [ -77.224366361318459, -6.145546848807953 ], [ -77.202056736329268, -6.179714848861124 ], [ -77.21919073596365, -6.194313099369992 ], [ -77.211626736084952, -6.215840349252687 ], [ -77.174070236252362, -6.246529348950219 ], [ -77.170790736103527, -6.265198974253224 ], [ -77.138898860793745, -6.291730348776525 ], [ -77.132302735582755, -6.32255072503591 ], [ -77.150309610899797, -6.360530974624737 ], [ -77.171732486365102, -6.381169974914371 ], [ -77.208964985645537, -6.375043349770749 ], [ -77.221456361122137, -6.381132724995211 ], [ -77.243653111302024, -6.338120475379583 ], [ -77.261690361221156, -6.327144849655042 ], [ -77.286659986569077, -6.33102347455366 ], [ -77.273158611280849, -6.406530850318461 ], [ -77.297670789275458, -6.424740136947719 ], [ -77.305914736875593, -6.45372372526964 ], [ -77.326356612067968, -6.468027349782346 ], [ -77.34484673718714, -6.547229100042898 ], [ -77.359290986889505, -6.564445349872926 ], [ -77.380511737027007, -6.569227975090939 ], [ -77.393869862004465, -6.602688224881604 ], [ -77.437880861812289, -6.602527349657407 ], [ -77.435654361659431, -6.61807034966688 ], [ -77.423692612224215, -6.638061974780271 ], [ -77.407656236945741, -6.646331974840734 ], [ -77.404986112019401, -6.663054350278003 ], [ -77.38173298668795, -6.69758910015679 ], [ -77.400135362257117, -6.708452850218805 ], [ -77.405557237276639, -6.726214225006458 ], [ -77.456467486884947, -6.680522350026365 ], [ -77.475481986904128, -6.683628475273849 ], [ -77.510655861578698, -6.672339350380696 ], [ -77.521197612080073, -6.679679099810585 ], [ -77.544074237136272, -6.676996100189797 ], [ -77.568764737202798, -6.63821772476814 ], [ -77.612336736551129, -6.612261224775636 ], [ -77.642869987160168, -6.621859974957829 ], [ -77.659118362322545, -6.640954100051601 ], [ -77.662661862055245, -6.659899849598332 ], [ -77.688369987285057, -6.67736997534405 ], [ -77.701929986679488, -6.67675997509275 ], [ -77.715935486833189, -6.659123099751184 ], [ -77.739892612254209, -6.646917974884559 ], [ -77.74636586219475, -6.668985100382031 ], [ -77.739500487157727, -6.711099724972257 ], [ -77.748109361657669, -6.74492497540723 ], [ -77.731897862296478, -6.783467349838304 ], [ -77.764748986876214, -6.799758475173462 ], [ -77.723324861752928, -6.893455974813321 ], [ -77.70719798679761, -6.908182724952724 ], [ -77.71576061186272, -6.921201974591384 ], [ -77.733816361735649, -6.928577349764851 ], [ -77.738384486954487, -6.948343350265361 ], [ -77.758933611696762, -6.964507850157133 ], [ -77.779299861998993, -6.941452724963256 ], [ -77.801931986571901, -6.96614447508739 ], [ -77.834345986677931, -6.957205724764322 ], [ -77.84219498710894, -6.976884849855878 ], [ -77.880341737181368, -6.962503850372343 ], [ -77.898665361816938, -6.980124224952988 ], [ -77.92865023731855, -6.986759350163823 ], [ -77.93981998710268, -6.976139974680052 ], [ -77.961859987248602, -6.976639975254614 ], [ -77.983579987026758, -6.963089975422008 ], [ -78.001160112449213, -6.970164600216094 ], [ -77.99939648705822, -6.940969850178419 ], [ -78.013640612424297, -6.931683850029629 ], [ -77.99965136212063, -6.907922599648202 ], [ -78.006527986777144, -6.875918849575214 ], [ -78.000793486730004, -6.867257725363686 ], [ -78.01399961189253, -6.851196349831639 ], [ -78.03094136165447, -6.847746099902565 ], [ -78.013691612078219, -6.821252850338738 ], [ -78.021044112096035, -6.818254849681523 ], [ -78.021424861667981, -6.770094475079929 ], [ -78.030252612268214, -6.766096975095252 ] ] ] } },
{ "type": "Feature", "properties": { "departamento": "ANCASH" }, "geometry": { "type": "Polygon", "coordinates": [ [ [ -77.692390612436782, -10.320902478266703 ], [ -77.752507453855856, -10.321895453012701 ], [ -77.757195361576635, -10.345363227630799 ], [ -77.74987161198527, -10.40679610275788 ], [ -77.760022362442044, -10.430079977708772 ], [ -77.76786198744071, -10.428790477598398 ], [ -77.764603112343707, -10.439481102770628 ], [ -77.78756636189803, -10.457097603071873 ], [ -77.798804737148885, -10.477021477758967 ], [ -77.770669862424199, -10.51567185267379 ], [ -77.771376486735448, -10.571614603231296 ], [ -77.784996112080876, -10.572039103022121 ], [ -77.799683362197356, -10.585323228184393 ], [ -77.839688436272297, -10.567918823994489 ], [ -77.85431867836428, -10.576027410136817 ], [ -77.868613762015457, -10.596501453179485 ], [ -77.880261735290787, -10.607894715068994 ], [ -77.88275263522587, -10.608666828011678 ], [ -77.885584713663548, -10.611739322211918 ], [ -77.886275067440351, -10.611955840289738 ], [ -77.908681612366479, -10.569593727668348 ], [ -77.900779362177786, -10.56419910300616 ], [ -77.908160111699772, -10.54428710296736 ], [ -77.939402361729549, -10.509013603195172 ], [ -77.965607362389846, -10.492970727616921 ], [ -77.963320362144941, -10.471113227793182 ], [ -77.980406237258023, -10.43937497827261 ], [ -78.014415987207997, -10.411244102833052 ], [ -78.000706987237606, -10.397468728399076 ], [ -78.010603486761454, -10.374699102881266 ], [ -78.055226611918556, -10.34536522772305 ], [ -78.05683011211994, -10.303456977757264 ], [ -78.087074236986382, -10.277117228077543 ], [ -78.08100786192324, -10.248318353309287 ], [ -78.091955112238622, -10.241976603137687 ], [ -78.087294862268038, -10.230119103114077 ], [ -78.101583862005612, -10.201105478335137 ], [ -78.163570361582856, -10.147191352798643 ], [ -78.173443361821626, -10.115214853082932 ], [ -78.185017612272929, -10.109388728307124 ], [ -78.165742236914639, -10.091949228074384 ], [ -78.175763611801187, -10.069703103315533 ], [ -78.175767611985691, -10.043955103045505 ], [ -78.196099611607735, -10.020115227635586 ], [ -78.193062486844269, -10.001353477580892 ], [ -78.20807611172313, -9.966769478128867 ], [ -78.23437085483107, -9.951260819631102 ], [ -78.225498318892278, -9.939470853297223 ], [ -78.231482793596001, -9.910586885576265 ], [ -78.224509737334472, -9.907222602740887 ], [ -78.243785111793443, -9.868488228448939 ], [ -78.234285111668555, -9.854027352979926 ], [ -78.237802737006689, -9.8341874776699 ], [ -78.229986362180853, -9.829851603268821 ], [ -78.225128862107283, -9.798361352594327 ], [ -78.295894486841064, -9.726290977946235 ], [ -78.294341737181412, -9.705425728014916 ], [ -78.306515612405576, -9.695230478203939 ], [ -78.307609361582706, -9.683935603045597 ], [ -78.319292986681944, -9.681498103054992 ], [ -78.318835987190994, -9.666658228094718 ], [ -78.335785112293081, -9.654753852708097 ], [ -78.34336911219475, -9.632910102619121 ], [ -78.358589737626232, -9.623976603437427 ], [ -78.366867238032569, -9.629685603207975 ], [ -78.361328113002003, -9.610070353364051 ], [ -78.37227348823086, -9.586238228311515 ], [ -78.36531836265226, -9.581277352967447 ], [ -78.366384738265026, -9.558914103203279 ], [ -78.39126761320972, -9.531017727785866 ], [ -78.384490237734269, -9.520964852346026 ], [ -78.396662112866181, -9.498968727424767 ], [ -78.3945861133584, -9.477658226745746 ], [ -78.404714987806415, -9.47508597683634 ], [ -78.391947238074522, -9.457939476625484 ], [ -78.380880862661627, -9.455716851651346 ], [ -78.380111363148842, -9.445490227192181 ], [ -78.391992238351065, -9.429124977035997 ], [ -78.407638612731773, -9.435845726698858 ], [ -78.406675738294666, -9.42482422655678 ], [ -78.417757862635199, -9.4261543517419 ], [ -78.416011738051225, -9.418748101943322 ], [ -78.427941362803608, -9.41128910241008 ], [ -78.426792987906026, -9.392035102138209 ], [ -78.433728487579572, -9.390374977023498 ], [ -78.428281238188561, -9.371568351698045 ], [ -78.409499863128133, -9.363119102364635 ], [ -78.427617363150773, -9.360322226989126 ], [ -78.425396488257263, -9.34129885156068 ], [ -78.437679738129361, -9.341753851858755 ], [ -78.442937487774827, -9.327027351730862 ], [ -78.456699238379088, -9.327431602386469 ], [ -78.460855487590663, -9.316185601784071 ], [ -78.474607362739562, -9.317935602446028 ], [ -78.47220111329068, -9.328816352392721 ], [ -78.481330113393994, -9.333337852260001 ], [ -78.47948236272083, -9.321902226906218 ], [ -78.498341737780947, -9.311970726667653 ], [ -78.498865112634803, -9.286921852161697 ], [ -78.525523487618841, -9.27456447656931 ], [ -78.491799988278785, -9.25086997656814 ], [ -78.484969988074454, -9.207909976664041 ], [ -78.497749988371254, -9.188139976878404 ], [ -78.533242238338573, -9.174615227310824 ], [ -78.562185487570162, -9.18174222682228 ], [ -78.566361362686678, -9.193564477018981 ], [ -78.556761738363491, -9.203484351721386 ], [ -78.553878862619399, -9.235123102049499 ], [ -78.583812487556202, -9.203359352252278 ], [ -78.577040988250985, -9.194738227187372 ], [ -78.590003862987828, -9.19567572725299 ], [ -78.603081987643577, -9.175437476558272 ], [ -78.61002536268029, -9.176441351986739 ], [ -78.609933612945838, -9.160109351565268 ], [ -78.580986487636267, -9.170789102135302 ], [ -78.567773488055991, -9.167835976748904 ], [ -78.558423862671077, -9.145456977157721 ], [ -78.560859927343756, -9.122421422110904 ], [ -78.566445949321064, -9.124249031567501 ], [ -78.5668337999399, -9.124253791679109 ], [ -78.561637057604059, -9.119073703888262 ], [ -78.588753383561766, -9.079593821297749 ], [ -78.612446327735825, -9.079912320697019 ], [ -78.611682222356649, -9.07401797065279 ], [ -78.616981070120232, -9.079921979415758 ], [ -78.614088104882114, -9.072423889051208 ], [ -78.623548863089525, -9.080306602367784 ], [ -78.629912113353328, -9.073570351990099 ], [ -78.638648948789921, -9.047483995290122 ], [ -78.634561134388775, -9.028893004008864 ], [ -78.622388525410088, -9.017048614302041 ], [ -78.657937488424295, -8.995935602046359 ], [ -78.658480488283885, -8.986304727181391 ], [ -78.64953711274751, -8.990513727026837 ], [ -78.644923863145721, -8.969228476612841 ], [ -78.619511363058905, -8.966529977176663 ], [ -78.589943612907348, -8.942622352239709 ], [ -78.57648473778039, -8.889046602018993 ], [ -78.588281112683148, -8.858677476784067 ], [ -78.565343113393908, -8.792598977360853 ], [ -78.551606238037436, -8.775037601903762 ], [ -78.518138737912409, -8.752980601873219 ], [ -78.487242487650633, -8.751163226701522 ], [ -78.438414362832532, -8.732746602273835 ], [ -78.354809986891325, -8.673279976989306 ], [ -78.337679987441447, -8.675859977256096 ], [ -78.334249986647535, -8.666449976784975 ], [ -78.310949986852393, -8.667209976758954 ], [ -78.296259986609073, -8.658719977345015 ], [ -78.246129987009283, -8.658359976931365 ], [ -78.205009987420965, -8.630589976945828 ], [ -78.193529986819385, -8.600109976993792 ], [ -78.201899986994761, -8.573889977440444 ], [ -78.216889986683498, -8.557259976766488 ], [ -78.202599986899827, -8.526069977347504 ], [ -78.187869986610565, -8.508099976932328 ], [ -78.173659986918835, -8.503539977088224 ], [ -78.157389986658529, -8.478849977044774 ], [ -78.139269987419937, -8.427149976090504 ], [ -78.137499986734952, -8.36866997633831 ], [ -78.108389987008252, -8.338109976294334 ], [ -78.119429987104184, -8.313649976065506 ], [ -78.10222998712419, -8.305379976005042 ], [ -78.081980486809982, -8.281085851231012 ], [ -78.036799987029724, -8.255949976310319 ], [ -78.018629987284044, -8.224319976385743 ], [ -77.933209987151145, -8.197009958942431 ], [ -77.895625611932417, -8.061949101369862 ], [ -77.867910861796815, -8.055890350759057 ], [ -77.852208111615028, -8.074779476291724 ], [ -77.810441361879327, -8.067734976088218 ], [ -77.785784861582044, -8.07919885094617 ], [ -77.751271736801186, -8.077438850722331 ], [ -77.743388111572074, -8.070184725744468 ], [ -77.718391986800725, -8.073471601233337 ], [ -77.647411112033183, -8.049707475719401 ], [ -77.643909986556594, -8.066619975931076 ], [ -77.61882998741396, -8.079829976272322 ], [ -77.636663361924548, -8.108586100867797 ], [ -77.617039986706004, -8.130949975660826 ], [ -77.602137861572999, -8.135938976402599 ], [ -77.604740987006892, -8.155704475980713 ], [ -77.575409611964005, -8.168150851180769 ], [ -77.556999986959795, -8.194249975555863 ], [ -77.572260487431492, -8.209892475657171 ], [ -77.574979986936796, -8.230939975899105 ], [ -77.531169987404951, -8.243339975759227 ], [ -77.527689987003271, -8.267079976060018 ], [ -77.491368486566387, -8.282553101444421 ], [ -77.487630111840133, -8.30354597596596 ], [ -77.473638362320514, -8.320501101344689 ], [ -77.478284736651233, -8.326065100723781 ], [ -77.458896362377175, -8.335655976442126 ], [ -77.459332361799, -8.355560476134997 ], [ -77.446956112134842, -8.369374226439334 ], [ -77.43753786218258, -8.401149225856045 ], [ -77.438355487115984, -8.422328100861137 ], [ -77.40546061231737, -8.44148335107576 ], [ -77.399534362420866, -8.48340672673902 ], [ -77.368232237327845, -8.500306477262086 ], [ -77.334942737317419, -8.532973227332548 ], [ -77.311995111685007, -8.531147226763039 ], [ -77.315415237023558, -8.545179602256781 ], [ -77.288716861993521, -8.589769351774123 ], [ -77.293642611617202, -8.637025351938405 ], [ -77.260595736104278, -8.648521477384236 ], [ -77.261152360692847, -8.667197227070346 ], [ -77.246189486355661, -8.702732477222014 ], [ -77.248167985863802, -8.727308602410005 ], [ -77.22749023558589, -8.742826227148612 ], [ -77.225812485557697, -8.766937476583223 ], [ -77.206537111098783, -8.781624976711271 ], [ -77.195734361151835, -8.814992226709876 ], [ -77.174263611176684, -8.834494101721361 ], [ -77.172662111067552, -8.876025352288138 ], [ -77.164835985792081, -8.889097601672916 ], [ -77.15516011065057, -8.900378852102278 ], [ -77.147417985651487, -8.895753851958659 ], [ -77.131023485945093, -8.916284976770214 ], [ -77.122628861432759, -8.946257851718428 ], [ -77.105728485880888, -8.949191352099149 ], [ -77.10249023583566, -8.960947226932944 ], [ -77.110037110823953, -8.969966852388268 ], [ -77.092097610915971, -8.971566352405205 ], [ -77.066019485710683, -8.990915976690928 ], [ -77.035708986380598, -8.999958977324923 ], [ -77.032628861432784, -9.01423435233346 ], [ -77.002787111236159, -9.032619102089825 ], [ -76.980173110700434, -9.062987852307515 ], [ -76.966453111122121, -9.060412102236683 ], [ -76.945399110580468, -9.074831226679748 ], [ -76.929283486143959, -9.070569102082345 ], [ -76.870068860789274, -9.11408672662111 ], [ -76.789960485987592, -9.135892726767906 ], [ -76.736939111151003, -9.204091101822826 ], [ -76.725969735714671, -9.256153727412539 ], [ -76.740137736167526, -9.27333997675845 ], [ -76.745460736124016, -9.29672372681847 ], [ -76.74080873563463, -9.330751101681926 ], [ -76.76561923583904, -9.367268102141168 ], [ -76.78287473568048, -9.342902601773631 ], [ -76.815482360722342, -9.326461976738813 ], [ -76.833964861389177, -9.266007851780898 ], [ -76.846706985838694, -9.264212851741661 ], [ -76.854556736304289, -9.288521477184361 ], [ -76.868726610944293, -9.292749977029757 ], [ -76.870263610776988, -9.314427726658209 ], [ -76.892915986283697, -9.331960976717653 ], [ -76.900603360556602, -9.359066351630759 ], [ -76.917900361412535, -9.369507852005711 ], [ -76.924132861042665, -9.391531227284247 ], [ -76.935236236363153, -9.398548852147769 ], [ -76.930304735575021, -9.433185602233721 ], [ -76.953294861368704, -9.467478476750273 ], [ -76.938619110883224, -9.491699226737865 ], [ -76.937550736077583, -9.525367228015114 ], [ -76.955095735779537, -9.542689478236809 ], [ -76.955111360600768, -9.560298853209474 ], [ -76.980244111276647, -9.564031227658973 ], [ -76.995160111150199, -9.603331977888445 ], [ -77.015296860761453, -9.614269477754135 ], [ -77.029236360569541, -9.612996103387388 ], [ -77.04715036110025, -9.632531228133644 ], [ -77.047306611111196, -9.653937477832301 ], [ -77.020611361225292, -9.71131447798075 ], [ -76.974277361311124, -9.760236352625554 ], [ -76.969482361421797, -9.757808603084527 ], [ -76.981042986244802, -9.724568352647339 ], [ -76.971839861320518, -9.71181247756374 ], [ -76.941365235717001, -9.705912102961122 ], [ -76.934249985848112, -9.729474603170331 ], [ -76.901583985812238, -9.769701227929261 ], [ -76.897757860636716, -9.809289102909702 ], [ -76.841988235868371, -9.910892602911247 ], [ -76.841861486318521, -9.930621102581767 ], [ -76.81375786123624, -9.960146477577837 ], [ -76.825615111248339, -9.989292978088429 ], [ -76.825027361123773, -10.009232477596697 ], [ -76.814964861139401, -10.023431602686287 ], [ -76.807189486405662, -10.084478477999312 ], [ -76.843238235955766, -10.086785103249895 ], [ -76.8535801112331, -10.101779353134589 ], [ -76.871337860853544, -10.094300727696407 ], [ -76.879886736183892, -10.116552727726173 ], [ -76.901943361197141, -10.113341853044062 ], [ -76.915697236438291, -10.120427728356958 ], [ -76.90853511120639, -10.176783228163401 ], [ -76.916099611108109, -10.224587853446621 ], [ -76.90484173585736, -10.237697227744832 ], [ -76.90624611086929, -10.274185602783291 ], [ -76.936009236037364, -10.278506103274026 ], [ -76.965451485797416, -10.305378603239888 ], [ -76.998154235729373, -10.291392603086138 ], [ -77.003625236215612, -10.282123102798892 ], [ -77.009100736010112, -10.30776672775221 ], [ -77.024711486445881, -10.327526602970295 ], [ -77.051715486180683, -10.339940352565179 ], [ -77.071611486380959, -10.338103853310145 ], [ -77.090199985640766, -10.372630102796961 ], [ -77.110884611235804, -10.392089727658743 ], [ -77.112133986294396, -10.404844602696187 ], [ -77.138244861211319, -10.426469227572738 ], [ -77.150017610923953, -10.451093603187189 ], [ -77.174624735742896, -10.464601602881601 ], [ -77.167309985667259, -10.508139978377244 ], [ -77.19098998589908, -10.552129978115943 ], [ -77.209299985805671, -10.555389978264827 ], [ -77.225769986295802, -10.546009978277823 ], [ -77.252239985686742, -10.545269978326814 ], [ -77.267259985859596, -10.550539977637811 ], [ -77.26942998610491, -10.560229978430698 ], [ -77.291019987082677, -10.556109978192865 ], [ -77.310629986684489, -10.567689978010037 ], [ -77.320509987246055, -10.587919978324294 ], [ -77.338349987062202, -10.596049979123165 ], [ -77.36730473682411, -10.638301353724444 ], [ -77.380112486601945, -10.639444229267724 ], [ -77.39530998686638, -10.661539979286545 ], [ -77.40379398690294, -10.690967729277247 ], [ -77.385657557050592, -10.707792954780984 ], [ -77.395251611872368, -10.717806603591839 ], [ -77.415429986604579, -10.729979978792926 ], [ -77.436139237435839, -10.723640103707794 ], [ -77.491475487004095, -10.74603797916933 ], [ -77.506796861685757, -10.734619228694385 ], [ -77.52394711206955, -10.734982104240657 ], [ -77.591191831637673, -10.786449562996893 ], [ -77.578439862309779, -10.722718104357 ], [ -77.563143831422622, -10.709428114715649 ], [ -77.574537147271485, -10.694307931865524 ], [ -77.575354487119853, -10.658866354198835 ], [ -77.590581113727353, -10.645564024959754 ], [ -77.574115236628813, -10.614662103573153 ], [ -77.574251361611005, -10.588413352694033 ], [ -77.584621362285986, -10.583833227821174 ], [ -77.604940362207913, -10.590129352687427 ], [ -77.61931005901198, -10.602294188825681 ], [ -77.619508462945191, -10.614245597855984 ], [ -77.638163055180826, -10.60290161521732 ], [ -77.645336708822015, -10.582856218739437 ], [ -77.638208580661455, -10.563026335796735 ], [ -77.614583675596123, -10.546392890719289 ], [ -77.616333040437439, -10.524671531166177 ], [ -77.600919047276193, -10.518774020904289 ], [ -77.60132286355929, -10.509303710997415 ], [ -77.6247419030164, -10.502034568240674 ], [ -77.669242986574545, -10.540567603212253 ], [ -77.687776861912596, -10.537300977757866 ], [ -77.708304986585802, -10.547444727891843 ], [ -77.710083436401419, -10.560170406439056 ], [ -77.727556916618369, -10.552705248348502 ], [ -77.735741184308154, -10.568482867090609 ], [ -77.74579737824638, -10.558284173775576 ], [ -77.743139361792089, -10.528971727663077 ], [ -77.720635861855499, -10.503028228270068 ], [ -77.710594236934469, -10.503848603330312 ], [ -77.712406836706123, -10.491654169604203 ], [ -77.688181111668939, -10.453771852588886 ], [ -77.686736111582263, -10.434020727774339 ], [ -77.665776736806947, -10.427118852852743 ], [ -77.645299361776097, -10.408660353292646 ], [ -77.636430611983144, -10.412698228340503 ], [ -77.623231237131847, -10.40546297833373 ], [ -77.597593112432151, -10.380364103320687 ], [ -77.598808611827963, -10.363134727885324 ], [ -77.620279861826134, -10.327088977574192 ], [ -77.631655737122514, -10.322205228088762 ], [ -77.651253612064522, -10.344611228025713 ], [ -77.692390612436782, -10.320902478266703 ] ] ] } },
{ "type": "Feature", "properties": { "departamento": "APURIMAC" }, "geometry": { "type": "Polygon", "coordinates": [ [ [ -73.511740358430757, -14.538524857136395 ], [ -73.520751607600573, -14.533547731942235 ], [ -73.53505660807599, -14.491544982115158 ], [ -73.554560608185454, -14.480695356805199 ], [ -73.551404858347496, -14.465004482171082 ], [ -73.570641357812349, -14.456570106724996 ], [ -73.581825983282442, -14.416420481919658 ], [ -73.553856733101725, -14.401220482439271 ], [ -73.55350635813187, -14.377507356579201 ], [ -73.53552010786666, -14.357800857023904 ], [ -73.528009857768666, -14.322561982049763 ], [ -73.517190107937097, -14.309360107083251 ], [ -73.51224998265053, -14.268159982397208 ], [ -73.519159982946803, -14.240829982017999 ], [ -73.57727998318461, -14.147179981870636 ], [ -73.586619983125672, -14.110339981804657 ], [ -73.611069982893355, -14.089939981744692 ], [ -73.625779983159646, -14.049019982386255 ], [ -73.619399983022731, -14.017059981632826 ], [ -73.625889982836384, -13.994909981810167 ], [ -73.642760482909921, -13.978535982149822 ], [ -73.65596998322809, -13.930849981941094 ], [ -73.680039982559094, -13.915319981631797 ], [ -73.694785607669644, -13.884248107264284 ], [ -73.697779358130845, -13.847415981662152 ], [ -73.72199998311271, -13.826929982132924 ], [ -73.742439983218617, -13.791759980838378 ], [ -73.747887732632705, -13.763366105861053 ], [ -73.739987358429801, -13.756233606095975 ], [ -73.693339108413056, -13.749593105637246 ], [ -73.68647723263814, -13.738601105956207 ], [ -73.669667857685454, -13.73425985630729 ], [ -73.701928357907377, -13.705283605553916 ], [ -73.71514260844458, -13.704534481081396 ], [ -73.714238983142536, -13.689667480769572 ], [ -73.728485107701545, -13.68314498125585 ], [ -73.727761732617807, -13.669079106015886 ], [ -73.743619732764444, -13.65556248092372 ], [ -73.795558483037496, -13.635545980562483 ], [ -73.805942357553704, -13.61376198143023 ], [ -73.795796108203774, -13.60432023129357 ], [ -73.810812483209475, -13.521797105751773 ], [ -73.838953858233936, -13.456376106072412 ], [ -73.827389983261071, -13.433739981315057 ], [ -73.847445982745853, -13.400918981325901 ], [ -73.828739982564116, -13.34726998132453 ], [ -73.832098357752955, -13.330156980859954 ], [ -73.805852357899937, -13.312997230937412 ], [ -73.823000108168401, -13.284598355729486 ], [ -73.824022982674478, -13.248392606133848 ], [ -73.812809982694489, -13.242239980690499 ], [ -73.808462732768874, -13.214349481443378 ], [ -73.800559982557104, -13.215359981278084 ], [ -73.793339983253588, -13.193909981360491 ], [ -73.773929982982281, -13.185149981186612 ], [ -73.77192135798424, -13.17461160584088 ], [ -73.75269910827717, -13.171174105600471 ], [ -73.730359982826883, -13.183659980823393 ], [ -73.728259983111684, -13.198029980699005 ], [ -73.740089982766449, -13.211479981316018 ], [ -73.730863232652041, -13.242649230677387 ], [ -73.736367357867209, -13.257447481416079 ], [ -73.726829982817435, -13.260539981035265 ], [ -73.727639983298559, -13.268309981420487 ], [ -73.698099982628037, -13.265499981339019 ], [ -73.68697998333954, -13.282099980629539 ], [ -73.663349982715488, -13.281899981299034 ], [ -73.608081732685775, -13.331597355733322 ], [ -73.598909983309056, -13.327959981168135 ], [ -73.587790858161554, -13.33922435581934 ], [ -73.573629983037222, -13.338899981149154 ], [ -73.57130535785592, -13.36277998071148 ], [ -73.543439982968778, -13.364279980636525 ], [ -73.521589982591593, -13.387719980592578 ], [ -73.507109983039243, -13.384119980952335 ], [ -73.480909982609546, -13.431369980839918 ], [ -73.436084358006667, -13.42996073060317 ], [ -73.428921607745963, -13.437868106028247 ], [ -73.410460358059026, -13.435949105666623 ], [ -73.403978857738082, -13.444793731145751 ], [ -73.347163358302282, -13.434832231322389 ], [ -73.333225732681399, -13.443995981229477 ], [ -73.331793108165357, -13.45637798115888 ], [ -73.311670733317669, -13.446597105671856 ], [ -73.260507857851337, -13.467937105912654 ], [ -73.245433607874645, -13.465350231228115 ], [ -73.235317733126863, -13.47669373093089 ], [ -73.220637983356198, -13.465110105946565 ], [ -73.223707482814063, -13.450617105794777 ], [ -73.204821108307442, -13.41171985618638 ], [ -73.186801233290225, -13.416606855821669 ], [ -73.186124357652943, -13.441134230560237 ], [ -73.169778233378736, -13.452438356145194 ], [ -73.148647607900728, -13.435212730882768 ], [ -73.144110483212216, -13.419115731405839 ], [ -73.126092608287195, -13.440045355708548 ], [ -73.110664858196628, -13.434543480597085 ], [ -73.097288358271101, -13.44887610644713 ], [ -73.060444233014891, -13.43802035585469 ], [ -73.044051608394966, -13.411962480683883 ], [ -73.01512573316603, -13.426668855783021 ], [ -72.977064731651978, -13.388173230809912 ], [ -72.925960607096329, -13.383068356019749 ], [ -72.895499857132677, -13.38892423126822 ], [ -72.884072982182317, -13.41697898089518 ], [ -72.86578648156086, -13.415880855616933 ], [ -72.838273356729985, -13.427069981294551 ], [ -72.79831435672213, -13.421766606343738 ], [ -72.792745732129788, -13.456507730847079 ], [ -72.77094898240955, -13.449293730920886 ], [ -72.748466356636982, -13.481120355919643 ], [ -72.716290856737601, -13.490433356414201 ], [ -72.672067482028638, -13.522099606211839 ], [ -72.655868732356055, -13.513496981100729 ], [ -72.636875857434859, -13.542142480990663 ], [ -72.626552607117105, -13.535368605676581 ], [ -72.613426607052247, -13.546048481252342 ], [ -72.601430731942685, -13.544301605734461 ], [ -72.593390356679606, -13.562169105919452 ], [ -72.551410732019633, -13.554281481405212 ], [ -72.536160357014808, -13.572100606158017 ], [ -72.523166731759204, -13.566597480988889 ], [ -72.494838232098687, -13.579348730859181 ], [ -72.488959981717755, -13.59182123136469 ], [ -72.465884107365639, -13.587834480976483 ], [ -72.451286606891358, -13.599967856131627 ], [ -72.421397857225315, -13.60607973059507 ], [ -72.399829357239014, -13.633684731065443 ], [ -72.403039981909615, -13.658639980750479 ], [ -72.369439981969549, -13.66565998072349 ], [ -72.354639982049491, -13.681629980639059 ], [ -72.314999982363247, -13.698319981381985 ], [ -72.312339982004517, -13.708489980927823 ], [ -72.277417857248281, -13.684148480767703 ], [ -72.260766357381442, -13.682339230970683 ], [ -72.249408357010054, -13.693228106292054 ], [ -72.244382732277245, -13.687688731249921 ], [ -72.244775107385237, -13.698213230955787 ], [ -72.230926732282853, -13.70527710615346 ], [ -72.231875106950611, -13.721723231441956 ], [ -72.206366731939113, -13.728071981037033 ], [ -72.189401732004285, -13.745352856149339 ], [ -72.165909732348211, -13.747636481238544 ], [ -72.147551857032511, -13.779242480955702 ], [ -72.131734856978028, -13.786946480995255 ], [ -72.091236857295087, -13.885389106821776 ], [ -72.082089982266837, -13.888069982243849 ], [ -72.077829981868149, -13.906729982102945 ], [ -72.055731231710922, -13.930123731724791 ], [ -72.060169982258856, -13.965089981717256 ], [ -72.051199982293326, -14.026749982425713 ], [ -72.063079981555859, -14.04567998214543 ], [ -72.067899981698758, -14.076539981634824 ], [ -72.056689981857119, -14.129339982054489 ], [ -72.095189982032025, -14.173399982323303 ], [ -72.076480455608475, -14.207429842912859 ], [ -72.085362232081309, -14.208612982003444 ], [ -72.125928732225191, -14.254001982405498 ], [ -72.161167732205058, -14.263794731641497 ], [ -72.187106857295589, -14.313223607183659 ], [ -72.205577357409084, -14.320250356568636 ], [ -72.224838482110215, -14.349294606860553 ], [ -72.239515606759824, -14.348472356713842 ], [ -72.249505231980834, -14.402926231960009 ], [ -72.294802231737549, -14.410792357281423 ], [ -72.289855357039073, -14.423930482006085 ], [ -72.317199232158771, -14.44068948233371 ], [ -72.34088823190632, -14.42783835735429 ], [ -72.357625357124505, -14.435963857046318 ], [ -72.36548960735945, -14.461765107073973 ], [ -72.394947231929166, -14.483011606600314 ], [ -72.441312107367821, -14.482365732392566 ], [ -72.444440481842719, -14.49703448165593 ], [ -72.487601357016956, -14.529370356756488 ], [ -72.503010107130706, -14.551844982160162 ], [ -72.461699481845585, -14.605869607396414 ], [ -72.470405357221409, -14.659850482413788 ], [ -72.560775732214211, -14.678380981696876 ], [ -72.578765856758821, -14.687869107173526 ], [ -72.591926606627567, -14.713619231642156 ], [ -72.611015357372821, -14.676129357184038 ], [ -72.644821106908523, -14.667281107437134 ], [ -72.690643356605563, -14.688655856582443 ], [ -72.697631856924602, -14.679063856711593 ], [ -72.724418607432767, -14.676703481680306 ], [ -72.72543335656411, -14.643874107204226 ], [ -72.741195731797518, -14.644521732391979 ], [ -72.770408606771753, -14.664712856812855 ], [ -72.789695731772554, -14.650213232254828 ], [ -72.828247106618619, -14.70155623203442 ], [ -72.833549482422654, -14.736896482186864 ], [ -72.846359232292684, -14.759940106850422 ], [ -72.866879231591213, -14.70831260744086 ], [ -72.910356856983299, -14.697582482245707 ], [ -72.917807732041183, -14.685262106560913 ], [ -72.935725106828158, -14.695265732427572 ], [ -72.955306606914348, -14.682683607262618 ], [ -72.974557732053654, -14.651816856562618 ], [ -72.997808483174936, -14.662773607316069 ], [ -73.014666107654705, -14.630905857219489 ], [ -73.04264798341768, -14.623083857134247 ], [ -73.043312607590735, -14.657244231835762 ], [ -73.06312498343118, -14.665804731802893 ], [ -73.098056982743515, -14.650765856658893 ], [ -73.110054732939545, -14.669921106873517 ], [ -73.104640233260113, -14.682994857226845 ], [ -73.109856482790406, -14.692304856683734 ], [ -73.153237358217496, -14.674345106741214 ], [ -73.178426107878522, -14.685681607020513 ], [ -73.190411608408965, -14.705774732317991 ], [ -73.218274733192345, -14.701611606890083 ], [ -73.228532108170214, -14.710010356592647 ], [ -73.263621108427401, -14.709789107181507 ], [ -73.284238607725513, -14.73410110688053 ], [ -73.308570358335317, -14.716513732023088 ], [ -73.328330107648299, -14.717361357440666 ], [ -73.350806608138441, -14.704029356869285 ], [ -73.364368107602047, -14.681649232226221 ], [ -73.39040310761726, -14.716061606857636 ], [ -73.406806607738702, -14.768917857173335 ], [ -73.439922482836266, -14.786953607023293 ], [ -73.453817483290209, -14.804909356781366 ], [ -73.464484358266475, -14.839828107281278 ], [ -73.484559982756934, -14.842699981618807 ], [ -73.514499982987786, -14.82552998212293 ], [ -73.528569983417981, -14.801349982215868 ], [ -73.5495699832681, -14.801429982307809 ], [ -73.565280107890601, -14.775829981668267 ], [ -73.56289998284791, -14.739339981554849 ], [ -73.577139983023756, -14.714429982157924 ], [ -73.571098983231479, -14.687271606599325 ], [ -73.523081733035497, -14.673049357242007 ], [ -73.510060983327662, -14.650100731563441 ], [ -73.533589857885602, -14.584078232024751 ], [ -73.512283233284563, -14.565855481645144 ], [ -73.511740358430757, -14.538524857136395 ] ] ] } },
{ "type": "Feature", "properties": { "departamento": "AREQUIPA" }, "geometry": { "type": "Polygon", "coordinates": [ [ [ -72.729675232026295, -16.646310858559218 ], [ -72.774208106618801, -16.627332734318202 ], [ -72.848701482387469, -16.564599983602307 ], [ -72.92008973205543, -16.518485983940934 ], [ -72.986846982202451, -16.517435109042992 ], [ -73.004127483196726, -16.507032358656375 ], [ -73.011695858277221, -16.512359608808879 ], [ -73.048774732667766, -16.499944734162113 ], [ -73.055488607912878, -16.487121608675238 ], [ -73.103393608328304, -16.454816859110736 ], [ -73.12961573297963, -16.451028858894688 ], [ -73.14858248259543, -16.438812234397062 ], [ -73.159156857802714, -16.419925733985394 ], [ -73.189346357848081, -16.415397608812555 ], [ -73.208442733045672, -16.400392484325664 ], [ -73.23500823324332, -16.415277483668888 ], [ -73.243576107651222, -16.406793608638054 ], [ -73.26039123286904, -16.409278859032099 ], [ -73.260360733261166, -16.401985109025532 ], [ -73.272209107864001, -16.398200983988147 ], [ -73.291511482668739, -16.405775109333774 ], [ -73.305931108034144, -16.375270859162754 ], [ -73.302604733421674, -16.349431984198645 ], [ -73.371658358346508, -16.312047984227036 ], [ -73.460441607993801, -16.27874373443575 ], [ -73.484420857636451, -16.283004733981215 ], [ -73.559333857971126, -16.244493484186876 ], [ -73.567405732888233, -16.249540359000321 ], [ -73.61992648302072, -16.23008535935179 ], [ -73.649169982608555, -16.234289108955181 ], [ -73.676208483034998, -16.223558483737008 ], [ -73.70032498271172, -16.241554234440343 ], [ -73.699706982990847, -16.219940234154421 ], [ -73.727882357784551, -16.195247608989916 ], [ -73.83481598307111, -16.15456385883499 ], [ -73.870117233223709, -16.134908733950851 ], [ -73.887336733203654, -16.110494609038938 ], [ -73.953025857657167, -16.075109608621517 ], [ -73.959114107829748, -16.06081585866491 ], [ -73.979408233403205, -16.052959483793074 ], [ -73.989623983260174, -16.039115858909724 ], [ -74.017822233209472, -16.036874733981733 ], [ -74.033172608329153, -16.017574359269247 ], [ -74.025596607897114, -15.992517484394341 ], [ -74.054450983426079, -15.954523108254818 ], [ -74.175033608614115, -15.896978357565104 ], [ -74.241599983952085, -15.878699358188783 ], [ -74.251823484166437, -15.855140733158237 ], [ -74.279006984085015, -15.838818608192184 ], [ -74.291778608995571, -15.837009483400891 ], [ -74.304397609062391, -15.84649560788597 ], [ -74.313217109282107, -15.839898107611532 ], [ -74.326736483601792, -15.849730482775499 ], [ -74.326797483716859, -15.842042982597548 ], [ -74.395477234386817, -15.829357108044064 ], [ -74.439117484184521, -15.794912357818987 ], [ -74.462737984370449, -15.755429233172549 ], [ -74.462867734058648, -15.726044608371922 ], [ -74.472457858843086, -15.719484358016643 ], [ -74.680297859358689, -15.645125358048801 ], [ -74.72850798355654, -15.611685858315639 ], [ -74.803329359162547, -15.576839482556011 ], [ -74.83949285860848, -15.565086357849111 ], [ -74.853408859131491, -15.573210733388578 ], [ -74.847755484228173, -15.554538732976084 ], [ -74.887550358861915, -15.52412698257416 ], [ -74.973625233617611, -15.490573857997106 ], [ -74.984542859365433, -15.470192857914014 ], [ -75.000511109200318, -15.462119107910439 ], [ -75.032134983842411, -15.461023357741738 ], [ -75.066200233653831, -15.449222607637182 ], [ -75.073326109012669, -15.442941607569082 ], [ -75.047866858568625, -15.433029233212494 ], [ -75.028915358756763, -15.404279733023202 ], [ -75.016952484269723, -15.377234483184793 ], [ -75.017562983644723, -15.353812233148005 ], [ -75.003879733962492, -15.330230357944629 ], [ -74.968200734376353, -15.299422233149471 ], [ -74.963638359422703, -15.253898607834458 ], [ -74.945899858891323, -15.231486357609242 ], [ -74.938629109046133, -15.20407773310086 ], [ -74.877349858808884, -15.153679857839109 ], [ -74.85520935942435, -15.153830482590649 ], [ -74.815919983820152, -15.139499982737959 ], [ -74.762294484003178, -15.098059982781933 ], [ -74.739486734425213, -15.123146108106369 ], [ -74.721435608866216, -15.124651858296602 ], [ -74.713709983728734, -15.138529982972273 ], [ -74.679008484254098, -15.132204107633413 ], [ -74.652038609294323, -15.139133482923853 ], [ -74.62874598393995, -15.124123608217872 ], [ -74.604569984217335, -15.148839982679021 ], [ -74.552520734244467, -15.139941233301215 ], [ -74.513779983759207, -15.148349982565605 ], [ -74.50335998437572, -15.161679983044735 ], [ -74.465759234301174, -15.173476232941766 ], [ -74.418327359120269, -15.16903498317788 ], [ -74.398719733728683, -15.181463233441434 ], [ -74.389923108664505, -15.20366948316007 ], [ -74.400828108830126, -15.220859357673191 ], [ -74.38773773360947, -15.249455482984104 ], [ -74.415306109189544, -15.29926698318468 ], [ -74.37784998358984, -15.331879982575117 ], [ -74.345817608995446, -15.33634760765591 ], [ -74.333648734001827, -15.35326285799448 ], [ -74.308700608746051, -15.359717357969657 ], [ -74.328971484146621, -15.393821357769411 ], [ -74.318264734130139, -15.439284983015511 ], [ -74.301966484365721, -15.452056732931851 ], [ -74.311148234203586, -15.463907232632607 ], [ -74.301208358578833, -15.478084607618484 ], [ -74.264604483610015, -15.474836233005703 ], [ -74.193740858853516, -15.491660107727739 ], [ -74.16647335865855, -15.483957232740067 ], [ -74.148437483802809, -15.449382732826791 ], [ -74.153922984058454, -15.446191733161925 ], [ -74.151260358578668, -15.42875098287152 ], [ -74.138336233830103, -15.426009233239483 ], [ -74.132774233643943, -15.41504198290113 ], [ -74.115005484415519, -15.411566732718484 ], [ -74.08882135881862, -15.390773733421042 ], [ -74.058776858265333, -15.409254983130893 ], [ -74.037292482661883, -15.456077608095086 ], [ -74.043418857793995, -15.491040357926124 ], [ -74.073440609096792, -15.501918732763272 ], [ -74.079185483723052, -15.515720358407748 ], [ -74.06728360935108, -15.539294233242231 ], [ -74.076545734298179, -15.552215607863957 ], [ -74.084739733551828, -15.618906982671092 ], [ -74.063415484037307, -15.629616732825923 ], [ -74.019660982568269, -15.599853482652065 ], [ -74.01027673328457, -15.559402483337863 ], [ -73.969215357802454, -15.532937983301224 ], [ -73.940299983057741, -15.483388857609668 ], [ -73.91251373322217, -15.456251108002164 ], [ -73.872123733123772, -15.4329757334433 ], [ -73.869705233109983, -15.400246608194379 ], [ -73.877075358041282, -15.389162982885296 ], [ -73.870819108215244, -15.379905733163014 ], [ -73.884079108164258, -15.337456733441456 ], [ -73.865112357649139, -15.323971733009046 ], [ -73.805930982928487, -15.324446733330035 ], [ -73.793060357949116, -15.339756983398047 ], [ -73.776336608347776, -15.338743233413425 ], [ -73.779319733318971, -15.346400358090023 ], [ -73.758865358449498, -15.385265358009804 ], [ -73.685829108326629, -15.437656357554829 ], [ -73.653037982916544, -15.416530608200958 ], [ -73.612861607776949, -15.419228607614116 ], [ -73.594108608125737, -15.403695108042768 ], [ -73.555931108433867, -15.408222233169454 ], [ -73.529571482837639, -15.392054608133606 ], [ -73.478111233046945, -15.37962060760492 ], [ -73.441673232633548, -15.355775857869503 ], [ -73.427131607937326, -15.36320785795624 ], [ -73.430351233022975, -15.379127483246691 ], [ -73.416854982971074, -15.375821107757872 ], [ -73.391235358225174, -15.399143107668237 ], [ -73.365966857584397, -15.387431108059161 ], [ -73.336280858274961, -15.405148482616312 ], [ -73.274799107692616, -15.392956483354965 ], [ -73.293799982982762, -15.35940998318415 ], [ -73.28981998290584, -15.334359982726994 ], [ -73.277729982952337, -15.318179983019775 ], [ -73.28492110772288, -15.294938108207077 ], [ -73.24593348344348, -15.286091857653048 ], [ -73.221565232949104, -15.297965108402991 ], [ -73.206832857550296, -15.293938607980351 ], [ -73.172134358214009, -15.306076108325669 ], [ -73.152954107745813, -15.283064858356454 ], [ -73.149940483166745, -15.259839108388121 ], [ -73.120582607801055, -15.230816858211369 ], [ -73.111671482852614, -15.186534857597564 ], [ -73.100784357611985, -15.187635482991084 ], [ -73.061912483274455, -15.145384733418666 ], [ -73.046768232767704, -15.140701233275252 ], [ -73.0475616083815, -15.134347857567548 ], [ -73.021837983336241, -15.131798857830972 ], [ -73.024528483302845, -15.091757732633198 ], [ -73.004241983080988, -15.064126982773985 ], [ -73.005111732720252, -15.007749607858045 ], [ -72.982742356774281, -14.982355107702006 ], [ -72.986656232399184, -14.956103357583856 ], [ -73.03185273291723, -14.897123358156421 ], [ -73.003822357615661, -14.839584356832574 ], [ -73.002784733328724, -14.814986232428623 ], [ -72.992324858005759, -14.803740481837735 ], [ -72.979316732081486, -14.806133231563365 ], [ -72.929923982305922, -14.75816635689182 ], [ -72.909079981555863, -14.770069982243854 ], [ -72.885339982154392, -14.772229982028023 ], [ -72.872399981673766, -14.761469982253857 ], [ -72.8425674819037, -14.757659856916803 ], [ -72.828247106618619, -14.70155623203442 ], [ -72.797889731925522, -14.658967982186596 ], [ -72.789695731772554, -14.650213232254828 ], [ -72.765937857446147, -14.664218857414312 ], [ -72.740829481994979, -14.64437585696021 ], [ -72.725097607268708, -14.644025857007648 ], [ -72.724418607432767, -14.676703481680306 ], [ -72.697631856924602, -14.679063856711593 ], [ -72.690643356605563, -14.688655856582443 ], [ -72.644821106908523, -14.667281107437134 ], [ -72.611015357372821, -14.676129357184038 ], [ -72.599311982262122, -14.690110982136048 ], [ -72.602157607187792, -14.702789357242978 ], [ -72.594375607148493, -14.713675482437509 ], [ -72.570312482235238, -14.682736356997225 ], [ -72.525390606791007, -14.667128731705532 ], [ -72.483978232209608, -14.66530223201238 ], [ -72.477096607322551, -14.658203106987742 ], [ -72.460128732255157, -14.67575648207594 ], [ -72.471939106904244, -14.705789607104634 ], [ -72.487228356903131, -14.713945232286619 ], [ -72.486663731945612, -14.741969107288412 ], [ -72.468643231899591, -14.762527481557981 ], [ -72.469184856695733, -14.786989231867494 ], [ -72.459678607181957, -14.782628107201333 ], [ -72.434570356736515, -14.790140107380012 ], [ -72.419609106574967, -14.806316356914294 ], [ -72.416717482225977, -14.822833981902704 ], [ -72.315444857194393, -14.833863232402223 ], [ -72.252639731738213, -14.803659481699697 ], [ -72.241577107397575, -14.812494231723349 ], [ -72.220634481595994, -14.799972606650442 ], [ -72.212196356876348, -14.803241732220101 ], [ -72.189323481993085, -14.778236357022195 ], [ -72.159667982291523, -14.786341606679741 ], [ -72.145744357316175, -14.77741810705993 ], [ -72.131683357301085, -14.789396232250283 ], [ -72.1386032321534, -14.812244356891483 ], [ -72.131172107107034, -14.82831285685279 ], [ -72.090249981751242, -14.856799981633799 ], [ -72.076619981826639, -14.883699981968562 ], [ -72.063089982017004, -14.887879982275308 ], [ -72.046389981712252, -14.887109981840126 ], [ -72.04031998238122, -14.839219982116447 ], [ -72.025219982116425, -14.829119982201348 ], [ -72.040579981780695, -14.810009982274835 ], [ -72.034479981965546, -14.800929981733248 ], [ -72.036979982140451, -14.767529982023007 ], [ -72.047789982421705, -14.738769982248812 ], [ -72.040639981849665, -14.688509982049993 ], [ -72.024439982119418, -14.673459982292286 ], [ -72.010549981896133, -14.643009981925104 ], [ -71.988647481795795, -14.632744731584069 ], [ -71.973564107297648, -14.657990482075036 ], [ -71.929275357271877, -14.689303356764469 ], [ -71.952179981820677, -14.703799982083467 ], [ -71.946019981936558, -14.711059982332245 ], [ -71.958969981979067, -14.732589982341779 ], [ -71.932809981595312, -14.756459982342278 ], [ -71.923999981813665, -14.789799981983549 ], [ -71.898429980758976, -14.788129982312796 ], [ -71.876106231017729, -14.801252357210444 ], [ -71.869094856442416, -14.835970856569702 ], [ -71.854972856312202, -14.854579981780716 ], [ -71.863418731389288, -14.873355856587466 ], [ -71.859603855833257, -14.883615481669096 ], [ -71.827262856395691, -14.888825356804716 ], [ -71.826301606134166, -14.906635232929602 ], [ -71.793007855927783, -14.896167983165867 ], [ -71.785156231275039, -14.912559482733911 ], [ -71.745959981368003, -14.939869983113169 ], [ -71.770240731424565, -14.98217673257011 ], [ -71.76599885596238, -15.009585357977869 ], [ -71.849319481408884, -15.045089732605049 ], [ -71.836585980558539, -15.075693107850611 ], [ -71.815475481008605, -15.078221358428891 ], [ -71.801483105560806, -15.067335108228633 ], [ -71.786300605988117, -15.069550482868465 ], [ -71.772537356214002, -15.082439482795849 ], [ -71.673706106351688, -15.089055108006789 ], [ -71.63602448114483, -15.139139233189042 ], [ -71.614562980696974, -15.145854982621302 ], [ -71.588333105688264, -15.127825733071063 ], [ -71.572343730778528, -15.061931608157124 ], [ -71.513442981408446, -15.079844482736632 ], [ -71.485870355632358, -15.059104858202602 ], [ -71.484603855683361, -15.039325732996133 ], [ -71.503669856278805, -15.027326607736711 ], [ -71.510169980660066, -15.004634858112183 ], [ -71.505226106099883, -14.975560233218118 ], [ -71.465044480718177, -14.984069357614715 ], [ -71.447501981131495, -14.979785857930949 ], [ -71.443038981263953, -14.995569233233482 ], [ -71.426727355882747, -15.002123858329355 ], [ -71.43042760564947, -15.007965107903374 ], [ -71.421470606283435, -15.012394858036203 ], [ -71.417365855849539, -15.033725732856226 ], [ -71.396865855674662, -15.04524035825591 ], [ -71.371704106359402, -15.080225983242485 ], [ -71.361846980953374, -15.079142607745098 ], [ -71.353713980915472, -15.092702858050416 ], [ -71.329940855885752, -15.099460607620927 ], [ -71.319129980564128, -15.119736733263608 ], [ -71.260588480673789, -15.078270232984835 ], [ -71.265541105637453, -15.062999732951255 ], [ -71.2436372313731, -15.056817107923166 ], [ -71.226531981265907, -15.069554358047128 ], [ -71.215965981444867, -15.049264482669685 ], [ -71.207099855873594, -15.050763108430658 ], [ -71.207275355872923, -15.070551858181659 ], [ -71.196678106409422, -15.08886810837646 ], [ -71.165611231373191, -15.096799858126928 ], [ -71.161651606336534, -15.109302483222962 ], [ -71.143257106130477, -15.121558232726215 ], [ -71.149040230722051, -15.1377219825834 ], [ -71.184906105832056, -15.169772107996323 ], [ -71.176757855990218, -15.172599732991216 ], [ -71.160328605580617, -15.207768233317267 ], [ -71.202079731394463, -15.245132483277416 ], [ -71.194618230846629, -15.270928358057233 ], [ -71.164237980997996, -15.290927857634472 ], [ -71.166239980690534, -15.320869982963302 ], [ -71.150527980981508, -15.355904608410924 ], [ -71.169494605591524, -15.38228410812502 ], [ -71.174331605619045, -15.424456607686238 ], [ -71.150255981028636, -15.440592733068115 ], [ -71.120094356369407, -15.42710298331599 ], [ -71.103836105751668, -15.453269983123164 ], [ -71.085426355741674, -15.458013483335549 ], [ -71.072273231224585, -15.451497108204933 ], [ -71.07545473135076, -15.438301107609959 ], [ -71.046302855592273, -15.420523607978055 ], [ -71.038970980626232, -15.40516573341182 ], [ -71.02712248101767, -15.432039233423836 ], [ -70.993957481352652, -15.454841607753963 ], [ -70.995452856064389, -15.472278732877157 ], [ -71.018363980912966, -15.500021983427757 ], [ -71.008033731171736, -15.519240357956107 ], [ -71.018356355561309, -15.529378982853757 ], [ -71.007194481140345, -15.542949732743921 ], [ -71.007055606031372, -15.564133607979556 ], [ -70.982368481120488, -15.598043482820458 ], [ -70.939163230698512, -15.618023858314359 ], [ -70.923996105935487, -15.632996608106907 ], [ -70.91634373057866, -15.652198732785223 ], [ -70.91756435611012, -15.687380732834526 ], [ -70.899665856294178, -15.71340560828213 ], [ -70.904749981026782, -15.737339982654021 ], [ -70.922629980888871, -15.746189983380987 ], [ -70.933219980917329, -15.770669982733466 ], [ -70.942268355899841, -15.774924232867022 ], [ -70.890068106158139, -15.85193823296305 ], [ -70.892913856089535, -15.888401982765231 ], [ -70.865783605928641, -15.889386108182293 ], [ -70.843276980847975, -15.923255857971412 ], [ -70.832199229910486, -15.949095732981618 ], [ -70.842460605972121, -15.969344109143265 ], [ -70.820198104558813, -15.978467984010194 ], [ -70.828605604664858, -15.99920560935135 ], [ -70.816558854907214, -16.002756109406903 ], [ -70.820945729861478, -16.02975085871509 ], [ -70.804084730226066, -16.053827234239407 ], [ -70.856735230946128, -16.056337358981864 ], [ -70.866805981310961, -16.080081983596642 ], [ -70.878105105765997, -16.081443734340837 ], [ -70.875060980679677, -16.094577733875269 ], [ -70.89548498094706, -16.105224608828564 ], [ -70.867111230998489, -16.128484733583548 ], [ -70.867828355793961, -16.153865859022119 ], [ -70.878593480804454, -16.166616483863606 ], [ -70.860244730909585, -16.175571484036709 ], [ -70.853889481014676, -16.196687733851775 ], [ -70.866958606154697, -16.224584609292265 ], [ -70.844505355837441, -16.234723984224445 ], [ -70.867576605875627, -16.258640233659833 ], [ -70.876480106371787, -16.281553233594821 ], [ -70.886138855723573, -16.285272609243464 ], [ -70.903426981170185, -16.277610734347888 ], [ -70.917381230759133, -16.283174483715413 ], [ -70.939109855935044, -16.298932983770158 ], [ -70.9436111057679, -16.314405484125757 ], [ -70.986289981197615, -16.309949983704712 ], [ -70.969398606060793, -16.369607983821368 ], [ -70.975097606269458, -16.391029359217498 ], [ -70.963829106428079, -16.399740233924604 ], [ -70.975616480915846, -16.418321608755207 ], [ -70.953231856065258, -16.459947609194785 ], [ -70.956085231348311, -16.472520858950418 ], [ -70.979522731189036, -16.480573608884924 ], [ -70.993453980616664, -16.496553359250072 ], [ -71.012565605618192, -16.498578984132791 ], [ -71.01924135590383, -16.486890733820246 ], [ -71.037257855765404, -16.48568560900361 ], [ -71.047195481286394, -16.454402983910541 ], [ -71.072654855836902, -16.465755484028307 ], [ -71.081939730933811, -16.456857733797335 ], [ -71.108459480820329, -16.465705859437833 ], [ -71.124725355890405, -16.46107298393099 ], [ -71.13951873140428, -16.474973733750744 ], [ -71.197029106408081, -16.471658733763491 ], [ -71.219139106184741, -16.460565608915658 ], [ -71.242103605796729, -16.463064234027115 ], [ -71.249343856034102, -16.482358984379573 ], [ -71.237495481431267, -16.514591234198065 ], [ -71.249099730568048, -16.564100358944359 ], [ -71.262840231091729, -16.584911234066169 ], [ -71.26040648127406, -16.605201733573097 ], [ -71.279151855573616, -16.615821859091454 ], [ -71.283904981229853, -16.682239483865033 ], [ -71.296012856108405, -16.706266358905282 ], [ -71.285812356055374, -16.716354359166303 ], [ -71.289092981256033, -16.726457609231261 ], [ -71.327171355873361, -16.752445233860385 ], [ -71.346984855866367, -16.742242983726669 ], [ -71.353286730997809, -16.724952734081342 ], [ -71.369430480831966, -16.719676983605837 ], [ -71.425909980960796, -16.741319984329778 ], [ -71.444194855608089, -16.815699734355235 ], [ -71.435499980739507, -16.836149984034478 ], [ -71.440551980789223, -16.86288460893752 ], [ -71.422140980721622, -16.896395109246839 ], [ -71.424062356192735, -16.919297608697661 ], [ -71.455969981329531, -16.934189984280295 ], [ -71.46554560634462, -16.952888484116215 ], [ -71.45895385633537, -16.960912733635723 ], [ -71.405792231326359, -16.955835359214404 ], [ -71.390830981164811, -16.978069359313452 ], [ -71.39488210592441, -16.992849359210538 ], [ -71.385383605868697, -17.020948359079455 ], [ -71.365234355680911, -17.01411060941706 ], [ -71.357315105607597, -17.024354983795433 ], [ -71.339424106137528, -17.02175898369012 ], [ -71.31905360563934, -17.04145436043035 ], [ -71.324691855744504, -17.060308485248356 ], [ -71.302246105773122, -17.093851110240507 ], [ -71.325149481163578, -17.134660859910696 ], [ -71.355316106053408, -17.151273734794984 ], [ -71.408589730831352, -17.209682484858718 ], [ -71.423515356148755, -17.236616109945487 ], [ -71.440956106439103, -17.251716610233302 ], [ -71.46554998064704, -17.254502735113078 ], [ -71.490796856189945, -17.285007110289882 ], [ -71.515907230833989, -17.265943484803927 ], [ -71.528671231292265, -17.271131484830107 ], [ -71.537918106435427, -17.253957735161293 ], [ -71.564018230856618, -17.261568110379926 ], [ -71.69036860582645, -17.211988485080497 ], [ -71.804305981235984, -17.187263485221592 ], [ -71.849967980737688, -17.164909359978935 ], [ -71.930213982389319, -17.08068461010663 ], [ -72.016662357281916, -17.03313262507055 ], [ -72.023047271314454, -17.022392317751212 ], [ -72.04148860731334, -17.015876734024005 ], [ -72.073570232380291, -17.022363608693524 ], [ -72.091102732405147, -17.011894233831754 ], [ -72.112205481597641, -17.015758483966806 ], [ -72.103805481837469, -16.996259734099397 ], [ -72.122497482272934, -16.978174233753862 ], [ -72.119293231997005, -16.969924983750957 ], [ -72.143852232294648, -16.96578985871497 ], [ -72.145980857430573, -16.956531483940807 ], [ -72.165138231843912, -16.948177358598173 ], [ -72.164947482040645, -16.938108484219129 ], [ -72.184318482312051, -16.935749109233939 ], [ -72.184417732392376, -16.92478373398211 ], [ -72.195686357239538, -16.926803608599585 ], [ -72.211524982392007, -16.902446733629802 ], [ -72.227600106759496, -16.894329109300884 ], [ -72.232521107063405, -16.900550859334658 ], [ -72.276466357436391, -16.873100233788705 ], [ -72.288482606686898, -16.875133484023024 ], [ -72.287292481662632, -16.860589984240335 ], [ -72.29683685703526, -16.849033358702513 ], [ -72.288703856997358, -16.837026483985028 ], [ -72.312042231763542, -16.813777983866828 ], [ -72.310119607134141, -16.80761910903459 ], [ -72.326469481581285, -16.802850733574473 ], [ -72.329078732297603, -16.789230359093779 ], [ -72.35411073192472, -16.765956858722006 ], [ -72.374259982112449, -16.760751733805421 ], [ -72.373123106845867, -16.752489109085047 ], [ -72.400688232276082, -16.751111984430509 ], [ -72.405311607344743, -16.738941109344694 ], [ -72.416610731799778, -16.736162233899904 ], [ -72.447875981990933, -16.702382983787629 ], [ -72.593666106805358, -16.667327859193279 ], [ -72.729675232026295, -16.646310858559218 ] ], [ [ -71.14757535561813, -16.326156608740462 ], [ -71.136375481243419, -16.342317609370127 ], [ -71.14035798143567, -16.349779109018641 ], [ -71.176078856154277, -16.348726234028447 ], [ -71.196655231253885, -16.356203109385945 ], [ -71.203353855795797, -16.368944108783523 ], [ -71.196296730909353, -16.383132984299721 ], [ -71.171615731280951, -16.376926484069941 ], [ -71.153434731027971, -16.382579858973259 ], [ -71.137741106267015, -16.399003984146532 ], [ -71.092910606439318, -16.407546984205908 ], [ -71.08599085569341, -16.399223359370467 ], [ -71.095626855794706, -16.398549983894611 ], [ -71.087585481384792, -16.381103359232611 ], [ -71.101592980731425, -16.341422983583755 ], [ -71.122123731425006, -16.3270129836622 ], [ -71.14757535561813, -16.326156608740462 ] ] ] } },
{ "type": "Feature", "properties": { "departamento": "AYACUCHO" }, "geometry": { "type": "Polygon", "coordinates": [ [ [ -74.501877609364158, -15.16057673342948 ], [ -74.512669983832666, -15.148789983071197 ], [ -74.552520734244467, -15.139941233301215 ], [ -74.605669983682787, -15.148599983302518 ], [ -74.62874598393995, -15.124123608217872 ], [ -74.652038609294323, -15.139133482923853 ], [ -74.679008484254098, -15.132204107633413 ], [ -74.713709983728734, -15.138529982972273 ], [ -74.722313108862863, -15.124023483097233 ], [ -74.752578733821451, -15.113404232619189 ], [ -74.758579983579352, -15.093259982662005 ], [ -74.729609984013507, -15.085399982623073 ], [ -74.665299734295274, -15.049905857569229 ], [ -74.665693733578905, -14.997902357907435 ], [ -74.646303359212595, -14.977893482897855 ], [ -74.659385234041281, -14.970336108324716 ], [ -74.685328609327826, -14.93015448294301 ], [ -74.662392734237244, -14.900123107995 ], [ -74.681066233819593, -14.87308323160579 ], [ -74.675821733885869, -14.862072481959444 ], [ -74.680960859356162, -14.854278857283418 ], [ -74.693840358845421, -14.838155231578639 ], [ -74.720795109007042, -14.836728482333569 ], [ -74.732509733737174, -14.846660106678542 ], [ -74.730886734435217, -14.841451231589019 ], [ -74.733404358624227, -14.837915982236723 ], [ -74.7462399837882, -14.84354998214593 ], [ -74.754580234390289, -14.835289981647293 ], [ -74.751504233733385, -14.827554481953712 ], [ -74.714396858927842, -14.817800981829805 ], [ -74.747755484428012, -14.813104356980432 ], [ -74.76470210941477, -14.790456481681247 ], [ -74.755763484097486, -14.783091982009296 ], [ -74.752692483671126, -14.764041357122892 ], [ -74.738526609215626, -14.753734481660956 ], [ -74.734340358620614, -14.729790731856724 ], [ -74.715697108634629, -14.709776731610816 ], [ -74.750807358972395, -14.72938923222722 ], [ -74.777380358616597, -14.72938923222722 ], [ -74.80269998391708, -14.752149982335766 ], [ -74.825298358732255, -14.736444982050216 ], [ -74.831100484199965, -14.718298731601124 ], [ -74.845742109011098, -14.707979482367193 ], [ -74.837798233701506, -14.69579110737368 ], [ -74.848572859150067, -14.672183856899437 ], [ -74.788166233684706, -14.615563231557871 ], [ -74.859029234311663, -14.608379607133145 ], [ -74.883964858991021, -14.576222607187503 ], [ -74.875342983891528, -14.555267106691588 ], [ -74.884248733592131, -14.545480981861772 ], [ -74.90275823370547, -14.546673481995526 ], [ -74.913392108958647, -14.565616357309011 ], [ -74.946628359211388, -14.580835231760489 ], [ -74.958919733558844, -14.606451232238555 ], [ -74.978018733877434, -14.602371607063958 ], [ -74.996196984003575, -14.611899606681447 ], [ -75.010033234446155, -14.606156232124363 ], [ -75.031764608849585, -14.610657106939868 ], [ -75.055957859367652, -14.62688485705047 ], [ -75.06585823407022, -14.574483482027006 ], [ -75.080090108871389, -14.569009982324758 ], [ -75.080822484370117, -14.551430231919596 ], [ -75.067328859439272, -14.527937357223209 ], [ -75.086675358580919, -14.530205856614941 ], [ -75.09813773426896, -14.485097231551947 ], [ -75.068459359411861, -14.45835760731768 ], [ -75.070190984226485, -14.449158481678523 ], [ -75.052994109390625, -14.431150357203194 ], [ -75.088968609113977, -14.426408982088788 ], [ -75.105841734308569, -14.434044231655946 ], [ -75.121942608964218, -14.427275731589702 ], [ -75.119137609113352, -14.421131107414624 ], [ -75.139826109886997, -14.415908231679509 ], [ -75.105086858671541, -14.358777857112386 ], [ -75.107911609433188, -14.347015856996165 ], [ -75.093926859337046, -14.312424482204051 ], [ -75.08221123366144, -14.297281981777985 ], [ -75.04970360873449, -14.286538731876931 ], [ -75.032197859043947, -14.26567910720496 ], [ -75.039512109096506, -14.254167481943682 ], [ -75.066042983596788, -14.251610856855507 ], [ -75.07366810859628, -14.235612357424316 ], [ -75.088163358851887, -14.230900356865902 ], [ -75.090789983570858, -14.215179981770689 ], [ -75.064599983602307, -14.137979982090428 ], [ -75.036499983687236, -14.097929982382709 ], [ -75.02912998376172, -14.071949982205865 ], [ -74.975113233888578, -14.07428510697207 ], [ -74.943603484113453, -14.094921857157942 ], [ -74.933501984129236, -14.091880857215756 ], [ -74.924201234199586, -14.099474606667741 ], [ -74.907890608864477, -14.092154232231962 ], [ -74.896201234399427, -14.103904231794843 ], [ -74.878113233938564, -14.076253856929895 ], [ -74.860794858895588, -14.067193357287579 ], [ -74.852744109053333, -14.076205107379735 ], [ -74.841765609095546, -14.071304732127658 ], [ -74.825187484015146, -14.092279231701127 ], [ -74.771544859307767, -14.090318357106469 ], [ -74.758712859310947, -14.078595732007386 ], [ -74.783570483990616, -14.01921485707993 ], [ -74.778590983686911, -13.998345981981458 ], [ -74.785330734225965, -13.990267981781869 ], [ -74.767954734223565, -13.97855235700564 ], [ -74.78592310866452, -13.928788357196879 ], [ -74.777007859425112, -13.897503857017341 ], [ -74.785155234226636, -13.888310231631863 ], [ -74.76738673411046, -13.866587856744161 ], [ -74.7603637339991, -13.831487231850247 ], [ -74.778923858749067, -13.784605480958135 ], [ -74.762314484026206, -13.781904356400901 ], [ -74.766792983709195, -13.772488230647298 ], [ -74.753890609064342, -13.736976605685754 ], [ -74.775391233618507, -13.710538480966079 ], [ -74.781151358948023, -13.648183730594667 ], [ -74.771388234279527, -13.606498856037319 ], [ -74.799569984367224, -13.547469981154677 ], [ -74.831859984150924, -13.532189980683029 ], [ -74.862179983919077, -13.481789981222619 ], [ -74.902099983927087, -13.466439981120175 ], [ -74.904019984334752, -13.430469980705027 ], [ -74.892659983871113, -13.414459980743459 ], [ -74.897019984384713, -13.393859981352989 ], [ -74.869189984330262, -13.360099981229098 ], [ -74.848549983994531, -13.353359980678533 ], [ -74.80887998382417, -13.357419980847396 ], [ -74.770087858667694, -13.346328106057229 ], [ -74.75962223397886, -13.325071106046664 ], [ -74.739029234011923, -13.339572230673866 ], [ -74.734354609277773, -13.357403981008872 ], [ -74.718279984033984, -13.363789981422485 ], [ -74.633209983853646, -13.345099981079215 ], [ -74.666995609259914, -13.327435731273908 ], [ -74.68605648371971, -13.286370980636207 ], [ -74.663498108950535, -13.271484356218025 ], [ -74.644654233705864, -13.274136731225099 ], [ -74.600688734197661, -13.227385480955149 ], [ -74.595634734055693, -13.212845731345396 ], [ -74.585953108648994, -13.21075973137647 ], [ -74.572326983903167, -13.184734480911516 ], [ -74.557795983797575, -13.185558481138969 ], [ -74.542212858736377, -13.200501981381308 ], [ -74.525611359376683, -13.18959373106577 ], [ -74.517058733873455, -13.196691856044254 ], [ -74.494171859243863, -13.186595731307932 ], [ -74.458438858966133, -13.190038105873839 ], [ -74.420425733760567, -13.15953910594493 ], [ -74.396009983773695, -13.168829981318538 ], [ -74.388719983940064, -13.129659980823419 ], [ -74.410869983762723, -13.119699981069232 ], [ -74.411269984222372, -13.079389981062718 ], [ -74.379909984158417, -13.024489980927854 ], [ -74.345876359006752, -13.025844606343469 ], [ -74.310348859212468, -13.059605605614138 ], [ -74.280136859028801, -13.074185481174993 ], [ -74.271570037727031, -13.068630019959414 ], [ -74.271470820022273, -13.022736296642734 ], [ -74.297489733864097, -12.967938981099053 ], [ -74.295446484067952, -12.936881730607354 ], [ -74.304489983825647, -12.929379980901331 ], [ -74.326046234146361, -12.929864480761125 ], [ -74.330059983981016, -12.915419981047251 ], [ -74.319199984091938, -12.886519981112201 ], [ -74.332489983625806, -12.85799998071451 ], [ -74.32962998393657, -12.836149981236588 ], [ -74.294898483977818, -12.830152355746577 ], [ -74.2984141092237, -12.805744981145892 ], [ -74.295729983651768, -12.798949980756959 ], [ -74.286219983965054, -12.801349980816894 ], [ -74.284969983877602, -12.788309981120676 ], [ -74.294089983565868, -12.751179981171163 ], [ -74.313529984321292, -12.737099980279822 ], [ -74.328369984287292, -12.744239981290036 ], [ -74.349369984137411, -12.717139979826186 ], [ -74.34083998377821, -12.690159980298802 ], [ -74.327169983807664, -12.680199979645295 ], [ -74.342229984026517, -12.625339979556372 ], [ -74.324229984026488, -12.603859980053983 ], [ -74.363289983945549, -12.594269980275328 ], [ -74.366319984279812, -12.575829979769708 ], [ -74.386859983601312, -12.56680998019641 ], [ -74.384269983772697, -12.54484998014243 ], [ -74.400009983873645, -12.524559979759204 ], [ -74.398699983717222, -12.50268998025831 ], [ -74.415189984230324, -12.491749980277348 ], [ -74.401579984328748, -12.467479979817142 ], [ -74.409249983699738, -12.451919979923105 ], [ -74.453929983781677, -12.443909980161436 ], [ -74.506999984061963, -12.448239980190863 ], [ -74.52204998381967, -12.436129980214389 ], [ -74.520599984401713, -12.409649980362246 ], [ -74.534899983747209, -12.409999980314808 ], [ -74.549429983806647, -12.37384997969275 ], [ -74.564619983725208, -12.360909980111444 ], [ -74.575989983750731, -12.373169979810655 ], [ -74.581122858932758, -12.333318980286663 ], [ -74.555446859285098, -12.288089105028121 ], [ -74.507102359286421, -12.312464479951757 ], [ -74.49452918057716, -12.284788237886801 ], [ -74.474061064066802, -12.272055166013047 ], [ -74.441534211634519, -12.272134499707363 ], [ -74.416289983695776, -12.304769980350272 ], [ -74.384779983909084, -12.271529979924594 ], [ -74.393679984243818, -12.252469979605848 ], [ -74.376069984242349, -12.229189979833677 ], [ -74.387369983737699, -12.187979979692273 ], [ -74.378849983839643, -12.176009979876596 ], [ -74.349299983607295, -12.167879979977045 ], [ -74.344724733959254, -12.194768354775704 ], [ -74.333043108952268, -12.197586855249142 ], [ -74.329733734224419, -12.211238855288912 ], [ -74.336520984255969, -12.21493347979623 ], [ -74.321872984150843, -12.229777104929383 ], [ -74.291485108950553, -12.223049604955236 ], [ -74.284072108840689, -12.240642605072139 ], [ -74.269830358584159, -12.239347854719654 ], [ -74.25753885923092, -12.25644235523049 ], [ -74.24775623366321, -12.258043355316545 ], [ -74.245509859392484, -12.269479229782576 ], [ -74.232632109084534, -12.267505979617226 ], [ -74.218042608979204, -12.278080229818727 ], [ -74.218701608792173, -12.301735604814269 ], [ -74.190141609247803, -12.302420979944202 ], [ -74.184894234181513, -12.316153605104773 ], [ -74.166227734022641, -12.312397354554207 ], [ -74.147331859078008, -12.324382730078867 ], [ -74.131159983846146, -12.314605104741759 ], [ -74.12516710857517, -12.333859480030924 ], [ -74.104120609278652, -12.3132432298911 ], [ -74.097353609281583, -12.28370935540238 ], [ -74.059281608159665, -12.276550855337632 ], [ -74.039786732571599, -12.261408729928917 ], [ -74.021875483067049, -12.277363855057843 ], [ -73.999850482713555, -12.283576854688022 ], [ -73.987496608181857, -12.271664729843337 ], [ -73.980451607955331, -12.242588354868644 ], [ -73.97061523260686, -12.275564104799571 ], [ -73.970072482758837, -12.34781148041543 ], [ -73.947766607942583, -12.350661854660814 ], [ -73.928019483312482, -12.378752355037136 ], [ -73.885924982851634, -12.40614048039879 ], [ -73.854309962035074, -12.489056893860493 ], [ -73.853189983231118, -12.534363105372961 ], [ -73.844185857591242, -12.539458229713489 ], [ -73.833176483008231, -12.530666979897148 ], [ -73.824022982674478, -12.533477980024713 ], [ -73.804799857927037, -12.575980480414785 ], [ -73.800633233237079, -12.614583479943576 ], [ -73.764556983318073, -12.647839980230856 ], [ -73.743415858255219, -12.651528230343501 ], [ -73.725038482939624, -12.636729604587515 ], [ -73.71210448273564, -12.665964979699993 ], [ -73.698328233261293, -12.672134105004886 ], [ -73.693272358032857, -12.687719355164063 ], [ -73.682464857866876, -12.687812104944669 ], [ -73.656095357714548, -12.723469730343709 ], [ -73.65988810814963, -12.734395104650332 ], [ -73.625667233356069, -12.764992481417835 ], [ -73.626729107861991, -12.787694480615755 ], [ -73.615451357594054, -12.808016480675974 ], [ -73.590021732616833, -12.824168105873355 ], [ -73.591451107882278, -12.842844605594053 ], [ -73.581899108057371, -12.858679855590822 ], [ -73.523676482583539, -12.89947810563001 ], [ -73.533295357794486, -12.919329480571037 ], [ -73.52984610791151, -12.931963356323763 ], [ -73.520283482596597, -12.939215606215214 ], [ -73.496603608269879, -12.932529856367751 ], [ -73.510236358321265, -12.951541106237016 ], [ -73.508035857568757, -12.971897356078102 ], [ -73.530032483412356, -12.98526610564619 ], [ -73.519940357961104, -13.004688105571574 ], [ -73.504680983440608, -13.011122481417317 ], [ -73.487608608050778, -12.998910981256756 ], [ -73.476572608139293, -13.00110223068333 ], [ -73.47846485816666, -13.034270731409094 ], [ -73.492529108331667, -13.047020106192917 ], [ -73.490306733369039, -13.066475980881762 ], [ -73.478180982666174, -13.055917981429673 ], [ -73.461928233201377, -13.079983356446689 ], [ -73.448838107992231, -13.080279730724953 ], [ -73.455432608128319, -13.093394481170321 ], [ -73.443453982914946, -13.104829730607548 ], [ -73.455154107875728, -13.120741606439935 ], [ -73.438531857559155, -13.128748981080548 ], [ -73.4347994831096, -13.139967981337236 ], [ -73.424122982689482, -13.130441605895328 ], [ -73.414661608446409, -13.145089105977434 ], [ -73.402233358182912, -13.181712730957713 ], [ -73.41496998327807, -13.195513980685632 ], [ -73.409618982929658, -13.211918730864681 ], [ -73.40013760776435, -13.210041230618231 ], [ -73.382324733299754, -13.224873606131951 ], [ -73.382465482595933, -13.238438730762766 ], [ -73.370895358234179, -13.245948605843466 ], [ -73.364348357590586, -13.269428480839679 ], [ -73.346211732585346, -13.278436855776249 ], [ -73.352734858027247, -13.290692356167256 ], [ -73.341003483424004, -13.291928480614843 ], [ -73.348176608263827, -13.302320481405047 ], [ -73.311404357724882, -13.325889481014713 ], [ -73.312052232924145, -13.337785105997796 ], [ -73.30261860816222, -13.351935480637849 ], [ -73.289582732756855, -13.354993606369817 ], [ -73.28691335786516, -13.372564981388734 ], [ -73.260095482720317, -13.384225106303575 ], [ -73.249042982947287, -13.403637230773541 ], [ -73.210993857880226, -13.420785981088102 ], [ -73.209774983328771, -13.432538730777765 ], [ -73.223707482814063, -13.450617105794777 ], [ -73.220637983356198, -13.465110105946565 ], [ -73.235317733126863, -13.47669373093089 ], [ -73.245433607874645, -13.465350231228115 ], [ -73.260507857851337, -13.467937105912654 ], [ -73.311670733317669, -13.446597105671856 ], [ -73.331793108165357, -13.45637798115888 ], [ -73.333225732681399, -13.443995981229477 ], [ -73.347163358302282, -13.434832231322389 ], [ -73.403978857738082, -13.444793731145751 ], [ -73.410460358059026, -13.435949105666623 ], [ -73.428921607745963, -13.437868106028247 ], [ -73.436084358006667, -13.42996073060317 ], [ -73.480909982609546, -13.431369980839918 ], [ -73.507109983039243, -13.384119980952335 ], [ -73.521589982591593, -13.387719980592578 ], [ -73.543439982968778, -13.364279980636525 ], [ -73.57130535785592, -13.36277998071148 ], [ -73.573629983037222, -13.338899981149154 ], [ -73.587790858161554, -13.33922435581934 ], [ -73.598909983309056, -13.327959981168135 ], [ -73.608081732685775, -13.331597355733322 ], [ -73.663349982715488, -13.281899981299034 ], [ -73.68697998333954, -13.282099980629539 ], [ -73.698099982628037, -13.265499981339019 ], [ -73.727639983298559, -13.268309981420487 ], [ -73.726829982817435, -13.260539981035265 ], [ -73.736367357867209, -13.257447481416079 ], [ -73.730863232652041, -13.242649230677387 ], [ -73.740089982766449, -13.211479981316018 ], [ -73.728259983111684, -13.198029980699005 ], [ -73.729049982670517, -13.187429981108721 ], [ -73.75269910827717, -13.171174105600471 ], [ -73.77192135798424, -13.17461160584088 ], [ -73.773929982982281, -13.185149981186612 ], [ -73.793339983253588, -13.193909981360491 ], [ -73.800559982557104, -13.215359981278084 ], [ -73.808817857957763, -13.215100105985073 ], [ -73.812809982694489, -13.242239980690499 ], [ -73.824022982674478, -13.248392606133848 ], [ -73.823000108168401, -13.284598355729486 ], [ -73.805852357899937, -13.312997230937412 ], [ -73.832098357752955, -13.330156980859954 ], [ -73.828739982564116, -13.34726998132453 ], [ -73.847445982745853, -13.400918981325901 ], [ -73.827389983261071, -13.433739981315057 ], [ -73.838953858233936, -13.456376106072412 ], [ -73.822491608101188, -13.485845481183958 ], [ -73.803844982959561, -13.554915980987687 ], [ -73.806848857988371, -13.570262980951782 ], [ -73.795796108203774, -13.60432023129357 ], [ -73.80566048304479, -13.615053730745046 ], [ -73.791920857561479, -13.640959606100921 ], [ -73.744056358114392, -13.655340230567163 ], [ -73.728253732823475, -13.668428355684 ], [ -73.729084608367941, -13.68235035558439 ], [ -73.713489982776423, -13.691158106161652 ], [ -73.71514260844458, -13.704534481081396 ], [ -73.701928357907377, -13.705283605553916 ], [ -73.669667857685454, -13.73425985630729 ], [ -73.68647723263814, -13.738601105956207 ], [ -73.693339108413056, -13.749593105637246 ], [ -73.739987358429801, -13.756233606095975 ], [ -73.747887732632705, -13.763366105861053 ], [ -73.742439983218617, -13.791759980838378 ], [ -73.72199998311271, -13.826929982132924 ], [ -73.697779358130845, -13.847415981662152 ], [ -73.694785607669644, -13.884248107264284 ], [ -73.680039982559094, -13.915319981631797 ], [ -73.65596998322809, -13.930849981941094 ], [ -73.642760482909921, -13.978535982149822 ], [ -73.625889982836384, -13.994909981810167 ], [ -73.619399983022731, -14.017059981632826 ], [ -73.625779983159646, -14.049019982386255 ], [ -73.611069982893355, -14.089939981744692 ], [ -73.586619983125672, -14.110339981804657 ], [ -73.57727998318461, -14.147179981870636 ], [ -73.54405998278196, -14.208659982372239 ], [ -73.523363233426437, -14.228330107048748 ], [ -73.51224998265053, -14.268159982397208 ], [ -73.517190107937097, -14.309360107083251 ], [ -73.528009857768666, -14.322561982049763 ], [ -73.53552010786666, -14.357800857023904 ], [ -73.55350635813187, -14.377507356579201 ], [ -73.553856733101725, -14.401220482439271 ], [ -73.581825983282442, -14.416420481919658 ], [ -73.570641357812349, -14.456570106724996 ], [ -73.551404858347496, -14.465004482171082 ], [ -73.554560608185454, -14.480695356805199 ], [ -73.53505660807599, -14.491544982115158 ], [ -73.520751607600573, -14.533547731942235 ], [ -73.507011733005015, -14.544308606756772 ], [ -73.512283233284563, -14.565855481645144 ], [ -73.533589857885602, -14.584078232024751 ], [ -73.511789357992427, -14.638140232185947 ], [ -73.514216733415481, -14.65935823219661 ], [ -73.523081733035497, -14.673049357242007 ], [ -73.562118982804748, -14.680119481828569 ], [ -73.575489983375974, -14.695089982416732 ], [ -73.57121998341546, -14.707179982370235 ], [ -73.576899982747989, -14.715509981600349 ], [ -73.56289998284791, -14.739339981554849 ], [ -73.563429983007268, -14.779389982161888 ], [ -73.5495699832681, -14.801429982307809 ], [ -73.528189982981303, -14.801699982168373 ], [ -73.513439982669013, -14.826189981982054 ], [ -73.485029982847379, -14.842569981919098 ], [ -73.465072233396825, -14.840203106588035 ], [ -73.439922482836266, -14.786953607023293 ], [ -73.404548857943382, -14.76549623176561 ], [ -73.39040310761726, -14.716061606857636 ], [ -73.364368107602047, -14.681649232226221 ], [ -73.350806608138441, -14.704029356869285 ], [ -73.328330107648299, -14.717361357440666 ], [ -73.308570358335317, -14.716513732023088 ], [ -73.284238607725513, -14.73410110688053 ], [ -73.263621108427401, -14.709789107181507 ], [ -73.228532108170214, -14.710010356592647 ], [ -73.218274733192345, -14.701611606890083 ], [ -73.190411608408965, -14.705774732317991 ], [ -73.178426107878522, -14.685681607020513 ], [ -73.153237358217496, -14.674345106741214 ], [ -73.109856482790406, -14.692304856683734 ], [ -73.104640233260113, -14.682994857226845 ], [ -73.110054732939545, -14.669921106873517 ], [ -73.098056982743515, -14.650765856658893 ], [ -73.06312498343118, -14.665804731802893 ], [ -73.043312607590735, -14.657244231835762 ], [ -73.04264798341768, -14.623083857134247 ], [ -73.014666107654705, -14.630905857219489 ], [ -72.997808483174936, -14.662773607316069 ], [ -72.974557732053654, -14.651816856562618 ], [ -72.955306606914348, -14.682683607262618 ], [ -72.935725106828158, -14.695265732427572 ], [ -72.917807732041183, -14.685262106560913 ], [ -72.910356856983299, -14.697582482245707 ], [ -72.866879231591213, -14.70831260744086 ], [ -72.846824607169822, -14.759823856885419 ], [ -72.872399981673766, -14.761469982253857 ], [ -72.885339982154392, -14.772229982028023 ], [ -72.909079981555863, -14.770069982243854 ], [ -72.929923982305922, -14.75816635689182 ], [ -72.979316732081486, -14.806133231563365 ], [ -72.992324858005759, -14.803740481837735 ], [ -73.002784733328724, -14.814986232428623 ], [ -73.003822357615661, -14.839584356832574 ], [ -73.03185273291723, -14.897123358156421 ], [ -72.986656232399184, -14.956103357583856 ], [ -72.982742356774281, -14.982355107702006 ], [ -73.005111732720252, -15.007749607858045 ], [ -73.004241983080988, -15.064126982773985 ], [ -73.024528483302845, -15.091757732633198 ], [ -73.021837983336241, -15.131798857830972 ], [ -73.0475616083815, -15.134347857567548 ], [ -73.046768232767704, -15.140701233275252 ], [ -73.061912483274455, -15.145384733418666 ], [ -73.100784357611985, -15.187635482991084 ], [ -73.111671482852614, -15.186534857597564 ], [ -73.120582607801055, -15.230816858211369 ], [ -73.149940483166745, -15.259839108388121 ], [ -73.152954107745813, -15.283064858356454 ], [ -73.172134358214009, -15.306076108325669 ], [ -73.206832857550296, -15.293938607980351 ], [ -73.221565232949104, -15.297965108402991 ], [ -73.24593348344348, -15.286091857653048 ], [ -73.28492110772288, -15.294938108207077 ], [ -73.277729982952337, -15.318179983019775 ], [ -73.28981998290584, -15.334359982726994 ], [ -73.293799982982762, -15.35940998318415 ], [ -73.275932357792044, -15.393769233063608 ], [ -73.296302858290233, -15.392517107878177 ], [ -73.336280858274961, -15.405148482616312 ], [ -73.365966857584397, -15.387431108059161 ], [ -73.391235358225174, -15.399143107668237 ], [ -73.416854982971074, -15.375821107757872 ], [ -73.430351233022975, -15.379127483246691 ], [ -73.427131607937326, -15.36320785795624 ], [ -73.441673232633548, -15.355775857869503 ], [ -73.478111233046945, -15.37962060760492 ], [ -73.529571482837639, -15.392054608133606 ], [ -73.555931108433867, -15.408222233169454 ], [ -73.594108608125737, -15.403695108042768 ], [ -73.612861607776949, -15.419228607614116 ], [ -73.653037982916544, -15.416530608200958 ], [ -73.685829108326629, -15.437656357554829 ], [ -73.758865358449498, -15.385265358009804 ], [ -73.779319733318971, -15.346400358090023 ], [ -73.776336608347776, -15.338743233413425 ], [ -73.793060357949116, -15.339756983398047 ], [ -73.805930982928487, -15.324446733330035 ], [ -73.865112357649139, -15.323971733009046 ], [ -73.884079108164258, -15.337456733441456 ], [ -73.870819108215244, -15.379905733163014 ], [ -73.877075358041282, -15.389162982885296 ], [ -73.869705233109983, -15.400246608194379 ], [ -73.872123733123772, -15.4329757334433 ], [ -73.91251373322217, -15.456251108002164 ], [ -73.940299983057741, -15.483388857609668 ], [ -73.969215357802454, -15.532937983301224 ], [ -74.01027673328457, -15.559402483337863 ], [ -74.019660982568269, -15.599853482652065 ], [ -74.063415484037307, -15.629616732825923 ], [ -74.084739733551828, -15.618906982671092 ], [ -74.076545734298179, -15.552215607863957 ], [ -74.06728360935108, -15.539294233242231 ], [ -74.079185483723052, -15.515720358407748 ], [ -74.073440609096792, -15.501918732763272 ], [ -74.043418857793995, -15.491040357926124 ], [ -74.037292482661883, -15.456077608095086 ], [ -74.058776858265333, -15.409254983130893 ], [ -74.08882135881862, -15.390773733421042 ], [ -74.115005484415519, -15.411566732718484 ], [ -74.132774233643943, -15.41504198290113 ], [ -74.138336233830103, -15.426009233239483 ], [ -74.151260358578668, -15.42875098287152 ], [ -74.153922984058454, -15.446191733161925 ], [ -74.148437483802809, -15.449382732826791 ], [ -74.16647335865855, -15.483957232740067 ], [ -74.193740858853516, -15.491660107727739 ], [ -74.264604483610015, -15.474836233005703 ], [ -74.301208358578833, -15.478084607618484 ], [ -74.311148234203586, -15.463907232632607 ], [ -74.301966484365721, -15.452056732931851 ], [ -74.318264734130139, -15.439284983015511 ], [ -74.328971484146621, -15.393821357769411 ], [ -74.308700608746051, -15.359717357969657 ], [ -74.333648734001827, -15.35326285799448 ], [ -74.345817608995446, -15.33634760765591 ], [ -74.37784998358984, -15.331879982575117 ], [ -74.415306109189544, -15.29926698318468 ], [ -74.387878358799185, -15.251779608142328 ], [ -74.400828108830126, -15.220859357673191 ], [ -74.389648483590634, -15.205404233118827 ], [ -74.398719733728683, -15.181463233441434 ], [ -74.422988859148518, -15.167847608280454 ], [ -74.452178983972885, -15.176024857660991 ], [ -74.501877609364158, -15.16057673342948 ] ], [ [ -73.72352885757067, -15.262949857949536 ], [ -73.748512982687942, -15.260190233392507 ], [ -73.739206483392479, -15.308554983425722 ], [ -73.684903857926656, -15.334224982796684 ], [ -73.65956610768967, -15.318735233444215 ], [ -73.639165857618195, -15.289516983222143 ], [ -73.644178357645046, -15.278971233435641 ], [ -73.665858983305384, -15.270952108253141 ], [ -73.687310233280584, -15.276044608371933 ], [ -73.685613983298651, -15.26648223306853 ], [ -73.7014487332724, -15.247120858240976 ], [ -73.717073233442932, -15.251602108050804 ], [ -73.72352885757067, -15.262949857949536 ] ] ] } },
{ "type": "Feature", "properties": { "departamento": "CAJAMARCA" }, "geometry": { "type": "Polygon", "coordinates": [ [ [ -79.065305863374874, -7.473241975836459 ], [ -79.122761737664007, -7.441644475612009 ], [ -79.154492237726572, -7.439134850892628 ], [ -79.161769612877322, -7.418381225712949 ], [ -79.187790113123185, -7.396876475968554 ], [ -79.186498487914832, -7.377347225593951 ], [ -79.194442738241719, -7.373373724917428 ], [ -79.232480237772734, -7.390682726326702 ], [ -79.260874612773137, -7.378995101043017 ], [ -79.282902113241903, -7.348743474931382 ], [ -79.315797613069321, -7.359554100241496 ], [ -79.369279987581308, -7.324119975256622 ], [ -79.327529987718719, -7.308939974899886 ], [ -79.306849988236308, -7.283709975135196 ], [ -79.282629988283304, -7.275059974638054 ], [ -79.268919988266816, -7.278409975340026 ], [ -79.279321987719527, -7.247702474789321 ], [ -79.269025362730247, -7.228054725245329 ], [ -79.275552863373889, -7.215539224555528 ], [ -79.251803737652324, -7.198348600007819 ], [ -79.274548987945423, -7.182782974854376 ], [ -79.280956363445398, -7.157078974814794 ], [ -79.305301237861784, -7.147146225417941 ], [ -79.296189987677735, -7.129619974781974 ], [ -79.313704487771872, -7.120663100421723 ], [ -79.312916238293724, -7.090386224944268 ], [ -79.330488363347229, -7.075973349890148 ], [ -79.323022737609222, -7.026480349988105 ], [ -79.296652238310116, -7.00073822498905 ], [ -79.307292987980986, -6.968615599830002 ], [ -79.299229987573824, -6.940722349556722 ], [ -79.310141488039221, -6.925395974644459 ], [ -79.31100886256894, -6.901341725140469 ], [ -79.295641612570307, -6.883502350353126 ], [ -79.273075988366145, -6.876653850194998 ], [ -79.26274036337702, -6.859156224979756 ], [ -79.224793612635096, -6.858376099976965 ], [ -79.207089987812651, -6.821439974974794 ], [ -79.12084773843236, -6.776969974684562 ], [ -79.138747363300126, -6.739241725025522 ], [ -79.142726613342518, -6.699895350390079 ], [ -79.171046862622575, -6.701703100117925 ], [ -79.188429987953555, -6.716539974939849 ], [ -79.196447113043803, -6.695170475137274 ], [ -79.218449238241703, -6.692679350371691 ], [ -79.22906036334507, -6.671405974605989 ], [ -79.27187223771358, -6.680265599877487 ], [ -79.295589987887581, -6.676136225106632 ], [ -79.30402336328757, -6.651605350206694 ], [ -79.325889987632763, -6.640499974793954 ], [ -79.344750042580358, -6.646460014018373 ], [ -79.362496362716911, -6.634765224735304 ], [ -79.335736113430869, -6.602429474640473 ], [ -79.347926737628825, -6.573687724808622 ], [ -79.36065998756834, -6.568839975184687 ], [ -79.369613362666541, -6.520802849971517 ], [ -79.404426487792136, -6.541321225094407 ], [ -79.421943738013056, -6.533363475044268 ], [ -79.417135988435064, -6.505321350100189 ], [ -79.433889489408386, -6.481160225164217 ], [ -79.422695487606632, -6.46748885013028 ], [ -79.42288823840147, -6.451881974873174 ], [ -79.453155864351629, -6.399085599620662 ], [ -79.446671863915356, -6.376717724643242 ], [ -79.458570864054082, -6.372099099793559 ], [ -79.443163989026857, -6.359854724915579 ], [ -79.422657737664451, -6.310430099569373 ], [ -79.405620738006633, -6.312071974741798 ], [ -79.386180613144745, -6.298128348844159 ], [ -79.352772988082904, -6.303981724876678 ], [ -79.344821488320974, -6.28134522420271 ], [ -79.329034862868582, -6.26627022419143 ], [ -79.30048748800715, -6.267469723748718 ], [ -79.276995988374154, -6.241553598819507 ], [ -79.279048362691753, -6.229257724264528 ], [ -79.2491028631066, -6.224439349196587 ], [ -79.273952988339715, -6.164865849379396 ], [ -79.273383613163162, -6.147727723655464 ], [ -79.260202613259935, -6.142091098625258 ], [ -79.235093362768453, -6.093722724324209 ], [ -79.201334362690659, -6.100412349350393 ], [ -79.181916737967072, -6.089338723603191 ], [ -79.188935612888201, -6.05892397396218 ], [ -79.175599613031693, -6.041376974167974 ], [ -79.190003987693842, -6.024765599352861 ], [ -79.203959988262795, -6.02405997418839 ], [ -79.216237862886999, -6.051819973712782 ], [ -79.224938613026552, -6.054705848695903 ], [ -79.240874238155527, -6.028633723767314 ], [ -79.266012488185766, -6.02502272361977 ], [ -79.263300738138526, -6.003262723795615 ], [ -79.300404612782643, -5.985154349193806 ], [ -79.322141113321663, -5.999126098690454 ], [ -79.311087612603217, -6.03464872415924 ], [ -79.31700973820881, -6.04289647409297 ], [ -79.345418987995856, -6.00597297377368 ], [ -79.349017612572709, -5.979687848915034 ], [ -79.395917863418617, -5.977193098982298 ], [ -79.418016112653447, -6.00298709867559 ], [ -79.42050998844519, -5.972099973834702 ], [ -79.398359362694407, -5.949929723977505 ], [ -79.361890612661625, -5.932759723582308 ], [ -79.359581988218167, -5.919539098650432 ], [ -79.335437488149523, -5.893968724377089 ], [ -79.353641987687524, -5.871118973761611 ], [ -79.350512988183823, -5.855462223902464 ], [ -79.376449113136005, -5.823672598811356 ], [ -79.375995987924455, -5.800533224228843 ], [ -79.389640612624135, -5.793046849332598 ], [ -79.399245613094536, -5.771214723880348 ], [ -79.399259737846592, -5.702542973579341 ], [ -79.384463113082177, -5.680440599154281 ], [ -79.377857363326598, -5.647055224219173 ], [ -79.382757737679412, -5.635929598771895 ], [ -79.371120987943186, -5.602563723836738 ], [ -79.398622988160355, -5.533480474344344 ], [ -79.387261987650561, -5.52239284885087 ], [ -79.3305648632778, -5.535469599342491 ], [ -79.310658362593301, -5.52006272431521 ], [ -79.286806613434408, -5.525865223900894 ], [ -79.275960863303169, -5.51974022383223 ], [ -79.281027531295479, -5.486323389712595 ], [ -79.297615237753007, -5.459947348791047 ], [ -79.29451361271299, -5.440251848843729 ], [ -79.305522408132617, -5.425868985065563 ], [ -79.307857362926939, -5.365277349270229 ], [ -79.319738238129162, -5.36227347424142 ], [ -79.326052737943485, -5.34803709923267 ], [ -79.328072238442985, -5.315914099056386 ], [ -79.359048862914676, -5.288626973855685 ], [ -79.348189488054402, -5.233660099234157 ], [ -79.36904298834321, -5.212361348197589 ], [ -79.378408112644252, -5.189978473427743 ], [ -79.367484363412586, -5.174513723429527 ], [ -79.341857363326596, -5.163999973320074 ], [ -79.342070238250869, -5.143148973146538 ], [ -79.33035123831894, -5.124428473195451 ], [ -79.296026113214509, -5.111980222908926 ], [ -79.296192862810358, -5.101221848209661 ], [ -79.273258237777441, -5.072782847950009 ], [ -79.273008112934008, -5.058521722699311 ], [ -79.226248043012731, -5.047857387408442 ], [ -79.212952293213732, -5.001108887265275 ], [ -79.222181112668181, -4.982401848366578 ], [ -79.208326418029742, -4.964287762170443 ], [ -79.149409667921816, -4.964795887220362 ], [ -79.110711417597827, -4.979403512262252 ], [ -79.076160613021841, -4.971040847856784 ], [ -79.071400362936345, -4.990926472578622 ], [ -79.05649561268234, -4.98903747270117 ], [ -79.034359237588717, -5.013336722711529 ], [ -79.014505113420228, -5.015028723396824 ], [ -78.991614112701086, -4.965813097796172 ], [ -78.97239998836875, -4.894976598391281 ], [ -78.945595362935592, -4.89826022283097 ], [ -78.891657738114077, -4.887343723034348 ], [ -78.889533238168383, -4.873026347887617 ], [ -78.911862113145958, -4.851635222987113 ], [ -78.896896487782669, -4.832195348136736 ], [ -78.891685487595112, -4.808005847791605 ], [ -78.915423612809434, -4.78085609763076 ], [ -78.889629488110359, -4.76392609841065 ], [ -78.890489363193524, -4.717291973146018 ], [ -78.863221237969697, -4.690597098277408 ], [ -78.861829112623411, -4.674711097738907 ], [ -78.840989112957175, -4.65360497339077 ], [ -78.804759738171356, -4.63792572339338 ], [ -78.774335613098003, -4.642060723423583 ], [ -78.762062487793514, -4.629105098121727 ], [ -78.705955112738252, -4.623873097865101 ], [ -78.665028113056906, -4.655827723370692 ], [ -78.651722612808271, -4.646183597894662 ], [ -78.637872487625145, -4.656415222584428 ], [ -78.643631612908564, -4.68215697256619 ], [ -78.631710237637321, -4.698434598178096 ], [ -78.639999987709245, -4.705228472615886 ], [ -78.645026863398982, -4.734833472686546 ], [ -78.628268613105945, -4.739678973106095 ], [ -78.631131862945097, -4.757312598297744 ], [ -78.620698737956332, -4.767931972882195 ], [ -78.64193748802461, -4.802351597847917 ], [ -78.631876988132433, -4.836445223068552 ], [ -78.643800487602391, -4.858149598025477 ], [ -78.645104613387161, -4.907473598227909 ], [ -78.678327738034625, -4.968381598431961 ], [ -78.666219988161913, -4.979503847824276 ], [ -78.651434363005421, -4.978569097885497 ], [ -78.640528237787919, -5.034244472804119 ], [ -78.657714113015857, -5.067422973091709 ], [ -78.680618487553147, -5.072479973372026 ], [ -78.683410987726859, -5.087025723258478 ], [ -78.700624238317914, -5.104082722939268 ], [ -78.710894988013251, -5.156772222759798 ], [ -78.702988237617035, -5.207726597604335 ], [ -78.68408623828924, -5.239026724403743 ], [ -78.684244113375087, -5.267490223994571 ], [ -78.65442586336286, -5.274300724199009 ], [ -78.6415703631817, -5.303751974374052 ], [ -78.605240238246381, -5.309441349138922 ], [ -78.539871613284276, -5.365686474251333 ], [ -78.518580112582072, -5.398476598716002 ], [ -78.522770613373098, -5.416873849048841 ], [ -78.511280363198182, -5.443427348693149 ], [ -78.513960112669054, -5.453374723764455 ], [ -78.543436988126473, -5.471767348883986 ], [ -78.543077112718549, -5.481767098672606 ], [ -78.558249987746706, -5.496361348997027 ], [ -78.550234612737142, -5.533094723642535 ], [ -78.58299048832032, -5.55073859930684 ], [ -78.624770987790839, -5.639364723902816 ], [ -78.639033238093418, -5.645114848771186 ], [ -78.651081862937588, -5.675630099449506 ], [ -78.686330238349797, -5.698887974100671 ], [ -78.651421113293679, -5.726099599416955 ], [ -78.654829613096126, -5.736274849204904 ], [ -78.691755112608348, -5.750741849057022 ], [ -78.712289737581273, -5.828724973878423 ], [ -78.699147987689457, -5.840760849033927 ], [ -78.691136987881634, -5.874303724037588 ], [ -78.69593361284592, -5.888527349357616 ], [ -78.673150362599131, -5.916445348973639 ], [ -78.660288238011731, -5.955604473967242 ], [ -78.641517488441309, -5.96984759928722 ], [ -78.636404238264959, -5.98826372369183 ], [ -78.61121011335598, -6.016609974170933 ], [ -78.608860987944183, -6.053005599428843 ], [ -78.600461988230109, -6.065620224293866 ], [ -78.582859487675194, -6.078910473839244 ], [ -78.555828237583057, -6.071283848770577 ], [ -78.51022911328289, -6.077044099105819 ], [ -78.498612112658861, -6.089272474145332 ], [ -78.498443862993838, -6.102500849434591 ], [ -78.477282737908013, -6.114830348741577 ], [ -78.475841738005784, -6.132626974255402 ], [ -78.466654612920024, -6.134718723590197 ], [ -78.417789488194273, -6.190516348750464 ], [ -78.415417237615372, -6.212606474409199 ], [ -78.39993373765185, -6.22842159937727 ], [ -78.370089113221979, -6.23908397414607 ], [ -78.369343488011509, -6.27329322430279 ], [ -78.335386111879529, -6.318679474578062 ], [ -78.332642612166808, -6.352304724783153 ], [ -78.303248611933839, -6.37411184998183 ], [ -78.29126023717015, -6.372518350241648 ], [ -78.277090236625099, -6.399103849562948 ], [ -78.268287112160465, -6.391109349616727 ], [ -78.243451736708266, -6.401710475158268 ], [ -78.20998586165814, -6.458030225114726 ], [ -78.190029487270976, -6.457016100112867 ], [ -78.187134736878591, -6.469351599696495 ], [ -78.176725237080007, -6.474639849849154 ], [ -78.173839862119905, -6.493705475427305 ], [ -78.16436536227161, -6.4908008495795 ], [ -78.152181111569007, -6.499826350305796 ], [ -78.151862987187087, -6.510896850009601 ], [ -78.135734362151027, -6.527180099981592 ], [ -78.137633861613381, -6.563173599681818 ], [ -78.116670861670912, -6.577997599809351 ], [ -78.120739737249039, -6.597318849585179 ], [ -78.104108862434032, -6.623609599703229 ], [ -78.107154611695933, -6.643430475036325 ], [ -78.094590987384095, -6.657302725340458 ], [ -78.080219112422071, -6.655303974898459 ], [ -78.077863486710498, -6.668938225019019 ], [ -78.056757612373872, -6.675743474981346 ], [ -78.044669986630538, -6.69216184988943 ], [ -78.037747986680188, -6.746085724976183 ], [ -78.029491237230786, -6.767572224778291 ], [ -78.021424861667981, -6.770094475079929 ], [ -78.021044112096035, -6.818254849681523 ], [ -78.013691612078219, -6.821252850338738 ], [ -78.03094136165447, -6.847746099902565 ], [ -78.01399961189253, -6.851196349831639 ], [ -78.000793486730004, -6.867257725363686 ], [ -78.006527986777144, -6.875918849575214 ], [ -77.99965136212063, -6.907922599648202 ], [ -78.013640612424297, -6.931683850029629 ], [ -77.99939648705822, -6.940969850178419 ], [ -78.001649486634449, -6.969479475097671 ], [ -77.988491111875248, -6.975324349838843 ], [ -78.00055048721515, -6.989204349600982 ], [ -77.98529811211813, -7.000935100074742 ], [ -77.987195112364532, -7.012597850110637 ], [ -77.971122237201428, -7.025887349621428 ], [ -77.965921111570026, -7.050773974739116 ], [ -77.948365362271602, -7.066804724758185 ], [ -77.949287111610886, -7.0784247246213 ], [ -77.92974023722212, -7.10554672530111 ], [ -77.925612486626903, -7.154573100268294 ], [ -77.897868986964113, -7.166807224673619 ], [ -77.897780112362284, -7.18248709969987 ], [ -77.881068612426475, -7.19461597464749 ], [ -77.882009736759926, -7.22054960038372 ], [ -77.849239612318229, -7.235571474743722 ], [ -77.859427736800569, -7.25402347490342 ], [ -77.856810861631914, -7.282620975277723 ], [ -77.841488986927175, -7.288769599637249 ], [ -77.832827861816327, -7.304550974847587 ], [ -77.838371737065984, -7.341119349977987 ], [ -77.828925361716017, -7.344413349896115 ], [ -77.820797736925954, -7.368649349687701 ], [ -77.824995737163476, -7.378663851055819 ], [ -77.771630736769055, -7.418814100890017 ], [ -77.768012487186468, -7.440147350819529 ], [ -77.755421361606523, -7.441045975891029 ], [ -77.74130161158007, -7.467406725639819 ], [ -77.747319987127639, -7.480349976270361 ], [ -77.764866611904552, -7.479447726031708 ], [ -77.791866862365794, -7.500391225974226 ], [ -77.856859987098687, -7.523529976427199 ], [ -77.867939987240561, -7.583029975552904 ], [ -77.922419986892862, -7.599739976318801 ], [ -77.913137861922735, -7.625865851028152 ], [ -77.940503237134635, -7.640627350971442 ], [ -77.931952486717876, -7.652493101375455 ], [ -77.936584237172781, -7.657477225993148 ], [ -77.960138987024607, -7.655261226324512 ], [ -77.962802236633877, -7.674313601291601 ], [ -77.973846236914255, -7.667036851169712 ], [ -77.998642237349316, -7.679073976382881 ], [ -78.049569986865379, -7.67855997606199 ], [ -78.081221111864807, -7.696168851011635 ], [ -78.116053361973059, -7.65400735105834 ], [ -78.128384237242699, -7.653224225917256 ], [ -78.142303862033543, -7.664832476137803 ], [ -78.141003862338323, -7.682720851386136 ], [ -78.15886273712556, -7.69335072555549 ], [ -78.171345112187112, -7.7133938512452 ], [ -78.190287111560906, -7.717503851021888 ], [ -78.198087362441811, -7.729085850931256 ], [ -78.219350736846991, -7.724458100660797 ], [ -78.211262987097143, -7.742506601098739 ], [ -78.212786112189292, -7.756863726279903 ], [ -78.221820362419749, -7.763460975643454 ], [ -78.281156112064878, -7.747277600780592 ], [ -78.27620698726264, -7.719557976319493 ], [ -78.302802737056652, -7.696462726073889 ], [ -78.312351361725916, -7.702871475737993 ], [ -78.330138861818966, -7.699628226361483 ], [ -78.347964986894567, -7.685716476034486 ], [ -78.359462738314676, -7.668005350866224 ], [ -78.360236238011964, -7.644890100597593 ], [ -78.371863238197818, -7.644601600783176 ], [ -78.382819238017362, -7.630107100562213 ], [ -78.37689223808627, -7.624650725750371 ], [ -78.378165988369631, -7.594035100839164 ], [ -78.366150613260174, -7.590236226020977 ], [ -78.356792238371042, -7.574006100800887 ], [ -78.36082723828639, -7.529961351235329 ], [ -78.34900198705202, -7.511246100626977 ], [ -78.32574998677245, -7.509904350805073 ], [ -78.322221111814827, -7.503325601395318 ], [ -78.330651362070682, -7.496333975932203 ], [ -78.368169987854628, -7.500319976285823 ], [ -78.403084488158584, -7.483492601402361 ], [ -78.415629988433182, -7.485069976298348 ], [ -78.491389988257311, -7.554869975568863 ], [ -78.62456998841418, -7.548559975962064 ], [ -78.650242362894687, -7.527798601324321 ], [ -78.627317238299895, -7.478857350786086 ], [ -78.627794737836837, -7.452641851440262 ], [ -78.639108987989346, -7.43253710060668 ], [ -78.654935237571124, -7.426032851035188 ], [ -78.663993738020565, -7.403621350844617 ], [ -78.688639987845136, -7.414079976109974 ], [ -78.713329987888585, -7.409639976403753 ], [ -78.733719988386724, -7.420679975600365 ], [ -78.760119988146869, -7.401979975695269 ], [ -78.781287487627424, -7.423668725830964 ], [ -78.789914112945894, -7.395154350692678 ], [ -78.801408113293746, -7.403512101202466 ], [ -78.803689613284973, -7.419377850807109 ], [ -78.841619363242955, -7.437617351059885 ], [ -78.847756487971481, -7.452768851001622 ], [ -78.886685238133168, -7.484101600708243 ], [ -78.861058363052962, -7.497857226030135 ], [ -78.851087987820335, -7.522117226029138 ], [ -78.861497112601626, -7.531857850559334 ], [ -78.89590836308048, -7.537437350653136 ], [ -78.912773987929143, -7.551086600566123 ], [ -78.944343737773238, -7.598417975609038 ], [ -78.942189988277278, -7.627199976397719 ], [ -78.953539988279772, -7.649799976287852 ], [ -78.962391738188103, -7.658794850601851 ], [ -78.992148738073752, -7.660949351031661 ], [ -79.041232487988907, -7.599887475926209 ], [ -79.038604238194978, -7.562062476302174 ], [ -79.05984723755995, -7.546675476292137 ], [ -79.057005612818728, -7.527702101370835 ], [ -79.071642113292853, -7.504601475877337 ], [ -79.065305863374874, -7.473241975836459 ] ], [ [ -78.77133198808076, -6.30060547476279 ], [ -78.77048536270928, -6.301026475291565 ], [ -78.772660113173629, -6.299460974144608 ], [ -78.77133198808076, -6.30060547476279 ] ], [ [ -78.555108797932633, -6.192529976677008 ], [ -78.555108743074015, -6.192529974878369 ], [ -78.555108690913301, -6.192529905630579 ], [ -78.555108797932633, -6.192529976677008 ] ], [ [ -78.551757539079119, -6.187983767037167 ], [ -78.549248738138715, -6.187589973698266 ], [ -78.550208738342576, -6.187699974274324 ], [ -78.551757539079119, -6.187983767037167 ] ] ] } },
{ "type": "Feature", "properties": { "departamento": "CALLAO" }, "geometry": { "type": "Polygon", "coordinates": [ [ [ -77.104561064241693, -12.063733910391591 ], [ -77.111491847870468, -12.079513758553048 ], [ -77.145688848361601, -12.067513655730579 ], [ -77.163173860585175, -12.075361354842585 ], [ -77.170892483601222, -12.07221303520339 ], [ -77.148633968882507, -12.058554391871667 ], [ -77.155001323652129, -12.04932963195688 ], [ -77.147134592187626, -12.055450338662126 ], [ -77.146394515794213, -12.04403044065225 ], [ -77.145120130589532, -12.042979935375683 ], [ -77.142115338252211, -12.046688056008918 ], [ -77.141488193325415, -12.046610022734342 ], [ -77.140806548583328, -12.045654549717653 ], [ -77.142999832276416, -12.037407339377182 ], [ -77.155480107420999, -12.046159140431939 ], [ -77.138496789195415, -12.008395821709769 ], [ -77.133431539433957, -11.969104967620126 ], [ -77.146486360856841, -11.90166798019311 ], [ -77.169083985637371, -11.850687480043121 ], [ -77.18652536095658, -11.840148479668528 ], [ -77.185084569697096, -11.825743184999965 ], [ -77.126844320209159, -11.818483511205045 ], [ -77.107169096376651, -11.866533277288852 ], [ -77.094558090383543, -11.874944157047139 ], [ -77.089273969018393, -11.899177613555992 ], [ -77.104023604205906, -11.935710533814017 ], [ -77.095244111226691, -11.949659130264592 ], [ -77.12859179917217, -11.938066405939821 ], [ -77.109709762095804, -11.976155881788486 ], [ -77.118046519731081, -11.994862423362122 ], [ -77.103343651987927, -11.997585937440988 ], [ -77.089306543362227, -12.011723149603597 ], [ -77.096295317974523, -12.033643509340436 ], [ -77.083029348325738, -12.036319686704132 ], [ -77.077946774923703, -12.046621231884274 ], [ -77.087656307192788, -12.051730316400949 ], [ -77.087108888963996, -12.061518569926022 ], [ -77.104561064241693, -12.063733910391591 ] ] ] } },
{ "type": "Feature", "properties": { "departamento": "CUSCO" }, "geometry": { "type": "Polygon", "coordinates": [ [ [ -71.89417548061391, -14.789542106782733 ], [ -71.920199981943597, -14.791479982115447 ], [ -71.928989981702273, -14.784959981817678 ], [ -71.932809981595312, -14.756459982342278 ], [ -71.958969981979067, -14.732589982341779 ], [ -71.946019981936558, -14.711059982332245 ], [ -71.952179981820677, -14.703799982083467 ], [ -71.929275357271877, -14.689303356764469 ], [ -71.973564107297648, -14.657990482075036 ], [ -71.988647481795795, -14.632744731584069 ], [ -72.012679982095449, -14.64555998170772 ], [ -72.044419981696763, -14.702809982294809 ], [ -72.047789982421705, -14.738769982248812 ], [ -72.034499981988517, -14.79293998199455 ], [ -72.040519981711725, -14.810499982388251 ], [ -72.025219982116425, -14.829119982201348 ], [ -72.04031998238122, -14.839219982116447 ], [ -72.046839981779669, -14.887439981769717 ], [ -72.076619981826639, -14.883699981968562 ], [ -72.090249981751242, -14.856799981633799 ], [ -72.131172107107034, -14.82831285685279 ], [ -72.1386032321534, -14.812244356891483 ], [ -72.131683357301085, -14.789396232250283 ], [ -72.144699106778319, -14.777712857162555 ], [ -72.156089731855616, -14.778173481820659 ], [ -72.159667982291523, -14.786341606679741 ], [ -72.189323481993085, -14.778236357022195 ], [ -72.212196356876348, -14.803241732220101 ], [ -72.220634481595994, -14.799972606650442 ], [ -72.241577107397575, -14.812494231723349 ], [ -72.252639731738213, -14.803659481699697 ], [ -72.315444857194393, -14.833863232402223 ], [ -72.406478857213472, -14.827085481909421 ], [ -72.41776273186457, -14.821931856669778 ], [ -72.419609106574967, -14.806316356914294 ], [ -72.434570356736515, -14.790140107380012 ], [ -72.459678607181957, -14.782628107201333 ], [ -72.469184856695733, -14.786989231867494 ], [ -72.468643231899591, -14.762527481557981 ], [ -72.486846982302325, -14.74137110669119 ], [ -72.487228356903131, -14.713945232286619 ], [ -72.471939106904244, -14.705789607104634 ], [ -72.460128732255157, -14.67575648207594 ], [ -72.471771232256515, -14.661398856871699 ], [ -72.461699481845585, -14.605869607396414 ], [ -72.502904981779466, -14.552580981926724 ], [ -72.49163948207638, -14.533539981584852 ], [ -72.444440481842719, -14.49703448165593 ], [ -72.44049810670225, -14.481748106789667 ], [ -72.399275356872181, -14.484169981959042 ], [ -72.36548960735945, -14.461765107073973 ], [ -72.357625357124505, -14.435963857046318 ], [ -72.34088823190632, -14.42783835735429 ], [ -72.317199232158771, -14.44068948233371 ], [ -72.289855357039073, -14.423930482006085 ], [ -72.294802231737549, -14.410792357281423 ], [ -72.249505231980834, -14.402926231960009 ], [ -72.239515606759824, -14.348472356713842 ], [ -72.224838482110215, -14.349294606860553 ], [ -72.205577357409084, -14.320250356568636 ], [ -72.187106857295589, -14.313223607183659 ], [ -72.161167732205058, -14.263794731641497 ], [ -72.125928732225191, -14.254001982405498 ], [ -72.085362232081309, -14.208612982003444 ], [ -72.076480455608475, -14.207429842912859 ], [ -72.095189982032025, -14.173399982323303 ], [ -72.056689981857119, -14.129339982054489 ], [ -72.067899981698758, -14.076539981634824 ], [ -72.063079981555859, -14.04567998214543 ], [ -72.051199982293326, -14.026749982425713 ], [ -72.060169982258856, -13.965089981717256 ], [ -72.055546232172844, -13.930678732137721 ], [ -72.077829981868149, -13.906729982102945 ], [ -72.082089982266837, -13.888069982243849 ], [ -72.091236857295087, -13.885389106821776 ], [ -72.131734856978028, -13.786946480995255 ], [ -72.147551857032511, -13.779242480955702 ], [ -72.165909732348211, -13.747636481238544 ], [ -72.189401732004285, -13.745352856149339 ], [ -72.206366731939113, -13.728071981037033 ], [ -72.231875106950611, -13.721723231441956 ], [ -72.230926732282853, -13.70527710615346 ], [ -72.244775107385237, -13.698213230955787 ], [ -72.244762481803036, -13.687431856095259 ], [ -72.249408357010054, -13.693228106292054 ], [ -72.260766357381442, -13.682339230970683 ], [ -72.277417857248281, -13.684148480767703 ], [ -72.312339982004517, -13.708489980927823 ], [ -72.314999982363247, -13.698319981381985 ], [ -72.354639982049491, -13.681629980639059 ], [ -72.369439981969549, -13.66565998072349 ], [ -72.403039981909615, -13.658639980750479 ], [ -72.399829357239014, -13.633684731065443 ], [ -72.421397857225315, -13.60607973059507 ], [ -72.451286606891358, -13.599967856131627 ], [ -72.465884107365639, -13.587834480976483 ], [ -72.488959981717755, -13.59182123136469 ], [ -72.494838232098687, -13.579348730859181 ], [ -72.523166731759204, -13.566597480988889 ], [ -72.536160357014808, -13.572100606158017 ], [ -72.551410732019633, -13.554281481405212 ], [ -72.593390356679606, -13.562169105919452 ], [ -72.601430731942685, -13.544301605734461 ], [ -72.613426607052247, -13.546048481252342 ], [ -72.626552607117105, -13.535368605676581 ], [ -72.636875857434859, -13.542142480990663 ], [ -72.655868732356055, -13.513496981100729 ], [ -72.672067482028638, -13.522099606211839 ], [ -72.716290856737601, -13.490433356414201 ], [ -72.748466356636982, -13.481120355919643 ], [ -72.77094898240955, -13.449293730920886 ], [ -72.792745732129788, -13.456507730847079 ], [ -72.79831435672213, -13.421766606343738 ], [ -72.838273356729985, -13.427069981294551 ], [ -72.86578648156086, -13.415880855616933 ], [ -72.884072982182317, -13.41697898089518 ], [ -72.895499857132677, -13.38892423126822 ], [ -72.925960607096329, -13.383068356019749 ], [ -72.977064731651978, -13.388173230809912 ], [ -73.01512573316603, -13.426668855783021 ], [ -73.044051608394966, -13.411962480683883 ], [ -73.060444233014891, -13.43802035585469 ], [ -73.097288358271101, -13.44887610644713 ], [ -73.110664858196628, -13.434543480597085 ], [ -73.126092608287195, -13.440045355708548 ], [ -73.144110483212216, -13.419115731405839 ], [ -73.148647607900728, -13.435212730882768 ], [ -73.169778233378736, -13.452438356145194 ], [ -73.186124357652943, -13.441134230560237 ], [ -73.187107608029635, -13.416354230863021 ], [ -73.204821108307442, -13.41171985618638 ], [ -73.215563108150889, -13.418493480589632 ], [ -73.249042982947287, -13.403637230773541 ], [ -73.260095482720317, -13.384225106303575 ], [ -73.28691335786516, -13.372564981388734 ], [ -73.289582732756855, -13.354993606369817 ], [ -73.304173607925634, -13.350173231209624 ], [ -73.312674232829522, -13.324567856221563 ], [ -73.329662607942964, -13.3086166062713 ], [ -73.341583858208423, -13.311240230851922 ], [ -73.348812607915477, -13.300489980628072 ], [ -73.341100483400567, -13.291274106015123 ], [ -73.352734858027247, -13.290692356167256 ], [ -73.346211732585346, -13.278436855776249 ], [ -73.364348357590586, -13.269428480839679 ], [ -73.370895358234179, -13.245948605843466 ], [ -73.382465482595933, -13.238438730762766 ], [ -73.382324733299754, -13.224873606131951 ], [ -73.40013760776435, -13.210041230618231 ], [ -73.409618982929658, -13.211918730864681 ], [ -73.41496998327807, -13.195513980685632 ], [ -73.402233358182912, -13.181712730957713 ], [ -73.414661608446409, -13.145089105977434 ], [ -73.424122982689482, -13.130441605895328 ], [ -73.4347994831096, -13.139967981337236 ], [ -73.438531857559155, -13.128748981080548 ], [ -73.455154107875728, -13.120741606439935 ], [ -73.443453982914946, -13.104829730607548 ], [ -73.455432608128319, -13.093394481170321 ], [ -73.449257982569804, -13.079588231211858 ], [ -73.461928233201377, -13.079983356446689 ], [ -73.478180982666174, -13.055917981429673 ], [ -73.490133482574095, -13.067004355966219 ], [ -73.492529108331667, -13.047020106192917 ], [ -73.47846485816666, -13.034270731409094 ], [ -73.476572608139293, -13.00110223068333 ], [ -73.487608608050778, -12.998910981256756 ], [ -73.504680983440608, -13.011122481417317 ], [ -73.519940357961104, -13.004688105571574 ], [ -73.530032483412356, -12.98526610564619 ], [ -73.508035857568757, -12.971897356078102 ], [ -73.510236358321265, -12.951541106237016 ], [ -73.495931357845848, -12.933463606260375 ], [ -73.520283482596597, -12.939215606215214 ], [ -73.52984610791151, -12.931963356323763 ], [ -73.533295357794486, -12.919329480571037 ], [ -73.523676482583539, -12.89947810563001 ], [ -73.581899108057371, -12.858679855590822 ], [ -73.591451107882278, -12.842844605594053 ], [ -73.590021732616833, -12.824168105873355 ], [ -73.615451357594054, -12.808016480675974 ], [ -73.626729107861991, -12.787694480615755 ], [ -73.625667233356069, -12.764992481417835 ], [ -73.65988810814963, -12.734395104650332 ], [ -73.656095357714548, -12.723469730343709 ], [ -73.682464857866876, -12.687812104944669 ], [ -73.693272358032857, -12.687719355164063 ], [ -73.698328233261293, -12.672134105004886 ], [ -73.71210448273564, -12.665964979699993 ], [ -73.725038482939624, -12.636729604587515 ], [ -73.743415858255219, -12.651528230343501 ], [ -73.756587857743398, -12.651462355003616 ], [ -73.800063483043289, -12.615453104577057 ], [ -73.804799857927037, -12.575980480414785 ], [ -73.824022982674478, -12.533477980024713 ], [ -73.833176483008231, -12.530666979897148 ], [ -73.844185857591242, -12.539458229713489 ], [ -73.854441858404982, -12.532166979822193 ], [ -73.854309962035074, -12.489056893860493 ], [ -73.885924982851634, -12.40614048039879 ], [ -73.928019483312482, -12.378752355037136 ], [ -73.947766607942583, -12.350661854660814 ], [ -73.970072482758837, -12.34781148041543 ], [ -73.97061523260686, -12.275564104799571 ], [ -73.980451607955331, -12.242588354868644 ], [ -73.949049982770475, -12.234729979904614 ], [ -73.937407357763334, -12.222711729662535 ], [ -73.923836857884623, -12.224749230092868 ], [ -73.901423857624877, -12.249000729699844 ], [ -73.883326607636775, -12.235786855079255 ], [ -73.843409982784465, -12.239389979863631 ], [ -73.831249983200109, -12.227729979954574 ], [ -73.801893982920944, -12.220297104827466 ], [ -73.737500857978148, -12.26662223023169 ], [ -73.703109358410131, -12.270494104819022 ], [ -73.689066608337271, -12.299405980301685 ], [ -73.659915607619155, -12.328747729923748 ], [ -73.657694482714192, -12.359539479863031 ], [ -73.636500982933967, -12.378785479766009 ], [ -73.628350983011444, -12.373702355079558 ], [ -73.599102233181497, -12.385899354571507 ], [ -73.586068607879895, -12.366176105143097 ], [ -73.58495385773432, -12.313106479880105 ], [ -73.574326357775135, -12.276842355290398 ], [ -73.558947483139775, -12.274888355113433 ], [ -73.548121108002704, -12.260929730322744 ], [ -73.521703983352097, -12.249980979938243 ], [ -73.497834108357381, -12.25237472970997 ], [ -73.4698652331939, -12.236894479896307 ], [ -73.469648483090964, -12.219966479869129 ], [ -73.439521108212546, -12.152007730072626 ], [ -73.361887358314902, -12.135964730387968 ], [ -73.356121357714471, -12.111076355189596 ], [ -73.401015482778291, -12.090833605186674 ], [ -73.391230357994573, -12.075711104783636 ], [ -73.408450483003321, -12.064205104781706 ], [ -73.397884858199632, -12.020943480357289 ], [ -73.405314483176824, -12.005494105168793 ], [ -73.421445858339666, -12.015441855257393 ], [ -73.436069483220024, -11.995849979692764 ], [ -73.430101358191109, -11.982101354693725 ], [ -73.445185232712277, -11.961038854659364 ], [ -73.442723733413516, -11.939314604685194 ], [ -73.462659107731611, -11.929808480177144 ], [ -73.490531607947332, -11.878170480283416 ], [ -73.506549108254717, -11.865265479618131 ], [ -73.555257607952228, -11.852361729909887 ], [ -73.577505107774471, -11.836484729786378 ], [ -73.581327357771329, -11.789062730060891 ], [ -73.579914233255238, -11.769388105176859 ], [ -73.570522982749424, -11.762889854982802 ], [ -73.571936593798739, -11.742627442202661 ], [ -73.612609607847105, -11.676336604750475 ], [ -73.582031982889646, -11.615575979148048 ], [ -73.559650983206268, -11.592050978869509 ], [ -73.502332483057614, -11.563161979441759 ], [ -73.487126233289018, -11.534915979089135 ], [ -73.450402233176476, -11.533067604286487 ], [ -73.453813358099978, -11.505327103862726 ], [ -73.479716233317447, -11.471363854258414 ], [ -73.476568732960629, -11.458351854054797 ], [ -73.467740608242423, -11.444149853832641 ], [ -73.456762858319223, -11.442115603552224 ], [ -73.443302733134601, -11.409678854195704 ], [ -73.41974948335195, -11.383938230165143 ], [ -73.408558630076698, -11.385976293571048 ], [ -73.386262483226972, -11.371270228738013 ], [ -73.378660483394526, -11.350740729001416 ], [ -73.352955233297337, -11.334178353747973 ], [ -73.341704609280271, -11.310995851277482 ], [ -73.255998857661098, -11.312535228917625 ], [ -73.237131733142917, -11.299513479163693 ], [ -73.213187980640782, -11.2990823738524 ], [ -73.205995232593864, -11.290195729349364 ], [ -73.193728232571857, -11.293155479142001 ], [ -73.184967933823032, -11.285903090754971 ], [ -73.131661982914125, -11.293927478770058 ], [ -73.082137291802553, -11.273284212995975 ], [ -73.065040982755136, -11.284354978899103 ], [ -73.025550725585504, -11.264160997332112 ], [ -73.015722107789031, -11.231369151565048 ], [ -72.977061608306542, -11.212293478761012 ], [ -72.966180482443292, -11.217323728707072 ], [ -72.975483231565818, -11.22435160404325 ], [ -72.96793548333585, -11.266226979291616 ], [ -72.955879483151591, -11.263380729337143 ], [ -72.956272857406418, -11.27286810477915 ], [ -72.94518885797936, -11.275436728622083 ], [ -72.935631982030316, -11.290824853684001 ], [ -72.952824982586833, -11.293277729383647 ], [ -72.955555606705843, -11.304616353861604 ], [ -72.932461858328054, -11.307346853874151 ], [ -72.940445106856146, -11.322688728601918 ], [ -72.944425356944635, -11.309869104175789 ], [ -72.959512483414358, -11.314196479084217 ], [ -72.950927608222514, -11.324632479205491 ], [ -72.964900106854429, -11.329498478771711 ], [ -72.961674607397185, -11.334854729362235 ], [ -72.949518107974257, -11.330499854084962 ], [ -72.944736981926155, -11.33991385384121 ], [ -72.924352606687421, -11.327405229367798 ], [ -72.920794482179588, -11.333835604129774 ], [ -72.932839856873841, -11.350383979636888 ], [ -72.920924231867787, -11.35544310501524 ], [ -72.926372483103592, -11.348252979391418 ], [ -72.919886481675746, -11.343638603838428 ], [ -72.894683857274174, -11.358259855407937 ], [ -72.890366106910278, -11.343175354059269 ], [ -72.887234357279738, -11.356499355161077 ], [ -72.876180608348363, -11.355288979202953 ], [ -72.877061107583984, -11.364306978684056 ], [ -72.859167482992916, -11.3554316035856 ], [ -72.852861981795002, -11.365282603709147 ], [ -72.844438606856158, -11.363283854166468 ], [ -72.844414856660251, -11.373348979271952 ], [ -72.833968982882197, -11.374300729095353 ], [ -72.842463731615908, -11.386840479104762 ], [ -72.822679607977477, -11.389608854964649 ], [ -72.816198106757156, -11.375083604224926 ], [ -72.799728607189422, -11.385570353988612 ], [ -72.79703623213635, -11.364430728994876 ], [ -72.789457856594765, -11.368602228909708 ], [ -72.794975482432505, -11.384556604004047 ], [ -72.763349231781604, -11.371610229128748 ], [ -72.738237607079839, -11.347429354181315 ], [ -72.723263732235409, -11.35075310367273 ], [ -72.717679731934027, -11.362110729926201 ], [ -72.712378232069739, -11.347352979256527 ], [ -72.709735606612924, -11.378812979435395 ], [ -72.698617482410839, -11.380408479267885 ], [ -72.692302231662609, -11.395698104284065 ], [ -72.665694982237596, -11.385909355232513 ], [ -72.645569107228482, -11.412765853561268 ], [ -72.634218232185617, -11.405054729092456 ], [ -72.631891606912063, -11.415674354587736 ], [ -72.617166981870696, -11.417784978893621 ], [ -72.624329857137184, -11.425612605137587 ], [ -72.607511231757883, -11.429252228907217 ], [ -72.609538856732797, -11.439938353871867 ], [ -72.600315106756739, -11.418532854207797 ], [ -72.591041732190149, -11.432094103659892 ], [ -72.59614373184769, -11.440037979868805 ], [ -72.580820857096853, -11.430797604126099 ], [ -72.581817982214091, -11.439123979088322 ], [ -72.55366535667082, -11.43207985390211 ], [ -72.547731732333546, -11.448341979698569 ], [ -72.548847356620172, -11.436888354413952 ], [ -72.53631648201997, -11.434801479404712 ], [ -72.535066356926791, -11.425396229152625 ], [ -72.533633358292832, -11.439205980171778 ], [ -72.516669231599735, -11.431964478977477 ], [ -72.518054106611714, -11.418019979838164 ], [ -72.507427481692901, -11.421106980102991 ], [ -72.509821982398535, -11.41150935407336 ], [ -72.501214982085742, -11.40901860432507 ], [ -72.498951607031017, -11.395023979672885 ], [ -72.493061356996009, -11.404009728566052 ], [ -72.48221223170907, -11.398119354424637 ], [ -72.487516606705981, -11.393340980301957 ], [ -72.481115357387807, -11.387555853819549 ], [ -72.474338481935376, -11.392349228633975 ], [ -72.469364731896803, -11.385256978926407 ], [ -72.464856856758502, -11.390606229194077 ], [ -72.449033982332367, -11.385767729097381 ], [ -72.449229357348941, -11.370801478705232 ], [ -72.441565982384134, -11.37509897903459 ], [ -72.436036231886533, -11.366098228550356 ], [ -72.425127107430001, -11.368487354008153 ], [ -72.424450981827306, -11.355970479154223 ], [ -72.412940731629419, -11.351597603946232 ], [ -72.403383981585421, -11.35711247875787 ], [ -72.399627356916938, -11.343363353735754 ], [ -72.396501856675286, -11.34976447894752 ], [ -72.393436482407708, -11.342101103982714 ], [ -72.387095357264911, -11.347660729958648 ], [ -72.378830107423482, -11.332638728794279 ], [ -72.361023482347775, -11.333863228605082 ], [ -72.333968732071298, -11.315812478962698 ], [ -72.322882856658453, -11.316759728578575 ], [ -72.322792982010469, -11.324708979136005 ], [ -72.307708981584199, -11.306999979065722 ], [ -72.283751982068281, -11.316890605117294 ], [ -72.280060606811503, -11.339605479009606 ], [ -72.252433607125226, -11.330306604166424 ], [ -72.247825231848935, -11.344839730269314 ], [ -72.239258356587868, -11.345060979680397 ], [ -72.247894482344464, -11.385005854036876 ], [ -72.270821357019997, -11.400189103644152 ], [ -72.292550732230495, -11.433273104070452 ], [ -72.287456732042529, -11.466647979420657 ], [ -72.28962773233394, -11.482852479358371 ], [ -72.304173482220392, -11.49711422873861 ], [ -72.298030357215168, -11.504116103775118 ], [ -72.313024857111429, -11.561518355087969 ], [ -72.307894482044674, -11.587537104353828 ], [ -72.348041981752033, -11.617858979208449 ], [ -72.355623107420456, -11.635025354436493 ], [ -72.370990732436326, -11.630784729031973 ], [ -72.378183482281827, -11.647179228738366 ], [ -72.390301731739498, -11.650684229393619 ], [ -72.387710231841709, -11.660459228710408 ], [ -72.405293857425534, -11.674796604779431 ], [ -72.4100729815828, -11.693011354790144 ], [ -72.428197606933963, -11.705184604985504 ], [ -72.425064482240032, -11.733169229975942 ], [ -72.385006482163362, -11.761721480062192 ], [ -72.370767982056691, -11.784967355059337 ], [ -72.390998982417045, -11.806610229878174 ], [ -72.3907568570433, -11.827556854964826 ], [ -72.33183973191808, -11.856086229895539 ], [ -72.34751423169638, -11.891267479910198 ], [ -72.33682148232549, -11.93733660520013 ], [ -72.340489732415165, -11.965767730096616 ], [ -72.286221731747503, -11.975316354765937 ], [ -72.281544481892297, -11.995797229958157 ], [ -72.2591646072608, -12.005723479954611 ], [ -72.26960023236478, -12.022836480419187 ], [ -72.268932857165566, -12.054375354738795 ], [ -72.230424606610256, -12.061778105275266 ], [ -72.173732981591797, -12.059810355363538 ], [ -72.094446606925317, -12.085190979879769 ], [ -72.087558606744267, -12.142690355275647 ], [ -72.100436232046434, -12.169418729890424 ], [ -72.092204981974305, -12.194417979805905 ], [ -72.105611357378223, -12.238792980211826 ], [ -72.075300107114231, -12.243264104554726 ], [ -72.056438981973372, -12.257278480117691 ], [ -72.043358857225428, -12.25488435532867 ], [ -72.028935731698596, -12.287234355181283 ], [ -71.945890357254143, -12.330223604635592 ], [ -71.967178981924462, -12.34764197979348 ], [ -71.963302482123822, -12.37690260517104 ], [ -71.976646857366518, -12.399453729605909 ], [ -72.009089732005464, -12.403670479808738 ], [ -72.017476607059734, -12.41517897992594 ], [ -72.047529232088323, -12.423006730276313 ], [ -72.049893107281036, -12.434442479736617 ], [ -72.060557607147814, -12.438361479698472 ], [ -72.06466948201097, -12.470226854685563 ], [ -72.078961606892619, -12.498627229962665 ], [ -72.072638231669032, -12.511065979811065 ], [ -72.057338357079459, -12.507956730318824 ], [ -72.049790232033558, -12.520946480395708 ], [ -72.028831982310123, -12.526371729671553 ], [ -72.000534982303577, -12.569615480070297 ], [ -71.981396106944715, -12.580490479751802 ], [ -71.984212982343195, -12.608166604904852 ], [ -71.965305481862458, -12.614533105318515 ], [ -71.956132357422291, -12.654458229663533 ], [ -71.970085481959359, -12.662139230441085 ], [ -71.978595482295646, -12.683331355157861 ], [ -71.964890981633459, -12.693581979824444 ], [ -71.917782106958612, -12.698914480219059 ], [ -71.91820698176673, -12.720165354947142 ], [ -71.9003516062416, -12.733355480271143 ], [ -71.88161998077743, -12.730439979821142 ], [ -71.812239981090215, -12.743859980853415 ], [ -71.79950998130056, -12.7655599806086 ], [ -71.764659981273098, -12.767459980993294 ], [ -71.760209981105731, -12.787919981122172 ], [ -71.74755998140796, -12.796159980698519 ], [ -71.708089980568104, -12.77291998097229 ], [ -71.694749981426469, -12.753739981414981 ], [ -71.694969980779945, -12.738789979973546 ], [ -71.660539981235104, -12.728919979873126 ], [ -71.638959980718482, -12.70943997997108 ], [ -71.600298481189895, -12.70005810489755 ], [ -71.55270098056576, -12.708705105256342 ], [ -71.546591356206079, -12.735416479986498 ], [ -71.523525731427299, -12.747195605892443 ], [ -71.513135730729346, -12.744386730862914 ], [ -71.495657606413374, -12.78198035560888 ], [ -71.464846480580547, -12.80969723084246 ], [ -71.459427855710942, -12.825183355927095 ], [ -71.446482855899035, -12.827215981132554 ], [ -71.456075730810312, -12.840321356145637 ], [ -71.445074230691148, -12.840731606178622 ], [ -71.448872231368341, -12.863340605584426 ], [ -71.437389355634195, -12.876267606364877 ], [ -71.423980856031619, -12.873254355903782 ], [ -71.427190355650339, -12.881973480991292 ], [ -71.41793623107219, -12.88259748098892 ], [ -71.416367230663127, -12.894062480898754 ], [ -71.396842856412661, -12.882633105833122 ], [ -71.375058356358011, -12.900546106317734 ], [ -71.358988731344823, -12.8807542314226 ], [ -71.31474998092682, -12.931479980616587 ], [ -71.272319981182136, -12.954139980575576 ], [ -71.27100998102577, -12.96248998072798 ], [ -71.230859981203139, -12.972479980966284 ], [ -71.220929981033748, -12.957659981023255 ], [ -71.195945855916477, -12.959581480600775 ], [ -71.176410106141418, -12.97094335615094 ], [ -71.162063106427183, -12.966768481080464 ], [ -71.159000606392851, -12.978678855844464 ], [ -71.171916230749389, -12.981982981229578 ], [ -71.179395106199138, -12.998342231109007 ], [ -71.166529730562559, -13.017670231196178 ], [ -71.173798856232168, -13.055007855827853 ], [ -71.161578105645049, -13.066461356106629 ], [ -71.166931856120243, -13.102146605981034 ], [ -71.161192605854012, -13.120426356291262 ], [ -71.143975605989397, -13.137234606192067 ], [ -71.13153660612943, -13.220017106104535 ], [ -71.122011730756753, -13.233529230989177 ], [ -71.091269981324558, -13.240159980998271 ], [ -71.036261230671244, -13.270494855553068 ], [ -71.012001980706827, -13.264962855851081 ], [ -71.011212856188308, -13.238714230877008 ], [ -70.990850856082091, -13.22154635557979 ], [ -70.994204606057679, -13.202222355677122 ], [ -70.977236230967264, -13.169682981084691 ], [ -70.942190230894425, -13.156498856037331 ], [ -70.942280355553919, -13.135486605622305 ], [ -70.927631356302015, -13.128779605694206 ], [ -70.921392856395187, -13.110830981264712 ], [ -70.887291105799875, -13.103364481385654 ], [ -70.899266230851822, -13.069684856370998 ], [ -70.863110355858225, -13.080324355984203 ], [ -70.842960980664714, -13.067048481202391 ], [ -70.817353479679298, -13.069851480961006 ], [ -70.799413854765533, -13.090352106164744 ], [ -70.759941229703941, -13.108095981044642 ], [ -70.68520872959914, -13.106781230669242 ], [ -70.682932229838514, -13.097624606090676 ], [ -70.660325229625585, -13.088332730670913 ], [ -70.599491855164956, -13.09914623111365 ], [ -70.586085729772549, -13.104141856261606 ], [ -70.549425229890403, -13.153170981355686 ], [ -70.4642477301486, -13.159690605736841 ], [ -70.3954764797557, -13.183050855612464 ], [ -70.385327105261638, -13.199038356335052 ], [ -70.390077604897499, -13.231333481355023 ], [ -70.416308854969657, -13.242607106432786 ], [ -70.422706480019997, -13.255464480801095 ], [ -70.405352355127036, -13.269408480816708 ], [ -70.370837480265436, -13.276411355899313 ], [ -70.346648104926089, -13.295187230706063 ], [ -70.345846604836879, -13.312746106047882 ], [ -70.368057479768822, -13.307072481110083 ], [ -70.395598729997346, -13.316665481027087 ], [ -70.402502605011193, -13.32941048060917 ], [ -70.392731104956511, -13.34477185623615 ], [ -70.399500355057285, -13.371643606167424 ], [ -70.419825355255909, -13.358553730969845 ], [ -70.451115854812826, -13.36516973119808 ], [ -70.442645980427642, -13.395405480678335 ], [ -70.471826979831235, -13.439927980691721 ], [ -70.45261797983585, -13.447918356347031 ], [ -70.488794729892845, -13.500380730586187 ], [ -70.538873604832929, -13.531256730813425 ], [ -70.546597729901293, -13.549843355886139 ], [ -70.543625480431558, -13.577635230981059 ], [ -70.577870105420971, -13.585841105782379 ], [ -70.58860422990125, -13.598584481188823 ], [ -70.616190855423611, -13.609062481448291 ], [ -70.662806979858203, -13.660567105587404 ], [ -70.689519979663316, -13.652593105687231 ], [ -70.715374230336408, -13.662652606432573 ], [ -70.721235104916104, -13.700155605596649 ], [ -70.735866855171196, -13.712450355999067 ], [ -70.735375730005899, -13.735299355680695 ], [ -70.71870210501811, -13.764901855636083 ], [ -70.7220914798379, -13.770641980942628 ], [ -70.713863979938708, -13.772801355697936 ], [ -70.698858230422957, -13.803167605800297 ], [ -70.709189980233361, -13.843149981886086 ], [ -70.732219980167883, -13.823449981731244 ], [ -70.767729980054469, -13.814379980751482 ], [ -70.828399980075005, -13.82762998203799 ], [ -70.849082855589302, -13.815299230874757 ], [ -70.853926480922325, -13.798604980835137 ], [ -70.880047981329255, -13.817367856841088 ], [ -70.875135856434611, -13.838986107322967 ], [ -70.854160605927177, -13.853548232065236 ], [ -70.832420355215163, -13.856872481579728 ], [ -70.825624729797426, -13.878053731694308 ], [ -70.830859605186618, -13.895075107430216 ], [ -70.814184230118087, -13.901128356888137 ], [ -70.809672854818359, -13.91226423190875 ], [ -70.846275605634673, -13.963541232242051 ], [ -70.852636105771637, -13.998196732293309 ], [ -70.840362231331881, -14.008167106626615 ], [ -70.853534605837353, -14.012859357173568 ], [ -70.860391106364432, -14.030841857265841 ], [ -70.849524106152558, -14.054171481628543 ], [ -70.831665979601212, -14.061521482430408 ], [ -70.829471730036289, -14.076336857160186 ], [ -70.817914730380437, -14.067582857263005 ], [ -70.79588285470993, -14.072119106911202 ], [ -70.79004298019936, -14.080968356704261 ], [ -70.80561023042776, -14.099284356887495 ], [ -70.806130105120189, -14.120320106587599 ], [ -70.821144480033695, -14.14114685744147 ], [ -70.846259730801876, -14.148899107008162 ], [ -70.867337980663251, -14.169561231565524 ], [ -70.886610105871625, -14.172314356722154 ], [ -70.889393480624619, -14.187038856757795 ], [ -70.882143855854224, -14.198785607070079 ], [ -70.894579730570058, -14.209108607376265 ], [ -70.899792605844027, -14.232986231829102 ], [ -70.882164980929076, -14.253465231934854 ], [ -70.879914605574527, -14.270434107048345 ], [ -70.890989356373666, -14.272714982010768 ], [ -70.892822731383887, -14.286671856720773 ], [ -70.913456856448704, -14.303319482308211 ], [ -70.912182106119246, -14.341473106798389 ], [ -70.929772731126604, -14.340878232244563 ], [ -70.96208498103698, -14.36116823172847 ], [ -70.970482480681881, -14.378283857314102 ], [ -70.986035981175576, -14.379762482152785 ], [ -70.97869160563306, -14.39448435706737 ], [ -70.985820856147541, -14.406725606801274 ], [ -70.962352980805406, -14.444538981788526 ], [ -70.987972605551249, -14.455320356649111 ], [ -70.986585356329101, -14.498717981949255 ], [ -70.99934885586498, -14.502638106963047 ], [ -70.966116480790902, -14.568335981820042 ], [ -70.97770323091936, -14.583021106838544 ], [ -70.999542855818106, -14.572301482127671 ], [ -71.014710355598368, -14.577978482221113 ], [ -71.020430730893452, -14.585345482008336 ], [ -71.01005310576619, -14.597541982376526 ], [ -71.031041981002602, -14.593262606983672 ], [ -71.073904855924297, -14.631446481969533 ], [ -71.109118480633356, -14.633950857346122 ], [ -71.118091730748745, -14.647949857200103 ], [ -71.110106981252159, -14.673537107251661 ], [ -71.08804298089882, -14.695701106820593 ], [ -71.089510356118012, -14.713188107445148 ], [ -71.053240481263174, -14.754330482165983 ], [ -71.035693855586942, -14.752117356730594 ], [ -71.027763480899864, -14.760074981774949 ], [ -71.013093480679572, -14.739693856686074 ], [ -70.981528606060294, -14.755488231596587 ], [ -70.974889605670739, -14.76633935697572 ], [ -70.983708980884728, -14.786031231755885 ], [ -70.978326605888128, -14.824154606649756 ], [ -70.994675481188494, -14.829898982152258 ], [ -70.996591856429006, -14.843943482305804 ], [ -70.991367855642011, -14.861269356795333 ], [ -70.995973355785679, -14.893905233139947 ], [ -70.984740355782776, -14.946068482974056 ], [ -71.004050105927604, -14.971877233347584 ], [ -71.00420635593855, -14.998656732622067 ], [ -70.993383480962848, -15.035814857969285 ], [ -70.994138855723577, -15.094801857719517 ], [ -70.978641856036802, -15.111367858140113 ], [ -70.982009730764446, -15.149451983022573 ], [ -70.962502481404329, -15.215636857854633 ], [ -70.98528060641479, -15.249029608129888 ], [ -70.950156481336478, -15.301954358007151 ], [ -70.959058211067543, -15.319051535799701 ], [ -70.985113355896601, -15.316676607939087 ], [ -71.006118981006125, -15.335227358156033 ], [ -71.044082605727624, -15.418115608448545 ], [ -71.07545473135076, -15.438301107609959 ], [ -71.072273231224585, -15.451497108204933 ], [ -71.094436605764713, -15.457504233233749 ], [ -71.120094356369407, -15.42710298331599 ], [ -71.150255981028636, -15.440592733068115 ], [ -71.174331605619045, -15.424456607686238 ], [ -71.169494605591524, -15.38228410812502 ], [ -71.150527980981508, -15.355904608410924 ], [ -71.166239980690534, -15.320869982963302 ], [ -71.164237980997996, -15.290927857634472 ], [ -71.194618230846629, -15.270928358057233 ], [ -71.202079731394463, -15.245132483277416 ], [ -71.160328605580617, -15.207768233317267 ], [ -71.176757855990218, -15.172599732991216 ], [ -71.184906105832056, -15.169772107996323 ], [ -71.149040230722051, -15.1377219825834 ], [ -71.143257106130477, -15.121558232726215 ], [ -71.161651606336534, -15.109302483222962 ], [ -71.165611231373191, -15.096799858126928 ], [ -71.196678106409422, -15.08886810837646 ], [ -71.207275355872923, -15.070551858181659 ], [ -71.207305856380117, -15.050581983171924 ], [ -71.215965981444867, -15.049264482669685 ], [ -71.226531981265907, -15.069554358047128 ], [ -71.2436372313731, -15.056817107923166 ], [ -71.265541105637453, -15.062999732951255 ], [ -71.260588480673789, -15.078270232984835 ], [ -71.319129980564128, -15.119736733263608 ], [ -71.329940855885752, -15.099460607620927 ], [ -71.353713980915472, -15.092702858050416 ], [ -71.361846980953374, -15.079142607745098 ], [ -71.371704106359402, -15.080225983242485 ], [ -71.396865855674662, -15.04524035825591 ], [ -71.417365855849539, -15.033725732856226 ], [ -71.421470606283435, -15.012394858036203 ], [ -71.43042760564947, -15.007965107903374 ], [ -71.426727355882747, -15.002123858329355 ], [ -71.443038981263953, -14.995569233233482 ], [ -71.447501981131495, -14.979785857930949 ], [ -71.465044480718177, -14.984069357614715 ], [ -71.505226106099883, -14.975560233218118 ], [ -71.510169980660066, -15.004634858112183 ], [ -71.503669856278805, -15.027326607736711 ], [ -71.484603855683361, -15.039325732996133 ], [ -71.485870355632358, -15.059104858202602 ], [ -71.513442981408446, -15.079844482736632 ], [ -71.572343730778528, -15.061931608157124 ], [ -71.588333105688264, -15.127825733071063 ], [ -71.614562980696974, -15.145854982621302 ], [ -71.63602448114483, -15.139139233189042 ], [ -71.673706106351688, -15.089055108006789 ], [ -71.772537356214002, -15.082439482795849 ], [ -71.786300605988117, -15.069550482868465 ], [ -71.801483105560806, -15.067335108228633 ], [ -71.815475481008605, -15.078221358428891 ], [ -71.834510856091072, -15.076696358250274 ], [ -71.849319481408884, -15.045089732605049 ], [ -71.76599885596238, -15.009585357977869 ], [ -71.770240731424565, -14.98217673257011 ], [ -71.745959981368003, -14.939869983113169 ], [ -71.785156231275039, -14.912559482733911 ], [ -71.793007855927783, -14.896167983165867 ], [ -71.826301606134166, -14.906635232929602 ], [ -71.827262856395691, -14.888825356804716 ], [ -71.859603855833257, -14.883615481669096 ], [ -71.863418731389288, -14.873355856587466 ], [ -71.854972856312202, -14.854579981780716 ], [ -71.869094856442416, -14.835970856569702 ], [ -71.876106231017729, -14.801252357210444 ], [ -71.89417548061391, -14.789542106782733 ] ], [ [ -73.271676414235117, -12.030749773383263 ], [ -73.273992242248141, -12.029568234186627 ], [ -73.270326325899191, -12.032893963985202 ], [ -73.271676414235117, -12.030749773383263 ] ], [ [ -73.040760036646361, -12.180630019359853 ], [ -73.040760036646361, -12.180370018161739 ], [ -73.040700036577391, -12.180910018782299 ], [ -73.040760036646361, -12.180630019359853 ] ], [ [ -71.220656606017542, -14.503313606637619 ], [ -71.170415230778246, -14.523768857446782 ], [ -71.15632085602266, -14.497242232243195 ], [ -71.166353980551719, -14.484172232062804 ], [ -71.1963423562147, -14.476640606878448 ], [ -71.248166605704228, -14.438878981579705 ], [ -71.284263105657772, -14.435577232203457 ], [ -71.273652355571699, -14.459448732273131 ], [ -71.220656606017542, -14.503313606637619 ] ] ] } },
{ "type": "Feature", "properties": { "departamento": "HUANCAVELICA" }, "geometry": { "type": "Polygon", "coordinates": [ [ [ -75.186591734920569, -14.054113231640258 ], [ -75.260896610090469, -14.039679107404822 ], [ -75.233442735293977, -14.003285232227654 ], [ -75.251677360321878, -13.997846482329237 ], [ -75.270424734713686, -14.010594482049669 ], [ -75.329010984869001, -14.018023356992273 ], [ -75.355679985342988, -13.995769981899116 ], [ -75.359219984914319, -13.971499982338287 ], [ -75.381689985104686, -13.962759982187379 ], [ -75.433519984859402, -13.914069982443664 ], [ -75.457219985114193, -13.905459981992522 ], [ -75.481899984696497, -13.910599981603809 ], [ -75.522060109986057, -13.885114731759415 ], [ -75.546389984610073, -13.889399982423186 ], [ -75.5600802346151, -13.870927107200202 ], [ -75.563380011778065, -13.840860001287979 ], [ -75.543659984620547, -13.835439981569834 ], [ -75.524878484554392, -13.817899357069621 ], [ -75.527522360068815, -13.796958356342998 ], [ -75.538359109785063, -13.792822481272424 ], [ -75.54175773503141, -13.781889355709154 ], [ -75.537589735278004, -13.762395856083856 ], [ -75.554582359688084, -13.749571231427126 ], [ -75.531200984737609, -13.742710605709817 ], [ -75.515910484681058, -13.696393105657251 ], [ -75.501055359916904, -13.686732981242017 ], [ -75.496208735344794, -13.673330356011093 ], [ -75.488196859597338, -13.675902105897421 ], [ -75.484562110153206, -13.65470848111147 ], [ -75.519575359615089, -13.603514856025754 ], [ -75.510699985415954, -13.590179981221127 ], [ -75.509689984705005, -13.565409981085736 ], [ -75.495821859591103, -13.567053856350356 ], [ -75.477310485290616, -13.525484355818321 ], [ -75.49498998489986, -13.524279981036273 ], [ -75.470159984695499, -13.48383998133005 ], [ -75.473439984867355, -13.463259981063231 ], [ -75.465709985427452, -13.434139980875386 ], [ -75.499809985042759, -13.389079981256089 ], [ -75.492188610216147, -13.377531856110238 ], [ -75.500854484646709, -13.354744105655925 ], [ -75.505229859970029, -13.371848230711237 ], [ -75.522349234829278, -13.391338481085995 ], [ -75.531169610089421, -13.38938060573031 ], [ -75.538064484688164, -13.40475648112664 ], [ -75.585122109697579, -13.402668231053951 ], [ -75.598971109828824, -13.38998798086061 ], [ -75.614945484946134, -13.416796230561545 ], [ -75.633421860330543, -13.411183105715736 ], [ -75.651198484922077, -13.426845605840015 ], [ -75.677413235132633, -13.429969356000925 ], [ -75.689280984729635, -13.439670106390224 ], [ -75.718829609898535, -13.412576481119686 ], [ -75.74493810970597, -13.404794356074603 ], [ -75.762523485370536, -13.413765856109308 ], [ -75.809388609596624, -13.39684635557478 ], [ -75.787639985297062, -13.334789981372523 ], [ -75.754158735437272, -13.308939230860744 ], [ -75.730927735226771, -13.310306605965025 ], [ -75.706481484732706, -13.288286855853642 ], [ -75.70244135958103, -13.226886981349082 ], [ -75.688949359725143, -13.214274105665424 ], [ -75.706289859889068, -13.187651106413398 ], [ -75.693993110293775, -13.146627730885029 ], [ -75.707849609871573, -13.142722605663664 ], [ -75.718768234766173, -13.10976473065773 ], [ -75.705515485151466, -13.08043710578778 ], [ -75.694962485030601, -13.074792481287943 ], [ -75.686618360149168, -13.043071980787261 ], [ -75.676310609646862, -13.042703855898196 ], [ -75.677598984705355, -13.05448398095092 ], [ -75.652519234674912, -13.070503606356283 ], [ -75.628608234582316, -13.057066731344548 ], [ -75.638989859894082, -13.03077823133026 ], [ -75.609950234815472, -13.006763480949814 ], [ -75.602608485293331, -12.980183355977033 ], [ -75.636337484886951, -12.915582231334838 ], [ -75.612714359579968, -12.859151855773462 ], [ -75.570411110284454, -12.842858856251155 ], [ -75.56033211043848, -12.817399730812895 ], [ -75.530228609862434, -12.821619231142563 ], [ -75.520223609831703, -12.788728730646369 ], [ -75.508242610408104, -12.779827356147507 ], [ -75.577117110166455, -12.715701230027719 ], [ -75.553653985043354, -12.704243355446465 ], [ -75.55145498525934, -12.683992605074593 ], [ -75.563259359631729, -12.675728105267808 ], [ -75.561330734725573, -12.663084104947416 ], [ -75.575048860116738, -12.659453104776901 ], [ -75.57961323516264, -12.64148435531871 ], [ -75.551536985443477, -12.623474979886339 ], [ -75.52538960974266, -12.618367229963667 ], [ -75.490854234835012, -12.647937355224713 ], [ -75.48330086044632, -12.677087229991628 ], [ -75.467200734925939, -12.683330605123274 ], [ -75.452561360218567, -12.657194229929701 ], [ -75.460793985354087, -12.63138597957925 ], [ -75.442645234789723, -12.617741479885353 ], [ -75.4153827348253, -12.628417105265157 ], [ -75.409447235401558, -12.584730480127519 ], [ -75.391907985065416, -12.576212730333168 ], [ -75.367037984815113, -12.542948729700072 ], [ -75.319339109911937, -12.51450285502267 ], [ -75.32473998486239, -12.485502104938121 ], [ -75.309487484759586, -12.479127480049101 ], [ -75.297664485427617, -12.485247604893004 ], [ -75.277441485436157, -12.466796604779461 ], [ -75.251877234646599, -12.462880354944389 ], [ -75.229648984812741, -12.47557185475722 ], [ -75.215515360045799, -12.46342110470016 ], [ -75.223488109888308, -12.439077355335655 ], [ -75.213933484942345, -12.413890729873231 ], [ -75.220084610316462, -12.390454605095897 ], [ -75.182369985386458, -12.360279979837173 ], [ -75.154140984918456, -12.395699230035405 ], [ -75.131009983923605, -12.378500105095725 ], [ -75.140139984972279, -12.34140998018637 ], [ -75.09892848386238, -12.285317854934988 ], [ -75.105221483584558, -12.271142230029852 ], [ -75.100447108747005, -12.251100605308636 ], [ -75.085509608781365, -12.236727730300458 ], [ -75.071627858938484, -12.235202605116115 ], [ -75.05905285910211, -12.205472979694207 ], [ -75.049356608920334, -12.201342979894548 ], [ -75.04892110862221, -12.167547729943749 ], [ -75.072620608853981, -12.157799980084974 ], [ -75.076945358641353, -12.147145729791532 ], [ -75.062919734358218, -12.13471598035818 ], [ -75.070946859010292, -12.112932980372705 ], [ -75.065164109436068, -12.091917104790525 ], [ -75.073830358883924, -12.061311105323227 ], [ -75.086400859412095, -12.053255855273449 ], [ -75.047052608790807, -12.011563605376068 ], [ -75.048952484169774, -11.999228104893064 ], [ -75.026814734012703, -12.002196355077672 ], [ -75.021942234146763, -12.013071604770687 ], [ -74.997754358876534, -12.0210801053625 ], [ -74.939015733888994, -12.018355604727333 ], [ -74.870774108638159, -12.065991980345586 ], [ -74.837373608904898, -12.070818479888885 ], [ -74.81874998392459, -12.053529980324299 ], [ -74.794279984133937, -12.058289980398229 ], [ -74.744509984048477, -12.040899979750236 ], [ -74.716899984246822, -12.059419980347741 ], [ -74.683359984375727, -12.038139980175913 ], [ -74.679199984091952, -12.018259979814161 ], [ -74.661429983906601, -12.005609980116446 ], [ -74.657572859100128, -11.992684105287196 ], [ -74.624164609009483, -11.98518197966456 ], [ -74.602547483579485, -11.999512105399276 ], [ -74.592750109130179, -11.995495730443565 ], [ -74.594112859021209, -11.986974979611546 ], [ -74.571706859084259, -11.984808979550735 ], [ -74.56695885866435, -11.997463605361077 ], [ -74.543562983944526, -11.999012854859302 ], [ -74.528185734384124, -12.01523635477389 ], [ -74.501124233796304, -12.020806105317433 ], [ -74.487615734078815, -12.033712980169867 ], [ -74.480682233598145, -12.026587104810972 ], [ -74.454375733653137, -12.033945980122837 ], [ -74.453068358617827, -12.048620979674411 ], [ -74.442478108577802, -12.045037104878418 ], [ -74.433121608775195, -12.069891105290253 ], [ -74.421370984183511, -12.067526105045658 ], [ -74.414220983611472, -12.076462980282258 ], [ -74.419520234271374, -12.093775855071613 ], [ -74.410309984018511, -12.106485229809437 ], [ -74.398815608653365, -12.103611480385439 ], [ -74.363483983898675, -12.137842604752336 ], [ -74.351474359054407, -12.137575605030122 ], [ -74.361305234149199, -12.15522285495075 ], [ -74.343198733734539, -12.17111810501649 ], [ -74.378849983839643, -12.176009979876596 ], [ -74.387369983737699, -12.187979979692273 ], [ -74.376069984242349, -12.229189979833677 ], [ -74.393679984243818, -12.252469979605848 ], [ -74.384779983909084, -12.271529979924594 ], [ -74.416289983695776, -12.304769980350272 ], [ -74.441534211634519, -12.272134499707363 ], [ -74.474061064066802, -12.272055166013047 ], [ -74.49452918057716, -12.284788237886801 ], [ -74.507102359286421, -12.312464479951757 ], [ -74.555446859285098, -12.288089105028121 ], [ -74.581122858932758, -12.333318980286663 ], [ -74.575989983750731, -12.373169979810655 ], [ -74.564619983725208, -12.360909980111444 ], [ -74.549429983806647, -12.37384997969275 ], [ -74.534899983747209, -12.409999980314808 ], [ -74.520599984401713, -12.409649980362246 ], [ -74.52204998381967, -12.436129980214389 ], [ -74.506999984061963, -12.448239980190863 ], [ -74.453929983781677, -12.443909980161436 ], [ -74.409249983699738, -12.451919979923105 ], [ -74.401579984328748, -12.467479979817142 ], [ -74.415189984230324, -12.491749980277348 ], [ -74.398699983717222, -12.50268998025831 ], [ -74.400009983873645, -12.524559979759204 ], [ -74.384269983772697, -12.54484998014243 ], [ -74.386859983601312, -12.56680998019641 ], [ -74.366319984279812, -12.575829979769708 ], [ -74.363289983945549, -12.594269980275328 ], [ -74.324229984026488, -12.603859980053983 ], [ -74.342229984026517, -12.625339979556372 ], [ -74.327169983807664, -12.680199979645295 ], [ -74.34083998377821, -12.690159980298802 ], [ -74.349369984137411, -12.717139979826186 ], [ -74.328369984287292, -12.744239981290036 ], [ -74.313529984321292, -12.737099980279822 ], [ -74.294089983565868, -12.751179981171163 ], [ -74.284969983877602, -12.788309981120676 ], [ -74.286219983965054, -12.801349980816894 ], [ -74.295729983651768, -12.798949980756959 ], [ -74.2984141092237, -12.805744981145892 ], [ -74.294898483977818, -12.830152355746577 ], [ -74.32962998393657, -12.836149981236588 ], [ -74.332489983625806, -12.85799998071451 ], [ -74.319199984091938, -12.886519981112201 ], [ -74.330059983981016, -12.915419981047251 ], [ -74.326046234146361, -12.929864480761125 ], [ -74.304489983825647, -12.929379980901331 ], [ -74.295446484067952, -12.936881730607354 ], [ -74.297489733864097, -12.967938981099053 ], [ -74.271470820022273, -13.022736296642734 ], [ -74.271570037727031, -13.068630019959414 ], [ -74.280136859028801, -13.074185481174993 ], [ -74.310348859212468, -13.059605605614138 ], [ -74.345876359006752, -13.025844606343469 ], [ -74.379909984158417, -13.024489980927854 ], [ -74.411269984222372, -13.079389981062718 ], [ -74.410869983762723, -13.119699981069232 ], [ -74.388719983940064, -13.129659980823419 ], [ -74.396009983773695, -13.168829981318538 ], [ -74.420425733760567, -13.15953910594493 ], [ -74.458438858966133, -13.190038105873839 ], [ -74.494171859243863, -13.186595731307932 ], [ -74.517058733873455, -13.196691856044254 ], [ -74.525611359376683, -13.18959373106577 ], [ -74.542212858736377, -13.200501981381308 ], [ -74.557795983797575, -13.185558481138969 ], [ -74.572326983903167, -13.184734480911516 ], [ -74.585953108648994, -13.21075973137647 ], [ -74.595634734055693, -13.212845731345396 ], [ -74.600688734197661, -13.227385480955149 ], [ -74.644654233705864, -13.274136731225099 ], [ -74.663498108950535, -13.271484356218025 ], [ -74.68605648371971, -13.286370980636207 ], [ -74.666995609259914, -13.327435731273908 ], [ -74.633209983853646, -13.345099981079215 ], [ -74.718279984033984, -13.363789981422485 ], [ -74.734354609277773, -13.357403981008872 ], [ -74.739029234011923, -13.339572230673866 ], [ -74.75962223397886, -13.325071106046664 ], [ -74.770087858667694, -13.346328106057229 ], [ -74.80887998382417, -13.357419980847396 ], [ -74.848549983994531, -13.353359980678533 ], [ -74.869189984330262, -13.360099981229098 ], [ -74.89752998362178, -13.394679981395996 ], [ -74.892659983871113, -13.414459980743459 ], [ -74.904019984334752, -13.430469980705027 ], [ -74.902099983927087, -13.466439981120175 ], [ -74.862179983919077, -13.481789981222619 ], [ -74.831859984150924, -13.532189980683029 ], [ -74.799569984367224, -13.547469981154677 ], [ -74.771388234279527, -13.606498856037319 ], [ -74.781151358948023, -13.648183730594667 ], [ -74.775391233618507, -13.710538480966079 ], [ -74.753890609064342, -13.736976605685754 ], [ -74.766792983709195, -13.772488230647298 ], [ -74.762314484026206, -13.781904356400901 ], [ -74.778923858749067, -13.784605480958135 ], [ -74.7603637339991, -13.831487231850247 ], [ -74.76738673411046, -13.866587856744161 ], [ -74.785155234226636, -13.888310231631863 ], [ -74.777007859425112, -13.897503857017341 ], [ -74.78592310866452, -13.928788357196879 ], [ -74.767954734223565, -13.97855235700564 ], [ -74.785330734225965, -13.990267981781869 ], [ -74.778590983686911, -13.998345981981458 ], [ -74.783570483990616, -14.01921485707993 ], [ -74.758712859310947, -14.078595732007386 ], [ -74.763054733988724, -14.08443160723283 ], [ -74.825187484015146, -14.092279231701127 ], [ -74.841765609095546, -14.071304732127658 ], [ -74.852744109053333, -14.076205107379735 ], [ -74.860794858895588, -14.067193357287579 ], [ -74.878113233938564, -14.076253856929895 ], [ -74.896201234399427, -14.103904231794843 ], [ -74.907890608864477, -14.092154232231962 ], [ -74.925156109167062, -14.099419981846665 ], [ -74.975113233888578, -14.07428510697207 ], [ -75.014503858766034, -14.069152356795769 ], [ -75.029919984219873, -14.073039982109435 ], [ -75.036499983687236, -14.097929982382709 ], [ -75.054609984263323, -14.115229981578352 ], [ -75.057889984435178, -14.129919981821672 ], [ -75.063532483837037, -14.088407232108011 ], [ -75.06959998395206, -14.079846482129426 ], [ -75.088502109184958, -14.08156985656359 ], [ -75.108841734158659, -14.032884732044693 ], [ -75.165679984643532, -14.072529981973048 ], [ -75.186591734920569, -14.054113231640258 ] ], [ [ -74.855235983853561, -12.352356854585139 ], [ -74.85516423414208, -12.352019480214778 ], [ -74.855179432684622, -12.352090944841166 ], [ -74.855235983853561, -12.352356854585139 ] ] ] } },
{ "type": "Feature", "properties": { "departamento": "HUANUCO" }, "geometry": { "type": "Polygon", "coordinates": [ [ [ -76.808333986124524, -10.392964853445164 ], [ -76.83167186086763, -10.393074228093099 ], [ -76.840771486414951, -10.363197228069566 ], [ -76.856394485616988, -10.377265603424803 ], [ -76.865851610563311, -10.374843728255428 ], [ -76.863001986352572, -10.366185603282929 ], [ -76.875568360791192, -10.344359353101595 ], [ -76.869181611242311, -10.337611353081456 ], [ -76.906101611400231, -10.275230603309637 ], [ -76.90484173585736, -10.237697227744832 ], [ -76.916240236297824, -10.218060602814546 ], [ -76.90853511120639, -10.176783228163401 ], [ -76.915464860614804, -10.119914103053361 ], [ -76.901943361197141, -10.113341853044062 ], [ -76.879886736183892, -10.116552727726173 ], [ -76.871337860853544, -10.094300727696407 ], [ -76.8535801112331, -10.101779353134589 ], [ -76.843238235955766, -10.086785103249895 ], [ -76.807189486405662, -10.084478477999312 ], [ -76.814964861139401, -10.023431602686287 ], [ -76.825027361123773, -10.009232477596697 ], [ -76.825615111248339, -9.989292978088429 ], [ -76.81375786123624, -9.960146477577837 ], [ -76.841861486318521, -9.930621102581767 ], [ -76.841988235868371, -9.910892602911247 ], [ -76.897757860636716, -9.809289102909702 ], [ -76.901583985812238, -9.769701227929261 ], [ -76.934249985848112, -9.729474603170331 ], [ -76.941365235717001, -9.705912102961122 ], [ -76.971839861320518, -9.71181247756374 ], [ -76.981042986244802, -9.724568352647339 ], [ -76.969482361421797, -9.757808603084527 ], [ -76.974277361311124, -9.760236352625554 ], [ -77.020611361225292, -9.71131447798075 ], [ -77.048540986377361, -9.647781228121119 ], [ -77.045677735638947, -9.6291523528987 ], [ -77.029236360569541, -9.612996103387388 ], [ -77.015296860761453, -9.614269477754135 ], [ -76.995160111150199, -9.603331977888445 ], [ -76.980244111276647, -9.564031227658973 ], [ -76.954578111190813, -9.559314477780902 ], [ -76.955095735779537, -9.542689478236809 ], [ -76.937550736077583, -9.525367228015114 ], [ -76.938619110883224, -9.491699226737865 ], [ -76.953294861368704, -9.467478476750273 ], [ -76.930304735575021, -9.433185602233721 ], [ -76.935236236363153, -9.398548852147769 ], [ -76.924132861042665, -9.391531227284247 ], [ -76.917900361412535, -9.369507852005711 ], [ -76.900603360556602, -9.359066351630759 ], [ -76.892915986283697, -9.331960976717653 ], [ -76.870263610776988, -9.314427726658209 ], [ -76.867898486425986, -9.291267602018195 ], [ -76.855470736185509, -9.289683601816705 ], [ -76.845945360789756, -9.263474601871337 ], [ -76.83586323579965, -9.263914102353908 ], [ -76.815482360722342, -9.326461976738813 ], [ -76.78287473568048, -9.342902601773631 ], [ -76.765481610787674, -9.367211352222057 ], [ -76.740562235958407, -9.330009851673253 ], [ -76.745460736124016, -9.29672372681847 ], [ -76.740137736167526, -9.27333997675845 ], [ -76.725969735714671, -9.256153727412539 ], [ -76.728361111276229, -9.232918226994514 ], [ -76.741590985735343, -9.196143727251183 ], [ -76.789960485987592, -9.135892726767906 ], [ -76.870068860789274, -9.11408672662111 ], [ -76.929283486143959, -9.070569102082345 ], [ -76.945399110580468, -9.074831226679748 ], [ -76.966453111122121, -9.060412102236683 ], [ -76.980173110700434, -9.062987852307515 ], [ -77.002787111236159, -9.032619102089825 ], [ -77.032628861432784, -9.01423435233346 ], [ -77.035708986380598, -8.999958977324923 ], [ -77.066019485710683, -8.990915976690928 ], [ -77.092097610915971, -8.971566352405205 ], [ -77.110037110823953, -8.969966852388268 ], [ -77.10249023583566, -8.960947226932944 ], [ -77.105728485880888, -8.949191352099149 ], [ -77.122628861432759, -8.946257851718428 ], [ -77.131023485945093, -8.916284976770214 ], [ -77.147417985651487, -8.895753851958659 ], [ -77.15516011065057, -8.900378852102278 ], [ -77.164835985792081, -8.889097601672916 ], [ -77.172662111067552, -8.876025352288138 ], [ -77.174263611176684, -8.834494101721361 ], [ -77.195734361151835, -8.814992226709876 ], [ -77.206537111098783, -8.781624976711271 ], [ -77.225812485557697, -8.766937476583223 ], [ -77.22749023558589, -8.742826227148612 ], [ -77.248167985863802, -8.727308602410005 ], [ -77.246189486355661, -8.702732477222014 ], [ -77.261152360692847, -8.667197227070346 ], [ -77.260595736104278, -8.648521477384236 ], [ -77.285773487056758, -8.644109352164833 ], [ -77.294183612283859, -8.635277352267963 ], [ -77.288716861993521, -8.589769351774123 ], [ -77.31099798656777, -8.555937476932968 ], [ -77.310982361746539, -8.533525351713536 ], [ -77.317486362205841, -8.530152351749564 ], [ -77.282779986607068, -8.505889976641072 ], [ -77.264080038862687, -8.467530014398619 ], [ -77.20267998629231, -8.485409977388485 ], [ -77.181583360583602, -8.478837852384913 ], [ -77.133843735599896, -8.440021476110189 ], [ -77.139927735576521, -8.480455102321059 ], [ -77.081937735937743, -8.487256352098939 ], [ -77.09165073599263, -8.516981352307539 ], [ -77.049801361043933, -8.553715226976124 ], [ -77.011597611040884, -8.537687477095346 ], [ -76.994841860863175, -8.555631727222362 ], [ -76.977300861345611, -8.56059872694965 ], [ -76.948889485561267, -8.545666102208827 ], [ -76.936667985838824, -8.566581976776774 ], [ -76.919175985882987, -8.570114976924572 ], [ -76.897084236048613, -8.568750601958641 ], [ -76.887358111287767, -8.554798101551114 ], [ -76.864701610590828, -8.566349601852608 ], [ -76.862540360748994, -8.552537351617445 ], [ -76.846842360786297, -8.545789726614544 ], [ -76.842659111228954, -8.525229977281583 ], [ -76.804449860972284, -8.510572726749899 ], [ -76.796318736020794, -8.51118822725482 ], [ -76.790149860727468, -8.523641351866843 ], [ -76.768424110684123, -8.526809352269765 ], [ -76.754593736411778, -8.519644601916809 ], [ -76.740989360870287, -8.524646852370267 ], [ -76.728403985555474, -8.51500447697498 ], [ -76.69707961123504, -8.53249960207495 ], [ -76.678350985909219, -8.521267352106577 ], [ -76.643289611026717, -8.52373960190107 ], [ -76.636657235942664, -8.514747351808808 ], [ -76.566292985832604, -8.508146477278046 ], [ -76.547806610886369, -8.49764060163244 ], [ -76.539499610918256, -8.513496851698278 ], [ -76.494837860778603, -8.54958785229752 ], [ -76.49909023582569, -8.563941102299964 ], [ -76.492503861064279, -8.575760852381393 ], [ -76.466167360635154, -8.569742976856844 ], [ -76.444344610615246, -8.489558352136214 ], [ -76.417496235862529, -8.443748226199659 ], [ -76.366709985677232, -8.411540725723853 ], [ -76.35609961060851, -8.425074225694914 ], [ -76.332836985738254, -8.430525851187042 ], [ -76.321716111409387, -8.469839477010225 ], [ -76.327426861260619, -8.479908352288589 ], [ -76.312307110984364, -8.500984227040419 ], [ -76.325080360969821, -8.524324226881504 ], [ -76.299674611194291, -8.556854476952481 ], [ -76.305807110709566, -8.573237727039441 ], [ -76.280358610761255, -8.573563976796038 ], [ -76.287328986143734, -8.585435351560193 ], [ -76.264064361181283, -8.610300476585678 ], [ -76.269455860699395, -8.652489351902034 ], [ -76.252735736265151, -8.665431351575592 ], [ -76.248340485924643, -8.683031977044038 ], [ -76.25688411101288, -8.683826976833473 ], [ -76.257402735647702, -8.706641851740017 ], [ -76.228680985838764, -8.745028352076758 ], [ -76.244993361254558, -8.751483102063446 ], [ -76.230904235841763, -8.756482102367102 ], [ -76.240782486322644, -8.76915960243366 ], [ -76.226264065933833, -8.785856711418035 ], [ -76.198586734789956, -8.769735101993319 ], [ -76.203416485382434, -8.75332972678541 ], [ -76.195410734917459, -8.761849226660445 ], [ -76.166946360286261, -8.756500977338192 ], [ -76.16461961000698, -8.731840851873756 ], [ -76.156770859587482, -8.733708726676355 ], [ -76.14526998482188, -8.711439976773477 ], [ -76.150879985422932, -8.70864997671498 ], [ -76.139489985374496, -8.666639976553654 ], [ -76.13002998529555, -8.655289976551103 ], [ -76.115499985236113, -8.65767997704927 ], [ -76.107129985060737, -8.648799976737507 ], [ -76.107619985174153, -8.640459977046248 ], [ -76.121069984891847, -8.633759977440945 ], [ -76.12015998519513, -8.589559977011277 ], [ -76.134679984793422, -8.572559977261108 ], [ -76.126399985171133, -8.545419976650578 ], [ -76.130667985039452, -8.467876977340609 ], [ -76.107787109787239, -8.399013726302371 ], [ -76.109165985421839, -8.379613225569869 ], [ -76.127503357993533, -8.357525803273177 ], [ -76.106973816888114, -8.331771680418683 ], [ -76.056347610054104, -8.329290976097639 ], [ -76.042337859704446, -8.341521476235073 ], [ -76.038060485303106, -8.330611350833124 ], [ -75.996565407267667, -8.305663203094298 ], [ -75.994124985379756, -8.319234351384182 ], [ -75.967589305801766, -8.34580995096843 ], [ -75.946337211593004, -8.39912333567338 ], [ -75.947165775879796, -8.422399052873971 ], [ -75.967554734963016, -8.459925726690869 ], [ -75.954531235128343, -8.499486352213353 ], [ -75.970726609645283, -8.512400352394309 ], [ -75.965023485145707, -8.579974602445873 ], [ -75.979335985067621, -8.652880851969712 ], [ -75.964095734630405, -8.697357476666184 ], [ -75.946464859565594, -8.713550726984408 ], [ -75.921646531662077, -8.780808465138534 ], [ -75.927882819236686, -8.844538028007548 ], [ -75.910511404877411, -8.896327507908097 ], [ -75.901273486981779, -8.898151118079568 ], [ -75.903120728638669, -8.915495256001236 ], [ -75.88376730561663, -8.972732544671146 ], [ -75.894504179324372, -8.983714084337464 ], [ -75.891861380298451, -9.002018252140601 ], [ -75.860035962189841, -9.050056112099867 ], [ -75.837876497002696, -9.061944494842521 ], [ -75.837873568810096, -9.084892707732251 ], [ -75.825017223266229, -9.090050847568534 ], [ -75.821520054806626, -9.118965409326108 ], [ -75.802451882348464, -9.151775640833137 ], [ -75.796127269657745, -9.202670438290056 ], [ -75.77506748467664, -9.219730188097628 ], [ -75.763790264109389, -9.217098119782349 ], [ -75.763962765769008, -9.237848216921634 ], [ -75.720242496993592, -9.27722754631418 ], [ -75.705690838561338, -9.33626722115531 ], [ -75.688622686387816, -9.349366328792996 ], [ -75.695012359632642, -9.363927066780661 ], [ -75.671487855779901, -9.384863105947545 ], [ -75.668960380417161, -9.418436896945195 ], [ -75.616659877851021, -9.414075873902391 ], [ -75.611377673840536, -9.406141087141407 ], [ -75.600659498836762, -9.413812848284294 ], [ -75.493644484905019, -9.377011726809712 ], [ -75.456254609662494, -9.324999976767458 ], [ -75.451967944365094, -9.296343675120454 ], [ -75.418494022181335, -9.292605802215974 ], [ -75.372153733308096, -9.310229775883386 ], [ -75.349490798861268, -9.304544470550809 ], [ -75.334056966655623, -9.288764749193774 ], [ -75.31392881096582, -9.302088699933506 ], [ -75.304287680232221, -9.297023653418819 ], [ -75.272271695782081, -9.268044863879311 ], [ -75.271919693938685, -9.233415227430783 ], [ -75.256685954593081, -9.232475958398709 ], [ -75.242203017854933, -9.22093412041329 ], [ -75.220910950579878, -9.180077410843808 ], [ -75.211932162439325, -9.176427110322834 ], [ -75.216481073642569, -9.155075245326259 ], [ -75.228753582012189, -9.147704344280044 ], [ -75.241312683633396, -9.10110170607885 ], [ -75.206455339742092, -9.101338661250168 ], [ -75.204902058583116, -9.080286519607171 ], [ -75.19467356893, -9.073126937658003 ], [ -75.201214971293837, -9.063837913089174 ], [ -75.162401194059839, -9.033953457685868 ], [ -75.175709135068473, -9.024734923777658 ], [ -75.173864156105878, -9.011575218921166 ], [ -75.156811176394626, -9.010308703683677 ], [ -75.154346015955809, -8.999126329216665 ], [ -75.139214855980754, -8.999503405058078 ], [ -75.137559881283437, -8.988362861656697 ], [ -75.119755392996979, -8.983559998095416 ], [ -75.120105089877939, -8.960699137255347 ], [ -75.134845276788042, -8.94596926556909 ], [ -75.108413191915247, -8.922291441696643 ], [ -75.119427700727783, -8.907176093601777 ], [ -75.12232030533778, -8.880680375398981 ], [ -75.072939265634545, -8.87312019224305 ], [ -75.064714677740142, -8.882277260187379 ], [ -75.022403964970977, -8.858526659577649 ], [ -75.005002137338749, -8.869730511653756 ], [ -74.978980569597582, -8.871653108404189 ], [ -74.94071210887671, -8.857892601562241 ], [ -74.852198734084254, -8.763094352422399 ], [ -74.847978483719999, -8.691979601877051 ], [ -74.840776109329965, -8.679068976851738 ], [ -74.847284484091631, -8.661644727322255 ], [ -74.664147609224756, -8.561908727106015 ], [ -74.630328859089559, -8.550410351556422 ], [ -74.589746234101369, -8.548719351816601 ], [ -74.547134609074931, -8.584567226995887 ], [ -74.536122609370864, -8.629864976787189 ], [ -74.526597859003971, -8.754995602165252 ], [ -74.532178046179865, -8.776133164114185 ], [ -74.572874608976008, -8.792645851824545 ], [ -74.588089859159652, -8.812646477352985 ], [ -74.618308608755228, -8.832027352180489 ], [ -74.624214983634545, -8.888726601651285 ], [ -74.644310734053079, -8.918783226864377 ], [ -74.652740234274347, -8.979581977426278 ], [ -74.647874983843394, -8.995767602392903 ], [ -74.661709609211073, -9.003829601854591 ], [ -74.669163984430327, -9.020256727166156 ], [ -74.651366108858781, -9.04876835217766 ], [ -74.658399733560827, -9.071403726900428 ], [ -74.678093734338347, -9.094039101623196 ], [ -74.671864983981777, -9.110542476853766 ], [ -74.636538733575662, -9.125511227361187 ], [ -74.639564483713912, -9.159681601624584 ], [ -74.624466858558662, -9.215562477026651 ], [ -74.589904234193, -9.267171727393247 ], [ -74.587150233996056, -9.296607476853524 ], [ -74.625374609050937, -9.350208852356616 ], [ -74.627373983622419, -9.364775477306409 ], [ -74.654317484164551, -9.368774227348695 ], [ -74.657833983551484, -9.382013352234367 ], [ -74.672751359387689, -9.388882976568084 ], [ -74.684743859341609, -9.408870602396348 ], [ -74.709420108750976, -9.422210352425793 ], [ -74.675961484035213, -9.446914477221299 ], [ -74.694776858864884, -9.447673727160748 ], [ -74.728820733589941, -9.472412101737063 ], [ -74.741354859239323, -9.516236476931795 ], [ -74.750522859342425, -9.524607103035351 ], [ -74.735593733863709, -9.57444522766508 ], [ -74.755848984443048, -9.584049103083601 ], [ -74.755739358884284, -9.606544852662751 ], [ -74.772485733629651, -9.612379102813293 ], [ -74.764814859218347, -9.635716103415405 ], [ -74.78747798432147, -9.665769727590828 ], [ -74.821882733601228, -9.677188103048479 ], [ -74.817751733755472, -9.691264102855996 ], [ -74.828767733643929, -9.703963103014758 ], [ -74.816843609145224, -9.736433603028331 ], [ -74.843798859329866, -9.749148478019777 ], [ -74.839296234433618, -9.764927228109059 ], [ -74.847071359155848, -9.780477477553518 ], [ -74.84252273393696, -9.787459352566998 ], [ -74.821365734041365, -9.784920478297408 ], [ -74.81559960933447, -9.795428353135947 ], [ -74.826152608556015, -9.819685603008111 ], [ -74.836238983742078, -9.820048352649337 ], [ -74.83039860920843, -9.833807603138325 ], [ -74.835002609282981, -9.84710597805838 ], [ -74.859458359315795, -9.844518103327744 ], [ -74.882351484233595, -9.819738102731208 ], [ -74.90339185914695, -9.83888810270372 ], [ -74.951624484382421, -9.859909102622964 ], [ -74.985552859177062, -9.864063727658845 ], [ -74.993615983690631, -9.839797228259442 ], [ -75.057789234285679, -9.818918602711278 ], [ -75.094467859104384, -9.844477728264508 ], [ -75.160124984780168, -9.83997460334524 ], [ -75.254650359826201, -9.779002227870478 ], [ -75.31063860978395, -9.774671852823701 ], [ -75.279218984668375, -9.838239728380699 ], [ -75.27573661005647, -9.852069852641534 ], [ -75.282867359740806, -9.865330727630919 ], [ -75.321220735348618, -9.876909478289747 ], [ -75.369355984690912, -9.870832602742382 ], [ -75.399595860260717, -9.878455602643896 ], [ -75.411181610343021, -9.888426102882306 ], [ -75.409600485274154, -9.902007603268203 ], [ -75.395547234717071, -9.912776852569664 ], [ -75.404783610275331, -9.93021210260639 ], [ -75.421442109565646, -9.943435102647811 ], [ -75.445550484767011, -9.937889478216789 ], [ -75.453695985381387, -9.95576822802127 ], [ -75.462308610054265, -9.95728447779635 ], [ -75.47322823499502, -9.991940977893762 ], [ -75.508584484985931, -9.976916478412704 ], [ -75.548378609585143, -9.984414977968811 ], [ -75.560382360057815, -9.964135728081317 ], [ -75.596433359711739, -9.95370810334623 ], [ -75.595221234572307, -10.009620353396542 ], [ -75.60207948518007, -10.024774852577366 ], [ -75.64517961025075, -10.026927727932275 ], [ -75.676468734744276, -10.054275353224909 ], [ -75.691400360338321, -10.092257727911772 ], [ -75.689912110055786, -10.11887885297665 ], [ -75.703863235399979, -10.141900353418521 ], [ -75.700730359818238, -10.197339853251606 ], [ -75.709429609888559, -10.215070228408251 ], [ -75.728679609975984, -10.232771478121151 ], [ -75.759529234886259, -10.237679602831349 ], [ -75.784769485123604, -10.252160103306096 ], [ -75.812708984831772, -10.244089852564571 ], [ -75.839679609826078, -10.257390602594171 ], [ -75.856400360188445, -10.30171085317329 ], [ -75.893538984636393, -10.324281227596543 ], [ -75.924939359763584, -10.356720602973382 ], [ -75.934538984986148, -10.374980478266423 ], [ -75.925048735310838, -10.406560477683854 ], [ -75.960980359855682, -10.460570228133463 ], [ -75.975810110248347, -10.479336353389954 ], [ -76.00247848479421, -10.488822227863466 ], [ -76.011334734910065, -10.454897478235978 ], [ -76.024939859586823, -10.467438978326129 ], [ -76.03922260993545, -10.454577977891347 ], [ -76.057037110374324, -10.465419977849649 ], [ -76.078283234883372, -10.451988228074242 ], [ -76.078268735114023, -10.434153727612397 ], [ -76.092892485000164, -10.429281227746401 ], [ -76.104187485164289, -10.435546853004837 ], [ -76.118804734750654, -10.426373102636546 ], [ -76.129630859876272, -10.430800727671397 ], [ -76.144480485286124, -10.408116478392742 ], [ -76.17194923486926, -10.411546853304571 ], [ -76.185396735371, -10.395463102640008 ], [ -76.207169984906841, -10.388709978282805 ], [ -76.204169860050968, -10.37686522794786 ], [ -76.230888611020532, -10.371790977771354 ], [ -76.226329986239818, -10.39692997783618 ], [ -76.269476860768464, -10.36898822802425 ], [ -76.274705360863663, -10.402464727665006 ], [ -76.285287486428331, -10.416419978199372 ], [ -76.305517110825974, -10.412544727557076 ], [ -76.323409986281831, -10.359579977633814 ], [ -76.31693998559183, -10.340229978330797 ], [ -76.330679986092434, -10.316119978054473 ], [ -76.325759985834623, -10.305529978026016 ], [ -76.335789986118925, -10.286319977984533 ], [ -76.364499986285296, -10.299469978256866 ], [ -76.387219986313255, -10.289289978249826 ], [ -76.400679985592831, -10.308429977761193 ], [ -76.424939985591834, -10.319219978019532 ], [ -76.493976110608969, -10.310531228433376 ], [ -76.472804360932457, -10.337767603092345 ], [ -76.486581736358005, -10.352435603220442 ], [ -76.490941110943481, -10.378896478089928 ], [ -76.523839985926543, -10.377215977935009 ], [ -76.531895360982105, -10.38687297810543 ], [ -76.551880485795721, -10.38464447786032 ], [ -76.558243736059524, -10.393429728299282 ], [ -76.579253611365061, -10.375874853141909 ], [ -76.593380485820717, -10.387240227954123 ], [ -76.593358985728571, -10.401493977864732 ], [ -76.620394236005154, -10.415248103117392 ], [ -76.648976235664691, -10.415835978247742 ], [ -76.665248486028759, -10.438556603304562 ], [ -76.696819985953539, -10.442486352862829 ], [ -76.700875610920662, -10.461008727670617 ], [ -76.715663736192425, -10.462464853270319 ], [ -76.727395157560409, -10.47897345895791 ], [ -76.739615236354041, -10.467060602964409 ], [ -76.772349610945753, -10.464152352848771 ], [ -76.787386736009012, -10.438652353223461 ], [ -76.799853361243606, -10.439558477741514 ], [ -76.808333986124524, -10.392964853445164 ] ], [ [ -76.20906848612168, -8.789911226621768 ], [ -76.20906848522236, -8.789911226621768 ], [ -76.209642985635242, -8.789048102288064 ], [ -76.20906848612168, -8.789911226621768 ] ], [ [ -76.208997236433277, -8.8346167269803 ], [ -76.208997234634637, -8.8346167269803 ], [ -76.208706859733752, -8.834057727282243 ], [ -76.208997236433277, -8.8346167269803 ] ], [ [ -76.09633894068952, -9.028966448043093 ], [ -76.096412108631853, -9.028755289924618 ], [ -76.096087999261727, -9.029690649603765 ], [ -76.09633894068952, -9.028966448043093 ] ] ] } },
{ "type": "Feature", "properties": { "departamento": "ICA" }, "geometry": { "type": "Polygon", "coordinates": [ [ [ -75.855804734700712, -14.715460982038621 ], [ -75.848908235027011, -14.709960982013683 ], [ -75.854535109607582, -14.695630857178287 ], [ -75.916464860165149, -14.659175731874484 ], [ -75.927460985036419, -14.643123106745918 ], [ -75.929548860091757, -14.573867232386817 ], [ -75.974732485016148, -14.524605357351334 ], [ -75.964783234858373, -14.505892606858254 ], [ -75.973869109771556, -14.468296857014309 ], [ -76.039109360108853, -14.424527356652163 ], [ -76.066195235022064, -14.386943357349992 ], [ -76.136517609999657, -14.348810607023836 ], [ -76.145240235248593, -14.330156232424144 ], [ -76.110955110190162, -14.329220731551459 ], [ -76.105304735425136, -14.314058607019035 ], [ -76.139865234692763, -14.231859357023666 ], [ -76.190480485086255, -14.198257857014426 ], [ -76.198042984895778, -14.172765606847236 ], [ -76.217855485742007, -14.167915982136833 ], [ -76.216437486001155, -14.157634731957273 ], [ -76.225800736115048, -14.150474606817625 ], [ -76.251982485703138, -14.15439448181985 ], [ -76.259914111347143, -14.14216210659589 ], [ -76.27092573603386, -14.142156357230078 ], [ -76.256578236296548, -14.167486357109624 ], [ -76.254933610997284, -14.154912107307837 ], [ -76.253212860784856, -14.160456981704272 ], [ -76.272146485671726, -14.20019923160919 ], [ -76.275486360906768, -14.182898482379017 ], [ -76.293380861437583, -14.163251981993312 ], [ -76.278724610951997, -14.152429732046471 ], [ -76.285763610901881, -14.138220732400839 ], [ -76.279890610763061, -14.127537106652085 ], [ -76.284443361172123, -14.100013732247874 ], [ -76.29216011090034, -14.089003731736796 ], [ -76.276130860950445, -14.082490231738745 ], [ -76.276365235966807, -14.061872981552824 ], [ -76.260632861217516, -14.0557676073891 ], [ -76.270513735920133, -14.036146482274319 ], [ -76.262624986354012, -14.020232357237433 ], [ -76.285783235907559, -13.996789107131519 ], [ -76.270234235621444, -13.980869106823775 ], [ -76.273037111273652, -13.95187310695826 ], [ -76.295361361037919, -13.928367231662378 ], [ -76.282515611306394, -13.918048731563658 ], [ -76.282872985699669, -13.909042856742417 ], [ -76.29557223586994, -13.904626982249397 ], [ -76.298396485709191, -13.89328510672226 ], [ -76.312105485679581, -13.892453107025233 ], [ -76.316326236066914, -13.915445357017575 ], [ -76.327751985965335, -13.924658232391494 ], [ -76.341117236271373, -13.915083982439796 ], [ -76.356005860781806, -13.922804857358244 ], [ -76.372654361409616, -13.91022660737201 ], [ -76.396328111353228, -13.908898482279085 ], [ -76.398363235774696, -13.892074231640436 ], [ -76.385947236076049, -13.843853481952578 ], [ -76.367636736146437, -13.827919981921582 ], [ -76.370997985568522, -13.806197231117267 ], [ -76.357995985826051, -13.800574230816039 ], [ -76.344652360617886, -13.804273481435985 ], [ -76.325470735985618, -13.793292981385946 ], [ -76.29641798620105, -13.793277355665396 ], [ -76.288884735941792, -13.797863230803387 ], [ -76.311648486188631, -13.847074232090108 ], [ -76.297636735746721, -13.838036981721302 ], [ -76.263016320946406, -13.868990773305484 ], [ -76.250746404423012, -13.853929550008672 ], [ -76.25814843460256, -13.838728512710645 ], [ -76.247423717930189, -13.830341100761132 ], [ -76.250517937053132, -13.814656845137222 ], [ -76.222905767187342, -13.727806799743973 ], [ -76.219833808083763, -13.681620022446054 ], [ -76.199535218275685, -13.63147675874535 ], [ -76.185066360424173, -13.526835981095587 ], [ -76.193265464229739, -13.42343953960301 ], [ -76.209839860720933, -13.378072230848716 ], [ -76.244792861001713, -13.323513731173705 ], [ -76.2028799849233, -13.301679980646554 ], [ -76.162679984593581, -13.226069981444425 ], [ -76.155252609720151, -13.192200855784847 ], [ -76.011936734792414, -13.085499356310208 ], [ -75.968613860241419, -13.040836356112891 ], [ -75.961402360430554, -13.001378855849453 ], [ -75.942896859602342, -12.992233105873083 ], [ -75.87878123486604, -13.015994106242943 ], [ -75.849653235208621, -13.036180731355614 ], [ -75.824294234890999, -13.030513105795137 ], [ -75.817923485180643, -13.052148981190498 ], [ -75.800841735257848, -13.060333980928419 ], [ -75.772484360165038, -13.037861355616997 ], [ -75.76458773523575, -13.018236356222815 ], [ -75.723230484599128, -13.038745480919147 ], [ -75.690549234759317, -13.03510510621561 ], [ -75.686072110139719, -13.025318356356991 ], [ -75.665727984958494, -13.016489230693423 ], [ -75.667048609705546, -12.996556230585554 ], [ -75.636505859557758, -12.987575731035122 ], [ -75.637501359600037, -12.973236230767384 ], [ -75.614393109654259, -12.964933355989558 ], [ -75.60266761032193, -12.979355105553623 ], [ -75.608643109791672, -13.004055481075568 ], [ -75.639267860123596, -13.03201448078363 ], [ -75.628608234582316, -13.057066731344548 ], [ -75.652519234674912, -13.070503606356283 ], [ -75.677598984705355, -13.05448398095092 ], [ -75.676310609646862, -13.042703855898196 ], [ -75.686618360149168, -13.043071980787261 ], [ -75.694962485030601, -13.074792481287943 ], [ -75.705515485151466, -13.08043710578778 ], [ -75.718768234766173, -13.10976473065773 ], [ -75.707849609871573, -13.142722605663664 ], [ -75.693993110293775, -13.146627730885029 ], [ -75.706289859889068, -13.187651106413398 ], [ -75.688949359725143, -13.214274105665424 ], [ -75.70244135958103, -13.226886981349082 ], [ -75.706481484732706, -13.288286855853642 ], [ -75.730927735226771, -13.310306605965025 ], [ -75.754158735437272, -13.308939230860744 ], [ -75.787639985297062, -13.334789981372523 ], [ -75.809388609596624, -13.39684635557478 ], [ -75.762523485370536, -13.413765856109308 ], [ -75.74493810970597, -13.404794356074603 ], [ -75.718829609898535, -13.412576481119686 ], [ -75.689280984729635, -13.439670106390224 ], [ -75.677413235132633, -13.429969356000925 ], [ -75.651198484922077, -13.426845605840015 ], [ -75.633421860330543, -13.411183105715736 ], [ -75.614945484946134, -13.416796230561545 ], [ -75.598971109828824, -13.38998798086061 ], [ -75.585122109697579, -13.402668231053951 ], [ -75.538064484688164, -13.40475648112664 ], [ -75.531169610089421, -13.38938060573031 ], [ -75.522349234829278, -13.391338481085995 ], [ -75.505229859970029, -13.371848230711237 ], [ -75.500854484646709, -13.354744105655925 ], [ -75.492188610216147, -13.377531856110238 ], [ -75.499809985042759, -13.389079981256089 ], [ -75.465709985427452, -13.434139980875386 ], [ -75.473439984867355, -13.463259981063231 ], [ -75.470159984695499, -13.48383998133005 ], [ -75.49498998489986, -13.524279981036273 ], [ -75.477310485290616, -13.525484355818321 ], [ -75.495821859591103, -13.567053856350356 ], [ -75.509689984705005, -13.565409981085736 ], [ -75.510699985415954, -13.590179981221127 ], [ -75.519575359615089, -13.603514856025754 ], [ -75.484562110153206, -13.65470848111147 ], [ -75.488196859597338, -13.675902105897421 ], [ -75.496208735344794, -13.673330356011093 ], [ -75.501055359916904, -13.686732981242017 ], [ -75.515910484681058, -13.696393105657251 ], [ -75.531200984737609, -13.742710605709817 ], [ -75.554582359688084, -13.749571231427126 ], [ -75.537589735278004, -13.762395856083856 ], [ -75.54175773503141, -13.781889355709154 ], [ -75.538359109785063, -13.792822481272424 ], [ -75.527522360068815, -13.796958356342998 ], [ -75.524878484554392, -13.817899357069621 ], [ -75.543659984620547, -13.835439981569834 ], [ -75.563380011778065, -13.840860001287979 ], [ -75.559905484650358, -13.871305731674113 ], [ -75.546389984610073, -13.889399982423186 ], [ -75.522060109986057, -13.885114731759415 ], [ -75.481899984696497, -13.910599981603809 ], [ -75.457219985114193, -13.905459981992522 ], [ -75.433519984859402, -13.914069982443664 ], [ -75.381689985104686, -13.962759982187379 ], [ -75.359219984914319, -13.971499982338287 ], [ -75.355679985342988, -13.995769981899116 ], [ -75.329010984869001, -14.018023356992273 ], [ -75.270424734713686, -14.010594482049669 ], [ -75.251677360321878, -13.997846482329237 ], [ -75.232435234698301, -14.005830481791236 ], [ -75.258529109730603, -14.043166232235762 ], [ -75.186591734920569, -14.054113231640258 ], [ -75.165679984643532, -14.072529981973048 ], [ -75.108841734158659, -14.032884732044693 ], [ -75.088502109184958, -14.08156985656359 ], [ -75.06959998395206, -14.079846482129426 ], [ -75.057433359062259, -14.123953731879169 ], [ -75.07638010865503, -14.16590535704654 ], [ -75.088922108768259, -14.228983606608097 ], [ -75.07366810859628, -14.235612357424316 ], [ -75.066042983596788, -14.251610856855507 ], [ -75.039512109096506, -14.254167481943682 ], [ -75.032197859043947, -14.26567910720496 ], [ -75.04970360873449, -14.286538731876931 ], [ -75.08221123366144, -14.297281981777985 ], [ -75.093926859337046, -14.312424482204051 ], [ -75.107911609433188, -14.347015856996165 ], [ -75.105086858671541, -14.358777857112386 ], [ -75.139826109886997, -14.415908231679509 ], [ -75.119137609113352, -14.421131107414624 ], [ -75.121942608964218, -14.427275731589702 ], [ -75.105841734308569, -14.434044231655946 ], [ -75.088968609113977, -14.426408982088788 ], [ -75.052994109390625, -14.431150357203194 ], [ -75.070190984226485, -14.449158481678523 ], [ -75.068459359411861, -14.45835760731768 ], [ -75.09813773426896, -14.485097231551947 ], [ -75.086675358580919, -14.530205856614941 ], [ -75.067144109013384, -14.52857098176537 ], [ -75.080822484370117, -14.551430231919596 ], [ -75.080090108871389, -14.569009982324758 ], [ -75.06585823407022, -14.574483482027006 ], [ -75.059900358614641, -14.622617607216739 ], [ -75.053223234164875, -14.627207356634131 ], [ -75.034161108748151, -14.611287732242999 ], [ -75.010033234446155, -14.606156232124363 ], [ -74.996196984003575, -14.611899606681447 ], [ -74.978660608799998, -14.602414357236739 ], [ -74.958919733558844, -14.606451232238555 ], [ -74.946628359211388, -14.580835231760489 ], [ -74.913392108958647, -14.565616357309011 ], [ -74.89720448389977, -14.544886732336806 ], [ -74.876203233992044, -14.553391981554682 ], [ -74.883964858991021, -14.576222607187503 ], [ -74.859029234311663, -14.608379607133145 ], [ -74.788166233684706, -14.615563231557871 ], [ -74.846581359042432, -14.666147232308901 ], [ -74.846516108731407, -14.688017606827032 ], [ -74.837798233701506, -14.69579110737368 ], [ -74.845313859047337, -14.709147732281963 ], [ -74.831100484199965, -14.718298731601124 ], [ -74.826466483641241, -14.735276857141173 ], [ -74.80269998391708, -14.752149982335766 ], [ -74.777380358616597, -14.72938923222722 ], [ -74.749845983705143, -14.729081482424419 ], [ -74.715873108656979, -14.709521482430432 ], [ -74.734340358620614, -14.729790731856724 ], [ -74.738526609215626, -14.753734481660956 ], [ -74.752692483671126, -14.764041357122892 ], [ -74.755763484097486, -14.783091982009296 ], [ -74.76470210941477, -14.790456481681247 ], [ -74.747755484428012, -14.813104356980432 ], [ -74.714396858927842, -14.817800981829805 ], [ -74.751504233733385, -14.827554481953712 ], [ -74.754580234390289, -14.835289981647293 ], [ -74.7462399837882, -14.84354998214593 ], [ -74.733404358624227, -14.837915982236723 ], [ -74.732509733737174, -14.846660106678542 ], [ -74.720795109007042, -14.836728482333569 ], [ -74.693840358845421, -14.838155231578639 ], [ -74.680960859356162, -14.854278857283418 ], [ -74.675821733885869, -14.862072481959444 ], [ -74.681066233819593, -14.87308323160579 ], [ -74.662392734237244, -14.900123107995 ], [ -74.685328609327826, -14.93015448294301 ], [ -74.659385234041281, -14.970336108324716 ], [ -74.646303359212595, -14.977893482897855 ], [ -74.665693733578905, -14.997902357907435 ], [ -74.668999984061998, -15.053699983067702 ], [ -74.757999983812169, -15.092839983078704 ], [ -74.815919983820152, -15.139499982737959 ], [ -74.85520935942435, -15.153830482590649 ], [ -74.877349858808884, -15.153679857839109 ], [ -74.929305983983909, -15.192401858359005 ], [ -74.963638359422703, -15.253898607834458 ], [ -74.968200734376353, -15.299422233149471 ], [ -75.003879733962492, -15.330230357944629 ], [ -75.016555733959933, -15.351096232904752 ], [ -75.018485983940991, -15.382413857813219 ], [ -75.045547483629434, -15.430330232853919 ], [ -75.074515609008131, -15.443374982769171 ], [ -75.071078108767665, -15.435634732856613 ], [ -75.081912109256393, -15.424009732762897 ], [ -75.099644483605971, -15.42348435781679 ], [ -75.122191358744146, -15.405861358115146 ], [ -75.140404234567711, -15.407165983023674 ], [ -75.144683609960566, -15.393810483167215 ], [ -75.158570360034048, -15.392873108107381 ], [ -75.161509734786421, -15.378128858060279 ], [ -75.194527359849758, -15.368146483173632 ], [ -75.185830274447596, -15.355080010134316 ], [ -75.156658763790858, -15.356023057218295 ], [ -75.151778748290553, -15.335451084300075 ], [ -75.169156234872275, -15.30708398303932 ], [ -75.195925609579206, -15.291152358094791 ], [ -75.229134735379716, -15.285740232625585 ], [ -75.248648485039496, -15.255295108382484 ], [ -75.263812484658388, -15.251183607637358 ], [ -75.227107485422096, -15.259273483384504 ], [ -75.218410110438185, -15.249339858047961 ], [ -75.216624984955047, -15.231415982961209 ], [ -75.234169859651274, -15.200517607601455 ], [ -75.275632859768621, -15.167736357646731 ], [ -75.316869110221205, -15.14993160765755 ], [ -75.336222609685649, -15.146218733207945 ], [ -75.349496110257235, -15.158331983334335 ], [ -75.348124984980018, -15.148415982911217 ], [ -75.357923860397818, -15.139947232678594 ], [ -75.371744110102554, -15.151544983314295 ], [ -75.371339860346211, -15.12814848266629 ], [ -75.384134735429654, -15.11640623256153 ], [ -75.394785109645056, -15.08066998303326 ], [ -75.409214859578071, -15.067990232862883 ], [ -75.413574235062868, -15.043123107745203 ], [ -75.433164109635925, -15.0265761082008 ], [ -75.442693360210342, -15.000591857827942 ], [ -75.486322235382829, -14.979081982847163 ], [ -75.503142609943438, -14.962382857582782 ], [ -75.501863110294266, -14.941808607581152 ], [ -75.491648484589859, -14.93420310758728 ], [ -75.509790984866015, -14.91077148301747 ], [ -75.574521485078435, -14.867796982444759 ], [ -75.682025359682541, -14.817708982083786 ], [ -75.760308609854405, -14.76141010719067 ], [ -75.855804734700712, -14.715460982038621 ] ] ] } },
{ "type": "Feature", "properties": { "departamento": "JUNIN" }, "geometry": { "type": "Polygon", "coordinates": [ [ [ -75.628380109854163, -12.140384855076945 ], [ -75.63870311016035, -12.12153185531082 ], [ -75.634563234905329, -12.114639104910736 ], [ -75.663581859914871, -12.090926729984574 ], [ -75.688221860350552, -12.082133480075981 ], [ -75.673889985434414, -12.057919980422696 ], [ -75.694304735275296, -12.042691354622264 ], [ -75.71673436040237, -12.046519479890037 ], [ -75.742039485034184, -12.036547104565159 ], [ -75.751123359855114, -12.05485710537107 ], [ -75.76566298535846, -12.059627355018392 ], [ -75.818936860147915, -12.013737229889216 ], [ -75.833560485028329, -12.024702105118024 ], [ -75.842549359964949, -12.00645285531499 ], [ -75.884288485225397, -11.993630854879996 ], [ -75.904147109601411, -11.998396605219114 ], [ -75.924052860251265, -11.984252104950656 ], [ -75.948584110168497, -11.994402230378569 ], [ -75.954260110215898, -11.986176104643448 ], [ -75.975305485359797, -11.983940604974919 ], [ -75.993179734956755, -11.994679729685743 ], [ -76.000711485146894, -11.98508123041438 ], [ -76.01425410963941, -11.984329729933052 ], [ -76.052585360126216, -11.948236230117857 ], [ -76.058220735098814, -11.912808605432758 ], [ -76.049768359722009, -11.90108660536248 ], [ -76.058587484924431, -11.879406354719436 ], [ -76.0944354851095, -11.848468355230352 ], [ -76.137327609581462, -11.780511354615271 ], [ -76.154380859988635, -11.781388604600352 ], [ -76.185063110274257, -11.739909354632971 ], [ -76.198949485330445, -11.736476854623106 ], [ -76.207502859968997, -11.699786105144597 ], [ -76.196685860264211, -11.692565104895607 ], [ -76.193297484591199, -11.673486979640359 ], [ -76.204882734650425, -11.659531104077132 ], [ -76.188374235082847, -11.643062228638883 ], [ -76.197264109950652, -11.622312853655217 ], [ -76.179550734678628, -11.612873103610809 ], [ -76.189418359669503, -11.59040060420449 ], [ -76.199393985144241, -11.588431479229314 ], [ -76.2287438610403, -11.55381060397616 ], [ -76.237413610649583, -11.569009104286692 ], [ -76.264729486276735, -11.567194479241778 ], [ -76.273085985829539, -11.582005853787052 ], [ -76.29765036137502, -11.596173854239908 ], [ -76.304369610968706, -11.567527979332738 ], [ -76.317514486004711, -11.562699603803651 ], [ -76.327859861443415, -11.544322729410396 ], [ -76.350002485925927, -11.542297978668728 ], [ -76.350645860917723, -11.520413604404268 ], [ -76.35939948579761, -11.522867479250692 ], [ -76.376839111036134, -11.501488604015833 ], [ -76.380989735887567, -11.486045354109763 ], [ -76.371484986442908, -11.476480103673794 ], [ -76.37740823620112, -11.444220729403071 ], [ -76.396148486163668, -11.442294978730217 ], [ -76.411648485988792, -11.41588472939668 ], [ -76.401417986350964, -11.402851729123938 ], [ -76.420057486164012, -11.375092603740597 ], [ -76.422683610859906, -11.354855478997138 ], [ -76.430351611037963, -11.345864228950973 ], [ -76.450972611396878, -11.343904354402412 ], [ -76.478470111406466, -11.29204597923848 ], [ -76.463421985835964, -11.270660603703845 ], [ -76.456932486045332, -11.272520604042597 ], [ -76.477090985760356, -11.263912853695217 ], [ -76.490714861301797, -11.246595728709849 ], [ -76.483199235955908, -11.236943353752736 ], [ -76.494208611438239, -11.209739603799619 ], [ -76.492077236175476, -11.189313979356598 ], [ -76.505563235754664, -11.173665478978648 ], [ -76.505174610819608, -11.143788103937823 ], [ -76.518997985668477, -11.116753853707337 ], [ -76.495659110879217, -11.109552979386422 ], [ -76.490955610712831, -11.089096854436264 ], [ -76.461197235763791, -11.084128853763559 ], [ -76.446806610836404, -11.071247354181992 ], [ -76.43366211081775, -11.080093728842485 ], [ -76.392349611345423, -11.070421853885421 ], [ -76.350958985968362, -11.094193353840183 ], [ -76.336738235780899, -11.08248247928293 ], [ -76.319070360808439, -11.090562478675395 ], [ -76.307900361012798, -11.132664103565503 ], [ -76.257769986395715, -11.151749979178135 ], [ -76.244589985639266, -11.142939979396488 ], [ -76.227449985728242, -11.15575997883991 ], [ -76.21462998628482, -11.150310104327787 ], [ -76.250149985733231, -11.105199979195618 ], [ -76.239570361183212, -11.049199103655667 ], [ -76.259667860783111, -11.027401853912409 ], [ -76.253443110611045, -11.022878478958603 ], [ -76.25995148627203, -11.015006479265537 ], [ -76.255671110833077, -11.002395103651054 ], [ -76.263745610871183, -10.998587354322922 ], [ -76.272947735749369, -10.971019228754358 ], [ -76.265482485927919, -10.959578354057726 ], [ -76.276720111144186, -10.950351228926024 ], [ -76.276806610636527, -10.919056604178877 ], [ -76.252654236104092, -10.927704603684447 ], [ -76.191445359615614, -11.029152353698123 ], [ -76.156699234881728, -11.055818354033761 ], [ -76.14750586040708, -11.078722603565268 ], [ -76.121886734784937, -11.085644479409154 ], [ -76.1220253598824, -11.101206979418521 ], [ -76.095703110110378, -11.120790978720663 ], [ -76.096396484709942, -11.108380854292932 ], [ -76.066955109990317, -11.11447260372762 ], [ -76.064421860080756, -11.095439478748915 ], [ -76.02965623534692, -11.087197229068806 ], [ -76.028908235026961, -11.065458979348364 ], [ -76.009406360015475, -11.048208978861226 ], [ -76.011382985336468, -11.032494104019634 ], [ -76.017609359684172, -11.02573635444918 ], [ -76.044578109592067, -11.024732479020656 ], [ -76.048964860439924, -10.99848435406966 ], [ -76.07308198514545, -10.974337853908764 ], [ -76.10916985970124, -10.971458979248439 ], [ -76.110587860341468, -10.96205860422117 ], [ -76.122525359557642, -10.967595729159541 ], [ -76.122899984746482, -10.962109978892386 ], [ -76.082139984672494, -10.895139978826933 ], [ -76.045509985297542, -10.880739979366524 ], [ -75.995710734762554, -10.821242229445261 ], [ -75.937146484722462, -10.871507854004221 ], [ -75.935923859998127, -10.889722604014935 ], [ -75.913160234757015, -10.872001104267497 ], [ -75.876069984841877, -10.86749522922139 ], [ -75.864781859994821, -10.87658597935939 ], [ -75.858259359581723, -10.867856978816462 ], [ -75.836967984784621, -10.886036729011778 ], [ -75.81557885997637, -10.872493228579572 ], [ -75.815447485213213, -10.846981604317534 ], [ -75.789140610250911, -10.82527147909542 ], [ -75.758570234728495, -10.830089854163418 ], [ -75.732806859648804, -10.809264479272258 ], [ -75.693252610319689, -10.817219354189774 ], [ -75.692962860447608, -10.835138729069058 ], [ -75.678548735335823, -10.840179603605748 ], [ -75.649769104260713, -10.823380230912903 ], [ -75.606621735104966, -10.823115978619455 ], [ -75.584095860035859, -10.801567103638888 ], [ -75.567770984942968, -10.727119979103691 ], [ -75.556919859563834, -10.744070229257602 ], [ -75.542480360080503, -10.740970604309894 ], [ -75.514468734744298, -10.756371104043183 ], [ -75.490249984848901, -10.756829978620544 ], [ -75.477890610063582, -10.78096085396021 ], [ -75.460788985123543, -10.749771478670766 ], [ -75.435910110363238, -10.747460854135056 ], [ -75.394810484915922, -10.759140604055574 ], [ -75.386939360263227, -10.799451104085165 ], [ -75.390759860179344, -10.832259854408733 ], [ -75.409339859946556, -10.845208979410813 ], [ -75.410721984831696, -10.861700604099553 ], [ -75.396292234898681, -10.853229853774678 ], [ -75.385727360129522, -10.86493685405253 ], [ -75.362737735258236, -10.850112478907704 ], [ -75.354728484631835, -10.828539853731229 ], [ -75.361878860221168, -10.81916985420537 ], [ -75.347890609963656, -10.800290979145302 ], [ -75.33781586031364, -10.801276228714926 ], [ -75.304274610384937, -10.838236353924572 ], [ -75.284529234936201, -10.841650353980583 ], [ -75.264249985048707, -10.828050728658127 ], [ -75.247958984719332, -10.803101479249847 ], [ -75.24390035961386, -10.763880854118099 ], [ -75.204183985002885, -10.76467622892477 ], [ -75.189948985057583, -10.780401979267879 ], [ -75.176645859918438, -10.749901729281362 ], [ -75.157079984653535, -10.761980478716055 ], [ -75.142329985240565, -10.741249978703536 ], [ -75.109639859092169, -10.723993353810158 ], [ -75.088447234352373, -10.683537104253901 ], [ -75.071622733702156, -10.677849603676236 ], [ -75.07431648381862, -10.665810479270135 ], [ -75.065072858825317, -10.652894478996984 ], [ -75.035639233563757, -10.682317728780106 ], [ -75.020700609445555, -10.673694478617222 ], [ -75.011729484428145, -10.679525603623688 ], [ -75.006489608808351, -10.718802228639902 ], [ -74.987341608928091, -10.734156728949813 ], [ -74.982817608945481, -10.749787104391316 ], [ -74.956481609438697, -10.732823728632127 ], [ -74.938289858689984, -10.749601978948135 ], [ -74.918009733762176, -10.755129854359268 ], [ -74.913284734402907, -10.748385353601122 ], [ -74.885238734280108, -10.770597603596457 ], [ -74.865936233570267, -10.758972104379041 ], [ -74.887539359253992, -10.7107359789822 ], [ -74.87816485862129, -10.700699354291714 ], [ -74.851135483615622, -10.732970104086974 ], [ -74.831310984014635, -10.780536479175112 ], [ -74.79482685917219, -10.829872354025895 ], [ -74.760363108970239, -10.825142229430298 ], [ -74.733168983561711, -10.833917979431135 ], [ -74.690845609237442, -10.886795353922423 ], [ -74.681346859170162, -10.889157104017102 ], [ -74.679180859109294, -10.879071478865626 ], [ -74.640182984357182, -10.869121228661754 ], [ -74.614102484042348, -10.904625479182471 ], [ -74.562363483987554, -10.913682478663418 ], [ -74.508383734022061, -10.950299729249082 ], [ -74.496471609177377, -11.000238729034095 ], [ -74.450309734106895, -11.001866978578164 ], [ -74.373654734378476, -11.056522354123274 ], [ -74.34163423443232, -11.054772854383657 ], [ -74.316450234091008, -11.036712979320498 ], [ -74.281506859254137, -11.033125979380372 ], [ -74.256435983733638, -11.018222729195543 ], [ -74.202767358726589, -11.02101347928857 ], [ -74.190869983662765, -10.985997103783291 ], [ -74.15565273378661, -10.998760979235783 ], [ -74.137384484006702, -10.98869397904383 ], [ -74.102906234035459, -10.98640447868371 ], [ -74.061358357702034, -10.995744978647792 ], [ -74.007201857679547, -10.991308479102997 ], [ -73.978837983186338, -11.069038478942616 ], [ -73.983717733386641, -11.09244122897951 ], [ -73.975926732932351, -11.125498479071496 ], [ -73.954551482864588, -11.150398853923946 ], [ -73.916487232999373, -11.143101978773245 ], [ -73.89061398324867, -11.169652979201601 ], [ -73.872575358266147, -11.170062354194272 ], [ -73.852695507191868, -11.164261616380429 ], [ -73.865646983021804, -11.098680478920926 ], [ -73.861891608410986, -10.976781104164559 ], [ -73.855748108388468, -10.956965604079301 ], [ -73.82340723305731, -10.921072728623471 ], [ -73.826748608361527, -10.911353604185422 ], [ -73.812935608091777, -10.888886729139188 ], [ -73.82077435805013, -10.879013728900418 ], [ -73.817773108142376, -10.81380610416835 ], [ -73.813605358400537, -10.799219104178292 ], [ -73.790703858096549, -10.796360978676205 ], [ -73.781808357969282, -10.786179353594264 ], [ -73.781986358083941, -10.750624979359259 ], [ -73.742116107672189, -10.734008229296307 ], [ -73.731742482729373, -10.753818479139454 ], [ -73.668029482674456, -10.791113228592565 ], [ -73.666568357743472, -10.802639603634759 ], [ -73.610396233299468, -10.846573854399821 ], [ -73.560898358172665, -10.859255978780368 ], [ -73.564258982565946, -10.934033479161712 ], [ -73.572577108047085, -10.95449997869099 ], [ -73.558779107569706, -10.974962728946764 ], [ -73.553011607799419, -11.014051604298061 ], [ -73.54099285843364, -11.022098103944302 ], [ -73.542578732822221, -11.047424478656694 ], [ -73.482603483364016, -11.065242229245428 ], [ -73.471080982601222, -11.088492603550776 ], [ -73.466780608038619, -11.11907247861194 ], [ -73.475186483069706, -11.128355853639675 ], [ -73.449811607919344, -11.23676797875919 ], [ -73.463230608006143, -11.284408978691374 ], [ -73.459194233027404, -11.300924103564455 ], [ -73.484128857660608, -11.318531229332734 ], [ -73.484561482826109, -11.350264103605468 ], [ -73.479534108012615, -11.353973103775672 ], [ -73.467868857861447, -11.34365122942063 ], [ -73.44975860817317, -11.368082979246026 ], [ -73.41974948335195, -11.383938229265823 ], [ -73.443302733134601, -11.409678854195704 ], [ -73.456762858319223, -11.442115603552224 ], [ -73.469045608168244, -11.445224603932274 ], [ -73.47983135823057, -11.469905354448485 ], [ -73.453813358099978, -11.505327103862726 ], [ -73.450402233176476, -11.533067604286487 ], [ -73.487126233289018, -11.534915979089135 ], [ -73.502332483057614, -11.563161979441759 ], [ -73.559650983206268, -11.592050978869509 ], [ -73.582031982889646, -11.615575979148048 ], [ -73.612510982795584, -11.677914979692503 ], [ -73.571936593798739, -11.742627442202661 ], [ -73.570522982749424, -11.762889854982802 ], [ -73.579914233255238, -11.769388105176859 ], [ -73.581327357771329, -11.789062730060891 ], [ -73.577505107774471, -11.836484729786378 ], [ -73.555257607952228, -11.852361729909887 ], [ -73.511130358179457, -11.862412230240182 ], [ -73.490531607947332, -11.878170480283416 ], [ -73.462659107731611, -11.929808480177144 ], [ -73.441569983268096, -11.941252980040929 ], [ -73.445185232712277, -11.961038854659364 ], [ -73.430101358191109, -11.982101354693725 ], [ -73.43550698336054, -11.996724979574083 ], [ -73.421445858339666, -12.015441855257393 ], [ -73.405314483176824, -12.005494105168793 ], [ -73.397884858199632, -12.020943480357289 ], [ -73.408450483003321, -12.064205104781706 ], [ -73.391230357994573, -12.075711104783636 ], [ -73.401015482778291, -12.090833605186674 ], [ -73.355129482839345, -12.112801104687207 ], [ -73.36483260833819, -12.137596605099191 ], [ -73.441411983176465, -12.15404985481689 ], [ -73.469648483090964, -12.219966479869129 ], [ -73.4698652331939, -12.236894479896307 ], [ -73.497834108357381, -12.25237472970997 ], [ -73.521703983352097, -12.249980979938243 ], [ -73.548121108002704, -12.260929730322744 ], [ -73.558947483139775, -12.274888355113433 ], [ -73.574326357775135, -12.276842355290398 ], [ -73.58495385773432, -12.313106479880105 ], [ -73.586068607879895, -12.366176105143097 ], [ -73.599034732766654, -12.385865604813773 ], [ -73.628350983011444, -12.373702355079558 ], [ -73.636500982933967, -12.378785479766009 ], [ -73.657694482714192, -12.359539479863031 ], [ -73.659915607619155, -12.328747729923748 ], [ -73.689066608337271, -12.299405980301685 ], [ -73.703109358410131, -12.270494104819022 ], [ -73.737500857978148, -12.26662223023169 ], [ -73.801893982920944, -12.220297104827466 ], [ -73.831249983200109, -12.227729979954574 ], [ -73.843409982784465, -12.239389979863631 ], [ -73.883326607636775, -12.235786855079255 ], [ -73.901423857624877, -12.249000729699844 ], [ -73.923836857884623, -12.224749230092868 ], [ -73.937407357763334, -12.222711729662535 ], [ -73.949049982770475, -12.234729979904614 ], [ -73.980451607955331, -12.242588354868644 ], [ -73.987496608181857, -12.271664729843337 ], [ -73.999850482713555, -12.283576854688022 ], [ -74.021875483067049, -12.277363855057843 ], [ -74.039786732571599, -12.261408729928917 ], [ -74.059281608159665, -12.276550855337632 ], [ -74.097353609281583, -12.28370935540238 ], [ -74.104120609278652, -12.3132432298911 ], [ -74.121439484344705, -12.333601479824381 ], [ -74.129783484220354, -12.3312216047932 ], [ -74.131159983846146, -12.314605104741759 ], [ -74.146156233823092, -12.324382730078867 ], [ -74.166227734022641, -12.312397354554207 ], [ -74.183747359353106, -12.316640980097134 ], [ -74.188262983949528, -12.30305560543178 ], [ -74.218701608792173, -12.301735604814269 ], [ -74.218042608979204, -12.278080229818727 ], [ -74.232632109084534, -12.267505979617226 ], [ -74.245509859392484, -12.269479229782576 ], [ -74.24775623366321, -12.258043355316545 ], [ -74.25753885923092, -12.25644235523049 ], [ -74.269830358584159, -12.239347854719654 ], [ -74.284072108840689, -12.240642605072139 ], [ -74.290850484362352, -12.223404980155635 ], [ -74.311585358677348, -12.223786604767952 ], [ -74.316831233674463, -12.231318604969601 ], [ -74.330357984233558, -12.221926105305442 ], [ -74.336520984255969, -12.21493347979623 ], [ -74.329733734224419, -12.211238855288912 ], [ -74.334185483573151, -12.194464230140056 ], [ -74.344238609024558, -12.195327355373081 ], [ -74.351700733701875, -12.177999979915114 ], [ -74.343298858855235, -12.169089479995478 ], [ -74.361305234149199, -12.15522285495075 ], [ -74.351715859399349, -12.136980229553899 ], [ -74.363483983898675, -12.137842604752336 ], [ -74.398815609552685, -12.103611481284815 ], [ -74.410309983119191, -12.106485229809437 ], [ -74.419520234271374, -12.093775855071613 ], [ -74.414220983611472, -12.076462980282258 ], [ -74.421370985082831, -12.067526105045658 ], [ -74.433121608775195, -12.069891105290253 ], [ -74.442478109477122, -12.045037103079778 ], [ -74.453068358617827, -12.048620979674411 ], [ -74.454375732753817, -12.033945980122837 ], [ -74.480682233598145, -12.026587104810972 ], [ -74.487615734078815, -12.033712981069186 ], [ -74.501124232896984, -12.020806105317433 ], [ -74.528185734384124, -12.01523635477389 ], [ -74.543562983944526, -11.999012854859302 ], [ -74.56695885866435, -11.997463605361077 ], [ -74.571706859084259, -11.984808979550735 ], [ -74.594112859021209, -11.986974979611546 ], [ -74.592750109130179, -11.995495730443565 ], [ -74.602547483579485, -11.999512105399276 ], [ -74.624164609009483, -11.98518197966456 ], [ -74.657572859100128, -11.992684105287196 ], [ -74.661429983906601, -12.005609980116446 ], [ -74.679199984091952, -12.018259979814161 ], [ -74.683359984375727, -12.038139980175913 ], [ -74.716899984246822, -12.059419980347741 ], [ -74.744509984048477, -12.040899979750236 ], [ -74.794279984133937, -12.058289980398229 ], [ -74.81874998392459, -12.053529980324299 ], [ -74.837373608904898, -12.070818479888885 ], [ -74.870774108638159, -12.065991980345586 ], [ -74.939015733888994, -12.018355604727333 ], [ -74.997754358876534, -12.0210801053625 ], [ -75.021942234146763, -12.013071604770687 ], [ -75.026814734012703, -12.002196355077672 ], [ -75.047542358892713, -11.998558979613165 ], [ -75.047052608790807, -12.011563605376068 ], [ -75.086400859412095, -12.053255855273449 ], [ -75.073830358883924, -12.061311105323227 ], [ -75.065164109436068, -12.091917104790525 ], [ -75.070946859010292, -12.112932980372705 ], [ -75.062919734358218, -12.13471598035818 ], [ -75.076945358641353, -12.147145729791532 ], [ -75.072620608853981, -12.157799980084974 ], [ -75.04892110862221, -12.167547729943749 ], [ -75.049356608920334, -12.201342979894548 ], [ -75.05905285910211, -12.205472979694207 ], [ -75.071627858938484, -12.235202605116115 ], [ -75.085509608781365, -12.236727730300458 ], [ -75.100447108747005, -12.251100605308636 ], [ -75.105221483584558, -12.271142230029852 ], [ -75.09892848386238, -12.285317854934988 ], [ -75.140139984972279, -12.34140998018637 ], [ -75.131009983923605, -12.378500105095725 ], [ -75.154140984918456, -12.395699230035405 ], [ -75.182369985386458, -12.360279979837173 ], [ -75.220084610316462, -12.390454605095897 ], [ -75.213933484942345, -12.413890729873231 ], [ -75.223488109888308, -12.439077355335655 ], [ -75.215515360045799, -12.46342110470016 ], [ -75.229648984812741, -12.47557185475722 ], [ -75.251877234646599, -12.462880354944389 ], [ -75.277441485436157, -12.466796604779461 ], [ -75.297664485427617, -12.485247604893004 ], [ -75.309487484759586, -12.479127480049101 ], [ -75.32473998486239, -12.485502104938121 ], [ -75.319339109911937, -12.51450285502267 ], [ -75.367037984815113, -12.542948729700072 ], [ -75.391907985065416, -12.576212730333168 ], [ -75.409447235401558, -12.584730480127519 ], [ -75.4153827348253, -12.628417105265157 ], [ -75.442645234789723, -12.617741479885353 ], [ -75.460793985354087, -12.63138597957925 ], [ -75.452561360218567, -12.657194229929701 ], [ -75.468573985301134, -12.68371572989696 ], [ -75.484214735321757, -12.676051479891839 ], [ -75.490854234835012, -12.647937355224713 ], [ -75.52538960974266, -12.618367229963667 ], [ -75.580223735437016, -12.640085979684159 ], [ -75.579378735140494, -12.595081229914797 ], [ -75.566211609977756, -12.572462355053574 ], [ -75.571840609656363, -12.564067854647703 ], [ -75.535973985411033, -12.518548105410673 ], [ -75.557407609573488, -12.456590480366344 ], [ -75.558869485438379, -12.412102230133769 ], [ -75.566940040150712, -12.412200018815781 ], [ -75.548701110068123, -12.364243980075571 ], [ -75.568216484802917, -12.331638730143254 ], [ -75.588596484839854, -12.325003229915069 ], [ -75.586699859610803, -12.299252980440656 ], [ -75.642135860181781, -12.229623105022256 ], [ -75.652727110267904, -12.205669729774172 ], [ -75.671262146630738, -12.192455465747116 ], [ -75.668700392708899, -12.183417841260336 ], [ -75.648466234828845, -12.174208355431233 ], [ -75.641923985303663, -12.149952854740434 ], [ -75.628380109854163, -12.140384855076945 ] ], [ [ -74.270350788158282, -12.073172144179068 ], [ -74.269422787631527, -12.074992393584068 ], [ -74.268987762091285, -12.075770869146019 ], [ -74.269422786732207, -12.074992393584068 ], [ -74.269922533697923, -12.073957269412404 ], [ -74.270350783661684, -12.073172144179068 ], [ -74.270957535561763, -12.071601643700831 ], [ -74.271600038211147, -12.070245394109577 ], [ -74.270350788158282, -12.073172144179068 ] ], [ [ -74.267700035528151, -12.076940018467042 ], [ -74.268490392867875, -12.076384585812644 ], [ -74.266720037999335, -12.077250019272924 ], [ -74.267700035528151, -12.076940018467042 ] ], [ [ -74.264900037706525, -12.081100018750817 ], [ -74.261627440941979, -12.088109369673743 ], [ -74.265950037564153, -12.077980018762787 ], [ -74.264900037706525, -12.081100018750817 ] ], [ [ -74.261270037582108, -12.088600019275418 ], [ -74.261270036682788, -12.088600019275418 ], [ -74.261590038633329, -12.088340017645644 ], [ -74.261270037582108, -12.088600019275418 ] ], [ [ -74.257500037296836, -12.090090018739318 ], [ -74.257735038241378, -12.089735019005872 ], [ -74.257460038150185, -12.090220018888715 ], [ -74.257500037296836, -12.090090018739318 ] ], [ [ -74.257390034922139, -12.091320018803799 ], [ -74.257412537983186, -12.090592518979534 ], [ -74.257167913168644, -12.09338476869209 ], [ -74.257390034922139, -12.091320018803799 ] ], [ [ -74.257167913168644, -12.09338476869209 ], [ -74.25686003836006, -12.096540019406348 ], [ -74.255392538135084, -12.09725001887324 ], [ -74.257167913168644, -12.09338476869209 ] ], [ [ -74.255392538135084, -12.09725001887324 ], [ -74.254380038208183, -12.099860018724826 ], [ -74.254355990132751, -12.101062403030916 ], [ -74.255392538135084, -12.09725001887324 ] ], [ [ -74.253260037820439, -12.104480018637901 ], [ -74.25326003692112, -12.104480018637901 ], [ -74.254238475475205, -12.101818706168302 ], [ -74.253260037820439, -12.104480018637901 ] ], [ [ -74.25041003679371, -12.105790017894947 ], [ -74.251260038220153, -12.105880019347353 ], [ -74.250380428204807, -12.105766423720983 ], [ -74.25041003679371, -12.105790017894947 ] ], [ [ -74.249295713310403, -12.104542180035594 ], [ -74.248550039152974, -12.10345001970262 ], [ -74.249230038135693, -12.104440017692639 ], [ -74.249295713310403, -12.104542180035594 ] ], [ [ -74.243080037813456, -12.107220019088572 ], [ -74.242350038323593, -12.107360019249427 ], [ -74.24468067154811, -12.105201578911569 ], [ -74.243080037813456, -12.107220019088572 ] ], [ [ -74.237010035784465, -12.105030017021647 ], [ -74.239450037689039, -12.107050019342864 ], [ -74.236250035810485, -12.104660288240662 ], [ -74.237010035784465, -12.105030017021647 ] ], [ [ -74.233826162347498, -12.104169891926915 ], [ -74.235395445104558, -12.104298950114572 ], [ -74.231661926932134, -12.104095256773446 ], [ -74.233826162347498, -12.104169891926915 ] ], [ [ -74.22960003721137, -12.103650019107242 ], [ -74.225760037695522, -12.106640019321389 ], [ -74.225640038007299, -12.106740018986642 ], [ -74.22960003721137, -12.103650019107242 ] ], [ [ -74.217080037613584, -12.107760018809756 ], [ -74.217080035814945, -12.107760017011117 ], [ -74.219110037698044, -12.107460019364339 ], [ -74.217080037613584, -12.107760018809756 ] ], [ [ -74.210630037845931, -12.110060018754837 ], [ -74.209800037791467, -12.110175018662147 ], [ -74.212500037746508, -12.109629518687314 ], [ -74.210630037845931, -12.110060018754837 ] ], [ [ -74.206200037701535, -12.114700018690883 ], [ -74.203299914477995, -12.119997995314927 ], [ -74.206140037632593, -12.113610018787313 ], [ -74.206200037701535, -12.114700018690883 ] ], [ [ -74.196310037578144, -12.121690019079097 ], [ -74.192908814971133, -12.122141908113166 ], [ -74.194170036917626, -12.121900018870747 ], [ -74.196310037578144, -12.1216900172804 ], [ -74.200370035948367, -12.120940017767566 ], [ -74.202121690356961, -12.120431672277105 ], [ -74.200370037747007, -12.120940018666886 ], [ -74.196310037578144, -12.121690019079097 ] ], [ [ -74.192410037593106, -12.122780018982667 ], [ -74.192590037724315, -12.125140019299236 ], [ -74.192730037361301, -12.122290019468759 ], [ -74.192410037593106, -12.122780018982667 ] ], [ [ -74.192290037455223, -12.126340016778329 ], [ -74.192547180644567, -12.125311447875202 ], [ -74.19169726769664, -12.126977247084168 ], [ -74.192290037455223, -12.126340016778329 ] ], [ [ -74.190367162366201, -12.127761770063639 ], [ -74.190172242601065, -12.12805479247155 ], [ -74.190367161914935, -12.127761770289396 ], [ -74.190367162366201, -12.127761770063639 ] ], [ [ -74.18854491241774, -12.129779518909629 ], [ -74.189067475633465, -12.129354769107266 ], [ -74.187921524149871, -12.130586630959094 ], [ -74.18854491241774, -12.129779518909629 ] ], [ [ -74.183850037649052, -12.135010019097081 ], [ -74.183850036749732, -12.135010017298441 ], [ -74.185903662923693, -12.132492018991456 ], [ -74.183850037649052, -12.135010019097081 ] ], [ [ -74.182610038717726, -12.137210017877988 ], [ -74.182610038922121, -12.137210017128552 ], [ -74.183120038159188, -12.13644001939133 ], [ -74.182610038717726, -12.137210017877988 ] ], [ [ -74.182370037746978, -12.143580018602904 ], [ -74.18062003798434, -12.146340019076575 ], [ -74.182186975348571, -12.142581018848887 ], [ -74.182370037746978, -12.143580018602904 ] ], [ [ -74.17916503833581, -12.147070019016127 ], [ -74.178600038361026, -12.147140019096582 ], [ -74.17860003757589, -12.147140019082435 ], [ -74.17916503833581, -12.147070019016127 ] ], [ [ -74.177490038434485, -12.147120018174235 ], [ -74.178580391437734, -12.147139665097534 ], [ -74.177328125503848, -12.147154269745794 ], [ -74.177490038434485, -12.147120018174235 ] ], [ [ -74.176490034587403, -12.147410018957146 ], [ -74.176675839793944, -12.147340343223124 ], [ -74.175860037910354, -12.147780018932679 ], [ -74.176490034587403, -12.147410018957146 ] ], [ [ -74.175860037910354, -12.147780018932679 ], [ -74.173480037873389, -12.14937001941081 ], [ -74.172620037784498, -12.150500019360379 ], [ -74.17348003427611, -12.14937001941081 ], [ -74.175860037910354, -12.147780018932679 ] ], [ [ -74.171690038064753, -12.152590018614433 ], [ -74.167058412615631, -12.156227144067373 ], [ -74.16595191285046, -12.158118894071663 ], [ -74.165416538342527, -12.158904019304998 ], [ -74.165059663072952, -12.159082519442677 ], [ -74.167058411716312, -12.156227144067373 ], [ -74.16930703429216, -12.153657394273296 ], [ -74.170507788403654, -12.152953143272896 ], [ -74.171690033568154, -12.152590018614433 ], [ -74.172030037556169, -12.152240018661871 ], [ -74.171690038064753, -12.152590018614433 ] ], [ [ -74.163490038534405, -12.158680018867756 ], [ -74.164610038022772, -12.159120019373347 ], [ -74.163430038390516, -12.158672518990286 ], [ -74.163490038534405, -12.158680018867756 ] ], [ [ -74.162770036192455, -12.158590020261226 ], [ -74.156890038144695, -12.162370019061086 ], [ -74.157310035030036, -12.161410017957905 ], [ -74.162770036192455, -12.158590020261226 ] ], [ [ -74.156950038213665, -12.164290018569432 ], [ -74.157850038348556, -12.163500019010598 ], [ -74.157770038256615, -12.163830018940189 ], [ -74.156950038213665, -12.164290018569432 ] ], [ [ -74.155920038379008, -12.165100019050612 ], [ -74.154159149713976, -12.166158245184841 ], [ -74.156950038213665, -12.164290018569432 ], [ -74.155920038379008, -12.165100019050612 ] ], [ [ -74.151200038351078, -12.169560018779805 ], [ -74.149480038173181, -12.170940018566967 ], [ -74.148450038338581, -12.171460019164499 ], [ -74.146190038439499, -12.172120019023623 ], [ -74.144390038169661, -12.173960019339347 ], [ -74.143812537843317, -12.174365019130278 ], [ -74.14619003754018, -12.172120017224984 ], [ -74.149480037273861, -12.170940018566967 ], [ -74.150019536072705, -12.170105518754667 ], [ -74.151200037451702, -12.169560018779805 ], [ -74.152580035440224, -12.167430017681113 ], [ -74.152936589040451, -12.16704105389355 ], [ -74.151200038351078, -12.169560018779805 ] ], [ [ -74.142800037691529, -12.174990019174004 ], [ -74.140974398587659, -12.175374382160086 ], [ -74.143210037713033, -12.174745019117296 ], [ -74.142800037691529, -12.174990019174004 ] ], [ [ -74.137759984235856, -12.178379730340225 ], [ -74.136155108971082, -12.187894230234519 ], [ -74.135008859171478, -12.190416104619487 ], [ -74.133060109236624, -12.194198979599207 ], [ -74.137759984235856, -12.178379730340225 ] ], [ [ -74.133060109236624, -12.194198979599207 ], [ -74.129294589373785, -12.191183250606457 ], [ -74.127425549949123, -12.190199547870805 ], [ -74.133060109236624, -12.194198979599207 ] ], [ [ -74.126835326688933, -12.188232139701427 ], [ -74.126671376382873, -12.187838658127513 ], [ -74.127425549949123, -12.190199547870805 ], [ -74.126835326688933, -12.188232139701427 ] ], [ [ -74.112276506955197, -12.16668901858327 ], [ -74.112276507854517, -12.16668901858327 ], [ -74.112001069253893, -12.168695774250523 ], [ -74.112276506955197, -12.16668901858327 ] ], [ [ -74.104153083797712, -12.161186659636599 ], [ -74.104153084375469, -12.161186659792749 ], [ -74.100472055986316, -12.161377014598946 ], [ -74.104153083797712, -12.161186659636599 ] ], [ [ -74.096684796066427, -12.160442496723817 ], [ -74.095258425435929, -12.160098201171024 ], [ -74.095258426335249, -12.160098201171024 ], [ -74.096684796066427, -12.160442496723817 ] ], [ [ -74.080352469805035, -12.144537659731547 ], [ -74.080306119931436, -12.144358933118212 ], [ -74.080306120020424, -12.144358932562037 ], [ -74.080352469805035, -12.144537659731547 ] ], [ [ -74.361779984458678, -12.130919979773182 ], [ -74.362229983626804, -12.13117497984139 ], [ -74.361554983675518, -12.130749979877606 ], [ -74.361779984458678, -12.130919979773182 ] ], [ [ -74.355019983885086, -12.121549980247323 ], [ -74.355019984784406, -12.121549978448684 ], [ -74.35561998367524, -12.12291997867402 ], [ -74.356109983788656, -12.124319980282792 ], [ -74.355019983885086, -12.121549980247323 ] ], [ [ -74.353259983661303, -12.117669980285314 ], [ -74.352919983720255, -12.116929980334277 ], [ -74.354419984094932, -12.119659980323775 ], [ -74.353259983661303, -12.117669980285314 ] ], [ [ -74.352239985187111, -12.114499979790196 ], [ -74.352289983895616, -12.11524998020235 ], [ -74.352339984402704, -12.113599979655305 ], [ -74.352239985187111, -12.114499979790196 ] ], [ [ -74.351519985259074, -12.110189979783684 ], [ -74.351749132132639, -12.111019553367605 ], [ -74.351404984302548, -12.10987664653995 ], [ -74.351519985259074, -12.110189979783684 ] ], [ [ -74.346898835113109, -12.1023954467924 ], [ -74.342998039228064, -12.098461018061471 ], [ -74.346200007923983, -12.101659999209573 ], [ -74.346898835113109, -12.1023954467924 ] ], [ [ -74.341100038935622, -12.093180019142551 ], [ -74.341165243619017, -12.093287416512046 ], [ -74.341021702589472, -12.093096684814128 ], [ -74.341100038935622, -12.093180019142551 ] ], [ [ -74.339430015882499, -12.092309997008726 ], [ -74.340149491852173, -12.092531844203657 ], [ -74.338282741270831, -12.091350904497526 ], [ -74.339430015882499, -12.092309997008726 ] ], [ [ -74.33350016959713, -12.088430071690425 ], [ -74.334500285682907, -12.088892534347609 ], [ -74.332870282637373, -12.087932844625016 ], [ -74.33350016959713, -12.088430071690425 ] ], [ [ -74.330020038793691, -12.082780018882715 ], [ -74.330645037938098, -12.08403001897014 ], [ -74.32990186023261, -12.082618555052221 ], [ -74.330020038793691, -12.082780018882715 ] ], [ [ -74.328421538822909, -12.080596018891129 ], [ -74.329102610247219, -12.081526555056428 ], [ -74.3277732256538, -12.080077331303755 ], [ -74.328421538822909, -12.080596018891129 ] ], [ [ -74.324180040176657, -12.078440014794808 ], [ -74.324180040176657, -12.078440013895488 ], [ -74.324430174912607, -12.078580059921762 ], [ -74.324180040176657, -12.078440014794808 ] ], [ [ -74.31795003796384, -12.07462001939831 ], [ -74.31795003796384, -12.07462001849899 ], [ -74.320000037171951, -12.074380019122543 ], [ -74.320009960709882, -12.074379942199325 ], [ -74.31795003796384, -12.07462001939831 ] ], [ [ -74.31598001366666, -12.074269995164116 ], [ -74.316079362497646, -12.074326769845131 ], [ -74.315006050910881, -12.073336062997669 ], [ -74.31598001366666, -12.074269995164116 ] ], [ [ -74.312571620883546, -12.07177774894393 ], [ -74.313298883736479, -12.072213558799138 ], [ -74.311815590517057, -12.071324705036091 ], [ -74.312571620883546, -12.07177774894393 ] ], [ [ -74.310350012143317, -12.070769998336687 ], [ -74.311271019978918, -12.071061017383318 ], [ -74.308776233636252, -12.070929729623288 ], [ -74.310350012143317, -12.070769998336687 ] ], [ [ -74.306536609676755, -12.070929729623288 ], [ -74.306536608777435, -12.070929729623288 ], [ -74.305009484400159, -12.070420730432318 ], [ -74.306536609676755, -12.070929729623288 ] ], [ [ -74.30002123289357, -12.066552230167968 ], [ -74.299410421353798, -12.066603167701999 ], [ -74.300021232793597, -12.066552230101308 ], [ -74.30002123289357, -12.066552230167968 ] ], [ [ -74.290450147593234, -12.068201163700135 ], [ -74.293404107513538, -12.066654105302689 ], [ -74.293404109312178, -12.066654105302689 ], [ -74.290450147593234, -12.068201163700135 ] ], [ [ -74.288415733599209, -12.070420730432318 ], [ -74.287194108920971, -12.071540604914958 ], [ -74.287194107122332, -12.071540604914958 ], [ -74.288415733599209, -12.070420730432318 ] ], [ [ -74.274429930673719, -12.062559251728846 ], [ -74.274317687095362, -12.063013414441537 ], [ -74.274429928598295, -12.062559250109246 ], [ -74.274429930673719, -12.062559251728846 ] ], [ [ -74.274062783970237, -12.064142018239522 ], [ -74.274235911048336, -12.063362915849458 ], [ -74.273670163347333, -12.065462643885837 ], [ -74.274062783970237, -12.064142018239522 ] ], [ [ -74.729542110380038, -11.611220737819872 ], [ -74.729725983834626, -11.611020727947194 ], [ -74.729725983966944, -11.611020728623657 ], [ -74.729542110380038, -11.611220737819872 ] ], [ [ -74.728002108610383, -11.607436228798861 ], [ -74.728002105013104, -11.607436228798861 ], [ -74.727129108821259, -11.604596479144163 ], [ -74.728002108610383, -11.607436228798861 ] ], [ [ -74.726480104073516, -11.602785229254891 ], [ -74.725632984074934, -11.601213228707479 ], [ -74.727129108821259, -11.604596479144163 ], [ -74.726480104073516, -11.602785229254891 ] ], [ [ -74.722193983765294, -11.593850104098976 ], [ -74.722193982865974, -11.593850104998296 ], [ -74.721893956318311, -11.593447180454316 ], [ -74.722193983765294, -11.593850104098976 ] ], [ [ -74.722295233937871, -11.59097422867768 ], [ -74.722295232139231, -11.590974227778361 ], [ -74.722685189976147, -11.59016038063257 ], [ -74.722295233937871, -11.59097422867768 ] ], [ [ -74.724002906075469, -11.586703689506733 ], [ -74.723921234277498, -11.587581228690681 ], [ -74.723609984313271, -11.588739104026388 ], [ -74.724002906075469, -11.586703689506733 ] ], [ [ -74.723609984313271, -11.583061603909869 ], [ -74.723865734416052, -11.583764478947501 ], [ -74.723987608741083, -11.584288728841727 ], [ -74.723609984313271, -11.583061603909869 ] ], [ [ -74.723137984130631, -11.582710978928503 ], [ -74.720346484003016, -11.58237385367039 ], [ -74.721924233916241, -11.582454728802645 ], [ -74.723137984130631, -11.582710978928503 ] ], [ [ -74.717349109273925, -11.582981478812144 ], [ -74.717349110173245, -11.582981478812144 ], [ -74.717050108975315, -11.583396666572867 ], [ -74.717349109273925, -11.582981478812144 ] ], [ [ -74.707780608688097, -11.585120729438074 ], [ -74.709945858203938, -11.585834603915398 ], [ -74.706804983663005, -11.584739978966809 ], [ -74.707780608688097, -11.585120729438074 ] ], [ [ -74.701355984191252, -11.57998110394476 ], [ -74.703045483861956, -11.581265978841827 ], [ -74.704167121552459, -11.582702501631676 ], [ -74.701355984191252, -11.57998110394476 ] ], [ [ -74.70057073395219, -11.579172104409054 ], [ -74.700570730354912, -11.579172105308373 ], [ -74.69883485866292, -11.579195519850256 ], [ -74.70057073395219, -11.579172104409054 ] ], [ [ -74.69881010780017, -11.579195853705642 ], [ -74.698764489947521, -11.579194850382827 ], [ -74.69881010835762, -11.579195853698122 ], [ -74.69881010780017, -11.579195853705642 ] ], [ [ -74.694585983156571, -11.57933597887228 ], [ -74.6942368591437, -11.579175916635194 ], [ -74.694585983906677, -11.579335978803872 ], [ -74.694585983156571, -11.57933597887228 ] ], [ [ -74.689343109197068, -11.57501072906183 ], [ -74.689343108297749, -11.57501072906183 ], [ -74.689230358813191, -11.574952977559319 ], [ -74.689343109197068, -11.57501072906183 ] ], [ [ -74.688911480480385, -11.572723728816982 ], [ -74.694699232983169, -11.568184102214502 ], [ -74.694926028281571, -11.567231612452966 ], [ -74.694699233882488, -11.568184104013142 ], [ -74.688911484077664, -11.572723728816982 ], [ -74.688587859442123, -11.574201603621077 ], [ -74.688911480480385, -11.572723728816982 ] ], [ [ -74.694725609199452, -11.565918978877733 ], [ -74.694725604702853, -11.565918977978413 ], [ -74.693983484150408, -11.565569728959758 ], [ -74.694725609199452, -11.565918978877733 ] ], [ [ -74.689431483775934, -11.565444853597057 ], [ -74.690959106178013, -11.565918977978413 ], [ -74.689142258589996, -11.565402541218013 ], [ -74.689431483775934, -11.565444853597057 ] ], [ [ -74.680565543800938, -11.561866728242792 ], [ -74.681714108119536, -11.56294272922355 ], [ -74.680923979957697, -11.561968104244556 ], [ -74.680565543800938, -11.561866728242792 ] ], [ [ -74.673838734066877, -11.565023479015501 ], [ -74.673838734170204, -11.565023478950366 ], [ -74.67386003577505, -11.565012997439558 ], [ -74.673838734066877, -11.565023479015501 ] ], [ [ -74.665067859394185, -11.572530103881149 ], [ -74.665067854897529, -11.572530103881149 ], [ -74.662433859335124, -11.570554603612038 ], [ -74.665067859394185, -11.572530103881149 ] ], [ [ -74.660247734245502, -11.569000604794041 ], [ -74.659721008004425, -11.568808689982662 ], [ -74.662433859335124, -11.570554603612038 ], [ -74.660247734245502, -11.569000604794041 ] ], [ [ -74.655109421312687, -11.566841166636465 ], [ -74.656098608563923, -11.567488854327109 ], [ -74.657813905084538, -11.568113829604593 ], [ -74.655109421312687, -11.566841166636465 ] ], [ [ -74.650317981389662, -11.563258729406812 ], [ -74.64762525552365, -11.558698093780677 ], [ -74.654323586178791, -11.566225611022745 ], [ -74.650317981389662, -11.563258729406812 ] ], [ [ -74.645012984061907, -11.554341166211799 ], [ -74.645693038802676, -11.555533340790987 ], [ -74.64660972976985, -11.557132160178345 ], [ -74.645012984061907, -11.554341166211799 ] ], [ [ -74.645873649724138, -11.549974186546935 ], [ -74.644901859333288, -11.5519936038217 ], [ -74.644723046681207, -11.552726791408247 ], [ -74.645873649724138, -11.549974186546935 ] ], [ [ -74.647157229522463, -11.549378103716492 ], [ -74.64715723231204, -11.549378103940992 ], [ -74.646323169520031, -11.549487792009248 ], [ -74.647157229522463, -11.549378103716492 ] ], [ [ -74.652029605281996, -11.549952229112023 ], [ -74.652029608879332, -11.549952229112023 ], [ -74.651213484015045, -11.550115603552229 ], [ -74.652029605281996, -11.549952229112023 ] ], [ [ -74.654695608615384, -11.54587797918532 ], [ -74.654695605917425, -11.545877978286001 ], [ -74.65471282130521, -11.544564304681648 ], [ -74.654695608615384, -11.54587797918532 ] ], [ [ -74.65462348388661, -11.538863978589688 ], [ -74.654623480289331, -11.538863978589688 ], [ -74.654642400109012, -11.537158346892435 ], [ -74.65462348388661, -11.538863978589688 ] ], [ [ -74.654399856668022, -11.534497478675632 ], [ -74.654399859365981, -11.534497478675632 ], [ -74.654633163653656, -11.536651249602976 ], [ -74.654399856668022, -11.534497478675632 ] ], [ [ -74.655451734310077, -11.531875729181536 ], [ -74.655451733410757, -11.531875729181536 ], [ -74.655476463048458, -11.531739186833835 ], [ -74.655451734310077, -11.531875729181536 ] ], [ [ -74.655355234356534, -11.531241228699685 ], [ -74.655355233457215, -11.531241229599004 ], [ -74.655174830690626, -11.531108868561001 ], [ -74.655355234356534, -11.531241228699685 ] ], [ [ -74.653951359367682, -11.530487854031207 ], [ -74.653951358468362, -11.530487854930527 ], [ -74.65153010922711, -11.529750604206981 ], [ -74.653951359367682, -11.530487854031207 ] ], [ [ -74.645438733910396, -11.529560354426792 ], [ -74.645438730313117, -11.529560354426792 ], [ -74.644961113596977, -11.528752162166267 ], [ -74.645438733910396, -11.529560354426792 ] ], [ [ -74.642360748968429, -11.526374239925227 ], [ -74.643654109349654, -11.527252104101251 ], [ -74.644063382312353, -11.527694857818839 ], [ -74.642360748968429, -11.526374239925227 ] ], [ [ -74.639347358593682, -11.52575310422236 ], [ -74.641298480640344, -11.526066592894987 ], [ -74.639347357694362, -11.52575310422236 ], [ -74.639347358593682, -11.52575310422236 ] ], [ [ -74.638228860073809, -11.525848354118182 ], [ -74.638228859437731, -11.525848354074279 ], [ -74.638799984431671, -11.52575310422236 ], [ -74.638228860073809, -11.525848354118182 ] ], [ [ -74.635374436040976, -11.525080077752685 ], [ -74.637538858831249, -11.525800728720583 ], [ -74.637883859002869, -11.525824541419382 ], [ -74.637538857931929, -11.525800728720583 ], [ -74.635374436040976, -11.525080077752685 ] ], [ [ -74.633900355616902, -11.523750726814569 ], [ -74.633900359214181, -11.523750728613209 ], [ -74.634263983895721, -11.524176729372527 ], [ -74.634404359073869, -11.524851604018238 ], [ -74.634600859142282, -11.524946270853681 ], [ -74.63440435727523, -11.524851604018238 ], [ -74.633900355616902, -11.523750726814569 ] ], [ [ -74.630824983586081, -11.521569728759914 ], [ -74.630824982686761, -11.521569728759914 ], [ -74.6308146192941, -11.521568830447306 ], [ -74.630824983586081, -11.521569728759914 ] ], [ [ -74.624881858810681, -11.520228353955304 ], [ -74.624881857911362, -11.520228353055984 ], [ -74.624448358604809, -11.518738728609378 ], [ -74.624881858810681, -11.520228353955304 ] ], [ [ -74.623850983036391, -11.517272228430556 ], [ -74.623905296692044, -11.516335229287364 ], [ -74.624448358604809, -11.518738728609378 ], [ -74.623850983036391, -11.517272228430556 ] ], [ [ -74.621076733704257, -11.508070729030891 ], [ -74.621153608652094, -11.508328728787774 ], [ -74.621680483667376, -11.509031353813896 ], [ -74.623228484007313, -11.511007479111811 ], [ -74.623660859161305, -11.511568853919414 ], [ -74.621076733704257, -11.508070729030891 ] ], [ [ -74.6210291089062, -11.506905145755828 ], [ -74.621010734257936, -11.504584978813682 ], [ -74.621087609205745, -11.505089978719468 ], [ -74.6210291089062, -11.506905145755828 ] ], [ [ -74.617369108455833, -11.505127228598553 ], [ -74.616740609291639, -11.504424103589486 ], [ -74.61698873404282, -11.505019604071435 ], [ -74.617369108455833, -11.505127228598553 ] ], [ [ -74.616050733054863, -11.503722978632538 ], [ -74.616000733447038, -11.503713212989446 ], [ -74.616525359257878, -11.503922728850796 ], [ -74.616050733054863, -11.503722978632538 ] ], [ [ -74.61517023328318, -11.503459602500731 ], [ -74.612878484254622, -11.500955978735362 ], [ -74.614573234167381, -11.502130728949908 ], [ -74.614842859010707, -11.50249660373521 ], [ -74.61517023328318, -11.503459602500731 ] ], [ [ -74.612069733831106, -11.499915980238256 ], [ -74.612069733921004, -11.499915979454574 ], [ -74.61240335892785, -11.500345104343069 ], [ -74.612069733831106, -11.499915980238256 ] ], [ [ -74.612401890110121, -11.49835619788017 ], [ -74.616094605581566, -11.490768604287609 ], [ -74.616903483708768, -11.489651604038272 ], [ -74.613745108749754, -11.496449728672019 ], [ -74.612401890110121, -11.49835619788017 ] ], [ [ -74.617885609033578, -11.485742353626677 ], [ -74.617885608134259, -11.485742353626677 ], [ -74.617841608803161, -11.484560541485763 ], [ -74.617885609033578, -11.485742353626677 ] ], [ [ -74.615593857670376, -11.479579728621559 ], [ -74.615343481016794, -11.478482104265652 ], [ -74.615256858766983, -11.477543197885211 ], [ -74.615593858569696, -11.479579728621559 ], [ -74.616479733952531, -11.480581228940537 ], [ -74.616806983755282, -11.481024103679374 ], [ -74.617386609404434, -11.482029229165562 ], [ -74.617715408739087, -11.483108829308993 ], [ -74.615593857670376, -11.479579728621559 ] ], [ [ -74.616152355546717, -11.474668977890985 ], [ -74.616133109155612, -11.470547854399911 ], [ -74.615254312026579, -11.477094142850213 ], [ -74.616152355546717, -11.474668977890985 ] ], [ [ -74.614573234167381, -11.469527104092549 ], [ -74.614573230570102, -11.469527104092549 ], [ -74.614420708383363, -11.469507112829183 ], [ -74.614573234167381, -11.469527104092549 ] ], [ [ -74.596624858850134, -11.461900979046902 ], [ -74.597934358983423, -11.461438854319624 ], [ -74.597934359882743, -11.461438854319624 ], [ -74.596624858850134, -11.461900979046902 ] ], [ [ -74.593769234182787, -11.461894303739053 ], [ -74.593989483727626, -11.461880729012364 ], [ -74.59510348383867, -11.462016603983045 ], [ -74.593769234182787, -11.461894303739053 ] ], [ [ -74.593538230005265, -11.461908604398502 ], [ -74.59331543411993, -11.461877404398626 ], [ -74.593538232499782, -11.461908604244075 ], [ -74.593538230005265, -11.461908604398502 ] ], [ [ -74.592296535156947, -11.461524381644836 ], [ -74.591243358893848, -11.460566228648474 ], [ -74.591800359399031, -11.461173478772992 ], [ -74.592296535156947, -11.461524381644836 ] ], [ [ -74.590693482817926, -11.459782605282953 ], [ -74.590629472615376, -11.459516110108664 ], [ -74.590920359287111, -11.460226479168625 ], [ -74.590693482817926, -11.459782605282953 ] ], [ [ -74.590433426311535, -11.458761935914566 ], [ -74.592651984101735, -11.45105535392139 ], [ -74.592368858635894, -11.454679353769109 ], [ -74.590433426311535, -11.458761935914566 ] ], [ [ -74.592651984101735, -11.45105535392139 ], [ -74.587315231712523, -11.442964729038977 ], [ -74.586053983804277, -11.441317979541054 ], [ -74.582841983170965, -11.437123854482252 ], [ -74.581374983868386, -11.436187474971973 ], [ -74.592651984101735, -11.45105535392139 ] ], [ [ -74.581374983868386, -11.436187474971973 ], [ -74.577818229927345, -11.435006353960034 ], [ -74.57781292736442, -11.435006343777875 ], [ -74.581374983868386, -11.436187474971973 ] ], [ [ -74.573350109320074, -11.435402604246747 ], [ -74.574429482633747, -11.435573728869958 ], [ -74.573264983991805, -11.435354353820344 ], [ -74.573350109320074, -11.435402604246747 ] ], [ [ -74.572382732876804, -11.434854604156612 ], [ -74.570771484116676, -11.433941729327273 ], [ -74.573264983991805, -11.435354353820344 ], [ -74.572382732876804, -11.434854604156612 ] ], [ [ -74.570771484116676, -11.433941729327273 ], [ -74.568887479973171, -11.433432230113283 ], [ -74.568436984379275, -11.43321885426667 ], [ -74.56888748357045, -11.433432229213963 ], [ -74.570143483934601, -11.433692853642242 ], [ -74.570771484116676, -11.433941729327273 ] ], [ [ -74.567915108695274, -11.432710229193674 ], [ -74.567915107795955, -11.432710229193674 ], [ -74.567154608698218, -11.431723478655556 ], [ -74.567915108695274, -11.432710229193674 ] ], [ [ -74.563714909075742, -11.428625054122893 ], [ -74.564639354222777, -11.429951228766129 ], [ -74.563962105366841, -11.428979853937051 ], [ -74.563714909075742, -11.428625054122893 ] ], [ [ -74.562266859028284, -11.42743585378156 ], [ -74.562266856330325, -11.42743585378156 ], [ -74.561681734024774, -11.427142228730816 ], [ -74.562266859028284, -11.42743585378156 ] ], [ [ -74.560838108023617, -11.427006603937388 ], [ -74.560838108791643, -11.427006603771702 ], [ -74.561681734024774, -11.427142228730816 ], [ -74.560838108023617, -11.427006603937388 ] ], [ [ -74.55163998409796, -11.430560603988624 ], [ -74.552353857501998, -11.430703354028045 ], [ -74.551199796533353, -11.430382166353837 ], [ -74.55163998409796, -11.430560603988624 ] ], [ [ -74.546048231640555, -11.42810972928055 ], [ -74.545330358609135, -11.427638854149734 ], [ -74.546048234338514, -11.42810972928055 ], [ -74.548163358851866, -11.42854835382343 ], [ -74.549239108997654, -11.428874478574301 ], [ -74.549332912397389, -11.4289347966733 ], [ -74.546048231640555, -11.42810972928055 ] ], [ [ -74.545330358609135, -11.427638854149734 ], [ -74.544763356743488, -11.424802353745577 ], [ -74.545040733742837, -11.422081354171098 ], [ -74.545330358609135, -11.427638854149734 ] ], [ [ -74.544722609360917, -11.420400353993102 ], [ -74.544722607562278, -11.420400353993102 ], [ -74.541336858808961, -11.418401603551104 ], [ -74.544722609360917, -11.420400353993102 ] ], [ [ -74.539076354390204, -11.416497977099937 ], [ -74.538525988079755, -11.416092396612083 ], [ -74.541336858808961, -11.418401603551104 ], [ -74.539076354390204, -11.416497977099937 ] ], [ [ -74.535483483675819, -11.413571228829085 ], [ -74.536375777151719, -11.414225605407042 ], [ -74.533556109375326, -11.412095979565549 ], [ -74.535483483675819, -11.413571228829085 ] ], [ [ -74.532390171519154, -11.41003772910787 ], [ -74.533555643877833, -11.412095338828806 ], [ -74.53355607964383, -11.4120959389553 ], [ -74.532390171519154, -11.41003772910787 ] ], [ [ -74.530921358733679, -11.401073353952086 ], [ -74.533661233279247, -11.399225979195535 ], [ -74.534680752032628, -11.396902570718158 ], [ -74.533661234178567, -11.399225979195535 ], [ -74.530921358733679, -11.401073353952086 ] ], [ [ -74.534097477362636, -11.392396981262644 ], [ -74.534983734012087, -11.395249354274256 ], [ -74.534798780834166, -11.396420256522102 ], [ -74.534097477362636, -11.392396981262644 ] ], [ [ -74.534507857751407, -11.390109728780885 ], [ -74.534507858650727, -11.390109728780885 ], [ -74.533960608671478, -11.392084728301718 ], [ -74.534507857751407, -11.390109728780885 ] ], [ [ -74.533722609310928, -11.384351479437157 ], [ -74.534626858742513, -11.388658354299537 ], [ -74.534626858689478, -11.38865835494633 ], [ -74.533722609310928, -11.384351479437157 ] ], [ [ -74.533746479116701, -11.381472352067362 ], [ -74.534388858558941, -11.380306354054937 ], [ -74.533722609310928, -11.384351479437157 ], [ -74.533746479116701, -11.381472352067362 ] ], [ [ -74.53821985895928, -11.379711478601791 ], [ -74.538219858059961, -11.379711477702472 ], [ -74.538792984308714, -11.379361353643503 ], [ -74.53821985895928, -11.379711478601791 ] ], [ [ -74.540273359228081, -11.375355852390612 ], [ -74.543640046400981, -11.372601291466367 ], [ -74.539377796348191, -11.377291791482946 ], [ -74.540273359228081, -11.375355852390612 ] ], [ [ -74.545869976101415, -11.370119989615672 ], [ -74.545869979715746, -11.370119991344495 ], [ -74.5458697468747, -11.370120927826051 ], [ -74.545869976101415, -11.370119989615672 ] ], [ [ -74.545119983903248, -11.36880997831897 ], [ -74.54545998419087, -11.367699978671055 ], [ -74.545389983660755, -11.368079979107677 ], [ -74.545119983903248, -11.36880997831897 ] ], [ [ -74.545969983427938, -11.364209978707493 ], [ -74.543363068716161, -11.362605163798056 ], [ -74.546149983634791, -11.365769978701508 ], [ -74.545969983427938, -11.364209978707493 ] ], [ [ -74.540399980174925, -11.361769976802918 ], [ -74.540399983772204, -11.361769978601558 ], [ -74.541429983606804, -11.362239978692003 ], [ -74.540749981926069, -11.361969978831439 ], [ -74.540399980174925, -11.361769976802918 ] ], [ [ -74.5401599843957, -11.358729978705526 ], [ -74.54015998349638, -11.358729978705526 ], [ -74.540049984269302, -11.358434979041022 ], [ -74.5401599843957, -11.358729978705526 ] ], [ [ -74.539549984144401, -11.357749979378013 ], [ -74.539549982345761, -11.357749980277333 ], [ -74.539316334603399, -11.35768029418789 ], [ -74.539549984144401, -11.357749979378013 ] ], [ [ -74.537839984427706, -11.357599978755957 ], [ -74.537839984427706, -11.357599979655276 ], [ -74.537378525973466, -11.357762112686192 ], [ -74.537839984427706, -11.357599978755957 ] ], [ [ -74.536139981574877, -11.358089977970053 ], [ -74.535939984043011, -11.358019979238577 ], [ -74.536139981661421, -11.358089977955384 ], [ -74.536139981574877, -11.358089977970053 ] ], [ [ -74.535599983652276, -11.357549979148189 ], [ -74.535599980054997, -11.357549979148189 ], [ -74.535632311092172, -11.356911512574232 ], [ -74.535599983652276, -11.357549979148189 ] ], [ [ -74.536139981574877, -11.355069978996312 ], [ -74.536039984157924, -11.353829979370005 ], [ -74.535794983651556, -11.35638497893359 ], [ -74.536139981574877, -11.355069978996312 ] ], [ [ -74.535869983512896, -11.353319979233618 ], [ -74.535584984309537, -11.353079978957823 ], [ -74.536039984157924, -11.353829979370005 ], [ -74.535869983512896, -11.353319979233618 ] ], [ [ -74.532389984010535, -11.350999979265566 ], [ -74.53367998414393, -11.351149978988303 ], [ -74.532389983627795, -11.350999979289048 ], [ -74.532389984010535, -11.350999979265566 ] ], [ [ -74.529619983975067, -11.351039979311565 ], [ -74.529619982176371, -11.351039979311565 ], [ -74.529443581516915, -11.350996374143451 ], [ -74.529619983975067, -11.351039979311565 ] ], [ [ -74.528349983864643, -11.350669979336033 ], [ -74.528349980267365, -11.350669979336033 ], [ -74.528317763634362, -11.350642222524407 ], [ -74.528349983864643, -11.350669979336033 ] ], [ [ -74.528059998370168, -11.350419966008587 ], [ -74.528079810145229, -11.35043704969787 ], [ -74.529068626715684, -11.349406228614498 ], [ -74.528059998370168, -11.350419966008587 ] ], [ [ -74.527169983407987, -11.346599978706024 ], [ -74.528899984046973, -11.344119978554147 ], [ -74.526929984031483, -11.348509978652544 ], [ -74.527169983407987, -11.346599978706024 ] ], [ [ -74.528899984046973, -11.344119978554147 ], [ -74.529569983467923, -11.342209978607571 ], [ -74.529509984298272, -11.341289979349028 ], [ -74.528899984046973, -11.344119978554147 ] ], [ [ -74.530479984063959, -11.336379979552362 ], [ -74.530467328016783, -11.336302635945776 ], [ -74.530481109067779, -11.336407729129567 ], [ -74.530479984063959, -11.336379979552362 ] ], [ [ -74.53013260833319, -11.335367603731868 ], [ -74.529671296593023, -11.334538791232177 ], [ -74.530261296821351, -11.33559879155095 ], [ -74.53013260833319, -11.335367603731868 ] ], [ [ -74.527399859116144, -11.332689979359031 ], [ -74.527399856418185, -11.332689980258351 ], [ -74.52558998429032, -11.330809978997308 ], [ -74.527399859116144, -11.332689979359031 ] ], [ [ -74.52558998429032, -11.330809978997308 ], [ -74.524239983188636, -11.328759979789197 ], [ -74.52421377105027, -11.328503093666619 ], [ -74.52558998429032, -11.330809978997308 ] ], [ [ -74.524227021979272, -11.327806999628548 ], [ -74.524069984342248, -11.326709978782446 ], [ -74.524269983672752, -11.327269979425978 ], [ -74.524227021979272, -11.327806999628548 ] ], [ [ -74.520545355983359, -11.323873979300686 ], [ -74.520529983871597, -11.323859978655037 ], [ -74.521199984191867, -11.324469978906336 ], [ -74.520545355983359, -11.323873979300686 ] ], [ [ -74.520529983871597, -11.323859978655037 ], [ -74.519499981339038, -11.320849979243121 ], [ -74.518936452430296, -11.320138885076446 ], [ -74.519499984036997, -11.320849979243121 ], [ -74.520529983871597, -11.323859978655037 ] ], [ [ -74.516679979897106, -11.318259979414449 ], [ -74.516576366664168, -11.318203706819123 ], [ -74.516761733667011, -11.31831235413182 ], [ -74.516679979897106, -11.318259979414449 ] ], [ [ -74.516254981881843, -11.318029103660137 ], [ -74.515519983960075, -11.317629979140179 ], [ -74.516363443855397, -11.318088033712041 ], [ -74.516254981881843, -11.318029103660137 ] ], [ [ -74.508689983755687, -11.320809979197122 ], [ -74.509849984189373, -11.320319979083706 ], [ -74.508689984858421, -11.320809979111194 ], [ -74.508689983755687, -11.320809979197122 ] ], [ [ -74.509459983291549, -11.320749978228889 ], [ -74.509645795816795, -11.320766907207815 ], [ -74.508741894701643, -11.320805934185985 ], [ -74.509459983291549, -11.320749978228889 ] ], [ [ -74.512269985171656, -11.321779978962809 ], [ -74.512303317142937, -11.321826645191496 ], [ -74.512114984169159, -11.321646624791848 ], [ -74.512269985171656, -11.321779978962809 ] ], [ [ -74.512709859772144, -11.322829979719756 ], [ -74.512728883327739, -11.323034491496781 ], [ -74.512680827441415, -11.322736787935385 ], [ -74.512709859772144, -11.322829979719756 ] ], [ [ -74.512949984154432, -11.325049977774199 ], [ -74.513169983957567, -11.325234978661285 ], [ -74.512829984016491, -11.324789979274101 ], [ -74.512949984154432, -11.325049977774199 ] ], [ [ -74.513640109503399, -11.327209979357008 ], [ -74.514119984149886, -11.327940103852654 ], [ -74.513593400514978, -11.326669979336032 ], [ -74.513640109503399, -11.327209979357008 ] ], [ [ -74.514449859073693, -11.32864997831382 ], [ -74.514449858975496, -11.328649979001815 ], [ -74.514119984149886, -11.327940103852654 ], [ -74.514449859073693, -11.32864997831382 ] ], [ [ -74.513159984845402, -11.330669978836397 ], [ -74.513334983922334, -11.330774978732222 ], [ -74.513120777510679, -11.330612677060548 ], [ -74.513159984845402, -11.330669978836397 ] ], [ [ -74.513839984727497, -11.331429978810434 ], [ -74.513837483937706, -11.33151747879856 ], [ -74.513769984197381, -11.331119978903871 ], [ -74.513839984727497, -11.331429978810434 ] ], [ [ -74.510999985061233, -11.336179978423218 ], [ -74.511012631192159, -11.336306224824995 ], [ -74.511014224236021, -11.335874915345016 ], [ -74.510999985061233, -11.336179978423218 ] ], [ [ -74.514119984149886, -11.341199977896622 ], [ -74.514119984149886, -11.341199978795942 ], [ -74.513496484175391, -11.340334979375768 ], [ -74.514119984149886, -11.341199977896622 ] ], [ [ -74.514329983941593, -11.34314997878846 ], [ -74.514329984840913, -11.343149976989821 ], [ -74.514457024687388, -11.343598857055117 ], [ -74.514329983941593, -11.34314997878846 ] ], [ [ -74.516685483748063, -11.351113228192901 ], [ -74.518091858852188, -11.353477604307955 ], [ -74.515349984214367, -11.347079979257614 ], [ -74.516685483748063, -11.351113228192901 ] ], [ [ -74.520387358589687, -11.357208227777448 ], [ -74.520412936428144, -11.357322352944189 ], [ -74.519491733656537, -11.355417103816251 ], [ -74.520387358589687, -11.357208227777448 ] ], [ [ -74.520638322072884, -11.359619871735347 ], [ -74.520639983525498, -11.35961997921893 ], [ -74.520639983548335, -11.359619979278591 ], [ -74.520638322072884, -11.359619871735347 ] ], [ [ -74.519239983738203, -11.359419979048766 ], [ -74.519239982838883, -11.359419979048766 ], [ -74.51856998402053, -11.359239979003791 ], [ -74.519239983738203, -11.359419979048766 ] ], [ [ -74.517349984713974, -11.359979978792921 ], [ -74.517204984772178, -11.360227330371382 ], [ -74.517579983629275, -11.359779978563097 ], [ -74.517349984713974, -11.359979978792921 ] ], [ [ -74.516049985018753, -11.361149978788433 ], [ -74.515959983566347, -11.36171997899379 ], [ -74.5162899843952, -11.360789979274102 ], [ -74.516049985018753, -11.361149978788433 ] ], [ [ -74.514189983780682, -11.362889978989301 ], [ -74.514189984680002, -11.362889978989301 ], [ -74.514194984011255, -11.363324978814688 ], [ -74.514189983780682, -11.362889978989301 ] ], [ [ -74.51238998441022, -11.365139980225877 ], [ -74.512214167711903, -11.365286815149219 ], [ -74.512589983740725, -11.365059979234616 ], [ -74.51238998441022, -11.365139980225877 ] ], [ [ -74.511539984782416, -11.366759978490165 ], [ -74.511534150999964, -11.36677261725923 ], [ -74.511488753213257, -11.366389978514633 ], [ -74.511539984782416, -11.366759978490165 ] ], [ [ -74.510869983562827, -11.367009979227134 ], [ -74.510869979965548, -11.367009979227134 ], [ -74.510159859090209, -11.366779979412456 ], [ -74.510869983562827, -11.367009979227134 ] ], [ [ -74.508769981149669, -11.366710104787444 ], [ -74.507669984910649, -11.366789978935913 ], [ -74.510159859090209, -11.366779979412456 ], [ -74.508769981149669, -11.366710104787444 ] ], [ [ -74.506499985286041, -11.366469979505894 ], [ -74.506373669231834, -11.366391031688021 ], [ -74.506939983993021, -11.36661497899803 ], [ -74.506499985286041, -11.366469979505894 ] ], [ [ -74.505004358764097, -11.365689603592273 ], [ -74.505004356066138, -11.365689603592273 ], [ -74.50435998318234, -11.365429979353364 ], [ -74.505004358764097, -11.365689603592273 ] ], [ [ -74.50388436017505, -11.365681604122699 ], [ -74.503866234039435, -11.365694395779713 ], [ -74.503933335892569, -11.365647046166115 ], [ -74.50388436017505, -11.365681604122699 ] ], [ [ -74.502889984285332, -11.365769978701508 ], [ -74.502889981587316, -11.365769978701508 ], [ -74.501882041316676, -11.365237444593728 ], [ -74.502889984285332, -11.365769978701508 ] ], [ [ -74.499507982305829, -11.363662604178868 ], [ -74.500760734120547, -11.364298604197188 ], [ -74.501571459611725, -11.365068861186771 ], [ -74.499507982305829, -11.363662604178868 ] ], [ [ -74.494449984479161, -11.36584010423735 ], [ -74.494199983742192, -11.366699979320515 ], [ -74.494700109322537, -11.36540997918712 ], [ -74.494449984479161, -11.36584010423735 ] ], [ [ -74.492834234612189, -11.368167603651955 ], [ -74.491659984420721, -11.369260103670797 ], [ -74.492935671394079, -11.368073197545002 ], [ -74.492834234612189, -11.368167603651955 ] ], [ [ -74.491389984560101, -11.369643854280412 ], [ -74.49006998394259, -11.371519978564095 ], [ -74.491659984420721, -11.369260103670797 ], [ -74.491389984560101, -11.369643854280412 ] ], [ [ -74.488259984110925, -11.373039980310807 ], [ -74.488105289196497, -11.373315895518529 ], [ -74.48856023356791, -11.372714103772807 ], [ -74.488259984110925, -11.373039980310807 ] ], [ [ -74.485960359183196, -11.376692229662638 ], [ -74.485945500954557, -11.376730734647268 ], [ -74.485971657774698, -11.376662941421051 ], [ -74.485960359183196, -11.376692229662638 ] ], [ [ -74.484149985233614, -11.378039978861864 ], [ -74.484119984749441, -11.378042173988749 ], [ -74.484328317647723, -11.377981645536446 ], [ -74.484149985233614, -11.378039978861864 ] ], [ [ -74.483359979379486, -11.378029979300038 ], [ -74.48306998399255, -11.377739979416447 ], [ -74.483482562955942, -11.378042882361083 ], [ -74.483359979379486, -11.378029979300038 ] ], [ [ -74.481479983514362, -11.376789978774468 ], [ -74.481326618250947, -11.376746689962413 ], [ -74.48233998360331, -11.377179978772972 ], [ -74.481479983514362, -11.376789978774468 ] ], [ [ -74.476659982921859, -11.374755836893032 ], [ -74.478179984218855, -11.375899979100723 ], [ -74.479333317378646, -11.376299978960807 ], [ -74.476659982921859, -11.374755836893032 ] ], [ [ -74.474125482504974, -11.373029228915755 ], [ -74.473238983891974, -11.372894353991171 ], [ -74.474993709364355, -11.373714275349075 ], [ -74.474125482504974, -11.373029228915755 ] ], [ [ -74.472295087818367, -11.372551935874982 ], [ -74.467114920467196, -11.364644623437473 ], [ -74.468269984072492, -11.365820104214379 ], [ -74.472295087818367, -11.372551935874982 ] ], [ [ -74.463229984126428, -11.360279978688027 ], [ -74.464389984110426, -11.362119978554119 ], [ -74.465784764452636, -11.363342586092736 ], [ -74.463229984126428, -11.360279978688027 ] ], [ [ -74.462109982183492, -11.358949977526605 ], [ -74.449993856231458, -11.354072103844487 ], [ -74.449274504956833, -11.353539762968857 ], [ -74.455612984051925, -11.355060728569697 ], [ -74.45868248440911, -11.356559729347964 ], [ -74.460228983780553, -11.357606729067243 ], [ -74.462109982183492, -11.358949977526605 ] ], [ [ -74.439337484437317, -11.346018728881177 ], [ -74.442700666134797, -11.347477612537746 ], [ -74.438171483726933, -11.345780853703388 ], [ -74.439337484437317, -11.346018728881177 ] ], [ [ -74.433009108083809, -11.347551105299203 ], [ -74.432890094665254, -11.347632967150787 ], [ -74.433246482339257, -11.347387846564631 ], [ -74.433009108083809, -11.347551105299203 ] ], [ [ -74.427340608981879, -11.360095895409208 ], [ -74.428748858572931, -11.357654353565522 ], [ -74.429462734117863, -11.353585478886714 ], [ -74.43016467161226, -11.351788978778302 ], [ -74.42874885947225, -11.357654353565522 ], [ -74.428058485011036, -11.359102728807841 ], [ -74.427340608981879, -11.360095895409208 ] ], [ [ -74.415151110135582, -11.37855960444216 ], [ -74.415150338914373, -11.37874062169853 ], [ -74.415015809112262, -11.378273579382153 ], [ -74.415151110135582, -11.37855960444216 ] ], [ [ -74.412296734806432, -11.383333104239341 ], [ -74.412048141747889, -11.383384745229558 ], [ -74.414100609355614, -11.382233103874626 ], [ -74.412296734806432, -11.383333104239341 ] ], [ [ -74.405151983577127, -11.386436230247796 ], [ -74.402996358994756, -11.388687103826726 ], [ -74.406327686210147, -11.385490057156806 ], [ -74.405151983577127, -11.386436230247796 ] ], [ [ -74.399588359215386, -11.394139730264271 ], [ -74.399521917596772, -11.394309367224453 ], [ -74.399598284208238, -11.394103915318338 ], [ -74.399588359215386, -11.394139730264271 ] ], [ [ -74.400350360180937, -11.410873977651875 ], [ -74.401866956661294, -11.411689696364284 ], [ -74.399501483806375, -11.409070104002069 ], [ -74.400350360180937, -11.410873977651875 ] ], [ [ -74.403958233964403, -11.413579853897177 ], [ -74.403199795983767, -11.412800035956458 ], [ -74.403958233385708, -11.4135798524282 ], [ -74.403958233964403, -11.413579853897177 ] ], [ [ -74.402458485270813, -11.419740355033298 ], [ -74.401792234224217, -11.421215728822801 ], [ -74.403130174693828, -11.418853576545395 ], [ -74.402458485270813, -11.419740355033298 ] ], [ [ -74.402006360105418, -11.423833104014477 ], [ -74.402056358813866, -11.42463735423047 ], [ -74.401792234224217, -11.421215728822801 ], [ -74.402006360105418, -11.423833104014477 ] ], [ [ -74.400503359142647, -11.438558229078978 ], [ -74.401889046692133, -11.433613041508607 ], [ -74.398008734215693, -11.443082979096175 ], [ -74.400503359142647, -11.438558229078978 ] ], [ [ -74.398008734215693, -11.443082979096175 ], [ -74.396676359826131, -11.447651480231571 ], [ -74.396839859272063, -11.448908228831669 ], [ -74.398008734215693, -11.443082979096175 ] ], [ [ -74.398127859313206, -11.451268227046967 ], [ -74.398238895849985, -11.451545840871034 ], [ -74.397950339762033, -11.450943005078532 ], [ -74.398127859313206, -11.451268227046967 ] ], [ [ -74.394433984840475, -11.472738104679763 ], [ -74.394126507556038, -11.473343004280165 ], [ -74.394610816380947, -11.472287173695721 ], [ -74.394433984840475, -11.472738104679763 ] ], [ [ -74.392148983788559, -11.481264228960924 ], [ -74.392079446057096, -11.479586121628357 ], [ -74.39227435917428, -11.48236785359353 ], [ -74.392148983788559, -11.481264228960924 ] ], [ [ -74.390061483750458, -11.491457353673866 ], [ -74.390969861645516, -11.488842792719078 ], [ -74.389663546335555, -11.492046041341666 ], [ -74.390061483750458, -11.491457353673866 ] ], [ [ -74.382974859302294, -11.494507979059961 ], [ -74.385857232682682, -11.494915353756676 ], [ -74.385857229627391, -11.49491535396038 ], [ -74.382974859302294, -11.494507979059961 ] ], [ [ -74.363518109573079, -11.517630352858475 ], [ -74.363424118231237, -11.517865382031022 ], [ -74.364115780900988, -11.516313267452059 ], [ -74.363518109573079, -11.517630352858475 ] ], [ [ -74.359762109933399, -11.522080728942456 ], [ -74.358700921610222, -11.524017353767817 ], [ -74.360560140213266, -11.52132063521411 ], [ -74.359762109933399, -11.522080728942456 ] ], [ [ -74.358170485279629, -11.536936604640573 ], [ -74.357162233750046, -11.540066979207666 ], [ -74.358236500815778, -11.536659774248644 ], [ -74.358170485279629, -11.536936604640573 ] ], [ [ -74.352440234529183, -11.551102727308944 ], [ -74.352369578541044, -11.551254977410657 ], [ -74.352553486195106, -11.550852789606582 ], [ -74.352440234529183, -11.551102727308944 ] ], [ [ -74.34945485855485, -11.560160228611608 ], [ -74.34945485945417, -11.560160227712288 ], [ -74.349840484182849, -11.563571103820644 ], [ -74.34945485855485, -11.560160228611608 ] ], [ [ -74.330640109653302, -11.586069229111615 ], [ -74.327503608904408, -11.590258603951384 ], [ -74.332005733777578, -11.584963479381031 ], [ -74.330640109653302, -11.586069229111615 ] ], [ [ -74.319405358670338, -11.600643479413009 ], [ -74.319405359284517, -11.600643478842727 ], [ -74.319438984321607, -11.600710728916965 ], [ -74.319405358670338, -11.600643479413009 ] ], [ [ -74.316901235103899, -11.609319604316227 ], [ -74.31684948406641, -11.610199791487133 ], [ -74.317210609082281, -11.606706229308998 ], [ -74.316901235103899, -11.609319604316227 ] ], [ [ -74.314080359520915, -11.622623228579073 ], [ -74.313798399543501, -11.623026382721038 ], [ -74.315031676717325, -11.621077113112005 ], [ -74.314080359520915, -11.622623228579073 ] ], [ [ -74.29897986013242, -11.651936478685514 ], [ -74.297965234208164, -11.653348791563445 ], [ -74.298995984077379, -11.648580916126349 ], [ -74.29897986013242, -11.651936478685514 ] ], [ [ -74.287299985206118, -11.662239978991806 ], [ -74.286664984251587, -11.663030041503163 ], [ -74.28861998402499, -11.660349979068258 ], [ -74.287299985206118, -11.662239978991806 ] ], [ [ -74.283039983908111, -11.665369979440925 ], [ -74.283894983766459, -11.664992509921362 ], [ -74.283009291318777, -11.665394988156837 ], [ -74.283039983908111, -11.665369979440925 ] ], [ [ -74.279179984868392, -11.670159979999028 ], [ -74.279054984949568, -11.670186689173986 ], [ -74.279422252527226, -11.670046113783226 ], [ -74.279179984868392, -11.670159979999028 ] ], [ [ -74.276739984762457, -11.672129980014518 ], [ -74.276719515908297, -11.672246490172679 ], [ -74.276901333251743, -11.671827096217415 ], [ -74.276739984762457, -11.672129980014518 ] ], [ [ -74.274709984677997, -11.675939980345788 ], [ -74.273869983712757, -11.676359979929089 ], [ -74.274840229823369, -11.675828983681155 ], [ -74.274709984677997, -11.675939980345788 ] ], [ [ -74.271209985152666, -11.678299978561142 ], [ -74.271203175871676, -11.678368064023406 ], [ -74.271198784131471, -11.678113311829842 ], [ -74.271209985152666, -11.678299978561142 ] ], [ [ -74.267510859538504, -11.6829123549212 ], [ -74.267069983992542, -11.682959980318799 ], [ -74.267530487500252, -11.682910230465769 ], [ -74.267510859538504, -11.6829123549212 ] ], [ [ -74.266449857374994, -11.682949979857653 ], [ -74.266340975501265, -11.68293442116372 ], [ -74.267069983992542, -11.682959980318799 ], [ -74.266449857374994, -11.682949979857653 ] ], [ [ -74.265190982777597, -11.682408230055728 ], [ -74.2650309374893, -11.682310025125977 ], [ -74.265483367484919, -11.682587595519539 ], [ -74.265190982777597, -11.682408230055728 ] ], [ [ -74.263979984488628, -11.682339979606354 ], [ -74.263933275500207, -11.682419979698276 ], [ -74.264046650332588, -11.682293313185824 ], [ -74.263979984488628, -11.682339979606354 ] ], [ [ -74.263819985204123, -11.682809979696742 ], [ -74.263869984212363, -11.682939979696243 ], [ -74.263826609310527, -11.682733313091868 ], [ -74.263819985204123, -11.682809979696742 ] ], [ [ -74.26211985734551, -11.684219979968077 ], [ -74.261099983633443, -11.684189980455416 ], [ -74.262119857768937, -11.684219979927626 ], [ -74.26211985734551, -11.684219979968077 ] ], [ [ -74.259579984828406, -11.685449980032502 ], [ -74.259259983561378, -11.685579979732211 ], [ -74.259722353446733, -11.685346168864768 ], [ -74.259579984828406, -11.685449980032502 ] ], [ [ -74.258089979968588, -11.685589981092733 ], [ -74.256877037689151, -11.685304469296989 ], [ -74.259259983561378, -11.685579979732211 ], [ -74.258089979968588, -11.685589981092733 ] ], [ [ -74.256729983801677, -11.685269854819921 ], [ -74.256729984259607, -11.685269854927713 ], [ -74.256524983790939, -11.685319917380241 ], [ -74.256729983801677, -11.685269854819921 ] ], [ [ -74.248749984524125, -11.692769980350249 ], [ -74.248329984041504, -11.693679980047023 ], [ -74.248904292206888, -11.692608082815909 ], [ -74.248749984524125, -11.692769980350249 ] ], [ [ -74.2395199842598, -11.698009980076449 ], [ -74.240489984025487, -11.698159854793403 ], [ -74.23951998325623, -11.698009980338249 ], [ -74.2395199842598, -11.698009980076449 ] ], [ [ -74.232229984426226, -11.706079979907088 ], [ -74.233929983799356, -11.703949979609256 ], [ -74.23172590014785, -11.707018619153128 ], [ -74.232229984426226, -11.706079979907088 ] ], [ [ -74.228119984649538, -11.709359980078943 ], [ -74.227976802520487, -11.709396798156749 ], [ -74.229809984343262, -11.709199979895118 ], [ -74.228119984649538, -11.709359980078943 ] ], [ [ -74.222209984603069, -11.714799980035025 ], [ -74.222114983819409, -11.715164980229616 ], [ -74.222272778343225, -11.714252773523828 ], [ -74.222209984603069, -11.714799980035025 ] ], [ [ -74.218839983878127, -11.717200105100744 ], [ -74.218839984777446, -11.717200105100744 ], [ -74.218735985253176, -11.7172540793894 ], [ -74.218839983878127, -11.717200105100744 ] ], [ [ -74.216959984415723, -11.71977998036175 ], [ -74.216959985315043, -11.71977998126107 ], [ -74.216219983565338, -11.719949980107458 ], [ -74.216959984415723, -11.71977998036175 ] ], [ [ -74.213679982445171, -11.720369980590078 ], [ -74.213480798219351, -11.720413756860625 ], [ -74.213829982617597, -11.720323105230575 ], [ -74.213679982445171, -11.720369980590078 ] ], [ [ -74.209449980731961, -11.721379981301027 ], [ -74.208156370186629, -11.721571310406539 ], [ -74.20985995305432, -11.721295523211213 ], [ -74.209449980731961, -11.721379981301027 ] ], [ [ -74.203819983705273, -11.721969979730716 ], [ -74.205247858901544, -11.721882980215298 ], [ -74.202515046282315, -11.722224917296046 ], [ -74.203819983705273, -11.721969979730716 ] ], [ [ -74.198119985249093, -11.724329979744709 ], [ -74.198081889926428, -11.724333789191327 ], [ -74.198305359804465, -11.724269131768212 ], [ -74.198119985249093, -11.724329979744709 ] ], [ [ -74.193479985313047, -11.724769980250358 ], [ -74.191719984189888, -11.72534998001754 ], [ -74.193575261782399, -11.724755131587532 ], [ -74.193479985313047, -11.724769980250358 ] ], [ [ -74.184029981198648, -11.730419979998032 ], [ -74.18364921353583, -11.73016036331234 ], [ -74.184919983570353, -11.730489979628828 ], [ -74.184029981198648, -11.730419979998032 ] ], [ [ -74.181974234423365, -11.728798854883223 ], [ -74.183534084269382, -11.730074272762788 ], [ -74.181755824766569, -11.728689420312421 ], [ -74.181974234423365, -11.728798854883223 ] ], [ [ -74.174025858906248, -11.737000355382065 ], [ -74.174025858006928, -11.737000356281385 ], [ -74.173212859753818, -11.737046104761927 ], [ -74.174025858906248, -11.737000355382065 ] ], [ [ -74.169620858116048, -11.736049480598979 ], [ -74.16935568628459, -11.735854621287446 ], [ -74.169951545184304, -11.736292544695079 ], [ -74.169620858116048, -11.736049480598979 ] ], [ [ -74.167144234019133, -11.735835104706268 ], [ -74.167144233119814, -11.735835105605588 ], [ -74.166704046454527, -11.735977917496854 ], [ -74.167144234019133, -11.735835104706268 ] ], [ [ -74.161749985273559, -11.741189980233344 ], [ -74.161380535966785, -11.741441468282959 ], [ -74.161929409374707, -11.740942305143211 ], [ -74.161749985273559, -11.741189980233344 ] ], [ [ -74.151844359429617, -11.745924105013387 ], [ -74.151844360328937, -11.745924105013387 ], [ -74.150559482789959, -11.746637855521397 ], [ -74.151844359429617, -11.745924105013387 ] ], [ [ -74.14798273531494, -11.74905535462085 ], [ -74.146870359379534, -11.74935435491949 ], [ -74.148377109166205, -11.74876897990444 ], [ -74.14798273531494, -11.74905535462085 ] ], [ [ -74.14407998520312, -11.751749979777685 ], [ -74.143894984316034, -11.752079979707247 ], [ -74.144861234358416, -11.750981480310998 ], [ -74.14407998520312, -11.751749979777685 ] ], [ [ -74.142246360181332, -11.754510231162214 ], [ -74.141075609251914, -11.754592854576515 ], [ -74.142910359325583, -11.754318855430768 ], [ -74.142246360181332, -11.754510231162214 ] ], [ [ -74.139276484022474, -11.755434792681513 ], [ -74.139572983363976, -11.755439604940115 ], [ -74.139572983306493, -11.755439604953779 ], [ -74.139276484022474, -11.755434792681513 ] ], [ [ -74.138979983839135, -11.755429980409247 ], [ -74.138979984658647, -11.755429980422548 ], [ -74.138859983701252, -11.755449980432218 ], [ -74.138979983839135, -11.755429980409247 ] ], [ [ -74.135969574528673, -11.755679775522408 ], [ -74.136039983729631, -11.755689979761081 ], [ -74.136039983158639, -11.755689979808665 ], [ -74.135969574528673, -11.755679775522408 ] ], [ [ -74.134808108907066, -11.755492479694112 ], [ -74.134884262922341, -11.755506182151501 ], [ -74.134808108330333, -11.755492479752155 ], [ -74.134808108907066, -11.755492479694112 ] ], [ [ -74.129987483735363, -11.756939854890334 ], [ -74.126959984415691, -11.758649979612812 ], [ -74.128330108747491, -11.757346979779243 ], [ -74.128948734396545, -11.757013854705576 ], [ -74.129987483735363, -11.756939854890334 ] ], [ [ -74.120532609792065, -11.763987105220679 ], [ -74.119086358748405, -11.765443854949922 ], [ -74.120678408961368, -11.763861955205016 ], [ -74.120532609792065, -11.763987105220679 ] ], [ [ -74.117798858730282, -11.769602105153012 ], [ -74.117928039119505, -11.769003673105351 ], [ -74.117798859629602, -11.769602105153012 ], [ -74.117589983990513, -11.771039980810428 ], [ -74.117515900538322, -11.771413188367907 ], [ -74.117798858730282, -11.769602105153012 ] ], [ [ -74.115139109282438, -11.780625730393069 ], [ -74.115334295486448, -11.780075500928712 ], [ -74.115145959119914, -11.78083522591508 ], [ -74.115139109282438, -11.780625730393069 ] ], [ [ -74.115229984875839, -11.784759979489422 ], [ -74.115200931341761, -11.785234505885759 ], [ -74.115295484299111, -11.783846354625496 ], [ -74.115229984875839, -11.784759979489422 ] ], [ [ -74.114140359989563, -11.787236730390759 ], [ -74.113630733971149, -11.787956980330307 ], [ -74.114262135810492, -11.787061197256957 ], [ -74.114140359989563, -11.787236730390759 ] ], [ [ -74.110689985054705, -11.796669978336809 ], [ -74.110717374844356, -11.79674302233761 ], [ -74.11005435862171, -11.795760105444458 ], [ -74.110689985054705, -11.796669978336809 ] ], [ [ -74.107937609033399, -11.804473480266836 ], [ -74.108025846871328, -11.804246492325658 ], [ -74.107937609932719, -11.804473478468196 ], [ -74.107797609771808, -11.805431105361151 ], [ -74.107777671352395, -11.805481980309073 ], [ -74.107937609033399, -11.804473480266836 ] ], [ [ -74.106954483662435, -11.806439856014492 ], [ -74.106313358774457, -11.806753230177378 ], [ -74.107317520040354, -11.806188766950878 ], [ -74.106954483662435, -11.806439856014492 ] ], [ [ -74.100899985046226, -11.809350105323063 ], [ -74.100229983826637, -11.810209980406228 ], [ -74.101122484065343, -11.809127605179796 ], [ -74.100899985046226, -11.809350105323063 ] ], [ [ -74.098489109484774, -11.811968979684593 ], [ -74.098053859198217, -11.812140730410306 ], [ -74.09859419126731, -11.811896561825231 ], [ -74.098489109484774, -11.811968979684593 ] ], [ [ -74.097103608544671, -11.812094855093449 ], [ -74.096844359179812, -11.811950417677593 ], [ -74.097561483975255, -11.812197980352437 ], [ -74.097103608544671, -11.812094855093449 ] ], [ [ -74.09640510780946, -11.811705605129532 ], [ -74.096022546553257, -11.811672792465345 ], [ -74.096495108812206, -11.811755792695635 ], [ -74.09640510780946, -11.811705605129532 ] ], [ [ -74.095639984397735, -11.811639979801157 ], [ -74.095639985123768, -11.811639979863431 ], [ -74.095341101690025, -11.811747390782447 ], [ -74.095639984397735, -11.811639979801157 ] ], [ [ -74.091029983147166, -11.813489979678764 ], [ -74.090804991123321, -11.813214988727953 ], [ -74.091057840383982, -11.813494265274091 ], [ -74.091029983147166, -11.813489979678764 ] ], [ [ -74.08862998308723, -11.811149979687741 ], [ -74.087689983762502, -11.80827998040769 ], [ -74.088289983595814, -11.808889979788717 ], [ -74.088589983940551, -11.809549979647784 ], [ -74.08862998398655, -11.811149979687741 ], [ -74.089649984259324, -11.812109979891602 ], [ -74.08862998308723, -11.811149979687741 ] ], [ [ -74.087019983485391, -11.807829980369263 ], [ -74.086649984409235, -11.807749980277322 ], [ -74.087469983552808, -11.808132218922983 ], [ -74.087019983485391, -11.807829980369263 ] ], [ [ -74.08447998416392, -11.807949979607827 ], [ -74.085149982225701, -11.808009979555086 ], [ -74.085149980886854, -11.808009979676797 ], [ -74.08447998416392, -11.807949979607827 ] ], [ [ -74.08447998416392, -11.807949979607827 ], [ -74.083801735261829, -11.807817230680598 ], [ -74.083385734064336, -11.807813104591048 ], [ -74.08447998416392, -11.807949979607827 ] ], [ [ -74.080769983947562, -11.808399855568837 ], [ -74.08064947463582, -11.808474538340386 ], [ -74.08111168084335, -11.808184765362595 ], [ -74.080769983947562, -11.808399855568837 ] ], [ [ -74.076200108648038, -11.810489980727993 ], [ -74.075638685948846, -11.810724331798591 ], [ -74.076814960497501, -11.810312474432914 ], [ -74.076200108648038, -11.810489980727993 ] ], [ [ -74.071963483427965, -11.812985731606204 ], [ -74.071449734017961, -11.813738605352285 ], [ -74.072066082202412, -11.812878749638829 ], [ -74.071963483427965, -11.812985731606204 ] ], [ [ -74.070851609314275, -11.817200604923926 ], [ -74.070851609314275, -11.817200603125286 ], [ -74.070906689073581, -11.817411727968818 ], [ -74.070851609314275, -11.817200604923926 ] ], [ [ -74.072427859158324, -11.8199801044982 ], [ -74.072578746757557, -11.820209216436329 ], [ -74.07217866740055, -11.819764921424937 ], [ -74.072427859158324, -11.8199801044982 ] ], [ [ -74.072870984808048, -11.82084560484077 ], [ -74.072878234243092, -11.821232604700924 ], [ -74.072839421302206, -11.820701354933561 ], [ -74.072870984808048, -11.82084560484077 ] ], [ [ -74.072484109953677, -11.821985480245644 ], [ -74.07201267139763, -11.822492105226416 ], [ -74.072541809017238, -11.821910880222879 ], [ -74.072484109953677, -11.821985480245644 ] ], [ [ -74.070682733721128, -11.824891605263304 ], [ -74.070918483800966, -11.824078855105029 ], [ -74.070603577642942, -11.825021761445072 ], [ -74.070682733721128, -11.824891605263304 ] ], [ [ -74.069345860023361, -11.828086105089653 ], [ -74.069465484244688, -11.828585729747601 ], [ -74.069328959277797, -11.828004481134483 ], [ -74.069345860023361, -11.828086105089653 ] ], [ [ -74.069563860183962, -11.833363604746523 ], [ -74.070112733965459, -11.83400035488242 ], [ -74.069344268386587, -11.833153213218489 ], [ -74.069563860183962, -11.833363604746523 ] ], [ [ -74.070795359304142, -11.835312728532871 ], [ -74.07079414471599, -11.835300319301449 ], [ -74.070795359418241, -11.835312727900032 ], [ -74.070795359304142, -11.835312728532871 ] ], [ [ -74.066812735119584, -11.839865356001326 ], [ -74.066531480459531, -11.840058202607432 ], [ -74.066928056082105, -11.839760098696125 ], [ -74.066812735119584, -11.839865356001326 ] ], [ [ -74.063048105585551, -11.839780855701861 ], [ -74.062618859172971, -11.839654230258475 ], [ -74.063515396077975, -11.839987172757906 ], [ -74.063048105585551, -11.839780855701861 ] ], [ [ -74.06201373139092, -11.839562729763486 ], [ -74.06201373414649, -11.839562729636214 ], [ -74.062618859172971, -11.839654230258475 ], [ -74.06201373139092, -11.839562729763486 ] ], [ [ -74.059564983637074, -11.841919980422688 ], [ -74.059421450516652, -11.842022710497833 ], [ -74.059671209680459, -11.841794820469298 ], [ -74.059564983637074, -11.841919980422688 ] ], [ [ -74.057165607706565, -11.842708104895053 ], [ -74.057679231049605, -11.84274322958216 ], [ -74.057679230312203, -11.842743229716234 ], [ -74.057165607706565, -11.842708104895053 ] ], [ [ -74.056475980581979, -11.842377354930932 ], [ -74.056099733016254, -11.842190980329406 ], [ -74.057165607706565, -11.842708104895053 ], [ -74.056475980581979, -11.842377354930932 ] ], [ [ -74.05522348307727, -11.841926979846221 ], [ -74.055223483395466, -11.841926979892344 ], [ -74.055188800659749, -11.841929732629124 ], [ -74.05522348307727, -11.841926979846221 ] ], [ [ -74.05008860870231, -11.846308729564157 ], [ -74.049690089939503, -11.846617942691509 ], [ -74.050688482587361, -11.845802354594923 ], [ -74.05008860870231, -11.846308729564157 ] ], [ [ -74.045453108973788, -11.853406231312476 ], [ -74.045037638007187, -11.853849931018431 ], [ -74.045803608050051, -11.852907604901986 ], [ -74.045453108973788, -11.853406231312476 ] ], [ [ -74.042359983426479, -11.857582230535456 ], [ -74.041760107742732, -11.858026230326232 ], [ -74.042386579761953, -11.857546763483374 ], [ -74.042359983426479, -11.857582230535456 ] ], [ [ -74.039165733611696, -11.859568855418274 ], [ -74.039083920486519, -11.859829917816398 ], [ -74.039298170474154, -11.859354605430639 ], [ -74.039165733611696, -11.859568855418274 ] ], [ [ -74.034366482627036, -11.87285247965815 ], [ -74.034366482639356, -11.872852478790849 ], [ -74.034447696024785, -11.87306346112568 ], [ -74.034366482627036, -11.87285247965815 ] ], [ [ -74.034325483434259, -11.883689730296794 ], [ -74.034795657341277, -11.882551608423876 ], [ -74.033891279481978, -11.884197520137882 ], [ -74.034325483434259, -11.883689730296794 ] ], [ [ -74.032935233174442, -11.884945104732765 ], [ -74.032935234073761, -11.884945104732765 ], [ -74.032748160670863, -11.885037440100112 ], [ -74.032935233174442, -11.884945104732765 ] ], [ [ -74.028228733769026, -11.886399355245999 ], [ -74.02784685824588, -11.886732355313882 ], [ -74.028423215616371, -11.886327586506342 ], [ -74.028228733769026, -11.886399355245999 ] ], [ [ -74.026776286544376, -11.889261586448999 ], [ -74.027295497355524, -11.887717307818711 ], [ -74.026857983509103, -11.889087105985084 ], [ -74.026776286544376, -11.889261586448999 ] ], [ [ -74.019592858023941, -11.897962980207296 ], [ -74.019592858923261, -11.897962981106673 ], [ -74.018607982551387, -11.897954979845538 ], [ -74.019592858023941, -11.897962980207296 ] ], [ [ -74.017672233486735, -11.898867354644665 ], [ -74.01765427009812, -11.898995119434229 ], [ -74.017732479297862, -11.898699538230499 ], [ -74.017672233486735, -11.898867354644665 ] ], [ [ -74.017344733672473, -11.900153979622417 ], [ -74.017110795276935, -11.900437635913121 ], [ -74.017384513364433, -11.900057683068924 ], [ -74.017344733672473, -11.900153979622417 ] ], [ [ -74.013043232933811, -11.905008073963415 ], [ -74.012221483034978, -11.905897105067311 ], [ -74.012724482848569, -11.905277105254186 ], [ -74.013043232933811, -11.905008073963415 ] ], [ [ -74.011040233419976, -11.909675105721533 ], [ -74.010890106051036, -11.909839865217529 ], [ -74.011391108412909, -11.908926480372713 ], [ -74.011040233419976, -11.909675105721533 ] ], [ [ -74.00857235792796, -11.911464729613556 ], [ -74.009964108256952, -11.910751229985237 ], [ -74.009227233450019, -11.911160604977908 ], [ -74.00857235882728, -11.911464729613556 ], [ -74.008311483340364, -11.911648229833968 ], [ -74.00857235792796, -11.911464729613556 ] ], [ [ -74.004840982625183, -11.912903355305559 ], [ -74.00534058382307, -11.912406004981236 ], [ -74.004653808134066, -11.913176283467283 ], [ -74.004840982625183, -11.912903355305559 ] ], [ [ -73.996933984016096, -11.926576855437474 ], [ -73.996801399664818, -11.926795188646983 ], [ -73.997273170520344, -11.926196792497933 ], [ -73.996933984016096, -11.926576855437474 ] ], [ [ -73.996009858668003, -11.928553604864931 ], [ -73.995653608427233, -11.929059104793794 ], [ -73.996185316099414, -11.92811302159862 ], [ -73.996009858668003, -11.928553604864931 ] ], [ [ -73.99463060531815, -11.929141730006791 ], [ -73.994254108190489, -11.928836667603079 ], [ -73.995030982593732, -11.929249729591277 ], [ -73.99463060531815, -11.929141730006791 ] ], [ [ -73.99360110820453, -11.927972480045867 ], [ -73.993816811105404, -11.928284278088398 ], [ -73.993422170097034, -11.927840417301383 ], [ -73.99360110820453, -11.927972480045867 ] ], [ [ -73.993022857618769, -11.927756479977518 ], [ -73.993099216386355, -11.927761139359157 ], [ -73.993022857042376, -11.927756480216717 ], [ -73.993022857618769, -11.927756479977518 ] ], [ [ -73.99179648272144, -11.929192480548465 ], [ -73.991729942279335, -11.929335648217883 ], [ -73.992044295407851, -11.928722292499742 ], [ -73.99179648272144, -11.929192480548465 ] ], [ [ -73.984999590794018, -11.936952156107099 ], [ -73.987396858977831, -11.942579478260257 ], [ -73.987680982691131, -11.943112230345093 ], [ -73.984999590794018, -11.936952156107099 ] ], [ [ -73.993075776239536, -11.945889390256049 ], [ -73.989607670457588, -11.944870167524158 ], [ -73.992475481658118, -11.945544978318026 ], [ -73.993075776239536, -11.945889390256049 ] ], [ [ -73.998353233814669, -11.951653603530929 ], [ -73.999251073212719, -11.95196320110648 ], [ -73.997530454860893, -11.950988622930335 ], [ -73.998353233814669, -11.951653603530929 ] ], [ [ -74.00701435802614, -11.96766035514122 ], [ -74.007014358040379, -11.967660354846897 ], [ -74.007057858233509, -11.969508417429466 ], [ -74.00701435802614, -11.96766035514122 ] ], [ [ -74.013580232741504, -11.98857547877526 ], [ -74.014590155718807, -11.990174556502764 ], [ -74.013315830138311, -11.988011404843421 ], [ -74.013580232741504, -11.98857547877526 ] ], [ [ -74.024668358258111, -11.99627210527342 ], [ -74.020348531553964, -11.995513947281111 ], [ -74.026354130590647, -11.996553067052119 ], [ -74.024668358258111, -11.99627210527342 ] ], [ [ -74.04106135789533, -12.009142980264301 ], [ -74.04106135879465, -12.009142980264301 ], [ -74.04165375201292, -12.009433774555012 ], [ -74.04106135789533, -12.009142980264301 ] ], [ [ -74.049051389559949, -12.012795542580164 ], [ -74.047235982554525, -12.011621480347003 ], [ -74.045881942211111, -12.011508686220193 ], [ -74.049051389559949, -12.012795542580164 ] ], [ [ -74.054888857934429, -12.018578729224942 ], [ -74.05575955985087, -12.019839728920317 ], [ -74.054555524081465, -12.018245375288389 ], [ -74.054888857934429, -12.018578729224942 ] ], [ [ -74.057260107567856, -12.022679978598092 ], [ -74.057496523310107, -12.02371581396935 ], [ -74.056531856637591, -12.021187729652251 ], [ -74.057260107567856, -12.022679978598092 ] ], [ [ -74.058063108625504, -12.031145229568665 ], [ -74.05813560777203, -12.031638063146071 ], [ -74.05804298269743, -12.026368604627351 ], [ -74.058063108625504, -12.031145229568665 ] ], [ [ -74.055106358071953, -12.038841730161664 ], [ -74.055736794942092, -12.036290688647634 ], [ -74.054627982595264, -12.040798479566149 ], [ -74.055106358071953, -12.038841730161664 ] ], [ [ -74.055671608058219, -12.048103605097253 ], [ -74.05366870988432, -12.045778152858974 ], [ -74.056290979194628, -12.048705272564 ], [ -74.055671608058219, -12.048103605097253 ] ], [ [ -74.056454312316646, -12.063626640157281 ], [ -74.05562810785085, -12.059495980255235 ], [ -74.057280482608121, -12.067322979671701 ], [ -74.056454312316646, -12.063626640157281 ] ], [ [ -74.062324674743877, -12.078454905769263 ], [ -74.06294088453258, -12.079831104684859 ], [ -74.062324386061505, -12.078454260955311 ], [ -74.062324674743877, -12.078454905769263 ] ], [ [ -74.068891233843317, -12.10633948028277 ], [ -74.067424233641418, -12.105074855420185 ], [ -74.069939504087216, -12.106629974847797 ], [ -74.068891233843317, -12.10633948028277 ] ], [ [ -74.076453232730444, -12.107553353704247 ], [ -74.077438984121784, -12.107412605307445 ], [ -74.074686108077401, -12.107302854451989 ], [ -74.076453232730444, -12.107553353704247 ] ], [ [ -74.078577732676195, -12.10724985499678 ], [ -74.078577733404984, -12.107249855021154 ], [ -74.077438984121784, -12.107412605307445 ], [ -74.078577732676195, -12.10724985499678 ] ], [ [ -74.080807733889742, -12.107783105305998 ], [ -74.079602152828258, -12.107366923440971 ], [ -74.085456984252403, -12.109677855448638 ], [ -74.080807733889742, -12.107783105305998 ] ], [ [ -74.089250733724057, -12.121665978940886 ], [ -74.089224377719191, -12.121364690495263 ], [ -74.089250733834263, -12.12166597840212 ], [ -74.089250733724057, -12.121665978940886 ] ], [ [ -74.719719233855528, -11.662607978875087 ], [ -74.721014609236761, -11.664661104126594 ], [ -74.718790357838714, -11.661223884449669 ], [ -74.719719233855528, -11.662607978875087 ] ], [ [ -74.717861483620538, -11.658501604265552 ], [ -74.718472483576647, -11.660750227672965 ], [ -74.717838702837653, -11.657886383505955 ], [ -74.717861483620538, -11.658501604265552 ] ], [ [ -74.718617565767246, -11.653250450974408 ], [ -74.718053859398026, -11.655358979133553 ], [ -74.717918359444695, -11.657232104178206 ], [ -74.717837859355541, -11.657863603419964 ], [ -74.718617565767246, -11.653250450974408 ] ], [ [ -74.720892484000899, -11.652635354438019 ], [ -74.718662109004811, -11.653187353712653 ], [ -74.721440733203224, -11.652264213412234 ], [ -74.720892484000899, -11.652635354438019 ] ], [ [ -74.721904983922983, -11.651073728493818 ], [ -74.72170235857692, -11.652087104336374 ], [ -74.721702357744789, -11.652087104899694 ], [ -74.721904983922983, -11.651073728493818 ] ], [ [ -74.722102359036597, -11.646048041683741 ], [ -74.721894609348681, -11.649188853782505 ], [ -74.721904972514835, -11.651071655836496 ], [ -74.722102359036597, -11.646048041683741 ] ], [ [ -74.72201673098732, -11.64256497909048 ], [ -74.72201673368528, -11.64256497909048 ], [ -74.722071765449599, -11.643353229018274 ], [ -74.72201673098732, -11.64256497909048 ] ], [ [ -74.723116733150675, -11.639216229345436 ], [ -74.723923359375476, -11.637529728913819 ], [ -74.722456734190871, -11.640878353653079 ], [ -74.723116733150675, -11.639216229345436 ] ], [ [ -74.724998857711057, -11.635500978887023 ], [ -74.725756546427419, -11.634547728994448 ], [ -74.723923359375476, -11.637529728913819 ], [ -74.724998857711057, -11.635500978887023 ] ], [ [ -74.726417982503847, -11.629804728805141 ], [ -74.726417984302486, -11.629804728805141 ], [ -74.726929733620295, -11.631492354288696 ], [ -74.726417982503847, -11.629804728805141 ] ], [ [ -74.724974358379882, -11.624843979366119 ], [ -74.724844233674389, -11.622891729269838 ], [ -74.725438734110242, -11.627288228768691 ], [ -74.724974358379882, -11.624843979366119 ] ], [ [ -74.725171482577821, -11.620958354144705 ], [ -74.724814484101103, -11.617597353834753 ], [ -74.724844233674389, -11.622891729269838 ], [ -74.725171482577821, -11.620958354144705 ] ], [ [ -74.72685762047773, -11.612723807136943 ], [ -74.725141733903854, -11.613998477447751 ], [ -74.725497854642242, -11.613733853734288 ], [ -74.72685762047773, -11.612723807136943 ] ], [ [ -74.728315234560398, -11.612052102622386 ], [ -74.728315233661078, -11.612052104421025 ], [ -74.727638160340746, -11.612300074884681 ], [ -74.728315234560398, -11.612052102622386 ] ], [ [ -74.678935233574123, -11.664357978637781 ], [ -74.67963285926902, -11.661253854381812 ], [ -74.679278609120502, -11.662912479427348 ], [ -74.678935233574123, -11.664357978637781 ] ], [ [ -74.678646108730902, -11.668188604020827 ], [ -74.678122108848186, -11.669001728746764 ], [ -74.678935233574123, -11.664357978637781 ], [ -74.678646108730902, -11.668188604020827 ] ], [ [ -74.674184858944045, -11.672498354015772 ], [ -74.674789712113721, -11.67221006052227 ], [ -74.673890009614297, -11.672638879978363 ], [ -74.674184858944045, -11.672498354015772 ] ], [ [ -74.668093858644625, -11.67364547795637 ], [ -74.669756210005787, -11.673320226318493 ], [ -74.667139014770015, -11.673872797013866 ], [ -74.668093858644625, -11.67364547795637 ] ], [ [ -74.664503233537346, -11.67844447982884 ], [ -74.665621483844347, -11.676041229618988 ], [ -74.664343394171425, -11.678745247664594 ], [ -74.664503233537346, -11.67844447982884 ] ], [ [ -74.662956479657794, -11.680300479983146 ], [ -74.663498401507766, -11.679781116849471 ], [ -74.661786588330344, -11.681034125924109 ], [ -74.662956479657794, -11.680300479983146 ] ], [ [ -74.657483733587412, -11.682513355406968 ], [ -74.657483732688092, -11.682513355406968 ], [ -74.658494359327165, -11.682131479883822 ], [ -74.657483733587412, -11.682513355406968 ] ], [ [ -74.652772482164266, -11.685987354632687 ], [ -74.655070768768752, -11.685041658701486 ], [ -74.65136860897411, -11.68767673019687 ], [ -74.652772482164266, -11.685987354632687 ] ], [ [ -74.651963358522153, -11.688747480112056 ], [ -74.651672042255456, -11.688467796127304 ], [ -74.652113653750575, -11.689029269820651 ], [ -74.651963358522153, -11.688747480112056 ] ], [ [ -74.652406388153835, -11.690096444803993 ], [ -74.652129984011538, -11.692863980188463 ], [ -74.651701609041993, -11.696034854824632 ], [ -74.652406388153835, -11.690096444803993 ] ], [ [ -74.648822480772822, -11.696837729077913 ], [ -74.6488224843701, -11.696837729977233 ], [ -74.646799983732251, -11.69786085539414 ], [ -74.648822480772822, -11.696837729077913 ] ], [ [ -74.644037769480576, -11.708747992149499 ], [ -74.642588354269094, -11.701929730072948 ], [ -74.642540730670135, -11.700954105047856 ], [ -74.642992984438649, -11.700430730194 ], [ -74.644037769480576, -11.708747992149499 ] ], [ [ -74.644943980879987, -11.71208997826983 ], [ -74.644584247477027, -11.710590946689777 ], [ -74.644753608791973, -11.713779479739173 ], [ -74.644943980879987, -11.71208997826983 ] ], [ [ -74.644140609301644, -11.715581855118501 ], [ -74.644272632109818, -11.716037682625782 ], [ -74.644753608791973, -11.713779479739173 ], [ -74.644140609301644, -11.715581855118501 ] ], [ [ -74.645967234000636, -11.720894104579202 ], [ -74.647446807440375, -11.730790440967947 ], [ -74.646918980226701, -11.730126479953014 ], [ -74.645943230195883, -11.728151353801877 ], [ -74.644896356381707, -11.725938480176694 ], [ -74.644777480396385, -11.724772606270733 ], [ -74.644991604478946, -11.724034979630574 ], [ -74.645610108719495, -11.722892729116097 ], [ -74.645967234000636, -11.720894104579202 ] ], [ [ -74.649726732003046, -11.737002979603801 ], [ -74.650095150670651, -11.736540063173322 ], [ -74.648901817464846, -11.737574063492181 ], [ -74.649726732003046, -11.737002979603801 ] ], [ [ -74.645990982397905, -11.738858979758049 ], [ -74.647748984328132, -11.738155729703124 ], [ -74.64291498443896, -11.739366604784948 ], [ -74.645990982397905, -11.738858979758049 ] ], [ [ -74.639400357440479, -11.741227355158287 ], [ -74.639542487240803, -11.74109016810165 ], [ -74.639400359239175, -11.741227355158287 ], [ -74.63921448376135, -11.742261230171607 ], [ -74.638220233776735, -11.745101229837815 ], [ -74.637669384494842, -11.748865893511244 ], [ -74.638220230179456, -11.745101229837815 ], [ -74.639400357440479, -11.741227355158287 ] ], [ [ -74.636920484093025, -11.751748854725804 ], [ -74.636920481012694, -11.751748854985298 ], [ -74.637158723788545, -11.751453982077059 ], [ -74.636920484093025, -11.751748854725804 ] ], [ [ -74.628027234069577, -11.757162105246891 ], [ -74.632756482725483, -11.752760229600881 ], [ -74.634094854693728, -11.751986853110736 ], [ -74.635009666657297, -11.751909825730539 ], [ -74.628027234069577, -11.757162105246891 ] ], [ [ -74.624220108870873, -11.765371355203854 ], [ -74.625499109396344, -11.760463729617356 ], [ -74.624874484369911, -11.762932355144017 ], [ -74.624220108870873, -11.765371355203854 ] ], [ [ -74.623401232081164, -11.768948105570587 ], [ -74.623384108989399, -11.768864480311493 ], [ -74.623792733947482, -11.770334729763931 ], [ -74.623401232081164, -11.768948105570587 ] ], [ [ -74.624240983934214, -11.772306854877399 ], [ -74.624443609285095, -11.773175605369829 ], [ -74.624240983161712, -11.772306853622467 ], [ -74.624240983934214, -11.772306854877399 ] ], [ [ -74.624443609285095, -11.773175605369829 ], [ -74.623951359067917, -11.774015230418513 ], [ -74.62274119664049, -11.774727068491005 ], [ -74.624443609285095, -11.773175605369829 ] ], [ [ -74.620332108539912, -11.775868355440196 ], [ -74.621224234210956, -11.775467505539225 ], [ -74.619492359384822, -11.776418417675785 ], [ -74.620332108539912, -11.775868355440196 ] ], [ [ -74.616828481149469, -11.779111230698675 ], [ -74.618073282330258, -11.77764899935824 ], [ -74.615120234211417, -11.780414229632925 ], [ -74.616828481149469, -11.779111230698675 ] ], [ [ -74.61278497994283, -11.787327228268907 ], [ -74.613985484042814, -11.783823980392356 ], [ -74.61178560921843, -11.788302730086855 ], [ -74.61278497994283, -11.787327228268907 ] ], [ [ -74.61178560921843, -11.788302730086855 ], [ -74.609525109296328, -11.790801230192585 ], [ -74.60902548373906, -11.791181979764531 ], [ -74.61178560921843, -11.788302730086855 ] ], [ [ -74.606336729356542, -11.793109352814326 ], [ -74.606336733853141, -11.793109354612966 ], [ -74.606622234428528, -11.796678354622316 ], [ -74.606336729356542, -11.793109352814326 ] ], [ [ -74.610232797216767, -11.803841816664285 ], [ -74.608216484203354, -11.799747979985227 ], [ -74.609525109296328, -11.801913230011507 ], [ -74.610232797216767, -11.803841816664285 ] ], [ [ -74.610643480112458, -11.807386229690678 ], [ -74.610321999839584, -11.804125390647833 ], [ -74.609256358594052, -11.809157854551302 ], [ -74.610643480112458, -11.807386229690678 ] ], [ [ -74.60595810937923, -11.811888479569632 ], [ -74.601895234077745, -11.814226730379232 ], [ -74.600602233806001, -11.814952729684705 ], [ -74.60595810937923, -11.811888479569632 ] ], [ [ -74.600602233806001, -11.814952729684705 ], [ -74.596128734353556, -11.819188229852898 ], [ -74.595938483674047, -11.822519479690186 ], [ -74.600602233806001, -11.814952729684705 ] ], [ [ -74.596125984226774, -11.823383104946288 ], [ -74.596436992433183, -11.823571839049178 ], [ -74.595938483674047, -11.822519479690186 ], [ -74.596125984226774, -11.823383104946288 ] ], [ [ -74.59485206217289, -11.833285399701367 ], [ -74.59877823386833, -11.829845604750801 ], [ -74.594562427114283, -11.83421195321902 ], [ -74.59485206217289, -11.833285399701367 ] ], [ [ -74.594811231153358, -11.836269728864863 ], [ -74.594522487640532, -11.835100074438319 ], [ -74.595357799452344, -11.837873055739497 ], [ -74.594811231153358, -11.836269728864863 ] ], [ [ -74.596149608517578, -11.841058356158157 ], [ -74.595944063834224, -11.840057985137673 ], [ -74.596695484409054, -11.842668479866404 ], [ -74.596149608517578, -11.841058356158157 ] ], [ [ -74.59585236009832, -11.84388397836284 ], [ -74.596224053760821, -11.843629632625298 ], [ -74.594360733760823, -11.844962230422539 ], [ -74.59585236009832, -11.84388397836284 ] ], [ [ -74.590660108976806, -11.850312479837044 ], [ -74.582497483921713, -11.853327417426328 ], [ -74.583151858071744, -11.85289623027677 ], [ -74.584817480742117, -11.852033605066765 ], [ -74.586270233884136, -11.851429853305035 ], [ -74.587107606131099, -11.851081854344045 ], [ -74.590660108077486, -11.850312479837044 ], [ -74.592491233883322, -11.846530979920715 ], [ -74.590660108976806, -11.850312479837044 ] ], [ [ -74.581933231733217, -11.856763604656578 ], [ -74.581701827627228, -11.854018885912808 ], [ -74.583355484368099, -11.858302979598761 ], [ -74.581933231733217, -11.856763604656578 ] ], [ [ -74.583355484368099, -11.858302979598761 ], [ -74.58409148413466, -11.859825479662106 ], [ -74.584141608748212, -11.860477980074677 ], [ -74.583355484368099, -11.858302979598761 ] ], [ [ -74.584141608748212, -11.860477980074677 ], [ -74.582786484208839, -11.865229479756636 ], [ -74.582719608822856, -11.866567855322216 ], [ -74.584141608748212, -11.860477980074677 ] ], [ [ -74.581749234039876, -11.869529230189755 ], [ -74.581899858791417, -11.870532979713175 ], [ -74.582334859066464, -11.870967979988222 ], [ -74.581749234039876, -11.869529230189755 ] ], [ [ -74.583238234356998, -11.872355480121257 ], [ -74.582618108638769, -11.873588355318304 ], [ -74.580895984262213, -11.875267855427126 ], [ -74.583238234356998, -11.872355480121257 ] ], [ [ -74.573434108697143, -11.883683229997018 ], [ -74.579791733701484, -11.878212355415826 ], [ -74.578436609162168, -11.881307480156011 ], [ -74.577888609072033, -11.882384730370973 ], [ -74.577265484114776, -11.88272960508715 ], [ -74.573434108697143, -11.883683229997018 ] ], [ [ -74.570706983840182, -11.884436104642475 ], [ -74.56953585879279, -11.88448635516113 ], [ -74.573434108697143, -11.883683229997018 ], [ -74.570706983840182, -11.884436104642475 ] ], [ [ -74.565303109650756, -11.882160854939457 ], [ -74.566223233915082, -11.882562354568961 ], [ -74.564974067199401, -11.882038146643103 ], [ -74.565303109650756, -11.882160854939457 ] ], [ [ -74.562241358751692, -11.881859605436375 ], [ -74.564315982296705, -11.881792730050392 ], [ -74.564315982439808, -11.881792730103758 ], [ -74.562241358751692, -11.881859605436375 ] ], [ [ -74.562241358751692, -11.881859605436375 ], [ -74.560267109439508, -11.882562354568961 ], [ -74.559681608840137, -11.882645979653795 ], [ -74.560267105842229, -11.882562354568961 ], [ -74.560735605863499, -11.882261230071663 ], [ -74.562241358751692, -11.881859605436375 ] ], [ [ -74.558292985133107, -11.88222773032544 ], [ -74.558755859295431, -11.882367146826311 ], [ -74.557356046694167, -11.881775917674418 ], [ -74.558292985133107, -11.88222773032544 ] ], [ [ -74.552286609239559, -11.87921622994503 ], [ -74.552286610138935, -11.87921622994503 ], [ -74.55288057485518, -11.879358455475209 ], [ -74.552286609239559, -11.87921622994503 ] ], [ [ -74.547836359060682, -11.878095230410509 ], [ -74.546932859064157, -11.878089646819697 ], [ -74.547836359161863, -11.878095230405576 ], [ -74.547836359060682, -11.878095230410509 ] ], [ [ -74.541830109072237, -11.878262605035161 ], [ -74.545125857272467, -11.878078479638077 ], [ -74.545125858891964, -11.878078479648085 ], [ -74.541830109072237, -11.878262605035161 ] ], [ [ -74.534317983887831, -11.878513479913124 ], [ -74.533441811154262, -11.879010281565114 ], [ -74.536007858575772, -11.878362980167367 ], [ -74.534317983887831, -11.878513479913124 ] ], [ [ -74.532981732520909, -11.880518106525358 ], [ -74.533328285004288, -11.879308455155078 ], [ -74.532646909757986, -11.881037892968871 ], [ -74.532981732520909, -11.880518106525358 ] ], [ [ -74.525175234049755, -11.88847147957506 ], [ -74.530202230248676, -11.883917480007653 ], [ -74.531994095342839, -11.881901816290664 ], [ -74.530202233845955, -11.883917480007653 ], [ -74.525175234049755, -11.88847147957506 ] ], [ [ -74.524876983785759, -11.888949230022888 ], [ -74.524875790454843, -11.888995592011955 ], [ -74.525175234049755, -11.88847147957506 ], [ -74.524876983785759, -11.888949230022888 ] ], [ [ -74.524530608101031, -11.894307229794777 ], [ -74.524642947666067, -11.89296537009303 ], [ -74.524618109438165, -11.896478480097755 ], [ -74.524530608101031, -11.894307229794777 ] ], [ [ -74.524296358989716, -11.897519355433872 ], [ -74.523775390496837, -11.898153479999038 ], [ -74.524630984099403, -11.896800103812973 ], [ -74.524296358989716, -11.897519355433872 ] ], [ [ -74.522522980451129, -11.899677731941722 ], [ -74.523280363841849, -11.898755973523597 ], [ -74.521802067529592, -11.900421201434167 ], [ -74.522522980451129, -11.899677731941722 ] ], [ [ -74.519578358154661, -11.903090730153053 ], [ -74.520515296593629, -11.901936354978773 ], [ -74.518597353733909, -11.903855846168444 ], [ -74.519578358154661, -11.903090730153053 ] ], [ [ -74.510326482780897, -11.913437354750101 ], [ -74.514966900901712, -11.907587688720829 ], [ -74.508645234390031, -11.915274479933259 ], [ -74.510326482780897, -11.913437354750101 ] ], [ [ -74.508022733562257, -11.915815854717891 ], [ -74.507847983597514, -11.915967855432143 ], [ -74.508645234390031, -11.915274479933259 ], [ -74.508022733562257, -11.915815854717891 ] ], [ [ -74.504536304252326, -11.915316488060764 ], [ -74.505889484112345, -11.91577722973534 ], [ -74.505092234219205, -11.915569230035885 ], [ -74.504536304252326, -11.915316488060764 ] ], [ [ -74.499731109303241, -11.913563855187704 ], [ -74.499731106605225, -11.913563853389064 ], [ -74.501729858845863, -11.913963604736523 ], [ -74.499731109303241, -11.913563855187704 ] ], [ [ -74.494379479429369, -11.91357447977839 ], [ -74.494379483926025, -11.91357447977839 ], [ -74.492098605366323, -11.913673729858715 ], [ -74.494379479429369, -11.91357447977839 ] ], [ [ -74.4898507961787, -11.916962794264251 ], [ -74.490115234230643, -11.915062105032064 ], [ -74.490016109156102, -11.91605372989568 ], [ -74.4898507961787, -11.916962794264251 ] ], [ [ -74.489520234221402, -11.917937980003728 ], [ -74.488826109137563, -11.919822230111777 ], [ -74.488551484984029, -11.920462980923807 ], [ -74.489520234221402, -11.917937980003728 ] ], [ [ -74.4878343583689, -11.923094729937816 ], [ -74.488032734423143, -11.9221031050742 ], [ -74.48823104572611, -11.923447358598478 ], [ -74.4878343583689, -11.923094729937816 ] ], [ [ -74.489216919275904, -11.924296479897423 ], [ -74.491846982252412, -11.925331979687087 ], [ -74.489916982282864, -11.924879855420954 ], [ -74.489216919275904, -11.924296479897423 ] ], [ [ -74.499258658919928, -11.932674454962079 ], [ -74.501122983738696, -11.934697604910468 ], [ -74.502015609432817, -11.935788354848626 ], [ -74.50112298283932, -11.934697604910468 ], [ -74.500131355277802, -11.933705855041126 ], [ -74.499258658919928, -11.932674454962079 ] ], [ [ -74.504395607671142, -11.942036105182069 ], [ -74.504792358880195, -11.937672605406362 ], [ -74.50320560855198, -11.943721979685563 ], [ -74.504395607671142, -11.942036105182069 ] ], [ [ -74.50221385868258, -11.944217730064167 ], [ -74.50155281725867, -11.944796271430732 ], [ -74.50320560855198, -11.943721979685563 ], [ -74.50221385868258, -11.944217730064167 ] ], [ [ -74.499337982361965, -11.951853854671583 ], [ -74.500627234259412, -11.949473729628892 ], [ -74.498842108776273, -11.954432229863471 ], [ -74.499337982361965, -11.951853854671583 ] ], [ [ -74.498842108776273, -11.954432229863471 ], [ -74.499833858645616, -11.957010605055359 ], [ -74.500428859104545, -11.95958898024719 ], [ -74.498941357957278, -11.955523104807412 ], [ -74.498842108776273, -11.954432229863471 ] ], [ [ -74.50112298283932, -11.965935852957216 ], [ -74.50129661058358, -11.965068086206218 ], [ -74.500935983120769, -11.966933246218007 ], [ -74.50112298283932, -11.965935852957216 ] ], [ [ -74.501023858733291, -11.973075978869447 ], [ -74.501023858664098, -11.973075978073894 ], [ -74.501222233819021, -11.970200105350557 ], [ -74.501023858733291, -11.973075978869447 ] ], [ [ -74.500503106233339, -11.976696979581902 ], [ -74.501222233819021, -11.975356854834956 ], [ -74.501206108974714, -11.977747730373437 ], [ -74.500503106233339, -11.976696979581902 ] ], [ [ -74.509998733815934, -11.987941730112606 ], [ -74.509998732955125, -11.987941730126693 ], [ -74.508823609072266, -11.987511855088002 ], [ -74.509998733815934, -11.987941730112606 ] ], [ [ -74.51701797929627, -11.987584854857118 ], [ -74.517017983792869, -11.987584854857118 ], [ -74.520563733507629, -11.987941730114438 ], [ -74.51701797929627, -11.987584854857118 ] ], [ [ -74.524803109875563, -11.987684604960521 ], [ -74.52358548358319, -11.987894104729094 ], [ -74.525093234764938, -11.987634658250141 ], [ -74.524803109875563, -11.987684604960521 ] ], [ [ -74.532984359440604, -11.984039355032166 ], [ -74.53303026834044, -11.984040890231549 ], [ -74.532984359092097, -11.984039355140798 ], [ -74.532984359440604, -11.984039355032166 ] ], [ [ -74.535125857472281, -11.984110979737864 ], [ -74.535081340271347, -11.984109490612951 ], [ -74.536347288772788, -11.984301232121792 ], [ -74.535125857472281, -11.984110979737864 ] ], [ [ -74.537360192518818, -11.984392084427128 ], [ -74.536957985122854, -11.984396355307524 ], [ -74.536957985065456, -11.984396355298584 ], [ -74.537360192518818, -11.984392084427128 ] ], [ [ -74.543074233888717, -11.984048855470235 ], [ -74.541791746837092, -11.984210986670382 ], [ -74.543843036388523, -11.985052605893031 ], [ -74.543074233888717, -11.984048855470235 ] ], [ [ -74.544948108968015, -11.987257980071661 ], [ -74.545739108572945, -11.990343105250076 ], [ -74.546569418064024, -11.992491999179652 ], [ -74.545739106774306, -11.990343104350757 ], [ -74.544948108068695, -11.987257980071661 ], [ -74.544383719211353, -11.98602647298234 ], [ -74.544948108968015, -11.987257980071661 ] ], [ [ -74.719476949040057, -11.665020570081342 ], [ -74.718581235335705, -11.665328603432272 ], [ -74.719117483085313, -11.665104603894292 ], [ -74.719476949040057, -11.665020570081342 ] ], [ [ -74.717132109159479, -11.667075728961663 ], [ -74.716708734420536, -11.667922479338927 ], [ -74.717641234255495, -11.666212603728638 ], [ -74.717132109159479, -11.667075728961663 ] ], [ [ -74.714043479323095, -11.6697463548104 ], [ -74.716456858597098, -11.668259103674643 ], [ -74.712370858578225, -11.671230979925724 ], [ -74.714043479323095, -11.6697463548104 ] ], [ [ -74.707785357444536, -11.674728228474706 ], [ -74.709494605891337, -11.67424135525431 ], [ -74.710690233867183, -11.673075729561219 ], [ -74.707785357444536, -11.674728228474706 ] ], [ [ -74.706437984725198, -11.672977730437879 ], [ -74.70659468385756, -11.673192980291777 ], [ -74.706109858982757, -11.672568604557398 ], [ -74.706437984725198, -11.672977730437879 ] ], [ [ -74.703782733686182, -11.669524730381966 ], [ -74.703782733686182, -11.669524728583326 ], [ -74.704951107967744, -11.670217104556711 ], [ -74.703782733686182, -11.669524730381966 ] ], [ [ -74.692501159352261, -11.666889707133722 ], [ -74.695007609613469, -11.667294102340918 ], [ -74.698387608101598, -11.666417479183281 ], [ -74.699268358297829, -11.66638010429439 ], [ -74.69500760871415, -11.667294104139557 ], [ -74.693497859238789, -11.667197729191798 ], [ -74.692501159352261, -11.666889707133722 ] ], [ [ -74.690703358073449, -11.666201978238632 ], [ -74.690913517022835, -11.666293945685805 ], [ -74.689835859437324, -11.665527353604432 ], [ -74.690703358073449, -11.666201978238632 ] ], [ [ -74.68877585911855, -11.664627979397665 ], [ -74.688569393314154, -11.664364184235335 ], [ -74.688775859700357, -11.664627979891307 ], [ -74.68877585911855, -11.664627979397665 ] ], [ [ -74.68610961027025, -11.661769103860991 ], [ -74.686864484108611, -11.662459728783404 ], [ -74.685659859315024, -11.66162454143938 ], [ -74.68610961027025, -11.661769103860991 ] ] ] } },
{ "type": "Feature", "properties": { "departamento": "LA LIBERTAD" }, "geometry": { "type": "Polygon", "coordinates": [ [ [ -78.895095738377563, -8.385464850622327 ], [ -78.957243238184844, -8.292526788880139 ], [ -78.962565528576249, -8.261865768890061 ], [ -78.98872159622465, -8.232396481912076 ], [ -78.993600293318821, -8.23575946702573 ], [ -78.986471711000604, -8.229554520824422 ], [ -78.990710966737709, -8.225552095252965 ], [ -78.981087888095544, -8.227320309884362 ], [ -78.987737319721475, -8.208378868989541 ], [ -79.11556636269745, -8.096662101374818 ], [ -79.130078112814601, -8.059849600778421 ], [ -79.30785548784047, -7.925431601087496 ], [ -79.311099613156557, -7.912394475624524 ], [ -79.374484363362626, -7.844435600822294 ], [ -79.389568362889577, -7.791214850784684 ], [ -79.465455114062252, -7.716572226227186 ], [ -79.437701113915239, -7.698314476032181 ], [ -79.437718738828721, -7.671349601303007 ], [ -79.576611363923291, -7.461509726192844 ], [ -79.588636738594573, -7.414902351262469 ], [ -79.569759324932875, -7.390007095351109 ], [ -79.588540863669891, -7.350931600113199 ], [ -79.587621114422859, -7.318382850088426 ], [ -79.599185489418744, -7.286630849933715 ], [ -79.621343738722544, -7.250273474641119 ], [ -79.69062111407311, -7.177126974830003 ], [ -79.528767613634443, -7.005285100127196 ], [ -79.508016363564309, -6.970435975140106 ], [ -79.468787488951421, -6.966504849619071 ], [ -79.455005364206158, -6.946313600192468 ], [ -79.400761737863888, -6.956927725434127 ], [ -79.359606488448662, -7.004966474822936 ], [ -79.322585988152809, -7.025683600117986 ], [ -79.330488363347229, -7.075973349890148 ], [ -79.312916238293724, -7.090386224944268 ], [ -79.313704487771872, -7.120663100421723 ], [ -79.296189987677735, -7.129619974781974 ], [ -79.305301237861784, -7.147146225417941 ], [ -79.280956363445398, -7.157078974814794 ], [ -79.274548987945423, -7.182782974854376 ], [ -79.251803737652324, -7.198348600007819 ], [ -79.275552863373889, -7.215539224555528 ], [ -79.269025362730247, -7.228054725245329 ], [ -79.279321987719527, -7.247702474789321 ], [ -79.268919988266816, -7.278409975340026 ], [ -79.282629988283304, -7.275059974638054 ], [ -79.306849988236308, -7.283709975135196 ], [ -79.327529987718719, -7.308939974899886 ], [ -79.369279987581308, -7.324119975256622 ], [ -79.366484113151273, -7.331439349646246 ], [ -79.315797613069321, -7.359554100241496 ], [ -79.282902113241903, -7.348743474931382 ], [ -79.260874612773137, -7.378995101043017 ], [ -79.231472363059083, -7.390929726026002 ], [ -79.194442738241719, -7.373373724917428 ], [ -79.186498487914832, -7.377347225593951 ], [ -79.187790113123185, -7.396876475968554 ], [ -79.161769612877322, -7.418381225712949 ], [ -79.154492237726572, -7.439134850892628 ], [ -79.122761737664007, -7.441644475612009 ], [ -79.0654281127172, -7.472708601420777 ], [ -79.071551862728256, -7.505345726024416 ], [ -79.057005612818728, -7.527702101370835 ], [ -79.05984723755995, -7.546675476292137 ], [ -79.038604238194978, -7.562062476302174 ], [ -79.041232487988907, -7.599887475926209 ], [ -78.993398613155421, -7.660539851033263 ], [ -78.962391738188103, -7.658794850601851 ], [ -78.953539988279772, -7.649799976287852 ], [ -78.942189988277278, -7.627199976397719 ], [ -78.944343737773238, -7.598417975609038 ], [ -78.912773987929143, -7.551086600566123 ], [ -78.89590836308048, -7.537437350653136 ], [ -78.861497112601626, -7.531857850559334 ], [ -78.851087987820335, -7.522117226029138 ], [ -78.861058363052962, -7.497857226030135 ], [ -78.886685238133168, -7.484101600708243 ], [ -78.847756487971481, -7.452768851001622 ], [ -78.841619363242955, -7.437617351059885 ], [ -78.803689613284973, -7.419377850807109 ], [ -78.794354737680976, -7.397224975851884 ], [ -78.785180363183201, -7.39960647595808 ], [ -78.781287487627424, -7.423668725830964 ], [ -78.760119988146869, -7.401979975695269 ], [ -78.733719988386724, -7.420679975600365 ], [ -78.713329987888585, -7.409639976403753 ], [ -78.688639987845136, -7.414079976109974 ], [ -78.663993738020565, -7.403621350844617 ], [ -78.654935237571124, -7.426032851035188 ], [ -78.639108987989346, -7.43253710060668 ], [ -78.627794737836837, -7.452641851440262 ], [ -78.627317238299895, -7.478857350786086 ], [ -78.650242362894687, -7.527798601324321 ], [ -78.62456998841418, -7.548559975962064 ], [ -78.491389988257311, -7.554869975568863 ], [ -78.415629988433182, -7.485069976298348 ], [ -78.403084488158584, -7.483492601402361 ], [ -78.368169987854628, -7.500319976285823 ], [ -78.327787112185433, -7.497468726100806 ], [ -78.32574998677245, -7.509904350805073 ], [ -78.34900198705202, -7.511246100626977 ], [ -78.36082723828639, -7.529961351235329 ], [ -78.356792238371042, -7.574006100800887 ], [ -78.366150613260174, -7.590236226020977 ], [ -78.378165988369631, -7.594035100839164 ], [ -78.37689223808627, -7.624650725750371 ], [ -78.382819238017362, -7.630107100562213 ], [ -78.371863238197818, -7.644601600783176 ], [ -78.360236238011964, -7.644890100597593 ], [ -78.359462738314676, -7.668005350866224 ], [ -78.347964986894567, -7.685716476034486 ], [ -78.330138861818966, -7.699628226361483 ], [ -78.312351361725916, -7.702871475737993 ], [ -78.302802737056652, -7.696462726073889 ], [ -78.27620698726264, -7.719557976319493 ], [ -78.281156112064878, -7.747277600780592 ], [ -78.221820362419749, -7.763460975643454 ], [ -78.212786112189292, -7.756863726279903 ], [ -78.211262987097143, -7.742506601098739 ], [ -78.219350736846991, -7.724458100660797 ], [ -78.198087362441811, -7.729085850931256 ], [ -78.190287111560906, -7.717503851021888 ], [ -78.171345112187112, -7.7133938512452 ], [ -78.15886273712556, -7.69335072555549 ], [ -78.141003862338323, -7.682720851386136 ], [ -78.142303862033543, -7.664832476137803 ], [ -78.128384237242699, -7.653224225917256 ], [ -78.116053361973059, -7.65400735105834 ], [ -78.081221111864807, -7.696168851011635 ], [ -78.049569986865379, -7.67855997606199 ], [ -77.998642237349316, -7.679073976382881 ], [ -77.973846236914255, -7.667036851169712 ], [ -77.962802236633877, -7.674313601291601 ], [ -77.960138987024607, -7.655261226324512 ], [ -77.936584237172781, -7.657477225993148 ], [ -77.931952486717876, -7.652493101375455 ], [ -77.940503237134635, -7.640627350971442 ], [ -77.913137861922735, -7.625865851028152 ], [ -77.922419986892862, -7.599739976318801 ], [ -77.867939987240561, -7.583029975552904 ], [ -77.856859987098687, -7.523529976427199 ], [ -77.791866862365794, -7.500391225974226 ], [ -77.764866611904552, -7.479447726031708 ], [ -77.745982736613939, -7.479159726240312 ], [ -77.741371612110186, -7.466694726080675 ], [ -77.755421361606523, -7.441045975891029 ], [ -77.768012487186468, -7.440147350819529 ], [ -77.771630736769055, -7.418814100890017 ], [ -77.824995737163476, -7.378663851055819 ], [ -77.820797736925954, -7.368649349687701 ], [ -77.828925361716017, -7.344413349896115 ], [ -77.838371737065984, -7.341119349977987 ], [ -77.832827861816327, -7.304550974847587 ], [ -77.841488986927175, -7.288769599637249 ], [ -77.856810861631914, -7.282620975277723 ], [ -77.859427736800569, -7.25402347490342 ], [ -77.849239612318229, -7.235571474743722 ], [ -77.882009736759926, -7.22054960038372 ], [ -77.881068612426475, -7.19461597464749 ], [ -77.897780112362284, -7.18248709969987 ], [ -77.897868986964113, -7.166807224673619 ], [ -77.925612486626903, -7.154573100268294 ], [ -77.92974023722212, -7.10554672530111 ], [ -77.949287111610886, -7.0784247246213 ], [ -77.948365362271602, -7.066804724758185 ], [ -77.965921111570026, -7.050773974739116 ], [ -77.971122237201428, -7.025887349621428 ], [ -77.987195112364532, -7.012597850110637 ], [ -77.98529811211813, -7.000935100074742 ], [ -78.00107398707479, -6.986610724605214 ], [ -77.988554737111372, -6.976622725358425 ], [ -77.998739987360466, -6.96767997485091 ], [ -77.986059987178635, -6.962969975284068 ], [ -77.961859987248602, -6.976639975254614 ], [ -77.93981998710268, -6.976139974680052 ], [ -77.92865023731855, -6.986759350163823 ], [ -77.898665361816938, -6.980124224952988 ], [ -77.880341737181368, -6.962503850372343 ], [ -77.84219498710894, -6.976884849855878 ], [ -77.834345986677931, -6.957205724764322 ], [ -77.801931986571901, -6.96614447508739 ], [ -77.778784861632005, -6.941452724963256 ], [ -77.747188737370323, -6.986061850374028 ], [ -77.739160986790068, -7.036966724734498 ], [ -77.723830986710652, -7.059598975212509 ], [ -77.707005986936736, -7.068524849941809 ], [ -77.718047112084491, -7.087552849684243 ], [ -77.713378611733503, -7.10788710030937 ], [ -77.642429486631443, -7.149756475281038 ], [ -77.634266362002961, -7.169414850315036 ], [ -77.615504236930974, -7.177997225391607 ], [ -77.621048737209435, -7.191630724578204 ], [ -77.605530237430457, -7.219161850239175 ], [ -77.633812486756824, -7.23309759987427 ], [ -77.638139236636448, -7.243403475290108 ], [ -77.647350611941135, -7.241514350406874 ], [ -77.645125486851725, -7.25345472475567 ], [ -77.637200487412542, -7.253509974605606 ], [ -77.646920236879396, -7.270050224738043 ], [ -77.628419237158027, -7.320808725442305 ], [ -77.639211611626536, -7.343701225331245 ], [ -77.621678361567092, -7.396994100996892 ], [ -77.630917737263701, -7.413874600632255 ], [ -77.613649986857354, -7.419949476087425 ], [ -77.598968236994494, -7.448510350672109 ], [ -77.591867236883445, -7.443507101071816 ], [ -77.559659987318526, -7.464187475571521 ], [ -77.539076861907631, -7.507385350653351 ], [ -77.521388736900633, -7.509552600771883 ], [ -77.529127736755584, -7.516192351196025 ], [ -77.540067236713583, -7.577413600557179 ], [ -77.496944737409649, -7.582741475738487 ], [ -77.485763612100982, -7.603992226360106 ], [ -77.495247112364325, -7.614134976447986 ], [ -77.528388736850673, -7.615950100616601 ], [ -77.522704237310677, -7.633407225762824 ], [ -77.538391361771914, -7.650227976240046 ], [ -77.51160248706509, -7.65740497625859 ], [ -77.509474611963753, -7.676536226265796 ], [ -77.497889611916037, -7.686354850795681 ], [ -77.46716836163057, -7.674677851002002 ], [ -77.459237486920472, -7.686904225949206 ], [ -77.483406237208044, -7.697655976242288 ], [ -77.483276236609015, -7.72024735073461 ], [ -77.497360486796993, -7.738974225979689 ], [ -77.526182111715059, -7.753889225807086 ], [ -77.525468737092524, -7.768341850895638 ], [ -77.506550111998024, -7.770380726389362 ], [ -77.478590237249591, -7.804240475717336 ], [ -77.442861112150581, -7.813641725784976 ], [ -77.431573112309252, -7.841736351351472 ], [ -77.438384736666251, -7.850150350857973 ], [ -77.410784487314174, -7.900524725935327 ], [ -77.376909237271434, -7.908821351324264 ], [ -77.375367362213979, -7.920064225883266 ], [ -77.390522362317142, -7.947312976112926 ], [ -77.387445486619868, -7.962887850793607 ], [ -77.407129611942025, -7.991985600854775 ], [ -77.374936362123378, -8.031527226400328 ], [ -77.385472612371132, -8.055386725916605 ], [ -77.37244423731164, -8.064925726041395 ], [ -77.349299111564733, -8.054384350557314 ], [ -77.296664236565221, -8.062565726027401 ], [ -77.281341610926575, -8.048783226264845 ], [ -77.260078110616291, -8.048439475701173 ], [ -77.251312736093837, -8.028003600785496 ], [ -77.23186523589186, -8.011748101193859 ], [ -77.16622848615566, -8.02163672625386 ], [ -77.150535111406214, -8.032042975902584 ], [ -77.101523486219889, -8.027230476105558 ], [ -77.020943361247078, -8.05158597601195 ], [ -76.99388086061316, -8.086917975783933 ], [ -76.984914860832134, -8.113853475957114 ], [ -76.947033611312065, -8.139919475603278 ], [ -76.930210735736807, -8.138456975608904 ], [ -76.906997986367912, -8.17073560076733 ], [ -76.925596736100431, -8.218497350871985 ], [ -76.913078986206187, -8.23698785100845 ], [ -76.901243236286291, -8.283466351291054 ], [ -76.910515110783706, -8.295073600566184 ], [ -76.91374523635352, -8.326089850965786 ], [ -76.931930235891627, -8.342595101282825 ], [ -76.927004736279514, -8.359257100734567 ], [ -76.94267923605787, -8.359945476002849 ], [ -76.951247361376602, -8.375705226115258 ], [ -76.968372610607446, -8.371241476213129 ], [ -76.9768986107822, -8.396138725921389 ], [ -76.991684735961769, -8.396296350995783 ], [ -77.000429236320144, -8.382403475639819 ], [ -77.034011736352511, -8.404706976245905 ], [ -77.069876986433712, -8.397496100564524 ], [ -77.086638610983073, -8.407138725971379 ], [ -77.093195986205785, -8.434469601390958 ], [ -77.104588986392571, -8.444763476253399 ], [ -77.119780111363013, -8.447651226322989 ], [ -77.133843735599896, -8.440021476110189 ], [ -77.185539986381229, -8.480189976785937 ], [ -77.204629986284829, -8.485679977249106 ], [ -77.263839986426206, -8.467419976950339 ], [ -77.293379987096671, -8.517119977405002 ], [ -77.333683236791899, -8.533272726754888 ], [ -77.368232237327845, -8.500306477262086 ], [ -77.399534362420866, -8.48340672673902 ], [ -77.40546061231737, -8.44148335107576 ], [ -77.438355487115984, -8.422328100861137 ], [ -77.43753786218258, -8.401149225856045 ], [ -77.446956112134842, -8.369374226439334 ], [ -77.459332361799, -8.355560476134997 ], [ -77.458896362377175, -8.335655976442126 ], [ -77.478284736651233, -8.326065100723781 ], [ -77.473638362320514, -8.320501101344689 ], [ -77.487630111840133, -8.30354597596596 ], [ -77.491368486566387, -8.282553101444421 ], [ -77.527689987003271, -8.267079976060018 ], [ -77.531169987404951, -8.243339975759227 ], [ -77.574979986936796, -8.230939975899105 ], [ -77.572260487431492, -8.209892475657171 ], [ -77.556999986959795, -8.194249975555863 ], [ -77.575409611964005, -8.168150851180769 ], [ -77.604740987006892, -8.155704475980713 ], [ -77.602137861572999, -8.135938976402599 ], [ -77.617039986706004, -8.130949975660826 ], [ -77.636663361924548, -8.108586100867797 ], [ -77.61882998741396, -8.079829976272322 ], [ -77.643909986556594, -8.066619975931076 ], [ -77.647411112033183, -8.049707475719401 ], [ -77.718391986800725, -8.073471601233337 ], [ -77.743388111572074, -8.070184725744468 ], [ -77.751271736801186, -8.077438850722331 ], [ -77.785784861582044, -8.07919885094617 ], [ -77.810441361879327, -8.067734976088218 ], [ -77.852208111615028, -8.074779476291724 ], [ -77.867910861796815, -8.055890350759057 ], [ -77.895625611932417, -8.061949101369862 ], [ -77.933209987151145, -8.197009958942431 ], [ -78.018629987284044, -8.224319976385743 ], [ -78.036799987029724, -8.255949976310319 ], [ -78.081980486809982, -8.281085851231012 ], [ -78.10222998712419, -8.305379976005042 ], [ -78.119429987104184, -8.313649976065506 ], [ -78.108389987008252, -8.338109976294334 ], [ -78.137499986734952, -8.36866997633831 ], [ -78.139269987419937, -8.427149976090504 ], [ -78.157389986658529, -8.478849977044774 ], [ -78.173659986918835, -8.503539977088224 ], [ -78.187869986610565, -8.508099976932328 ], [ -78.202599986899827, -8.526069977347504 ], [ -78.216889986683498, -8.557259976766488 ], [ -78.201899986994761, -8.573889977440444 ], [ -78.193529986819385, -8.600109976993792 ], [ -78.205009987420965, -8.630589976945828 ], [ -78.246129987009283, -8.658359976931365 ], [ -78.296259986609073, -8.658719977345015 ], [ -78.310949986852393, -8.667209976758954 ], [ -78.334249986647535, -8.666449976784975 ], [ -78.337679987441447, -8.675859977256096 ], [ -78.354809986891325, -8.673279976989306 ], [ -78.438414362832532, -8.732746602273835 ], [ -78.487242487650633, -8.751163226701522 ], [ -78.518138737912409, -8.752980601873219 ], [ -78.551606238037436, -8.775037601903762 ], [ -78.565343113393908, -8.792598977360853 ], [ -78.588281112683148, -8.858677476784067 ], [ -78.57648473778039, -8.889046602018993 ], [ -78.589943612907348, -8.942622352239709 ], [ -78.629728612985048, -8.970889851785159 ], [ -78.644923863145721, -8.969228476612841 ], [ -78.643693363058219, -8.935081976651873 ], [ -78.65445898809179, -8.910080101615335 ], [ -78.761158238361986, -8.773956977432533 ], [ -78.761015613080019, -8.756999976967336 ], [ -78.74277148761405, -8.740324226881512 ], [ -78.737359363044106, -8.711523352021004 ], [ -78.746724613250251, -8.68427347673952 ], [ -78.737997987816868, -8.666939476875314 ], [ -78.741550737976127, -8.642312477039127 ], [ -78.761085987728109, -8.594847477129292 ], [ -78.813263613225104, -8.533322227238955 ], [ -78.91425386282549, -8.460785101751014 ], [ -78.93488473774039, -8.436324225582496 ], [ -78.934519487983948, -8.427960975718406 ], [ -78.913386738307281, -8.429275351076569 ], [ -78.900839862969235, -8.41423047565587 ], [ -78.895095738377563, -8.385464850622327 ] ] ] } },
{ "type": "Feature", "properties": { "departamento": "LAMBAYEQUE" }, "geometry": { "type": "Polygon", "coordinates": [ [ [ -79.740583989059814, -7.056603474670567 ], [ -79.866119114205731, -6.948601599584094 ], [ -79.87147848904101, -6.924828100436457 ], [ -79.931845738589914, -6.873306474614083 ], [ -79.939931614152613, -6.826410099846157 ], [ -79.979444152925282, -6.756215562598072 ], [ -80.063997989015945, -6.683542974928287 ], [ -80.256482364169756, -6.560833974708146 ], [ -80.627132865189537, -6.372080099816685 ], [ -80.334712863707637, -5.953904348806589 ], [ -80.278751989112948, -5.919992223861982 ], [ -80.196177738911501, -5.892087848974995 ], [ -80.123847613976181, -5.891310599104827 ], [ -80.120101613898328, -5.872218724114759 ], [ -80.106072239442256, -5.867449223602762 ], [ -80.05779298885534, -5.818806599245136 ], [ -80.052984364236977, -5.811244099435612 ], [ -80.092368940274355, -5.795091264650068 ], [ -80.102934663104179, -5.761498076175201 ], [ -80.091147388441186, -5.726861246948943 ], [ -80.095170552379045, -5.702607988267971 ], [ -80.066371961796563, -5.698211239656928 ], [ -80.061066738738987, -5.684399609054651 ], [ -80.07105335392913, -5.673253920631907 ], [ -80.069958921267187, -5.646170672638391 ], [ -80.056974605793357, -5.618486062381805 ], [ -80.052836945568572, -5.563572663247783 ], [ -80.001003863837184, -5.585341848747248 ], [ -79.960523489067725, -5.581623099026729 ], [ -79.945872988847327, -5.514996098591041 ], [ -79.904845864045342, -5.493414098881487 ], [ -79.898351739041459, -5.480386723868151 ], [ -79.853996113629705, -5.530744099060882 ], [ -79.864419864085448, -5.563419973652799 ], [ -79.852339863693715, -5.603581974028828 ], [ -79.819009613602759, -5.664822224266175 ], [ -79.805009738708463, -5.646414099331196 ], [ -79.790259739295493, -5.645726599103227 ], [ -79.744449114235181, -5.677113223596336 ], [ -79.766416363724147, -5.708252474272228 ], [ -79.74819336423235, -5.710181599201405 ], [ -79.71662298935945, -5.741556599057731 ], [ -79.739316364058936, -5.799587848800115 ], [ -79.736876988981805, -5.838197223622899 ], [ -79.682709989374473, -5.84644997378723 ], [ -79.635367238806964, -5.809001973562204 ], [ -79.63097261439458, -5.796380849296725 ], [ -79.622583989259681, -5.797572224378598 ], [ -79.623209989349505, -5.821399974229394 ], [ -79.632249988945773, -5.829929973689275 ], [ -79.628749989420442, -5.851609974320809 ], [ -79.637409988580089, -5.859419973852653 ], [ -79.629939989438924, -5.863019974392273 ], [ -79.62621998876142, -5.888119973557878 ], [ -79.613239989134172, -5.895539973990537 ], [ -79.611107363813744, -5.923462848831377 ], [ -79.601319988926321, -5.939539974190382 ], [ -79.595829989362471, -5.933619973682767 ], [ -79.553799989178117, -5.938309974125957 ], [ -79.527629989232594, -5.912869973670297 ], [ -79.513959989262048, -5.920979974446198 ], [ -79.497640614422778, -5.91528909871289 ], [ -79.470050738750558, -5.928080098617613 ], [ -79.462509614027454, -5.944849599429403 ], [ -79.418609363031635, -5.970099599217065 ], [ -79.417211113302187, -6.00523834907051 ], [ -79.395917863418617, -5.977193098982298 ], [ -79.349017612572709, -5.979687848915034 ], [ -79.345418987995856, -6.00597297377368 ], [ -79.319110112941303, -6.042544224036646 ], [ -79.311087612603217, -6.03464872415924 ], [ -79.322141113321663, -5.999126098690454 ], [ -79.300404612782643, -5.985154349193806 ], [ -79.263300738138526, -6.003262723795615 ], [ -79.266012488185766, -6.02502272361977 ], [ -79.240874238155527, -6.028633723767314 ], [ -79.224938613026552, -6.054705848695903 ], [ -79.216237862886999, -6.051819973712782 ], [ -79.203959988262795, -6.02405997418839 ], [ -79.190003987693842, -6.024765599352861 ], [ -79.176226238150321, -6.037489598865875 ], [ -79.188935612888201, -6.05892397396218 ], [ -79.181916737967072, -6.089338723603191 ], [ -79.201334362690659, -6.100412349350393 ], [ -79.235093362768453, -6.093722724324209 ], [ -79.260202613259935, -6.142091098625258 ], [ -79.273383613163162, -6.147727723655464 ], [ -79.273952988339715, -6.164865849379396 ], [ -79.2491028631066, -6.224439349196587 ], [ -79.279048362691753, -6.229257724264528 ], [ -79.276995988374154, -6.241553598819507 ], [ -79.30048748800715, -6.267469723748718 ], [ -79.329034862868582, -6.26627022419143 ], [ -79.344821488320974, -6.28134522420271 ], [ -79.352772988082904, -6.303981724876678 ], [ -79.386180613144745, -6.298128348844159 ], [ -79.405620738006633, -6.312071974741798 ], [ -79.422657737664451, -6.310430099569373 ], [ -79.443163989026857, -6.359854724915579 ], [ -79.458570864054082, -6.372099099793559 ], [ -79.446671863915356, -6.376717724643242 ], [ -79.453155864351629, -6.399085599620662 ], [ -79.42288823840147, -6.451881974873174 ], [ -79.422695487606632, -6.46748885013028 ], [ -79.433889489408386, -6.481160225164217 ], [ -79.417135988435064, -6.505321350100189 ], [ -79.421943738013056, -6.533363475044268 ], [ -79.404426487792136, -6.541321225094407 ], [ -79.369613362666541, -6.520802849971517 ], [ -79.36065998756834, -6.568839975184687 ], [ -79.347926737628825, -6.573687724808622 ], [ -79.335736113430869, -6.602429474640473 ], [ -79.362496362716911, -6.634765224735304 ], [ -79.344750042580358, -6.646460014018373 ], [ -79.325889987632763, -6.640499974793954 ], [ -79.30402336328757, -6.651605350206694 ], [ -79.295589987887581, -6.676136225106632 ], [ -79.27187223771358, -6.680265599877487 ], [ -79.22906036334507, -6.671405974605989 ], [ -79.218449238241703, -6.692679350371691 ], [ -79.196447113043803, -6.695170475137274 ], [ -79.188429987953555, -6.716539974939849 ], [ -79.171046862622575, -6.701703100117925 ], [ -79.142726613342518, -6.699895350390079 ], [ -79.138747363300126, -6.739241725025522 ], [ -79.12084773843236, -6.776969974684562 ], [ -79.207089987812651, -6.821439974974794 ], [ -79.224793612635096, -6.858376099976965 ], [ -79.26274036337702, -6.859156224979756 ], [ -79.273075988366145, -6.876653850194998 ], [ -79.295641612570307, -6.883502350353126 ], [ -79.31100886256894, -6.901341725140469 ], [ -79.310141488039221, -6.925395974644459 ], [ -79.299229987573824, -6.940722349556722 ], [ -79.307292987980986, -6.968615599830002 ], [ -79.296652238310116, -7.00073822498905 ], [ -79.320907238078519, -7.025193975021864 ], [ -79.359606488448662, -7.004966474822936 ], [ -79.400761737863888, -6.956927725434127 ], [ -79.455005364206158, -6.946313600192468 ], [ -79.468787488951421, -6.966504849619071 ], [ -79.508016363564309, -6.970435975140106 ], [ -79.528767613634443, -7.005285100127196 ], [ -79.69062111407311, -7.177126974830003 ], [ -79.681912113553153, -7.152140599608913 ], [ -79.686195364124728, -7.120455099822948 ], [ -79.740583989059814, -7.056603474670567 ] ] ] } },
{ "type": "Feature", "properties": { "departamento": "LIMA" }, "geometry": { "type": "MultiPolygon", "coordinates": [ [ [ [ -77.05715448609061, -12.110976875782171 ], [ -77.111491847870468, -12.079513758553048 ], [ -77.104656404069772, -12.063261910208951 ], [ -77.087108888963996, -12.061518569926022 ], [ -77.087656307192788, -12.051730316400949 ], [ -77.07773083241193, -12.048886203235668 ], [ -77.083029348325738, -12.036319686704132 ], [ -77.096295317974523, -12.033643509340436 ], [ -77.089306543362227, -12.011723149603597 ], [ -77.103343651987927, -11.997585937440988 ], [ -77.118046519731081, -11.994862423362122 ], [ -77.109709762095804, -11.976155881788486 ], [ -77.128580081905227, -11.938318362702205 ], [ -77.095244111226691, -11.949659130264592 ], [ -77.104023604205906, -11.935710533814017 ], [ -77.089273969018393, -11.899177613555992 ], [ -77.094558090383543, -11.874944157047139 ], [ -77.107169096376651, -11.866533277288852 ], [ -77.126844320209159, -11.818483511205045 ], [ -77.18810936115807, -11.828519480289742 ], [ -77.176708985631137, -11.815781230119626 ], [ -77.177976610632015, -11.802115230333584 ], [ -77.198148152315355, -11.783482479932445 ], [ -77.198267402418651, -11.768205104581853 ], [ -77.175065515960739, -11.77205856555031 ], [ -77.170747825851436, -11.73468807339583 ], [ -77.200022754046813, -11.693316992984819 ], [ -77.192884617331174, -11.680640395837543 ], [ -77.207841736007254, -11.648087854271012 ], [ -77.282793224627596, -11.586818307718659 ], [ -77.271767577711501, -11.584406253146028 ], [ -77.271398440185806, -11.572011725660559 ], [ -77.304751987214388, -11.512234354032159 ], [ -77.342312487231482, -11.486956853875654 ], [ -77.342693361809154, -11.474392603635692 ], [ -77.363835986941183, -11.45781247936236 ], [ -77.498142611891979, -11.377154354389916 ], [ -77.646148487262849, -11.304718729086005 ], [ -77.654220737197249, -11.291503854419318 ], [ -77.643290986789566, -11.290523479175192 ], [ -77.640087861565519, -11.275609354388166 ], [ -77.649900361712298, -11.244640604380322 ], [ -77.647148486613332, -11.2217343538573 ], [ -77.630988236917574, -11.211830228981853 ], [ -77.625496112255746, -11.217769478578532 ], [ -77.601712861759097, -11.214019479215551 ], [ -77.592349611645204, -11.182080104413217 ], [ -77.602335986716355, -11.150533228825395 ], [ -77.6201288620573, -11.1269043541526 ], [ -77.613101611749926, -11.112164104289945 ], [ -77.633857612039151, -11.093609353888553 ], [ -77.6280663620729, -11.089277353766818 ], [ -77.637380861737313, -11.071296853766739 ], [ -77.633415987357864, -11.054507853854318 ], [ -77.661874986741225, -11.013476603862159 ], [ -77.64682423694893, -10.998193354139914 ], [ -77.664632862116832, -10.958980479365607 ], [ -77.657828112177583, -10.946505853762119 ], [ -77.701515612355593, -10.886117354132523 ], [ -77.705956987125205, -10.85358010373875 ], [ -77.750826111935453, -10.818806603641804 ], [ -77.754581986569406, -10.803720729028385 ], [ -77.744035111730966, -10.794537104104052 ], [ -77.764953112296269, -10.771810603776316 ], [ -77.762421861579583, -10.762816353591802 ], [ -77.804027361973112, -10.725945353894929 ], [ -77.808689487030165, -10.702568354146194 ], [ -77.886310487239143, -10.612310603951187 ], [ -77.839688436272297, -10.567918823994489 ], [ -77.799683362197356, -10.585323228184393 ], [ -77.784996112080876, -10.572039103022121 ], [ -77.771376486735448, -10.571614603231296 ], [ -77.770669862424199, -10.51567185267379 ], [ -77.798840862016107, -10.477335352844193 ], [ -77.78756636189803, -10.457097603071873 ], [ -77.764603112343707, -10.439481102770628 ], [ -77.76786198744071, -10.428790477598398 ], [ -77.760022362442044, -10.430079977708772 ], [ -77.74987161198527, -10.40679610275788 ], [ -77.757195361576635, -10.345363227630799 ], [ -77.752365236866126, -10.321806602692504 ], [ -77.692390612436782, -10.320902478266703 ], [ -77.651253612064522, -10.344611228025713 ], [ -77.630628737426264, -10.322069603129648 ], [ -77.619427237077275, -10.327825353257424 ], [ -77.598069736928778, -10.365228853228928 ], [ -77.597757736929964, -10.38104922843911 ], [ -77.623231237131847, -10.40546297833373 ], [ -77.636430611983144, -10.412698228340503 ], [ -77.645299361776097, -10.408660353292646 ], [ -77.665776736806947, -10.427118852852743 ], [ -77.686736111582263, -10.434020727774339 ], [ -77.688181111668939, -10.453771852588886 ], [ -77.712406836706123, -10.491654169604203 ], [ -77.710594236934469, -10.503848603330312 ], [ -77.720234862249072, -10.502741727648583 ], [ -77.721882861804602, -10.511888352665324 ], [ -77.73794236225018, -10.520786477913589 ], [ -77.746693618315817, -10.553113145755049 ], [ -77.734215462873294, -10.568065821780181 ], [ -77.727556916618369, -10.552705248348502 ], [ -77.710083436401419, -10.560170406439056 ], [ -77.708820861993161, -10.548063727658871 ], [ -77.694000612038565, -10.539501727622564 ], [ -77.670171362118651, -10.540980228354783 ], [ -77.651390737092811, -10.530133478177447 ], [ -77.6247419030164, -10.502034568240674 ], [ -77.60132286355929, -10.509303710997415 ], [ -77.600919047276193, -10.518774020904289 ], [ -77.616333040437439, -10.524671531166177 ], [ -77.614583675596123, -10.546392890719289 ], [ -77.638208580661455, -10.563026335796735 ], [ -77.645336708822015, -10.582856218739437 ], [ -77.638163055180826, -10.60290161521732 ], [ -77.619508462945191, -10.614245597855984 ], [ -77.61931005901198, -10.602294188825681 ], [ -77.604940362207913, -10.590129352687427 ], [ -77.584621362285986, -10.583833227821174 ], [ -77.574251361611005, -10.588413352694033 ], [ -77.574115236628813, -10.614662103573153 ], [ -77.590581113727353, -10.645564024959754 ], [ -77.575354487119853, -10.658866354198835 ], [ -77.574537147271485, -10.694307931865524 ], [ -77.563143831422622, -10.709428114715649 ], [ -77.578439862309779, -10.722718104357 ], [ -77.591191831637673, -10.786449562996893 ], [ -77.52394711206955, -10.734982104240657 ], [ -77.506796861685757, -10.734619228694385 ], [ -77.491475487004095, -10.74603797916933 ], [ -77.436139237435839, -10.723640103707794 ], [ -77.415429986604579, -10.729979978792926 ], [ -77.395251611872368, -10.717806603591839 ], [ -77.385657557050592, -10.707792954780984 ], [ -77.40379398690294, -10.690967729277247 ], [ -77.39530998686638, -10.661539979286545 ], [ -77.380112486601945, -10.639444229267724 ], [ -77.36730473682411, -10.638301353724444 ], [ -77.338349987062202, -10.596049979123165 ], [ -77.320509987246055, -10.587919978324294 ], [ -77.310629986684489, -10.567689978010037 ], [ -77.291019987082677, -10.556109978192865 ], [ -77.26942998610491, -10.560229978430698 ], [ -77.267259985859596, -10.550539977637811 ], [ -77.252239985686742, -10.545269978326814 ], [ -77.225769986295802, -10.546009978277823 ], [ -77.209299985805671, -10.555389978264827 ], [ -77.19098998589908, -10.552129978115943 ], [ -77.167309985667259, -10.508139978377244 ], [ -77.174624735742896, -10.464601602881601 ], [ -77.150017610923953, -10.451093603187189 ], [ -77.138244861211319, -10.426469227572738 ], [ -77.112133986294396, -10.404844602696187 ], [ -77.110884611235804, -10.392089727658743 ], [ -77.090199985640766, -10.372630102796961 ], [ -77.071611486380959, -10.338103853310145 ], [ -77.051715486180683, -10.339940352565179 ], [ -77.024711486445881, -10.327526602970295 ], [ -77.009100736010112, -10.30776672775221 ], [ -77.003625236215612, -10.282123102798892 ], [ -76.998154235729373, -10.291392603086138 ], [ -76.965451485797416, -10.305378603239888 ], [ -76.936009236037364, -10.278506103274026 ], [ -76.90624611086929, -10.274185602783291 ], [ -76.891023486244876, -10.294744102957964 ], [ -76.89450798595476, -10.304328103359239 ], [ -76.881367236109043, -10.308507852755156 ], [ -76.874669860725476, -10.32086135316888 ], [ -76.865851610563311, -10.374843728255428 ], [ -76.856394485616988, -10.377265603424803 ], [ -76.840497986392904, -10.363331977988366 ], [ -76.83167186086763, -10.393074228093099 ], [ -76.805675735846478, -10.392298853309399 ], [ -76.799853361243606, -10.439558477741514 ], [ -76.787386736009012, -10.438652353223461 ], [ -76.772349610945753, -10.464152352848771 ], [ -76.739615236354041, -10.467060602964409 ], [ -76.728783235957508, -10.476462853078147 ], [ -76.730240610715555, -10.508402602897775 ], [ -76.710187986386416, -10.54074060309631 ], [ -76.703719700703573, -10.588593548953099 ], [ -76.685862307999059, -10.581457149727612 ], [ -76.672703111259523, -10.609890228850929 ], [ -76.675573611432981, -10.621372478656895 ], [ -76.655655361105971, -10.646781853599634 ], [ -76.670953860632096, -10.677813978832035 ], [ -76.65943298584358, -10.687925479277396 ], [ -76.642240861226753, -10.746398353701011 ], [ -76.627848861235918, -10.765960478793033 ], [ -76.633486486312279, -10.784528478906111 ], [ -76.617723736061521, -10.814592104441999 ], [ -76.601576736077448, -10.815868353941312 ], [ -76.583877610563263, -10.853608729159475 ], [ -76.565021235641495, -10.963932229288901 ], [ -76.581603485912126, -10.984984353844823 ], [ -76.578945985668668, -11.014776978574673 ], [ -76.532990236110493, -11.03412697877701 ], [ -76.514679736180824, -11.068712854214823 ], [ -76.491212860884787, -11.089441354135147 ], [ -76.495659110879217, -11.109552979386422 ], [ -76.519226611319027, -11.118089854163372 ], [ -76.505174610819608, -11.143788103937823 ], [ -76.505563235754664, -11.173665478978648 ], [ -76.492077236175476, -11.189313979356598 ], [ -76.494208611438239, -11.209739603799619 ], [ -76.483199235955908, -11.236943353752736 ], [ -76.490714861301797, -11.246595728709849 ], [ -76.477090985760356, -11.263912853695217 ], [ -76.463546986204392, -11.26519322928408 ], [ -76.456932486045332, -11.272520604042597 ], [ -76.463421985835964, -11.270660603703845 ], [ -76.478470111406466, -11.29204597923848 ], [ -76.450972611396878, -11.343904354402412 ], [ -76.430351611037963, -11.345864228950973 ], [ -76.422683610859906, -11.354855478997138 ], [ -76.420057486164012, -11.375092603740597 ], [ -76.401417986350964, -11.402851729123938 ], [ -76.411648485988792, -11.41588472939668 ], [ -76.394340611430039, -11.445007478812045 ], [ -76.37740823620112, -11.444220729403071 ], [ -76.371484986442908, -11.476480103673794 ], [ -76.380989735887567, -11.486045354109763 ], [ -76.376839111036134, -11.501488604015833 ], [ -76.35939948579761, -11.522867479250692 ], [ -76.350645860917723, -11.520413604404268 ], [ -76.350002485925927, -11.542297978668728 ], [ -76.327859861443415, -11.544322729410396 ], [ -76.317514486004711, -11.562699603803651 ], [ -76.304369610968706, -11.567527979332738 ], [ -76.29765036137502, -11.596173854239908 ], [ -76.273085985829539, -11.582005853787052 ], [ -76.264729486276735, -11.567194479241778 ], [ -76.237413610649583, -11.569009104286692 ], [ -76.2287438610403, -11.55381060397616 ], [ -76.199393985144241, -11.588431479229314 ], [ -76.189418359669503, -11.59040060420449 ], [ -76.179550734678628, -11.612873103610809 ], [ -76.197264109950652, -11.622312853655217 ], [ -76.188374235082847, -11.643062228638883 ], [ -76.204882734650425, -11.659531104077132 ], [ -76.193297484591199, -11.673486979640359 ], [ -76.196685860264211, -11.692565104895607 ], [ -76.207502859968997, -11.699786105144597 ], [ -76.198949485330445, -11.736476854623106 ], [ -76.185063110274257, -11.739909354632971 ], [ -76.154380859988635, -11.781388604600352 ], [ -76.137327609581462, -11.780511354615271 ], [ -76.0944354851095, -11.848468355230352 ], [ -76.058587484924431, -11.879406354719436 ], [ -76.049768359722009, -11.90108660536248 ], [ -76.058220735098814, -11.912808605432758 ], [ -76.052585360126216, -11.948236230117857 ], [ -76.01425410963941, -11.984329729933052 ], [ -76.000711485146894, -11.98508123041438 ], [ -75.993179734956755, -11.994679729685743 ], [ -75.975305485359797, -11.983940604974919 ], [ -75.954260110215898, -11.986176104643448 ], [ -75.948584110168497, -11.994402230378569 ], [ -75.924052860251265, -11.984252104950656 ], [ -75.904147109601411, -11.998396605219114 ], [ -75.884288485225397, -11.993630854879996 ], [ -75.842549359964949, -12.00645285531499 ], [ -75.833560485028329, -12.024702105118024 ], [ -75.818936860147915, -12.013737229889216 ], [ -75.76566298535846, -12.059627355018392 ], [ -75.751123359855114, -12.05485710537107 ], [ -75.742039485034184, -12.036547104565159 ], [ -75.71673436040237, -12.046519479890037 ], [ -75.694304735275296, -12.042691354622264 ], [ -75.673889985434414, -12.057919980422696 ], [ -75.688221860350552, -12.082133480075981 ], [ -75.66176048455867, -12.092032604720885 ], [ -75.63447073513629, -12.1147853553598 ], [ -75.63870311016035, -12.12153185531082 ], [ -75.627523484920857, -12.141740229627828 ], [ -75.641421609619556, -12.1492219802102 ], [ -75.648466234828845, -12.174208355431233 ], [ -75.668700392708899, -12.183417841260336 ], [ -75.671262146630738, -12.192455465747116 ], [ -75.652727110267904, -12.205669729774172 ], [ -75.642135860181781, -12.229623105022256 ], [ -75.586699859610803, -12.299252980440656 ], [ -75.588596484839854, -12.325003229915069 ], [ -75.568216484802917, -12.331638730143254 ], [ -75.548701110068123, -12.364243980075571 ], [ -75.566940040150712, -12.412200018815781 ], [ -75.558869485438379, -12.412102230133769 ], [ -75.557407609573488, -12.456590480366344 ], [ -75.535973985411033, -12.518548105410673 ], [ -75.55198998474998, -12.544929980234372 ], [ -75.566439359688673, -12.552694105348621 ], [ -75.571840609656363, -12.564067854647703 ], [ -75.566512360357081, -12.574225230410036 ], [ -75.579378735140494, -12.595081229914797 ], [ -75.578026734845878, -12.65354910500713 ], [ -75.561330734725573, -12.663084104947416 ], [ -75.563259359631729, -12.675728105267808 ], [ -75.55145498525934, -12.683992605074593 ], [ -75.553653985043354, -12.704243355446465 ], [ -75.577117110166455, -12.715701230027719 ], [ -75.508172984895282, -12.775046606016019 ], [ -75.509428985259433, -12.783165731313431 ], [ -75.520009734861333, -12.788324730901536 ], [ -75.530228609862434, -12.821619231142563 ], [ -75.56033211043848, -12.817399730812895 ], [ -75.570411110284454, -12.842858856251155 ], [ -75.612714359579968, -12.859151855773462 ], [ -75.636336359835127, -12.915031481117921 ], [ -75.617887859836799, -12.942735855775084 ], [ -75.622662109668568, -12.949373106083954 ], [ -75.614075360289632, -12.964552106394535 ], [ -75.637501359600037, -12.973236230767384 ], [ -75.636505859557758, -12.987575731035122 ], [ -75.667048609705546, -12.996556230585554 ], [ -75.670361234583254, -13.022611730646815 ], [ -75.70985348465058, -13.040111355954252 ], [ -75.745362735401898, -13.024969730568557 ], [ -75.753719234954701, -13.028030981444601 ], [ -75.76458773523575, -13.018236356222815 ], [ -75.772484360165038, -13.037861355616997 ], [ -75.802062484895714, -13.060429730847375 ], [ -75.807746735323519, -13.05156985556431 ], [ -75.817923485180643, -13.052148981190498 ], [ -75.826888609921355, -13.029410106191392 ], [ -75.85221810977788, -13.035311980863185 ], [ -75.87878123486604, -13.015994106242943 ], [ -75.913866359944507, -13.006866106185782 ], [ -75.937682860175812, -12.991324856257052 ], [ -75.957529859915041, -12.999129106423084 ], [ -75.968613860241419, -13.040836356112891 ], [ -76.011936734792414, -13.085499356310208 ], [ -76.155252609720151, -13.192200855784847 ], [ -76.162679984593581, -13.226069981444425 ], [ -76.2028799849233, -13.301679980646554 ], [ -76.244792861001713, -13.323513731173705 ], [ -76.400976610781925, -13.128369105649654 ], [ -76.490390717757407, -13.030223712953955 ], [ -76.482763610652057, -13.026486356260307 ], [ -76.482894486291457, -13.015929730972289 ], [ -76.516462860672448, -12.955402356233719 ], [ -76.506626986246374, -12.947314480578768 ], [ -76.50578711118618, -12.925814481053408 ], [ -76.519826236091887, -12.84993160595883 ], [ -76.559257861061383, -12.821642606321177 ], [ -76.567847610578724, -12.802951105908789 ], [ -76.609183611134711, -12.777742231218951 ], [ -76.618462860972215, -12.759435605568683 ], [ -76.637857361428075, -12.745160105554362 ], [ -76.63009761061619, -12.721035104586349 ], [ -76.656380861287687, -12.699078104670775 ], [ -76.654060611308125, -12.686165979576231 ], [ -76.672492236427559, -12.660714855406184 ], [ -76.672206985863681, -12.628273479937093 ], [ -76.704716860894393, -12.596339855399947 ], [ -76.709828110978492, -12.574521479682517 ], [ -76.746417986201038, -12.539331980186716 ], [ -76.803920535304428, -12.508980191182843 ], [ -76.79850011898526, -12.499800229197149 ], [ -76.805363558681222, -12.494270192715192 ], [ -76.797803279297852, -12.489463511531767 ], [ -76.803106718100537, -12.48033980843536 ], [ -76.790929736618011, -12.477634729559099 ], [ -76.785187486213488, -12.443706854787479 ], [ -76.775040985952728, -12.437871105467082 ], [ -76.781713504074901, -12.4096264082321 ], [ -76.77785923551528, -12.411624980608337 ], [ -76.775685485097029, -12.404499977591854 ], [ -76.783445024568209, -12.39795356240694 ], [ -76.778523972103585, -12.391714856555325 ], [ -76.789550735977627, -12.38570510460687 ], [ -76.800451235935725, -12.360904354852039 ], [ -76.817497870929969, -12.351958526864451 ], [ -76.818074235637425, -12.340488229947823 ], [ -76.826872158423328, -12.342760448935508 ], [ -76.836611361125392, -12.316169979960534 ], [ -76.855290985990166, -12.300185605281399 ], [ -76.948946713020348, -12.243357233849224 ], [ -77.037843735899628, -12.205646479601285 ], [ -77.038400361387517, -12.168420104704012 ], [ -77.027976547079959, -12.165239457135215 ], [ -77.024947000004033, -12.148092145735916 ], [ -77.05715448609061, -12.110976875782171 ] ], [ [ -76.773317860630698, -12.425645230542898 ], [ -76.773317860630698, -12.425645232341537 ], [ -76.772346609908084, -12.425333104639037 ], [ -76.773317860630698, -12.425645230542898 ] ], [ [ -76.76343123386431, -12.419192854766379 ], [ -76.76343123386431, -12.419192855665699 ], [ -76.762668112343476, -12.419227478665164 ], [ -76.76343123386431, -12.419192854766379 ] ], [ [ -76.753431117267567, -12.428828203582233 ], [ -76.753431117267567, -12.428828203582231 ], [ -76.754897484231492, -12.428004104605691 ], [ -76.753431117267567, -12.428828203582233 ] ], [ [ -76.754844536646033, -12.417257413898483 ], [ -76.753787541861527, -12.42511935467445 ], [ -76.753729982252835, -12.425698498886581 ], [ -76.754844536646033, -12.417257413898483 ] ], [ [ -76.756804736749189, -12.401787105190692 ], [ -76.756804735849869, -12.401787105190692 ], [ -76.756855548444776, -12.401627917544317 ], [ -76.756804736749189, -12.401787105190692 ] ], [ [ -76.756173861434547, -12.40067185502204 ], [ -76.756906360502555, -12.401468729313605 ], [ -76.756906360502555, -12.401468729313608 ], [ -76.756173861434547, -12.40067185502204 ] ], [ [ -76.753323332589218, -12.429563206504591 ], [ -76.753212196390749, -12.430712879101083 ], [ -76.753261537390017, -12.429984598810165 ], [ -76.753323332589218, -12.429563206504591 ] ], [ [ -76.754089553989672, -12.433462275363695 ], [ -76.754089554888992, -12.433462275363695 ], [ -76.754258758285033, -12.433775482252656 ], [ -76.754089553989672, -12.433462275363695 ] ], [ [ -76.754686718217442, -12.434705378550348 ], [ -76.754686719116762, -12.434705378550348 ], [ -76.755841137805561, -12.438597189093892 ], [ -76.754686718217442, -12.434705378550348 ] ], [ [ -76.756942597422892, -12.442614317896414 ], [ -76.756942598322212, -12.442614316997094 ], [ -76.756960761190726, -12.442754386325532 ], [ -76.756942597422892, -12.442614317896414 ] ], [ [ -76.757013895674731, -12.443544380568653 ], [ -76.757013896574051, -12.443544380568653 ], [ -76.757010033086544, -12.44396458789538 ], [ -76.757013895674731, -12.443544380568653 ] ], [ [ -76.756987587806918, -12.444244673652747 ], [ -76.756987588706238, -12.444244672753371 ], [ -76.756918961440874, -12.444788853422779 ], [ -76.756987587806918, -12.444244673652747 ] ], [ [ -76.75662572129994, -12.44605315183145 ], [ -76.756415096479472, -12.446801313729603 ], [ -76.756638429170124, -12.446009057621865 ], [ -76.75662572129994, -12.44605315183145 ] ], [ [ -76.756005670225477, -12.4483482603639 ], [ -76.756005671124797, -12.4483482603639 ], [ -76.755973495793114, -12.448465593705688 ], [ -76.756005670225477, -12.4483482603639 ] ], [ [ -76.755595960685014, -12.449820233816695 ], [ -76.755595961584334, -12.449820233816695 ], [ -76.755565634196643, -12.449928681263572 ], [ -76.755595960685014, -12.449820233816695 ] ], [ [ -76.755101879448148, -12.451629348715414 ], [ -76.755101880347468, -12.451629347816095 ], [ -76.755090451441646, -12.451672007317983 ], [ -76.755101879448148, -12.451629348715414 ] ], [ [ -76.754826357750176, -12.452624558276682 ], [ -76.754810462648948, -12.452681774044578 ], [ -76.754950599090847, -12.452177417603679 ], [ -76.754826357750176, -12.452624558276682 ] ], [ [ -76.754158514004189, -12.455058589582222 ], [ -76.754007060077697, -12.455604431299435 ], [ -76.75419256098786, -12.454935877988333 ], [ -76.754158514004189, -12.455058589582222 ] ], [ [ -76.753768191149049, -12.456484657141175 ], [ -76.753690978151155, -12.456764818394108 ], [ -76.753876785185469, -12.456090617388043 ], [ -76.753768191149049, -12.456484657141175 ] ], [ [ -76.753546147636541, -12.457294870761643 ], [ -76.753546148535861, -12.457294869862324 ], [ -76.75352509169268, -12.457372037089812 ], [ -76.753546147636541, -12.457294870761643 ] ], [ [ -76.753347595315233, -12.458017074028703 ], [ -76.753347596214553, -12.458017073129383 ], [ -76.753339498600283, -12.458046433355513 ], [ -76.753347595315233, -12.458017074028703 ] ], [ [ -76.753237684671376, -12.458423227649803 ], [ -76.753237685570696, -12.458423227649803 ], [ -76.75321127293185, -12.458521217330286 ], [ -76.753237684671376, -12.458423227649803 ] ], [ [ -76.752251739925839, -12.462125288651123 ], [ -76.752251740825159, -12.462125288651123 ], [ -76.751988854601905, -12.463127739553499 ], [ -76.752251739925839, -12.462125288651123 ] ], [ [ -76.751966296007708, -12.463213762405189 ], [ -76.751964823477053, -12.463219373445646 ], [ -76.751988854601905, -12.463127739553499 ], [ -76.751966296007708, -12.463213762405189 ] ], [ [ -76.75194946609497, -12.463277947019606 ], [ -76.75194946699429, -12.463277947019606 ], [ -76.751944076457931, -12.463298502373959 ], [ -76.75194946609497, -12.463277947019606 ] ], [ [ -76.751915549962632, -12.463402085837572 ], [ -76.752051486087169, -12.463582729959001 ], [ -76.751921129806249, -12.463382219363893 ], [ -76.751915549962632, -12.463402085837572 ] ], [ [ -76.753747000423687, -12.467694999624484 ], [ -76.753747001323006, -12.467694999624484 ], [ -76.753774000319822, -12.467766499774086 ], [ -76.753747000423687, -12.467694999624484 ] ], [ [ -76.7538520007692, -12.46797499904693 ], [ -76.753948999846443, -12.468239999576269 ], [ -76.753900000284773, -12.468106999738211 ], [ -76.75385199986988, -12.46797499994625 ], [ -76.753822498413939, -12.467895750386321 ], [ -76.7538520007692, -12.46797499904693 ] ], [ [ -76.754393999683316, -12.469465000309469 ], [ -76.754394000582636, -12.46946499941015 ], [ -76.754420811888124, -12.469536499110092 ], [ -76.754393999683316, -12.469465000309469 ] ], [ [ -76.754453999752229, -12.469640000285722 ], [ -76.754453999752229, -12.469639999386402 ], [ -76.754470746873949, -12.469680252195303 ], [ -76.754453999752229, -12.469640000285722 ] ], [ [ -76.754582000259063, -12.469977999684886 ], [ -76.754582001158383, -12.469977998785566 ], [ -76.754596195025471, -12.470016934078489 ], [ -76.754582000259063, -12.469977999684886 ] ], [ [ -76.754649999797607, -12.470170999591915 ], [ -76.754650000696927, -12.470170998692595 ], [ -76.754663602861768, -12.470208748263122 ], [ -76.754649999797607, -12.470170999591915 ] ], [ [ -76.754827999912209, -12.470655000327952 ], [ -76.754828000811528, -12.470655000327952 ], [ -76.754847782278318, -12.470708260570728 ], [ -76.754827999912209, -12.470655000327952 ] ], [ [ -76.755003999934615, -12.471127999657426 ], [ -76.755003999934615, -12.471127998758107 ], [ -76.755017828416939, -12.471166342139062 ], [ -76.755003999934615, -12.471127999657426 ] ], [ [ -76.755138999864926, -12.471498999679056 ], [ -76.755139000764245, -12.471498999679056 ], [ -76.755174500153032, -12.471596499678668 ], [ -76.755138999864926, -12.471498999679056 ] ], [ [ -76.755891801665257, -12.473575546873917 ], [ -76.755891801665257, -12.473575545974597 ], [ -76.755927900901867, -12.4736722734566 ], [ -76.755891801665257, -12.473575546873917 ] ], [ [ -76.756423000620941, -12.474786999320543 ], [ -76.756639607383647, -12.475117303496576 ], [ -76.756316000183233, -12.474589000082233 ], [ -76.756423000620941, -12.474786999320543 ] ], [ [ -76.756843570374429, -12.47537745730375 ], [ -76.756843570374429, -12.475377456404431 ], [ -76.756874865819782, -12.475413932906614 ], [ -76.756843570374429, -12.47537745730375 ] ], [ [ -76.767171111357641, -12.48120012238769 ], [ -76.768645360994583, -12.483021354751656 ], [ -76.766446077253093, -12.480530583755145 ], [ -76.767171111357641, -12.48120012238769 ] ], [ [ -76.771490610902958, -12.493263979948665 ], [ -76.771490610902958, -12.493263979049345 ], [ -76.771624778190727, -12.493468457838119 ], [ -76.771490610902958, -12.493263979948665 ] ], [ [ -76.77815223643654, -12.497443355226608 ], [ -76.775577361406079, -12.496626355322007 ], [ -76.775577360998582, -12.49662635458944 ], [ -76.77815223643654, -12.497443355226608 ] ], [ [ -76.788938985645643, -12.501661104576272 ], [ -76.788938986544963, -12.501661104576272 ], [ -76.789599485896133, -12.502431541816462 ], [ -76.788938985645643, -12.501661104576272 ] ], [ [ -76.789693736276888, -12.502541479705485 ], [ -76.789693735610129, -12.502541478927755 ], [ -76.79080048605357, -12.50312010530854 ], [ -76.789693736276888, -12.502541479705485 ] ], [ [ -76.791253237147146, -12.504503729363591 ], [ -76.791224482684953, -12.504773355552127 ], [ -76.79080048605357, -12.50312010530854 ], [ -76.791253237147146, -12.504503729363591 ] ], [ [ -76.789596361283031, -12.508007354955396 ], [ -76.789596362182351, -12.508007354955396 ], [ -76.789273048712204, -12.508343605173195 ], [ -76.789596361283031, -12.508007354955396 ] ], [ [ -76.785975235668559, -12.51395635500171 ], [ -76.785975236567879, -12.51395635410239 ], [ -76.784656110990682, -12.517655104699259 ], [ -76.785975235668559, -12.51395635500171 ] ], [ [ -76.758798744166654, -12.398928753958785 ], [ -76.760845197347919, -12.396854645725284 ], [ -76.758644476141271, -12.399099432572363 ], [ -76.758798744166654, -12.398928753958785 ] ], [ [ -76.757443660996103, -12.400601868881097 ], [ -76.757443660096783, -12.400601868881097 ], [ -76.757632258518285, -12.400346704768703 ], [ -76.757443660996103, -12.400601868881097 ] ], [ [ -76.779071211367295, -12.40044954261225 ], [ -76.779134798779054, -12.399794897860456 ], [ -76.779134798831876, -12.39979489821593 ], [ -76.779071211367295, -12.40044954261225 ] ], [ [ -76.778982079559285, -12.398767211437587 ], [ -76.778982076861325, -12.398767211437587 ], [ -76.778250513608995, -12.398633714591631 ], [ -76.778982079559285, -12.398767211437587 ] ], [ [ -76.777231487154722, -12.398458443748346 ], [ -76.77658953005853, -12.397833637472772 ], [ -76.776589533080426, -12.397833636013445 ], [ -76.777231487154722, -12.398458443748346 ] ], [ [ -76.776018494158166, -12.397869895779024 ], [ -76.776018493258846, -12.397869895779024 ], [ -76.775967970245574, -12.397764983567072 ], [ -76.776018494158166, -12.397869895779024 ] ], [ [ -76.775583037926822, -12.396871879433661 ], [ -76.775583038826142, -12.396871879433661 ], [ -76.775665119049961, -12.397053305965244 ], [ -76.775583037926822, -12.396871879433661 ] ], [ [ -76.774905075908464, -12.395220469648905 ], [ -76.775325312013479, -12.396239120938617 ], [ -76.775462558367394, -12.396591767761656 ], [ -76.774905075908464, -12.395220469648905 ] ], [ [ -76.774757916244823, -12.394402032627681 ], [ -76.774805450810845, -12.394923883130673 ], [ -76.774769323245607, -12.394673171029979 ], [ -76.774757916244823, -12.394402032627681 ] ], [ [ -76.774846083979526, -12.39375729516297 ], [ -76.774777675249481, -12.394018434902819 ], [ -76.774800879556892, -12.393922656205575 ], [ -76.774846083979526, -12.39375729516297 ] ], [ [ -76.775024782867376, -12.393371716231684 ], [ -76.775135819863607, -12.39321615820058 ], [ -76.774846083979526, -12.39375729516297 ], [ -76.775024782867376, -12.393371716231684 ] ], [ [ -76.775165024587167, -12.393175242746217 ], [ -76.775093102564597, -12.393095708899807 ], [ -76.77516502494592, -12.393175242243615 ], [ -76.775165024587167, -12.393175242746217 ] ], [ [ -76.774417547132032, -12.392111354155645 ], [ -76.774417548930728, -12.392111355054965 ], [ -76.774620883260965, -12.392386293244707 ], [ -76.774417547132032, -12.392111354155645 ] ], [ [ -76.773520108266325, -12.390897067945275 ], [ -76.773520109165645, -12.390897067945275 ], [ -76.773542049925652, -12.390926045000924 ], [ -76.773520108266325, -12.390897067945275 ] ], [ [ -76.772956887150599, -12.390153253070139 ], [ -76.7728681807219, -12.390036099286533 ], [ -76.773503968133582, -12.390875752214129 ], [ -76.772956887150599, -12.390153253070139 ] ], [ [ -76.771798497402699, -12.38853682241637 ], [ -76.771798498302019, -12.38853682241637 ], [ -76.772466596556171, -12.38949678125141 ], [ -76.771798497402699, -12.38853682241637 ] ], [ [ -76.771477520371207, -12.388114375777775 ], [ -76.771153690690255, -12.387689416433375 ], [ -76.771768197444317, -12.388495814230396 ], [ -76.771477520371207, -12.388114375777775 ] ], [ [ -76.771131254403826, -12.387659970830953 ], [ -76.771075842675941, -12.387573545083001 ], [ -76.771153690690255, -12.387689416433375 ], [ -76.771131254403826, -12.387659970830953 ] ], [ [ -76.770728690876354, -12.387138096945591 ], [ -76.770654012668402, -12.387124578607152 ], [ -76.770654012972273, -12.387124578336568 ], [ -76.770728690876354, -12.387138096945591 ] ], [ [ -76.770019684261001, -12.387689416433375 ], [ -76.770019683361681, -12.387689416433375 ], [ -76.770231126565207, -12.387501137067773 ], [ -76.770019684261001, -12.387689416433375 ] ], [ [ -76.763558969071141, -12.394091657703768 ], [ -76.763558968171822, -12.394091657703768 ], [ -76.763988643111361, -12.393648288787432 ], [ -76.763558969071141, -12.394091657703768 ] ] ], [ [ [ -76.802843440672234, -12.475591059779561 ], [ -76.797339481831557, -12.476030546772279 ], [ -76.800176690901537, -12.479258754987484 ], [ -76.802843440672234, -12.475591059779561 ] ] ], [ [ [ -76.797591309990935, -12.477166722366292 ], [ -76.797367147675686, -12.476860337734365 ], [ -76.797198665985604, -12.477017325189365 ], [ -76.797591309990935, -12.477166722366292 ] ] ], [ [ [ -76.78182223480826, -12.40919335498927 ], [ -76.781447237300142, -12.408966854436756 ], [ -76.781097609666915, -12.409109353813562 ], [ -76.78182223480826, -12.40919335498927 ] ] ] ] } },
{ "type": "Feature", "properties": { "departamento": "LORETO" }, "geometry": { "type": "Polygon", "coordinates": [ [ [ -74.501768983851491, -7.266078475041525 ], [ -74.535522858692957, -7.293768849952414 ], [ -74.534690233967069, -7.31820359991616 ], [ -74.566011359036963, -7.359707725131386 ], [ -74.579521358823627, -7.409929476264267 ], [ -74.616073859121286, -7.435037600804606 ], [ -74.642902108845192, -7.500086476309775 ], [ -74.643144359224777, -7.562285100776705 ], [ -74.608795108907088, -7.608782101013105 ], [ -74.576227108893931, -7.637229850776919 ], [ -74.570820483678347, -7.66848822565106 ], [ -74.583455233572124, -7.685068600835223 ], [ -74.5820839841885, -7.706013725852699 ], [ -74.558935234173703, -7.747465226339102 ], [ -74.524341484272043, -7.75713385114625 ], [ -74.515609608596549, -7.777825226153197 ], [ -74.569745109449229, -7.815980475718334 ], [ -74.598174359259247, -7.864730476430282 ], [ -74.610144484080649, -7.913982476010403 ], [ -74.627984233885229, -7.939828101285798 ], [ -74.668440484340863, -7.945642101401802 ], [ -74.711275358870694, -7.979002351077611 ], [ -74.727944483650958, -7.9810089759834 ], [ -74.779025983961958, -8.04237635078789 ], [ -74.840384734268014, -8.058351600945571 ], [ -74.887928109194831, -8.084199476324727 ], [ -74.953404733741422, -8.012707476368917 ], [ -74.982259734299248, -7.9689863514389 ], [ -75.005531233679449, -7.970152351249965 ], [ -75.033349609097115, -7.950054725744963 ], [ -75.092217358744051, -7.973675725953967 ], [ -75.144109859582329, -7.979091725702517 ], [ -75.149434734625288, -8.001818851059056 ], [ -75.185697360045083, -8.01844260144486 ], [ -75.195902860328715, -8.052686226388175 ], [ -75.189321484898585, -8.079044226010183 ], [ -75.212493485086213, -8.100482476285208 ], [ -75.212404984602301, -8.12393197578001 ], [ -75.23568273517003, -8.14010072586774 ], [ -75.235406235009691, -8.150501851179456 ], [ -75.247284110073565, -8.154772476168773 ], [ -75.287892235338347, -8.125490725716361 ], [ -75.323525984636433, -8.139309851268592 ], [ -75.345537735278242, -8.129410350707076 ], [ -75.376146984895399, -8.138777100982395 ], [ -75.398131485179874, -8.168468725551179 ], [ -75.429781110110127, -8.166522725743164 ], [ -75.439238860085311, -8.17487460098198 ], [ -75.437682860275743, -8.194973475645327 ], [ -75.455558673793746, -8.211322153994161 ], [ -75.471679734632005, -8.252567100890928 ], [ -75.488445485270915, -8.26409697609455 ], [ -75.502877235296125, -8.289411851175942 ], [ -75.491340359769765, -8.312145725944447 ], [ -75.49384411011755, -8.328650976261486 ], [ -75.510053660647884, -8.334816901778538 ], [ -75.498822259639553, -8.345887670379625 ], [ -75.482673970926953, -8.345476889746635 ], [ -75.477181321061096, -8.386368508299995 ], [ -75.463816437678418, -8.393838564098417 ], [ -75.449575438355737, -8.420988074140269 ], [ -75.419405845703182, -8.443209934290962 ], [ -75.419564568849751, -8.451533549233886 ], [ -75.457594390868394, -8.449801355148395 ], [ -75.477001709361332, -8.435366971008875 ], [ -75.510835057292013, -8.432044585788958 ], [ -75.52726538059278, -8.439973818337023 ], [ -75.546419555218279, -8.432394197234373 ], [ -75.572289447799733, -8.444581835683096 ], [ -75.583463886648985, -8.441186227662229 ], [ -75.597749485150587, -8.412948600897153 ], [ -75.61807960968622, -8.408322850718946 ], [ -75.64511998519913, -8.408894976022282 ], [ -75.687319318731511, -8.423294342359952 ], [ -75.707171211682009, -8.443740740242902 ], [ -75.716461027654248, -8.48689488668964 ], [ -75.760690185903343, -8.48738544258407 ], [ -75.770134011675282, -8.498087726567292 ], [ -75.78454889941213, -8.494325821979032 ], [ -75.783369192134444, -8.505240426004832 ], [ -75.799222472638974, -8.512155830327288 ], [ -75.782160235306549, -8.525440042723744 ], [ -75.77826027399243, -8.546410834392475 ], [ -75.795070015868475, -8.592992677569953 ], [ -75.817722816754554, -8.617258149943609 ], [ -75.816801342607846, -8.636021221102453 ], [ -75.833668974743375, -8.652161504050127 ], [ -75.853494148835864, -8.649162002424418 ], [ -75.891321252873468, -8.660217377330071 ], [ -75.900850923431335, -8.677711384572717 ], [ -75.9113574286024, -8.678662755781488 ], [ -75.946007201770897, -8.715191382676096 ], [ -75.964896484684971, -8.695748102093205 ], [ -75.979759734823858, -8.636001977409308 ], [ -75.965023485145707, -8.579974602445873 ], [ -75.970726609645283, -8.512400352394309 ], [ -75.954531235128343, -8.499486352213353 ], [ -75.967554734963016, -8.459925726690869 ], [ -75.947165775879796, -8.422399052873971 ], [ -75.946337211593004, -8.39912333567338 ], [ -75.967589305801766, -8.34580995096843 ], [ -75.986004759312152, -8.323651673785662 ], [ -75.962219860358232, -8.314300851403118 ], [ -75.948657984978013, -8.318280101445453 ], [ -75.927093235164648, -8.306762100890182 ], [ -75.914351109815811, -8.282828975676637 ], [ -75.918583859857222, -8.264069350719922 ], [ -75.912885859694654, -8.256099976032999 ], [ -75.926474610414914, -8.206219226236271 ], [ -75.941164859770424, -8.186183975909728 ], [ -75.934026984757509, -8.134428475993332 ], [ -75.940637234720555, -8.110459225912507 ], [ -75.951802985219558, -8.101295225993852 ], [ -75.92936473469473, -8.089302851045716 ], [ -75.920988485130465, -8.07311935117707 ], [ -75.887305984983186, -8.074876976291364 ], [ -75.844932735157556, -8.059638100917596 ], [ -75.829492860407129, -7.97349585075284 ], [ -75.858793234919801, -7.92112535125392 ], [ -75.895207610143075, -7.933930475910699 ], [ -75.927837860328964, -7.957255975982434 ], [ -75.939455610088316, -7.946120100961821 ], [ -75.966979485414868, -7.960359351103136 ], [ -75.993509734886345, -7.953566350806398 ], [ -75.985855485342313, -7.917144351130844 ], [ -75.975661484689738, -7.908968100897084 ], [ -75.988166984918394, -7.892326600592071 ], [ -76.006039735345496, -7.890586851302089 ], [ -76.008491735105451, -7.856042600985177 ], [ -76.03730111035793, -7.816926476175865 ], [ -76.043802984819877, -7.792343600676588 ], [ -76.060550984640201, -7.78781385132811 ], [ -76.067070234903383, -7.769289601433911 ], [ -76.084435110292077, -7.762560976407883 ], [ -76.086673860110523, -7.729231726363025 ], [ -76.101592610110856, -7.722663975661874 ], [ -76.101332109788984, -7.650456350979766 ], [ -76.082374984717717, -7.631888725883925 ], [ -76.082855485292384, -7.619652351374896 ], [ -76.093871485180841, -7.609725976372658 ], [ -76.084904735365228, -7.605118351130955 ], [ -76.079718610425516, -7.584335976424143 ], [ -76.087253734871922, -7.580747726426409 ], [ -76.091373610103972, -7.560355725836018 ], [ -76.115670985027919, -7.562502725920012 ], [ -76.121910859998138, -7.52599235076633 ], [ -76.167275360169697, -7.493017600881501 ], [ -76.20439685972724, -7.43132685055366 ], [ -76.215408111195359, -7.395333100841867 ], [ -76.195918234938574, -7.334402849611763 ], [ -76.213111361400195, -7.310142599601249 ], [ -76.166661484739677, -7.267596349891562 ], [ -76.159275609981364, -7.230568600160723 ], [ -76.145714984658753, -7.217929225053638 ], [ -76.143525235301354, -7.203962474888272 ], [ -76.059944984573349, -7.161301225271302 ], [ -76.046585610437546, -7.121430224824962 ], [ -76.023301234564258, -7.114306849581396 ], [ -76.010717110206429, -7.07837985024986 ], [ -76.008113234737948, -7.002220725006396 ], [ -76.020490110330286, -6.989657349806805 ], [ -76.035640110202905, -6.993146474729997 ], [ -76.051844235123326, -6.937871600294045 ], [ -76.046402360080833, -6.924931599813419 ], [ -76.015735859622168, -6.913700974920005 ], [ -76.010646734659019, -6.890421350165127 ], [ -76.035003859640369, -6.864986349940068 ], [ -76.05104348506876, -6.810923099721208 ], [ -76.011584859753441, -6.806022225345373 ], [ -76.000580110383737, -6.79506322538748 ], [ -75.98383310971019, -6.793753225231114 ], [ -75.98016223539878, -6.800068975103045 ], [ -75.964951110405366, -6.7884066000845 ], [ -75.94295073528815, -6.795029099713133 ], [ -75.915355610273139, -6.790635975369923 ], [ -75.877515859968923, -6.802298350388526 ], [ -75.843875359959839, -6.797261725148473 ], [ -75.813933484642575, -6.817225474875727 ], [ -75.813971859613616, -6.825477975028491 ], [ -75.794183359874125, -6.82140160000381 ], [ -75.780539110191739, -6.848412100038331 ], [ -75.746056610024482, -6.856546850156974 ], [ -75.724795859841038, -6.850874475276783 ], [ -75.700805609691088, -6.869113974630181 ], [ -75.689986359882539, -6.861267600219549 ], [ -75.686754110114066, -6.846142849712692 ], [ -75.672915234550373, -6.844396975140228 ], [ -75.659671985373791, -6.819332099896428 ], [ -75.64237398537108, -6.815761974835198 ], [ -75.632847234911935, -6.84339547482125 ], [ -75.61025186023511, -6.839100474607164 ], [ -75.57678623519655, -6.820988849855496 ], [ -75.5741673599357, -6.808825975138575 ], [ -75.56184023483894, -6.801614100310417 ], [ -75.512734984831638, -6.786465724613436 ], [ -75.502347610154061, -6.769566475012766 ], [ -75.506207110070022, -6.69705297471495 ], [ -75.500228484556885, -6.640322224690863 ], [ -75.509304734925536, -6.582978475176446 ], [ -75.502983484799927, -6.552228725375301 ], [ -75.509596609895596, -6.49214135024306 ], [ -75.524227485110316, -6.475579600018477 ], [ -75.520141234630216, -6.464820725296192 ], [ -75.529849360359663, -6.440098099647514 ], [ -75.539002859794095, -6.435132975006752 ], [ -75.533730485373553, -6.416300725298186 ], [ -75.543418110157631, -6.406865224550415 ], [ -75.536447109746291, -6.391540224701544 ], [ -75.55009498459583, -6.347707975042965 ], [ -75.496343735275104, -6.281025348840728 ], [ -75.487285109819936, -6.254259724306792 ], [ -75.487187609820296, -6.203415349138993 ], [ -75.526777359887205, -6.162134724337989 ], [ -75.53279373534258, -6.095599473636753 ], [ -75.565029235310931, -6.025544974321065 ], [ -75.568929612111845, -6.000388601152963 ], [ -75.621070235003288, -6.029380849046902 ], [ -75.626139984972269, -6.073979973996529 ], [ -75.636459985140164, -6.088949973662295 ], [ -75.652689985354527, -6.098129974318795 ], [ -75.680049985318533, -6.095309973776239 ], [ -75.718829984915828, -6.141229974383748 ], [ -75.770489984924836, -6.147729973759226 ], [ -75.76951998515915, -6.125079974261382 ], [ -75.779709984727958, -6.117889973643344 ], [ -75.783089985014783, -6.123339974060514 ], [ -75.807099860170354, -6.101769974005038 ], [ -75.827680040301573, -6.098580013057131 ], [ -75.834720040297611, -6.107010013301419 ], [ -75.851520039817956, -6.101750012652928 ], [ -75.840209708011571, -6.14134011885136 ], [ -75.895874815370405, -6.132024965379799 ], [ -75.919148694356693, -6.140577028806774 ], [ -75.958450549852955, -6.098380287120506 ], [ -76.005753324656155, -6.095217552248187 ], [ -76.013530040279079, -6.083580012907248 ], [ -76.042717655095657, -6.100996080404741 ], [ -76.088482909358731, -6.107566842935398 ], [ -76.145989357023154, -6.146673399857491 ], [ -76.247149377941412, -6.126061411604837 ], [ -76.318296611099697, -6.086094974203661 ], [ -76.315339861445409, -6.054066348882827 ], [ -76.334006110693394, -6.042106848652111 ], [ -76.372787111236164, -5.973759723932062 ], [ -76.400158054150836, -5.953558717760586 ], [ -76.414352627771507, -5.965999998301243 ], [ -76.430181060007897, -6.002766352884805 ], [ -76.480922826127482, -6.013962674937432 ], [ -76.517994361150784, -6.003406724140973 ], [ -76.548875828356756, -6.012753587707834 ], [ -76.562958615347782, -6.001566023253304 ], [ -76.604344986032231, -6.017151098943998 ], [ -76.640011360935546, -6.002604724028743 ], [ -76.710769486222773, -6.01366597420531 ], [ -76.750323860557671, -6.00281547385498 ], [ -76.754891360747649, -5.993423349208172 ], [ -76.745584985558594, -5.974896099175567 ], [ -76.746728111113384, -5.954027599094388 ], [ -76.764632736211752, -5.94662134929581 ], [ -76.777743610579137, -5.900554974132717 ], [ -76.82020348580221, -5.859285848962713 ], [ -76.826338861349313, -5.817847474081589 ], [ -76.816328736082255, -5.807566223902086 ], [ -76.829422610564961, -5.777340723995167 ], [ -76.82460423639634, -5.757296099135601 ], [ -76.835451110680197, -5.745555349100016 ], [ -76.86183198635706, -5.739726474197369 ], [ -76.892843610644093, -5.747782474281735 ], [ -76.934434736274, -5.711487974190618 ], [ -76.972908236126159, -5.698953099405969 ], [ -76.995605611010092, -5.667119099067122 ], [ -77.013929735668739, -5.670746599076267 ], [ -77.045743985996126, -5.661942723677726 ], [ -77.062142110869672, -5.667608849169028 ], [ -77.109946111124088, -5.647948724054345 ], [ -77.126910236018546, -5.650993599175195 ], [ -77.137132111157939, -5.644033974288448 ], [ -77.142351860849658, -5.625438598812252 ], [ -77.161925860589974, -5.624568724167261 ], [ -77.178672486246228, -5.641424099442588 ], [ -77.202161235752385, -5.634464473656465 ], [ -77.231941360805138, -5.595460973644947 ], [ -77.265800986026647, -5.613969473712189 ], [ -77.279909860551584, -5.601084973992329 ], [ -77.337026237171074, -5.604026348836896 ], [ -77.371820362319852, -5.567105473638662 ], [ -77.404240736820498, -5.574365598893223 ], [ -77.41059961188256, -5.589753848960925 ], [ -77.432005861581217, -5.583142598951724 ], [ -77.437343737223671, -5.592435474417584 ], [ -77.460831111666437, -5.584693974447305 ], [ -77.472751736903092, -5.554786848933873 ], [ -77.490189362049364, -5.562460849388629 ], [ -77.507365236816213, -5.552664099068863 ], [ -77.492271486839627, -5.519704473982245 ], [ -77.500432112252156, -5.515341224218048 ], [ -77.518074361942183, -5.465543848769585 ], [ -77.558119112307168, -5.425578099349764 ], [ -77.579490612201937, -5.459806098572528 ], [ -77.594810111797187, -5.46422422406863 ], [ -77.606973986560206, -5.44858309903077 ], [ -77.660005736875235, -5.424744723690026 ], [ -77.671869737198563, -5.40877122361303 ], [ -77.69595848739425, -5.411053098621551 ], [ -77.703010112027016, -5.382112473611699 ], [ -77.682389111668158, -5.340105098571371 ], [ -77.684148236851627, -5.295881223839388 ], [ -77.699090487036301, -5.253975974011951 ], [ -77.739707861828322, -5.211856598303314 ], [ -77.708242612306663, -5.190907348095607 ], [ -77.695280986728108, -5.164740348288376 ], [ -77.719996362042423, -5.140624347735411 ], [ -77.745285111818418, -5.133017597683931 ], [ -77.774286736943338, -5.097177972885106 ], [ -77.801322237231432, -5.085971848222187 ], [ -77.817660112024498, -5.091230472907966 ], [ -77.822277486816517, -5.081792722955754 ], [ -77.811817382166396, -5.056345319281036 ], [ -77.813874736929506, -5.039809473128628 ], [ -77.824619611905518, -5.031778723309401 ], [ -77.758445486669814, -4.950052722654959 ], [ -77.766931611804409, -4.921218723065579 ], [ -77.760151737112949, -4.909345098197662 ], [ -77.793574861990237, -4.849963473235675 ], [ -77.791842362135242, -4.832951222920542 ], [ -77.799113486997783, -4.82459284828127 ], [ -77.789267112087487, -4.785106472585596 ], [ -77.794685361939855, -4.760216848228936 ], [ -77.789725236630318, -4.744543847620434 ], [ -77.771878862419499, -4.717558597850939 ], [ -77.731394112448299, -4.688440222738052 ], [ -77.715969736613999, -4.665087973231323 ], [ -77.694512436000082, -4.658673173827879 ], [ -77.672571737195881, -4.630480347689854 ], [ -77.652613236811419, -4.574570347743304 ], [ -77.659653361813184, -4.557974222732128 ], [ -77.649015612280664, -4.546415973018668 ], [ -77.655456986650563, -4.518544972872178 ], [ -77.641352612333151, -4.510060722824051 ], [ -77.640630862324372, -4.496515598216263 ], [ -77.611020487005817, -4.494265722884734 ], [ -77.589087862314955, -4.480464848174165 ], [ -77.568275362118243, -4.42091997287838 ], [ -77.565859237213999, -4.365535722895231 ], [ -77.58555073697687, -4.251333972884481 ], [ -77.548405362217636, -4.105404847055979 ], [ -77.538123362003489, -4.028707972195093 ], [ -77.537877362350343, -3.961899472382697 ], [ -77.569018612219168, -3.893073972186016 ], [ -77.561493612340314, -3.876165847176082 ], [ -77.581915986633419, -3.862816346697002 ], [ -77.609236361568776, -3.82524222195093 ], [ -77.628220862003161, -3.817050721913233 ], [ -77.651914111946667, -3.780562346874774 ], [ -77.615622987011193, -3.707718721641641 ], [ -77.619966736775439, -3.622408222061779 ], [ -77.643009612303729, -3.619346347056251 ], [ -77.666672986768901, -3.571871971714074 ], [ -77.716459611721689, -3.542305096602888 ], [ -77.715131236617253, -3.514853596915941 ], [ -77.745642237099503, -3.4822289719894 ], [ -77.772543236581043, -3.42880947177963 ], [ -77.777855361935394, -3.191860721594992 ], [ -77.790936486729436, -3.117630347162731 ], [ -77.785827861766393, -3.106282722269782 ], [ -77.794452111975374, -3.089258847317922 ], [ -77.78766411190918, -3.074775345805506 ], [ -77.79314723705528, -3.043981345762461 ], [ -77.81694661239618, -3.002784346220551 ], [ -77.813318987381308, -2.990942846035466 ], [ -76.631865111185903, -2.589689220680953 ], [ -76.043425735409301, -2.127093470786974 ], [ -75.582670984977938, -1.547461094653727 ], [ -75.563565735270402, -1.562766595402024 ], [ -75.557625234716795, -1.55950659525314 ], [ -75.55036136018856, -1.50198609478241 ], [ -75.538046984780465, -1.480769219823571 ], [ -75.386699735004754, -0.929738594260641 ], [ -75.379479859807645, -0.923747469070406 ], [ -75.369806734792917, -0.92900646877348 ], [ -75.30006061030889, -0.987148095008536 ], [ -75.288527359949683, -0.985655970446658 ], [ -75.274367109854211, -0.969596595006806 ], [ -75.211447360407305, -0.969568094591864 ], [ -75.20322273474136, -0.975661845018067 ], [ -75.188331485109927, -0.970199594935309 ], [ -75.22891023491934, -0.941493344941875 ], [ -75.233500235247618, -0.92201359415202 ], [ -75.221145484776287, -0.901489843781235 ], [ -75.22280836001778, -0.870897719054426 ], [ -75.249820110109965, -0.834702594049418 ], [ -75.240781859695005, -0.802435469421312 ], [ -75.263989734738402, -0.787544843919363 ], [ -75.250939734581038, -0.762522093819541 ], [ -75.26622286019682, -0.752308844077845 ], [ -75.273439860261306, -0.728943218954328 ], [ -75.272183609885644, -0.713924093821845 ], [ -75.248332359850508, -0.696337343993207 ], [ -75.269547359722822, -0.67494284393706 ], [ -75.271384109888743, -0.663612718951754 ], [ -75.25791211005577, -0.655063218592602 ], [ -75.256469985101717, -0.643499968648598 ], [ -75.247909985157662, -0.647459968702549 ], [ -75.244729860094935, -0.639369968848939 ], [ -75.231309984967766, -0.646939969004336 ], [ -75.233359985075197, -0.633969968938857 ], [ -75.223099984976272, -0.628499969398035 ], [ -75.232229985125684, -0.614399969383044 ], [ -75.225969985126653, -0.605719969301106 ], [ -75.23992998498079, -0.601049968880886 ], [ -75.238949984753958, -0.578899969058284 ], [ -75.224489985224579, -0.571090093632847 ], [ -75.227489860068943, -0.550759969097271 ], [ -75.24407998480342, -0.546949843760217 ], [ -75.237957484850028, -0.539000719107833 ], [ -75.246923984654131, -0.518913219069759 ], [ -75.261934735299747, -0.533201093755451 ], [ -75.267592860422155, -0.530016594390247 ], [ -75.269653485120216, -0.502591219109433 ], [ -75.286123984734047, -0.49732809421613 ], [ -75.294696110237282, -0.505766718958853 ], [ -75.300728984654882, -0.492779719008752 ], [ -75.3127576103754, -0.494241218957029 ], [ -75.310949984753961, -0.474419968606639 ], [ -75.326449984579085, -0.460649969420501 ], [ -75.324849985438448, -0.453140094339858 ], [ -75.349099984976306, -0.463539968694533 ], [ -75.356459985339995, -0.446779969220131 ], [ -75.387849984988804, -0.434119844055488 ], [ -75.389709985327499, -0.415159843851654 ], [ -75.400979985238109, -0.39965984402653 ], [ -75.415009984722985, -0.396219843670792 ], [ -75.462729984701014, -0.318429968767987 ], [ -75.464360110230871, -0.298589969351553 ], [ -75.473709984727975, -0.296749969035773 ], [ -75.482219985064205, -0.236959969127213 ], [ -75.510819859648791, -0.212020094251898 ], [ -75.514169985356489, -0.197379968610619 ], [ -75.530769984647009, -0.180899968558663 ], [ -75.568709985077703, -0.185269843628305 ], [ -75.578799985430919, -0.178349843770206 ], [ -75.590519985408946, -0.190629969397548 ], [ -75.610618860072293, -0.192449218756394 ], [ -75.610495984801844, -0.113355468979648 ], [ -75.60171998478944, -0.109889969246638 ], [ -75.59538998515967, -0.120429968768008 ], [ -75.578139984672532, -0.120379969160183 ], [ -75.563609984613038, -0.131199969003319 ], [ -75.552649984609047, -0.130679969305106 ], [ -75.542439985017268, -0.115679969155224 ], [ -75.53708998471501, -0.121269968833928 ], [ -75.534895485138463, -0.115036844174995 ], [ -75.516071234899528, -0.114474844338531 ], [ -75.496802109829446, -0.132024844271086 ], [ -75.485062859863035, -0.130184093920775 ], [ -75.467022359794043, -0.140783844398868 ], [ -75.460676235319966, -0.151670593722883 ], [ -75.43108385993213, -0.153794843657067 ], [ -75.406256109831588, -0.170145469038118 ], [ -75.368213235052735, -0.163232718615006 ], [ -75.364022110132225, -0.146110218611625 ], [ -75.352843359933104, -0.147314219275756 ], [ -75.359123859978126, -0.157992343871513 ], [ -75.35217210955517, -0.163816219442936 ], [ -75.339568985220467, -0.155389594354233 ], [ -75.312141484841618, -0.160339594196842 ], [ -75.295779359829567, -0.148072594174835 ], [ -75.287948610240107, -0.153963594244431 ], [ -75.27674123462026, -0.134242969037757 ], [ -75.258796110352193, -0.127162593978483 ], [ -75.255455110065213, -0.111488344211693 ], [ -75.219589734978229, -0.076570593757822 ], [ -75.215487984682682, -0.048686468905373 ], [ -75.183596485289513, -0.038605968990225 ], [ -75.137020109990033, -0.068437218702627 ], [ -75.077363359031779, -0.084204844178146 ], [ -75.016890609114284, -0.145685593815074 ], [ -74.972800734266457, -0.153525343819524 ], [ -74.969668108696226, -0.180017719242301 ], [ -74.95861598394049, -0.19384221914305 ], [ -74.938453109023726, -0.20365821855188 ], [ -74.928258859258904, -0.220214719433727 ], [ -74.918197234314846, -0.215296844273894 ], [ -74.917300984352892, -0.202460719086844 ], [ -74.910676483732686, -0.203545843765653 ], [ -74.892288108809112, -0.23689634389109 ], [ -74.848087234238449, -0.233584094030675 ], [ -74.831763609203165, -0.206193344447229 ], [ -74.808982359048571, -0.189021468965564 ], [ -74.782457358919942, -0.201357468572269 ], [ -74.748022109132989, -0.250325718557008 ], [ -74.73147460866619, -0.290062969130645 ], [ -74.732513608915895, -0.334917969188893 ], [ -74.726679733782646, -0.343560594345888 ], [ -74.710648483740499, -0.350244219095373 ], [ -74.689589858884858, -0.3292695936168 ], [ -74.681915984335149, -0.330421843693102 ], [ -74.68386548430459, -0.359260344389327 ], [ -74.661308733711053, -0.374330094158495 ], [ -74.6093359836687, -0.351394594085207 ], [ -74.615052983808141, -0.377506344042501 ], [ -74.576222233669114, -0.392275969360469 ], [ -74.573422734071869, -0.410633968782577 ], [ -74.553180484092024, -0.420808968559015 ], [ -74.527947234177475, -0.46674609405693 ], [ -74.498967984185072, -0.461616344019035 ], [ -74.497563984190492, -0.488338719256433 ], [ -74.47640235908159, -0.474103469299621 ], [ -74.465051484038725, -0.487942093952427 ], [ -74.422951984246652, -0.498924469088934 ], [ -74.423974858752672, -0.553460093608408 ], [ -74.414768983701606, -0.558089968976844 ], [ -74.400566234344183, -0.540044968700272 ], [ -74.394505608646909, -0.541982719027203 ], [ -74.387723358845903, -0.590709843684294 ], [ -74.360933234081472, -0.623823343672314 ], [ -74.372826108937716, -0.652886718946888 ], [ -74.337568609004052, -0.682934843767953 ], [ -74.345374734256552, -0.70543821869876 ], [ -74.375556608950319, -0.716988343936862 ], [ -74.372589858834885, -0.734794969012569 ], [ -74.344283234283807, -0.759029343729196 ], [ -74.312552734221242, -0.756267594074131 ], [ -74.316658233790406, -0.793027344036659 ], [ -74.303509483575795, -0.792301343831923 ], [ -74.290070359359561, -0.774988219031059 ], [ -74.283341859339316, -0.77785934423332 ], [ -74.280257859212782, -0.787277344174072 ], [ -74.292351609339278, -0.813242218653443 ], [ -74.284927733727898, -0.824843718562704 ], [ -74.245330109197141, -0.818402344192805 ], [ -74.26815035935158, -0.847009719123207 ], [ -74.269171858794209, -0.879290969402689 ], [ -74.305464858816151, -0.865167969226377 ], [ -74.319953108748905, -0.879646468709495 ], [ -74.312873108706981, -0.89538284364329 ], [ -74.287421858631831, -0.893539094053892 ], [ -74.27829685871302, -0.899855468954684 ], [ -74.263107483823262, -0.944080219626414 ], [ -74.271348984368103, -0.967113719722363 ], [ -74.26721773361146, -0.982355720240264 ], [ -74.218621108677212, -1.00942384523421 ], [ -74.16835760921623, -1.006329344623509 ], [ -74.094260983757351, -1.048011969976358 ], [ -74.063916858775997, -1.052953095309078 ], [ -74.046201483411664, -1.044820220276904 ], [ -74.038261733292302, -1.01361909534495 ], [ -74.022768732890654, -1.004879845228629 ], [ -74.015184607983258, -1.018238970252241 ], [ -74.022657983179329, -1.062919595362985 ], [ -74.010968982832253, -1.09281172018467 ], [ -73.988036982920391, -1.103162219960439 ], [ -73.96166985787761, -1.082626969958653 ], [ -73.950591732822147, -1.09791209476731 ], [ -73.966562357766577, -1.117775720273244 ], [ -73.961654358062162, -1.129068345327823 ], [ -73.909470233164711, -1.121640969555074 ], [ -73.897069358264218, -1.137182220383124 ], [ -73.89540823310341, -1.168583969674387 ], [ -73.87142185813218, -1.197302720244295 ], [ -73.867523483222158, -1.223162095254452 ], [ -73.857132858394664, -1.231779345140637 ], [ -73.823554732664718, -1.236359345007713 ], [ -73.809615232856686, -1.249115220091312 ], [ -73.78815423333117, -1.239679720242862 ], [ -73.783919983220585, -1.257605470416081 ], [ -73.774330108447714, -1.259091844712827 ], [ -73.75401360774174, -1.238398469613628 ], [ -73.753685482898675, -1.205990219772787 ], [ -73.7451249829316, -1.199662095229485 ], [ -73.740998108276017, -1.23425784522334 ], [ -73.732314483026926, -1.245632844580086 ], [ -73.708399607755666, -1.251769220173344 ], [ -73.680931608207118, -1.238021470214619 ], [ -73.647011732905128, -1.267189469918037 ], [ -73.621093732889449, -1.259595719566732 ], [ -73.610801108084615, -1.319025844966745 ], [ -73.595825858176795, -1.328750969681437 ], [ -73.576531232830064, -1.318062469607241 ], [ -73.569785107896394, -1.322425720270701 ], [ -73.579156608390747, -1.359577595329711 ], [ -73.561481608089707, -1.377175094754762 ], [ -73.550216858421265, -1.406880844974978 ], [ -73.553863108395717, -1.41676759494851 ], [ -73.581404732742158, -1.413920469953666 ], [ -73.585358358401493, -1.423067970010777 ], [ -73.534324232577205, -1.432845720353669 ], [ -73.526306608363257, -1.468003845201224 ], [ -73.51100198265533, -1.48213084466272 ], [ -73.489010732958945, -1.483041845304854 ], [ -73.485653607827714, -1.49777609489081 ], [ -73.495103358333267, -1.510147720241036 ], [ -73.478568358442942, -1.522093719849238 ], [ -73.478413982619145, -1.530425095042062 ], [ -73.490298983011598, -1.569296595261619 ], [ -73.479619858369745, -1.575521345433685 ], [ -73.463744108303899, -1.56729784481962 ], [ -73.457348108328517, -1.574321969982861 ], [ -73.465228983430791, -1.591168719860491 ], [ -73.503661983213931, -1.622577470373926 ], [ -73.516593108285292, -1.66271159536376 ], [ -73.536669857827633, -1.685909219934501 ], [ -73.52953148279164, -1.707267220106075 ], [ -73.499949982905321, -1.73119509507751 ], [ -73.459281607560115, -1.736396594826942 ], [ -73.435657483106297, -1.762484969605623 ], [ -73.431592857724183, -1.788701969919941 ], [ -73.383337358232438, -1.774710720423343 ], [ -73.326972858010947, -1.804863219661797 ], [ -73.317382858232293, -1.826189595173616 ], [ -73.303730108157936, -1.818112094997161 ], [ -73.308837358057588, -1.787926595136184 ], [ -73.294592982679944, -1.776538095156923 ], [ -73.24986198294414, -1.780387719617522 ], [ -73.244167482942942, -1.78841634523809 ], [ -73.256788108084663, -1.802521844607384 ], [ -73.23434510824012, -1.801722344610482 ], [ -73.232071232701173, -1.761057345320182 ], [ -73.220867858165093, -1.748669845137215 ], [ -73.203792857654207, -1.763917470015201 ], [ -73.186029232762849, -1.807918470261143 ], [ -73.147285358032832, -1.802685969981496 ], [ -73.150283482796453, -1.861363469848186 ], [ -73.133255857671656, -1.872410220255404 ], [ -73.112765357934904, -1.872814720023257 ], [ -73.107453232580554, -1.886062345300957 ], [ -73.118417107763264, -1.912082969653284 ], [ -73.112307233392073, -1.946167470352407 ], [ -73.12337173281918, -1.981216969687353 ], [ -73.120315358067273, -2.013163720729096 ], [ -73.093730732886968, -2.035457595891273 ], [ -73.106749983424947, -2.07495122102199 ], [ -73.100630857727879, -2.08258397137314 ], [ -73.073677732641215, -2.081628846394096 ], [ -73.069785107996324, -2.087880846024177 ], [ -73.076728483033037, -2.108193095634817 ], [ -73.114188232900574, -2.130874220668716 ], [ -73.130035108433447, -2.181597595652477 ], [ -73.170462482557468, -2.191607720919535 ], [ -73.16766623311014, -2.229018096208108 ], [ -73.151632857969958, -2.260156220932799 ], [ -73.117675732748808, -2.287005845743124 ], [ -73.122928358057266, -2.323943595820253 ], [ -73.099971357891832, -2.324571721008056 ], [ -73.082153858213928, -2.311151595869433 ], [ -73.068298857805985, -2.315140596361402 ], [ -73.070025233277875, -2.345247346188046 ], [ -73.062355483019076, -2.358968720829751 ], [ -73.052301108409381, -2.360856095632244 ], [ -73.044234732846633, -2.352789720968815 ], [ -73.042412108332087, -2.32326172085169 ], [ -73.033796607627323, -2.314650096224909 ], [ -73.024033107941534, -2.318811095655519 ], [ -73.004884608038196, -2.357609096082854 ], [ -72.994123108194856, -2.35721559592298 ], [ -72.978462857275019, -2.338650345936685 ], [ -72.964498982242219, -2.341154221290253 ], [ -72.951734356755139, -2.400958970979673 ], [ -72.922630857328159, -2.41949609556832 ], [ -72.937415981562253, -2.444406220870349 ], [ -72.933803982267932, -2.454868596308643 ], [ -72.895126982024578, -2.433673845571491 ], [ -72.851798857231415, -2.435783220719031 ], [ -72.802810482217922, -2.41070509576349 ], [ -72.776451231638987, -2.384367221170294 ], [ -72.760085982382122, -2.395847595889791 ], [ -72.755292606668434, -2.419672845625257 ], [ -72.745794981653034, -2.426765596255223 ], [ -72.7337786073968, -2.4196154706774 ], [ -72.726928857180951, -2.390906096439153 ], [ -72.707754106966433, -2.389072846434658 ], [ -72.689140606553735, -2.413833971160784 ], [ -72.691025357134492, -2.448480470797051 ], [ -72.681287606837543, -2.451664221026931 ], [ -72.667091856903653, -2.4399512213717 ], [ -72.658216356799414, -2.407235095822955 ], [ -72.637315232012327, -2.388789470957249 ], [ -72.640798731676114, -2.363262595991955 ], [ -72.619697231641908, -2.356281221001495 ], [ -72.595519481838551, -2.36655272073142 ], [ -72.568787107039327, -2.397582095836981 ], [ -72.53526373203556, -2.405429721204598 ], [ -72.516990607030834, -2.426365970812867 ], [ -72.497973856907947, -2.418256720970874 ], [ -72.471590482015074, -2.420032846038964 ], [ -72.428154356738162, -2.43743359628337 ], [ -72.408658607009045, -2.414493345991104 ], [ -72.379417606637219, -2.454981346112163 ], [ -72.380877982432878, -2.478205596011378 ], [ -72.37176735727769, -2.48918947121706 ], [ -72.297528232441948, -2.473599220827339 ], [ -72.286278106649263, -2.454182846161359 ], [ -72.259551982138248, -2.458522970758452 ], [ -72.26216460711089, -2.435501596221627 ], [ -72.248544606748169, -2.430661846067267 ], [ -72.220362231631668, -2.448350721108852 ], [ -72.184457232415298, -2.429700220788504 ], [ -72.169468106867612, -2.431901970699357 ], [ -72.16635323211591, -2.464412095741579 ], [ -72.149820732340913, -2.470022846377219 ], [ -72.137142982262787, -2.449421471024039 ], [ -72.145280731620403, -2.406248596195724 ], [ -72.097826357200574, -2.370270971328239 ], [ -72.08206323193258, -2.367958220795231 ], [ -72.048741232222028, -2.334936096423689 ], [ -72.037201231551535, -2.338000595650897 ], [ -72.010109357261001, -2.368951220722238 ], [ -71.94978210685872, -2.356358595972381 ], [ -71.93997673204052, -2.362320220701577 ], [ -71.934822231760563, -2.379669971292117 ], [ -71.922437481704378, -2.37815234555427 ], [ -71.919220731751352, -2.365419970655068 ], [ -71.938316356914299, -2.328351595849426 ], [ -71.934914232405845, -2.312349596256809 ], [ -71.8847558555982, -2.311593720573683 ], [ -71.832769480826812, -2.190415970820368 ], [ -71.82283785558252, -2.188140596111566 ], [ -71.809746106197792, -2.204177721424685 ], [ -71.799132855996447, -2.204369096256755 ], [ -71.7669319808262, -2.158499721185137 ], [ -71.732482481281465, -2.140142595904024 ], [ -71.718922856004951, -2.159935970868332 ], [ -71.731224480825063, -2.201453095783677 ], [ -71.72299998106422, -2.226552720831364 ], [ -71.708503855768299, -2.227330095707316 ], [ -71.647681605921321, -2.200056596134971 ], [ -71.587162730675459, -2.238281721224382 ], [ -71.518891855874415, -2.248969346258264 ], [ -71.519833106112912, -2.302075596411612 ], [ -71.500463105887604, -2.352209346184338 ], [ -71.487514480908544, -2.353377721104891 ], [ -71.479383980985915, -2.340064221386683 ], [ -71.496150105742743, -2.293343845741845 ], [ -71.49480598081135, -2.277995720725869 ], [ -71.477316730982295, -2.269364721104921 ], [ -71.458254980582865, -2.274149721432423 ], [ -71.428917106139522, -2.320666720792474 ], [ -71.39639573057849, -2.347114720967568 ], [ -71.406562480873731, -2.388251846345611 ], [ -71.394715731345912, -2.407033096400255 ], [ -71.357847230864991, -2.382637096424787 ], [ -71.320743481226657, -2.377773471068792 ], [ -71.307094356319453, -2.347415971369912 ], [ -71.272186981344078, -2.333453096383266 ], [ -71.266340980651705, -2.336476096394676 ], [ -71.268107856192557, -2.357770721341694 ], [ -71.248653855690861, -2.339022596015923 ], [ -71.234769355721141, -2.336747721330255 ], [ -71.200175730825265, -2.37455734614457 ], [ -71.175779855855637, -2.379028721398299 ], [ -71.166837356258952, -2.337767470692199 ], [ -71.153580356448231, -2.333609971423016 ], [ -71.137878606312597, -2.343349345895547 ], [ -71.130322480897746, -2.337494845710523 ], [ -71.14337685625685, -2.301594845825434 ], [ -71.136793480734525, -2.287171346180628 ], [ -71.119928105897316, -2.280503721269667 ], [ -71.053329480870786, -2.270619846428701 ], [ -71.030345606264689, -2.277052221282929 ], [ -71.01690748119529, -2.295531720912152 ], [ -70.996144230571758, -2.303487595875822 ], [ -70.990417855899295, -2.287092971163645 ], [ -71.018437480705131, -2.237441471146951 ], [ -71.017402355634147, -2.221827970584343 ], [ -71.004616105948514, -2.208806345836138 ], [ -70.972701106370948, -2.214222595596254 ], [ -70.955718730634885, -2.243083971448073 ], [ -70.937347605607499, -2.254484346075685 ], [ -70.92066210597136, -2.250138721224971 ], [ -70.899613230666034, -2.225347721020455 ], [ -70.871849605974489, -2.223314470786136 ], [ -70.85496485614317, -2.237011721114015 ], [ -70.835953105351507, -2.29081459601673 ], [ -70.77776185542524, -2.29299022062213 ], [ -70.751236355273534, -2.328269595665233 ], [ -70.693892604859798, -2.339257846072712 ], [ -70.6659238547021, -2.353773471368584 ], [ -70.662734355106352, -2.363773471168713 ], [ -70.677269480402174, -2.386048846377093 ], [ -70.678435480213182, -2.402138721424819 ], [ -70.664877230000116, -2.410406096364227 ], [ -70.627850605321157, -2.395029720944819 ], [ -70.628296855215638, -2.421623095629286 ], [ -70.641365230321071, -2.45550972119662 ], [ -70.627226480317745, -2.476382095557199 ], [ -70.599304354612229, -2.484436470566607 ], [ -70.554350230378816, -2.467748345809468 ], [ -70.557593729766779, -2.443081970956143 ], [ -70.596419979698283, -2.42591209556673 ], [ -70.593101604555386, -2.419021471163887 ], [ -70.574134729933803, -2.417433720789518 ], [ -70.544662104672341, -2.42884559594745 ], [ -70.510552729624749, -2.471755846255235 ], [ -70.469280730221499, -2.45588484640848 ], [ -70.45148310466152, -2.481574345779393 ], [ -70.446293479560381, -2.510787470765138 ], [ -70.428619105187522, -2.524874971102975 ], [ -70.407746104898763, -2.523290970901542 ], [ -70.362006730426231, -2.489869471099155 ], [ -70.319882605397879, -2.50414622117114 ], [ -70.303644729820405, -2.501400596360384 ], [ -70.295509729690252, -2.511019595677737 ], [ -70.298027354778583, -2.523406220820391 ], [ -70.312294980329057, -2.534404470789639 ], [ -70.354496105311, -2.545266095753675 ], [ -70.358947479642438, -2.559762596066889 ], [ -70.351906229588792, -2.568542971281033 ], [ -70.317868480146217, -2.57853934591401 ], [ -70.287916855278581, -2.56324322059811 ], [ -70.271085480210729, -2.544911970610883 ], [ -70.250613730439284, -2.547395470924187 ], [ -70.231005980041914, -2.571215346311135 ], [ -70.21933010530006, -2.643587846401942 ], [ -70.210669980235366, -2.655068346127223 ], [ -70.196304729679468, -2.658982470864316 ], [ -70.182161855385289, -2.634609096032932 ], [ -70.166159604881841, -2.636391096371938 ], [ -70.154209855100703, -2.656875720837775 ], [ -70.162061854770741, -2.687849096058869 ], [ -70.135351855103977, -2.702701970719318 ], [ -70.118431605434182, -2.698632846029 ], [ -70.09328510502354, -2.647720721334167 ], [ -70.078903854629175, -2.655385346356582 ], [ -70.066039354932229, -2.684095595635199 ], [ -70.071254855327254, -2.72432084623 ], [ -70.060059605266531, -2.758917471264226 ], [ -70.073608605053039, -2.790662096078847 ], [ -70.713474604969008, -3.794226596580131 ], [ -70.68519072966842, -3.793339597044735 ], [ -70.652517480197503, -3.828878722375066 ], [ -70.627162355058601, -3.832021971636607 ], [ -70.619019979588359, -3.840059971790197 ], [ -70.577274729944804, -3.82801034689993 ], [ -70.54091597958876, -3.863037096984385 ], [ -70.510630729624438, -3.875466347294036 ], [ -70.449811729927376, -3.856678096916596 ], [ -70.413757855140886, -3.822033222355287 ], [ -70.387595729659154, -3.828503847174773 ], [ -70.354064480191596, -3.799287097021875 ], [ -70.292275354823744, -3.821191347202841 ], [ -70.276306604965782, -3.837630847185778 ], [ -70.25351948043965, -3.88449997159637 ], [ -70.186699230085367, -3.91834572207739 ], [ -70.174281105288742, -3.97005609671146 ], [ -70.114404104965445, -4.049547846855603 ], [ -70.06778160523686, -4.075982097295935 ], [ -70.034079480083903, -4.134412721569788 ], [ -69.955689480385161, -4.207642598427128 ], [ -69.949591854780238, -4.27938272313412 ], [ -69.980362979667746, -4.340416222830356 ], [ -70.015138729868454, -4.350518972872237 ], [ -70.02931060460071, -4.372376097678739 ], [ -70.044414980067245, -4.373742222725355 ], [ -70.051439105230486, -4.362503598362309 ], [ -70.040261605088972, -4.346968597822467 ], [ -70.042955605216946, -4.332185347775521 ], [ -70.074094479976225, -4.320645973033209 ], [ -70.079076480395202, -4.312057597679939 ], [ -70.073239355112094, -4.303915348114799 ], [ -70.048597104572707, -4.305078972816318 ], [ -70.040268980429062, -4.294787973086443 ], [ -70.061356979840696, -4.294698722567944 ], [ -70.075082104655394, -4.285287097921184 ], [ -70.096042355370344, -4.28776547299816 ], [ -70.109362605399895, -4.256151472912109 ], [ -70.120992229807541, -4.285418847701635 ], [ -70.145143730198924, -4.272748222952089 ], [ -70.15638672976371, -4.274740973117389 ], [ -70.170633730262409, -4.305227848386437 ], [ -70.152073979630416, -4.321289223019164 ], [ -70.152609230031885, -4.330033723377596 ], [ -70.174797729831312, -4.334881848018824 ], [ -70.180835605378832, -4.355404723349238 ], [ -70.196330354961844, -4.360337223284205 ], [ -70.213791230281004, -4.298446347720699 ], [ -70.22542085468865, -4.317035847925979 ], [ -70.259957479653906, -4.308601598384996 ], [ -70.268102355239478, -4.295799222955736 ], [ -70.247252355112039, -4.286787097846229 ], [ -70.248382605073118, -4.272837347565485 ], [ -70.289785230104258, -4.288006598325808 ], [ -70.284342230009884, -4.272510222768517 ], [ -70.307393230013531, -4.258530847920269 ], [ -70.308107104659086, -4.24728797336121 ], [ -70.278534105164795, -4.228927972947531 ], [ -70.287584105222265, -4.198806473340028 ], [ -70.286602729931985, -4.167367848247579 ], [ -70.319706980392766, -4.143394722088715 ], [ -70.328332479760093, -4.145268597167956 ], [ -70.32764822968204, -4.16834934764421 ], [ -70.338534479882298, -4.179146223219561 ], [ -70.376813979781275, -4.135007096999857 ], [ -70.432820604687095, -4.131289222319708 ], [ -70.442368105203855, -4.139438847224994 ], [ -70.434902605370894, -4.162727848311476 ], [ -70.454235729795073, -4.158920723112828 ], [ -70.464913605278639, -4.175874348422383 ], [ -70.485228229998768, -4.160794598192126 ], [ -70.492693729831728, -4.191578847785536 ], [ -70.50557260519156, -4.199133598136996 ], [ -70.514108729933923, -4.190835222667317 ], [ -70.503639230066369, -4.168765722959677 ], [ -70.508249480429129, -4.151187596730153 ], [ -70.523418480278622, -4.136375347144508 ], [ -70.535601980047318, -4.145405597190518 ], [ -70.551109480218315, -4.136315847098615 ], [ -70.541010730360881, -4.154795597638667 ], [ -70.557742230319661, -4.165345222603889 ], [ -70.55542223035161, -4.201602347770063 ], [ -70.571891229896323, -4.211251222565807 ], [ -70.56446423004013, -4.174119473434928 ], [ -70.622101604605348, -4.192134723238837 ], [ -70.63520198028715, -4.173488848131797 ], [ -70.61737748028645, -4.129177472062622 ], [ -70.64462235533739, -4.126946721713807 ], [ -70.65018435462423, -4.164125723023631 ], [ -70.660624229924224, -4.144762972233309 ], [ -70.669933855263196, -4.144376222384722 ], [ -70.66678110466421, -4.170223097717724 ], [ -70.682277355215717, -4.206926222766924 ], [ -70.690367480075111, -4.188188097902355 ], [ -70.723947604997932, -4.185987098026089 ], [ -70.757750605306171, -4.158519097578221 ], [ -70.786735604664386, -4.18542197304555 ], [ -70.800986355335965, -4.181818348238153 ], [ -70.825639854595579, -4.211863722932435 ], [ -70.843238605876934, -4.217138848379079 ], [ -70.844581980773739, -4.230820347980625 ], [ -70.82605635491683, -4.219329222765396 ], [ -70.816776355044738, -4.229441973268422 ], [ -70.834384354953954, -4.254099097695132 ], [ -70.850981105893311, -4.246960722659196 ], [ -70.863889605820589, -4.250648972771842 ], [ -70.846251856338085, -4.279381098059162 ], [ -70.878314980551863, -4.293389973368505 ], [ -70.876381856337559, -4.321646098288738 ], [ -70.900053856200486, -4.325880723416617 ], [ -70.914096231256053, -4.359063097983551 ], [ -70.933518606198675, -4.356059097948958 ], [ -70.936728480834688, -4.382664098169528 ], [ -70.969032106246686, -4.377593223148665 ], [ -70.975367356118568, -4.356772847588786 ], [ -70.994492355837508, -4.344756598338279 ], [ -70.987948856254661, -4.376552097801039 ], [ -70.996514855576095, -4.385802348099844 ], [ -71.017892730764856, -4.379986847914665 ], [ -71.039999481290977, -4.399186723388539 ], [ -71.043485731081603, -4.372820348380344 ], [ -71.050677355875223, -4.367480472645639 ], [ -71.056953230706995, -4.385772597627238 ], [ -71.078415481189438, -4.394354597686515 ], [ -71.077446230559076, -4.374202473265484 ], [ -71.091030856089105, -4.372502723122125 ], [ -71.108111605965803, -4.378693722637138 ], [ -71.106237730886505, -4.399365222626898 ], [ -71.11504173129083, -4.40813947255856 ], [ -71.129362105676591, -4.388997097937647 ], [ -71.147640355917645, -4.380775723320937 ], [ -71.149781855748017, -4.402250347575432 ], [ -71.156087481052396, -4.402280098048038 ], [ -71.1578377308266, -4.391197097767815 ], [ -71.181886730987799, -4.393895473097587 ], [ -71.193688856155745, -4.423067597991235 ], [ -71.20606210568161, -4.39962997314467 ], [ -71.197971980822217, -4.386400097786236 ], [ -71.201398356448976, -4.378238598232656 ], [ -71.215389605945518, -4.378452723214536 ], [ -71.222408980889725, -4.406173472727517 ], [ -71.230263230663525, -4.383066472839403 ], [ -71.245918106335523, -4.390492972672519 ], [ -71.269205730559975, -4.383757473228741 ], [ -71.279563605675833, -4.396917348057116 ], [ -71.260670730869492, -4.394228598171196 ], [ -71.267785355709577, -4.40900497290113 ], [ -71.260861105655465, -4.425113972931456 ], [ -71.274804730653784, -4.43848659767832 ], [ -71.288486356160377, -4.440151348006282 ], [ -71.304738355590587, -4.417142723158122 ], [ -71.319110230552667, -4.417809098311182 ], [ -71.300859855697752, -4.444435347713068 ], [ -71.308212355715625, -4.462257347598438 ], [ -71.313470981300725, -4.442721972840729 ], [ -71.340263731186212, -4.440223597740783 ], [ -71.345902981337474, -4.425542222895217 ], [ -71.36058410617153, -4.433632472760337 ], [ -71.378549231361887, -4.424185973303963 ], [ -71.390613106009994, -4.427231722565921 ], [ -71.416382606372167, -4.462281222800129 ], [ -71.433609980815902, -4.475962973312505 ], [ -71.437869231180059, -4.470847223020883 ], [ -71.426041730741247, -4.466214098401849 ], [ -71.43094148096452, -4.446679722790918 ], [ -71.412252480667405, -4.435391347932296 ], [ -71.436294606410911, -4.427685097788981 ], [ -71.438172480775336, -4.449054097568478 ], [ -71.451188231151889, -4.445514223002931 ], [ -71.450857481187768, -4.431712348246208 ], [ -71.461522231066056, -4.439241223303782 ], [ -71.477684980877143, -4.43354959843515 ], [ -71.48261410565641, -4.456597098277427 ], [ -71.506874730684217, -4.437348598259177 ], [ -71.506578481411736, -4.457655847639217 ], [ -71.492797855836329, -4.474357223007416 ], [ -71.493972106027854, -4.48520147306948 ], [ -71.516185606080796, -4.471608223041017 ], [ -71.517414981116474, -4.461219848317285 ], [ -71.537277355665367, -4.463084097952731 ], [ -71.536243980675124, -4.481692848146395 ], [ -71.558374606402936, -4.477603598427265 ], [ -71.550707606270976, -4.4855607234486 ], [ -71.566925730937669, -4.505757223117314 ], [ -71.602815356243639, -4.528454222983953 ], [ -71.618867606354911, -4.527003722643656 ], [ -71.633787231395559, -4.510509347828076 ], [ -71.618591356206082, -4.497247597798378 ], [ -71.613645730665894, -4.467463847578472 ], [ -71.62658985633675, -4.474467722707175 ], [ -71.624724980773181, -4.488876097553828 ], [ -71.645045855781575, -4.501612972660496 ], [ -71.650267605565489, -4.501405722995685 ], [ -71.647394356164568, -4.477562223317932 ], [ -71.657064231029381, -4.471193722812018 ], [ -71.657934605697449, -4.500936097922533 ], [ -71.671969981329539, -4.505826347707739 ], [ -71.688215606365077, -4.496957472909003 ], [ -71.706795981149583, -4.509887722939993 ], [ -71.736855855613214, -4.495562223317904 ], [ -71.743859855747701, -4.471856847815218 ], [ -71.751955105843422, -4.467615848292724 ], [ -71.748957356097094, -4.49132122289609 ], [ -71.767648105575574, -4.503698972629422 ], [ -71.771350356333812, -4.488599848304318 ], [ -71.785328856141746, -4.482317848190121 ], [ -71.783368855688082, -4.496598348434986 ], [ -71.792417230670594, -4.495161597829451 ], [ -71.79379873142625, -4.483654347769914 ], [ -71.81025260617281, -4.492896347688259 ], [ -71.806535480627872, -4.504389598001524 ], [ -71.8321197314404, -4.495838722578924 ], [ -71.830157980906051, -4.514432847997512 ], [ -71.839137356303922, -4.504527848081693 ], [ -71.856557355637392, -4.511365972761382 ], [ -71.86499785636596, -4.526451098239534 ], [ -71.879349606299229, -4.515264722688755 ], [ -71.885346355849606, -4.52193384766889 ], [ -71.906440855561016, -4.515192472954197 ], [ -71.884586605887137, -4.53708822274325 ], [ -71.918183106565095, -4.528854847573086 ], [ -71.926775607108539, -4.547255598067352 ], [ -71.919108606976579, -4.56344597325301 ], [ -71.930477856967514, -4.561732973397966 ], [ -71.927190107337537, -4.570063097633806 ], [ -71.934359732015992, -4.578199722838917 ], [ -71.949997606903992, -4.580285722807787 ], [ -71.942606856920861, -4.594721723029068 ], [ -71.950398107386718, -4.599128473000576 ], [ -71.946530107078729, -4.607831473243834 ], [ -71.976824981587583, -4.611409347763129 ], [ -71.983856482090914, -4.603452347747577 ], [ -71.993733731626378, -4.609019473170122 ], [ -71.98120410708384, -4.62601122343915 ], [ -72.002188107095435, -4.629050348294868 ], [ -72.005987106919406, -4.64528222269638 ], [ -72.015546607090187, -4.631080973408132 ], [ -72.042443232269306, -4.622902973093687 ], [ -72.037939732332745, -4.642823222613572 ], [ -72.045910607088786, -4.644425722768858 ], [ -72.046421732277111, -4.654220097979078 ], [ -72.058104857353271, -4.649364723003544 ], [ -72.068193106726483, -4.659234848109691 ], [ -72.059669606667001, -4.673352973061185 ], [ -72.064988232321014, -4.676143598148485 ], [ -72.07080398161844, -4.662880723066849 ], [ -72.08028073157044, -4.668669847935064 ], [ -72.076661356936029, -4.680260098224892 ], [ -72.089370481662343, -4.681088972777843 ], [ -72.101306231697208, -4.705505847816596 ], [ -72.124670106739984, -4.715762472759877 ], [ -72.120611731646079, -4.727705848146343 ], [ -72.126821232014208, -4.734571223183366 ], [ -72.133723606958881, -4.731296348247838 ], [ -72.127608607351306, -4.721834348076641 ], [ -72.140356232054444, -4.711507972614811 ], [ -72.146727731799331, -4.723906723316588 ], [ -72.161509106759809, -4.72879684809601 ], [ -72.159312607091124, -4.735261972661874 ], [ -72.17189748238286, -4.733894348445403 ], [ -72.193226732127926, -4.74581609783462 ], [ -72.187355732081357, -4.750485348220195 ], [ -72.192364731946782, -4.76294834828758 ], [ -72.209279107244981, -4.74745997309924 ], [ -72.221919232386654, -4.755126973231199 ], [ -72.212511607025021, -4.759395598128322 ], [ -72.215081106807588, -4.767034972885654 ], [ -72.243510981646466, -4.781360473407062 ], [ -72.25572285682432, -4.765460098104995 ], [ -72.261428232327034, -4.780752598253741 ], [ -72.255142732051411, -4.792080348129502 ], [ -72.264425982073362, -4.785836222963269 ], [ -72.269620107382025, -4.797647597658454 ], [ -72.282923231621794, -4.797315972653962 ], [ -72.276582607401394, -4.788861598084225 ], [ -72.2797046065823, -4.770889097553777 ], [ -72.283268732266151, -4.783418722995634 ], [ -72.301420732081056, -4.775378847755576 ], [ -72.306504481796367, -4.790422598124337 ], [ -72.313190606661124, -4.785670473413575 ], [ -72.310496857443979, -4.774439472603547 ], [ -72.32804098210562, -4.781001223027999 ], [ -72.319710981976186, -4.788585347935395 ], [ -72.324877481910221, -4.813216347956029 ], [ -72.323799981683749, -4.803035097891382 ], [ -72.338650482134028, -4.804457972857108 ], [ -72.33898235715003, -4.793179847571878 ], [ -72.344839232444599, -4.806709723275048 ], [ -72.369647481645927, -4.803942973389439 ], [ -72.358843606647099, -4.823386848424263 ], [ -72.379330982139095, -4.823448222657305 ], [ -72.371749732364208, -4.831904098195537 ], [ -72.389444356771605, -4.834252097656133 ], [ -72.375340981600971, -4.837566972637603 ], [ -72.383720107197178, -4.849629223110128 ], [ -72.380251732331544, -4.858514847781976 ], [ -72.38967448159201, -4.861829597757662 ], [ -72.382016606880882, -4.872955723228017 ], [ -72.399158606884157, -4.873815223293889 ], [ -72.406110482312897, -4.888655223259889 ], [ -72.41240248198892, -4.876362722961233 ], [ -72.42185598176809, -4.875994348060658 ], [ -72.414658481703555, -4.899704597888842 ], [ -72.428332106841196, -4.901530847570484 ], [ -72.431201856980067, -4.910876847788245 ], [ -72.442957231790785, -4.898200597779294 ], [ -72.454666607178126, -4.900794222775119 ], [ -72.454513107294019, -4.891494222880056 ], [ -72.470427357336632, -4.891125972985208 ], [ -72.469190481955138, -4.905285473046092 ], [ -72.463218731759014, -4.902669972940828 ], [ -72.451348482046797, -4.9156879734212 ], [ -72.458414982365525, -4.924181097979215 ], [ -72.473733356908838, -4.924554098093097 ], [ -72.482028982251677, -4.950801723021073 ], [ -72.487954482113594, -4.95029697312674 ], [ -72.487731106705155, -4.933385097943869 ], [ -72.496776731560885, -4.949989723347016 ], [ -72.506740357381545, -4.945139597714217 ], [ -72.504940732129057, -4.935812473366923 ], [ -72.521158856795751, -4.932871722651839 ], [ -72.522168481590143, -4.960019097703139 ], [ -72.527251232158619, -4.95340959777468 ], [ -72.538803606601107, -4.964100972981498 ], [ -72.536894231683391, -4.953654723286832 ], [ -72.551936481983034, -4.955560723048904 ], [ -72.568000106719524, -4.983717597888813 ], [ -72.582986982163447, -4.981524848393008 ], [ -72.584673731707312, -4.997964848398965 ], [ -72.597999481990485, -4.983860348176506 ], [ -72.597830982313951, -4.994850722782587 ], [ -72.609833356823913, -4.996005472974161 ], [ -72.598505731953935, -4.999989098218236 ], [ -72.612233856906926, -5.016558722906666 ], [ -72.606213107149131, -5.030974598099192 ], [ -72.61711535718797, -5.035958097688024 ], [ -72.621197856595757, -5.051804098180526 ], [ -72.628808106808663, -5.038353223422462 ], [ -72.628412232438563, -5.050876722682574 ], [ -72.641421231604511, -5.062989472785887 ], [ -72.642011231832839, -5.044972472901236 ], [ -72.657373481600871, -5.06362672339452 ], [ -72.657491356640776, -5.054529722968311 ], [ -72.665986732201873, -5.059119473285023 ], [ -72.670827982425408, -5.047255347955911 ], [ -72.692451857267372, -5.060901097707472 ], [ -72.709017606777081, -5.048370598124563 ], [ -72.71518848216266, -5.057455848008942 ], [ -72.727648232080185, -5.051992847891597 ], [ -72.726220481889698, -5.061668098004247 ], [ -72.737603856632632, -5.061228348409486 ], [ -72.729866356846856, -5.074399097840057 ], [ -72.738090356584678, -5.075531847916409 ], [ -72.739860107258096, -5.088593347704773 ], [ -72.756366856744989, -5.076617347612455 ], [ -72.768024357438094, -5.099224222819601 ], [ -72.784188732324083, -5.093312847709683 ], [ -72.779056357165132, -5.102008722624419 ], [ -72.785946981567918, -5.113441972868713 ], [ -72.790524982242118, -5.105843473197694 ], [ -72.80102610676937, -5.111365348332129 ], [ -72.817249606683959, -5.102232973073228 ], [ -72.815361856864172, -5.139140097637323 ], [ -72.82230760701043, -5.131679098011944 ], [ -72.823479482092409, -5.144036722716521 ], [ -72.833555856817327, -5.138491223291282 ], [ -72.849519857355517, -5.145948222732272 ], [ -72.850853106785394, -5.136013473243167 ], [ -72.887249482077891, -5.16306647343896 ], [ -72.88420723207804, -5.175251973299908 ], [ -72.877193607399022, -5.174179098286686 ], [ -72.879990231863644, -5.186890598122545 ], [ -72.875784607173841, -5.176677098369339 ], [ -72.869027231721304, -5.179062972777899 ], [ -72.876729356674446, -5.188414223237771 ], [ -72.869363606944887, -5.20085597322452 ], [ -72.875736481753165, -5.203674097781345 ], [ -72.864896106869821, -5.207677223025371 ], [ -72.863903231948541, -5.234001848806258 ], [ -72.873270607252664, -5.248893474354304 ], [ -72.862237981597559, -5.247500348961864 ], [ -72.871076856811442, -5.263464848623812 ], [ -72.860524606725164, -5.27116684857117 ], [ -72.867890357354042, -5.274449348858298 ], [ -72.86777835668579, -5.290734223905247 ], [ -72.876457231715847, -5.289068849447801 ], [ -72.870452356790793, -5.293776473905098 ], [ -72.874503606556175, -5.303848349321811 ], [ -72.888642606571011, -5.306906724165913 ], [ -72.882525856882751, -5.310621598707769 ], [ -72.891845106766198, -5.317715099372265 ], [ -72.888146232062923, -5.323591723778975 ], [ -72.904161357260762, -5.333809098710901 ], [ -72.903534232119057, -5.340004599332758 ], [ -72.896088357291831, -5.332462598669963 ], [ -72.890291857083525, -5.350844974216159 ], [ -72.903950482428797, -5.352926598983288 ], [ -72.907249106660913, -5.370988724150266 ], [ -72.920283231985536, -5.37595259873342 ], [ -72.924142356884204, -5.407609348992196 ], [ -72.938659732260817, -5.418523473679329 ], [ -72.932107357268706, -5.426871598745265 ], [ -72.952814857119904, -5.444651724397488 ], [ -72.945918856569961, -5.453689223878541 ], [ -72.958884732344472, -5.466128848767312 ], [ -72.958433732230901, -5.480899724142887 ], [ -72.949042731736654, -5.479878098795155 ], [ -72.961599231619232, -5.49530072364945 ], [ -72.96059373201507, -5.521978098610305 ], [ -72.954408606871652, -5.523589099157562 ], [ -72.952857482286959, -5.544867474254488 ], [ -72.93857385689796, -5.541279974291342 ], [ -72.957308731612613, -5.558194473695949 ], [ -72.950146982297383, -5.563575723640668 ], [ -72.961294856972017, -5.573102599105596 ], [ -72.952977107407548, -5.577473974244469 ], [ -72.960763356743485, -5.579892349252475 ], [ -72.951648357285819, -5.58266934871142 ], [ -72.973678356970538, -5.6129107243504 ], [ -72.959115732205248, -5.656891098645247 ], [ -72.985570356786525, -5.661275849400909 ], [ -72.989556483045192, -5.674509724044469 ], [ -72.979936606888884, -5.678495849403873 ], [ -72.984215107241369, -5.693510349323105 ], [ -72.992957983424162, -5.696340349427544 ], [ -72.990672608254215, -5.706212848743917 ], [ -72.998418983449312, -5.700565724128808 ], [ -73.003986232978207, -5.708471598585334 ], [ -72.995110482862458, -5.715832724000961 ], [ -73.003175733373382, -5.720204099139835 ], [ -73.00046523338375, -5.728521848704304 ], [ -73.007905982974705, -5.724336474048982 ], [ -73.005235233019562, -5.732321973580156 ], [ -73.02753110827399, -5.733411474360025 ], [ -73.019186733380991, -5.740520098923355 ], [ -73.046398732815248, -5.759347974329501 ], [ -73.042718233059986, -5.775544973921342 ], [ -73.054649982910348, -5.775637973713458 ], [ -73.049042858341181, -5.78266684909579 ], [ -73.053029107807049, -5.7951699742149 ], [ -73.062290107702268, -5.79361534856946 ], [ -73.067259483438363, -5.802172099262918 ], [ -73.070860358118978, -5.796565098800215 ], [ -73.072999482839805, -5.805148598928668 ], [ -73.079789232986684, -5.801202348609479 ], [ -73.084785233151933, -5.811446723887173 ], [ -73.075484233210773, -5.809799099348936 ], [ -73.076467482688145, -5.816442599046638 ], [ -73.095396983284104, -5.821176223803661 ], [ -73.087668483014056, -5.820242723922547 ], [ -73.089090232927845, -5.830234599247319 ], [ -73.101314357771344, -5.825743598987856 ], [ -73.114216108286712, -5.833184348578754 ], [ -73.117019733074187, -5.864329348620515 ], [ -73.122361107978691, -5.857831974366093 ], [ -73.128207482789037, -5.870574348827063 ], [ -73.135754607788897, -5.863425849223518 ], [ -73.134850983386116, -5.869644224101592 ], [ -73.152067983250788, -5.867959598756443 ], [ -73.16116373272007, -5.885337473845311 ], [ -73.156123608217911, -5.880845224427503 ], [ -73.153612358423572, -5.886864349110397 ], [ -73.167324732650229, -5.897121974099775 ], [ -73.161225857887018, -5.907857973666523 ], [ -73.167656857677798, -5.907645223748034 ], [ -73.172107982897046, -5.930113848874953 ], [ -73.179601983144948, -5.926792098576414 ], [ -73.186949732943788, -5.944716348680515 ], [ -73.177340358170966, -5.970852723874088 ], [ -73.194173858336853, -5.990555974178847 ], [ -73.18680248334789, -6.005125349255422 ], [ -73.208981232697681, -6.008637599345661 ], [ -73.218386232938258, -6.019875223662609 ], [ -73.20940010812842, -6.022103098878858 ], [ -73.222341107755881, -6.022061973781035 ], [ -73.217994482859069, -6.027569224140336 ], [ -73.236294608209562, -6.035694473820854 ], [ -73.238212732631439, -6.043992474273239 ], [ -73.227543857562921, -6.043580849176806 ], [ -73.235380858339909, -6.05132734937763 ], [ -73.228786858226897, -6.053599348930788 ], [ -73.234499983187618, -6.06348609890432 ], [ -73.227467607643916, -6.076697849326251 ], [ -73.239568983122012, -6.077387348747095 ], [ -73.231120732935437, -6.091340849200776 ], [ -73.237644733417653, -6.09055872410579 ], [ -73.235730733286687, -6.100746098553543 ], [ -73.248192108279113, -6.108021223600531 ], [ -73.246751483394178, -6.149285099427743 ], [ -73.216271857560116, -6.183180973622996 ], [ -73.215602983191104, -6.192473099054212 ], [ -73.224226233353932, -6.194366474133403 ], [ -73.211209107913987, -6.201713723909165 ], [ -73.220285108271071, -6.21957747392122 ], [ -73.212830108023013, -6.226093724046109 ], [ -73.208595357889408, -6.21953647382918 ], [ -73.186666983394502, -6.262065848659915 ], [ -73.180605982679936, -6.25729122381091 ], [ -73.160704733136868, -6.276667724335937 ], [ -73.157915983136093, -6.322551725082008 ], [ -73.152534233168296, -6.329343350315298 ], [ -73.14727598260049, -6.323066225425919 ], [ -73.150548233314282, -6.338398724721344 ], [ -73.143005607622626, -6.334838225103965 ], [ -73.140896108368679, -6.358742474885275 ], [ -73.132046482659007, -6.362652725342969 ], [ -73.135575982645435, -6.380259225183067 ], [ -73.129864982782692, -6.375052475191524 ], [ -73.127909982559629, -6.393204350000701 ], [ -73.118576607924069, -6.388656099799107 ], [ -73.104725982717866, -6.406663975162303 ], [ -73.105775482552417, -6.419403225378517 ], [ -73.121190232942865, -6.431741225077417 ], [ -73.111167607998652, -6.453566725224164 ], [ -73.119790858161537, -6.467952474926733 ], [ -73.118555982872294, -6.462004724938083 ], [ -73.129741483382702, -6.463579224701391 ], [ -73.127909982559629, -6.476925600036338 ], [ -73.142532233275915, -6.490765974769886 ], [ -73.131953857884184, -6.496754849856416 ], [ -73.134351482834631, -6.508228350158163 ], [ -73.14080360770032, -6.515009724918798 ], [ -73.140371233445649, -6.505439725163114 ], [ -73.145166483346486, -6.508320974932985 ], [ -73.151711107981214, -6.527090350339336 ], [ -73.164966482716977, -6.531117974914537 ], [ -73.170739357735158, -6.517881600155704 ], [ -73.173039482685965, -6.527778974719865 ], [ -73.187966608072486, -6.5230163504242 ], [ -73.175769107658141, -6.535366599788688 ], [ -73.187260357879154, -6.540739975269616 ], [ -73.181820107911619, -6.54597972498425 ], [ -73.199534108212504, -6.546705100160182 ], [ -73.193349483092106, -6.554235350281147 ], [ -73.202970108383738, -6.553204600411959 ], [ -73.196107732585745, -6.562872850201813 ], [ -73.206692233259901, -6.577112850377716 ], [ -73.219115858310147, -6.563671350152617 ], [ -73.229903732571188, -6.572865599667637 ], [ -73.226973608245373, -6.588584849711026 ], [ -73.242129858406201, -6.583955975288006 ], [ -73.237997232586167, -6.592736599614341 ], [ -73.250719607923543, -6.580997224642147 ], [ -73.268299983357508, -6.593461974790273 ], [ -73.275381732580854, -6.584919974776994 ], [ -73.292378858097777, -6.587682100348616 ], [ -73.296960983062888, -6.597154350093149 ], [ -73.315922983358973, -6.590848099759967 ], [ -73.329573608335295, -6.600411350103684 ], [ -73.333267232796516, -6.593539474766885 ], [ -73.35280885784249, -6.59326747481407 ], [ -73.368470857943691, -6.61346772465572 ], [ -73.372937732989953, -6.608120600385348 ], [ -73.382634733206316, -6.621970849674938 ], [ -73.379573983252669, -6.63518460018912 ], [ -73.391149732873828, -6.641928475019085 ], [ -73.41502585815681, -6.642929225303476 ], [ -73.424854108130546, -6.65502035030886 ], [ -73.440298483088498, -6.651913600032572 ], [ -73.464047482904959, -6.669060725272232 ], [ -73.472135607672101, -6.664340725244244 ], [ -73.485324607944278, -6.67451997521664 ], [ -73.50181460755806, -6.671487849784398 ], [ -73.536392607632706, -6.683399724617573 ], [ -73.561792233025074, -6.722033099647774 ], [ -73.587132108360095, -6.723623850160493 ], [ -73.624159983096717, -6.745159974553133 ], [ -73.624399983372484, -6.752829974823442 ], [ -73.638259983111709, -6.754149975440953 ], [ -73.666369982588606, -6.805549975151166 ], [ -73.681979982989787, -6.814259974817958 ], [ -73.69594998330507, -6.839969975134181 ], [ -73.710459983341536, -6.840189975387034 ], [ -73.722270107979057, -6.884599974709033 ], [ -73.74743998266905, -6.909029975353008 ], [ -73.761549983145187, -6.938669975239122 ], [ -73.743889982636574, -6.96415997530255 ], [ -73.761279983284567, -6.977729975158184 ], [ -73.759969983128201, -7.057569975174147 ], [ -73.787069982793412, -7.090289975002293 ], [ -73.783979983289555, -7.103649975066276 ], [ -73.799862357761583, -7.117095474576445 ], [ -73.794624733144872, -7.130019975241623 ], [ -73.78263660839275, -7.130616849887645 ], [ -73.789323733303604, -7.144486600076505 ], [ -73.769034232943454, -7.154948224580835 ], [ -73.76983798313637, -7.169147224664641 ], [ -73.756106108010442, -7.174129975118205 ], [ -73.756035108333549, -7.195699225139094 ], [ -73.742459233207001, -7.219493725255177 ], [ -73.716619108185228, -7.227558224832137 ], [ -73.721073232643505, -7.237050224588131 ], [ -73.709118607637606, -7.246310100330845 ], [ -73.715996733262614, -7.273710975381164 ], [ -73.6948791083841, -7.299067224672626 ], [ -73.700393608178445, -7.32246235025724 ], [ -73.710933357688248, -7.322712100083322 ], [ -73.727002482678415, -7.344375599953935 ], [ -73.754639982848914, -7.353785975442349 ], [ -73.752903357803689, -7.340390099623335 ], [ -73.761626233064192, -7.336904349855843 ], [ -73.781361858063235, -7.338747475315699 ], [ -73.789022857918496, -7.347742349629698 ], [ -73.821096982639574, -7.338617599722397 ], [ -73.829980858130057, -7.351907600155585 ], [ -73.853662483436835, -7.354309600307772 ], [ -73.863547858346919, -7.389246975767264 ], [ -73.887328607828977, -7.378916226002957 ], [ -73.903865857823064, -7.385697725769376 ], [ -73.906700858158047, -7.373418350176678 ], [ -73.921759483313451, -7.3617604753656 ], [ -73.934965732582441, -7.377257975974771 ], [ -73.951172232612407, -7.35748347508229 ], [ -73.955550483068293, -7.37083234963319 ], [ -73.938768482579349, -7.408177351403594 ], [ -73.921741983405752, -7.41988497581093 ], [ -73.925094983346753, -7.42812885056594 ], [ -73.909759358007932, -7.472987850808636 ], [ -73.923681482914049, -7.479951600885613 ], [ -73.918339357974958, -7.503859225822566 ], [ -73.941710608357823, -7.533433726285409 ], [ -73.983033233297022, -7.534361350895608 ], [ -74.012091858352562, -7.513884725899345 ], [ -74.018373108432172, -7.491445351221955 ], [ -74.036473857682324, -7.48124447615163 ], [ -74.039109482816343, -7.448879475607271 ], [ -74.132936858948824, -7.400802351247478 ], [ -74.141636484036496, -7.377771726284095 ], [ -74.180856859156677, -7.358747224904448 ], [ -74.233726609195628, -7.360015599939913 ], [ -74.253658984274693, -7.343682475365881 ], [ -74.284036859013781, -7.35420222485277 ], [ -74.344313483880114, -7.344729600090943 ], [ -74.361566858623576, -7.336606724620594 ], [ -74.369744358915, -7.317452725362955 ], [ -74.414320483703307, -7.314773600021567 ], [ -74.431321359393166, -7.301594850222102 ], [ -74.445219484091865, -7.30689585006337 ], [ -74.464253109093647, -7.297927475172798 ], [ -74.472644359349658, -7.27489422508836 ], [ -74.501768983851491, -7.266078475041525 ] ] ] } },
{ "type": "Feature", "properties": { "departamento": "MADRE DE DIOS" }, "geometry": { "type": "Polygon", "coordinates": [ [ [ -70.403433229759685, -13.116934106223994 ], [ -70.404406729686798, -13.126084606419397 ], [ -70.417695105045027, -13.133089980718012 ], [ -70.409040605239682, -13.13885973059206 ], [ -70.389662104622403, -13.131538356110184 ], [ -70.401227104647148, -13.153229981378502 ], [ -70.385576855087777, -13.167038980564428 ], [ -70.388469980405205, -13.192389981412475 ], [ -70.3954764797557, -13.183050855612464 ], [ -70.4642477301486, -13.159690605736841 ], [ -70.549425229890403, -13.153170981355686 ], [ -70.586085729772549, -13.104141856261606 ], [ -70.627821729888865, -13.092316605926555 ], [ -70.660325229625585, -13.088332730670913 ], [ -70.682932229838514, -13.097624606090676 ], [ -70.68520872959914, -13.106781230669242 ], [ -70.759941229703941, -13.108095981044642 ], [ -70.799413854765533, -13.090352106164744 ], [ -70.817353479679298, -13.069851480961006 ], [ -70.842960980664714, -13.067048481202391 ], [ -70.863110355858225, -13.080324355984203 ], [ -70.899266230851822, -13.069684856370998 ], [ -70.887291105799875, -13.103364481385654 ], [ -70.921392856395187, -13.110830981264712 ], [ -70.927631356302015, -13.128779605694206 ], [ -70.942280355553919, -13.135486605622305 ], [ -70.942190230894425, -13.156498856037331 ], [ -70.977236230967264, -13.169682981084691 ], [ -70.994204606057679, -13.202222355677122 ], [ -70.990850856082091, -13.22154635557979 ], [ -71.011212856188308, -13.238714230877008 ], [ -71.012001980706827, -13.264962855851081 ], [ -71.036261230671244, -13.270494855553068 ], [ -71.091269981324558, -13.240159980998271 ], [ -71.122011730756753, -13.233529230989177 ], [ -71.13153660612943, -13.220017106104535 ], [ -71.143975605989397, -13.137234606192067 ], [ -71.161192605854012, -13.120426356291262 ], [ -71.166931856120243, -13.102146605981034 ], [ -71.161578105645049, -13.066461356106629 ], [ -71.173798856232168, -13.055007855827853 ], [ -71.166529730562559, -13.017670231196178 ], [ -71.179395106199138, -12.998342231109007 ], [ -71.171916230749389, -12.981982981229578 ], [ -71.159000606392851, -12.978678855844464 ], [ -71.162063106427183, -12.966768481080464 ], [ -71.176410106141418, -12.97094335615094 ], [ -71.195945855916477, -12.959581480600775 ], [ -71.220929981033748, -12.957659981023255 ], [ -71.230859981203139, -12.972479980966284 ], [ -71.27100998102577, -12.96248998072798 ], [ -71.272319981182136, -12.954139980575576 ], [ -71.31474998092682, -12.931479980616587 ], [ -71.358988731344823, -12.8807542314226 ], [ -71.375058356358011, -12.900546106317734 ], [ -71.396842856412661, -12.882633105833122 ], [ -71.416367230663127, -12.894062480898754 ], [ -71.41793623107219, -12.88259748098892 ], [ -71.427190355650339, -12.881973480991292 ], [ -71.423980856031619, -12.873254355903782 ], [ -71.437389355634195, -12.876267606364877 ], [ -71.448872231368341, -12.863340605584426 ], [ -71.445074230691148, -12.840731606178622 ], [ -71.456075730810312, -12.840321356145637 ], [ -71.446482855899035, -12.827215981132554 ], [ -71.459427855710942, -12.825183355927095 ], [ -71.464846480580547, -12.80969723084246 ], [ -71.495657606413374, -12.78198035560888 ], [ -71.513135730729346, -12.744386730862914 ], [ -71.523525731427299, -12.747195605892443 ], [ -71.546591356206079, -12.735416479986498 ], [ -71.55270098056576, -12.708705105256342 ], [ -71.600298481189895, -12.70005810489755 ], [ -71.638959980718482, -12.70943997997108 ], [ -71.660539981235104, -12.728919979873126 ], [ -71.694969980779945, -12.738789979973546 ], [ -71.694749981426469, -12.753739981414981 ], [ -71.708089980568104, -12.77291998097229 ], [ -71.74755998140796, -12.796159980698519 ], [ -71.760209981105731, -12.787919981122172 ], [ -71.764659981273098, -12.767459980993294 ], [ -71.79950998130056, -12.7655599806086 ], [ -71.812239981090215, -12.743859980853415 ], [ -71.88161998077743, -12.730439979821142 ], [ -71.9003516062416, -12.733355480271143 ], [ -71.91820698176673, -12.720165354947142 ], [ -71.917782106958612, -12.698914480219059 ], [ -71.967653982245452, -12.691896605344027 ], [ -71.978070357361048, -12.678937479880744 ], [ -71.970085481959359, -12.662139230441085 ], [ -71.956132357422291, -12.654458229663533 ], [ -71.957125857372375, -12.639487854980473 ], [ -71.965056732082473, -12.63196760532071 ], [ -71.966410606564182, -12.61282010456415 ], [ -71.984212982343195, -12.608166604904852 ], [ -71.981396106944715, -12.580490479751802 ], [ -72.000534982303577, -12.569615480070297 ], [ -72.028831982310123, -12.526371729671553 ], [ -72.049790232033558, -12.520946480395708 ], [ -72.057338357079459, -12.507956730318824 ], [ -72.072638231669032, -12.511065979811065 ], [ -72.078961606892619, -12.498627229962665 ], [ -72.06466948201097, -12.470226854685563 ], [ -72.060557607147814, -12.438361479698472 ], [ -72.049893107281036, -12.434442479736617 ], [ -72.047529232088323, -12.423006730276313 ], [ -72.017476607059734, -12.41517897992594 ], [ -72.009089732005464, -12.403670479808738 ], [ -71.976646857366518, -12.399453729605909 ], [ -71.963302482123822, -12.37690260517104 ], [ -71.967178981924462, -12.34764197979348 ], [ -71.945890357254143, -12.330223604635592 ], [ -72.028935731698596, -12.287234355181283 ], [ -72.043358857225428, -12.25488435532867 ], [ -72.056438981973372, -12.257278480117691 ], [ -72.075300107114231, -12.243264104554726 ], [ -72.105611357378223, -12.238792980211826 ], [ -72.092204981974305, -12.194417979805905 ], [ -72.100436232046434, -12.169418729890424 ], [ -72.087558606744267, -12.142690355275647 ], [ -72.094446606925317, -12.085190979879769 ], [ -72.173732981591797, -12.059810355363538 ], [ -72.230424606610256, -12.061778105275266 ], [ -72.268932857165566, -12.054375354738795 ], [ -72.26960023236478, -12.022836480419187 ], [ -72.2591646072608, -12.005723479954611 ], [ -72.281544481892297, -11.995797229958157 ], [ -72.286221731747503, -11.975316354765937 ], [ -72.340489732415165, -11.965767730096616 ], [ -72.33682148232549, -11.93733660520013 ], [ -72.34751423169638, -11.891267479910198 ], [ -72.33183973191808, -11.856086229895539 ], [ -72.3907568570433, -11.827556854964826 ], [ -72.390998982417045, -11.806610229878174 ], [ -72.370767982056691, -11.784967355059337 ], [ -72.385006482163362, -11.761721480062192 ], [ -72.423326857148709, -11.737818355332763 ], [ -72.428738731707085, -11.708971855166908 ], [ -72.387710231841709, -11.660459228710408 ], [ -72.390301731739498, -11.650684229393619 ], [ -72.375317357310166, -11.644165479153514 ], [ -72.375642357009156, -11.633173728584666 ], [ -72.355623107420456, -11.635025354436493 ], [ -72.348041981752033, -11.617858979208449 ], [ -72.307894482044674, -11.587537104353828 ], [ -72.313024857111429, -11.561518354188649 ], [ -72.298030357215168, -11.504116103775118 ], [ -72.304173482220392, -11.49711422873861 ], [ -72.28962773233394, -11.482852479358371 ], [ -72.287456732042529, -11.466647979420657 ], [ -72.292550732230495, -11.433273104070452 ], [ -72.270821357019997, -11.400189103644152 ], [ -72.247894482344464, -11.385005854036876 ], [ -72.239258356587868, -11.345060978781078 ], [ -72.204623356582601, -11.347432729336958 ], [ -72.218884683281487, -11.296860688669824 ], [ -72.199412857317498, -11.26423523007179 ], [ -72.205178987420311, -11.239896391904892 ], [ -72.197060605862248, -11.227861354018216 ], [ -72.199407732081113, -11.197810854087606 ], [ -72.186523480574124, -11.184888729431293 ], [ -72.206780765419921, -11.17229463339055 ], [ -72.193855605551732, -11.156662320809403 ], [ -72.187935434172914, -11.163728572915261 ], [ -72.184318654082574, -11.155543226938335 ], [ -72.17647958936152, -11.15911162620057 ], [ -72.169280459725371, -11.143741099971749 ], [ -72.135323689736481, -11.135682358753797 ], [ -72.120468732246138, -11.119490228990855 ], [ -72.123246106722434, -11.103591853780983 ], [ -72.14815084598473, -11.087776178427873 ], [ -72.17877059698543, -11.097550906149365 ], [ -72.183299462300283, -11.092591850133715 ], [ -72.182508606586907, -11.057798853634154 ], [ -72.193061296441613, -11.049676616682461 ], [ -72.176484595887359, -11.038993855182241 ], [ -72.17532435713332, -11.024831979112491 ], [ -72.185254032647435, -11.008834820570485 ], [ -72.176116224584064, -10.996815364337522 ], [ -72.158250227166207, -11.005287898917345 ], [ -72.152863230553635, -10.994214854132167 ], [ -72.127930211210241, -10.979842446771443 ], [ -72.125034590274083, -10.995623520708875 ], [ -72.104709859872116, -10.99293072207513 ], [ -72.054413107079199, -11.011073603663817 ], [ -72.043698729013101, -10.996919693788811 ], [ -72.010832571366052, -10.98774686972223 ], [ -71.938376580914451, -11.003895174622585 ], [ -71.923332461823634, -10.996097478715626 ], [ -71.847008489050495, -10.995678519647925 ], [ -71.828462500743797, -11.011867836331533 ], [ -71.80895310739993, -10.993828104283523 ], [ -71.780228480659844, -10.987814478954988 ], [ -71.751144481232757, -10.993751979370302 ], [ -71.729282856218788, -10.983675728751848 ], [ -71.716002606235236, -10.997850227705783 ], [ -71.701693982391362, -10.97383860426811 ], [ -71.693555856217756, -10.979740853957196 ], [ -71.680722856174839, -10.971558104323037 ], [ -71.66171910575207, -10.983183852652644 ], [ -71.558853606009052, -10.964802728962752 ], [ -71.531977105858687, -10.952138478607878 ], [ -71.527148856234703, -10.961727104222462 ], [ -71.508132481129053, -10.96609222907307 ], [ -71.485951355770396, -10.963790228136475 ], [ -71.47250948142738, -10.953692604230241 ], [ -71.412941355958765, -10.958068353671536 ], [ -71.393455105768453, -10.947333979179746 ], [ -71.37801235588546, -10.95347435405813 ], [ -71.354014106265936, -10.949791104176086 ], [ -71.336126462166476, -10.916788299940038 ], [ -71.31730485593431, -10.90956510444596 ], [ -71.308336981066759, -10.877813854325893 ], [ -71.294713716165006, -10.876298704421629 ], [ -71.272727011642246, -10.852818727802003 ], [ -71.271473855833733, -10.819046853029818 ], [ -71.258723325421101, -10.784934502125509 ], [ -71.245053635716658, -10.776529080352702 ], [ -71.221563772849777, -10.776698440680434 ], [ -71.228865855974448, -10.764998227586091 ], [ -71.21874909899168, -10.760205830334769 ], [ -71.224602573050277, -10.730652924392928 ], [ -71.215536826763127, -10.714948481687031 ], [ -71.227814846178148, -10.702813229646779 ], [ -71.231312653156351, -10.685238530733557 ], [ -71.20629098134367, -10.652160104305324 ], [ -71.220802730561502, -10.636734353407633 ], [ -71.196212855638748, -10.579861353118929 ], [ -71.165293106091951, -10.569643853181219 ], [ -71.164570856060095, -10.531261478034764 ], [ -71.146800147208978, -10.530984022794371 ], [ -71.12851435525323, -10.504735852877275 ], [ -71.078505855860499, -10.50137097828798 ], [ -71.024533481235153, -10.478200103152176 ], [ -71.000639370410568, -10.442222316406742 ], [ -71.004972459611281, -10.430818518959427 ], [ -70.95841480190154, -10.389576781743017 ], [ -70.968012006149138, -10.335551372297971 ], [ -70.889458820867844, -10.335138613156403 ], [ -70.873992585189626, -10.300695979935483 ], [ -70.880833274735778, -10.261970186974509 ], [ -70.866853941256352, -10.253047208062128 ], [ -70.803201334274092, -10.251154409448418 ], [ -70.75069335631332, -10.191011727808927 ], [ -70.706443356275827, -10.16135747816503 ], [ -70.708231480098675, -10.136840227994071 ], [ -70.698173855339121, -10.118031227559072 ], [ -70.649899782149191, -10.079474573692551 ], [ -70.644541824645444, -10.068740454608246 ], [ -70.660031606373479, -10.051465853166519 ], [ -70.652058551660787, -10.040059991775138 ], [ -70.672318354608365, -10.023134728384946 ], [ -70.656892854621503, -9.99972947823278 ], [ -70.667627480923443, -9.970693103304029 ], [ -70.648521480282056, -9.951576228060446 ], [ -70.650894479996225, -9.931955102945608 ], [ -70.633479238076347, -9.898958457266929 ], [ -70.639539325079738, -9.884375987162059 ], [ -70.61380449358245, -9.873393333235697 ], [ -70.613753854556705, -11.000167979368712 ], [ -70.521669979685782, -10.934209979207139 ], [ -70.515379980101955, -10.947169978811417 ], [ -70.451739979816182, -10.996759978690022 ], [ -70.437759979939074, -11.038799979335522 ], [ -70.385779979562358, -11.047769979301052 ], [ -70.373769979700739, -11.060539979136706 ], [ -70.308429980159417, -11.070589979443923 ], [ -70.24154148025508, -11.047062354044385 ], [ -70.199052729599771, -11.054014728596826 ], [ -70.17608460482063, -11.040129353586735 ], [ -70.158268105188881, -11.04187222892017 ], [ -70.156137854977999, -11.033525478917682 ], [ -70.140528854622914, -11.029671729266852 ], [ -70.115701854556903, -11.005909853856622 ], [ -70.10741323043618, -11.007885104114223 ], [ -70.092849729731199, -10.987116979165194 ], [ -70.064587105410567, -10.993875353764508 ], [ -70.037129355435354, -10.980019479215571 ], [ -70.036853980326896, -10.970972854313743 ], [ -70.027362479694659, -10.977752478993636 ], [ -70.007531979816974, -10.96271022869405 ], [ -69.998824355259728, -10.96516785371341 ], [ -69.994396605219094, -10.950697478705649 ], [ -69.984502354899746, -10.955655103899858 ], [ -69.982023604805477, -10.943133978849971 ], [ -69.974248105065953, -10.949299228976201 ], [ -69.957958604805754, -10.94085097878957 ], [ -69.953975979607719, -10.928565603819493 ], [ -69.933300855350183, -10.922221729449234 ], [ -69.920678105110426, -10.933814978978035 ], [ -69.901221730398504, -10.920561104311446 ], [ -69.873440979917234, -10.931061978827188 ], [ -69.862722605263968, -10.926828978774324 ], [ -69.858271980067798, -10.934337353785793 ], [ -69.851144479634002, -10.924576479221116 ], [ -69.831590229905146, -10.933880229289116 ], [ -69.811067479580458, -10.926001979307841 ], [ -69.794309730209818, -10.934086978930907 ], [ -69.769537729982233, -10.929936979108277 ], [ -69.773087855020435, -10.940029728688955 ], [ -69.75993460369898, -10.939512854134875 ], [ -69.73764085444185, -10.974966604125427 ], [ -69.722256978676569, -10.964724228939986 ], [ -69.716856978766543, -10.975905104237142 ], [ -69.70053447878314, -10.965526729075236 ], [ -69.697310854412365, -10.972450104088978 ], [ -69.658694604272512, -10.95256397934412 ], [ -69.633598854403544, -10.957392728991181 ], [ -69.620336854362279, -10.950061229042433 ], [ -69.610475353754509, -10.957583228782937 ], [ -69.609223978603666, -10.945667853788393 ], [ -69.575844603945256, -10.942090479292119 ], [ -69.228331979237396, -11.499824228705165 ], [ -69.103447229406072, -11.681347729713934 ], [ -68.968271603951337, -11.916314480229005 ], [ -68.652279102698401, -12.502740354883429 ], [ -68.660427602551749, -12.519407604577225 ], [ -68.655519977864628, -12.534593355199149 ], [ -68.664733228255841, -12.5242226053889 ], [ -68.68137735278259, -12.525356979640833 ], [ -68.674085477862491, -12.532463730017071 ], [ -68.674478978022364, -12.55297360474799 ], [ -68.691481352882079, -12.55726222966814 ], [ -68.699304478918521, -12.572096355262545 ], [ -68.693863478916398, -12.586605730270207 ], [ -68.70141597916404, -12.579107354820508 ], [ -68.71384085427195, -12.60411973034121 ], [ -68.724154479145852, -12.602035355447242 ], [ -68.731760979185822, -12.609912730388146 ], [ -68.740585603742602, -12.632759479965955 ], [ -68.731036229038693, -12.650896479988489 ], [ -68.733807729143336, -12.667383730374809 ], [ -68.719547353927226, -12.661224729637524 ], [ -68.728301603835916, -12.671318355157894 ], [ -68.719917853925779, -12.667027980157116 ], [ -68.711928229204375, -12.680111605066486 ], [ -68.734487103996628, -12.692118729795482 ], [ -68.725133104309293, -12.697258355288795 ], [ -68.742370604219957, -12.707991854740271 ], [ -68.727907478647182, -12.713389105422834 ], [ -68.766885354275644, -12.742194229579979 ], [ -68.780454104073613, -12.732082105005077 ], [ -68.788974353983235, -12.757794481330222 ], [ -68.803952979046699, -12.756566481357993 ], [ -68.804733479066783, -12.783570731104305 ], [ -68.81801522911951, -12.790763230938296 ], [ -68.807631103692415, -12.808618231446189 ], [ -68.824350979014412, -12.80483210631661 ], [ -68.83937285427379, -12.82389660594356 ], [ -68.829128103978803, -12.828474355706931 ], [ -68.83930485383587, -12.829631606013777 ], [ -68.830949104317654, -12.841663230973268 ], [ -68.841752979316482, -12.843487855580008 ], [ -68.834798853784037, -12.857838856378066 ], [ -68.85098310368727, -12.866436731270085 ], [ -68.858537979044456, -12.85891360557838 ], [ -68.870543853715844, -12.870093355823656 ], [ -68.864089853763687, -12.874841981272368 ], [ -68.872511478621789, -12.887513731073795 ], [ -68.866109979292048, -12.895515481354323 ], [ -68.874872728693447, -12.919232480594474 ], [ -68.861308979126022, -12.926630855929204 ], [ -68.876630478813524, -12.928677230869482 ], [ -68.866128604251628, -12.931316856187891 ], [ -68.873414353889302, -12.939762606259251 ], [ -68.860211853893929, -12.947767605790318 ], [ -68.879214979287838, -12.941758105652013 ], [ -68.875989853948568, -12.978023981221725 ], [ -68.865038104325038, -12.972014481083363 ], [ -68.862323354139448, -12.981272355834506 ], [ -68.87680197862835, -12.987189106192261 ], [ -68.868379353724151, -12.990251856238103 ], [ -68.871873228866377, -13.003925856393096 ], [ -69.647226604224386, -13.341242231243939 ], [ -70.403433229759685, -13.116934106223994 ] ], [ [ -71.888958731060541, -11.060358978883698 ], [ -71.889591568695892, -11.060116940744194 ], [ -71.889781356224546, -11.060044353763885 ], [ -71.888958731060541, -11.060358978883698 ] ], [ [ -71.548101730710243, -11.081942603668153 ], [ -71.548331002074065, -11.082091617733909 ], [ -71.548834481226265, -11.082418854046807 ], [ -71.548101730710243, -11.081942603668153 ] ], [ [ -70.840513981135302, -11.965343230305791 ], [ -70.840513980235983, -11.965343230305791 ], [ -70.841620855917711, -11.963919980322771 ], [ -70.840513981135302, -11.965343230305791 ] ] ] } },
{ "type": "Feature", "properties": { "departamento": "MOQUEGUA" }, "geometry": { "type": "Polygon", "coordinates": [ [ [ -70.909449981031742, -17.65335998467549 ], [ -70.912499981388976, -17.68736998463703 ], [ -70.956279981336024, -17.675959984565566 ], [ -70.983162230852258, -17.684626984947329 ], [ -70.992996231091126, -17.679119109559224 ], [ -71.00334960599946, -17.683699235331403 ], [ -71.017113230790926, -17.709210859593441 ], [ -71.02691598138739, -17.703874984942559 ], [ -71.057923981406589, -17.718075235083973 ], [ -71.082191355846362, -17.716683609760764 ], [ -71.082175856030915, -17.734617235297151 ], [ -71.101134731182867, -17.739497984644231 ], [ -71.121489980977799, -17.785629985135643 ], [ -71.121409980885858, -17.803349984813906 ], [ -71.139441481439178, -17.82148285964621 ], [ -71.168733827703932, -17.809369110396062 ], [ -71.191159702658126, -17.777347610403865 ], [ -71.34918895390706, -17.69344923529394 ], [ -71.363364703817979, -17.692652360418037 ], [ -71.36818307888592, -17.706162110193191 ], [ -71.381376454359838, -17.707347610004149 ], [ -71.341500000424617, -17.636894535654278 ], [ -71.365546855702803, -17.545363234825402 ], [ -71.362953105701251, -17.48878510964505 ], [ -71.381138731167482, -17.449982359897945 ], [ -71.394355480920694, -17.389412109980867 ], [ -71.418804730653733, -17.377486360407147 ], [ -71.424667981242294, -17.363632860068378 ], [ -71.43279098081905, -17.366648484739756 ], [ -71.431392606083875, -17.350523484870905 ], [ -71.444714731199838, -17.33223636011985 ], [ -71.4581074809754, -17.332419984594594 ], [ -71.46989060616653, -17.318818360079206 ], [ -71.476884730845597, -17.322810484815989 ], [ -71.472537105902688, -17.297158235364236 ], [ -71.490796856189945, -17.285007110289882 ], [ -71.46554998064704, -17.254502735113078 ], [ -71.440956106439103, -17.251716610233302 ], [ -71.423515356148755, -17.236616109945487 ], [ -71.408589730831352, -17.209682484858718 ], [ -71.355316106053408, -17.151273734794984 ], [ -71.316329980943806, -17.124738735104472 ], [ -71.302246105773122, -17.093851110240507 ], [ -71.324691855744504, -17.060308485248356 ], [ -71.31905360563934, -17.04145436043035 ], [ -71.339424106137528, -17.02175898369012 ], [ -71.357315105607597, -17.024354983795433 ], [ -71.365234355680911, -17.01411060941706 ], [ -71.385787980630766, -17.020501984179191 ], [ -71.39488210592441, -16.992849359210538 ], [ -71.390830981164811, -16.978069359313452 ], [ -71.404571480789173, -16.956764233882268 ], [ -71.464019731125632, -16.956464733560551 ], [ -71.459849981291541, -16.937359983876092 ], [ -71.424062356192735, -16.919297608697661 ], [ -71.422140980721622, -16.896395109246839 ], [ -71.440853981226212, -16.861279733672745 ], [ -71.435499980739507, -16.836149984034478 ], [ -71.443711105782882, -16.804678359218883 ], [ -71.433599981254076, -16.789269984122427 ], [ -71.422927856035699, -16.737897858899032 ], [ -71.364448606318092, -16.720344483810834 ], [ -71.35068510563309, -16.727397859423604 ], [ -71.346984855866367, -16.742242983726669 ], [ -71.327171355873361, -16.752445233860385 ], [ -71.289092981256033, -16.726457609231261 ], [ -71.285812356055374, -16.716354359166303 ], [ -71.296012856108405, -16.706266358905282 ], [ -71.283904981229853, -16.682239483865033 ], [ -71.279151855573616, -16.615821859091454 ], [ -71.26040648127406, -16.605201733573097 ], [ -71.262840231091729, -16.584911234066169 ], [ -71.249099730568048, -16.564100358944359 ], [ -71.237495481431267, -16.514591234198065 ], [ -71.249343856034102, -16.482358984379573 ], [ -71.242103605796729, -16.463064234027115 ], [ -71.219139106184741, -16.460565608915658 ], [ -71.197029106408081, -16.471658733763491 ], [ -71.13951873140428, -16.474973733750744 ], [ -71.124725355890405, -16.46107298393099 ], [ -71.108459480820329, -16.465705859437833 ], [ -71.081939730933811, -16.456857733797335 ], [ -71.072654855836902, -16.465755484028307 ], [ -71.047195481286394, -16.454402983910541 ], [ -71.037257855765404, -16.48568560900361 ], [ -71.01924135590383, -16.486890733820246 ], [ -71.012565605618192, -16.498578984132791 ], [ -70.993453980616664, -16.496553359250072 ], [ -70.979522731189036, -16.480573608884924 ], [ -70.956085231348311, -16.472520858950418 ], [ -70.953231856065258, -16.459947609194785 ], [ -70.975616480915846, -16.418321608755207 ], [ -70.963829106428079, -16.399740233924604 ], [ -70.975097606269458, -16.391029359217498 ], [ -70.969398606060793, -16.369607983821368 ], [ -70.986289981197615, -16.309949983704712 ], [ -70.9436111057679, -16.314405484125757 ], [ -70.939109855935044, -16.298932983770158 ], [ -70.915786730972798, -16.282400108977811 ], [ -70.901466355687717, -16.277702359076557 ], [ -70.88080598121104, -16.284543983917672 ], [ -70.844474731223841, -16.235877984381432 ], [ -70.866958606154697, -16.224584609292265 ], [ -70.853889481014676, -16.196687733851775 ], [ -70.860244730909585, -16.175571484036709 ], [ -70.878593480804454, -16.166616483863606 ], [ -70.867828355793961, -16.153865859022119 ], [ -70.867111230998489, -16.128484733583548 ], [ -70.895706106251737, -16.106281233991695 ], [ -70.875060980679677, -16.094577733875269 ], [ -70.878105105765997, -16.081443734340837 ], [ -70.866805981310961, -16.080081983596642 ], [ -70.856735230946128, -16.056337358981864 ], [ -70.804511980143729, -16.055133984245913 ], [ -70.807357730075125, -16.040828733758985 ], [ -70.820945729861478, -16.02975085871509 ], [ -70.816558854907214, -16.002756109406903 ], [ -70.828605604664858, -15.99920560935135 ], [ -70.820198104558813, -15.978467984010194 ], [ -70.807509104861253, -15.988016983696809 ], [ -70.79996960521305, -15.975963608633606 ], [ -70.775969979630815, -16.013399984221849 ], [ -70.741239979741238, -16.016179983819143 ], [ -70.722109979791696, -16.034189984280317 ], [ -70.668349980067489, -16.013389983760703 ], [ -70.640819980357776, -15.9876399842978 ], [ -70.624769980350266, -16.003019983985041 ], [ -70.562889980288332, -15.982499983787193 ], [ -70.526075479599683, -16.026723484401259 ], [ -70.510322354792777, -16.02998635878339 ], [ -70.507324230029155, -16.038144484080647 ], [ -70.482559605141603, -16.039474859277277 ], [ -70.465778979716106, -16.050369108947166 ], [ -70.447464854619284, -16.034470733737351 ], [ -70.440124730172101, -16.03675148369399 ], [ -70.434282229641155, -16.061878359098955 ], [ -70.403228730221656, -16.087231359139878 ], [ -70.408301605334771, -16.120795734235685 ], [ -70.401942105243904, -16.149029734034968 ], [ -70.373753104821901, -16.17591735879904 ], [ -70.360642729578274, -16.207792859253004 ], [ -70.340278855284907, -16.20090335900278 ], [ -70.328560105364545, -16.205411984175669 ], [ -70.32651710468059, -16.232111859274823 ], [ -70.345134855289302, -16.25610198441899 ], [ -70.340280730371376, -16.270093233915588 ], [ -70.346595480197209, -16.305602483767586 ], [ -70.338757980296521, -16.32279835855735 ], [ -70.345610729751343, -16.348139483949979 ], [ -70.356603855383582, -16.367698733909378 ], [ -70.370595104880124, -16.368650483732779 ], [ -70.382256979875706, -16.385923734392804 ], [ -70.356553729870711, -16.400270609101256 ], [ -70.360887605078858, -16.410831358680241 ], [ -70.32505172955365, -16.417524983890871 ], [ -70.316735105041005, -16.444398608908614 ], [ -70.306313854700591, -16.447205608851732 ], [ -70.313401605099955, -16.468152983972971 ], [ -70.301169979910583, -16.478671859318808 ], [ -70.228666230062402, -16.506075733608156 ], [ -70.200494854553881, -16.539589734078902 ], [ -70.184777979620037, -16.537608608550386 ], [ -70.175455604592457, -16.561530734156008 ], [ -70.176243729964142, -16.594152983973004 ], [ -70.165705979647214, -16.613324109020368 ], [ -70.14876085472963, -16.615313359024242 ], [ -70.137832355278931, -16.628574734036704 ], [ -70.087845105067515, -16.655232233980371 ], [ -70.048611605241376, -16.627707983636469 ], [ -70.013235980256241, -16.640342984441133 ], [ -69.998390605042346, -16.675148359209345 ], [ -70.011364730297998, -16.686910359325566 ], [ -70.010453104627061, -16.699896484235296 ], [ -69.996910355128762, -16.710258108624771 ], [ -69.995302354719854, -16.728589483617725 ], [ -70.010213980290928, -16.741339484329671 ], [ -70.035541980078278, -16.742889733874051 ], [ -70.032208605142955, -16.752924859394682 ], [ -70.05712497983393, -16.770164109386087 ], [ -70.057816355240561, -16.787812484358597 ], [ -70.090313854700582, -16.810854733958763 ], [ -70.094278854985134, -16.890924858795131 ], [ -70.105597480339384, -16.897263733834222 ], [ -70.116349729756166, -16.922163483657812 ], [ -70.146624980158663, -16.938730484124505 ], [ -70.148372229794518, -16.921869733601284 ], [ -70.173689354979729, -16.91223235933586 ], [ -70.181289229714139, -16.932119609132599 ], [ -70.218013354832408, -16.946352483979922 ], [ -70.227033355305082, -16.959355358762764 ], [ -70.252453229832668, -16.944712483893966 ], [ -70.259066354928279, -16.90203323434622 ], [ -70.241210730290959, -16.856918108983507 ], [ -70.224744604979492, -16.857065858602425 ], [ -70.216865229946393, -16.843314484375924 ], [ -70.184067230118558, -16.834687484040103 ], [ -70.182559604841856, -16.816506858804416 ], [ -70.247300479633395, -16.8024648587662 ], [ -70.266574979951315, -16.770833483778233 ], [ -70.291856855309561, -16.781345233795435 ], [ -70.311294980079253, -16.773300734241445 ], [ -70.372794979704508, -16.798179734007476 ], [ -70.385230480302369, -16.815871109164334 ], [ -70.440689355129621, -16.840046858875382 ], [ -70.450966855136244, -16.86181648414339 ], [ -70.441574229566982, -16.892404358674185 ], [ -70.451751980369579, -16.900005734377089 ], [ -70.459191354897087, -16.922738234082203 ], [ -70.453657605114358, -16.929745734378116 ], [ -70.465016854644091, -16.944434108647158 ], [ -70.443199229860511, -16.964277359112771 ], [ -70.463158480279617, -17.004367483872215 ], [ -70.439201229852813, -17.050363235275029 ], [ -70.448739354937231, -17.080669110291183 ], [ -70.491313605038783, -17.090208485433209 ], [ -70.521140604555228, -17.158234359727885 ], [ -70.555050480295392, -17.197663234570598 ], [ -70.572507854553805, -17.194109360258722 ], [ -70.609978354917132, -17.214503860065065 ], [ -70.651093480179952, -17.209175359854953 ], [ -70.684090730203025, -17.224264734629742 ], [ -70.704279105396381, -17.267205110427483 ], [ -70.715917105190215, -17.273652110056787 ], [ -70.705652229866473, -17.291179734856826 ], [ -70.733868229734981, -17.323191110281471 ], [ -70.746702854852856, -17.351353610380784 ], [ -70.752404105165283, -17.380573359772711 ], [ -70.736719979943075, -17.408279985432955 ], [ -70.754629605272044, -17.437578109841866 ], [ -70.779979980191911, -17.450599984601581 ], [ -70.879959980868364, -17.555669985281554 ], [ -70.909449981031742, -17.65335998467549 ] ] ] } },
{ "type": "Feature", "properties": { "departamento": "PASCO" }, "geometry": { "type": "Polygon", "coordinates": [ [ [ -76.188701484885598, -10.959956729419503 ], [ -76.207945359690541, -10.943062479150058 ], [ -76.209796861435962, -10.918966728631574 ], [ -76.229197236263417, -10.915589854388202 ], [ -76.249464860614808, -10.924531228933006 ], [ -76.265896486133897, -10.920122978892323 ], [ -76.262226610969265, -10.908970729015891 ], [ -76.27003511133131, -10.916535103911883 ], [ -76.281697236338346, -10.913917978731661 ], [ -76.27660436120226, -10.950727354183982 ], [ -76.265525861129561, -10.959014354129067 ], [ -76.272780861147794, -10.971586603838659 ], [ -76.263745610871183, -10.998587354322922 ], [ -76.255671110833077, -11.002395103651054 ], [ -76.25995148627203, -11.015006479265537 ], [ -76.253443110611045, -11.022878478958603 ], [ -76.259667860783111, -11.027401853912409 ], [ -76.239570361183212, -11.049199103655667 ], [ -76.250149985733231, -11.105199979195618 ], [ -76.21462998628482, -11.150310104327787 ], [ -76.227159985844651, -11.155769979301056 ], [ -76.241529985720206, -11.14309997868105 ], [ -76.257769986395715, -11.151749979178135 ], [ -76.307900361012798, -11.132664103565503 ], [ -76.318070235552909, -11.091642604022923 ], [ -76.335509735785649, -11.082533228925342 ], [ -76.350958985968362, -11.094193353840183 ], [ -76.389496111056644, -11.070988228923568 ], [ -76.43366211081775, -11.080093728842485 ], [ -76.446806610836404, -11.071247354181992 ], [ -76.461197235763791, -11.084128853763559 ], [ -76.493523486319816, -11.088599603988484 ], [ -76.514679736180824, -11.068712854214823 ], [ -76.532990236110493, -11.03412697877701 ], [ -76.564005735576188, -11.022909228577987 ], [ -76.569251985590597, -11.013484479225269 ], [ -76.577891735615083, -11.015941979238903 ], [ -76.581603485912126, -10.984984353844823 ], [ -76.565021235641495, -10.963932229288901 ], [ -76.583877610563263, -10.853608729159475 ], [ -76.601576736077448, -10.815868353941312 ], [ -76.617723736061521, -10.814592104441999 ], [ -76.633486486312279, -10.784528478906111 ], [ -76.627848861235918, -10.765960478793033 ], [ -76.642240861226753, -10.746398353701011 ], [ -76.65943298584358, -10.687925479277396 ], [ -76.670953860632096, -10.677813978832035 ], [ -76.655655361105971, -10.646781853599634 ], [ -76.675573611432981, -10.621372478656895 ], [ -76.672703111259523, -10.609890228850929 ], [ -76.685862307999059, -10.581457149727612 ], [ -76.703719700703573, -10.588593548953099 ], [ -76.710187986386416, -10.54074060309631 ], [ -76.730240610715555, -10.508402602897775 ], [ -76.729150717831317, -10.479066057652403 ], [ -76.715663736192425, -10.462464853270319 ], [ -76.700875610920662, -10.461008727670617 ], [ -76.69748398599711, -10.443111477912339 ], [ -76.665248486028759, -10.438556603304562 ], [ -76.648976235664691, -10.415835978247742 ], [ -76.620394236005154, -10.415248103117392 ], [ -76.593358985728571, -10.401493977864732 ], [ -76.593380485820717, -10.387240227954123 ], [ -76.578103111369444, -10.375503853120279 ], [ -76.558243736059524, -10.393429728299282 ], [ -76.551880485795721, -10.38464447786032 ], [ -76.531895360982105, -10.38687297810543 ], [ -76.523839985926543, -10.377215977935009 ], [ -76.490941110943481, -10.378896478089928 ], [ -76.486581736358005, -10.352435603220442 ], [ -76.472804360932457, -10.337767603092345 ], [ -76.493976110608969, -10.310531228433376 ], [ -76.424939985591834, -10.319219978019532 ], [ -76.400679985592831, -10.308429977761193 ], [ -76.387219986313255, -10.289289978249826 ], [ -76.364499986285296, -10.299469978256866 ], [ -76.342079985702753, -10.285839978332262 ], [ -76.325759985834623, -10.305529978026016 ], [ -76.330679986092434, -10.316119978054473 ], [ -76.316849985938063, -10.340989978304833 ], [ -76.323409986281831, -10.359579977633814 ], [ -76.305517110825974, -10.412544727557076 ], [ -76.285287486428331, -10.416419978199372 ], [ -76.274705360863663, -10.402464727665006 ], [ -76.269476860768464, -10.36898822802425 ], [ -76.226329986239818, -10.39692997783618 ], [ -76.230888611020532, -10.371790977771354 ], [ -76.205396484959749, -10.376562478375604 ], [ -76.207169984906841, -10.388709978282805 ], [ -76.185396735371, -10.395463102640008 ], [ -76.166685484947152, -10.413556478348767 ], [ -76.142552735420338, -10.408593727918173 ], [ -76.129630859876272, -10.430800727671397 ], [ -76.118804734750654, -10.426373102636546 ], [ -76.104187485164289, -10.435546853004837 ], [ -76.092892485000164, -10.429281227746401 ], [ -76.078268735114023, -10.434153727612397 ], [ -76.078283234883372, -10.451988228074242 ], [ -76.057640610325848, -10.465152353098574 ], [ -76.03922260993545, -10.454577977891347 ], [ -76.024939859586823, -10.467438978326129 ], [ -76.012208984756796, -10.454611352631787 ], [ -76.003113235287515, -10.488806603042235 ], [ -75.976735859772077, -10.479903103445395 ], [ -75.925048735310838, -10.406560477683854 ], [ -75.934538984986148, -10.374980478266423 ], [ -75.924939359763584, -10.356720602973382 ], [ -75.893538984636393, -10.324281227596543 ], [ -75.856400360188445, -10.30171085317329 ], [ -75.839679609826078, -10.257390602594171 ], [ -75.812708984831772, -10.244089852564571 ], [ -75.784769485123604, -10.252160103306096 ], [ -75.759529234886259, -10.237679602831349 ], [ -75.728679609975984, -10.232771478121151 ], [ -75.709429609888559, -10.215070228408251 ], [ -75.700730359818238, -10.197339853251606 ], [ -75.703863235399979, -10.141900353418521 ], [ -75.689912110055786, -10.11887885297665 ], [ -75.691400360338321, -10.092257727911772 ], [ -75.676468734744276, -10.054275353224909 ], [ -75.64517961025075, -10.026927727932275 ], [ -75.60207948518007, -10.024774852577366 ], [ -75.595221234572307, -10.009620353396542 ], [ -75.595168234826133, -9.952613228217842 ], [ -75.560382360057815, -9.964135728081317 ], [ -75.548378609585143, -9.984414977968811 ], [ -75.508584484985931, -9.976916478412704 ], [ -75.467775985373407, -9.989058978089304 ], [ -75.462308610054265, -9.95728447779635 ], [ -75.453695985381387, -9.95576822802127 ], [ -75.449551734924569, -9.941551603024038 ], [ -75.441740610340844, -9.936257727611974 ], [ -75.421442109565646, -9.943435102647811 ], [ -75.404783610275331, -9.93021210260639 ], [ -75.395547234717071, -9.912776852569664 ], [ -75.409600485274154, -9.902007603268203 ], [ -75.411181610343021, -9.888426102882306 ], [ -75.399595860260717, -9.878455602643896 ], [ -75.369355984690912, -9.870832602742382 ], [ -75.321220735348618, -9.876909478289747 ], [ -75.282407985140367, -9.864731352869569 ], [ -75.27573661005647, -9.852069852641534 ], [ -75.279218984668375, -9.838239728380699 ], [ -75.3097654849891, -9.774387478199515 ], [ -75.254650359826201, -9.779002227870478 ], [ -75.160124984780168, -9.83997460334524 ], [ -75.094467859104384, -9.844477728264508 ], [ -75.057789234285679, -9.818918602711278 ], [ -74.993615983690631, -9.839797228259442 ], [ -74.985552859177062, -9.864063727658845 ], [ -74.951624484382421, -9.859909102622964 ], [ -74.90339185914695, -9.83888810270372 ], [ -74.882351484233595, -9.819738102731208 ], [ -74.859458359315795, -9.844518103327744 ], [ -74.835994609163834, -9.847796103407404 ], [ -74.83039860920843, -9.833807603138325 ], [ -74.836238983742078, -9.820048352649337 ], [ -74.826152608556015, -9.819685603008111 ], [ -74.81559960933447, -9.795428353135947 ], [ -74.821365734041365, -9.784920478297408 ], [ -74.846225108801718, -9.785290728284451 ], [ -74.839243358793908, -9.763922227628655 ], [ -74.844532608992665, -9.751280978334421 ], [ -74.816843609145224, -9.736433603028331 ], [ -74.828767733643929, -9.703963103014758 ], [ -74.817751733755472, -9.691264102855996 ], [ -74.820964734434881, -9.675352102917145 ], [ -74.78747798432147, -9.665769727590828 ], [ -74.764814859218347, -9.635716103415405 ], [ -74.772485733629651, -9.612379102813293 ], [ -74.755739358884284, -9.606544852662751 ], [ -74.755848984443048, -9.584049103083601 ], [ -74.735593733863709, -9.57444522766508 ], [ -74.750522859342425, -9.524607103035351 ], [ -74.741354859239323, -9.516236476931795 ], [ -74.728820733589941, -9.472412101737063 ], [ -74.687101234234547, -9.445704477179845 ], [ -74.581092484330668, -9.476601726588342 ], [ -74.583177734265007, -9.498438977276919 ], [ -74.593494359277202, -9.507361851867927 ], [ -74.574447233652847, -9.545777977671491 ], [ -74.574849984239336, -9.572717603034903 ], [ -74.53165385923819, -9.592102853064148 ], [ -74.492487858927518, -9.595342728184335 ], [ -74.497290734180012, -9.637597977964276 ], [ -74.489467484037107, -9.651963977655384 ], [ -74.494636484086413, -9.656154977570111 ], [ -74.490140358590622, -9.685195727700602 ], [ -74.474089609447901, -9.730123978438826 ], [ -74.455361359139374, -9.745982477709106 ], [ -74.447240233749767, -9.777149852883383 ], [ -74.45330085944704, -9.863636227729671 ], [ -74.433101608752224, -9.87605860272231 ], [ -74.410988858848725, -9.914670227648855 ], [ -74.416646483948057, -9.930824227955725 ], [ -74.411194234326388, -9.957568853319856 ], [ -74.424587234113517, -9.985330977942226 ], [ -74.412670734067092, -10.006771728332524 ], [ -74.418828108830098, -10.02574997757938 ], [ -74.411750858914957, -10.041138602664319 ], [ -74.399608109226847, -10.053093102664491 ], [ -74.389898984350623, -10.051349478195789 ], [ -74.366966734427194, -10.112896478189896 ], [ -74.355229483653716, -10.118777352792563 ], [ -74.331274109212757, -10.108545728102797 ], [ -74.315018983739094, -10.113156227577804 ], [ -74.302873233912578, -10.164837727678957 ], [ -74.243249858594083, -10.177465853166552 ], [ -74.227518858908184, -10.193944353149334 ], [ -74.235170609236206, -10.218259853009783 ], [ -74.22639510924688, -10.230497602582261 ], [ -74.227157734341915, -10.277329727984522 ], [ -74.234370859227738, -10.295435353358812 ], [ -74.252194984211087, -10.305131102618247 ], [ -74.236914108699125, -10.321605728321686 ], [ -74.262742359072547, -10.363661102877529 ], [ -74.242004608725665, -10.38316510298705 ], [ -74.244240984333942, -10.410445977899542 ], [ -74.252883608591617, -10.41713672797755 ], [ -74.239290733580447, -10.441185728138805 ], [ -74.225772484312643, -10.443874478024668 ], [ -74.178719358611488, -10.488645352800745 ], [ -74.182350108770493, -10.503330727830757 ], [ -74.132673484393763, -10.604910853553008 ], [ -74.139557359384582, -10.615057478819551 ], [ -74.130981483708467, -10.654742478782339 ], [ -74.135515609158006, -10.671477353896705 ], [ -74.140454109369614, -10.65676585356124 ], [ -74.156720983586467, -10.650095479422816 ], [ -74.159855734254677, -10.640591354107642 ], [ -74.192755109260872, -10.639176103594252 ], [ -74.203680608573166, -10.630143854355367 ], [ -74.229664983951807, -10.634598353830938 ], [ -74.22757810894251, -10.651839853926049 ], [ -74.252809358764864, -10.659479978718025 ], [ -74.258920484093039, -10.680431979052571 ], [ -74.286881108876059, -10.670412104235197 ], [ -74.287573984351866, -10.684307478807057 ], [ -74.317161983638584, -10.715499604223282 ], [ -74.316442858750918, -10.725930604114069 ], [ -74.337021483954288, -10.733857478639663 ], [ -74.350299108816785, -10.754733854084066 ], [ -74.359716233717165, -10.759411978979585 ], [ -74.383899858791438, -10.747480479140734 ], [ -74.385212609074586, -10.764484979098484 ], [ -74.37439648441017, -10.788568354046276 ], [ -74.386764858711217, -10.813115853813542 ], [ -74.431056358863827, -10.812957228693108 ], [ -74.467302484422078, -10.836658854022858 ], [ -74.482675608792249, -10.83539122902198 ], [ -74.4919282342006, -10.844609978767437 ], [ -74.484542109430777, -10.855873229266081 ], [ -74.487083108798402, -10.889033478712008 ], [ -74.506712484293701, -10.89951522914447 ], [ -74.549783108903341, -10.891569853765702 ], [ -74.56923223418022, -10.904035853971436 ], [ -74.570371608662754, -10.915777479047392 ], [ -74.614102484042348, -10.904625479182471 ], [ -74.642612233967384, -10.867962229173486 ], [ -74.679180859109294, -10.879071478865626 ], [ -74.681346859170162, -10.889157104017102 ], [ -74.690845609237442, -10.886795353922423 ], [ -74.733168983561711, -10.833917979431135 ], [ -74.760363108970239, -10.825142229430298 ], [ -74.79482685917219, -10.829872354025895 ], [ -74.831310984014635, -10.780536479175112 ], [ -74.851135483615622, -10.732970104086974 ], [ -74.878570984363421, -10.700463229194611 ], [ -74.887539359253992, -10.7107359789822 ], [ -74.865936233570267, -10.758972104379041 ], [ -74.885238734280108, -10.770597603596457 ], [ -74.913284734402907, -10.748385353601122 ], [ -74.918009733762176, -10.755129854359268 ], [ -74.938289858689984, -10.749601978948135 ], [ -74.956481609438697, -10.732823728632127 ], [ -74.982817608945481, -10.749787104391316 ], [ -74.987341608928091, -10.734156728949813 ], [ -75.006489608808351, -10.718802228639902 ], [ -75.011729484428145, -10.679525603623688 ], [ -75.020700609445555, -10.673694478617222 ], [ -75.035639233563757, -10.682317728780106 ], [ -75.065072858825317, -10.652894478996984 ], [ -75.07431648381862, -10.665810479270135 ], [ -75.071622733702156, -10.677849603676236 ], [ -75.088447234352373, -10.683537104253901 ], [ -75.109639859092169, -10.723993353810158 ], [ -75.142329985240565, -10.741249978703536 ], [ -75.157079984653535, -10.761980478716055 ], [ -75.176645859918438, -10.749901729281362 ], [ -75.189948985057583, -10.780401979267879 ], [ -75.204183985002885, -10.76467622892477 ], [ -75.24390035961386, -10.763880854118099 ], [ -75.247958984719332, -10.803101479249847 ], [ -75.264249985048707, -10.828050728658127 ], [ -75.284529234936201, -10.841650353980583 ], [ -75.304274610384937, -10.838236353924572 ], [ -75.345419860238337, -10.799490229090736 ], [ -75.361878860221168, -10.81916985420537 ], [ -75.354728484631835, -10.828539853731229 ], [ -75.362737735258236, -10.850112478907704 ], [ -75.385727360129522, -10.86493685405253 ], [ -75.396292234898681, -10.853229853774678 ], [ -75.410721984831696, -10.861700604099553 ], [ -75.409339859946556, -10.845208979410813 ], [ -75.390759860179344, -10.832259854408733 ], [ -75.386939360263227, -10.799451104085165 ], [ -75.394810484915922, -10.759140604055574 ], [ -75.435910110363238, -10.747460854135056 ], [ -75.460788985123543, -10.749771478670766 ], [ -75.477890610063582, -10.78096085396021 ], [ -75.490249984848901, -10.756829978620544 ], [ -75.514468734744298, -10.756371104043183 ], [ -75.542480360080503, -10.740970604309894 ], [ -75.556919859563834, -10.744070229257602 ], [ -75.568120609878179, -10.727157729045928 ], [ -75.584095860035859, -10.801567103638888 ], [ -75.606621735104966, -10.823115978619455 ], [ -75.649769104260713, -10.823380230912903 ], [ -75.678548735335823, -10.840179603605748 ], [ -75.692962860447608, -10.835138729069058 ], [ -75.693252610319689, -10.817219354189774 ], [ -75.732806859648804, -10.809264479272258 ], [ -75.758570234728495, -10.830089854163418 ], [ -75.789140610250911, -10.82527147909542 ], [ -75.815447485213213, -10.846981604317534 ], [ -75.81557885997637, -10.872493228579572 ], [ -75.836967984784621, -10.886036729011778 ], [ -75.858259359581723, -10.867856978816462 ], [ -75.864781859994821, -10.87658597935939 ], [ -75.876069984841877, -10.86749522922139 ], [ -75.913160234757015, -10.872001104267497 ], [ -75.935923859998127, -10.889722604014935 ], [ -75.937146484722462, -10.871507854004221 ], [ -75.994760985031405, -10.820957353898734 ], [ -76.045509985297542, -10.880739979366524 ], [ -76.082139984672494, -10.895139978826933 ], [ -76.122929985230599, -10.96263985404596 ], [ -76.122525359557642, -10.952339978906878 ], [ -76.144984360140086, -10.94586322880491 ], [ -76.167812484758315, -10.947576103654228 ], [ -76.168027359774783, -10.95367972863653 ], [ -76.188701484885598, -10.959956729419503 ] ] ] } },
{ "type": "Feature", "properties": { "departamento": "PIURA" }, "geometry": { "type": "Polygon", "coordinates": [ [ [ -80.855115239676536, -5.625240223657329 ], [ -80.911564490209003, -5.485654348968978 ], [ -80.958476614803885, -5.423085973638706 ], [ -81.06403511462878, -5.322585974163303 ], [ -81.091839865317468, -5.308371099246813 ], [ -81.107771490262053, -5.315242223649648 ], [ -81.138121114597709, -5.263617224355357 ], [ -81.19278511464131, -5.216951222620764 ], [ -81.188997990364953, -5.194037097633895 ], [ -81.173302739629719, -5.183990223370074 ], [ -81.167361364935005, -5.167121098359928 ], [ -81.17961524025111, -5.132939472678459 ], [ -81.160466740347772, -5.12340822291111 ], [ -81.168197239810752, -5.081511722587891 ], [ -81.159976615228572, -5.072748098146178 ], [ -81.148796864983296, -5.079363223334042 ], [ -81.132386739556352, -5.06970509811174 ], [ -81.109310490186942, -5.084863223359037 ], [ -81.086755864691384, -5.07957422317179 ], [ -81.061119240060862, -5.046937472686182 ], [ -81.064499990382217, -5.012318473418759 ], [ -81.08784961476789, -4.965351598097755 ], [ -81.328230489945099, -4.6824003479976 ], [ -81.327296865058258, -4.669138722973628 ], [ -81.308708989927879, -4.660081972604928 ], [ -81.286099614605519, -4.575035097591638 ], [ -81.274404364869497, -4.571123097952579 ], [ -81.28063674039322, -4.529605473014101 ], [ -81.305027365120793, -4.479767598395881 ], [ -81.300385106987051, -4.458965270430838 ], [ -81.27344536471179, -4.445783222817454 ], [ -81.252833989796727, -4.395617223356112 ], [ -81.249626990293336, -4.347470722595745 ], [ -81.260816365083144, -4.309687473098336 ], [ -81.253029239807518, -4.274181598401981 ], [ -81.23816986484735, -4.251009723220079 ], [ -81.174333990421303, -4.215499973345061 ], [ -81.146142614889754, -4.1794627234259 ], [ -81.13007541804609, -4.175578327577682 ], [ -81.100052740441583, -4.128183597095301 ], [ -81.05685224383592, -4.105489650426989 ], [ -81.041910549432259, -4.082921767125811 ], [ -81.019277364558661, -4.11281834718892 ], [ -80.999962865094119, -4.111361347448167 ], [ -80.971322240429004, -4.127117222381855 ], [ -80.96165036457262, -4.148236347329544 ], [ -80.967562489717068, -4.172597598400387 ], [ -80.944089865055219, -4.168482473387371 ], [ -80.935673864557145, -4.178410098447216 ], [ -80.923675740243198, -4.16948047264566 ], [ -80.882822240354074, -4.19280072337466 ], [ -80.837232364681824, -4.189355472776811 ], [ -80.803306615008239, -4.175966848191422 ], [ -80.783369989733217, -4.180569973225658 ], [ -80.763009989719194, -4.174909973016781 ], [ -80.744749990319747, -4.184289973003786 ], [ -80.735139989618801, -4.178029973004811 ], [ -80.719679989839619, -4.19418997268906 ], [ -80.699319989825653, -4.187799972990319 ], [ -80.645229990171856, -4.229559973314053 ], [ -80.622979990234342, -4.231899973305076 ], [ -80.604419989590781, -4.210739973271075 ], [ -80.589819989900548, -4.21411997265858 ], [ -80.586949989750167, -4.198949972762989 ], [ -80.561259990356234, -4.176579972687534 ], [ -80.558979990434182, -4.16107997286241 ], [ -80.526749989820132, -4.121179971978052 ], [ -80.522769489720133, -4.104857471994706 ], [ -80.487331988680296, -4.083128846818795 ], [ -80.463845739289411, -4.115800722125584 ], [ -80.466962739139035, -4.127859347430899 ], [ -80.447009989019762, -4.121149972393255 ], [ -80.449312489080057, -4.209335973276495 ], [ -80.431138614155657, -4.196064472797161 ], [ -80.409277364158982, -4.218535098016332 ], [ -80.367781239312706, -4.197431597889874 ], [ -80.352679738978736, -4.220701223082926 ], [ -80.339789113976394, -4.208380848297452 ], [ -80.329371113785839, -4.214577973094947 ], [ -80.3138652386898, -4.198552723329499 ], [ -80.30999611422925, -4.203818348338075 ], [ -80.367249989095683, -4.269949973412508 ], [ -80.36717573926893, -4.282050722962424 ], [ -80.390796863584342, -4.295767598295981 ], [ -80.42356836398875, -4.330984348149116 ], [ -80.453310489087755, -4.383435597774564 ], [ -80.446019489208027, -4.393648473398287 ], [ -80.453882864402658, -4.407648473298366 ], [ -80.449134738976966, -4.447611222579837 ], [ -80.41951173897553, -4.466884722851603 ], [ -80.416667989136329, -4.460050723362144 ], [ -80.390339864093391, -4.48598047302039 ], [ -80.380517614396354, -4.476749972732989 ], [ -80.361890614260403, -4.480083972697116 ], [ -80.335872989147106, -4.467396473068732 ], [ -80.291986363779642, -4.437230473207705 ], [ -80.295548864388536, -4.423966848091538 ], [ -80.277083988635127, -4.404099598317771 ], [ -80.262054738935035, -4.410433598131988 ], [ -80.24735936434314, -4.391238222865638 ], [ -80.234689488728861, -4.387011723112494 ], [ -80.231761863619056, -4.372810472924925 ], [ -80.220482364169754, -4.378121098210045 ], [ -80.218289113751553, -4.353466848016581 ], [ -80.211353489072224, -4.359249972608097 ], [ -80.208076114021424, -4.351546847608859 ], [ -80.196371113835824, -4.350574222722173 ], [ -80.205478488841152, -4.338671848327067 ], [ -80.186855488889648, -4.335113222896894 ], [ -80.179164114432297, -4.29750784760904 ], [ -80.164785114141694, -4.289902347615225 ], [ -80.165812488855238, -4.30070309836924 ], [ -80.155414113670361, -4.304339847905624 ], [ -80.136279239395321, -4.285164097644952 ], [ -80.134960988858495, -4.296283222792454 ], [ -80.108632863815558, -4.298150347560465 ], [ -80.104240238596105, -4.290956972686104 ], [ -80.061476488748895, -4.31022072340761 ], [ -80.034499989382994, -4.348746097954006 ], [ -79.96297848896603, -4.39448422326825 ], [ -79.93866986442265, -4.396710973432619 ], [ -79.919279989180097, -4.385429973014823 ], [ -79.870644489251731, -4.413310597705845 ], [ -79.854054738635227, -4.43446684756691 ], [ -79.853003863737285, -4.451312473291978 ], [ -79.813017614271416, -4.491101597660531 ], [ -79.764896488781915, -4.487776223094158 ], [ -79.719734363949726, -4.468098098048756 ], [ -79.706433238902832, -4.471572098173738 ], [ -79.655512738821812, -4.434000472643675 ], [ -79.6280774889849, -4.439354223118869 ], [ -79.59597861402176, -4.461340472584709 ], [ -79.581106989396005, -4.484897098422323 ], [ -79.580824488958967, -4.499196722750526 ], [ -79.561876364302748, -4.514832847557841 ], [ -79.527515989371352, -4.529840848076617 ], [ -79.505727864149549, -4.51819559794842 ], [ -79.488329364008905, -4.530639848050498 ], [ -79.476593864215431, -4.569981848383577 ], [ -79.494152613652147, -4.581784847692518 ], [ -79.488708864422506, -4.625314972807701 ], [ -79.464140988715599, -4.652131472889096 ], [ -79.457427864404394, -4.702521597793464 ], [ -79.437103239223063, -4.729727597850285 ], [ -79.393545385311256, -4.836168839820061 ], [ -79.368136667772944, -4.835327387349025 ], [ -79.352397167695074, -4.880268261870754 ], [ -79.333931917823691, -4.884201511590447 ], [ -79.32028566804911, -4.900869637223934 ], [ -79.307020167846417, -4.898383136772281 ], [ -79.288508042612023, -4.942843386612935 ], [ -79.265818543091257, -4.967445637106437 ], [ -79.210040167919374, -4.965854386570641 ], [ -79.222181112668181, -4.982401848366578 ], [ -79.212952293213732, -5.001108887265275 ], [ -79.226248043012731, -5.047857387408442 ], [ -79.273008112934008, -5.058521722699311 ], [ -79.273258237777441, -5.072782847950009 ], [ -79.296192862810358, -5.101221848209661 ], [ -79.296026113214509, -5.111980222908926 ], [ -79.33035123831894, -5.124428473195451 ], [ -79.342070238250869, -5.143148973146538 ], [ -79.341857363326596, -5.163999973320074 ], [ -79.367484363412586, -5.174513723429527 ], [ -79.378408112644252, -5.189978473427743 ], [ -79.36904298834321, -5.212361348197589 ], [ -79.348189488054402, -5.233660099234157 ], [ -79.359048862914676, -5.288626973855685 ], [ -79.328072238442985, -5.315914099056386 ], [ -79.326052737943485, -5.34803709923267 ], [ -79.319738238129162, -5.36227347424142 ], [ -79.307857362926939, -5.365277349270229 ], [ -79.305522408132617, -5.425868985065563 ], [ -79.29451361271299, -5.440251848843729 ], [ -79.297615237753007, -5.459947348791047 ], [ -79.281027531295479, -5.486323389712595 ], [ -79.275960863303169, -5.51974022383223 ], [ -79.286806613434408, -5.525865223900894 ], [ -79.310658362593301, -5.52006272431521 ], [ -79.3305648632778, -5.535469599342491 ], [ -79.387261987650561, -5.52239284885087 ], [ -79.398622988160355, -5.533480474344344 ], [ -79.371120987943186, -5.602563723836738 ], [ -79.382757737679412, -5.635929598771895 ], [ -79.377857363326598, -5.647055224219173 ], [ -79.384463113082177, -5.680440599154281 ], [ -79.399259737846592, -5.702542973579341 ], [ -79.399245613094536, -5.771214723880348 ], [ -79.389640612624135, -5.793046849332598 ], [ -79.375995987924455, -5.800533224228843 ], [ -79.376449113136005, -5.823672598811356 ], [ -79.350512988183823, -5.855462223902464 ], [ -79.353641987687524, -5.871118973761611 ], [ -79.335437488149523, -5.893968724377089 ], [ -79.359581988218167, -5.919539098650432 ], [ -79.361890612661625, -5.932759723582308 ], [ -79.398359362694407, -5.949929723977505 ], [ -79.418609363031635, -5.970099599217065 ], [ -79.462509614027454, -5.944849599429403 ], [ -79.470050738750558, -5.928080098617613 ], [ -79.498499988583546, -5.915140599059328 ], [ -79.513959989262048, -5.920979974446198 ], [ -79.527629989232594, -5.912869973670297 ], [ -79.553799989178117, -5.938309974125957 ], [ -79.595829989362471, -5.933619973682767 ], [ -79.601319988926321, -5.939539974190382 ], [ -79.611107363813744, -5.923462848831377 ], [ -79.613239989134172, -5.895539973990537 ], [ -79.62621998876142, -5.888119973557878 ], [ -79.629939989438924, -5.863019974392273 ], [ -79.637409988580089, -5.859419973852653 ], [ -79.628749989420442, -5.851609974320809 ], [ -79.632249988945773, -5.829929973689275 ], [ -79.623209989349505, -5.821399974229394 ], [ -79.622583989259681, -5.797572224378598 ], [ -79.63097261439458, -5.796380849296725 ], [ -79.635367238806964, -5.809001973562204 ], [ -79.682709989374473, -5.84644997378723 ], [ -79.736876988981805, -5.838197223622899 ], [ -79.739316364058936, -5.799587848800115 ], [ -79.71662298935945, -5.741556599057731 ], [ -79.74819336423235, -5.710181599201405 ], [ -79.766416363724147, -5.708252474272228 ], [ -79.744449114235181, -5.677113223596336 ], [ -79.790259739295493, -5.645726599103227 ], [ -79.805009738708463, -5.646414099331196 ], [ -79.819009613602759, -5.664822224266175 ], [ -79.852339863693715, -5.603581974028828 ], [ -79.864419864085448, -5.563419973652799 ], [ -79.853996113629705, -5.530744099060882 ], [ -79.901097613863726, -5.480869098629967 ], [ -79.904845864045342, -5.493414098881487 ], [ -79.945872988847327, -5.514996098591041 ], [ -79.960523489067725, -5.581623099026729 ], [ -80.001003863837184, -5.585341848747248 ], [ -80.052836945568572, -5.563572663247783 ], [ -80.056974605793357, -5.618486062381805 ], [ -80.069958921267187, -5.646170672638391 ], [ -80.07105335392913, -5.673253920631907 ], [ -80.061066738738987, -5.684399609054651 ], [ -80.066371961796563, -5.698211239656928 ], [ -80.095170552379045, -5.702607988267971 ], [ -80.091147388441186, -5.726861246948943 ], [ -80.102934663104179, -5.761498076175201 ], [ -80.092368940274355, -5.795091264650068 ], [ -80.052984364236977, -5.811244099435612 ], [ -80.05779298885534, -5.818806599245136 ], [ -80.106072239442256, -5.867449223602762 ], [ -80.120101613898328, -5.872218724114759 ], [ -80.123847613976181, -5.891310599104827 ], [ -80.196177738911501, -5.892087848974995 ], [ -80.278751989112948, -5.919992223861982 ], [ -80.334712863707637, -5.953904348806589 ], [ -80.627132865189537, -6.372080099816685 ], [ -80.783804739996697, -6.29896484874871 ], [ -80.894539115187968, -6.203345723626171 ], [ -81.091566365295478, -6.082027348683141 ], [ -81.111497990339956, -6.061941348714242 ], [ -81.148898490173167, -5.982578099099953 ], [ -81.149425740205686, -5.889591848984594 ], [ -81.128513614911355, -5.864464848573846 ], [ -81.123513614561602, -5.842972599405869 ], [ -81.097460989632907, -5.838173724337878 ], [ -81.085443365319009, -5.815660098934359 ], [ -81.083622990008962, -5.79166009923415 ], [ -81.068068365362706, -5.785818348737735 ], [ -81.023867239881156, -5.829904349306219 ], [ -80.954191365039435, -5.846177723822848 ], [ -80.921960990307412, -5.836857473893247 ], [ -80.889322239729552, -5.806283224091487 ], [ -80.859816364733433, -5.745478474152208 ], [ -80.850228490052757, -5.663550724086576 ], [ -80.855115239676536, -5.625240223657329 ] ] ] } },
{ "type": "Feature", "properties": { "departamento": "PUNO" }, "geometry": { "type": "MultiPolygon", "coordinates": [ [ [ [ -70.334596604949297, -16.201568109080938 ], [ -70.360642729578274, -16.207792859253004 ], [ -70.373753104821901, -16.17591735879904 ], [ -70.401942105243904, -16.149029734034968 ], [ -70.408301605334771, -16.120795734235685 ], [ -70.403228730221656, -16.087231359139878 ], [ -70.434282229641155, -16.061878359098955 ], [ -70.4431118553278, -16.034466983564414 ], [ -70.465778979716106, -16.050369108947166 ], [ -70.482559605141603, -16.039474859277277 ], [ -70.507324230029155, -16.038144484080647 ], [ -70.510322354792777, -16.02998635878339 ], [ -70.526075479599683, -16.026723484401259 ], [ -70.562889980288332, -15.982499983787193 ], [ -70.624769980350266, -16.003019983985041 ], [ -70.640819980357776, -15.9876399842978 ], [ -70.668349980067489, -16.013389983760703 ], [ -70.722109979791696, -16.034189984280317 ], [ -70.741239979741238, -16.016179983819143 ], [ -70.775969979630815, -16.013399984221849 ], [ -70.79996960521305, -15.975963608633606 ], [ -70.807509104861253, -15.988016983696809 ], [ -70.841308605907386, -15.971826609410471 ], [ -70.832199229910486, -15.949095732981618 ], [ -70.843276980847975, -15.923255857971412 ], [ -70.865783605928641, -15.889386108182293 ], [ -70.892913856089535, -15.888401982765231 ], [ -70.890068106158139, -15.85193823296305 ], [ -70.942268355899841, -15.774924232867022 ], [ -70.933219980917329, -15.770669982733466 ], [ -70.922629980888871, -15.746189983380987 ], [ -70.904749981026782, -15.737339982654021 ], [ -70.899925105659065, -15.717626607781654 ], [ -70.917861981345311, -15.686342232607899 ], [ -70.917983980676127, -15.643800733117303 ], [ -70.939163230698512, -15.618023858314359 ], [ -70.982368481120488, -15.598043482820458 ], [ -71.006526605918111, -15.565525108297038 ], [ -71.007194481140345, -15.542949732743921 ], [ -71.018356355561309, -15.529378982853757 ], [ -71.008033731171736, -15.519240357956107 ], [ -71.018150355954106, -15.502046608264322 ], [ -71.016082730933249, -15.490779857604309 ], [ -70.99262235593693, -15.460508358274069 ], [ -71.005302481124545, -15.4421711080102 ], [ -71.02712248101767, -15.432039233423836 ], [ -71.038673356290303, -15.40715023319666 ], [ -71.036416855653329, -15.391950607834247 ], [ -71.01988198076873, -15.373258983315395 ], [ -71.006118981006125, -15.335227358156033 ], [ -70.985113355896601, -15.316676607939087 ], [ -70.959058211067543, -15.319051535799701 ], [ -70.950032231002638, -15.300370607817229 ], [ -70.95490785601271, -15.28686185808823 ], [ -70.974393606179945, -15.274151733315819 ], [ -70.98528060641479, -15.249029608129888 ], [ -70.962502481404329, -15.215636857854633 ], [ -70.982009730764446, -15.149451983022573 ], [ -70.978641856036802, -15.111367858140113 ], [ -70.994138855723577, -15.094801857719517 ], [ -70.993383480962848, -15.035814857969285 ], [ -71.00420635593855, -14.998656732622067 ], [ -71.004050105927604, -14.971877233347584 ], [ -70.984740355782776, -14.946068482974056 ], [ -70.995973355785679, -14.893905233139947 ], [ -70.991367855642011, -14.861269356795333 ], [ -70.996591856429006, -14.843943482305804 ], [ -70.994675481188494, -14.829898982152258 ], [ -70.978326605888128, -14.824154606649756 ], [ -70.983708980884728, -14.786031231755885 ], [ -70.974889605670739, -14.76633935697572 ], [ -70.981528606060294, -14.755488231596587 ], [ -71.013093480679572, -14.739693856686074 ], [ -71.027763480899864, -14.760074981774949 ], [ -71.035693855586942, -14.752117356730594 ], [ -71.053240481263174, -14.754330482165983 ], [ -71.089510356118012, -14.713188107445148 ], [ -71.08804298089882, -14.695701106820593 ], [ -71.110106981252159, -14.673537107251661 ], [ -71.118091730748745, -14.647949857200103 ], [ -71.109118480633356, -14.633950857346122 ], [ -71.073904855924297, -14.631446481969533 ], [ -71.031041981002602, -14.593262606983672 ], [ -71.01005310576619, -14.597541982376526 ], [ -71.020430730893452, -14.585345482008336 ], [ -71.014710355598368, -14.577978482221113 ], [ -70.999542855818106, -14.572301482127671 ], [ -70.97770323091936, -14.583021106838544 ], [ -70.966116480790902, -14.568335981820042 ], [ -70.99934885586498, -14.502638106963047 ], [ -70.986585356329101, -14.498717981949255 ], [ -70.987972605551249, -14.455320356649111 ], [ -70.962352980805406, -14.444538981788526 ], [ -70.985820856147541, -14.406725606801274 ], [ -70.97869160563306, -14.39448435706737 ], [ -70.986035981175576, -14.379762482152785 ], [ -70.970482480681881, -14.378283857314102 ], [ -70.96208498103698, -14.36116823172847 ], [ -70.929772731126604, -14.340878232244563 ], [ -70.912182106119246, -14.341473106798389 ], [ -70.913456856448704, -14.303319482308211 ], [ -70.892822731383887, -14.286671856720773 ], [ -70.890989356373666, -14.272714982010768 ], [ -70.879914605574527, -14.270434107048345 ], [ -70.882164980929076, -14.253465231934854 ], [ -70.899792605844027, -14.232986231829102 ], [ -70.894579730570058, -14.209108607376265 ], [ -70.882143855854224, -14.198785607070079 ], [ -70.889393480624619, -14.187038856757795 ], [ -70.886610105871625, -14.172314356722154 ], [ -70.867337980663251, -14.169561231565524 ], [ -70.846259730801876, -14.148899107008162 ], [ -70.821144480033695, -14.14114685744147 ], [ -70.806130105120189, -14.120320106587599 ], [ -70.80561023042776, -14.099284356887495 ], [ -70.79004298019936, -14.080968356704261 ], [ -70.79588285470993, -14.072119106911202 ], [ -70.817914730380437, -14.067582857263005 ], [ -70.829471730036289, -14.076336857160186 ], [ -70.831665979601212, -14.061521482430408 ], [ -70.849524106152558, -14.054171481628543 ], [ -70.860391106364432, -14.030841857265841 ], [ -70.853534605837353, -14.012859357173568 ], [ -70.840362231331881, -14.008167106626615 ], [ -70.852636105771637, -13.998196732293309 ], [ -70.846275605634673, -13.963541232242051 ], [ -70.809672854818359, -13.91226423190875 ], [ -70.814184230118087, -13.901128356888137 ], [ -70.830859605186618, -13.895075107430216 ], [ -70.825624729797426, -13.878053731694308 ], [ -70.832420355215163, -13.856872481579728 ], [ -70.854160605927177, -13.853548232065236 ], [ -70.875135856434611, -13.838986107322967 ], [ -70.879315980847821, -13.815672606005933 ], [ -70.853926480922325, -13.798604980835137 ], [ -70.849082855589302, -13.815299230874757 ], [ -70.828399980075005, -13.82762998203799 ], [ -70.767729980054469, -13.814379980751482 ], [ -70.732219980167883, -13.823449981731244 ], [ -70.709189980233361, -13.843149981886086 ], [ -70.698858230422957, -13.803167605800297 ], [ -70.713863979938708, -13.772801355697936 ], [ -70.7220914798379, -13.770641980942628 ], [ -70.71870210501811, -13.764901855636083 ], [ -70.735375730005899, -13.735299355680695 ], [ -70.735866855171196, -13.712450355999067 ], [ -70.721235104916104, -13.700155605596649 ], [ -70.715128854812747, -13.662253981036372 ], [ -70.689519979663316, -13.652593105687231 ], [ -70.662806979858203, -13.660567105587404 ], [ -70.616190855423611, -13.609062481448291 ], [ -70.58860422990125, -13.598584481188823 ], [ -70.577870105420971, -13.585841105782379 ], [ -70.543625480431558, -13.577635230981059 ], [ -70.546597729901293, -13.549843355886139 ], [ -70.538873604832929, -13.531256730813425 ], [ -70.488794729892845, -13.500380730586187 ], [ -70.45261797983585, -13.447918356347031 ], [ -70.471826979831235, -13.439927980691721 ], [ -70.442645980427642, -13.395405480678335 ], [ -70.451115854812826, -13.36516973119808 ], [ -70.419825355255909, -13.358553730969845 ], [ -70.399500355057285, -13.371643606167424 ], [ -70.392731104956511, -13.34477185623615 ], [ -70.402502605011193, -13.32941048060917 ], [ -70.395598729997346, -13.316665481027087 ], [ -70.368057479768822, -13.307072481110083 ], [ -70.345846604836879, -13.312746106047882 ], [ -70.346648104926089, -13.295187230706063 ], [ -70.370837480265436, -13.276411355899313 ], [ -70.405352355127036, -13.269408480816708 ], [ -70.422954979788472, -13.254719105602192 ], [ -70.416308854969657, -13.242607106432786 ], [ -70.390626480028004, -13.232108481121486 ], [ -70.38446385502283, -13.204735855575223 ], [ -70.385576855087777, -13.167038980564428 ], [ -70.401227104647148, -13.153229981378502 ], [ -70.389662104622403, -13.131538356110184 ], [ -70.409040605239682, -13.13885973059206 ], [ -70.417695105045027, -13.133089980718012 ], [ -70.404406729686798, -13.126084606419397 ], [ -70.402868104779145, -13.11441285596851 ], [ -69.649859979254586, -13.341719980792448 ], [ -68.871873228866377, -13.003925856393096 ], [ -68.87115735412857, -13.01860560616376 ], [ -68.853175604070827, -13.015900481422022 ], [ -68.866781228770662, -13.030878605563146 ], [ -68.851663853603895, -13.032449981081697 ], [ -68.850112354001908, -13.047985105728003 ], [ -68.863001853952369, -13.04742810612214 ], [ -68.854170104067009, -13.059860105659311 ], [ -68.86910847907302, -13.081501856325588 ], [ -68.859799353757126, -13.095664480631228 ], [ -68.866383354308311, -13.110980730975882 ], [ -68.859242479157047, -13.113288106261052 ], [ -68.873106604086445, -13.113089231083109 ], [ -68.86596572893518, -13.119295356295595 ], [ -68.878019729027244, -13.136202856276725 ], [ -68.867696103692197, -13.134392856445118 ], [ -68.869904228896985, -13.148933356089458 ], [ -68.85808872901157, -13.150524605725934 ], [ -68.870858978858735, -13.168028981252462 ], [ -68.856795853745609, -13.169958481198876 ], [ -68.861132104063302, -13.183484480824063 ], [ -68.872131979107508, -13.181356105699649 ], [ -68.852220854109078, -13.210695731123053 ], [ -68.854667478621195, -13.216881981318352 ], [ -68.861390729298705, -13.212446230908768 ], [ -68.862743353722749, -13.225017480572205 ], [ -68.853795853895519, -13.222090606396307 ], [ -68.85752722919824, -13.235006980787489 ], [ -68.845287478634191, -13.246693106001999 ], [ -68.85951585417331, -13.255960106173916 ], [ -68.852914228708642, -13.261393105807144 ], [ -68.859331353758932, -13.267195231274854 ], [ -68.849018853936911, -13.269614481323231 ], [ -68.861914604175581, -13.271275230567369 ], [ -68.85691222871634, -13.293991356315985 ], [ -68.868400353793277, -13.299826230596011 ], [ -68.859406228614546, -13.312287105565417 ], [ -68.878787854375958, -13.329377980909044 ], [ -68.868025353587143, -13.333501981331324 ], [ -68.878998104179118, -13.344402356283695 ], [ -68.867001979058045, -13.350767605740373 ], [ -68.875367229014387, -13.353882856408632 ], [ -68.868796854091499, -13.359242231243911 ], [ -68.888462853577778, -13.37191210595887 ], [ -68.883156104370698, -13.381406230812843 ], [ -68.891677729343712, -13.38318560603085 ], [ -68.884581978575397, -13.393097606269464 ], [ -68.894697354199479, -13.401709355902028 ], [ -68.885327978803161, -13.404436105741638 ], [ -68.89774997877845, -13.413263731336087 ], [ -68.889486354011979, -13.435396481262558 ], [ -68.900519478790898, -13.435220731251718 ], [ -68.898796854391264, -13.446712855613725 ], [ -68.905998103729473, -13.437068231013996 ], [ -68.89607622893476, -13.461259730552058 ], [ -68.905990229265626, -13.456671856221135 ], [ -68.90144335412748, -13.470449230747363 ], [ -68.908331979337333, -13.469539106044863 ], [ -68.905482479233001, -13.475386730912874 ], [ -68.916757729385665, -13.484271106426377 ], [ -68.907429229075603, -13.489089105577705 ], [ -68.921944729365748, -13.510103731102276 ], [ -68.914543478898395, -13.512543481196644 ], [ -68.919337853758918, -13.525328105807375 ], [ -68.922067728742661, -13.517279481063156 ], [ -68.935168604447483, -13.529088730660362 ], [ -68.940827103687866, -13.522281855623078 ], [ -68.935619603661735, -13.534747230800008 ], [ -68.949515604161775, -13.55153323057408 ], [ -68.945804728905102, -13.568577980589282 ], [ -68.958058604221151, -13.589812481360866 ], [ -68.952472603827573, -13.604400356391295 ], [ -68.972236354224322, -13.60139060609157 ], [ -68.972435604419559, -13.611107481325178 ], [ -69.005044978642786, -13.624119105612181 ], [ -68.990203103590318, -13.634894481095387 ], [ -68.995789103983896, -13.652390606241454 ], [ -69.020329229310448, -13.657632856071416 ], [ -69.025048854321142, -13.650749981126694 ], [ -69.033003854244441, -13.65386135571697 ], [ -69.03559372906733, -13.640482480681897 ], [ -69.046845729047106, -13.644996106085387 ], [ -69.063192104232201, -13.659405855995431 ], [ -69.067242228945645, -13.68675198121889 ], [ -69.035501979332821, -13.716201106295955 ], [ -69.025947229381075, -13.739292981385915 ], [ -69.007759728828376, -13.738501480858588 ], [ -68.974459979244614, -13.760589981442422 ], [ -68.980359978829938, -13.782979980641528 ], [ -68.992387728610765, -13.778046855677815 ], [ -68.994230104036035, -13.787512356010382 ], [ -68.974282729164599, -13.796173106103936 ], [ -68.958591603619595, -13.790498106102689 ], [ -68.917235603939957, -13.814172356069321 ], [ -68.92307035411352, -13.828039857053739 ], [ -68.941050479096305, -13.839539731773129 ], [ -68.950964978550871, -13.878670357251167 ], [ -68.972800854176057, -13.882187231655394 ], [ -68.982527603965707, -13.894712356889727 ], [ -68.982834728739704, -13.930081856592381 ], [ -68.96330110406268, -13.948669606716919 ], [ -68.978893228639549, -13.976530107278563 ], [ -68.954011853763973, -14.005277982392954 ], [ -68.946289478776407, -14.004518981565695 ], [ -68.936339853601339, -14.02634573177005 ], [ -68.917941354110155, -14.027351607290825 ], [ -68.909048854121295, -14.040419982396202 ], [ -68.890320353801258, -14.046605481657593 ], [ -68.879429979310032, -14.06466998193406 ], [ -68.884049979223107, -14.083919982021484 ], [ -68.875279978588082, -14.086789982171922 ], [ -68.871129978765453, -14.111059981732751 ], [ -68.849259979264616, -14.138299981558873 ], [ -68.833289979349047, -14.14486998236373 ], [ -68.833699979370522, -14.153939982444172 ], [ -68.846249978953324, -14.153029981848135 ], [ -68.856179979122714, -14.162669982133934 ], [ -68.846309979022294, -14.196939982394213 ], [ -68.826759978590076, -14.215609981815135 ], [ -68.962406229164117, -14.220054731740447 ], [ -68.968937479081376, -14.235234357079889 ], [ -68.985005729031116, -14.237115231582607 ], [ -68.988395103850905, -14.250430232269366 ], [ -68.979248728845732, -14.265625482430039 ], [ -69.005176354305263, -14.290865856773848 ], [ -69.015243353597839, -14.314709232345137 ], [ -68.985406603631816, -14.37466335672849 ], [ -69.004013228727501, -14.391165231889886 ], [ -69.005263728837974, -14.404343731677841 ], [ -69.024810729131787, -14.406808482025781 ], [ -69.028384104342877, -14.424818856604929 ], [ -69.050382354362114, -14.429128106576798 ], [ -69.061229728668991, -14.442538482165162 ], [ -69.081949229073643, -14.444439481696691 ], [ -69.097482728644991, -14.485722481607183 ], [ -69.112524603927284, -14.486149982435677 ], [ -69.118292978737941, -14.507893607404014 ], [ -69.154032479315447, -14.521617607166775 ], [ -69.143541604361531, -14.530258232231574 ], [ -69.150030354117519, -14.580314232016121 ], [ -69.179247604293437, -14.590522232415026 ], [ -69.221352479333405, -14.581787981629986 ], [ -69.231013728800519, -14.608733857281663 ], [ -69.227901229158363, -14.654161106749655 ], [ -69.244902978989273, -14.661326857148708 ], [ -69.258372978729938, -14.683976731640826 ], [ -69.224870603795296, -14.739024732305495 ], [ -69.239939979446433, -14.75947373192713 ], [ -69.270851603618553, -14.769570356686586 ], [ -69.301203728968858, -14.765298981662625 ], [ -69.353796853841686, -14.801665732387619 ], [ -69.356789979274083, -14.851979982390219 ], [ -69.34387135387982, -14.882726857058742 ], [ -69.353836478870392, -14.924407983241792 ], [ -69.364587854146123, -14.930980483262658 ], [ -69.36056997912118, -14.961059982731967 ], [ -69.323239978941842, -15.004589982841367 ], [ -69.31435997863008, -15.041229982677521 ], [ -69.299519978664023, -15.047369983437932 ], [ -69.304099979430475, -15.053629983436963 ], [ -69.290119978654047, -15.074709983378966 ], [ -69.292449979083244, -15.083739983413466 ], [ -69.285929978785475, -15.083129983162166 ], [ -69.284649979113226, -15.096469983203122 ], [ -69.272689978859376, -15.103479982714987 ], [ -69.277285229429765, -15.109902107995822 ], [ -69.268429979360008, -15.104339982803936 ], [ -69.265610978863549, -15.117240858278933 ], [ -69.262572979059712, -15.109715358377059 ], [ -69.243463229144652, -15.112206108125349 ], [ -69.243935479338859, -15.121849232655904 ], [ -69.236239978791957, -15.119689982906323 ], [ -69.22960997881745, -15.13215998329656 ], [ -69.190759978690039, -15.158569982618531 ], [ -69.154009979177147, -15.215109982839408 ], [ -69.131779979262603, -15.233439982768971 ], [ -69.131819979308545, -15.245869983113209 ], [ -69.119679978847898, -15.259319982830903 ], [ -69.137339979356511, -15.255149982985301 ], [ -69.15215997929954, -15.268889982586586 ], [ -69.176296103981997, -15.261359733364941 ], [ -69.17796985382563, -15.279176483008257 ], [ -69.19348785358153, -15.295820982552243 ], [ -69.194792729400888, -15.315039232974186 ], [ -69.206563979044347, -15.324252108348048 ], [ -69.215641603577126, -15.317158107660475 ], [ -69.2485583543845, -15.370808982748315 ], [ -69.260329479022175, -15.374036358191347 ], [ -69.249846978555183, -15.426719232706375 ], [ -69.232334603559082, -15.441795857792556 ], [ -69.240826603964535, -15.460393483372513 ], [ -69.253511354365457, -15.469192607652701 ], [ -69.290071729126964, -15.436879607707681 ], [ -69.311724854418458, -15.472966233105126 ], [ -69.300582979121145, -15.486346858220884 ], [ -69.313383353558891, -15.492526358104897 ], [ -69.308859853599301, -15.505129858356213 ], [ -69.331464478702685, -15.537979232855264 ], [ -69.391109729130676, -15.507250983146321 ], [ -69.374839478858803, -15.491466232780397 ], [ -69.377084728977024, -15.482022108433512 ], [ -69.36788872938132, -15.496190858021635 ], [ -69.372590853584995, -15.502537733429619 ], [ -69.361847353672374, -15.499208982808284 ], [ -69.36307885380603, -15.514148357860392 ], [ -69.350020474665143, -15.510837678216205 ], [ -69.359098728723325, -15.502749733313522 ], [ -69.358370979337167, -15.482933733205186 ], [ -69.376110479015381, -15.471496232764878 ], [ -69.398156978561644, -15.482723733413536 ], [ -69.433074479003949, -15.478307483003903 ], [ -69.432201104197588, -15.486703982602648 ], [ -69.414988978658414, -15.497976732640041 ], [ -69.432143979261184, -15.505596983314092 ], [ -69.441814479154857, -15.491095232758767 ], [ -69.435724478901534, -15.477270982869527 ], [ -69.440323603751267, -15.462557608346913 ], [ -69.45976960388407, -15.453290358163429 ], [ -69.477371104392887, -15.4261854832734 ], [ -69.499051104125101, -15.413790232732993 ], [ -69.497444353773858, -15.404905233090005 ], [ -69.512387478998903, -15.407395982838295 ], [ -69.531697104138004, -15.386796982594603 ], [ -69.516142228580918, -15.378674608046651 ], [ -69.522110853632967, -15.369968107642023 ], [ -69.540442228625921, -15.379635733302393 ], [ -69.553221228876566, -15.376014482682194 ], [ -69.56658972933252, -15.347564607820345 ], [ -69.573224728638252, -15.350937982801611 ], [ -69.568246229280021, -15.362301108409383 ], [ -69.578622354338165, -15.361888733278363 ], [ -69.589051729153937, -15.373046233396906 ], [ -69.622278978991631, -15.344360857567494 ], [ -69.629390478687583, -15.346292482611943 ], [ -69.623269228791855, -15.353481358178101 ], [ -69.634253103997537, -15.353219982815915 ], [ -69.629799728674527, -15.343708108042733 ], [ -69.640519979313581, -15.334199233407844 ], [ -69.63085910396444, -15.336966358310747 ], [ -69.630129728604061, -15.330719608023458 ], [ -69.653868103829893, -15.297891357699939 ], [ -69.633350228730023, -15.312993858080063 ], [ -69.643944103937201, -15.295898108410938 ], [ -69.641850478616675, -15.282575108254605 ], [ -69.668294728618775, -15.274800482656076 ], [ -69.668702853553782, -15.268198983096568 ], [ -69.655116103825094, -15.269221857602588 ], [ -69.677423853727817, -15.243037107876205 ], [ -69.689333479356549, -15.25466198296408 ], [ -69.68671735422248, -15.237945482797727 ], [ -69.709249728691987, -15.233036358041431 ], [ -69.718129729003749, -15.243871107665427 ], [ -69.735574853596574, -15.241336482692475 ], [ -69.740021853625592, -15.257316358063406 ], [ -69.749768354326079, -15.249797107550421 ], [ -69.759302729237504, -15.25740660772874 ], [ -69.746692603680685, -15.260355232907614 ], [ -69.749006354259791, -15.271659982622054 ], [ -69.734548978952205, -15.270925982947688 ], [ -69.740628978744326, -15.274655108146703 ], [ -69.740601229263291, -15.279244108428827 ], [ -69.723976603837173, -15.278070108248869 ], [ -69.726718729385823, -15.272901483216856 ], [ -69.714454103573985, -15.277926107903511 ], [ -69.699168853759545, -15.309943732717045 ], [ -69.722546104419166, -15.307452607951461 ], [ -69.724410229048772, -15.296504482595765 ], [ -69.750942978635521, -15.283203607560381 ], [ -69.758392478629958, -15.297730983398139 ], [ -69.751663353580852, -15.302652482825749 ], [ -69.773868730057814, -15.306071733123929 ], [ -69.773703354626093, -15.319058233050953 ], [ -69.781199479971974, -15.319887607626924 ], [ -69.793969229796062, -15.299012983162584 ], [ -69.816299354831301, -15.287595232733736 ], [ -69.814963855297663, -15.274082232808723 ], [ -69.830579230047363, -15.282099607910538 ], [ -69.818419979598332, -15.306799983432427 ], [ -69.836792104671872, -15.278893982571219 ], [ -69.838600105310547, -15.285580233341022 ], [ -69.847066230422172, -15.283503982922412 ], [ -69.844410105242105, -15.293686733056234 ], [ -69.8573307298293, -15.291885482728787 ], [ -69.856072730272217, -15.302694482964 ], [ -69.867070980241522, -15.302615982941234 ], [ -69.86922322966825, -15.290209107764042 ], [ -69.88011072992623, -15.301388357986298 ], [ -69.894893275804009, -15.295082206578513 ], [ -69.875644354903045, -15.309050857910734 ], [ -69.889591855080027, -15.302385233091968 ], [ -69.902705604579921, -15.303081732835665 ], [ -69.895753355033264, -15.307722607812082 ], [ -69.901223854597163, -15.315450983076346 ], [ -69.895432354619459, -15.324601983294826 ], [ -69.889873354571591, -15.321045232951121 ], [ -69.889570229982098, -15.331592982829875 ], [ -69.863772480115813, -15.336815482648376 ], [ -69.86834248042112, -15.340973857857193 ], [ -69.856927980142132, -15.347443857647875 ], [ -69.892651980004814, -15.340973607845683 ], [ -69.873939480422621, -15.351336733203652 ], [ -69.880080730341376, -15.355731857639057 ], [ -69.874046729972576, -15.3564509834261 ], [ -69.871689230073855, -15.366896983109257 ], [ -69.8441914800527, -15.352999608445145 ], [ -69.849451104784634, -15.346000357630373 ], [ -69.847211729937328, -15.341807357623395 ], [ -69.838926855090278, -15.339608482845165 ], [ -69.842568729862933, -15.337076107975975 ], [ -69.845274979656551, -15.331796108203775 ], [ -69.844868104779152, -15.33026160758709 ], [ -69.836589355214528, -15.338925607830504 ], [ -69.846458230263067, -15.344855107876867 ], [ -69.839431980001848, -15.349611982806721 ], [ -69.806930480357323, -15.34510160755309 ], [ -69.791124854928057, -15.351904858322484 ], [ -69.79966347978575, -15.358000482935893 ], [ -69.823677105114257, -15.355418982599929 ], [ -69.839479230382153, -15.367745857685122 ], [ -69.860545604695858, -15.3615711080202 ], [ -69.873860480376834, -15.377161608421432 ], [ -69.876120105258622, -15.359889482813344 ], [ -69.904773479612345, -15.355740233025301 ], [ -69.906492229732578, -15.367422358055308 ], [ -69.92097148014966, -15.366425607955421 ], [ -69.914325480336629, -15.37080773269065 ], [ -69.925527354803535, -15.384261732592847 ], [ -69.923199480371693, -15.365957982974464 ], [ -69.9271144801491, -15.37482985791155 ], [ -69.932854729562052, -15.361115607699105 ], [ -69.927904854725227, -15.384657857873776 ], [ -69.942982104840212, -15.396931733212853 ], [ -69.932189230348683, -15.411512857931996 ], [ -69.937585855103066, -15.415259858055947 ], [ -69.917217354697129, -15.439006357757137 ], [ -69.922283480398278, -15.454388233430166 ], [ -69.896937604786615, -15.494627732883544 ], [ -69.896315479875454, -15.484642232852707 ], [ -69.893125605262412, -15.478815733059605 ], [ -69.895829979969562, -15.495499357609219 ], [ -69.864413980021141, -15.534931357596008 ], [ -69.860438105134392, -15.557607233287115 ], [ -69.849256979825725, -15.560813232744465 ], [ -69.81067960467999, -15.60767223258739 ], [ -69.816144479883803, -15.619286858101987 ], [ -69.80736497971003, -15.625122358310136 ], [ -69.813539480262762, -15.634413107778641 ], [ -69.804603230054965, -15.653972982766902 ], [ -69.792539730424153, -15.662866357796133 ], [ -69.782322104581397, -15.661336483292018 ], [ -69.78061422996268, -15.653189357602741 ], [ -69.770900729884715, -15.658185232762264 ], [ -69.761076229184596, -15.681808608080757 ], [ -69.775902605320937, -15.682191732762192 ], [ -69.798036855316582, -15.667227608367398 ], [ -69.802977729738416, -15.674782357819538 ], [ -69.743764479447123, -15.72283698294035 ], [ -69.752836353714713, -15.729740482936904 ], [ -69.790087854770661, -15.72606898269737 ], [ -69.820693230108418, -15.70757698339105 ], [ -69.850538854584443, -15.675705233109966 ], [ -69.844790229785247, -15.639575733433333 ], [ -69.854874229861764, -15.625002733189547 ], [ -69.880883855505488, -15.607547107213179 ], [ -69.906354980597825, -15.565198981747585 ], [ -69.943225104355065, -15.556506606994276 ], [ -69.939133355419983, -15.565990107257619 ], [ -69.927286979110761, -15.560730733436571 ], [ -69.915140604255441, -15.568760358203917 ], [ -69.929553603416025, -15.570904732267536 ], [ -69.924699105279444, -15.576553482856923 ], [ -69.933164980379502, -15.588856107723132 ], [ -69.927160352767999, -15.58288723265963 ], [ -69.917559478387204, -15.591397732119617 ], [ -69.931117855404636, -15.617756481776155 ], [ -69.918295478153766, -15.612551106848059 ], [ -69.916318229602552, -15.628398733314839 ], [ -69.925589729981994, -15.630395232753756 ], [ -69.92627147994483, -15.64454373320666 ], [ -69.939253104647037, -15.652823607823223 ], [ -69.94824997995255, -15.675033107691718 ], [ -69.958555355345311, -15.663716483328983 ], [ -69.967371105392147, -15.665447483114804 ], [ -69.961704229866257, -15.67918535761811 ], [ -69.962593105387441, -15.679747608365403 ], [ -69.966008729619148, -15.677880982721149 ], [ -69.968137604766582, -15.678084608118127 ], [ -69.955083480318308, -15.687424733064915 ], [ -69.963538354911122, -15.687586858346776 ], [ -69.956015730141814, -15.688286983257626 ], [ -69.964375479844477, -15.691704732587311 ], [ -69.964867980073166, -15.701523483022299 ], [ -69.974893855167238, -15.70527698344597 ], [ -69.999469980355286, -15.686832732744392 ], [ -70.018268605311846, -15.691671232841088 ], [ -70.034179730210326, -15.722627608177504 ], [ -70.023851354656244, -15.742205483096541 ], [ -70.035961229626992, -15.754191107733391 ], [ -70.024104604643753, -15.786879732913292 ], [ -70.012449229947947, -15.794127232585652 ], [ -70.00529135491206, -15.789357982984484 ], [ -69.988717105010323, -15.818763982871474 ], [ -70.018259729902582, -15.829698982621892 ], [ -70.015081229914813, -15.850703232668025 ], [ -69.995013979911221, -15.864001357576569 ], [ -69.963699480146829, -15.850638108262046 ], [ -69.922155854908738, -15.873203608359802 ], [ -69.920791229931297, -15.880445608078313 ], [ -69.89179710515225, -15.882220982812044 ], [ -69.860984355143842, -15.932091858952106 ], [ -69.845371352805671, -15.933174357610483 ], [ -69.846241103344198, -15.909532356433033 ], [ -69.836025106173679, -15.923353733887666 ], [ -69.833747230450285, -15.910183607687316 ], [ -69.815610851859276, -15.910693357812193 ], [ -69.808257980421445, -15.922089358137328 ], [ -69.787757603430634, -15.921256983423007 ], [ -69.784142104874206, -15.928112231194461 ], [ -69.777649229028668, -15.916721982933097 ], [ -69.782463479805699, -15.8922469829119 ], [ -69.797737348699627, -15.893673855364113 ], [ -69.794580854223, -15.88631448272713 ], [ -69.804639229916461, -15.885927357861249 ], [ -69.797827854671709, -15.881420857786338 ], [ -69.808253353409498, -15.869069358364129 ], [ -69.817293479810189, -15.88199998341247 ], [ -69.822462480758816, -15.877146481724708 ], [ -69.815433479471437, -15.868270983419109 ], [ -69.826642230154732, -15.86848948270341 ], [ -69.826626105310481, -15.859635482691317 ], [ -69.834510104657568, -15.860075358191182 ], [ -69.836500229701812, -15.868707108746037 ], [ -69.84944960471546, -15.861403857402024 ], [ -69.842834103610926, -15.808184608332965 ], [ -69.828913230561113, -15.787053107814643 ], [ -69.805562105206945, -15.783390232073486 ], [ -69.796249104712388, -15.808281608309528 ], [ -69.765875853387911, -15.833078607891423 ], [ -69.779451355295748, -15.856033232947311 ], [ -69.763177603063866, -15.908365233368784 ], [ -69.758820228570642, -15.912529982972274 ], [ -69.756770979397118, -15.900796108253758 ], [ -69.740620352447252, -15.919185107306816 ], [ -69.735762728267275, -15.901492483890991 ], [ -69.725305853082602, -15.914545608293167 ], [ -69.712470728841026, -15.920722608061851 ], [ -69.700790477998112, -15.920158358121682 ], [ -69.684169104520493, -15.951789483098139 ], [ -69.664379603835584, -15.969584108519769 ], [ -69.654852727471336, -15.967088732658851 ], [ -69.622905729116042, -15.988046359152122 ], [ -69.61006547154426, -15.983301601687515 ], [ -69.598333229095203, -15.990226483964989 ], [ -69.557370853681903, -15.975356109396898 ], [ -69.545229354051401, -15.981747359153246 ], [ -69.537063354290353, -15.976086608909839 ], [ -69.498528229294323, -15.999709359199528 ], [ -69.496252978691984, -16.014779608991716 ], [ -69.478907354190994, -16.004099234292198 ], [ -69.476203853624895, -16.018125608609921 ], [ -69.462230979076367, -16.017456484229342 ], [ -69.473821479377705, -16.005303859085757 ], [ -69.507077978765665, -15.98265810888455 ], [ -69.557385604362139, -15.962501858374026 ], [ -69.623308843028667, -15.959733862927408 ], [ -69.629268845380864, -15.967908106773677 ], [ -69.63268822068477, -15.958887987590515 ], [ -69.672010979123343, -15.959972607749592 ], [ -69.682216226697449, -15.945105233319794 ], [ -69.689260603693867, -15.930194857806384 ], [ -69.688520726050626, -15.913493100226333 ], [ -69.685361852867175, -15.936487733422098 ], [ -69.671739355087141, -15.956604608016221 ], [ -69.562660853915247, -15.959456608235826 ], [ -69.531061353598545, -15.969325484183685 ], [ -69.483854353895254, -15.993524984090698 ], [ -69.4517354789092, -15.99361048443626 ], [ -69.423161228707727, -16.047037359086801 ], [ -69.425539728675517, -16.077522734286731 ], [ -69.430752353937919, -16.095051109121357 ], [ -69.445078603594652, -16.112478858812267 ], [ -69.452809978997266, -16.114427233729828 ], [ -69.431762353749605, -16.080361233883764 ], [ -69.434620229240124, -16.053157358924921 ], [ -69.455291604224101, -16.045696234293757 ], [ -69.438955978635477, -16.054191233938241 ], [ -69.446871354429447, -16.062656734021004 ], [ -69.455572228675351, -16.060688234074689 ], [ -69.450642853884574, -16.07757360893487 ], [ -69.456120103759758, -16.090681734074735 ], [ -69.468682978936272, -16.094306608962768 ], [ -69.469478353743, -16.112616483863576 ], [ -69.491762354349135, -16.124246734199403 ], [ -69.489477604208048, -16.132330233753237 ], [ -69.505476853673827, -16.143738608749743 ], [ -69.491934729204331, -16.160307734314415 ], [ -69.505043979396078, -16.174877859425635 ], [ -69.510671479005509, -16.157933483643319 ], [ -69.516592353654175, -16.160650358926887 ], [ -69.512759854083981, -16.189045233950367 ], [ -69.494324228780101, -16.20806135904445 ], [ -69.472713853661389, -16.19821410909384 ], [ -69.459962728796881, -16.202066108663928 ], [ -69.43385510402976, -16.18054623412138 ], [ -69.404010853717864, -16.190398109285297 ], [ -69.389008479357813, -16.180118234169129 ], [ -69.383629728629046, -16.191028358671758 ], [ -69.400396854331348, -16.199367359216183 ], [ -69.399387978672223, -16.206900983593471 ], [ -69.375607104184496, -16.235581109180771 ], [ -69.355226354112915, -16.251061984023295 ], [ -69.294721228601759, -16.254103358982775 ], [ -69.295104229176786, -16.260386609154637 ], [ -69.286666978598134, -16.259319859423954 ], [ -69.29023560359019, -16.271376108720403 ], [ -69.282053854002129, -16.286874984392966 ], [ -69.25748397910229, -16.300094109255667 ], [ -69.257770728836022, -16.285827733762858 ], [ -69.24599285388706, -16.284787609360649 ], [ -69.237513604069534, -16.273260109266573 ], [ -69.246380603781802, -16.270800734166528 ], [ -69.234780478935932, -16.261897983704955 ], [ -69.208868979219972, -16.267492358585457 ], [ -69.148298854308621, -16.25426610929344 ], [ -69.114716229270527, -16.237274359024411 ], [ -69.097311228830108, -16.243817858607258 ], [ -69.102503604058029, -16.224132984149833 ], [ -69.081535728890742, -16.221381859085454 ], [ -69.055258854412557, -16.197361609350764 ], [ -69.012763979374085, -16.219761609011016 ], [ -69.006974228577747, -16.205356609320006 ], [ -68.98433585371663, -16.190107234361335 ], [ -68.956710854122605, -16.196456984002566 ], [ -68.965448104146674, -16.218750609153233 ], [ -68.958744479374161, -16.22679673378218 ], [ -68.970122603875041, -16.230231108878513 ], [ -68.96616147607125, -16.240098983880955 ], [ -68.978103479092226, -16.235382859031688 ], [ -68.970015604336652, -16.241527452629782 ], [ -68.978035853671656, -16.260943983777793 ], [ -68.98385347895487, -16.265366108559022 ], [ -68.988131354278551, -16.25843885926588 ], [ -68.995895354387073, -16.273705609126523 ], [ -68.999999978915866, -16.274380233760724 ], [ -69.006466603550848, -16.271388109273801 ], [ -68.990488729171489, -16.236320609108759 ], [ -69.006778604448982, -16.260105983804067 ], [ -69.02663847888266, -16.263829358737894 ], [ -69.031364729198856, -16.274708483609572 ], [ -69.055071853882907, -16.249058109244288 ], [ -69.076689354330199, -16.259480233725753 ], [ -69.078126854071002, -16.275927359060347 ], [ -69.050006729127233, -16.283111859424707 ], [ -69.021958728912182, -16.331905983574245 ], [ -69.030822854391204, -16.375776609103184 ], [ -69.023138354351545, -16.403941609317769 ], [ -69.036222229272425, -16.409348108628251 ], [ -69.046614479174821, -16.434652484124797 ], [ -69.055287228922452, -16.432549859288542 ], [ -69.066035729065618, -16.452398859120024 ], [ -69.091828103684009, -16.47016023390762 ], [ -69.098495728594969, -16.490713358834398 ], [ -69.097915228804709, -16.49786535859937 ], [ -69.081330729329636, -16.498675484086277 ], [ -69.067667978794134, -16.531241484007239 ], [ -69.036773853630393, -16.559903483758717 ], [ -69.031302729037691, -16.60580860868032 ], [ -69.017050729207767, -16.638152359143987 ], [ -68.996101604005787, -16.656576233906037 ], [ -69.04345997939447, -16.687839984028017 ], [ -69.05520997895735, -16.686649984009534 ], [ -69.10452347867556, -16.712458984394573 ], [ -69.13643560401988, -16.713540983929192 ], [ -69.170013728850449, -16.727535108558357 ], [ -69.18618747916878, -16.79755473396375 ], [ -69.197533228975317, -16.79924023434927 ], [ -69.219244729260822, -16.836130984057604 ], [ -69.253397603616463, -16.860994359002405 ], [ -69.304674978967057, -16.915840984373858 ], [ -69.324585663297682, -16.951542350099317 ], [ -69.320081979000065, -16.960753234374238 ], [ -69.335429478987237, -16.980264858936039 ], [ -69.369009978927352, -16.990409984133407 ], [ -69.393579978832918, -17.020569983717735 ], [ -69.373089979119186, -17.048309985017738 ], [ -69.373738854364603, -17.073123360354771 ], [ -69.406268479406776, -17.100289485371434 ], [ -69.432917228946906, -17.109863985334584 ], [ -69.449129354236277, -17.097750735208194 ], [ -69.511849354364188, -17.146170860097072 ], [ -69.556901728631829, -17.159275110058218 ], [ -69.573309978972304, -17.185429985205587 ], [ -69.568996728815932, -17.193996984573118 ], [ -69.579759978740015, -17.208129985210576 ], [ -69.60114997858858, -17.216499985385951 ], [ -69.615979478969734, -17.261279234648896 ], [ -69.628289979199167, -17.273539985282071 ], [ -69.636329979444952, -17.271179985268077 ], [ -69.641319979333559, -17.287449984629063 ], [ -69.655439979371522, -17.270749985223574 ], [ -69.682929979035237, -17.278739984962272 ], [ -69.695249978803417, -17.274389984909817 ], [ -69.731069978596622, -17.295469984851877 ], [ -69.761839979331569, -17.280439985117198 ], [ -69.765289979249076, -17.263359985275031 ], [ -69.788249979552859, -17.236439984917297 ], [ -69.798729979904635, -17.232009984772958 ], [ -69.85077997991209, -17.24407998470349 ], [ -69.875539979586335, -17.222319984879334 ], [ -69.898629979589828, -17.220909984608056 ], [ -69.9427999804347, -17.197839984627535 ], [ -69.967959979669274, -17.178519984909315 ], [ -69.972279980136932, -17.166009985372455 ], [ -69.981363979963646, -17.16862248533937 ], [ -69.987629980239376, -17.151419985244104 ], [ -70.013942105443789, -17.141014484730647 ], [ -70.025131855250891, -17.122181484987493 ], [ -70.040330479667887, -17.127678984897216 ], [ -70.046799980334811, -17.099429985305505 ], [ -70.042339979706242, -17.058709985277574 ], [ -70.099637979808904, -17.006009234038856 ], [ -70.095770230411745, -16.985226109297457 ], [ -70.118436104742386, -16.971145234265123 ], [ -70.129260354781536, -16.948623234374736 ], [ -70.145587604983916, -16.942688359080478 ], [ -70.116349729756166, -16.922163483657812 ], [ -70.105597480339384, -16.897263733834222 ], [ -70.094278854985134, -16.890924858795131 ], [ -70.090313854700582, -16.810854733958763 ], [ -70.057816355240561, -16.787812484358597 ], [ -70.05712497983393, -16.770164109386087 ], [ -70.032208605142955, -16.752924859394682 ], [ -70.035541980078278, -16.742889733874051 ], [ -70.010213980290928, -16.741339484329671 ], [ -69.995563105053236, -16.729775984374157 ], [ -69.996910355128762, -16.710258108624771 ], [ -70.010107979899317, -16.700435358904656 ], [ -70.01176672995058, -16.688483859042833 ], [ -69.998390605042346, -16.675148359209345 ], [ -70.001471730036258, -16.656573983802275 ], [ -70.023698229789431, -16.626679733882554 ], [ -70.030635618039298, -16.63472372082299 ], [ -70.049867229688857, -16.628119108709825 ], [ -70.087845128449885, -16.655232233081051 ], [ -70.137832352580972, -16.628574734036704 ], [ -70.14876085562895, -16.615313359024242 ], [ -70.165705976949255, -16.613324109020368 ], [ -70.176243729964142, -16.594152983073684 ], [ -70.18155298018587, -16.528947734350425 ], [ -70.185386979825239, -16.537195984307175 ], [ -70.200494854553881, -16.539589734078902 ], [ -70.228666230062402, -16.506075733608156 ], [ -70.301169979910583, -16.478671859318808 ], [ -70.313401605099955, -16.468152983972971 ], [ -70.306313854700591, -16.447205608851732 ], [ -70.316735105041005, -16.444398608908614 ], [ -70.32505172955365, -16.417524983890871 ], [ -70.360887605078858, -16.410831358680241 ], [ -70.356553729870711, -16.400270609101256 ], [ -70.382256979875706, -16.385923734392804 ], [ -70.370595104880124, -16.368650483732779 ], [ -70.356603855383582, -16.367698733909378 ], [ -70.33949560513804, -16.326438859165989 ], [ -70.347826230296278, -16.29111135870221 ], [ -70.340280730371376, -16.270093233915588 ], [ -70.345134855289302, -16.25610198441899 ], [ -70.324068105058984, -16.219521358723682 ], [ -70.334596604949297, -16.201568109080938 ] ], [ [ -69.931034227447583, -15.617890105743754 ], [ -69.931034230145542, -15.617890108441713 ], [ -69.929244230336906, -15.618072232847226 ], [ -69.92477348011198, -15.620664107762309 ], [ -69.922302730386662, -15.621263608428762 ], [ -69.920058605320321, -15.623486358408684 ], [ -69.919212854989212, -15.623648482791225 ], [ -69.917785104798725, -15.624367232661598 ], [ -69.917775940995213, -15.624364197737959 ], [ -69.922302730386662, -15.621263607529443 ], [ -69.929244229437586, -15.618072232847226 ], [ -69.931034227447583, -15.617890105743754 ] ], [ [ -68.983222603640229, -16.226404358674188 ], [ -68.981902351212511, -16.229287108513176 ], [ -68.982658225996317, -16.228583984363354 ], [ -68.983222603640229, -16.226404358674188 ] ], [ [ -70.02289510462532, -16.624895109321812 ], [ -70.022804169220692, -16.624465453489698 ], [ -70.023698229789431, -16.626679733882554 ], [ -70.02289510462532, -16.624895109321812 ] ], [ [ -69.888313979606437, -15.205397107790247 ], [ -69.910695230200702, -15.195920857861267 ], [ -69.930907104679079, -15.149188357556625 ], [ -69.949646479601313, -15.151826357800132 ], [ -69.95553835471128, -15.174811233351704 ], [ -69.975039354682451, -15.153606108035433 ], [ -69.976659354745379, -15.126745482717808 ], [ -69.986849480219291, -15.121728858400047 ], [ -69.98858535522993, -15.108917233443549 ], [ -69.997157354828005, -15.140189358052396 ], [ -69.990262605234989, -15.168452233283915 ], [ -70.020887854690727, -15.149846358222817 ], [ -70.016324479690923, -15.144736608207836 ], [ -70.026218479998818, -15.145420608274378 ], [ -70.019382230405597, -15.158627607577955 ], [ -70.026235104866146, -15.158017358214465 ], [ -70.039166354943291, -15.126778108322981 ], [ -70.034243729564423, -15.118601733083494 ], [ -70.044133854693598, -15.110780733044351 ], [ -70.066898354975081, -15.120678482625806 ], [ -70.09274922959321, -15.146215608063812 ], [ -70.118343854984857, -15.149089858410207 ], [ -70.116164355200794, -15.167929982582564 ], [ -70.063912354871263, -15.193595232633811 ], [ -69.973837104998381, -15.204978358264555 ], [ -69.948623605095236, -15.220711108031139 ], [ -69.966458979698132, -15.195042982847326 ], [ -69.948844230376892, -15.209748857923387 ], [ -69.941978105305282, -15.203721232848579 ], [ -69.947795354671825, -15.197538982837727 ], [ -69.946677730293004, -15.192141983065994 ], [ -69.932137354755071, -15.222516982672573 ], [ -69.926602854937755, -15.209658233240816 ], [ -69.92400460472868, -15.218101983219924 ], [ -69.911293854927408, -15.210902983086157 ], [ -69.902742355375381, -15.218053107764661 ], [ -69.888313979606437, -15.205397107790247 ] ], [ [ -69.900317527911298, -15.510910404771057 ], [ -69.897580230643086, -15.511863107696229 ], [ -69.897066792398505, -15.511970357695816 ], [ -69.900317527911298, -15.510910404771057 ] ], [ [ -69.895700231180683, -15.512503607555402 ], [ -69.894231354992996, -15.514471233360666 ], [ -69.896126792667303, -15.512290607625403 ], [ -69.895700231180683, -15.512503607555402 ] ], [ [ -69.889889106197245, -15.518731607877328 ], [ -69.889006355958486, -15.519228180750554 ], [ -69.890160221642191, -15.518397055810416 ], [ -69.889889106197245, -15.518731607877328 ] ], [ [ -69.883538479529619, -15.524591858548805 ], [ -69.883538479717004, -15.52459185832754 ], [ -69.883546777172043, -15.524583955705072 ], [ -69.883538479529619, -15.524591858548805 ] ], [ [ -69.879104981209878, -15.530742357773534 ], [ -69.879483771758615, -15.531445899508602 ], [ -69.878592355053115, -15.529773733071295 ], [ -69.879104981209878, -15.530742357773534 ] ], [ [ -69.881377979909814, -15.534639107608712 ], [ -69.884570980566252, -15.539563733079774 ], [ -69.884246219653406, -15.540537863648375 ], [ -69.881377979909814, -15.534639107608712 ] ], [ [ -69.875299981109208, -15.56463260850802 ], [ -69.87429460516185, -15.566091545388446 ], [ -69.875384326501418, -15.564309093927498 ], [ -69.875299981109208, -15.56463260850802 ] ], [ [ -69.869169855804159, -15.576205983019634 ], [ -69.86878366735732, -15.576230483025313 ], [ -69.869354629819895, -15.576124241010064 ], [ -69.869169855804159, -15.576205983019634 ] ], [ [ -69.864665355821501, -15.586864857627006 ], [ -69.864584271746722, -15.587462440938831 ], [ -69.865246729752755, -15.58258110793173 ], [ -69.864665355821501, -15.586864857627006 ] ], [ [ -69.86344335612597, -15.592160107203142 ], [ -69.863443355368474, -15.592160107663929 ], [ -69.863636310419906, -15.591563482118943 ], [ -69.86344335612597, -15.592160107203142 ] ], [ [ -69.85544723110479, -15.597734357954209 ], [ -69.855401971675491, -15.597768949440388 ], [ -69.855687729604995, -15.597541358047181 ], [ -69.85544723110479, -15.597734357954209 ] ], [ [ -69.854201356207568, -15.599078107868365 ], [ -69.854149855331514, -15.599164066268619 ], [ -69.854406229863571, -15.59879098311734 ], [ -69.854201356207568, -15.599078107868365 ] ], [ [ -69.853540981331207, -15.600244106780053 ], [ -69.8535409805434, -15.600244107493198 ], [ -69.853695355356308, -15.59998635838366 ], [ -69.853540981331207, -15.600244106780053 ] ], [ [ -69.852695355106505, -15.601001982555431 ], [ -69.852343730978362, -15.601269483200042 ], [ -69.852203104889327, -15.601351608389962 ], [ -69.852695355106505, -15.601001982555431 ] ], [ [ -69.850040980007179, -15.602734359203282 ], [ -69.849948230226602, -15.602871108314957 ], [ -69.85013572987998, -15.602617170795753 ], [ -69.850040980007179, -15.602734359203282 ] ], [ [ -69.849515605960391, -15.603630858277427 ], [ -69.849481917581386, -15.603705576875811 ], [ -69.849561274507636, -15.60354062462746 ], [ -69.849515605960391, -15.603630858277427 ] ], [ [ -69.849064480841093, -15.604886732736475 ], [ -69.848960917612231, -15.605138670163456 ], [ -69.849126980126016, -15.604706983440508 ], [ -69.849064480841093, -15.604886732736475 ] ], [ [ -69.846473855983618, -15.608403733045805 ], [ -69.847008211296568, -15.608826502804087 ], [ -69.846446105003693, -15.608381774599176 ], [ -69.846473855983618, -15.608403733045805 ] ], [ [ -69.852322979122164, -15.612419482073392 ], [ -69.852825478912678, -15.612693573314166 ], [ -69.851957978477913, -15.612184839306805 ], [ -69.852322979122164, -15.612419482073392 ] ], [ [ -69.859984729012012, -15.617036231836607 ], [ -69.860573978306434, -15.617417537264028 ], [ -69.859444478829602, -15.616670767626447 ], [ -69.859984729012012, -15.617036231836607 ] ], [ [ -69.921738167482403, -15.881363586710108 ], [ -69.921081980748795, -15.880904359148815 ], [ -69.921081980441343, -15.880904358663708 ], [ -69.921738167482403, -15.881363586710108 ] ], [ [ -69.920898721236995, -15.894823723873746 ], [ -69.920424855122917, -15.897792983259535 ], [ -69.920258542597622, -15.899640920541998 ], [ -69.920898721236995, -15.894823723873746 ] ], [ [ -69.920069067878003, -15.902227816996303 ], [ -69.920130730049095, -15.908310607648389 ], [ -69.920143276272356, -15.909725425061183 ], [ -69.919998852564959, -15.904467856706162 ], [ -69.920069067878003, -15.902227816996303 ] ], [ [ -69.920168975903849, -15.910652230664576 ], [ -69.92033785470818, -15.91128685820189 ], [ -69.920695728225212, -15.911461167381894 ], [ -69.920168975903849, -15.910652230664576 ] ], [ [ -69.923992355063092, -15.912454733099423 ], [ -69.924773816762254, -15.91268026942079 ], [ -69.92355910396941, -15.912318232012229 ], [ -69.923992355063092, -15.912454733099423 ] ], [ [ -69.928628854837768, -15.913779483036649 ], [ -69.928738268931752, -15.913819404079028 ], [ -69.928628854189498, -15.913779486154318 ], [ -69.928628854837768, -15.913779483036649 ] ], [ [ -69.931934480292, -15.915036233435387 ], [ -69.933431323899683, -15.915730135634039 ], [ -69.930042136285536, -15.914308451673662 ], [ -69.931934480292, -15.915036233435387 ] ], [ [ -69.946497230063073, -15.914269733161632 ], [ -69.947622604799335, -15.91492623285933 ], [ -69.947667019740166, -15.914952162453311 ], [ -69.947404978756708, -15.914799358303696 ], [ -69.946497230063073, -15.914269733161632 ] ], [ [ -69.948372853199558, -15.91511581162181 ], [ -69.950219354939236, -15.914763982571685 ], [ -69.95041588315361, -15.914665015543015 ], [ -69.948372853199558, -15.91511581162181 ] ], [ [ -69.951926105405391, -15.914305107994267 ], [ -69.952647493547104, -15.914518862865304 ], [ -69.95108388167408, -15.914362743034509 ], [ -69.951926105405391, -15.914305107994267 ] ], [ [ -69.953805604844774, -15.914660983217743 ], [ -69.95673322995458, -15.914109482966239 ], [ -69.957595605153017, -15.914198732585419 ], [ -69.953805604844774, -15.914660983217743 ] ], [ [ -69.958656229601274, -15.915156232673951 ], [ -69.958758104802655, -15.917836483067219 ], [ -69.958656228705394, -15.915156231865028 ], [ -69.958656229601274, -15.915156232673951 ] ], [ [ -69.958837479865736, -15.919925608180222 ], [ -69.958845980257763, -15.920148732677831 ], [ -69.958758104802655, -15.917836483067219 ], [ -69.958837479865736, -15.919925608180222 ] ], [ [ -69.959206979818248, -15.923481857601587 ], [ -69.959039980210889, -15.926999982962798 ], [ -69.958959980118948, -15.927459982592097 ], [ -69.959206979818248, -15.923481857601587 ] ], [ [ -69.958869979565861, -15.92797998318963 ], [ -69.958824980899678, -15.928294977899627 ], [ -69.958959980118948, -15.927459982592097 ], [ -69.958869979565861, -15.92797998318963 ] ], [ [ -69.958869979565861, -15.929119982700968 ], [ -69.958689980258328, -15.929539983183645 ], [ -69.958825863092159, -15.928767046282667 ], [ -69.958869979565861, -15.929119982700968 ] ], [ [ -69.958689980258328, -15.929959982766945 ], [ -69.95868119988242, -15.930011201560632 ], [ -69.958689980258328, -15.929959981867626 ], [ -69.958689980258328, -15.929959982766945 ] ], [ [ -69.958569980120444, -15.931029982647544 ], [ -69.958509980051474, -15.931389983061251 ], [ -69.958614980172172, -15.930489982701516 ], [ -69.958569980120444, -15.931029982647544 ] ], [ [ -69.95857997968227, -15.932769982848356 ], [ -69.95863997975124, -15.932169983058202 ], [ -69.95863997975124, -15.932349983265055 ], [ -69.95857997968227, -15.932769982848356 ] ], [ [ -69.95857997968227, -15.932769982848356 ], [ -69.958149979637824, -15.93348998277645 ], [ -69.95796998033029, -15.9338499831901 ], [ -69.95857997968227, -15.932769982848356 ] ], [ [ -69.957869980215364, -15.934229982727478 ], [ -69.957599980354757, -15.934809983393961 ], [ -69.957729980054523, -15.935999983412444 ], [ -69.957869980215364, -15.934229982727478 ] ], [ [ -69.958729980304327, -15.938209982804437 ], [ -69.95878998037324, -15.938629983287058 ], [ -69.958689980258342, -15.93800998317416 ], [ -69.958729980304327, -15.938209982804437 ] ], [ [ -69.95878998037324, -15.938629983287058 ], [ -69.958679979797182, -15.939349983215095 ], [ -69.958859980004036, -15.940009983074219 ], [ -69.95878998037324, -15.938629983287058 ] ], [ [ -69.959049979772715, -15.940189983281073 ], [ -69.959125588908975, -15.940289982496665 ], [ -69.959049978999545, -15.94018998254859 ], [ -69.959049979772715, -15.940189983281073 ] ], [ [ -69.959401956229115, -15.940893005563836 ], [ -69.959719980092984, -15.941699982767943 ], [ -69.960029979999547, -15.942189982881359 ], [ -69.959719978294345, -15.941699981868624 ], [ -69.959401956229115, -15.940893005563836 ] ], [ [ -69.960709979881642, -15.94266998343295 ], [ -69.960696646532995, -15.9429566495297 ], [ -69.960619980227875, -15.942499982787922 ], [ -69.960709979881642, -15.94266998343295 ] ], [ [ -69.960709979881642, -15.943146649298379 ], [ -69.961239980041, -15.94354998264555 ], [ -69.961239980913632, -15.943549983527983 ], [ -69.960749978128945, -15.943239982738987 ], [ -69.960709979881642, -15.943146649298379 ] ], [ [ -69.962189979783716, -15.944809983194148 ], [ -69.962176646435069, -15.945083316541798 ], [ -69.962149979737731, -15.944569982918344 ], [ -69.962189979783716, -15.944809983194148 ] ], [ [ -69.962179980155497, -15.946869982588721 ], [ -69.96217997932257, -15.946869981964028 ], [ -69.962085105014694, -15.946477545088159 ], [ -69.962179980155497, -15.946869982588721 ] ], [ [ -69.963129979964549, -15.947269983323054 ], [ -69.963539979986024, -15.947769982998295 ], [ -69.963129979667315, -15.94726998315792 ], [ -69.963129979964549, -15.947269983323054 ] ], [ [ -69.963599978256354, -15.948549982995246 ], [ -69.963599980054994, -15.948549982995246 ], [ -69.964559980258855, -15.948909983408953 ], [ -69.965289979748718, -15.949709983428932 ], [ -69.963599978256354, -15.948549982995246 ] ], [ [ -69.966199980119967, -15.95028998274644 ], [ -69.96756997967077, -15.951749983075217 ], [ -69.967789979923623, -15.952209982704517 ], [ -69.96808998026836, -15.953119983300553 ], [ -69.968259980014011, -15.95341998274597 ], [ -69.968919979873135, -15.95383998322859 ], [ -69.969480954988526, -15.954449738288117 ], [ -69.968259979114691, -15.95341998274597 ], [ -69.966199980119967, -15.95028998274644 ] ], [ [ -69.969828264691557, -15.954982910900327 ], [ -69.96974998037723, -15.95586998331305 ], [ -69.970039980260822, -15.956139983173614 ], [ -69.969828264691557, -15.954982910900327 ] ], [ [ -69.970889979888625, -15.958699983417432 ], [ -69.970449980282297, -15.959069983392965 ], [ -69.969819980008026, -15.959199983092674 ], [ -69.970889979888625, -15.958699983417432 ] ], [ [ -69.969819980008026, -15.959199983092674 ], [ -69.96938997996358, -15.959569983068207 ], [ -69.969309979904494, -15.961279982082708 ], [ -69.969819980008026, -15.959199983092674 ] ], [ [ -69.96938997996358, -15.961759983336492 ], [ -69.969549980147434, -15.961994983381715 ], [ -69.969321408946897, -15.96134855723645 ], [ -69.96938997996358, -15.961759983336492 ] ], [ [ -69.969169979710728, -15.964819984154872 ], [ -69.96932997989461, -15.965979983689238 ], [ -69.969279980286842, -15.966459984240828 ], [ -69.96932997899529, -15.965979982789918 ], [ -69.96917997837329, -15.965229984176403 ], [ -69.969169979710728, -15.964819984154872 ] ], [ [ -69.969039980011019, -15.966899983847156 ], [ -69.968549979897602, -15.967319984329777 ], [ -69.969279980286842, -15.966459984240828 ], [ -69.969039980011019, -15.966899983847156 ] ], [ [ -69.968549979897602, -15.967319984329777 ], [ -69.968019979738244, -15.968069983842611 ], [ -69.967919979623332, -15.968419983795172 ], [ -69.968549979897602, -15.967319984329777 ] ], [ [ -69.967899979600361, -15.968999983562355 ], [ -69.968099979830185, -15.970649984109457 ], [ -69.967829979969565, -15.971389984060465 ], [ -69.967899979600361, -15.968999983562355 ] ], [ [ -69.967829979969565, -15.971389984060465 ], [ -69.967849979992536, -15.974719983840146 ], [ -69.966466646718331, -15.976583317366154 ], [ -69.967829979969565, -15.971389984060465 ] ], [ [ -69.965689980208367, -15.977149984384198 ], [ -69.965689977167912, -15.977149984384198 ], [ -69.966214758843719, -15.976825855974882 ], [ -69.965689980208367, -15.977149984384198 ] ], [ [ -69.965519967190147, -15.977149984384198 ], [ -69.963999979615323, -15.97728998364579 ], [ -69.963279980136917, -15.977469983852615 ], [ -69.965519967190147, -15.977149984384198 ] ], [ [ -69.959259979564365, -15.977489982976294 ], [ -69.959259979564365, -15.977489983875614 ], [ -69.958209984123229, -15.977059985639826 ], [ -69.959259979564365, -15.977489982976294 ] ], [ [ -69.958049980422231, -15.977079983854139 ], [ -69.957689980008524, -15.977429983806644 ], [ -69.958089981887483, -15.977074983642881 ], [ -69.958049980422231, -15.977079983854139 ] ], [ [ -69.957839979731261, -15.979719984189899 ], [ -69.957689980233383, -15.979944983773962 ], [ -69.957892480128805, -15.979374983793434 ], [ -69.957839979731261, -15.979719984189899 ] ], [ [ -69.955949979807656, -15.980759983586324 ], [ -69.955589980293325, -15.981529984021506 ], [ -69.956109979991538, -15.980589983840616 ], [ -69.955949979807656, -15.980759983586324 ] ], [ [ -69.950679979597339, -15.98512998366175 ], [ -69.950079979807185, -15.985559983706253 ], [ -69.951134979895357, -15.984719983640275 ], [ -69.950679979597339, -15.98512998366175 ] ], [ [ -69.950079979807185, -15.985559983706253 ], [ -69.94933997985612, -15.985939984142931 ], [ -69.949245692661606, -15.985952841513908 ], [ -69.950079979807185, -15.985559983706253 ] ], [ [ -69.945349980217372, -15.986749983724735 ], [ -69.946259979914089, -15.987079983654269 ], [ -69.945779980261818, -15.986989984000502 ], [ -69.945349980217372, -15.986749983724735 ] ], [ [ -69.946139096838223, -15.988534246787429 ], [ -69.944449978283842, -15.98612998391161 ], [ -69.944449980890369, -15.98612998506154 ], [ -69.946139096838223, -15.988534246787429 ] ], [ [ -69.949673854964374, -15.992755858695887 ], [ -69.950683604764492, -15.994427734352428 ], [ -69.949294445116237, -15.992320257373386 ], [ -69.949673854964374, -15.992755858695887 ] ], [ [ -69.954437480205513, -15.998949234219765 ], [ -69.956848814255025, -16.002993079922092 ], [ -69.950683604764492, -15.994427734352428 ], [ -69.954437480205513, -15.998949234219765 ] ], [ [ -69.960855980319195, -16.008182108717278 ], [ -69.962589112417305, -16.010930022595847 ], [ -69.958074099890879, -16.004724151414703 ], [ -69.960855980319195, -16.008182108717278 ] ], [ [ -69.963555104784234, -16.012711233936272 ], [ -69.96716535489719, -16.018277109301096 ], [ -69.968368729633141, -16.020382984287266 ], [ -69.967165353098551, -16.018277109301096 ], [ -69.96596197926192, -16.016622234428553 ], [ -69.963555104784234, -16.012711233936272 ] ], [ [ -69.968368729633141, -16.020382984287266 ], [ -69.969259230229227, -16.02275748407061 ], [ -69.970965023032733, -16.025113972877669 ], [ -69.968368729633141, -16.020382984287266 ] ], [ [ -69.972869355336456, -16.028175358905628 ], [ -69.973239980340793, -16.029139984322796 ], [ -69.972130195415588, -16.026887007187312 ], [ -69.972869355336456, -16.028175358905628 ] ], [ [ -69.95951997986316, -16.070959983816181 ], [ -69.95951997965247, -16.070959983515827 ], [ -69.973239980340793, -16.029139984322796 ], [ -69.95951997986316, -16.070959983816181 ] ], [ [ -69.958499977791689, -16.070219983865115 ], [ -69.958499979590329, -16.070219983865115 ], [ -69.958199979414218, -16.070669984466534 ], [ -69.958499977791689, -16.070219983865115 ] ], [ [ -69.958067480105072, -16.070834983672512 ], [ -69.957769980100466, -16.070809984093444 ], [ -69.957696646682862, -16.070706650791255 ], [ -69.958067480105072, -16.070834983672512 ] ], [ [ -69.957319980032992, -16.070369983587852 ], [ -69.956809975681182, -16.070399983870274 ], [ -69.957511889884259, -16.070478454960575 ], [ -69.957319980032992, -16.070369983587852 ] ], [ [ -69.955749979577831, -16.070339984002999 ], [ -69.95555398035988, -16.07022798409016 ], [ -69.955850144720031, -16.070356374594141 ], [ -69.955749979577831, -16.070339984002999 ] ], [ [ -69.953419980048011, -16.069069983892575 ], [ -69.9532799798871, -16.068929983731721 ], [ -69.953839979631312, -16.0692699841224 ], [ -69.953419980048011, -16.069069983892575 ] ], [ [ -69.952913340507465, -16.068310802386954 ], [ -69.951929979684792, -16.067589983990501 ], [ -69.951409979986522, -16.067889984335238 ], [ -69.951393312577153, -16.06789109548032 ], [ -69.952913340507465, -16.068310802386954 ] ], [ [ -69.948089979768724, -16.067589983990501 ], [ -69.947264912665105, -16.067560251806508 ], [ -69.948738194789854, -16.067531055304038 ], [ -69.948089979768724, -16.067589983990501 ] ], [ [ -69.946289980398262, -16.067799983782152 ], [ -69.945099980379723, -16.068569984217334 ], [ -69.944589979330985, -16.068619983738269 ], [ -69.946289980398262, -16.067799983782152 ] ], [ [ -69.943369979740737, -16.068629984286304 ], [ -69.943331878773719, -16.068864034342379 ], [ -69.943749978371997, -16.068539984160818 ], [ -69.943369979740737, -16.068629984286304 ] ], [ [ -69.943339568407865, -16.071564778862161 ], [ -69.943549979947591, -16.070959983816181 ], [ -69.943429979809707, -16.07150998399851 ], [ -69.943339568407865, -16.071564778862161 ] ], [ [ -69.942449979582875, -16.071519983560336 ], [ -69.94244997918338, -16.071519983233394 ], [ -69.942585362831835, -16.071575367616738 ], [ -69.942449979582875, -16.071519983560336 ] ], [ [ -69.94136998014045, -16.070999983862123 ], [ -69.941679980047013, -16.070959983816181 ], [ -69.941483104961264, -16.070985484092773 ], [ -69.94136998014045, -16.070999983862123 ] ], [ [ -69.937859978355277, -16.070799982732979 ], [ -69.937859980153917, -16.070799983632298 ], [ -69.937727803375793, -16.070747808744702 ], [ -69.937859978355277, -16.070799982732979 ] ], [ [ -69.937479978817919, -16.070649983909561 ], [ -69.938189979633819, -16.072259983961061 ], [ -69.937869978816423, -16.071949983604839 ], [ -69.937479978817919, -16.070649983909561 ] ], [ [ -69.938693312946, -16.072706650991108 ], [ -69.939199979895136, -16.073169984107437 ], [ -69.939229980379253, -16.073349984314291 ], [ -69.938693312946, -16.072706650991108 ] ], [ [ -69.939079979757196, -16.074119983850153 ], [ -69.939169980310282, -16.074369983687745 ], [ -69.939073352128474, -16.073927774272356 ], [ -69.939079979757196, -16.074119983850153 ] ], [ [ -69.939169980310282, -16.074369983687745 ], [ -69.939449979732728, -16.07523998423784 ], [ -69.939089980218398, -16.075429984006519 ], [ -69.939169980310282, -16.074369983687745 ] ], [ [ -69.939089980218398, -16.075429984006519 ], [ -69.938889979988573, -16.076219983565352 ], [ -69.938752820031624, -16.076437826788911 ], [ -69.938959978719993, -16.075589983291025 ], [ -69.939089980218398, -16.075429984006519 ] ], [ [ -69.938559980058983, -16.076569984417176 ], [ -69.938319980232848, -16.07661498424406 ], [ -69.938613312854045, -16.076543318019667 ], [ -69.938559980058983, -16.076569984417176 ] ], [ [ -69.937869979715742, -16.076879984323796 ], [ -69.937889979738713, -16.077149984184359 ], [ -69.937974980061227, -16.076769984197369 ], [ -69.937869979715742, -16.076879984323796 ] ], [ [ -69.938529979574867, -16.077749983974513 ], [ -69.938679980196866, -16.077249984299272 ], [ -69.938679980196866, -16.077429983606805 ], [ -69.938529979574867, -16.077749983974513 ] ], [ [ -69.938889979988573, -16.078279984133928 ], [ -69.938616643761506, -16.078899990478316 ], [ -69.938849979942574, -16.078119983950046 ], [ -69.938889979988573, -16.078279984133928 ] ], [ [ -69.938484980197615, -16.07936998403747 ], [ -69.938629979689779, -16.07980998364377 ], [ -69.938870647340892, -16.079794650193676 ], [ -69.938484980197615, -16.07936998403747 ] ], [ [ -69.939329979594845, -16.079169983807674 ], [ -69.939482512649008, -16.079189050439432 ], [ -69.938911657682596, -16.079746339334029 ], [ -69.939329979594845, -16.079169983807674 ] ], [ [ -69.939899979800202, -16.079439983668294 ], [ -69.940082978706485, -16.079305142915963 ], [ -69.939785671326817, -16.079430458390462 ], [ -69.939899979800202, -16.079439983668294 ] ], [ [ -69.940519979613327, -16.078999984061966 ], [ -69.940669980235384, -16.079369984037498 ], [ -69.940499770519196, -16.078988960874643 ], [ -69.940519979613327, -16.078999984061966 ] ], [ [ -69.941459979794217, -16.079759984036002 ], [ -69.942049980022546, -16.079899984196857 ], [ -69.94124664456794, -16.079606649210959 ], [ -69.941459979794217, -16.079759984036002 ] ], [ [ -69.942149980137458, -16.080309984218331 ], [ -69.941629980439188, -16.080769983847631 ], [ -69.941609980416217, -16.080884983754942 ], [ -69.941629979539869, -16.080769983847631 ], [ -69.942149980137458, -16.080309984218331 ] ], [ [ -69.942699980319787, -16.081459984190872 ], [ -69.942259979814196, -16.081499984236814 ], [ -69.94258997974373, -16.081419984144929 ], [ -69.942699980319787, -16.081459984190872 ] ], [ [ -69.943099979880117, -16.081889984235318 ], [ -69.943189980433203, -16.081999983912056 ], [ -69.943099979610338, -16.08188998410542 ], [ -69.943099979880117, -16.081889984235318 ] ], [ [ -69.943219980018, -16.082159984095938 ], [ -69.943169980424713, -16.082529983964267 ], [ -69.943189980433203, -16.081999983912056 ], [ -69.943219980018, -16.082159984095938 ] ], [ [ -69.943319980132912, -16.08265998377118 ], [ -69.943522504340436, -16.08261176405221 ], [ -69.943170709384688, -16.082530615849041 ], [ -69.943319980132912, -16.08265998377118 ] ], [ [ -69.944049979622832, -16.082189983680735 ], [ -69.944729980105933, -16.082039984023858 ], [ -69.943876650041986, -16.08232998089202 ], [ -69.944049979622832, -16.082189983680735 ] ], [ [ -69.944909979711781, -16.081939983843142 ], [ -69.944959979769237, -16.08181998370523 ], [ -69.944759980063992, -16.082023317397148 ], [ -69.944909979711781, -16.081939983843142 ] ], [ [ -69.945019980287839, -16.080969984077456 ], [ -69.945054980103208, -16.080914984239087 ], [ -69.945014980057266, -16.081334983822387 ], [ -69.945019980287839, -16.080969984077456 ] ], [ [ -69.945259979664286, -16.080799984331748 ], [ -69.945633017357494, -16.080868701360142 ], [ -69.94525996314222, -16.080799990163083 ], [ -69.945259979664286, -16.080799984331748 ] ], [ [ -69.946259979914089, -16.081329983591843 ], [ -69.946583978451756, -16.081437983284225 ], [ -69.945794980054245, -16.080984983869868 ], [ -69.946259979914089, -16.081329983591843 ] ], [ [ -69.947339980255634, -16.08185998375107 ], [ -69.947339978457194, -16.081859983751201 ], [ -69.946915259906405, -16.081584702396867 ], [ -69.947339980255634, -16.08185998375107 ] ], [ [ -69.947619979678279, -16.081739983613318 ], [ -69.94761998167867, -16.081739983946715 ], [ -69.947596010129658, -16.081756903339443 ], [ -69.947619979678279, -16.081739983613318 ] ], [ [ -69.947739979816163, -16.081759983636289 ], [ -69.94815998029884, -16.082289983795647 ], [ -69.948163313230054, -16.082292336459201 ], [ -69.948159979399463, -16.082289983795647 ], [ -69.947739977118204, -16.081759983636289 ], [ -69.947727120924128, -16.081757840487619 ], [ -69.947739979816163, -16.081759983636289 ] ], [ [ -69.948739980065966, -16.081929984281317 ], [ -69.948739991384613, -16.081929989047048 ], [ -69.948496989142839, -16.081988302207733 ], [ -69.948739980065966, -16.081929984281317 ] ], [ [ -69.950439980220892, -16.082079984003997 ], [ -69.949939979646331, -16.081869984212346 ], [ -69.95027998003701, -16.081929984281317 ], [ -69.950439980220892, -16.082079984003997 ] ], [ [ -69.950469979805689, -16.082239984187879 ], [ -69.95027998003701, -16.082619983725237 ], [ -69.950274857866177, -16.082722422535646 ], [ -69.95027997913769, -16.082619982825918 ], [ -69.95046997800705, -16.082239984187879 ], [ -69.950439980220892, -16.082079984003997 ], [ -69.950469979805689, -16.082239984187879 ] ], [ [ -69.950275144530664, -16.082823304266562 ], [ -69.950709980081456, -16.082789984370208 ], [ -69.950879979827164, -16.082849984439179 ], [ -69.950409984233374, -16.082910001595224 ], [ -69.950275144530664, -16.082823304266562 ] ], [ [ -69.950879979827164, -16.082849984439179 ], [ -69.951269979825668, -16.083469984252304 ], [ -69.95129998022044, -16.083639984391098 ], [ -69.951269978926348, -16.083469984252304 ], [ -69.950989978604582, -16.083159984345741 ], [ -69.950879979827164, -16.082849984439179 ] ], [ [ -69.951294877992495, -16.083662433992227 ], [ -69.952039980260849, -16.084029983996516 ], [ -69.952409979337062, -16.084341119841174 ], [ -69.951319977634796, -16.084009984872864 ], [ -69.951249978004057, -16.083859984250807 ], [ -69.951294877992495, -16.083662433992227 ] ], [ [ -69.953269980060767, -16.08498998377717 ], [ -69.953269979425954, -16.084989983301057 ], [ -69.953201798045967, -16.084880892749698 ], [ -69.953269980060767, -16.08498998377717 ] ], [ [ -69.953669979885603, -16.085289983645794 ], [ -69.953869980115428, -16.085769984197384 ], [ -69.953327122238633, -16.085032840603283 ], [ -69.953669979885603, -16.085289983645794 ] ], [ [ -69.953869980115428, -16.085769984197384 ], [ -69.954679979697289, -16.087189984030488 ], [ -69.95484998034226, -16.087799984281787 ], [ -69.953869980115428, -16.085769984197384 ] ], [ [ -69.954949979557853, -16.088539984232852 ], [ -69.955129979734039, -16.088689983929982 ], [ -69.95484998034226, -16.087799984281787 ], [ -69.954949979557853, -16.088539984232852 ] ], [ [ -69.955900230211398, -16.088991484369444 ], [ -69.955707335873939, -16.089512135264052 ], [ -69.955709980431209, -16.088879983724212 ], [ -69.955900230211398, -16.088991484369444 ] ], [ [ -69.954971750680869, -16.091819728463868 ], [ -69.954649980112436, -16.093321609404711 ], [ -69.954848980296163, -16.094847608730106 ], [ -69.954971750680869, -16.091819728463868 ] ], [ [ -69.954892601912036, -16.097608609249846 ], [ -69.954892604609995, -16.097608609249846 ], [ -69.955693354664561, -16.099058608667804 ], [ -69.954892601912036, -16.097608609249846 ] ], [ [ -69.954697229593421, -16.099128859209429 ], [ -69.954471582846438, -16.099248788741306 ], [ -69.955693354664561, -16.099058608667804 ], [ -69.954697229593421, -16.099128859209429 ] ], [ [ -69.954121845448157, -16.09943455151106 ], [ -69.952682605218001, -16.100745234105204 ], [ -69.952042980399199, -16.101392609281447 ], [ -69.954121845448157, -16.09943455151106 ] ], [ [ -69.952042980399199, -16.101392609281447 ], [ -69.949549979647827, -16.10388998433524 ], [ -69.947663417382785, -16.10603279672614 ], [ -69.952042980399199, -16.101392609281447 ] ], [ [ -69.945009479803616, -16.1090473588485 ], [ -69.945087655719576, -16.10955750899625 ], [ -69.945510430626953, -16.108478271287716 ], [ -69.945009479803616, -16.1090473588485 ] ], [ [ -69.945289980148402, -16.110619984424716 ], [ -69.945449980332285, -16.11096998437722 ], [ -69.945216646431035, -16.110313317405637 ], [ -69.945289980148402, -16.110619984424716 ] ], [ [ -69.947059979934068, -16.113169984207332 ], [ -69.947759979839148, -16.113936650855692 ], [ -69.946379980051972, -16.111939984142907 ], [ -69.947059979934068, -16.113169984207332 ] ], [ [ -69.948289979998549, -16.114409983833639 ], [ -69.948639979951054, -16.114809984293288 ], [ -69.948199979895122, -16.114364984006755 ], [ -69.948289979998549, -16.114409983833639 ] ], [ [ -69.949179979672294, -16.116229984126448 ], [ -69.949089980018528, -16.116709983778662 ], [ -69.949119979603338, -16.115854983695485 ], [ -69.949179979672294, -16.116229984126448 ] ], [ [ -69.948839980180878, -16.117049984169398 ], [ -69.948779981011228, -16.117098370579686 ], [ -69.948839980495322, -16.117049983741754 ], [ -69.948839980180878, -16.117049984169398 ] ], [ [ -69.948350612347951, -16.117360615457127 ], [ -69.9470099803263, -16.117669983982523 ], [ -69.946137480110579, -16.118009983923571 ], [ -69.94700997852766, -16.117669983083204 ], [ -69.948350612347951, -16.117360615457127 ] ], [ [ -69.945372480664602, -16.118657858400578 ], [ -69.945372479456296, -16.118657857773883 ], [ -69.945833750912527, -16.118250800242024 ], [ -69.945372480664602, -16.118657858400578 ] ], [ [ -69.945375854611939, -16.118659608753887 ], [ -69.945372729018175, -16.118659808290417 ], [ -69.94537585296986, -16.118659607902213 ], [ -69.945375854611939, -16.118659608753887 ] ], [ [ -69.945328113964322, -16.118710542376043 ], [ -69.945369979341024, -16.118659984670501 ], [ -69.945369979504306, -16.118659984660027 ], [ -69.945328113964322, -16.118710542376043 ] ], [ [ -69.945431105361195, -16.12063298392502 ], [ -69.951009105385879, -16.126592109438263 ], [ -69.953607604707145, -16.128774859372243 ], [ -69.956102104628371, -16.130368609123991 ], [ -69.956708604718301, -16.130928358856636 ], [ -69.953607603807825, -16.128774859372243 ], [ -69.951009103587239, -16.126592109438263 ], [ -69.945431105361195, -16.12063298392502 ] ], [ [ -69.956708604718301, -16.130928358856636 ], [ -69.961021854874673, -16.134630108692534 ], [ -69.961668578263399, -16.134761509315023 ], [ -69.956708604718301, -16.130928358856636 ] ], [ [ -69.966654354714649, -16.13625198384193 ], [ -69.971755855248489, -16.140099609109654 ], [ -69.973346104838811, -16.142143858951897 ], [ -69.971755854349169, -16.140099609109654 ], [ -69.966654354714649, -16.13625198384193 ] ], [ [ -69.980932604855809, -16.160133109355456 ], [ -69.979936104767376, -16.151843109272022 ], [ -69.980977730138079, -16.157229483553749 ], [ -69.980932604855809, -16.160133109355456 ] ], [ [ -69.980932604855809, -16.160133109355456 ], [ -69.982549354768878, -16.167645233640599 ], [ -69.985486980339829, -16.171338483983789 ], [ -69.980932604855809, -16.160133109355456 ] ], [ [ -69.987548105060966, -16.17495460936766 ], [ -69.987417480332397, -16.176164359397603 ], [ -69.985486980339829, -16.171338483983789 ], [ -69.987548105060966, -16.17495460936766 ] ], [ [ -69.98783710489846, -16.181871859098976 ], [ -69.989167855112385, -16.18247023426386 ], [ -69.986939181872302, -16.181091031151517 ], [ -69.98783710489846, -16.181871859098976 ] ], [ [ -69.993702979708701, -16.184828358741697 ], [ -69.994517980420426, -16.185275858693899 ], [ -69.993216335689752, -16.184561107985132 ], [ -69.993702979708701, -16.184828358741697 ] ], [ [ -70.004941979988359, -16.193490608904426 ], [ -70.006088642421531, -16.195583012098091 ], [ -70.003218055088226, -16.192244027160324 ], [ -70.004941979988359, -16.193490608904426 ] ], [ [ -70.005822355117573, -16.198511234305954 ], [ -70.004807161305337, -16.199645547842408 ], [ -70.00629810457383, -16.19741673419486 ], [ -70.005822355117573, -16.198511234305954 ] ], [ [ -70.004753855306149, -16.199705108603837 ], [ -70.003752229981387, -16.20010548408078 ], [ -70.004753856058414, -16.199705107763297 ], [ -70.004753855306149, -16.199705108603837 ] ], [ [ -70.001872479631174, -16.200224484172566 ], [ -70.000873105309495, -16.200652734136327 ], [ -70.003752229981387, -16.20010548408078 ], [ -70.001872479631174, -16.200224484172566 ] ], [ [ -69.999998671019, -16.201378573461472 ], [ -69.998398480405513, -16.203698484297547 ], [ -69.998186604628074, -16.205138109136385 ], [ -69.999998671019, -16.201378573461472 ] ], [ [ -69.998644855075952, -16.209715358876679 ], [ -69.998367229863732, -16.208191358744159 ], [ -69.998491230186062, -16.208871983655058 ], [ -69.998644855075952, -16.209715358876679 ] ], [ [ -70.000884240715095, -16.220088205905938 ], [ -70.000466355437936, -16.224166733907623 ], [ -69.999610183309244, -16.225328709924948 ], [ -70.000884240715095, -16.220088205905938 ] ], [ [ -69.988179730410195, -16.232790984116605 ], [ -69.992229605112129, -16.229558109319271 ], [ -69.991215105092977, -16.230173608924872 ], [ -69.988179730410195, -16.232790984116605 ] ], [ [ -69.985151230145107, -16.236259984010985 ], [ -69.984202854578029, -16.237679983844146 ], [ -69.988175230202671, -16.232795484324072 ], [ -69.985151230145107, -16.236259984010985 ] ], [ [ -69.983845980207775, -16.239107734034633 ], [ -69.983888667428005, -16.239629796327989 ], [ -69.984202854578029, -16.237679983844146 ], [ -69.983845980207775, -16.239107734034633 ] ], [ [ -69.985097230352835, -16.241412984221824 ], [ -69.987291479917815, -16.243478109127409 ], [ -69.984330016837518, -16.2405830907766 ], [ -69.985097230352835, -16.241412984221824 ] ], [ [ -69.987291479917815, -16.243478109127409 ], [ -69.991362229683091, -16.248346108785825 ], [ -69.992914855236336, -16.250612358973115 ], [ -69.991362226985132, -16.248346109685144 ], [ -69.989047354052104, -16.245791108772607 ], [ -69.987291479917815, -16.243478109127409 ] ], [ [ -69.992914855236336, -16.250612358973115 ], [ -69.995319979633337, -16.258934108722087 ], [ -69.995894605051944, -16.261145859094086 ], [ -69.992914855236336, -16.250612358973115 ] ], [ [ -69.998613480427764, -16.264223608932355 ], [ -69.998614535685348, -16.264224644039736 ], [ -69.997784245187532, -16.263406975531062 ], [ -69.998613480427764, -16.264223608932355 ] ], [ [ -70.009212854989244, -16.272650734044078 ], [ -70.004142604997185, -16.264607483648433 ], [ -70.00593560494417, -16.266771483617049 ], [ -70.006942229600156, -16.268830609145255 ], [ -70.008190604612651, -16.270630234397743 ], [ -70.009212854989244, -16.272650734044078 ] ], [ [ -70.010510729586485, -16.282611858850146 ], [ -70.010642896352536, -16.283675275393609 ], [ -70.010288980152268, -16.280827984323992 ], [ -70.010510729586485, -16.282611858850146 ] ], [ [ -70.012107480375903, -16.288300733591939 ], [ -70.013763730311837, -16.291507859000433 ], [ -70.014261729894884, -16.295361358639752 ], [ -70.014556605003293, -16.300689608838354 ], [ -70.015262705620145, -16.302947682534075 ], [ -70.014556603204653, -16.300689608838354 ], [ -70.013763727613878, -16.291507858101113 ], [ -70.012107480375903, -16.288300733591939 ] ], [ [ -70.015800729819773, -16.306765609345348 ], [ -70.019547354926431, -16.312235733891953 ], [ -70.022174354662695, -16.314005983689128 ], [ -70.015800729819773, -16.306765609345348 ] ], [ [ -70.022174354662695, -16.314005983689128 ], [ -70.024222354677875, -16.314628483617582 ], [ -70.024721104369121, -16.314726921123626 ], [ -70.022174354662695, -16.314005983689128 ] ], [ [ -70.029845229973319, -16.315869734200817 ], [ -70.036979479819081, -16.321996734361733 ], [ -70.039586230120392, -16.324733817411698 ], [ -70.029845229973319, -16.315869734200817 ] ], [ [ -70.044069852641542, -16.328046732770474 ], [ -70.044069855339501, -16.328046733669794 ], [ -70.048067355324122, -16.329645733663654 ], [ -70.044069852641542, -16.328046732770474 ] ], [ [ -70.049141230383441, -16.329950484227425 ], [ -70.052293230048463, -16.330844859102911 ], [ -70.048067355324122, -16.329645733663654 ], [ -70.049141230383441, -16.329950484227425 ] ], [ [ -70.070567480105069, -16.334671109284216 ], [ -70.070602354914683, -16.336287859197284 ], [ -70.069539605368448, -16.338268858820754 ], [ -70.070053542287113, -16.34023910862291 ], [ -70.069539602670488, -16.338268858820754 ], [ -70.07056747740711, -16.334671109284216 ], [ -70.069670817608753, -16.333139242942995 ], [ -70.070567480105069, -16.334671109284216 ] ], [ [ -70.074850479765814, -16.347120483723302 ], [ -70.076119011454125, -16.349838826529659 ], [ -70.072537667179574, -16.344008171140132 ], [ -70.074850479765814, -16.347120483723302 ] ], [ [ -70.077319492873855, -16.352225345049998 ], [ -70.078735729969935, -16.355695484359046 ], [ -70.07860985456108, -16.359220734149517 ], [ -70.079106742582042, -16.36097105766811 ], [ -70.07860985366176, -16.359220734149517 ], [ -70.078735728171296, -16.355695484359046 ], [ -70.077319492873855, -16.352225345049998 ] ], [ [ -70.079952730334185, -16.36333335904726 ], [ -70.079673730058573, -16.368466734252365 ], [ -70.079330105400004, -16.361757859237741 ], [ -70.079952730334185, -16.36333335904726 ] ], [ [ -70.079673730058573, -16.368466734252365 ], [ -70.077713854610636, -16.372559109115571 ], [ -70.076530979920733, -16.374035733862002 ], [ -70.079673730058573, -16.368466734252365 ] ], [ [ -70.069502979578829, -16.381319484306687 ], [ -70.066821480027215, -16.383667608773067 ], [ -70.070556499305567, -16.38008437961297 ], [ -70.069502979578829, -16.381319484306687 ] ], [ [ -70.065162854981736, -16.385597233725321 ], [ -70.065105780538829, -16.385614496244841 ], [ -70.066821480027215, -16.383667608773067 ], [ -70.065162854981736, -16.385597233725321 ] ], [ [ -70.061529604707459, -16.389604234148067 ], [ -70.061529604707459, -16.389604233248747 ], [ -70.062201105096904, -16.388429108916171 ], [ -70.061529604707459, -16.389604234148067 ] ], [ [ -70.06215910495871, -16.391156983807718 ], [ -70.063307219688227, -16.39192930102848 ], [ -70.061529604707459, -16.390485484317594 ], [ -70.06215910495871, -16.391156983807718 ] ], [ [ -70.069374354942511, -16.395234483884281 ], [ -70.070170203162306, -16.39603023834929 ], [ -70.067849470466513, -16.394577130329967 ], [ -70.069374354942511, -16.395234483884281 ] ], [ [ -70.072767604940964, -16.397964983896827 ], [ -70.074684983781893, -16.399906701582935 ], [ -70.071331382766914, -16.396936834549692 ], [ -70.072767604940964, -16.397964983896827 ] ], [ [ -70.087003104909343, -16.411342733880019 ], [ -70.089688853757593, -16.413061555312009 ], [ -70.083121229860836, -16.407985421240141 ], [ -70.087003104909343, -16.411342733880019 ] ], [ [ -70.098795479627654, -16.417217859116874 ], [ -70.100600105110743, -16.417511609173403 ], [ -70.095438230389959, -16.416168734299617 ], [ -70.098795479627654, -16.417217859116874 ] ], [ [ -70.104670854876019, -16.419945734008365 ], [ -70.105217112327892, -16.420030367655361 ], [ -70.102026980260916, -16.41835098421052 ], [ -70.104670854876019, -16.419945734008365 ] ], [ [ -70.110420104704019, -16.420784984039756 ], [ -70.111637167571189, -16.421225671627411 ], [ -70.108731289903474, -16.420554732487773 ], [ -70.110420104704019, -16.420784984039756 ] ], [ [ -70.114624555200265, -16.422438820934172 ], [ -70.117512480316691, -16.423428858654859 ], [ -70.119000395352558, -16.424024011032369 ], [ -70.117512477618732, -16.423428858654859 ], [ -70.11516235395942, -16.42267348389413 ], [ -70.114624555200265, -16.422438820934172 ] ], [ [ -70.125520729997675, -16.432789233636186 ], [ -70.126477230040109, -16.43325835868626 ], [ -70.127090854559242, -16.433583234278785 ], [ -70.125989979154156, -16.433229984176364 ], [ -70.125520729997675, -16.432789233636186 ] ], [ [ -70.127090854559242, -16.433583234278785 ], [ -70.130411354800117, -16.433962233770046 ], [ -70.130485345022848, -16.433963976056969 ], [ -70.127090854559242, -16.433583234278785 ] ], [ [ -70.14019326733748, -16.437427183644491 ], [ -70.138622604849274, -16.435983484350288 ], [ -70.139723355248634, -16.436885733689621 ], [ -70.14019326733748, -16.437427183644491 ] ], [ [ -70.141618230397, -16.439321983622619 ], [ -70.142015354824707, -16.439863484312298 ], [ -70.141319617946067, -16.438906983370543 ], [ -70.141618230397, -16.439321983622619 ] ], [ [ -70.14333273032122, -16.440188233999777 ], [ -70.143884658625822, -16.43985969860406 ], [ -70.143260472717699, -16.440194577976399 ], [ -70.14333273032122, -16.440188233999777 ] ], [ [ -70.14569672962034, -16.438564233752345 ], [ -70.146146144542271, -16.438351279960816 ], [ -70.144884729946284, -16.439141609297792 ], [ -70.14569672962034, -16.438564233752345 ] ], [ [ -70.149648980216227, -16.439159609228511 ], [ -70.149954045849938, -16.440171917292666 ], [ -70.149324104623702, -16.43879873377449 ], [ -70.149648980216227, -16.439159609228511 ] ], [ [ -70.15011973034126, -16.440865608760816 ], [ -70.150244479798857, -16.441523734432735 ], [ -70.150057743017214, -16.440538970250429 ], [ -70.15011973034126, -16.440865608760816 ] ], [ [ -70.150280604666136, -16.44444723435231 ], [ -70.150374922372094, -16.446076844672426 ], [ -70.150244479798857, -16.441523734432735 ], [ -70.150280604666136, -16.44444723435231 ] ], [ [ -70.15035273029423, -16.448092609286448 ], [ -70.150309770824947, -16.448531317139388 ], [ -70.150379855196121, -16.447361671803662 ], [ -70.15035273029423, -16.448092609286448 ] ], [ [ -70.148096854686059, -16.453542733810082 ], [ -70.147839604963764, -16.454274983853395 ], [ -70.149107605431595, -16.451449234394602 ], [ -70.148096854686059, -16.453542733810082 ] ], [ [ -70.147241979833439, -16.459175483661568 ], [ -70.146971354944014, -16.460438734360082 ], [ -70.146937480180526, -16.461104171520276 ], [ -70.146971354044695, -16.460438734360082 ], [ -70.147241978034799, -16.459175483661568 ], [ -70.147197479579972, -16.457675608742306 ], [ -70.147241979833439, -16.459175483661568 ] ], [ [ -70.147444980201612, -16.464589359211516 ], [ -70.148933854613688, -16.465739859207076 ], [ -70.150299730364182, -16.466369258455821 ], [ -70.147444980201612, -16.464589359211516 ] ], [ [ -70.152926605278594, -16.467612234217199 ], [ -70.153736479854615, -16.468075108979065 ], [ -70.152097917411794, -16.467214451672124 ], [ -70.152926605278594, -16.467612234217199 ] ], [ [ -70.154277604627737, -16.46840298381062 ], [ -70.154643826510593, -16.469091787043769 ], [ -70.153917730119133, -16.468184983650019 ], [ -70.154277604627737, -16.46840298381062 ] ], [ [ -70.165942729773121, -16.471830608595667 ], [ -70.16704251789794, -16.471376628578561 ], [ -70.163258230083215, -16.473184108959401 ], [ -70.165942729773121, -16.471830608595667 ] ], [ [ -70.168807604687174, -16.46993573434662 ], [ -70.169303855088799, -16.469371734417962 ], [ -70.168756396731609, -16.470003400236692 ], [ -70.168807604687174, -16.46993573434662 ] ], [ [ -70.174616605022266, -16.47103692136676 ], [ -70.173296604854386, -16.468288983949378 ], [ -70.173883229927071, -16.468920609298607 ], [ -70.174447104849946, -16.470161233953718 ], [ -70.174616605022266, -16.47103692136676 ] ], [ [ -70.175748229597104, -16.476883733697321 ], [ -70.175938440305274, -16.478306964593962 ], [ -70.175267167395845, -16.474398171238562 ], [ -70.175748229597104, -16.476883733697321 ] ], [ [ -70.17617352240859, -16.480509095897009 ], [ -70.176093855247188, -16.48480148370146 ], [ -70.173516605107181, -16.493693858684594 ], [ -70.172583230231851, -16.499905109133408 ], [ -70.173516603308542, -16.493693858684594 ], [ -70.176093854347869, -16.48480148370146 ], [ -70.17617352240859, -16.480509095897009 ] ], [ [ -70.172583230231851, -16.499905109133408 ], [ -70.168414355438131, -16.510983859217674 ], [ -70.170927105301644, -16.516694484063123 ], [ -70.172583230231851, -16.499905109133408 ] ], [ [ -70.18078172980529, -16.527485733367488 ], [ -70.18044760457326, -16.524887234158484 ], [ -70.180379855046226, -16.526105358675295 ], [ -70.18078172980529, -16.527485733367488 ] ], [ [ -70.200637479835791, -15.771707607919723 ], [ -70.171656229751136, -15.753114857564583 ], [ -70.142095729933942, -15.749278607821452 ], [ -70.153292855081133, -15.734852733067157 ], [ -70.147570854711148, -15.730257858413381 ], [ -70.163702229873991, -15.719283107729211 ], [ -70.152282480252211, -15.722176358052423 ], [ -70.150212105104515, -15.712319357652177 ], [ -70.188303480321338, -15.726267607863747 ], [ -70.198996354697954, -15.716274733392197 ], [ -70.192854354744611, -15.703468357778434 ], [ -70.200236730240874, -15.700066233269979 ], [ -70.209473604922891, -15.722342857636704 ], [ -70.200637479835791, -15.771707607919723 ] ], [ [ -70.094881495184836, -15.383893241679687 ], [ -70.096208298274291, -15.38193538161255 ], [ -70.09470554012853, -15.38367696012358 ], [ -70.094881495184836, -15.383893241679687 ] ], [ [ -70.090762450027, -15.389971131662378 ], [ -70.09470553832989, -15.38367695922426 ], [ -70.090993729576894, -15.379112607560728 ], [ -70.09470554012853, -15.38367696012358 ], [ -70.090762450027, -15.389971131662378 ] ], [ [ -69.996708320853884, -15.560009130747119 ], [ -69.990345727773104, -15.562367233361101 ], [ -69.994320727619424, -15.560841732260087 ], [ -69.996708320853884, -15.560009130747119 ] ], [ [ -69.986545852908762, -15.56610348298932 ], [ -69.986545854707401, -15.56610348298932 ], [ -69.986986480144267, -15.569775440416732 ], [ -69.986545852908762, -15.56610348298932 ] ], [ [ -69.985069980894878, -15.57075998278691 ], [ -69.985069979995558, -15.57075998278691 ], [ -69.985064981113965, -15.570759851243309 ], [ -69.985069980894878, -15.57075998278691 ] ], [ [ -69.981922479863528, -15.572764983067472 ], [ -69.983377479287185, -15.571667108250381 ], [ -69.983740729850751, -15.571367732934505 ], [ -69.981922479863528, -15.572764983067472 ] ], [ [ -69.978139979676257, -15.575419982745984 ], [ -69.978889979189148, -15.57387998277494 ], [ -69.979153979384591, -15.573703983364114 ], [ -69.978139979676257, -15.575419982745984 ] ], [ [ -69.976439980420707, -15.577519983360503 ], [ -69.977589980393248, -15.576359732915307 ], [ -69.976919980072978, -15.577139982923825 ], [ -69.976439980420707, -15.577519983360503 ] ], [ [ -69.976439980420707, -15.577519983360503 ], [ -69.974829979919605, -15.577769983198095 ], [ -69.974572381769974, -15.577721996303069 ], [ -69.976439980420707, -15.577519983360503 ] ], [ [ -69.968779977014265, -15.577079982854855 ], [ -69.969549980147406, -15.576589982741439 ], [ -69.967529979063016, -15.578829983044349 ], [ -69.968779977014265, -15.577079982854855 ] ], [ [ -69.966540105741274, -15.579581982222635 ], [ -69.966540104841954, -15.579581983121955 ], [ -69.966489980228346, -15.579619983075702 ], [ -69.966540105741274, -15.579581982222635 ] ], [ [ -69.964809980096447, -15.580909983209096 ], [ -69.964809978791195, -15.580909983052466 ], [ -69.965229980279332, -15.580776649722546 ], [ -69.964809980096447, -15.580909983209096 ] ], [ [ -69.963309980757913, -15.580729983072624 ], [ -69.963309981070722, -15.580729983002243 ], [ -69.963809980146422, -15.580789983071194 ], [ -69.963309980757913, -15.580729983072624 ] ], [ [ -69.962329978145931, -15.580999982862863 ], [ -69.96232997994457, -15.580999982862863 ], [ -69.961889980338299, -15.581619982675988 ], [ -69.962329978145931, -15.580999982862863 ] ], [ [ -69.96198910541284, -15.58305585824121 ], [ -69.962008546777795, -15.583339107813515 ], [ -69.961889980338299, -15.581619982675988 ], [ -69.96198910541284, -15.58305585824121 ] ], [ [ -69.961779979762241, -15.583859982552099 ], [ -69.961159979949059, -15.583889983036215 ], [ -69.962009979528858, -15.583359982177535 ], [ -69.961779979762241, -15.583859982552099 ] ], [ [ -69.961329752166307, -15.586199692961429 ], [ -69.961329753065627, -15.586199693860749 ], [ -69.96282035507528, -15.5932519830925 ], [ -69.961329752166307, -15.586199692961429 ] ], [ [ -69.964331979637109, -15.595058607768465 ], [ -69.96433197693915, -15.595058607768465 ], [ -69.963658230043222, -15.594095733331358 ], [ -69.964331979637109, -15.595058607768465 ] ], [ [ -69.961091355381711, -15.603185983446338 ], [ -69.961091354482392, -15.603185983446338 ], [ -69.967830104975349, -15.598865232944092 ], [ -69.961091355381711, -15.603185983446338 ] ], [ [ -69.955943103591324, -15.606839481956456 ], [ -69.956245237937395, -15.606545901841862 ], [ -69.954960726783369, -15.607793732476804 ], [ -69.955943103591324, -15.606839481956456 ] ], [ [ -69.936146518946657, -15.614404350580287 ], [ -69.9406347295091, -15.612070358060521 ], [ -69.943263709261288, -15.609553087913206 ], [ -69.940634730408419, -15.612070358060521 ], [ -69.936146518946657, -15.614404350580287 ] ], [ [ -70.083289980448228, -15.470449983080186 ], [ -70.083001479734435, -15.471458107805404 ], [ -70.083289918394996, -15.47045019891749 ], [ -70.083289980448228, -15.470449983080186 ] ], [ [ -69.968309977823196, -15.535709982529625 ], [ -69.964699193544732, -15.53290959082085 ], [ -69.967804729704483, -15.537306608313258 ], [ -69.968309977823196, -15.535709982529625 ] ], [ [ -69.96289998093873, -15.533259982833693 ], [ -69.963086646731327, -15.53325331618754 ], [ -69.962899981049247, -15.533259982861864 ], [ -69.96289998093873, -15.533259982833693 ] ], [ [ -69.962389979114221, -15.533129983162155 ], [ -69.961859978954806, -15.532891931859687 ], [ -69.962644980081734, -15.53319498301201 ], [ -69.962389979114221, -15.533129983162155 ] ], [ [ -69.95972997965481, -15.530839982778957 ], [ -69.959972531481341, -15.531222456264178 ], [ -69.959499979840132, -15.530619983425424 ], [ -69.95972997965481, -15.530839982778957 ] ], [ [ -69.959259978681402, -15.530559983585427 ], [ -69.959259979564365, -15.530559983356511 ], [ -69.959499979840132, -15.530619983425424 ], [ -69.959259978681402, -15.530559983585427 ] ], [ [ -69.958989977905105, -15.530629983886627 ], [ -69.958566849448388, -15.530511981770822 ], [ -69.959119978504134, -15.530596279754979 ], [ -69.958989977905105, -15.530629983886627 ] ], [ [ -69.957911738520963, -15.529816015311807 ], [ -69.958446729418171, -15.530478482682092 ], [ -69.958446728034005, -15.530478482296076 ], [ -69.957911738520963, -15.529816015311807 ] ], [ [ -69.948431853447232, -15.515874982444416 ], [ -69.947080479980116, -15.514439857813159 ], [ -69.94867805051517, -15.516657690808696 ], [ -69.948431853447232, -15.515874982444416 ] ], [ [ -69.942676352431704, -15.512547607785848 ], [ -69.939805343283794, -15.51131416355469 ], [ -69.944717361966724, -15.513424602838072 ], [ -69.942676352431704, -15.512547607785848 ] ], [ [ -69.935783229712229, -15.509027358225978 ], [ -69.939491854025263, -15.511179482159564 ], [ -69.9394918530665, -15.511179481747661 ], [ -69.935783229712229, -15.509027358225978 ] ], [ [ -69.931976603637281, -15.508029233961906 ], [ -69.930939480272741, -15.508037108425754 ], [ -69.935783229712229, -15.509027358225978 ], [ -69.931976603637281, -15.508029233961906 ] ], [ [ -69.92423322768127, -15.508930483255142 ], [ -69.923422729875028, -15.507810607873182 ], [ -69.925037371064136, -15.509194559818928 ], [ -69.92423322768127, -15.508930483255142 ] ], [ [ -69.922738352992553, -15.507385733065064 ], [ -69.921062854866818, -15.506819358026917 ], [ -69.923422729875028, -15.507810607873182 ], [ -69.922738352992553, -15.507385733065064 ] ], [ [ -69.921062854866818, -15.506819358026917 ], [ -69.916649479589751, -15.506370858927937 ], [ -69.914585695839406, -15.506790404486635 ], [ -69.921062854866818, -15.506819358026917 ] ], [ [ -70.004771480219574, -15.558306608163377 ], [ -70.007302729137621, -15.557210982101083 ], [ -70.007781229620036, -15.557046857626347 ], [ -70.006105479684095, -15.557859358222743 ], [ -70.004771480219574, -15.558306608163377 ] ], [ [ -70.008994102096096, -15.556556608400683 ], [ -70.009064480341465, -15.556511733129923 ], [ -70.007781229620036, -15.557046857626347 ], [ -70.008994102096096, -15.556556608400683 ] ], [ [ -70.009999980314774, -15.556339858297804 ], [ -70.009844693797362, -15.556349089824062 ], [ -70.010165979876035, -15.556347607755868 ], [ -70.009999980314774, -15.556339858297804 ] ], [ [ -70.014205104981556, -15.558011733054968 ], [ -70.014142603761542, -15.557990232606519 ], [ -70.014410546296247, -15.558031645673783 ], [ -70.014205104981556, -15.558011733054968 ] ], [ [ -70.014924979903867, -15.556751608399964 ], [ -70.014887885371024, -15.557353312307187 ], [ -70.014572853954007, -15.556754459811819 ], [ -70.014924979903867, -15.556751608399964 ] ], [ [ -70.012724855067972, -15.556053857699339 ], [ -70.012986320541728, -15.556260141312951 ], [ -70.012454917710244, -15.555840920272203 ], [ -70.012724855067972, -15.556053857699339 ] ], [ [ -70.011627229812746, -15.554476232791842 ], [ -70.011885105013562, -15.555166233135083 ], [ -70.011510323567549, -15.553977013952988 ], [ -70.011627229812746, -15.554476232791842 ] ], [ [ -70.01070360538705, -15.552221108117578 ], [ -70.010856542745216, -15.552383170446916 ], [ -70.010305480013869, -15.552038608245113 ], [ -70.01070360538705, -15.552221108117578 ] ], [ [ -70.000585229624619, -15.550811732875104 ], [ -70.002499729778663, -15.552607608854032 ], [ -70.001628853288935, -15.552107233262177 ], [ -70.000585229624619, -15.550811732875104 ] ], [ [ -69.99620085478557, -15.543830232878918 ], [ -69.995708979585686, -15.544789858065428 ], [ -69.996258786411587, -15.543472221761103 ], [ -69.99620085478557, -15.543830232878918 ] ], [ [ -69.996264394426902, -15.543392358370568 ], [ -69.996266855131239, -15.543422357955421 ], [ -69.996266855082283, -15.543422358257935 ], [ -69.996264394426902, -15.543392358370568 ] ], [ [ -69.996110855131803, -15.542696732767979 ], [ -69.996187224211283, -15.542914855461342 ], [ -69.995589105352906, -15.542276858190405 ], [ -69.996110855131803, -15.542696732767979 ] ], [ [ -69.992500229371586, -15.541940983046244 ], [ -69.992500230001554, -15.5419409829899 ], [ -69.994041730041772, -15.54198298312815 ], [ -69.992500229371586, -15.541940983046244 ] ], [ [ -69.987909092158603, -15.546236070095912 ], [ -69.988398855622677, -15.547023983569943 ], [ -69.988647855414172, -15.547415482738302 ], [ -69.987909092158603, -15.546236070095912 ] ], [ [ -69.988433709412789, -15.553669588245558 ], [ -69.987809354518049, -15.553636732748998 ], [ -69.987037855362701, -15.553371732669291 ], [ -69.988433709412789, -15.553669588245558 ] ], [ [ -69.985879604560068, -15.552925108207148 ], [ -69.986169667621041, -15.553061326493975 ], [ -69.984967479765317, -15.552383483411006 ], [ -69.985879604560068, -15.552925108207148 ] ], [ [ -69.983032497660346, -15.550115988298421 ], [ -69.984350478291901, -15.55193010728857 ], [ -69.983847977602068, -15.551374482746155 ], [ -69.983343478618622, -15.550711856866656 ], [ -69.983032497660346, -15.550115988298421 ] ], [ [ -69.981897105267137, -15.547812358053818 ], [ -69.982031750878733, -15.548057836086047 ], [ -69.981677358149824, -15.547554478829772 ], [ -69.981897105267137, -15.547812358053818 ] ], [ [ -69.980406979898191, -15.546702358127277 ], [ -69.980488444940036, -15.546731897057795 ], [ -69.98005722995714, -15.546648608346572 ], [ -69.980406979898191, -15.546702358127277 ] ], [ [ -69.976242728519082, -15.546466982165441 ], [ -69.975714730250559, -15.545996107934002 ], [ -69.976754102989347, -15.546735982022467 ], [ -69.976242728519082, -15.546466982165441 ] ], [ [ -69.974786353807133, -15.545434358109105 ], [ -69.974771736036431, -15.545432681487561 ], [ -69.975714730250559, -15.545996107934002 ], [ -69.974786353807133, -15.545434358109105 ] ], [ [ -69.973555354595874, -15.54588510821111 ], [ -69.973780605090838, -15.545656357554833 ], [ -69.973780605120282, -15.545656357538903 ], [ -69.973555354595874, -15.54588510821111 ] ], [ [ -69.972495730640432, -15.548653357536432 ], [ -69.973232980917317, -15.547183982854506 ], [ -69.973013730699051, -15.547923356877391 ], [ -69.972495730640432, -15.548653357536432 ] ], [ [ -69.966959230284203, -15.54881810766949 ], [ -69.969061479203845, -15.549598357678008 ], [ -69.96880922836317, -15.549537982591801 ], [ -69.966959230284203, -15.54881810766949 ] ], [ [ -69.964248104366504, -15.548088233185354 ], [ -69.962498574049931, -15.547024295634714 ], [ -69.963165729814534, -15.5473157326349 ], [ -69.963568730412533, -15.547566358400672 ], [ -69.964248105265824, -15.548088233185354 ], [ -69.966242479606706, -15.548692358165738 ], [ -69.964248104366504, -15.548088233185354 ] ], [ [ -69.962249978953309, -15.543996233339442 ], [ -69.963683605314088, -15.542812482709849 ], [ -69.961754355394064, -15.545182108132094 ], [ -69.962249978953309, -15.543996233339442 ] ], [ [ -69.964027352280425, -15.542070356761485 ], [ -69.963578104945555, -15.54094935812634 ], [ -69.963683605314088, -15.542812482709849 ], [ -69.964027352280425, -15.542070356761485 ] ], [ [ -69.962203104489618, -15.539552731673155 ], [ -69.962113229841634, -15.538892482701897 ], [ -69.963578104945555, -15.54094935812634 ], [ -69.962203104489618, -15.539552731673155 ] ], [ [ -69.962806604441198, -15.538160108102488 ], [ -69.962939156520918, -15.538110196680266 ], [ -69.962113229841634, -15.538892482701897 ], [ -69.962806604441198, -15.538160108102488 ] ], [ [ -69.965712855363961, -15.538177733015914 ], [ -69.965674867835531, -15.53816586636238 ], [ -69.966849604725439, -15.538064358183533 ], [ -69.965712855363961, -15.538177733015914 ] ], [ [ -69.802542733060648, -15.865296482046972 ], [ -69.803940230956869, -15.865166233235016 ], [ -69.801310978418883, -15.865272732750384 ], [ -69.802542733060648, -15.865296482046972 ] ], [ [ -69.936779979812172, -16.070459978744964 ], [ -69.936779995999984, -16.070459985040259 ], [ -69.936589980942813, -16.070499984186881 ], [ -69.936779979812172, -16.070459978744964 ] ], [ [ -69.933989977055774, -16.074849980642057 ], [ -69.933989979753733, -16.074849993232533 ], [ -69.933249979802667, -16.074829984216365 ], [ -69.933989977055774, -16.074849980642057 ] ], [ [ -69.926349977269581, -16.067409983783705 ], [ -69.926349977269581, -16.067409989179623 ], [ -69.925769981099734, -16.067789984220326 ], [ -69.926349977269581, -16.067409983783705 ] ], [ [ -69.911309977973076, -16.077869984112453 ], [ -69.91163997700329, -16.077769981299525 ], [ -69.911639980570939, -16.077769981608345 ], [ -69.911309977973076, -16.077869984112453 ] ], [ [ -69.906119979653283, -16.082169983657764 ], [ -69.906119985948578, -16.082170001644215 ], [ -69.904869977767248, -16.081449983729726 ], [ -69.906119979653283, -16.082169983657764 ] ], [ [ -69.902909979112223, -16.080229985925087 ], [ -69.902909977313584, -16.080229992220325 ], [ -69.902417010739669, -16.080285688050957 ], [ -69.902909979112223, -16.080229985925087 ] ], [ [ -69.897539978786938, -16.078709984178374 ], [ -69.897709978532646, -16.078639987245595 ], [ -69.897709981606042, -16.078639987937088 ], [ -69.897539978786938, -16.078709984178374 ] ], [ [ -69.893659977026289, -16.084819982656029 ], [ -69.893659978824928, -16.084819993447866 ], [ -69.89264997811398, -16.08516998440723 ], [ -69.893659977026289, -16.084819982656029 ] ], [ [ -69.891359983376503, -16.085929979884611 ], [ -69.891359981649799, -16.085929979884632 ], [ -69.892129980214349, -16.085429983806648 ], [ -69.891359983376503, -16.085929979884611 ] ], [ [ -69.88864997801403, -16.082839982179394 ], [ -69.888649971718792, -16.082839987575312 ], [ -69.888049980921835, -16.083249983100188 ], [ -69.88864997801403, -16.082839982179394 ] ], [ [ -69.878889977590347, -16.092279984034008 ], [ -69.880759978390245, -16.09229998135902 ], [ -69.881559981108182, -16.092229984426183 ], [ -69.880759969397047, -16.092299998446151 ], [ -69.878889977590347, -16.092279984034008 ] ], [ [ -69.870519981012251, -16.086959983316547 ], [ -69.869919978524138, -16.086929983731693 ], [ -69.869419978848896, -16.086999984261809 ], [ -69.869919978524138, -16.086929969342577 ], [ -69.870519981012251, -16.086959983316547 ] ], [ [ -69.871329977896096, -16.085189985329521 ], [ -69.871329977896096, -16.085189980832922 ], [ -69.871449977134716, -16.085159983946085 ], [ -69.871329977896096, -16.085189985329521 ] ], [ [ -69.870939982802682, -16.084159983805318 ], [ -69.870939979696288, -16.084159986394184 ], [ -69.870819980457668, -16.084149985033719 ], [ -69.870939982802682, -16.084159983805318 ] ], [ [ -69.846785982786855, -15.970856733751191 ], [ -69.846785971994962, -15.970856736449207 ], [ -69.844421105749404, -15.971111483807874 ], [ -69.846785982786855, -15.970856733751191 ] ], [ [ -69.839645295062184, -15.970025147371903 ], [ -69.839654849991291, -15.97001998293581 ], [ -69.839654858329894, -15.970019987028795 ], [ -69.839645295062184, -15.970025147371903 ] ], [ [ -69.839642349414873, -15.970026736844375 ], [ -69.837925102961094, -15.968597983909774 ], [ -69.839642357382587, -15.970026732544991 ], [ -69.839642349414873, -15.970026736844375 ] ], [ [ -69.758865227947865, -15.952896481987011 ], [ -69.762035101638617, -15.952173231909057 ], [ -69.762035107370991, -15.952173235730926 ], [ -69.758865227947865, -15.952896481987011 ] ], [ [ -69.75100810124286, -15.955293861422547 ], [ -69.751008089551647, -15.955293882106901 ], [ -69.749237854143587, -15.954765983663151 ], [ -69.75100810124286, -15.955293861422547 ] ], [ [ -69.747052084286224, -15.954706624810854 ], [ -69.745838103845358, -15.954978356765707 ], [ -69.749237854143587, -15.954765983663151 ], [ -69.747052084286224, -15.954706624810854 ] ], [ [ -69.743331728376518, -15.955842484742845 ], [ -69.743331745463649, -15.955842491038084 ], [ -69.742577725981221, -15.955661481791878 ], [ -69.743331728376518, -15.955842484742845 ] ], [ [ -69.609439978672015, -15.986209983104175 ], [ -69.609439978602296, -15.98620998315522 ], [ -69.60943751284033, -15.986179983069718 ], [ -69.609439978672015, -15.986209983104175 ] ], [ [ -69.608749980127413, -15.987549983744714 ], [ -69.608749979228094, -15.987549983744714 ], [ -69.608864574238879, -15.986897272120549 ], [ -69.608749980127413, -15.987549983744714 ] ], [ [ -69.609395273188809, -15.989707336881334 ], [ -69.609389979064247, -15.989679983944086 ], [ -69.6093899790976, -15.989679983217028 ], [ -69.609395273188809, -15.989707336881334 ] ], [ [ -69.610059978485197, -15.990559983156629 ], [ -69.610059978950048, -15.990559983723159 ], [ -69.60999768941825, -15.990512272546784 ], [ -69.610059978485197, -15.990559983156629 ] ], [ [ -69.611009979127175, -15.992579983679263 ], [ -69.611009980026495, -15.992579983679263 ], [ -69.611139979276572, -15.992844983758943 ], [ -69.611009979127175, -15.992579983679263 ] ], [ [ -69.610989979104204, -15.994499984086929 ], [ -69.610989978204884, -15.994499984986248 ], [ -69.610760887080858, -15.994595439215885 ], [ -69.610989979104204, -15.994499984086929 ] ], [ [ -69.609912478877746, -15.99599998401203 ], [ -69.609709979431955, -15.997259983661252 ], [ -69.609709979431955, -15.996719983940068 ], [ -69.609912478877746, -15.99599998401203 ] ], [ [ -69.611349979517911, -15.999289984645031 ], [ -69.611352610822138, -15.999293142361557 ], [ -69.611349978618591, -15.999289983745712 ], [ -69.611349979517911, -15.999289984645031 ] ], [ [ -69.613529980224371, -16.000779983209611 ], [ -69.613529979325051, -16.000779984108931 ], [ -69.612774318915172, -16.00040564783399 ], [ -69.613529980224371, -16.000779983209611 ] ], [ [ -69.61432997889537, -16.002504984067713 ], [ -69.614029979000293, -16.002369983687743 ], [ -69.614004770337445, -16.002314982950054 ], [ -69.61432997889537, -16.002504984067713 ] ], [ [ -69.614519979113709, -16.00287998382413 ], [ -69.614519980013029, -16.00287998292481 ], [ -69.614503825815731, -16.002903059815857 ], [ -69.614519979113709, -16.00287998382413 ] ], [ [ -69.615059978834893, -16.004009983773699 ], [ -69.614969979181183, -16.003599983752224 ], [ -69.61483010495968, -16.003472451558771 ], [ -69.615059978834893, -16.004009983773699 ] ], [ [ -69.614919979573358, -16.004139984372728 ], [ -69.614848339737719, -16.004169574355988 ], [ -69.615059978834893, -16.004009983773699 ], [ -69.614919979573358, -16.004139984372728 ] ], [ [ -69.614343663112919, -16.00465629896561 ], [ -69.614309979322059, -16.004609983563853 ], [ -69.614309979599483, -16.004609983045999 ], [ -69.614343663112919, -16.00465629896561 ] ], [ [ -69.614939978697009, -16.005109983239095 ], [ -69.614939978583976, -16.00510998394558 ], [ -69.614912189861471, -16.005062579602374 ], [ -69.614939978697009, -16.005109983239095 ] ], [ [ -69.614519979113709, -16.007669984382233 ], [ -69.614519980013029, -16.007669983482913 ], [ -69.614657477284368, -16.007751233020223 ], [ -69.614519979113709, -16.007669984382233 ] ], [ [ -69.615499977454874, -16.007569983890182 ], [ -69.614739979366504, -16.007799984081942 ], [ -69.614739975622967, -16.007799981869855 ], [ -69.615249978603572, -16.007519978364257 ], [ -69.615499977454874, -16.007569983890182 ] ], [ [ -69.617559979009798, -16.009189984330249 ], [ -69.616409979037257, -16.008539984033007 ], [ -69.616404750817864, -16.008535210442275 ], [ -69.616949979657818, -16.008769983847628 ], [ -69.617559979009798, -16.009189984330249 ] ], [ [ -69.6200499787235, -16.010829984416205 ], [ -69.62004997962282, -16.010829984416205 ], [ -69.620159978849898, -16.010894984266059 ], [ -69.6200499787235, -16.010829984416205 ] ], [ [ -69.621449979432953, -16.013859983851148 ], [ -69.621449974936354, -16.013859971260615 ], [ -69.621799966470263, -16.013859983851148 ], [ -69.621449979432953, -16.013859983851148 ] ], [ [ -69.622491293638234, -16.014237549823008 ], [ -69.622491294537554, -16.014237549823008 ], [ -69.622869979266113, -16.014809983593807 ], [ -69.622491293638234, -16.014237549823008 ] ], [ [ -69.62310997954188, -16.015049982970311 ], [ -69.623133402583278, -16.01505890725651 ], [ -69.622869979266113, -16.014809983593807 ], [ -69.62310997954188, -16.015049982970311 ] ], [ [ -69.625539979186669, -16.01586998391258 ], [ -69.624326353978006, -16.015264358863021 ], [ -69.624277113303449, -16.01521579102322 ], [ -69.625539979186669, -16.01586998391258 ] ], [ [ -69.628747525495029, -16.019031395042788 ], [ -69.629009979127204, -16.018749983624787 ], [ -69.62895997862006, -16.018899984246843 ], [ -69.628779979312583, -16.019029983946552 ], [ -69.628747525495029, -16.019031395042788 ] ], [ [ -69.629189977535418, -16.018139984272807 ], [ -69.629189979333972, -16.018139984272903 ], [ -69.629076645570706, -16.018259983811163 ], [ -69.629189977535418, -16.018139984272807 ] ], [ [ -69.630409978937337, -16.018479983764166 ], [ -69.630409963648844, -16.018479974770969 ], [ -69.630809979396986, -16.018419983695253 ], [ -69.630409978937337, -16.018479983764166 ] ], [ [ -69.630809979396986, -16.018419983695253 ], [ -69.632449978583622, -16.017439983468421 ], [ -69.632503977481974, -16.017415984857362 ], [ -69.631769978701527, -16.017939984042982 ], [ -69.630809979396986, -16.018419983695253 ] ], [ [ -69.632889976391255, -16.017429983007275 ], [ -69.632889976699133, -16.017429983263114 ], [ -69.632882631488442, -16.017428005719097 ], [ -69.632889976391255, -16.017429983007275 ] ], [ [ -69.633999979015755, -16.018189983880632 ], [ -69.633527774624355, -16.017959983616322 ], [ -69.633999989217273, -16.018189980055062 ], [ -69.633999979015755, -16.018189983880632 ] ], [ [ -69.634001979108007, -16.018189233846044 ], [ -69.634001980007326, -16.018189232946725 ], [ -69.634139979176666, -16.018139984272807 ], [ -69.634001979108007, -16.018189233846044 ] ], [ [ -69.634459977745735, -16.017579983629275 ], [ -69.634589979244083, -16.017489983975508 ], [ -69.634139979176666, -16.018139984272807 ], [ -69.634459977745735, -16.017579983629275 ] ], [ [ -69.634939979196645, -16.017659983721217 ], [ -69.634729984039311, -16.017479988385947 ], [ -69.635108493692854, -16.017910478342241 ], [ -69.634939979196645, -16.017659983721217 ] ], [ [ -69.635609978617595, -16.018359983626283 ], [ -69.635609980416234, -16.018359971935126 ], [ -69.635809978847419, -16.018359983626283 ], [ -69.635609978617595, -16.018359983626283 ] ], [ [ -69.636193103353648, -16.017629203108498 ], [ -69.636049978223866, -16.01777998475842 ], [ -69.636189978384778, -16.01762998413642 ], [ -69.636193103353648, -16.017629203108498 ] ], [ [ -69.636759978590078, -16.017709984228361 ], [ -69.636759965100282, -16.017709967141229 ], [ -69.636989979304076, -16.017699983767216 ], [ -69.636759978590078, -16.017709984228361 ] ], [ [ -69.637409978887376, -16.017189983630772 ], [ -69.637409971692819, -16.017189971040295 ], [ -69.637627326780972, -16.017283132728036 ], [ -69.637409978887376, -16.017189983630772 ] ], [ [ -69.638069978746501, -16.017349983814654 ], [ -69.638069977847181, -16.017349983814654 ], [ -69.638450227396049, -16.016982772857208 ], [ -69.638069978746501, -16.017349983814654 ] ], [ [ -69.638466977718821, -16.016966593058545 ], [ -69.640312287389804, -16.014853829486754 ], [ -69.640159978899874, -16.015039984307805 ], [ -69.640099978830904, -16.0157199841899 ], [ -69.639899978601079, -16.016139983773201 ], [ -69.638466977718821, -16.016966593058545 ] ], [ [ -69.640339980006047, -16.014819983155633 ], [ -69.640355235852084, -16.014817903585424 ], [ -69.640339979290772, -16.014819984029856 ], [ -69.640339980006047, -16.014819983155633 ] ], [ [ -69.641008292732252, -16.014776689657801 ], [ -69.642889976191384, -16.013909984358236 ], [ -69.643039979851849, -16.013812483395412 ], [ -69.641008292732252, -16.014776689657801 ] ], [ [ -69.64309162685835, -16.013779866068848 ], [ -69.644059978884854, -16.013799983782178 ], [ -69.643699979370524, -16.013879983874119 ], [ -69.64309162685835, -16.013779866068848 ] ], [ [ -69.645099979180657, -16.012559984155871 ], [ -69.645099977382017, -16.012559984155871 ], [ -69.645118610493427, -16.012545304919747 ], [ -69.645099979180657, -16.012559984155871 ] ], [ [ -69.645839979131665, -16.01232998434125 ], [ -69.645839980031042, -16.01232998434125 ], [ -69.646084986931001, -16.012504989847979 ], [ -69.645839979131665, -16.01232998434125 ] ], [ [ -69.646649981045584, -16.012759982945358 ], [ -69.646649978713526, -16.012759984385752 ], [ -69.646361979515675, -16.012687984383945 ], [ -69.646649981045584, -16.012759982945358 ] ], [ [ -69.647329978595621, -16.012339983903075 ], [ -69.647649996050461, -16.012210026471507 ], [ -69.647649978963329, -16.012219982865872 ], [ -69.647329978595621, -16.012339983903075 ] ], [ [ -69.647859979654299, -16.012899983647287 ], [ -69.64789664561367, -16.012953317041916 ], [ -69.647649978963329, -16.012219982865872 ], [ -69.647859979654299, -16.012899983647287 ] ], [ [ -69.648799978935813, -16.013219984014995 ], [ -69.648799978036493, -16.013219983115675 ], [ -69.649179978473171, -16.013355237901081 ], [ -69.648799978935813, -16.013219984014995 ] ], [ [ -69.650159977800683, -16.014189982881362 ], [ -69.650159977812208, -16.014189982904419 ], [ -69.650149978238858, -16.014180113190044 ], [ -69.650159977800683, -16.014189982881362 ] ], [ [ -69.650749978928332, -16.015799984281784 ], [ -69.650749979827651, -16.015799984281784 ], [ -69.650539979136681, -16.016019983635317 ], [ -69.650749978928332, -16.015799984281784 ] ], [ [ -69.650469979505885, -16.016619984324791 ], [ -69.650569978721478, -16.016889984185354 ], [ -69.650539979136681, -16.016019983635317 ], [ -69.650469979505885, -16.016619984324791 ] ], [ [ -69.650569978721478, -16.016889984185354 ], [ -69.65115996815797, -16.016719970050531 ], [ -69.651299979110718, -16.016739983563355 ], [ -69.650869979066215, -16.016969984277296 ], [ -69.650709978882389, -16.016989984300267 ], [ -69.650569978721478, -16.016889984185354 ] ], [ [ -69.65160997901728, -16.018879984223872 ], [ -69.651564979190397, -16.018794983901358 ], [ -69.65150997926969, -16.019039983819972 ], [ -69.65160997901728, -16.018879984223872 ] ], [ [ -69.650609978767477, -16.019779984358763 ], [ -69.650609979666797, -16.019779983459443 ], [ -69.650616966684495, -16.019874321081389 ], [ -69.650609978767477, -16.019779984358763 ] ], [ [ -69.651019979688272, -16.021239984237809 ], [ -69.651019978788952, -16.021239984237809 ], [ -69.650949979158156, -16.020809984193363 ], [ -69.651019979688272, -16.021239984237809 ] ], [ [ -69.650589978744506, -16.021749984374253 ], [ -69.650589978744506, -16.021749985273573 ], [ -69.650499979090739, -16.022539983933086 ], [ -69.650589978744506, -16.021749984374253 ] ], [ [ -69.65030997932206, -16.024159983996014 ], [ -69.65030998022138, -16.024159983996014 ], [ -69.650669979286079, -16.024289984145412 ], [ -69.65030997932206, -16.024159983996014 ] ], [ [ -69.65091997867404, -16.025819984104942 ], [ -69.650919979573359, -16.025819984104942 ], [ -69.650972860115786, -16.025917611044342 ], [ -69.65091997867404, -16.025819984104942 ] ], [ [ -69.651049979273068, -16.026059984380709 ], [ -69.651519978464194, -16.026289983296067 ], [ -69.651519979216204, -16.026289984123302 ], [ -69.651049979273068, -16.026059984380709 ] ], [ [ -69.651059978834894, -16.027109984238336 ], [ -69.651059979734214, -16.027109984238336 ], [ -69.651082478973166, -16.027172484197749 ], [ -69.651059978834894, -16.027109984238336 ] ], [ [ -69.650479979067768, -16.030509983648756 ], [ -69.650479979967088, -16.030509984548075 ], [ -69.650484921591584, -16.03052944287943 ], [ -69.650479979067768, -16.030509983648756 ] ], [ [ -69.650668603772999, -16.036961859402254 ], [ -69.650668604672319, -16.036961859402254 ], [ -69.650967187085982, -16.037536109204041 ], [ -69.650668603772999, -16.036961859402254 ] ], [ [ -69.651826229097139, -16.039387483845246 ], [ -69.651826229097139, -16.039387482945926 ], [ -69.651850506344488, -16.039504607951244 ], [ -69.651826229097139, -16.039387483845246 ] ], [ [ -69.653279978688033, -16.055439983968029 ], [ -69.652499978691026, -16.054079984203838 ], [ -69.651739978716989, -16.053229983676772 ], [ -69.653279978688033, -16.055439983968029 ] ], [ [ -69.658289978599612, -16.062619984124922 ], [ -69.657589978694546, -16.061829983666769 ], [ -69.657264804625868, -16.061655158959528 ], [ -69.658289978599612, -16.062619984124922 ] ], [ [ -69.662339979206649, -16.064939984092973 ], [ -69.662339980105969, -16.064939984092973 ], [ -69.663159979249599, -16.065919984319748 ], [ -69.662339979206649, -16.064939984092973 ] ], [ [ -69.665679979447475, -16.067019983785201 ], [ -69.665679980346795, -16.067019983785201 ], [ -69.665769979400991, -16.067119983900113 ], [ -69.665679979447475, -16.067019983785201 ] ], [ [ -69.666259979214658, -16.067529983921588 ], [ -69.666259980113978, -16.067529983921588 ], [ -69.666434976425663, -16.067594982969172 ], [ -69.666259979214658, -16.067529983921588 ] ], [ [ -69.672679977598875, -16.068939984192866 ], [ -69.673329978795437, -16.068779984008984 ], [ -69.672679979397515, -16.068939984192866 ], [ -69.672139978776954, -16.069409984283311 ], [ -69.671702104268661, -16.069579859023236 ], [ -69.671661335293081, -16.069595599402724 ], [ -69.672139976078995, -16.069409984283311 ], [ -69.672679977598875, -16.068939984192866 ] ], [ [ -69.673759976141923, -16.068629984286304 ], [ -69.67438997911421, -16.068519983710246 ], [ -69.673329978795437, -16.068779984008984 ], [ -69.673759976141923, -16.068629984286304 ] ], [ [ -69.67438997911421, -16.068519983710246 ], [ -69.675799978486168, -16.068229983826654 ], [ -69.67740997742105, -16.067719984434248 ], [ -69.67438997911421, -16.068519983710246 ] ], [ [ -69.678429979260102, -16.067729984151413 ], [ -69.677919979543404, -16.067649984125303 ], [ -69.67857366294443, -16.067853141858841 ], [ -69.678429979260102, -16.067729984151413 ] ], [ [ -69.679869979116177, -16.068999984261836 ], [ -69.679869980015553, -16.068999984261836 ], [ -69.679878435589089, -16.069001285259919 ], [ -69.679869979116177, -16.068999984261836 ] ], [ [ -69.681799979310568, -16.069297484041613 ], [ -69.681359978580133, -16.069009983823662 ], [ -69.680698093169539, -16.069057749123466 ], [ -69.681799979310568, -16.069297484041613 ] ], [ [ -69.682519979013762, -16.069969984027523 ], [ -69.682519979913081, -16.069969984027523 ], [ -69.682779979312556, -16.070239983888086 ], [ -69.682519979013762, -16.069969984027523 ] ], [ [ -69.686676557109891, -16.07657833941067 ], [ -69.685859979254587, -16.075489984075432 ], [ -69.68471558744956, -16.07456998301825 ], [ -69.686676557109891, -16.07657833941067 ] ], [ [ -69.688289978899377, -16.080279983734215 ], [ -69.688289979798697, -16.080279982834895 ], [ -69.68820406344328, -16.080627941138253 ], [ -69.688289978899377, -16.080279983734215 ] ], [ [ -69.689684479355208, -16.084591483809902 ], [ -69.68968449554302, -16.084591479313247 ], [ -69.692149037625725, -16.084360283154204 ], [ -69.689684479355208, -16.084591483809902 ] ], [ [ -69.695109603625269, -16.083957859267741 ], [ -69.695109583840178, -16.083957850274544 ], [ -69.696970729015902, -16.084076609348017 ], [ -69.695109603625269, -16.083957859267741 ] ], [ [ -69.701524603577582, -16.085790859260726 ], [ -69.701524602678205, -16.085790858361406 ], [ -69.701694600695902, -16.085856666748214 ], [ -69.701524603577582, -16.085790859260726 ] ], [ [ -69.701126854120957, -16.09254885884269 ], [ -69.701126855020277, -16.09254885794337 ], [ -69.701084516851523, -16.092598473736849 ], [ -69.701126854120957, -16.09254885884269 ] ], [ [ -69.698761728870636, -16.095341734033752 ], [ -69.699859354125863, -16.094468734244629 ], [ -69.699949166495799, -16.094254859274272 ], [ -69.699859355025183, -16.094468734244629 ], [ -69.698761729769956, -16.095341734033752 ], [ -69.698493569358718, -16.095792323492947 ], [ -69.698761728870636, -16.095341734033752 ] ], [ [ -69.695080855398146, -16.098300275570882 ], [ -69.696716728993806, -16.097466859008307 ], [ -69.697388729406271, -16.096964859240813 ], [ -69.696716729893126, -16.097466859008307 ], [ -69.695080855398146, -16.098300275570882 ] ], [ [ -69.692469229171536, -16.099934733601003 ], [ -69.692469230070856, -16.099934733601003 ], [ -69.692379372550931, -16.100066251397319 ], [ -69.692469229171536, -16.099934733601003 ] ], [ [ -69.690639979351545, -16.101589984390216 ], [ -69.690639980250864, -16.101589984390216 ], [ -69.690566645933927, -16.101666650995089 ], [ -69.690639979351545, -16.101589984390216 ] ], [ [ -69.687469978856427, -16.103029984246348 ], [ -69.687469979755747, -16.103029984246348 ], [ -69.687434791532382, -16.10308285898671 ], [ -69.687469978856427, -16.103029984246348 ] ], [ [ -69.687329978695516, -16.103239984037998 ], [ -69.687329979594836, -16.103239984937318 ], [ -69.687209978557632, -16.103799983782153 ], [ -69.687329978695516, -16.103239984037998 ] ], [ [ -69.685799979185674, -16.104139984172889 ], [ -69.685799978286354, -16.104139984172889 ], [ -69.68566571945216, -16.10406211364819 ], [ -69.685799979185674, -16.104139984172889 ] ], [ [ -69.684909978612609, -16.10373998371324 ], [ -69.684909978612609, -16.103739989109158 ], [ -69.684719979743249, -16.10373998371324 ], [ -69.684909978612609, -16.10373998371324 ] ], [ [ -69.68465331210065, -16.103766650410552 ], [ -69.68471997884393, -16.10373998371324 ], [ -69.684719979743249, -16.10373998371324 ], [ -69.68465331210065, -16.103766650410552 ] ], [ [ -69.683509978802419, -16.104229983826656 ], [ -69.683509979701739, -16.104229984725976 ], [ -69.683385590353325, -16.10424656900291 ], [ -69.683509978802419, -16.104229983826656 ] ], [ [ -69.682539977746387, -16.104229984709566 ], [ -69.68253997903679, -16.104229983826656 ], [ -69.682571743470049, -16.104228959212108 ], [ -69.682539977746387, -16.104229984709566 ] ], [ [ -69.679760353557413, -16.106138983727078 ], [ -69.679760353557413, -16.106138984626398 ], [ -69.679667272262208, -16.106173196406772 ], [ -69.679760353557413, -16.106138983727078 ] ], [ [ -69.679279978887848, -16.106429983656767 ], [ -69.679279978887848, -16.106429984556087 ], [ -69.679145534214285, -16.106625539812061 ], [ -69.679279978887848, -16.106429983656767 ] ], [ [ -69.67859997900581, -16.107859983951073 ], [ -69.67859997990513, -16.107859983951073 ], [ -69.678529126708654, -16.107988630961348 ], [ -69.67859997900581, -16.107859983951073 ] ], [ [ -69.67832997914519, -16.108349984064489 ], [ -69.678329980044509, -16.108349984064489 ], [ -69.678124979134452, -16.108589983890596 ], [ -69.67832997914519, -16.108349984064489 ] ], [ [ -69.677329978733965, -16.109169984484073 ], [ -69.677329978895386, -16.109169984107439 ], [ -69.677364978261096, -16.10914519295563 ], [ -69.677329978733965, -16.109169984484073 ] ], [ [ -69.675569978671547, -16.109619984174856 ], [ -69.675569953490538, -16.109620007557282 ], [ -69.675455229904031, -16.109629546213878 ], [ -69.675569978671547, -16.109619984174856 ] ], [ [ -69.674689978559627, -16.110769984147396 ], [ -69.674689965069774, -16.11076999224133 ], [ -69.674457425205361, -16.110705660917077 ], [ -69.674689978559627, -16.110769984147396 ] ], [ [ -69.673849979392969, -16.110769984147396 ], [ -69.673849979392969, -16.110769985046716 ], [ -69.673727478651102, -16.110918734917089 ], [ -69.673849979392969, -16.110769984147396 ] ], [ [ -69.673239987235604, -16.111389983960521 ], [ -69.673239979730894, -16.111389983619397 ], [ -69.673395433696356, -16.111299984110087 ], [ -69.673239987235604, -16.111389983960521 ] ], [ [ -69.672889979189165, -16.111269983822638 ], [ -69.672889977390525, -16.111269983822638 ], [ -69.672739983705895, -16.111201804169017 ], [ -69.672889979189165, -16.111269983822638 ] ], [ [ -69.672559985363435, -16.111119986874439 ], [ -69.672299977545521, -16.111129984546363 ], [ -69.672559979259574, -16.111119984099957 ], [ -69.672559985363435, -16.111119986874439 ] ], [ [ -69.671659979124684, -16.113169984207332 ], [ -69.671659980024003, -16.113169984207332 ], [ -69.671639979101712, -16.113294984126156 ], [ -69.671659979124684, -16.113169984207332 ] ], [ [ -69.682546104319215, -16.128466358635478 ], [ -69.682546105218535, -16.128466357736158 ], [ -69.683600854395877, -16.128918483800931 ], [ -69.682546104319215, -16.128466358635478 ] ], [ [ -69.68425560401289, -16.12919910825218 ], [ -69.684421456079576, -16.12921263136348 ], [ -69.683600854395877, -16.128918483800931 ], [ -69.68425560401289, -16.12919910825218 ] ], [ [ -69.684438800585511, -16.129214047391645 ], [ -69.685610479440015, -16.128984734158109 ], [ -69.684738228786216, -16.129238609174422 ], [ -69.684438800585511, -16.129214047391645 ] ], [ [ -69.687691479178397, -16.127852109087542 ], [ -69.687609004732636, -16.127890535467788 ], [ -69.688315974741229, -16.127847358902358 ], [ -69.687691479178397, -16.127852109087542 ] ], [ [ -69.689055729138545, -16.130387109077787 ], [ -69.689055730037865, -16.130387109077787 ], [ -69.688945353994853, -16.131198671681318 ], [ -69.689055729138545, -16.130387109077787 ] ], [ [ -69.68715926039151, -16.145589640599397 ], [ -69.687531979017592, -16.144686859311037 ], [ -69.687951603583599, -16.144156859151678 ], [ -69.68715926039151, -16.145589640599397 ] ], [ [ -69.686913604279368, -16.14873948413981 ], [ -69.686913604279368, -16.14873948324049 ], [ -69.687021723109481, -16.148885239426694 ], [ -69.686913604279368, -16.14873948413981 ] ], [ [ -69.687852104391084, -16.149523484321321 ], [ -69.687852105290403, -16.149523484321321 ], [ -69.688434729279265, -16.149743983697817 ], [ -69.687852104391084, -16.149523484321321 ] ], [ [ -69.691282980699398, -16.149205355393892 ], [ -69.690612103965407, -16.149553483906118 ], [ -69.689909228927718, -16.149743983697817 ], [ -69.691282980699398, -16.149205355393892 ] ], [ [ -69.692848354567843, -16.148513598723582 ], [ -69.692848353668523, -16.148513608616099 ], [ -69.692107328403438, -16.148652434088493 ], [ -69.692848354567843, -16.148513598723582 ] ], [ [ -69.692438228488228, -16.155934984327391 ], [ -69.693293291452193, -16.155080233815681 ], [ -69.693082729584262, -16.155344108843508 ], [ -69.692438228488228, -16.155934984327391 ] ], [ [ -69.691764479047436, -16.156881983716517 ], [ -69.691764479946755, -16.156881983716517 ], [ -69.691417854250517, -16.157697359445535 ], [ -69.691764479047436, -16.156881983716517 ] ], [ [ -69.693790853964686, -16.162839234143291 ], [ -69.693790854864005, -16.162839235042611 ], [ -69.69394032934234, -16.163338092851752 ], [ -69.693790853964686, -16.162839234143291 ] ], [ [ -69.697136978588674, -16.165883234223827 ], [ -69.697136977689354, -16.165883233324507 ], [ -69.698393853093819, -16.165915033492936 ], [ -69.697136978588674, -16.165883234223827 ] ], [ [ -69.699095853990457, -16.165932858814358 ], [ -69.699095854889777, -16.165932857915038 ], [ -69.699525311937279, -16.166080303882801 ], [ -69.699095853990457, -16.165932858814358 ] ], [ [ -69.701470477880207, -16.167237982846586 ], [ -69.701470478735274, -16.1672379837173 ], [ -69.701221348970876, -16.167076927259703 ], [ -69.701470477880207, -16.167237982846586 ] ], [ [ -69.703559603892586, -16.170020859375143 ], [ -69.703559603892586, -16.170020858475766 ], [ -69.703628590147957, -16.170253887385478 ], [ -69.703559603892586, -16.170020859375143 ] ], [ [ -69.70392685374128, -16.17157148303744 ], [ -69.703926853698718, -16.171571483590789 ], [ -69.703919706805578, -16.171513376888893 ], [ -69.70392685374128, -16.17157148303744 ] ], [ [ -69.703934604098663, -16.175936858798934 ], [ -69.703934604098663, -16.175936857899615 ], [ -69.704404229171814, -16.177465234133194 ], [ -69.703934604098663, -16.175936858798934 ] ], [ [ -69.703948573365409, -16.181109077619311 ], [ -69.704467979413664, -16.179908984412066 ], [ -69.704524729332775, -16.17939323401049 ], [ -69.703948573365409, -16.181109077619311 ] ], [ [ -69.704444229217756, -16.189009609106108 ], [ -69.704250604281924, -16.188130734046069 ], [ -69.704250604281924, -16.18813073314675 ], [ -69.704444229217756, -16.189009609106108 ] ], [ [ -69.710209978907358, -16.198509984248346 ], [ -69.710209965417505, -16.198509970758494 ], [ -69.710360228641605, -16.198490234236885 ], [ -69.710209978907358, -16.198509984248346 ] ], [ [ -69.710589976646077, -16.198459983741202 ], [ -69.710964478627773, -16.198424858920077 ], [ -69.710360228641605, -16.198490234236885 ], [ -69.710589976646077, -16.198459983741202 ] ], [ [ -69.712410101944613, -16.197767609187792 ], [ -69.712410103743252, -16.197767609187792 ], [ -69.711304104001158, -16.198308358943564 ], [ -69.712410101944613, -16.197767609187792 ] ], [ [ -69.714129852110943, -16.197931732763209 ], [ -69.714129852141923, -16.197931732792767 ], [ -69.714122837583503, -16.197928281349746 ], [ -69.714129852110943, -16.197931732763209 ] ], [ [ -69.715664728644299, -16.199878734416018 ], [ -69.715664729543619, -16.199878735315338 ], [ -69.715727462429996, -16.20025727128187 ], [ -69.715664728644299, -16.199878734416018 ] ], [ [ -69.7188906040181, -16.203346109235497 ], [ -69.7188906040181, -16.203346108336177 ], [ -69.719257180830311, -16.203502007333672 ], [ -69.7188906040181, -16.203346109235497 ] ], [ [ -69.719956353702742, -16.203871984204682 ], [ -69.719956353702742, -16.203871983305362 ], [ -69.720367163384012, -16.204171799019104 ], [ -69.719956353702742, -16.203871984204682 ] ], [ [ -69.725846478731967, -16.208459109400337 ], [ -69.725846482329246, -16.208459088715927 ], [ -69.726368604427535, -16.208409108893193 ], [ -69.725846478731967, -16.208459109400337 ] ], [ [ -69.726368604427535, -16.208409108893193 ], [ -69.726800102742516, -16.20824560944726 ], [ -69.727667666129861, -16.207635734201716 ], [ -69.726368604427535, -16.208409108893193 ] ], [ [ -69.729648979561574, -16.206018733427623 ], [ -69.729648978717364, -16.206018734277109 ], [ -69.729542354196269, -16.206115151046578 ], [ -69.729648979561574, -16.206018733427623 ] ], [ [ -69.73044910104511, -16.205213609020802 ], [ -69.731816228835839, -16.204848984293164 ], [ -69.729650632544775, -16.206017070114413 ], [ -69.73044910104511, -16.205213609020802 ] ], [ [ -69.73282410175085, -16.204828734258626 ], [ -69.732836006601289, -16.204827940074164 ], [ -69.731816228835839, -16.204848984293164 ], [ -69.73282410175085, -16.204828734258626 ] ], [ [ -69.736836020865624, -16.20522635900922 ], [ -69.737725478847722, -16.205233859055284 ], [ -69.737366104362195, -16.205309733956994 ], [ -69.737031854236648, -16.205289483922513 ], [ -69.736836020865624, -16.20522635900922 ] ], [ [ -69.73947997881794, -16.205089983715709 ], [ -69.73880997939699, -16.204939983993029 ], [ -69.738718394358173, -16.204935149081518 ], [ -69.73880997849767, -16.204939983093709 ], [ -69.73947997971726, -16.205089982816389 ], [ -69.739756900345185, -16.20512075277432 ], [ -69.73947997881794, -16.205089983715709 ] ], [ [ -69.740929979135217, -16.205279984383708 ], [ -69.740929980034537, -16.205279984383708 ], [ -69.741539979386516, -16.205429984106445 ], [ -69.740929979135217, -16.205279984383708 ] ], [ [ -69.742119988146897, -16.205459962107511 ], [ -69.742609979267115, -16.205259984360737 ], [ -69.741539979386516, -16.205429984106445 ], [ -69.742119988146897, -16.205459962107511 ] ], [ [ -69.74341997884892, -16.204449983879613 ], [ -69.74341997884892, -16.204449982980293 ], [ -69.743427887627732, -16.204449264899722 ], [ -69.74341997884892, -16.204449983879613 ] ], [ [ -69.744589978844402, -16.204789984270292 ], [ -69.743959978570103, -16.2044999843867 ], [ -69.743952658141978, -16.204498383028263 ], [ -69.744589978844402, -16.204789984270292 ] ], [ [ -69.745739978816914, -16.205949983804658 ], [ -69.745739979716234, -16.205949983804658 ], [ -69.745793517695233, -16.205972137857621 ], [ -69.745739978816914, -16.205949983804658 ] ], [ [ -69.747119977704756, -16.206409983433957 ], [ -69.747119977974862, -16.206409984002111 ], [ -69.746929978835396, -16.206309984218365 ], [ -69.747119977704756, -16.206409983433957 ] ], [ [ -69.747729979754695, -16.207389983660789 ], [ -69.747729978855375, -16.207389983660789 ], [ -69.747569979121181, -16.207204983673023 ], [ -69.747729979754695, -16.207389983660789 ] ], [ [ -69.749219979218651, -16.20822998372671 ], [ -69.749219980117971, -16.20822998372671 ], [ -69.749374979171932, -16.208414983714476 ], [ -69.749219979218651, -16.20822998372671 ] ], [ [ -69.751024979269346, -16.209174984587833 ], [ -69.750579978982785, -16.208879984024009 ], [ -69.749751031241033, -16.208658931008866 ], [ -69.751024979269346, -16.209174984587833 ] ], [ [ -69.751479980017052, -16.210749983025266 ], [ -69.751479979117676, -16.210749983924586 ], [ -69.751269979326025, -16.209549984344278 ], [ -69.751479980017052, -16.210749983025266 ] ], [ [ -69.753259979364543, -16.213289984145433 ], [ -69.752339979206624, -16.21331998373023 ], [ -69.752183759834935, -16.213246468926236 ], [ -69.752339979206624, -16.213319969341057 ], [ -69.753029965160749, -16.213249968810942 ], [ -69.753259979364543, -16.213289984145433 ] ], [ [ -69.754979978643064, -16.217649983759713 ], [ -69.754979978643064, -16.21725998376121 ], [ -69.754939978597122, -16.21700998392356 ], [ -69.754979979542384, -16.21725998376121 ], [ -69.754979979542384, -16.217649982860394 ], [ -69.755044593463381, -16.217754983205879 ], [ -69.754979978643064, -16.217649983759713 ] ], [ [ -69.755169979311063, -16.217859983551364 ], [ -69.755169980210383, -16.217859982652044 ], [ -69.755350887142342, -16.217916840603806 ], [ -69.755169979311063, -16.217859983551364 ] ], [ [ -69.757089976121449, -16.216819984154881 ], [ -69.757789978724475, -16.216069983742727 ], [ -69.755799976815538, -16.217923317309161 ], [ -69.757089976121449, -16.216819984154881 ] ], [ [ -69.757789978724475, -16.216069983742727 ], [ -69.757749976879893, -16.215519983560341 ], [ -69.757436645284898, -16.215153317371669 ], [ -69.757789978724475, -16.216069983742727 ] ], [ [ -69.757659979024766, -16.2145599842558 ], [ -69.757659979024766, -16.214559977061242 ], [ -69.757847637849011, -16.214568920007594 ], [ -69.757659979024766, -16.2145599842558 ] ], [ [ -69.758209979207152, -16.21467998439374 ], [ -69.758209979207152, -16.21467998349442 ], [ -69.758389979414005, -16.214789984070478 ], [ -69.758209979207152, -16.21467998439374 ] ], [ [ -69.758869981659899, -16.215859982816347 ], [ -69.758869979066219, -16.215859983951077 ], [ -69.758743979552861, -16.215792784009153 ], [ -69.758869981659899, -16.215859982816347 ] ], [ [ -69.759289977750257, -16.215429984805894 ], [ -69.759289978255509, -16.215429984452207 ], [ -69.759029979250101, -16.215789984320281 ], [ -69.759289977750257, -16.215429984805894 ] ], [ [ -69.760219968476747, -16.215219974222407 ], [ -69.760219979268584, -16.215219984114924 ], [ -69.759759978739964, -16.215389983860632 ], [ -69.759301516285134, -16.215421907613571 ], [ -69.760219968476747, -16.215219974222407 ] ], [ [ -69.760629979290059, -16.215909983558845 ], [ -69.760629980189378, -16.215909982659525 ], [ -69.760694174780198, -16.216043313336943 ], [ -69.760629979290059, -16.215909983558845 ] ], [ [ -69.761079980256852, -16.216659983971056 ], [ -69.761079979357532, -16.216659983971056 ], [ -69.761035178685873, -16.216557583093621 ], [ -69.761079980256852, -16.216659983971056 ] ], [ [ -69.761073312505559, -16.218196650332871 ], [ -69.761059979334561, -16.218149984334275 ], [ -69.761059979401182, -16.218149983668113 ], [ -69.761073312505559, -16.218196650332871 ] ], [ [ -69.762629977991025, -16.219149982785439 ], [ -69.762629978076632, -16.219149982956644 ], [ -69.762439979121723, -16.21897998393905 ], [ -69.762629977991025, -16.219149982785439 ] ], [ [ -69.762559979259606, -16.219679983844117 ], [ -69.762559980158926, -16.219679983844117 ], [ -69.762344979237369, -16.21968748396516 ], [ -69.762559979259606, -16.219679983844117 ] ], [ [ -69.763479979417468, -16.22182998406646 ], [ -69.763479979417468, -16.22182998316714 ], [ -69.763499978541148, -16.221869982763451 ], [ -69.763479979417468, -16.22182998406646 ] ], [ [ -69.762699979420461, -16.222689984155409 ], [ -69.76269998031978, -16.222689984155409 ], [ -69.762703312607741, -16.222769984247332 ], [ -69.762699979420461, -16.222689984155409 ] ], [ [ -69.76309997898079, -16.223749983574862 ], [ -69.76309997988011, -16.223749983574862 ], [ -69.76288997918914, -16.224129984011483 ], [ -69.76309997898079, -16.223749983574862 ] ], [ [ -69.763139979026789, -16.224609983663754 ], [ -69.763139979926109, -16.224609983663754 ], [ -69.763202913129675, -16.224618517107938 ], [ -69.763139979026789, -16.224609983663754 ] ], [ [ -69.764109978792433, -16.224907483893219 ], [ -69.763949978608593, -16.224759984285811 ], [ -69.763907201231305, -16.224746373159054 ], [ -69.764109978792433, -16.224907483893219 ] ], [ [ -69.763539978587119, -16.225919983820177 ], [ -69.763539979486438, -16.225919984719496 ], [ -69.763259979164673, -16.226359984325768 ], [ -69.763539978587119, -16.225919983820177 ] ], [ [ -69.763329978795468, -16.226719983840155 ], [ -69.763259979164673, -16.226549984094447 ], [ -69.763259979164673, -16.226549983195127 ], [ -69.763329978795468, -16.226719983840155 ] ], [ [ -69.764089978769448, -16.228939983693238 ], [ -69.764089979668768, -16.228939983693238 ], [ -69.764199979345506, -16.229059983831121 ], [ -69.764089978769448, -16.228939983693238 ] ], [ [ -69.764269979875621, -16.229369982838364 ], [ -69.764260769060783, -16.229392087733775 ], [ -69.764199979345506, -16.229059983831121 ], [ -69.764269979875621, -16.229369982838364 ] ], [ [ -69.763739978816943, -16.230509984148398 ], [ -69.763669979186147, -16.230089983665778 ], [ -69.763669979289517, -16.23008998338668 ], [ -69.763739978816943, -16.230509984148398 ] ], [ [ -69.764996341968313, -16.232711801777807 ], [ -69.764269978976301, -16.232359984026004 ], [ -69.764224979149418, -16.232289983945549 ], [ -69.764996341968313, -16.232711801777807 ] ], [ [ -69.765269979226105, -16.232919983770216 ], [ -69.765199465033177, -16.232830238800595 ], [ -69.765319978833929, -16.233059983931071 ], [ -69.765269979226105, -16.232919983770216 ] ], [ [ -69.765117569099729, -16.234210586054846 ], [ -69.765259978764959, -16.233629984136428 ], [ -69.7653061328717, -16.233476137114021 ], [ -69.765117569099729, -16.234210586054846 ] ], [ [ -69.765769728889836, -16.237409483960448 ], [ -69.765769729789156, -16.237409484859768 ], [ -69.765770046350497, -16.237410118881826 ], [ -69.765769728889836, -16.237409483960448 ] ], [ [ -69.765755932489427, -16.238498635536612 ], [ -69.765709978832433, -16.23978998402049 ], [ -69.765709978832433, -16.238989984000511 ], [ -69.765755932489427, -16.238498635536612 ] ], [ [ -69.767279980186913, -16.245209983953544 ], [ -69.767279981086233, -16.245209983953544 ], [ -69.76730690267479, -16.245229214252639 ], [ -69.767279980186913, -16.245209983953544 ] ], [ [ -69.767819979908097, -16.245539983883077 ], [ -69.767819979908097, -16.245539982983757 ], [ -69.767919980023009, -16.24569998406696 ], [ -69.767819979908097, -16.245539983883077 ] ], [ [ -69.768139981175125, -16.246359983026764 ], [ -69.768479989592294, -16.2465699784069 ], [ -69.767919980023009, -16.24569998406696 ], [ -69.768139981175125, -16.246359983026764 ] ], [ [ -69.769499980039996, -16.246539984132937 ], [ -69.768849979742754, -16.246369984387229 ], [ -69.768754497650917, -16.246421596159404 ], [ -69.769499980039996, -16.246539984132937 ] ], [ [ -69.770469979805682, -16.248099984126895 ], [ -69.770469980705002, -16.248099983227576 ], [ -69.77051283675307, -16.248249983250066 ], [ -69.770469979805682, -16.248099984126895 ] ], [ [ -69.770819979758244, -16.248859984100932 ], [ -69.770819980657564, -16.248859983201612 ], [ -69.77139998042469, -16.249049983869611 ], [ -69.770819979758244, -16.248859984100932 ] ], [ [ -69.77139998042469, -16.249049983869611 ], [ -69.771679980746455, -16.249499983937085 ], [ -69.77166998028531, -16.249679984143881 ], [ -69.77139998042469, -16.249049983869611 ] ], [ [ -69.771239981140184, -16.250249984349239 ], [ -69.771069979701124, -16.250579984973758 ], [ -69.77166998028531, -16.249679984143881 ], [ -69.771239981140184, -16.250249984349239 ] ], [ [ -69.771469980055485, -16.25168998420537 ], [ -69.771469980055485, -16.251689983306051 ], [ -69.771474828443516, -16.251725134964023 ], [ -69.771469980055485, -16.25168998420537 ] ], [ [ -69.772469980305289, -16.25323998373824 ], [ -69.771789980423193, -16.252919984269795 ], [ -69.771789979775676, -16.252919983488972 ], [ -69.772469980305289, -16.25323998373824 ] ], [ [ -69.77342997960983, -16.256519983910096 ], [ -69.77342998050915, -16.256519983910096 ], [ -69.773999979815187, -16.257319983930074 ], [ -69.77342997960983, -16.256519983910096 ] ], [ [ -69.774869980365281, -16.258589984040498 ], [ -69.774869980365281, -16.258589983141178 ], [ -69.775169979810698, -16.258989983600827 ], [ -69.774869980365281, -16.258589984040498 ] ], [ [ -69.776249980152443, -16.260279983734222 ], [ -69.776249980152443, -16.260279982834902 ], [ -69.776277479228526, -16.260307483035124 ], [ -69.776249980152443, -16.260279983734222 ] ], [ [ -69.778929979634825, -16.262799983932041 ], [ -69.778750947591647, -16.262359661005014 ], [ -69.779334979875387, -16.263129983861603 ], [ -69.778929979634825, -16.262799983932041 ] ], [ [ -69.781062354044366, -16.265162669177293 ], [ -69.781009980226372, -16.265119983900092 ], [ -69.781009979724274, -16.26511998332451 ], [ -69.781062354044366, -16.265162669177293 ] ], [ [ -69.784579980281819, -16.26698998380067 ], [ -69.784579981181139, -16.26698998290135 ], [ -69.78462303427807, -16.267003139275054 ], [ -69.784579980281819, -16.26698998380067 ] ], [ [ -69.79574235472586, -16.271176234395682 ], [ -69.79574235562518, -16.271176234395682 ], [ -69.796666355068197, -16.271638171614285 ], [ -69.79574235472586, -16.271176234395682 ] ], [ [ -69.801840605359587, -16.274354609377667 ], [ -69.801840605359587, -16.274354608478347 ], [ -69.803281855273383, -16.274835109053015 ], [ -69.801840605359587, -16.274354609377667 ] ], [ [ -69.807343854635121, -16.277864484358417 ], [ -69.807112854774374, -16.277344734222055 ], [ -69.807401604586246, -16.280636357905369 ], [ -69.807343854635121, -16.277864484358417 ] ], [ [ -69.807273604992815, -16.282669983832648 ], [ -69.807273605892135, -16.282669983832648 ], [ -69.806945445095394, -16.283407593433211 ], [ -69.807273604992815, -16.282669983832648 ] ], [ [ -69.8030687303376, -16.290723733813195 ], [ -69.80306873123692, -16.290723733813195 ], [ -69.802851230200076, -16.291115233880873 ], [ -69.8030687303376, -16.290723733813195 ] ], [ [ -69.800624042290679, -16.301911858770225 ], [ -69.801544980216647, -16.296996109382917 ], [ -69.801556292788661, -16.296949859048709 ], [ -69.800624042290679, -16.301911858770225 ] ], [ [ -69.800998105178394, -16.304486983587367 ], [ -69.800998105178394, -16.304486982688047 ], [ -69.801044503774492, -16.304602980197526 ], [ -69.800998105178394, -16.304486983587367 ] ], [ [ -69.80218135488559, -16.307062233635122 ], [ -69.80218135578491, -16.307062233635122 ], [ -69.802247354931453, -16.307424275509863 ], [ -69.80218135488559, -16.307062233635122 ] ], [ [ -69.800712854614517, -16.313847608580204 ], [ -69.800712855513837, -16.313847607680884 ], [ -69.800511288453549, -16.315002516708542 ], [ -69.800712854614517, -16.313847608580204 ] ], [ [ -69.798259229779603, -16.321864358653158 ], [ -69.798259230678923, -16.321864358653158 ], [ -69.798303605027314, -16.322337421384844 ], [ -69.798259229779603, -16.321864358653158 ] ], [ [ -69.801389980263366, -16.3316199838751 ], [ -69.801389981162686, -16.3316199838751 ], [ -69.801321832170132, -16.332011835411166 ], [ -69.801389980263366, -16.3316199838751 ] ], [ [ -69.80062998028933, -16.336689983855649 ], [ -69.800629981188649, -16.336689983855649 ], [ -69.80066497899864, -16.337199967874724 ], [ -69.80062998028933, -16.336689983855649 ] ], [ [ -69.800589980310619, -16.338629984622763 ], [ -69.800589980243331, -16.338629984286285 ], [ -69.800601726989768, -16.338531738465136 ], [ -69.800589980310619, -16.338629984622763 ] ], [ [ -69.800789979573835, -16.339929983981506 ], [ -69.800789980473155, -16.339929983082186 ], [ -69.80098997980366, -16.340449983679775 ], [ -69.800789979573835, -16.339929983981506 ] ], [ [ -69.80192998088387, -16.341479984413695 ], [ -69.802159980098963, -16.341933317668424 ], [ -69.80098997980366, -16.340449983679775 ], [ -69.80192998088387, -16.341479984413695 ] ], [ [ -69.802539980235849, -16.344889984285317 ], [ -69.802539980235849, -16.344889985184636 ], [ -69.802454362713974, -16.344944779289875 ], [ -69.802539980235849, -16.344889984285317 ] ], [ [ -69.801969980030492, -16.345339984352734 ], [ -69.801969980929812, -16.345339984352734 ], [ -69.801759980238842, -16.345449984029472 ], [ -69.801969980030492, -16.345339984352734 ] ], [ [ -69.796869979565884, -16.34800998427329 ], [ -69.796869980465203, -16.34800998427329 ], [ -69.796723287328888, -16.348051637612475 ], [ -69.796869979565884, -16.34800998427329 ] ], [ [ -69.794529979574861, -16.349139984222859 ], [ -69.794529980474181, -16.349139984222859 ], [ -69.794459979944065, -16.349359983576335 ], [ -69.794529979574861, -16.349139984222859 ] ], [ [ -69.794459979944065, -16.349359983576335 ], [ -69.794409981235617, -16.350699983317554 ], [ -69.794419979879777, -16.351159983001853 ], [ -69.794459979944065, -16.349359983576335 ] ], [ [ -69.793539979786203, -16.352449983979511 ], [ -69.793539980685523, -16.352449983979511 ], [ -69.793379979827165, -16.352622484065321 ], [ -69.793539979786203, -16.352449983979511 ] ], [ [ -69.790750854768078, -16.353994859175373 ], [ -69.790750855667397, -16.353994859175373 ], [ -69.790469980305318, -16.354089984065467 ], [ -69.790750854768078, -16.353994859175373 ] ], [ [ -69.789809980446194, -16.356009983573813 ], [ -69.789809981345513, -16.356009983573813 ], [ -69.789742055985826, -16.356392058281592 ], [ -69.789809980446194, -16.356009983573813 ] ], [ [ -69.788299980060003, -16.359079983954075 ], [ -69.788299980060003, -16.359079984853395 ], [ -69.788264265354712, -16.359162127615658 ], [ -69.788299980060003, -16.359079983954075 ] ], [ [ -69.785609980116476, -16.361599984151894 ], [ -69.785796646697861, -16.361519984059971 ], [ -69.78499997986512, -16.362199983942048 ], [ -69.785609980116476, -16.361599984151894 ] ], [ [ -69.787064079857615, -16.361806014229124 ], [ -69.786259980413718, -16.362239983988047 ], [ -69.786255496229515, -16.362240328920521 ], [ -69.787064079857615, -16.361806014229124 ] ], [ [ -69.789619980338145, -16.364019984545944 ], [ -69.788259980014004, -16.362529983871639 ], [ -69.788259979864236, -16.362529983557138 ], [ -69.789169980610097, -16.36323998423785 ], [ -69.789619980338145, -16.364019984545944 ] ], [ [ -69.790709977883125, -16.36439998287284 ], [ -69.790709978373457, -16.364399983405196 ], [ -69.790349977469418, -16.364299007628542 ], [ -69.790709977883125, -16.36439998287284 ] ], [ [ -69.791455077629649, -16.365684982775662 ], [ -69.791059979634326, -16.364779984208838 ], [ -69.790891624924157, -16.364597198860114 ], [ -69.791455077629649, -16.365684982775662 ] ], [ [ -69.791829980069508, -16.367819984104926 ], [ -69.791829980968828, -16.367819983205607 ], [ -69.791944888928569, -16.36798875633021 ], [ -69.791829980069508, -16.367819984104926 ] ], [ [ -69.794269980175386, -16.370629984186394 ], [ -69.79377998006197, -16.3697599836363 ], [ -69.794539980084409, -16.370909983625722 ], [ -69.794269980175386, -16.370629984186394 ] ], [ [ -69.795489979778722, -16.37099998416187 ], [ -69.795476054327054, -16.371001250101671 ], [ -69.796239974653076, -16.37099998416187 ], [ -69.795489979778722, -16.37099998416187 ] ], [ [ -69.796799979935088, -16.371879984273789 ], [ -69.796619979188648, -16.371579983029733 ], [ -69.797099979448262, -16.372159982920113 ], [ -69.796799979935088, -16.371879984273789 ] ], [ [ -69.797189979933592, -16.380229984426194 ], [ -69.797189980832911, -16.380229984426194 ], [ -69.797529980324271, -16.381069983592795 ], [ -69.797189979933592, -16.380229984426194 ] ], [ [ -69.798039979561395, -16.382509984348246 ], [ -69.798039980460715, -16.382509985247566 ], [ -69.79819426550803, -16.382767127078761 ], [ -69.798039979561395, -16.382509984348246 ] ], [ [ -69.801266914847076, -16.387244338585027 ], [ -69.800719979943096, -16.386669983732702 ], [ -69.799906080209027, -16.38568998260655 ], [ -69.801266914847076, -16.387244338585027 ] ], [ [ -69.804217501779831, -16.388491580663093 ], [ -69.80328997974874, -16.388539983633279 ], [ -69.802979979842178, -16.388389983910599 ], [ -69.804217501779831, -16.388491580663093 ] ], [ [ -69.805169980110463, -16.388489984025512 ], [ -69.805169981009783, -16.388489984025512 ], [ -69.805327480179031, -16.388582484019381 ], [ -69.805169980110463, -16.388489984025512 ] ], [ [ -69.809899980599596, -16.392559982856881 ], [ -69.812434783395489, -16.393315179794676 ], [ -69.807874980296049, -16.391089983865612 ], [ -69.809899980599596, -16.392559982856881 ] ], [ [ -69.817589978194917, -16.393679984143887 ], [ -69.818969979780718, -16.393069983892588 ], [ -69.816440778296197, -16.393820517687349 ], [ -69.817589978194917, -16.393679984143887 ] ], [ [ -69.819509979501902, -16.39295998421585 ], [ -69.819689979708755, -16.392929983731733 ], [ -69.818969979780718, -16.393069983892588 ], [ -69.819509979501902, -16.39295998421585 ] ], [ [ -69.820759968797461, -16.392889960303364 ], [ -69.822179980321778, -16.393159984445674 ], [ -69.819689979708755, -16.392929983731733 ], [ -69.820759968797461, -16.392889960303364 ] ], [ [ -69.824484290879383, -16.393531360959283 ], [ -69.82382997996956, -16.39343998386812 ], [ -69.823700162410049, -16.393413256757182 ], [ -69.824484290879383, -16.393531360959283 ] ], [ [ -69.825709980331283, -16.393619984074974 ], [ -69.825709963244151, -16.393619983175654 ], [ -69.826577252624574, -16.393504347538116 ], [ -69.825709980331283, -16.393619984074974 ] ], [ [ -69.828556639489705, -16.393203316255498 ], [ -69.827809980046482, -16.393149983984529 ], [ -69.826623044070899, -16.393496173458782 ], [ -69.828556639489705, -16.393203316255498 ] ], [ [ -69.835509979901587, -16.39207998410393 ], [ -69.833799978386253, -16.392429984056491 ], [ -69.834549978798464, -16.392239983388492 ], [ -69.835509979901587, -16.39207998410393 ] ], [ [ -69.838019979638318, -16.392189983780668 ], [ -69.838019980537638, -16.392189983780668 ], [ -69.838304979740997, -16.392279983884094 ], [ -69.838019979638318, -16.392189983780668 ] ], [ [ -69.84726997902635, -16.398347532536174 ], [ -69.845279979887096, -16.397539984082925 ], [ -69.84490906978651, -16.39729998335747 ], [ -69.84726997902635, -16.398347532536174 ] ], [ [ -69.848419979898097, -16.398759983686261 ], [ -69.848419978998777, -16.398759982786942 ], [ -69.848819978559106, -16.398973936682168 ], [ -69.848419979898097, -16.398759983686261 ] ], [ [ -69.850534512816154, -16.399655450180116 ], [ -69.849779979662287, -16.399409983983503 ], [ -69.849469978856348, -16.399292183744187 ], [ -69.850159980098965, -16.39949998273795 ], [ -69.850534512816154, -16.399655450180116 ] ], [ [ -69.850989979703741, -16.399959984165889 ], [ -69.85098998060306, -16.399959984165889 ], [ -69.851509979851642, -16.400499983887102 ], [ -69.850989979703741, -16.399959984165889 ] ], [ [ -69.854829979619808, -16.406069984442183 ], [ -69.854209979806683, -16.404789983870614 ], [ -69.853549979947559, -16.40391998421984 ], [ -69.854829979619808, -16.406069984442183 ] ], [ [ -69.854869979665807, -16.407779984158879 ], [ -69.854869980565127, -16.407779984158879 ], [ -69.85487497989638, -16.408594983971284 ], [ -69.854869979665807, -16.407779984158879 ] ], [ [ -69.854709980381244, -16.411439983868092 ], [ -69.854709981280564, -16.411439983868092 ], [ -69.854849979642779, -16.411779984258828 ], [ -69.854709980381244, -16.411439983868092 ] ], [ [ -69.85559998095431, -16.413249983699757 ], [ -69.855713311130785, -16.413606642812155 ], [ -69.854849979642779, -16.411779984258828 ], [ -69.85559998095431, -16.413249983699757 ] ], [ [ -69.856556238033789, -16.426596363907947 ], [ -69.855909979961552, -16.424919984069959 ], [ -69.855619980077961, -16.424449983979514 ], [ -69.855909980860872, -16.424919983170639 ], [ -69.856556238033789, -16.426596363907947 ] ], [ [ -69.861452730159328, -16.434242859120616 ], [ -69.861452730159328, -16.434242858221296 ], [ -69.861712075340463, -16.435209935395921 ], [ -69.861452730159328, -16.434242859120616 ] ], [ [ -69.869075480049332, -16.44921473387285 ], [ -69.869075480948652, -16.44921473387285 ], [ -69.869485917590993, -16.449595452642995 ], [ -69.869075480049332, -16.44921473387285 ] ], [ [ -69.87328622997552, -16.452047359098287 ], [ -69.873286230874839, -16.452047359098287 ], [ -69.875039604893828, -16.45361548401732 ], [ -69.87328622997552, -16.452047359098287 ] ], [ [ -69.880639605033707, -16.460088984419031 ], [ -69.877355979694642, -16.455686983767237 ], [ -69.877058739550037, -16.455421223130024 ], [ -69.880639605033707, -16.460088984419031 ] ], [ [ -69.882411104888547, -16.462408359358278 ], [ -69.882411103989227, -16.462408358458902 ], [ -69.883441729752008, -16.46310735921719 ], [ -69.882411104888547, -16.462408359358278 ] ], [ [ -69.880454231377655, -16.467642747222499 ], [ -69.879592105291408, -16.470185359166919 ], [ -69.87977722983527, -16.468315734283692 ], [ -69.880061605358776, -16.467864234147044 ], [ -69.880454231377655, -16.467642747222499 ] ], [ [ -69.878580355399038, -16.473003858741038 ], [ -69.878580356298357, -16.473003857841718 ], [ -69.878541321689582, -16.473306545360742 ], [ -69.878580355399038, -16.473003858741038 ] ], [ [ -69.879040604003109, -16.474371859681021 ], [ -69.87864310469547, -16.47468123375188 ], [ -69.879040604003109, -16.474371859681018 ], [ -69.879040604003109, -16.474371859681021 ] ], [ [ -70.028064604697704, -16.606795984247242 ], [ -70.028064604697704, -16.606795985146562 ], [ -70.027863331718493, -16.607248852482901 ], [ -70.028064604697704, -16.606795984247242 ] ], [ [ -70.028193667753527, -16.605933546545884 ], [ -70.028273480237061, -16.605400359405799 ], [ -70.028273480336793, -16.60540035963885 ], [ -70.028193667753527, -16.605933546545884 ] ], [ [ -70.022504974225114, -16.596330462081141 ], [ -70.02250497962109, -16.596330483664872 ], [ -70.020506230152819, -16.596356461148162 ], [ -70.022504974225114, -16.596330462081141 ] ], [ [ -70.011464353596978, -16.595093233266084 ], [ -70.011464355395674, -16.595093234165404 ], [ -70.011012363838205, -16.594962639043789 ], [ -70.011464353596978, -16.595093233266084 ] ], [ [ -70.008272604796844, -16.591802984420156 ], [ -70.009489355149583, -16.593879733962524 ], [ -70.008957229892189, -16.592971734358002 ], [ -70.008272604796844, -16.591802984420156 ] ], [ [ -69.982282355046607, -16.567992608571956 ], [ -69.982282355046607, -16.567992607672636 ], [ -69.982894535956419, -16.568440505790509 ], [ -69.982282355046607, -16.567992608571956 ] ], [ [ -69.971149520364179, -16.556234275576227 ], [ -69.977152480002928, -16.562423233045706 ], [ -69.977580729966689, -16.563160858786546 ], [ -69.971149520364179, -16.556234275576227 ] ], [ [ -69.96440073010956, -16.546544358735105 ], [ -69.96440073100888, -16.546544358735105 ], [ -69.965326979656368, -16.54849423372184 ], [ -69.96440073010956, -16.546544358735105 ] ], [ [ -69.96440073010956, -16.54225460876313 ], [ -69.964384246116609, -16.541496394349544 ], [ -69.964254479660497, -16.544496983748729 ], [ -69.96440073010956, -16.54225460876313 ] ], [ [ -69.964189480260245, -16.539154358786561 ], [ -69.964189481159565, -16.539154357887242 ], [ -69.96425008055148, -16.539474282886871 ], [ -69.964189480260245, -16.539154358786561 ] ], [ [ -69.952768105113933, -16.534357859277748 ], [ -69.958045356108244, -16.536701233974725 ], [ -69.958854261439967, -16.536870890179401 ], [ -69.952768105113933, -16.534357859277748 ] ], [ [ -69.946978104408871, -16.531246859135845 ], [ -69.942915730376626, -16.529850358707051 ], [ -69.946978102957019, -16.531246858355757 ], [ -69.946978104408871, -16.531246859135845 ] ], [ [ -69.940972979819151, -16.528261234168554 ], [ -69.940972979819151, -16.528261233269234 ], [ -69.94097698014329, -16.528285483418347 ], [ -69.940972979819151, -16.528261234168554 ] ], [ [ -69.930493730401281, -16.518116859005772 ], [ -69.930493731300601, -16.518116859005772 ], [ -69.930568230239587, -16.518246733999508 ], [ -69.930493730401281, -16.518116859005772 ] ], [ [ -69.927396206183602, -16.514692006916821 ], [ -69.925411478057242, -16.514048474457468 ], [ -69.926550230208932, -16.514276858190385 ], [ -69.927396206183602, -16.514692006916821 ] ], [ [ -69.91646135490754, -16.519035859117537 ], [ -69.91539058011368, -16.519642603921607 ], [ -69.919173979995151, -16.515918734262129 ], [ -69.91646135490754, -16.519035859117537 ] ], [ [ -69.905241854627832, -16.518957609106337 ], [ -69.908633978675141, -16.519050983016427 ], [ -69.908840723930297, -16.519013873572138 ], [ -69.905241854627832, -16.518957609106337 ] ], [ [ -69.904829105378894, -16.518649109268949 ], [ -69.904582262944373, -16.518239138142356 ], [ -69.905241854627832, -16.518957609106337 ], [ -69.904829105378894, -16.518649109268949 ] ], [ [ -69.900444479629016, -16.512762609406877 ], [ -69.900444479629016, -16.512762608507558 ], [ -69.901068164394559, -16.513352578843254 ], [ -69.900444479629016, -16.512762609406877 ] ], [ [ -69.896544604649762, -16.509983983973655 ], [ -69.896544605549082, -16.509983983074335 ], [ -69.898055855992908, -16.511005099868207 ], [ -69.896544604649762, -16.509983983973655 ] ], [ [ -69.895196854551159, -16.507966608572076 ], [ -69.895196855450479, -16.507966609471396 ], [ -69.895222232739513, -16.508295735333093 ], [ -69.895196854551159, -16.507966608572076 ] ], [ [ -69.895492979717176, -16.503001483931314 ], [ -69.895492980616496, -16.503001483931314 ], [ -69.895563978721839, -16.503206761961263 ], [ -69.895492979717176, -16.503001483931314 ] ], [ [ -69.894749354599014, -16.499463109434885 ], [ -69.894749354599014, -16.499463108535565 ], [ -69.894804239307504, -16.499724224010336 ], [ -69.894749354599014, -16.499463109434885 ] ], [ [ -69.890323604650575, -16.494523484171395 ], [ -69.890323605549895, -16.494523484171395 ], [ -69.890484996024341, -16.494807476164702 ], [ -69.890323604650575, -16.494523484171395 ] ], [ [ -69.889892604560032, -16.492832734443084 ], [ -69.889892604560032, -16.492832733543764 ], [ -69.889903747817627, -16.492876435879438 ], [ -69.889892604560032, -16.492832734443084 ] ], [ [ -69.886676854653103, -16.486368109000978 ], [ -69.886676855552423, -16.486368109000978 ], [ -69.886755229670086, -16.487542859215523 ], [ -69.886676854653103, -16.486368109000978 ] ], [ [ -69.879196980056548, -16.474498733879415 ], [ -69.880146979799235, -16.475269483899524 ], [ -69.879353355073249, -16.474625608884708 ], [ -69.879196980056548, -16.474498733879415 ] ], [ [ -69.871214605669479, -15.938437729817338 ], [ -69.873876478416719, -15.938775356897168 ], [ -69.871214605669479, -15.938437733414617 ], [ -69.867230482200966, -15.939415985359403 ], [ -69.86656710538756, -15.939232483192484 ], [ -69.871214605669479, -15.938437729817338 ] ], [ [ -68.980363228979797, -16.20443948429471 ], [ -68.978972604598297, -16.205431608542384 ], [ -68.978972604598297, -16.20543160854238 ], [ -68.980363228979797, -16.20443948429471 ] ], [ [ -68.978966770992258, -16.205841586445445 ], [ -68.978925727440355, -16.208727234174489 ], [ -68.9789608531608, -16.206257483595948 ], [ -68.978966770992258, -16.205841586445445 ] ], [ [ -68.976980352661087, -16.213663734293846 ], [ -68.977474060409733, -16.212410816536124 ], [ -68.97677435395326, -16.214186609124681 ], [ -68.976980352661087, -16.213663734293846 ] ], [ [ -68.977292477665685, -16.215112983677216 ], [ -68.976822229362369, -16.214581359342219 ], [ -68.977967228654649, -16.215593483802195 ], [ -68.977292477665685, -16.215112983677216 ] ], [ [ -68.981770229112726, -16.217991359213784 ], [ -68.981770228213406, -16.217991359213784 ], [ -68.980024479321244, -16.216990483698822 ], [ -68.981770229112726, -16.217991359213784 ] ], [ [ -68.983079979257582, -16.219389983960525 ], [ -68.982669979236107, -16.220409984233356 ], [ -68.983160006329172, -16.218820002640939 ], [ -68.983079979257582, -16.219389983960525 ] ], [ [ -68.982629979190165, -16.221209984253335 ], [ -68.982449978983311, -16.221549983744694 ], [ -68.982669979236107, -16.220409984233356 ], [ -68.982629979190165, -16.221209984253335 ] ], [ [ -68.983589783341813, -16.225029619021655 ], [ -68.984136729426496, -16.222183609186175 ], [ -68.984031229057962, -16.223376859354516 ], [ -68.983589783341813, -16.225029619021655 ] ], [ [ -68.963027465363282, -16.203136184909471 ], [ -68.96418522936483, -16.204855233682053 ], [ -68.96493460384886, -16.20626385888994 ], [ -68.963027465363282, -16.203136184909471 ] ] ], [ [ [ -69.697035589920517, -15.889763597711806 ], [ -69.673117102971901, -15.908824732975006 ], [ -69.666687853261806, -15.915115857610715 ], [ -69.68768586381151, -15.908289985294516 ], [ -69.710979730230349, -15.916155232877657 ], [ -69.700024727758944, -15.907377357778785 ], [ -69.698288477731012, -15.893058606669342 ], [ -69.703703353327057, -15.895176484007493 ], [ -69.697035589920517, -15.889763597711806 ] ] ], [ [ [ -69.830498356713747, -15.894996107884026 ], [ -69.833474477764923, -15.886782856843297 ], [ -69.825216481855136, -15.878328111752921 ], [ -69.823242604862287, -15.891002858095362 ], [ -69.830498356713747, -15.894996107884026 ] ] ], [ [ [ -69.682357353708881, -15.753993857630405 ], [ -69.675486853435473, -15.7906047320227 ], [ -69.682432854492617, -15.798122480667928 ], [ -69.696232105027605, -15.754215357053056 ], [ -69.682357353708881, -15.753993857630405 ] ] ], [ [ [ -69.715731229912308, -15.650687608246471 ], [ -69.692802729262496, -15.662771482917549 ], [ -69.702175977139575, -15.676306482058465 ], [ -69.717204101787843, -15.68040298301122 ], [ -69.727226603524912, -15.662754607139334 ], [ -69.715731229912308, -15.650687608246471 ] ] ], [ [ [ -68.918388729056574, -16.403720734024603 ], [ -68.918399103635693, -16.233297109074272 ], [ -68.918399103635693, -16.233295358993587 ], [ -68.814216854324343, -16.319773484358791 ], [ -68.814216854324343, -16.347986359083166 ], [ -68.918388729056574, -16.403720734024603 ] ] ], [ [ [ -68.936056604928353, -16.237810483566932 ], [ -68.946644478959513, -16.243822108803215 ], [ -68.953292977089177, -16.226455108316543 ], [ -68.94537885315151, -16.227246108820793 ], [ -68.936056604928353, -16.237810483566932 ] ] ] ] } },
{ "type": "Feature", "properties": { "departamento": "SAN MARTIN" }, "geometry": { "type": "Polygon", "coordinates": [ [ [ -76.731838860674827, -8.516092976809375 ], [ -76.740989360870287, -8.524646852370267 ], [ -76.754593736411778, -8.519644601916809 ], [ -76.768424110684123, -8.526809352269765 ], [ -76.790149860727468, -8.523641351866843 ], [ -76.796754736341995, -8.510854852169643 ], [ -76.830726986361299, -8.51634585177959 ], [ -76.843181236025202, -8.526121227012993 ], [ -76.847266735571338, -8.546481852055763 ], [ -76.862540360748994, -8.552537351617445 ], [ -76.864701610590828, -8.566349601852608 ], [ -76.887358111287767, -8.554798101551114 ], [ -76.897084236048613, -8.568750601958641 ], [ -76.921094486221534, -8.569958851919409 ], [ -76.936667985838824, -8.566581976776774 ], [ -76.948889485561267, -8.545666102208827 ], [ -76.977300861345611, -8.56059872694965 ], [ -76.994841860863175, -8.555631727222362 ], [ -77.011597611040884, -8.537687477095346 ], [ -77.049801361043933, -8.553715226976124 ], [ -77.09165073599263, -8.516981352307539 ], [ -77.081937735937743, -8.487256352098939 ], [ -77.139927735576521, -8.480455102321059 ], [ -77.133843735599896, -8.440021476110189 ], [ -77.119780111363013, -8.447651226322989 ], [ -77.104588986392571, -8.444763476253399 ], [ -77.093195986205785, -8.434469601390958 ], [ -77.085480485635856, -8.40622260099218 ], [ -77.066810486214933, -8.396476601214147 ], [ -77.034011736352511, -8.404706976245905 ], [ -77.000429236320144, -8.382403475639819 ], [ -76.991684735961769, -8.396296350995783 ], [ -76.9768986107822, -8.396138725921389 ], [ -76.968372610607446, -8.371241476213129 ], [ -76.951247361376602, -8.375705226115258 ], [ -76.94267923605787, -8.359945476002849 ], [ -76.927004736279514, -8.359257100734567 ], [ -76.931930235891627, -8.342595101282825 ], [ -76.91374523635352, -8.326089850965786 ], [ -76.910515110783706, -8.295073600566184 ], [ -76.901243236286291, -8.283466351291054 ], [ -76.913078986206187, -8.23698785100845 ], [ -76.925596736100431, -8.218497350871985 ], [ -76.907011361085381, -8.171364726001229 ], [ -76.911769361067115, -8.158901225910824 ], [ -76.932236610631037, -8.137142851161627 ], [ -76.947033611312065, -8.139919475603278 ], [ -76.984914860832134, -8.113853475957114 ], [ -76.994870361278117, -8.08521072619402 ], [ -77.024458985593697, -8.049150351107755 ], [ -77.110527360948936, -8.025226601326551 ], [ -77.150535111406214, -8.032042975902584 ], [ -77.16622848615566, -8.02163672625386 ], [ -77.23186523589186, -8.011748101193859 ], [ -77.251312736093837, -8.028003600785496 ], [ -77.260078110616291, -8.048439475701173 ], [ -77.281341610926575, -8.048783226264845 ], [ -77.296664236565221, -8.062565726027401 ], [ -77.349299111564733, -8.054384350557314 ], [ -77.373283862360324, -8.064684725719474 ], [ -77.385745612370101, -8.054714601397677 ], [ -77.374936362123378, -8.031527226400328 ], [ -77.407154987212834, -7.99281147616864 ], [ -77.387445486619868, -7.962887850793607 ], [ -77.390522362317142, -7.947312976112926 ], [ -77.375367362213979, -7.920064225883266 ], [ -77.376909237271434, -7.908821351324264 ], [ -77.410784487314174, -7.900524725935327 ], [ -77.438384736666251, -7.850150350857973 ], [ -77.431573112309252, -7.841736351351472 ], [ -77.442861112150581, -7.813641725784976 ], [ -77.478590237249591, -7.804240475717336 ], [ -77.506550111998024, -7.770380726389362 ], [ -77.525468737092524, -7.768341850895638 ], [ -77.526182111715059, -7.753889225807086 ], [ -77.497360486796993, -7.738974225979689 ], [ -77.483276236609015, -7.72024735073461 ], [ -77.483406237208044, -7.697655976242288 ], [ -77.459237486920472, -7.686904225949206 ], [ -77.46716836163057, -7.674677851002002 ], [ -77.497889611916037, -7.686354850795681 ], [ -77.509474611963753, -7.676536226265796 ], [ -77.51160248706509, -7.65740497625859 ], [ -77.538391361771914, -7.650227976240046 ], [ -77.522704237310677, -7.633407225762824 ], [ -77.528388736850673, -7.615950100616601 ], [ -77.495247112364325, -7.614134976447986 ], [ -77.485763612100982, -7.603992226360106 ], [ -77.496944737409649, -7.582741475738487 ], [ -77.540067236713583, -7.577413600557179 ], [ -77.522468237219357, -7.506861850793712 ], [ -77.539076861907631, -7.507385350653351 ], [ -77.559659987318526, -7.464187475571521 ], [ -77.591867236883445, -7.443507101071816 ], [ -77.598968236994494, -7.448510350672109 ], [ -77.613649986857354, -7.419949476087425 ], [ -77.630917737263701, -7.413874600632255 ], [ -77.621678361567092, -7.396994100996892 ], [ -77.639211611626536, -7.343701225331245 ], [ -77.628419237158027, -7.320808725442305 ], [ -77.646920236879396, -7.270050224738043 ], [ -77.637200487412542, -7.253509974605606 ], [ -77.645125486851725, -7.25345472475567 ], [ -77.647350611941135, -7.241514350406874 ], [ -77.638139236636448, -7.243403475290108 ], [ -77.633812486756824, -7.23309759987427 ], [ -77.605530237430457, -7.219161850239175 ], [ -77.621048737209435, -7.191630724578204 ], [ -77.615504236930974, -7.177997225391607 ], [ -77.634266362002961, -7.169414850315036 ], [ -77.642429486631443, -7.149756475281038 ], [ -77.712845237317822, -7.108549725289549 ], [ -77.718047112084491, -7.087552849684243 ], [ -77.707005986936736, -7.068524849941809 ], [ -77.724318236697229, -7.059064349839844 ], [ -77.745317987435158, -7.020959599905552 ], [ -77.747188737370323, -6.986061850374028 ], [ -77.758933611696762, -6.964507850157133 ], [ -77.738384486954487, -6.948343350265361 ], [ -77.733816361735649, -6.928577349764851 ], [ -77.71576061186272, -6.921201974591384 ], [ -77.70719798679761, -6.908182724952724 ], [ -77.723324861752928, -6.893455974813321 ], [ -77.764748986876214, -6.799758475173462 ], [ -77.731897862296478, -6.783467349838304 ], [ -77.748012986709909, -6.745824349613997 ], [ -77.739500487157727, -6.711099724972257 ], [ -77.745606487249574, -6.665158225171922 ], [ -77.738965111750474, -6.646468849857513 ], [ -77.701689987303041, -6.676889974792459 ], [ -77.679689987203119, -6.67409997473402 ], [ -77.662661862055245, -6.659899849598332 ], [ -77.659118362322545, -6.640954100051601 ], [ -77.643439987365468, -6.622359974633071 ], [ -77.612336736551129, -6.612261224775636 ], [ -77.568764737202798, -6.63821772476814 ], [ -77.544074237136272, -6.676996100189797 ], [ -77.521197612080073, -6.679679099810585 ], [ -77.510655861578698, -6.672339350380696 ], [ -77.475481986904128, -6.683628475273849 ], [ -77.456467486884947, -6.680522350026365 ], [ -77.405557237276639, -6.726214225006458 ], [ -77.400135362257117, -6.708452850218805 ], [ -77.38173298668795, -6.69758910015679 ], [ -77.404986112019401, -6.663054350278003 ], [ -77.407656236945741, -6.646331974840734 ], [ -77.423692612224215, -6.638061974780271 ], [ -77.435654361659431, -6.61807034966688 ], [ -77.437880861812289, -6.602527349657407 ], [ -77.393869862004465, -6.602688224881604 ], [ -77.380511737027007, -6.569227975090939 ], [ -77.359290986889505, -6.564445349872926 ], [ -77.34484673718714, -6.547229100042898 ], [ -77.326356612067968, -6.468027349782346 ], [ -77.305914736875593, -6.45372372526964 ], [ -77.297670789275458, -6.424740136947719 ], [ -77.273158611280849, -6.406530850318461 ], [ -77.286659986569077, -6.33102347455366 ], [ -77.261690361221156, -6.327144849655042 ], [ -77.243653111302024, -6.338120475379583 ], [ -77.221456361122137, -6.381132724995211 ], [ -77.208964985645537, -6.375043349770749 ], [ -77.171732486365102, -6.381169974914371 ], [ -77.14434686111872, -6.349096600227881 ], [ -77.132424360795596, -6.304759474769924 ], [ -77.170790736103527, -6.265198974253224 ], [ -77.174070236252362, -6.246529348950219 ], [ -77.211626736084952, -6.215840349252687 ], [ -77.21919073596365, -6.194313099369992 ], [ -77.202056736329268, -6.179714848861124 ], [ -77.222985110574371, -6.146895973970004 ], [ -77.240654110598712, -6.149761723924371 ], [ -77.257955610762792, -6.138015723646674 ], [ -77.28047848569355, -6.142209098670946 ], [ -77.332410736566203, -6.1121815989016 ], [ -77.346427987261791, -6.114341098662749 ], [ -77.358679361563247, -6.072820223574411 ], [ -77.380500112390223, -6.079985973973464 ], [ -77.395497612424833, -6.039376723656801 ], [ -77.419304737223797, -6.032380848896992 ], [ -77.432115737151491, -6.06191634935999 ], [ -77.476904861869855, -5.999967598825606 ], [ -77.487075362338089, -6.010248849005109 ], [ -77.489020737117301, -6.028510974401911 ], [ -77.50975186215868, -6.032496098815841 ], [ -77.518843737348561, -6.055943349106201 ], [ -77.536589862332221, -6.063705099110962 ], [ -77.542228112437385, -6.052787849279753 ], [ -77.554735361847406, -6.050728723751547 ], [ -77.566803236680016, -6.028121974449505 ], [ -77.586199487216504, -6.036916599421488 ], [ -77.596361612298551, -6.033330848639707 ], [ -77.597707862327923, -6.004415973918015 ], [ -77.639139861915055, -6.001079473838615 ], [ -77.669224861638043, -5.980365098670347 ], [ -77.672008612307593, -5.964744598684263 ], [ -77.651890611762269, -5.935331974391033 ], [ -77.663293862421767, -5.917670223801736 ], [ -77.665512362205732, -5.892204723968803 ], [ -77.68308048707479, -5.877575598834767 ], [ -77.681526737368984, -5.849487098550696 ], [ -77.694813361747208, -5.840232848966764 ], [ -77.726415987207986, -5.843981974188694 ], [ -77.746138361596081, -5.835110474268902 ], [ -77.763929111838991, -5.819708723578685 ], [ -77.77035548731584, -5.788142598901743 ], [ -77.760560112059466, -5.770454473894802 ], [ -77.772418612129229, -5.753351348885587 ], [ -77.759358612409983, -5.729847973704977 ], [ -77.775147987089895, -5.710751974424056 ], [ -77.775090862153547, -5.689679348922766 ], [ -77.754365237365789, -5.658997723665948 ], [ -77.752606237188047, -5.637577599226802 ], [ -77.736383987331124, -5.609290098759004 ], [ -77.765761736814682, -5.538982473562271 ], [ -77.757037362384324, -5.513941599425209 ], [ -77.771789736906783, -5.49212072359245 ], [ -77.770637486830537, -5.478153099286033 ], [ -77.748831986706762, -5.459859349229532 ], [ -77.767741987302827, -5.435723348653596 ], [ -77.744827737310175, -5.406899098614474 ], [ -77.712702612035855, -5.416411224298542 ], [ -77.671869737198563, -5.40877122361303 ], [ -77.660005736875235, -5.424744723690026 ], [ -77.606973986560206, -5.44858309903077 ], [ -77.594810111797187, -5.46422422406863 ], [ -77.579490612201937, -5.459806098572528 ], [ -77.558119112307168, -5.425578099349764 ], [ -77.518074361942183, -5.465543848769585 ], [ -77.500432112252156, -5.515341224218048 ], [ -77.492271486839627, -5.519704473982245 ], [ -77.507365236816213, -5.552664099068863 ], [ -77.490189362049364, -5.562460849388629 ], [ -77.472751736903092, -5.554786848933873 ], [ -77.460831111666437, -5.584693974447305 ], [ -77.437343737223671, -5.592435474417584 ], [ -77.432005861581217, -5.583142598951724 ], [ -77.41059961188256, -5.589753848960925 ], [ -77.404240736820498, -5.574365598893223 ], [ -77.371820362319852, -5.567105473638662 ], [ -77.337026237171074, -5.604026348836896 ], [ -77.279909860551584, -5.601084973992329 ], [ -77.265800986026647, -5.613969473712189 ], [ -77.231941360805138, -5.595460973644947 ], [ -77.202161235752385, -5.634464473656465 ], [ -77.178672486246228, -5.641424099442588 ], [ -77.161925860589974, -5.624568724167261 ], [ -77.142351860849658, -5.625438598812252 ], [ -77.137132111157939, -5.644033974288448 ], [ -77.126910236018546, -5.650993599175195 ], [ -77.109946111124088, -5.647948724054345 ], [ -77.062142110869672, -5.667608849169028 ], [ -77.045743985996126, -5.661942723677726 ], [ -77.013929735668739, -5.670746599076267 ], [ -76.995605611010092, -5.667119099067122 ], [ -76.972908236126159, -5.698953099405969 ], [ -76.934434736274, -5.711487974190618 ], [ -76.892843610644093, -5.747782474281735 ], [ -76.86183198635706, -5.739726474197369 ], [ -76.835451110680197, -5.745555349100016 ], [ -76.82460423639634, -5.757296099135601 ], [ -76.829422610564961, -5.777340723995167 ], [ -76.816328736082255, -5.807566223902086 ], [ -76.826338861349313, -5.817847474081589 ], [ -76.82020348580221, -5.859285848962713 ], [ -76.777743610579137, -5.900554974132717 ], [ -76.764632736211752, -5.94662134929581 ], [ -76.746728111113384, -5.954027599094388 ], [ -76.745584985558594, -5.974896099175567 ], [ -76.754891360747649, -5.993423349208172 ], [ -76.750323860557671, -6.00281547385498 ], [ -76.710769486222773, -6.01366597420531 ], [ -76.640011360935546, -6.002604724028743 ], [ -76.604344986032231, -6.017151098943998 ], [ -76.562958615347782, -6.001566023253304 ], [ -76.548875828356756, -6.012753587707834 ], [ -76.517994361150784, -6.003406724140973 ], [ -76.480922826127482, -6.013962674937432 ], [ -76.430181060007897, -6.002766352884805 ], [ -76.414352627771507, -5.965999998301243 ], [ -76.400158054150836, -5.953558717760586 ], [ -76.372787111236164, -5.973759723932062 ], [ -76.334006110693394, -6.042106848652111 ], [ -76.315339861445409, -6.054066348882827 ], [ -76.318296611099697, -6.086094974203661 ], [ -76.247149377941412, -6.126061411604837 ], [ -76.145989357023154, -6.146673399857491 ], [ -76.088482909358731, -6.107566842935398 ], [ -76.042717655095657, -6.100996080404741 ], [ -76.013530040279079, -6.083580012907248 ], [ -76.005753324656155, -6.095217552248187 ], [ -75.958450549852955, -6.098380287120506 ], [ -75.919148694356693, -6.140577028806774 ], [ -75.895874815370405, -6.132024965379799 ], [ -75.840209708011571, -6.14134011885136 ], [ -75.851520039817956, -6.101750012652928 ], [ -75.834720040297611, -6.107010013301419 ], [ -75.827680040301573, -6.098580013057131 ], [ -75.807099860170354, -6.101769974005038 ], [ -75.783089985014783, -6.123339974060514 ], [ -75.779709984727958, -6.117889973643344 ], [ -75.76951998515915, -6.125079974261382 ], [ -75.770489984924836, -6.147729973759226 ], [ -75.718829984915828, -6.141229974383748 ], [ -75.680049985318533, -6.095309973776239 ], [ -75.652689985354527, -6.098129974318795 ], [ -75.636459985140164, -6.088949973662295 ], [ -75.626139984972269, -6.073979973996529 ], [ -75.621070235003288, -6.029380849046902 ], [ -75.568929612111845, -6.000388601152963 ], [ -75.565029235310931, -6.025544974321065 ], [ -75.53279373534258, -6.095599473636753 ], [ -75.526777359887205, -6.162134724337989 ], [ -75.487832109863916, -6.199042973954022 ], [ -75.490310859958186, -6.267036224442165 ], [ -75.55009498459583, -6.347707975042965 ], [ -75.536447109746291, -6.391540224701544 ], [ -75.543418110157631, -6.406865224550415 ], [ -75.533730485373553, -6.416300725298186 ], [ -75.539002859794095, -6.435132975006752 ], [ -75.529849360359663, -6.440098099647514 ], [ -75.520141234630216, -6.464820725296192 ], [ -75.524227485110316, -6.475579600018477 ], [ -75.509596609895596, -6.49214135024306 ], [ -75.502983484799927, -6.552228725375301 ], [ -75.509304734925536, -6.582978475176446 ], [ -75.500228484556885, -6.640322224690863 ], [ -75.506207110070022, -6.69705297471495 ], [ -75.500380860288431, -6.757285100227136 ], [ -75.507998109924813, -6.780379849550343 ], [ -75.572101484995471, -6.807212225363855 ], [ -75.57678623519655, -6.820988849855496 ], [ -75.616888359610073, -6.841188724679853 ], [ -75.633442235370808, -6.843062349747584 ], [ -75.642696109937503, -6.815560725447085 ], [ -75.659671985373791, -6.819332099896428 ], [ -75.672915234550373, -6.844396975140228 ], [ -75.686754110114066, -6.846142849712692 ], [ -75.689986359882539, -6.861267600219549 ], [ -75.700805609691088, -6.869113974630181 ], [ -75.724795859841038, -6.850874475276783 ], [ -75.746056610024482, -6.856546850156974 ], [ -75.780539110191739, -6.848412100038331 ], [ -75.794183359874125, -6.82140160000381 ], [ -75.813971859613616, -6.825477975028491 ], [ -75.813933484642575, -6.817225474875727 ], [ -75.843875359959839, -6.797261725148473 ], [ -75.877515859968923, -6.802298350388526 ], [ -75.915355610273139, -6.790635975369923 ], [ -75.94295073528815, -6.795029099713133 ], [ -75.964951110405366, -6.7884066000845 ], [ -75.98016223539878, -6.800068975103045 ], [ -75.98383310971019, -6.793753225231114 ], [ -76.000580110383737, -6.79506322538748 ], [ -76.011584859753441, -6.806022225345373 ], [ -76.05104348506876, -6.810923099721208 ], [ -76.035003859640369, -6.864986349940068 ], [ -76.010646734659019, -6.890421350165127 ], [ -76.015735859622168, -6.913700974920005 ], [ -76.046402360080833, -6.924931599813419 ], [ -76.051844235123326, -6.937871600294045 ], [ -76.035640110202905, -6.993146474729997 ], [ -76.020490110330286, -6.989657349806805 ], [ -76.008113234737948, -7.002220725006396 ], [ -76.010717110206429, -7.07837985024986 ], [ -76.023301234564258, -7.114306849581396 ], [ -76.046585610437546, -7.121430224824962 ], [ -76.059944984573349, -7.161301225271302 ], [ -76.143525235301354, -7.203962474888272 ], [ -76.145714984658753, -7.217929225053638 ], [ -76.159275609981364, -7.230568600160723 ], [ -76.166661484739677, -7.267596349891562 ], [ -76.213111361400195, -7.310142599601249 ], [ -76.195918234938574, -7.334402849611763 ], [ -76.215408111195359, -7.395333100841867 ], [ -76.20439685972724, -7.43132685055366 ], [ -76.167275360169697, -7.493017600881501 ], [ -76.121910859998138, -7.52599235076633 ], [ -76.115670985027919, -7.562502725920012 ], [ -76.091373610103972, -7.560355725836018 ], [ -76.087253734871922, -7.580747726426409 ], [ -76.079718610425516, -7.584335976424143 ], [ -76.084904735365228, -7.605118351130955 ], [ -76.093871485180841, -7.609725976372658 ], [ -76.082855485292384, -7.619652351374896 ], [ -76.082374984717717, -7.631888725883925 ], [ -76.101332109788984, -7.650456350979766 ], [ -76.101592610110856, -7.722663975661874 ], [ -76.086673860110523, -7.729231726363025 ], [ -76.084435110292077, -7.762560976407883 ], [ -76.067070234903383, -7.769289601433911 ], [ -76.060550984640201, -7.78781385132811 ], [ -76.043802984819877, -7.792343600676588 ], [ -76.03730111035793, -7.816926476175865 ], [ -76.008491735105451, -7.856042600985177 ], [ -76.006039735345496, -7.890586851302089 ], [ -75.988166984918394, -7.892326600592071 ], [ -75.975661484689738, -7.908968100897084 ], [ -75.985855485342313, -7.917144351130844 ], [ -75.993509734886345, -7.953566350806398 ], [ -75.966979485414868, -7.960359351103136 ], [ -75.939455610088316, -7.946120100961821 ], [ -75.927837860328964, -7.957255975982434 ], [ -75.895207610143075, -7.933930475910699 ], [ -75.858793234919801, -7.92112535125392 ], [ -75.829492860407129, -7.97349585075284 ], [ -75.844932735157556, -8.059638100917596 ], [ -75.887305984983186, -8.074876976291364 ], [ -75.920988485130465, -8.07311935117707 ], [ -75.92936473469473, -8.089302851045716 ], [ -75.951802985219558, -8.101295225993852 ], [ -75.940637234720555, -8.110459225912507 ], [ -75.934026984757509, -8.134428475993332 ], [ -75.941164859770424, -8.186183975909728 ], [ -75.926474610414914, -8.206219226236271 ], [ -75.912885859694654, -8.256099976032999 ], [ -75.920816110275211, -8.299674226384411 ], [ -75.948657984978013, -8.318280101445453 ], [ -75.962219860358232, -8.314300851403118 ], [ -75.984273610238859, -8.322151726021275 ], [ -76.004447994679197, -8.305612673785845 ], [ -76.042595734905206, -8.341591850883162 ], [ -76.056347610054104, -8.329290976097639 ], [ -76.106973816888114, -8.331771680418683 ], [ -76.127503357993533, -8.357525803273177 ], [ -76.109165985421839, -8.379613225569869 ], [ -76.107787109787239, -8.399013726302371 ], [ -76.130667985039452, -8.467876977340609 ], [ -76.126399985171133, -8.545419976650578 ], [ -76.135019985184158, -8.56729997661256 ], [ -76.12015998519513, -8.589559977011277 ], [ -76.124179985318051, -8.624639976853416 ], [ -76.107469984552097, -8.64068997686087 ], [ -76.109189984729994, -8.653959977271086 ], [ -76.13002998529555, -8.655289976551103 ], [ -76.139489985374496, -8.666639976553654 ], [ -76.150879985422932, -8.70864997671498 ], [ -76.14526998482188, -8.711439976773477 ], [ -76.156770859587482, -8.733708726676355 ], [ -76.16461961000698, -8.731840851873756 ], [ -76.166946360286261, -8.756500977338192 ], [ -76.195410734917459, -8.761849226660445 ], [ -76.203416485382434, -8.75332972678541 ], [ -76.199890859675406, -8.77140585169866 ], [ -76.230289367560204, -8.783139632887696 ], [ -76.240884110613194, -8.768041977155463 ], [ -76.230008360897102, -8.758315352371596 ], [ -76.244986360931762, -8.749401477296317 ], [ -76.228680985838764, -8.745028352076758 ], [ -76.257402735647702, -8.706641851740017 ], [ -76.257388860907156, -8.685203477358527 ], [ -76.248641111298184, -8.68088710205808 ], [ -76.252735736265151, -8.665431351575592 ], [ -76.269455860699395, -8.652489351902034 ], [ -76.264064361181283, -8.610300476585678 ], [ -76.287328986143734, -8.585435351560193 ], [ -76.280358610761255, -8.573563976796038 ], [ -76.305807110709566, -8.573237727039441 ], [ -76.299674611194291, -8.556854476952481 ], [ -76.325080360969821, -8.524324226881504 ], [ -76.312307110984364, -8.500984227040419 ], [ -76.327426861260619, -8.479908352288589 ], [ -76.321716111409387, -8.469839477010225 ], [ -76.332836985738254, -8.430525851187042 ], [ -76.35609961060851, -8.425074225694914 ], [ -76.366709985677232, -8.411540725723853 ], [ -76.417496235862529, -8.443748226199659 ], [ -76.436058610716259, -8.469880852119559 ], [ -76.469802611001683, -8.571325977012179 ], [ -76.495308610903635, -8.575760852381393 ], [ -76.494837860778603, -8.54958785229752 ], [ -76.539499610918256, -8.513496851698278 ], [ -76.547806610886369, -8.49764060163244 ], [ -76.566292985832604, -8.508146477278046 ], [ -76.636657235942664, -8.514747351808808 ], [ -76.643289611026717, -8.52373960190107 ], [ -76.678350985909219, -8.521267352106577 ], [ -76.69707961123504, -8.53249960207495 ], [ -76.731838860674827, -8.516092976809375 ] ] ] } },
{ "type": "Feature", "properties": { "departamento": "TACNA" }, "geometry": { "type": "Polygon", "coordinates": [ [ [ -70.33515035530462, -18.315572236269645 ], [ -70.377140729561006, -18.350683985777266 ], [ -70.498314480029194, -18.262738236080679 ], [ -70.679502917925277, -18.161797346670141 ], [ -70.729564086113669, -18.118657243137193 ], [ -70.730026957278199, -18.108281961643172 ], [ -70.760595730208763, -18.07870511035253 ], [ -70.811673730358336, -18.050246110069907 ], [ -70.813156230375682, -18.040488234744203 ], [ -70.887695355556161, -18.009285109719997 ], [ -70.882585980558531, -17.993359360046384 ], [ -70.890189356353687, -17.969294860069681 ], [ -70.912083981090802, -17.952800735265669 ], [ -70.910492231431306, -17.940068360366467 ], [ -70.923333980978384, -17.937789109579683 ], [ -70.925259730751918, -17.926681609968284 ], [ -70.935429731197075, -17.929306609612297 ], [ -70.943144480833098, -17.913812485058088 ], [ -70.959683605913654, -17.910665984747368 ], [ -71.009134730683229, -17.876896485084671 ], [ -71.029511730581874, -17.884904234742578 ], [ -71.096275356022829, -17.86819723501435 ], [ -71.105452980670464, -17.84340235963117 ], [ -71.139441481439178, -17.82148285964621 ], [ -71.121409980885858, -17.803349984813906 ], [ -71.121489980977799, -17.785629985135643 ], [ -71.101134731182867, -17.739497984644231 ], [ -71.082175856030915, -17.734617235297151 ], [ -71.082191355846362, -17.716683609760764 ], [ -71.057923981406589, -17.718075235083973 ], [ -71.02691598138739, -17.703874984942559 ], [ -71.017113230790926, -17.709210859593441 ], [ -71.00334960599946, -17.683699235331403 ], [ -70.992996231091126, -17.679119109559224 ], [ -70.983162230852258, -17.684626984947329 ], [ -70.956279981336024, -17.675959984565566 ], [ -70.912499981388976, -17.68736998463703 ], [ -70.903889980937834, -17.622559985255066 ], [ -70.879959980868364, -17.555669985281554 ], [ -70.779979980191911, -17.450599984601581 ], [ -70.754629605272044, -17.437578109841866 ], [ -70.736719979943075, -17.408279985432955 ], [ -70.752404105165283, -17.380573359772711 ], [ -70.746702854852856, -17.351353610380784 ], [ -70.733868229734981, -17.323191110281471 ], [ -70.705652229866473, -17.291179734856826 ], [ -70.715917105190215, -17.273652110056787 ], [ -70.704279105396381, -17.267205110427483 ], [ -70.684090730203025, -17.224264734629742 ], [ -70.651093480179952, -17.209175359854953 ], [ -70.609978354917132, -17.214503860065065 ], [ -70.572507854553805, -17.194109360258722 ], [ -70.555050480295392, -17.197663234570598 ], [ -70.521140604555228, -17.158234359727885 ], [ -70.491313605038783, -17.090208485433209 ], [ -70.448739354937231, -17.080669110291183 ], [ -70.439201229852813, -17.050363235275029 ], [ -70.463158480279617, -17.004367483872215 ], [ -70.443199229860511, -16.964277359112771 ], [ -70.465016854644091, -16.944434108647158 ], [ -70.453657605114358, -16.929745734378116 ], [ -70.459191354897087, -16.922738234082203 ], [ -70.451751980369579, -16.900005734377089 ], [ -70.441574229566982, -16.892404358674185 ], [ -70.450966855136244, -16.86181648414339 ], [ -70.441605480108763, -16.841226609320529 ], [ -70.408660104779983, -16.829970734162032 ], [ -70.356085979884028, -16.790263609078238 ], [ -70.344925729638646, -16.791464858716211 ], [ -70.311294980079253, -16.773300734241445 ], [ -70.291856855309561, -16.781345233795435 ], [ -70.268287104766046, -16.770431609131435 ], [ -70.247300479633395, -16.8024648587662 ], [ -70.181300730244459, -16.817874983943284 ], [ -70.184067230118558, -16.834687484040103 ], [ -70.211714854856609, -16.840810484016572 ], [ -70.223083979841761, -16.856087859367165 ], [ -70.243767605390644, -16.860242234391535 ], [ -70.259364605192332, -16.903654109449519 ], [ -70.247181854558903, -16.952443984302363 ], [ -70.227033355305082, -16.959355358762764 ], [ -70.218013354832408, -16.946352483979922 ], [ -70.192534980305084, -16.941022608706362 ], [ -70.173689354979729, -16.91223235933586 ], [ -70.148372229794518, -16.921869733601284 ], [ -70.15200372998811, -16.933173984191967 ], [ -70.145587604983916, -16.942688359080478 ], [ -70.129260354781536, -16.948623234374736 ], [ -70.118436104742386, -16.971145234265123 ], [ -70.095288854796763, -16.985847859191324 ], [ -70.099637979808904, -17.006009234038856 ], [ -70.042339979706242, -17.058709985277574 ], [ -70.046799980334811, -17.099429985305505 ], [ -70.040330479667887, -17.127678984897216 ], [ -70.025131855250891, -17.122181484987493 ], [ -70.013174855135389, -17.141639984797393 ], [ -69.987629980239376, -17.151419985244104 ], [ -69.981363979963646, -17.16862248533937 ], [ -69.972479980366757, -17.165859984750455 ], [ -69.957949980307319, -17.186589984739953 ], [ -69.898629979589828, -17.220909984608056 ], [ -69.875539979586335, -17.222319984879334 ], [ -69.849909980261316, -17.244209985302518 ], [ -69.790549980397259, -17.235289984944814 ], [ -69.765289979249076, -17.263359985275031 ], [ -69.761839979331569, -17.280439985117198 ], [ -69.731069978596622, -17.295469984851877 ], [ -69.695249978803417, -17.274389984909817 ], [ -69.682929979035237, -17.278739984962272 ], [ -69.655439979371522, -17.270749985223574 ], [ -69.644559978560096, -17.287519985159122 ], [ -69.575218728861216, -17.292589860133887 ], [ -69.467316353866579, -17.373537109949609 ], [ -69.468292978937768, -17.504169859551325 ], [ -69.665412103785513, -17.65990036001358 ], [ -69.795988230272542, -17.646242234691329 ], [ -69.821197229968163, -17.686355484617877 ], [ -69.821677729643454, -17.743812484858267 ], [ -69.800048854570946, -17.762331985432752 ], [ -69.795714855256335, -17.862257860411887 ], [ -69.776718730185223, -17.908160110200868 ], [ -69.747177728569284, -17.943937484827018 ], [ -69.751503854319367, -17.985589859684239 ], [ -69.813080104763003, -18.114478485693496 ], [ -69.854308729863931, -18.1653476111033 ], [ -69.960548854645879, -18.26288473564199 ], [ -69.980232604950743, -18.270263610976826 ], [ -70.050706979743268, -18.268802736057353 ], [ -70.14965235537187, -18.318367235659366 ], [ -70.197167979918277, -18.322187485563973 ], [ -70.286804730254062, -18.30810548637902 ], [ -70.33515035530462, -18.315572236269645 ] ] ] } },
{ "type": "Feature", "properties": { "departamento": "TUMBES" }, "geometry": { "type": "Polygon", "coordinates": [ [ [ -80.398469988998727, -3.980429971665785 ], [ -80.424539738817828, -3.996471847197938 ], [ -80.430239989084214, -3.989499971746227 ], [ -80.446189988976755, -3.997029971855682 ], [ -80.445317489210709, -4.015854722117695 ], [ -80.456311488983999, -4.017879221948476 ], [ -80.451126614101895, -4.031027222128557 ], [ -80.467918739158449, -4.035042472032387 ], [ -80.479883113714664, -4.054871346835114 ], [ -80.473974113714348, -4.079558221734487 ], [ -80.517341740329016, -4.098162096703334 ], [ -80.558979990434182, -4.16107997286241 ], [ -80.561259990356234, -4.176579972687534 ], [ -80.586949989750167, -4.198949972762989 ], [ -80.589819989900548, -4.21411997265858 ], [ -80.604419989590781, -4.210739973271075 ], [ -80.62268999035075, -4.231889972843931 ], [ -80.645229990171856, -4.229559973314053 ], [ -80.699319989825653, -4.187799972990319 ], [ -80.719679989839619, -4.19418997268906 ], [ -80.735139989618801, -4.178029973004811 ], [ -80.744749990319747, -4.184289973003786 ], [ -80.763009989719194, -4.174909973016781 ], [ -80.783369989733217, -4.180569973225658 ], [ -80.803306615008239, -4.175966848191422 ], [ -80.837232364681824, -4.189355472776811 ], [ -80.882822240354074, -4.19280072337466 ], [ -80.923675740243198, -4.16948047264566 ], [ -80.935673864557145, -4.178410098447216 ], [ -80.944089865055219, -4.168482473387371 ], [ -80.967562489717068, -4.172597598400387 ], [ -80.96165036457262, -4.148236347329544 ], [ -80.971322240429004, -4.127117222381855 ], [ -80.999962865094119, -4.111361347448167 ], [ -81.019277364558661, -4.11281834718892 ], [ -81.041910549432259, -4.082921767125811 ], [ -81.009588219920374, -4.038098476263599 ], [ -80.986812489804549, -3.984699221591768 ], [ -80.972794864990988, -3.976591846836243 ], [ -80.964193364931816, -3.958986347042242 ], [ -80.833646489793637, -3.875757847246803 ], [ -80.828691364714643, -3.837296847071798 ], [ -80.787228489603081, -3.748185596687904 ], [ -80.753599615130099, -3.718169971566908 ], [ -80.726566364945768, -3.710796847396523 ], [ -80.656558615087988, -3.666775347104533 ], [ -80.626324529353496, -3.662249483726669 ], [ -80.603040118406682, -3.636199602629517 ], [ -80.575468739990299, -3.630611346736202 ], [ -80.54484573973906, -3.589732471576269 ], [ -80.497714864049726, -3.499187471624452 ], [ -80.47487498888961, -3.506462846683007 ], [ -80.469703113707681, -3.505706971899201 ], [ -80.475785113592053, -3.505220721958722 ], [ -80.479701114314935, -3.503621096936001 ], [ -80.457939489415878, -3.50024809697203 ], [ -80.462959988912303, -3.503969971836682 ], [ -80.460953113995004, -3.505921846915669 ], [ -80.456246113667191, -3.499995597019165 ], [ -80.426723863815198, -3.487285722258207 ], [ -80.407315113601555, -3.485220097329602 ], [ -80.399022864313679, -3.486264221916258 ], [ -80.423158863990352, -3.487129722258828 ], [ -80.441133113702222, -3.494766846912398 ], [ -80.428702864245736, -3.490181721808995 ], [ -80.431138614155657, -3.4986230966785 ], [ -80.415958988816215, -3.496388722061852 ], [ -80.421039989304006, -3.512809972102502 ], [ -80.378830113918582, -3.49461134693604 ], [ -80.394968739415731, -3.492249971858655 ], [ -80.371906238881763, -3.485722597120116 ], [ -80.326591739217349, -3.439779347239039 ], [ -80.312845739339366, -3.402699096885783 ], [ -80.318478489190909, -3.381773346862417 ], [ -80.289923863995114, -3.410476596717501 ], [ -80.256667988736638, -3.413154346995498 ], [ -80.221679738629007, -3.436140596711141 ], [ -80.220763613649808, -3.445500096652097 ], [ -80.240129988707963, -3.461249972208407 ], [ -80.245019989380978, -3.485799972091002 ], [ -80.232439989314003, -3.489159972354798 ], [ -80.228009989169607, -3.501619972283834 ], [ -80.215729989447425, -3.499999972220905 ], [ -80.20498998879691, -3.552209972412243 ], [ -80.218639988744428, -3.573909972167428 ], [ -80.211129988658001, -3.592209971612874 ], [ -80.188189989276566, -3.598399971981053 ], [ -80.197159989242095, -3.617709972137447 ], [ -80.186619988821406, -3.629129971770737 ], [ -80.185594239182763, -3.658995972186347 ], [ -80.198739989259082, -3.689379972207917 ], [ -80.180179988615521, -3.735159971755252 ], [ -80.188449988675984, -3.743309971677832 ], [ -80.183579988925317, -3.751749972383266 ], [ -80.191939988639547, -3.748539971842206 ], [ -80.192609988959759, -3.775369971646853 ], [ -80.160429988852854, -3.802389972119443 ], [ -80.163109989234556, -3.827669972391277 ], [ -80.151439988864354, -3.854829972125458 ], [ -80.158549989390451, -3.869819971814195 ], [ -80.126791988959098, -3.89454634673649 ], [ -80.140241863671008, -3.912962097023126 ], [ -80.157809989439443, -3.91314997169377 ], [ -80.183459988787433, -3.927249971708761 ], [ -80.216779864299269, -3.956979597130669 ], [ -80.234472738625925, -3.948465721615719 ], [ -80.236162489207459, -3.962720721583992 ], [ -80.26232998903771, -3.999449971938589 ], [ -80.298076239027182, -4.01725809708347 ], [ -80.323692613623166, -4.011165846726385 ], [ -80.338645364292063, -3.992172471782112 ], [ -80.352758739024523, -3.994764721714489 ], [ -80.364534988898583, -3.98212447156709 ], [ -80.377110738769545, -3.989635346693831 ], [ -80.398469988998727, -3.980429971665785 ] ] ] } },
{ "type": "Feature", "properties": { "departamento": "UCAYALI" }, "geometry": { "type": "Polygon", "coordinates": [ [ [ -75.120831376966407, -8.879830259758648 ], [ -75.109662085836533, -8.928210291072048 ], [ -75.134845276788042, -8.94596926556909 ], [ -75.120105089877939, -8.960699137255347 ], [ -75.119965781295718, -8.983970489146714 ], [ -75.137559881283437, -8.988362861656697 ], [ -75.139214855980754, -8.999503405058078 ], [ -75.154307524072919, -8.99909876229799 ], [ -75.156811176394626, -9.010308703683677 ], [ -75.173864156105878, -9.011575218921166 ], [ -75.175709135068473, -9.024734923777658 ], [ -75.162401194059839, -9.033953457685868 ], [ -75.201214971293837, -9.063837913089174 ], [ -75.19467356893, -9.073126937658003 ], [ -75.204902058583116, -9.080286519607171 ], [ -75.206455339742092, -9.101338661250168 ], [ -75.241901870874585, -9.102124907038785 ], [ -75.211932162439325, -9.176427110322834 ], [ -75.220910950579878, -9.180077410843808 ], [ -75.242203017854933, -9.22093412041329 ], [ -75.256685954593081, -9.232475958398709 ], [ -75.271919693938685, -9.233415227430783 ], [ -75.268530993610455, -9.252731683820116 ], [ -75.279698345801989, -9.276941552910273 ], [ -75.31392881096582, -9.302088699933506 ], [ -75.334056966655623, -9.288764749193774 ], [ -75.349490798861268, -9.304544470550809 ], [ -75.372153733308096, -9.310229775883386 ], [ -75.418494022181335, -9.292605802215974 ], [ -75.451967944365094, -9.296343675120454 ], [ -75.456254609662494, -9.324999976767458 ], [ -75.493644484905019, -9.377011726809712 ], [ -75.600659498836762, -9.413812848284294 ], [ -75.611377673840536, -9.406141087141407 ], [ -75.616659877851021, -9.414075873902391 ], [ -75.668960380417161, -9.418436896945195 ], [ -75.671487855779901, -9.384863105947545 ], [ -75.695012359632642, -9.363927066780661 ], [ -75.688622686387816, -9.349366328792996 ], [ -75.705690838561338, -9.33626722115531 ], [ -75.720242496993592, -9.27722754631418 ], [ -75.763962765769008, -9.237848216921634 ], [ -75.763790264109389, -9.217098119782349 ], [ -75.77506748467664, -9.219730188097628 ], [ -75.796127269657745, -9.202670438290056 ], [ -75.802451882348464, -9.151775640833137 ], [ -75.821520054806626, -9.118965409326108 ], [ -75.825017223266229, -9.090050847568534 ], [ -75.837873568810096, -9.084892707732251 ], [ -75.837876497002696, -9.061944494842521 ], [ -75.860035962189841, -9.050056112099867 ], [ -75.891470712103626, -9.003024221190799 ], [ -75.894504179324372, -8.983714084337464 ], [ -75.88376730561663, -8.972732544671146 ], [ -75.903120728638669, -8.915495256001236 ], [ -75.901273486981779, -8.898151118079568 ], [ -75.910511404877411, -8.896327507908097 ], [ -75.927882819236686, -8.844538028007548 ], [ -75.921646531662077, -8.780808465138534 ], [ -75.947823661432778, -8.720669965346588 ], [ -75.891321252873468, -8.660217377330071 ], [ -75.853494148835864, -8.649162002424418 ], [ -75.833668974743375, -8.652161504050127 ], [ -75.816801342607846, -8.636021221102453 ], [ -75.817722816754554, -8.617258149943609 ], [ -75.795070015868475, -8.592992677569953 ], [ -75.77826027399243, -8.546410834392475 ], [ -75.782160235306549, -8.525440042723744 ], [ -75.799222472638974, -8.512155830327288 ], [ -75.783369192134444, -8.505240426004832 ], [ -75.78454889941213, -8.494325821979032 ], [ -75.770134011675282, -8.498087726567292 ], [ -75.760690185903343, -8.48738544258407 ], [ -75.716461027654248, -8.48689488668964 ], [ -75.707171211682009, -8.443740740242902 ], [ -75.687319318731511, -8.423294342359952 ], [ -75.64511998519913, -8.408894976022282 ], [ -75.61807960968622, -8.408322850718946 ], [ -75.597749485150587, -8.412948600897153 ], [ -75.583463886648985, -8.441186227662229 ], [ -75.572289447799733, -8.444581835683096 ], [ -75.546419555218279, -8.432394197234373 ], [ -75.52726538059278, -8.439973818337023 ], [ -75.510835057292013, -8.432044585788958 ], [ -75.477001709361332, -8.435366971008875 ], [ -75.457594390868394, -8.449801355148395 ], [ -75.419564568849751, -8.451533549233886 ], [ -75.419405845703182, -8.443209934290962 ], [ -75.449575438355737, -8.420988074140269 ], [ -75.463816437678418, -8.393838564098417 ], [ -75.477181321061096, -8.386368508299995 ], [ -75.482673970926953, -8.345476889746635 ], [ -75.498822259639553, -8.345887670379625 ], [ -75.510053660647884, -8.334816901778538 ], [ -75.49384411011755, -8.328650976261486 ], [ -75.491340359769765, -8.312145725944447 ], [ -75.502877235296125, -8.289411851175942 ], [ -75.488445485270915, -8.26409697609455 ], [ -75.471679734632005, -8.252567100890928 ], [ -75.455558673793746, -8.211322153994161 ], [ -75.437682860275743, -8.194973475645327 ], [ -75.439238860085311, -8.17487460098198 ], [ -75.429781110110127, -8.166522725743164 ], [ -75.398131485179874, -8.168468725551179 ], [ -75.376146984895399, -8.138777100982395 ], [ -75.345537735278242, -8.129410350707076 ], [ -75.323525984636433, -8.139309851268592 ], [ -75.287892235338347, -8.125490725716361 ], [ -75.247284110073565, -8.154772476168773 ], [ -75.235406235009691, -8.150501851179456 ], [ -75.23568273517003, -8.14010072586774 ], [ -75.212404984602301, -8.12393197578001 ], [ -75.212493485086213, -8.100482476285208 ], [ -75.189321484898585, -8.079044226010183 ], [ -75.195902860328715, -8.052686226388175 ], [ -75.185697360045083, -8.01844260144486 ], [ -75.149434734625288, -8.001818851059056 ], [ -75.144109859582329, -7.979091725702517 ], [ -75.092217358744051, -7.973675725953967 ], [ -75.033349609097115, -7.950054725744963 ], [ -75.005531233679449, -7.970152351249965 ], [ -74.982259734299248, -7.9689863514389 ], [ -74.953404733741422, -8.012707476368917 ], [ -74.887928109194831, -8.084199476324727 ], [ -74.840384734268014, -8.058351600945571 ], [ -74.779025983961958, -8.04237635078789 ], [ -74.727944483650958, -7.9810089759834 ], [ -74.711275358870694, -7.979002351077611 ], [ -74.668440484340863, -7.945642101401802 ], [ -74.627984233885229, -7.939828101285798 ], [ -74.610144484080649, -7.913982476010403 ], [ -74.598174359259247, -7.864730476430282 ], [ -74.569745109449229, -7.815980475718334 ], [ -74.515609608596549, -7.777825226153197 ], [ -74.524341484272043, -7.75713385114625 ], [ -74.558935234173703, -7.747465226339102 ], [ -74.5820839841885, -7.706013725852699 ], [ -74.583455233572124, -7.685068600835223 ], [ -74.570820483678347, -7.66848822565106 ], [ -74.576227108893931, -7.637229850776919 ], [ -74.608795108907088, -7.608782101013105 ], [ -74.643144359224777, -7.562285100776705 ], [ -74.642902108845192, -7.500086476309775 ], [ -74.616073859121286, -7.435037600804606 ], [ -74.579521358823627, -7.409929476264267 ], [ -74.566011359036963, -7.359707725131386 ], [ -74.534690233967069, -7.31820359991616 ], [ -74.535522858692957, -7.293768849952414 ], [ -74.500091233823355, -7.262049475402932 ], [ -74.472044983688988, -7.275466475397479 ], [ -74.463520858600702, -7.298596849564888 ], [ -74.444447233552921, -7.307129225033634 ], [ -74.431321359393166, -7.301594850222102 ], [ -74.413827234339351, -7.314896850309367 ], [ -74.370177984126656, -7.317272100127298 ], [ -74.361566858623576, -7.336606724620594 ], [ -74.344313483880114, -7.344729600090943 ], [ -74.284036859013781, -7.35420222485277 ], [ -74.253658984274693, -7.343682475365881 ], [ -74.233726609195628, -7.360015599939913 ], [ -74.180856859156677, -7.358747224904448 ], [ -74.141636484036496, -7.377771726284095 ], [ -74.132936858948824, -7.400802351247478 ], [ -74.039109482816343, -7.448879475607271 ], [ -74.036473857682324, -7.48124447615163 ], [ -74.018373108432172, -7.491445351221955 ], [ -74.012091858352562, -7.513884725899345 ], [ -73.983033233297022, -7.534361350895608 ], [ -73.978568358343011, -7.561470725993161 ], [ -73.95840423336864, -7.564437476108594 ], [ -73.889023482747518, -7.603552725877535 ], [ -73.900458983095575, -7.640228475563674 ], [ -73.868064482989439, -7.675296725763246 ], [ -73.855376983361054, -7.677589851290577 ], [ -73.839179732858327, -7.666871100720698 ], [ -73.836060607910667, -7.692230476055556 ], [ -73.822464982772715, -7.70051560091423 ], [ -73.817755858246244, -7.717259725555834 ], [ -73.801760108042515, -7.713720851036385 ], [ -73.741415982761339, -7.733287226324364 ], [ -73.734088983020115, -7.744752476245708 ], [ -73.714799232898258, -7.742385975931995 ], [ -73.711717357869759, -7.76090522559565 ], [ -73.688480108270369, -7.767135476021338 ], [ -73.676187857983223, -7.800530351394571 ], [ -73.682823983240212, -7.81789397582628 ], [ -73.678159733085181, -7.857964100562754 ], [ -73.703574233264192, -7.875956976133523 ], [ -73.720908233128398, -7.872396475616824 ], [ -73.735451107882284, -7.878810601428086 ], [ -73.758267607863786, -7.870671851124996 ], [ -73.761542982822334, -7.860599600690989 ], [ -73.765824233301714, -7.866216850727028 ], [ -73.755224607829348, -7.892328100661246 ], [ -73.772255858121298, -7.909164100942462 ], [ -73.740302732684938, -7.929673850667655 ], [ -73.747886732586608, -7.947373101187623 ], [ -73.73047660780918, -7.952628850740837 ], [ -73.72678323335947, -7.965845726399095 ], [ -73.705634732956526, -7.954703101067196 ], [ -73.699867233186239, -7.976320350603658 ], [ -73.681099607860574, -7.983867225591951 ], [ -73.68166410781231, -7.996751976222697 ], [ -73.668022983274, -8.013148101003992 ], [ -73.639248482831192, -8.006529475654759 ], [ -73.616851233297723, -8.034250226067059 ], [ -73.626252858382657, -8.057459726185357 ], [ -73.58447110795521, -8.128678476130744 ], [ -73.595694733425148, -8.164560851102351 ], [ -73.588790858411357, -8.196974601196814 ], [ -73.571412108282118, -8.223660100633083 ], [ -73.587386358393701, -8.240860975653447 ], [ -73.562992232605438, -8.245497851344737 ], [ -73.526261983104007, -8.270785726080362 ], [ -73.537613358169892, -8.29677347571527 ], [ -73.526433107901596, -8.321132600788872 ], [ -73.542259733399931, -8.349650351082801 ], [ -73.521820358322827, -8.360134725736941 ], [ -73.519867358192016, -8.372984350647243 ], [ -73.485294733365208, -8.384223100915335 ], [ -73.441311358032692, -8.425401101379691 ], [ -73.421691357969735, -8.434689475738651 ], [ -73.40671485800425, -8.431290976397406 ], [ -73.388115233231417, -8.470240226605142 ], [ -73.376152357845001, -8.46376172732181 ], [ -73.371606357747169, -8.472651602189615 ], [ -73.33183073310181, -8.474035352149713 ], [ -73.328813358349748, -8.523062227140031 ], [ -73.335202983031195, -8.533042226917189 ], [ -73.341041608383478, -8.616783851993148 ], [ -73.336509233014681, -8.620963727294111 ], [ -73.319275233265387, -8.610905976629454 ], [ -73.311875107849914, -8.631906227390459 ], [ -73.300093732739526, -8.631960977217261 ], [ -73.284878108437908, -8.664328226966063 ], [ -73.265690482629623, -8.671330477019865 ], [ -73.255472107651599, -8.690215727373868 ], [ -73.204517482795552, -8.687747101847208 ], [ -73.167241483307748, -8.698297726858584 ], [ -73.135977483174258, -8.739122227208952 ], [ -73.140551732776203, -8.7496112270764 ], [ -73.134633233237082, -8.766723101589832 ], [ -73.114648483440703, -8.784412726665948 ], [ -73.112013733347055, -8.819297602402401 ], [ -73.095794232717651, -8.836403976662154 ], [ -73.077707858231008, -8.842191602360515 ], [ -73.080041482928038, -8.860324852210113 ], [ -73.071079858348753, -8.862425226942605 ], [ -73.058885983101618, -8.905773726776033 ], [ -73.037101358041184, -8.91617972731251 ], [ -73.019276483023248, -8.911298227031523 ], [ -72.999692607827569, -8.91751610188652 ], [ -72.967979606773383, -8.981012976867362 ], [ -72.941138482355029, -8.984486226957756 ], [ -72.963070607022871, -9.012099101891977 ], [ -72.946534232069098, -9.032989477082651 ], [ -72.943056981794257, -9.053528602263157 ], [ -72.949822231710584, -9.070244102383356 ], [ -72.939994106742574, -9.093248102018265 ], [ -72.946479607248023, -9.120346101591281 ], [ -72.960075857414836, -9.133128602003353 ], [ -72.958197357122287, -9.14302422738615 ], [ -72.990158732939108, -9.162032352111339 ], [ -73.003674858008253, -9.160591977237914 ], [ -73.011784857884834, -9.174130726551766 ], [ -73.026124358152572, -9.177856726606592 ], [ -73.012292232900165, -9.195047977082424 ], [ -73.003342857986468, -9.19544735161395 ], [ -73.009298108320991, -9.222364726850628 ], [ -73.023709608311719, -9.220429351633243 ], [ -73.036394107801812, -9.234751602004792 ], [ -73.06259685835829, -9.227099101642182 ], [ -73.073517608350926, -9.23460747665365 ], [ -73.094361358190099, -9.269279351560783 ], [ -73.107328233111446, -9.275348226739254 ], [ -73.10143360787464, -9.308117227028333 ], [ -73.131406232811344, -9.31831685204105 ], [ -73.133796858338314, -9.33056447706889 ], [ -73.148093733438998, -9.336722601866541 ], [ -73.148366108409164, -9.354101101984213 ], [ -73.169379232965184, -9.360389227380892 ], [ -73.176665982648956, -9.355005852338195 ], [ -73.188759732775395, -9.363222601741654 ], [ -73.186323982865474, -9.396940101704274 ], [ -73.203453108174358, -9.405769477379408 ], [ -73.200439482695913, -9.41139647696582 ], [ -72.716294606910537, -9.412241977285362 ], [ -72.711582482245717, -9.430004227113329 ], [ -72.698931481602528, -9.429221601995266 ], [ -72.695145982401129, -9.439364602094656 ], [ -72.682638857097515, -9.43345447704246 ], [ -72.655020231898163, -9.452045352311131 ], [ -72.643322607052653, -9.442199977446933 ], [ -72.627818232025732, -9.442364851956313 ], [ -72.61995460681959, -9.453461601971298 ], [ -72.576779606893297, -9.455868227336794 ], [ -72.577342731781584, -9.46417522730485 ], [ -72.567831232025696, -9.459951351773441 ], [ -72.561323232281325, -9.472513476915367 ], [ -72.557021106738659, -9.465864726975497 ], [ -72.54214435687652, -9.467021852276616 ], [ -72.519534732441912, -9.491281352252543 ], [ -72.500938356919619, -9.480453602052023 ], [ -72.454619231792094, -9.489768976756807 ], [ -72.440783607277638, -9.47703347671353 ], [ -72.426466732153926, -9.485695601870475 ], [ -72.407492232180743, -9.477153601857196 ], [ -72.386403606840929, -9.492346976931401 ], [ -72.356876231752665, -9.494598477337831 ], [ -72.340496981850208, -9.506921602250088 ], [ -72.342475607263452, -9.520527351955707 ], [ -72.318585607239925, -9.543794352927023 ], [ -72.300479981865635, -9.533249978203912 ], [ -72.282899982348283, -9.539949977809158 ], [ -72.288209981705279, -9.603159978050485 ], [ -72.268429982357759, -9.620759977590865 ], [ -72.252819981956577, -9.616329978345789 ], [ -72.260309982020033, -9.641759978340303 ], [ -72.245389981962035, -9.658739978067501 ], [ -72.2629551066928, -9.750855477598179 ], [ -72.245623106920789, -9.750833978405353 ], [ -72.214869106923686, -9.778816353292029 ], [ -72.186912107307876, -9.778206978069534 ], [ -72.151361107329194, -9.797416353082156 ], [ -72.162833356674014, -9.830402102574908 ], [ -72.154304732277524, -9.835257852567793 ], [ -72.148201232301005, -9.872228478261604 ], [ -72.135935357330823, -9.874871602842177 ], [ -72.150711732060756, -9.905741852804226 ], [ -72.165329481670199, -9.908964228016657 ], [ -72.174337481589475, -9.930933852615169 ], [ -72.155827232340869, -9.942233227981035 ], [ -72.162049732409173, -9.953577477718397 ], [ -72.149986731902118, -9.966336977969092 ], [ -72.158847357219713, -9.979176478311786 ], [ -72.177169981809186, -9.985498102555368 ], [ -72.180404356675695, -9.999671853273355 ], [ -71.375044855735439, -10.000144477585536 ], [ -71.360007855677964, -9.983740228328827 ], [ -71.350066355877573, -9.985185603432797 ], [ -71.34276373136106, -9.966773478313314 ], [ -71.312408230855112, -9.991638728344583 ], [ -71.298190230794489, -9.992199103106088 ], [ -71.291054730891062, -9.981927728381891 ], [ -71.253998105727931, -9.976558603097033 ], [ -71.253212856388188, -9.962925728039863 ], [ -71.220519480989196, -9.969677728244505 ], [ -71.209388731204967, -9.965052728100886 ], [ -71.205093730990825, -9.946380852694176 ], [ -71.192574231015897, -9.941763727913667 ], [ -71.189429730797372, -9.920914102803579 ], [ -71.178763730861476, -9.918119103413858 ], [ -71.171181606046218, -9.89052735265517 ], [ -71.139740230826931, -9.857015603187506 ], [ -71.102239980890374, -9.853189978035005 ], [ -71.076919980572598, -9.827699977971577 ], [ -71.058589980643035, -9.824749977729255 ], [ -71.051219980717519, -9.815839977832638 ], [ -70.993909980960836, -9.817209978057974 ], [ -70.992429981058763, -9.795039978212401 ], [ -70.963367355818775, -9.748912477928457 ], [ -70.923827481253227, -9.741298228430423 ], [ -70.897804855909328, -9.714134102606693 ], [ -70.86850210628711, -9.664808728240189 ], [ -70.838699605202578, -9.656670352954393 ], [ -70.835770105006304, -9.643008103341231 ], [ -70.799177729668429, -9.641922227728571 ], [ -70.786146980398769, -9.614269477754135 ], [ -70.765691479578095, -9.60697122843942 ], [ -70.767752855210063, -9.600692602581489 ], [ -70.757581979724534, -9.604726853361569 ], [ -70.759532729751641, -9.584044102852999 ], [ -70.750270979821835, -9.560103728204467 ], [ -70.738319729971522, -9.55900522790887 ], [ -70.729796729935117, -9.570255727819529 ], [ -70.714758104802684, -9.547148602925631 ], [ -70.679718855041074, -9.534458728187701 ], [ -70.666119729741695, -9.519420227161731 ], [ -70.663202980133406, -9.526011478047224 ], [ -70.65137947987904, -9.512371726773722 ], [ -70.65295247957323, -9.500266727027793 ], [ -70.635781480031255, -9.501631852028311 ], [ -70.631902855132637, -9.48019097663223 ], [ -70.62329872995241, -9.470587352124539 ], [ -70.615989730141905, -9.476127602207043 ], [ -70.611541855072517, -9.457426102232773 ], [ -70.596351855153955, -9.459090726655688 ], [ -70.595805605144506, -9.442496101713687 ], [ -70.57080960537894, -9.440389351687202 ], [ -70.561914105251731, -9.430011227436125 ], [ -70.549689230373644, -9.435655476918669 ], [ -70.546489980328317, -9.427878352104244 ], [ -70.538530730209004, -9.438360476654623 ], [ -70.526722229747065, -9.428892727117614 ], [ -70.526019729726727, -9.438308476954603 ], [ -70.506537979743939, -9.423690602339377 ], [ -70.496289855192629, -9.425147227062837 ], [ -70.494416980159485, -9.432898351577592 ], [ -70.497226230206309, -9.442392102313647 ], [ -70.511557980116663, -9.447750227091262 ], [ -70.504777355390615, -9.463339477434886 ], [ -70.524902355359359, -9.461199226762858 ], [ -70.505699229735626, -9.504601602282094 ], [ -70.513716854848951, -9.49280285226979 ], [ -70.521920604552236, -9.505466851713777 ], [ -70.531516854619099, -9.503547727245746 ], [ -70.530979480018971, -9.515523602332337 ], [ -70.544333979829275, -9.514089851865151 ], [ -70.54212885476278, -9.537699353342418 ], [ -70.570620979774333, -9.532917228147539 ], [ -70.564004480422398, -9.540710852823565 ], [ -70.569078479688073, -9.554349728157376 ], [ -70.554140729710866, -9.565065977712663 ], [ -70.557834605082917, -9.574117977862329 ], [ -70.575045479665107, -9.564010727612924 ], [ -70.588440729555998, -9.566649102873725 ], [ -70.589090229830219, -9.548869853161136 ], [ -70.600415354584925, -9.562995727570751 ], [ -70.585649980362291, -9.575579977833684 ], [ -70.588039979961081, -9.59832997834576 ], [ -70.598239979991035, -9.607619977779677 ], [ -70.584699979720256, -9.640839978182385 ], [ -70.566629980089488, -9.667409977688294 ], [ -70.553019980187912, -9.668179978123419 ], [ -70.542559979859163, -9.679939978147445 ], [ -70.525229980179404, -9.714979977943585 ], [ -70.54591998012296, -9.778799978436211 ], [ -70.559629980139448, -9.789469977657291 ], [ -70.577769980300332, -9.777789977725263 ], [ -70.590899979650317, -9.802979978343274 ], [ -70.60815997969928, -9.801139978027493 ], [ -70.623379980101959, -9.820539977837655 ], [ -70.61380449358245, -9.873393333235697 ], [ -70.639539325079738, -9.884375987162059 ], [ -70.633479238076347, -9.898958457266929 ], [ -70.650894479996225, -9.931955102945608 ], [ -70.648521480282056, -9.951576228060446 ], [ -70.667627480923443, -9.970693103304029 ], [ -70.656892854621503, -9.99972947823278 ], [ -70.672318354608365, -10.023134728384946 ], [ -70.652058551660787, -10.040059991775138 ], [ -70.660031606373479, -10.051465853166519 ], [ -70.644541824645444, -10.068740454608246 ], [ -70.649899782149191, -10.079474573692551 ], [ -70.698173855339121, -10.118031227559072 ], [ -70.708231480098675, -10.136840227994071 ], [ -70.706443356275827, -10.16135747816503 ], [ -70.75069335631332, -10.191011727808927 ], [ -70.803201334274092, -10.251154409448418 ], [ -70.866853941256352, -10.253047208062128 ], [ -70.880833274735778, -10.261970186974509 ], [ -70.873992585189626, -10.300695979935483 ], [ -70.889458820867844, -10.335138613156403 ], [ -70.968012006149138, -10.335551372297971 ], [ -70.95841480190154, -10.389576781743017 ], [ -71.004972459611281, -10.430818518959427 ], [ -71.000639370410568, -10.442222316406742 ], [ -71.024533481235153, -10.478200103152176 ], [ -71.078505855860499, -10.50137097828798 ], [ -71.12851435525323, -10.504735852877275 ], [ -71.146800147208978, -10.530984022794371 ], [ -71.164570856060095, -10.531261478034764 ], [ -71.165293106091951, -10.569643853181219 ], [ -71.196212855638748, -10.579861353118929 ], [ -71.220802730561502, -10.636734353407633 ], [ -71.20629098134367, -10.652160104305324 ], [ -71.231312653156351, -10.685238530733557 ], [ -71.227814846178148, -10.702813229646779 ], [ -71.215536826763127, -10.714948481687031 ], [ -71.224602573050277, -10.730652924392928 ], [ -71.21874909899168, -10.760205830334769 ], [ -71.228865855974448, -10.764998227586091 ], [ -71.221563772849777, -10.776698440680434 ], [ -71.245053635716658, -10.776529080352702 ], [ -71.258723325421101, -10.784934502125509 ], [ -71.271473855833733, -10.819046853029818 ], [ -71.272727011642246, -10.852818727802003 ], [ -71.294713716165006, -10.876298704421629 ], [ -71.308336981066759, -10.877813854325893 ], [ -71.31730485593431, -10.90956510444596 ], [ -71.336126462166476, -10.916788299940038 ], [ -71.355218106030748, -10.950616728579121 ], [ -71.393455105768453, -10.947333979179746 ], [ -71.412941355958765, -10.958068353671536 ], [ -71.448230231439993, -10.959054104163556 ], [ -71.47250948142738, -10.953692604230241 ], [ -71.485951355770396, -10.963790228136475 ], [ -71.508132481129053, -10.96609222907307 ], [ -71.527148856234703, -10.961727104222462 ], [ -71.531977105858687, -10.952138478607878 ], [ -71.558853606009052, -10.964802728962752 ], [ -71.66171910575207, -10.983183852652644 ], [ -71.680722856174839, -10.971558104323037 ], [ -71.693555856217756, -10.979740853957196 ], [ -71.701693982391362, -10.97383860426811 ], [ -71.716002606235236, -10.997850227705783 ], [ -71.729282856218788, -10.983675728751848 ], [ -71.751144481232757, -10.993751979370302 ], [ -71.780228480659844, -10.987814478954988 ], [ -71.80895310739993, -10.993828104283523 ], [ -71.828462500743797, -11.011867836331533 ], [ -71.847008489050495, -10.995678519647925 ], [ -71.923332461823634, -10.996097478715626 ], [ -71.938376580914451, -11.003895174622585 ], [ -72.010832571366052, -10.98774686972223 ], [ -72.043698729013101, -10.996919693788811 ], [ -72.054413107079199, -11.011073603663817 ], [ -72.104709859872116, -10.99293072207513 ], [ -72.125034590274083, -10.995623520708875 ], [ -72.127930211210241, -10.979842446771443 ], [ -72.152863230553635, -10.994214854132167 ], [ -72.158250227166207, -11.005287898917345 ], [ -72.173537628158954, -10.995526064776016 ], [ -72.185254032647435, -11.008834820570485 ], [ -72.17532435713332, -11.024831979112491 ], [ -72.176484595887359, -11.038993855182241 ], [ -72.193061296441613, -11.049676616682461 ], [ -72.182508606586907, -11.057798853634154 ], [ -72.183299462300283, -11.092591850133715 ], [ -72.17877059698543, -11.097550906149365 ], [ -72.14815084598473, -11.087776178427873 ], [ -72.123246106722434, -11.103591853780983 ], [ -72.120246230978751, -11.118105478984603 ], [ -72.135323689736481, -11.135682358753797 ], [ -72.166996177231738, -11.142218244676201 ], [ -72.17647958936152, -11.15911162620057 ], [ -72.184318654082574, -11.155543226938335 ], [ -72.187935434172914, -11.163728572915261 ], [ -72.193855605551732, -11.156662320809403 ], [ -72.206780765419921, -11.17229463339055 ], [ -72.186523480574124, -11.184888729431293 ], [ -72.199407732081113, -11.197810854087606 ], [ -72.197060605862248, -11.227861354018216 ], [ -72.205178987420311, -11.239896391904892 ], [ -72.199412857317498, -11.26423523007179 ], [ -72.218884683281487, -11.296860688669824 ], [ -72.204623356582601, -11.347432729336958 ], [ -72.246021107288243, -11.346160604128556 ], [ -72.255042856942282, -11.329861354317984 ], [ -72.280060606811503, -11.339605479009606 ], [ -72.283751982068281, -11.316890605117294 ], [ -72.307708981584199, -11.306999979065722 ], [ -72.315001981556179, -11.321775228743775 ], [ -72.338294981028525, -11.317080103963576 ], [ -72.361023482347775, -11.333863228605082 ], [ -72.381164107137806, -11.334023478800475 ], [ -72.387095357264911, -11.347660729958648 ], [ -72.393436482407708, -11.342101103982714 ], [ -72.396501856675286, -11.34976447894752 ], [ -72.3993268574485, -11.343152979826129 ], [ -72.403383981585421, -11.35711247875787 ], [ -72.423594356894, -11.355173979295671 ], [ -72.425127107430001, -11.368487354008153 ], [ -72.449845481983346, -11.371477604307927 ], [ -72.449033982332367, -11.385767729097381 ], [ -72.464856856758502, -11.390606229194077 ], [ -72.469364731896803, -11.385256978926407 ], [ -72.474338481935376, -11.392349228633975 ], [ -72.481115357387807, -11.387555853819549 ], [ -72.487516606705981, -11.393340980301957 ], [ -72.48221223170907, -11.398119354424637 ], [ -72.493061356996009, -11.404009728566052 ], [ -72.498951607031017, -11.395023979672885 ], [ -72.501214982085742, -11.40901860432507 ], [ -72.509821982398535, -11.41150935407336 ], [ -72.507427481692901, -11.421106980102991 ], [ -72.518054106611714, -11.418019979838164 ], [ -72.516669231599735, -11.431964478977477 ], [ -72.533633358292832, -11.439205980171778 ], [ -72.535066356926791, -11.425396229152625 ], [ -72.53631648201997, -11.434801479404712 ], [ -72.548847356620172, -11.436888354413952 ], [ -72.547125982278203, -11.448313230171379 ], [ -72.55366535667082, -11.43207985390211 ], [ -72.581817982214091, -11.439123979088322 ], [ -72.580820857096853, -11.430797604126099 ], [ -72.59614373184769, -11.440037979868805 ], [ -72.591041732190149, -11.432094103659892 ], [ -72.600315106756739, -11.418532854207797 ], [ -72.609538856732797, -11.439938353871867 ], [ -72.607511231757883, -11.429252228907217 ], [ -72.624329857137184, -11.425612605137587 ], [ -72.617166981870696, -11.417784978893621 ], [ -72.631891606912063, -11.415674354587736 ], [ -72.634218232185617, -11.405054729092456 ], [ -72.645569107228482, -11.412765853561268 ], [ -72.665694982237596, -11.385909355232513 ], [ -72.692302231662609, -11.395698104284065 ], [ -72.698617482410839, -11.380408479267885 ], [ -72.709735606612924, -11.378812979435395 ], [ -72.712378232069739, -11.347352979256527 ], [ -72.717679731934027, -11.362110729926201 ], [ -72.723263732235409, -11.35075310367273 ], [ -72.738237607079839, -11.347429354181315 ], [ -72.763349231781604, -11.371610229128748 ], [ -72.794975482432505, -11.384556604004047 ], [ -72.789457856594765, -11.368602228909708 ], [ -72.79703623213635, -11.364430728994876 ], [ -72.799728607189422, -11.385570353988612 ], [ -72.816198106757156, -11.375083604224926 ], [ -72.822679607977477, -11.389608854964649 ], [ -72.842463731615908, -11.386840479104762 ], [ -72.833968982882197, -11.374300729095353 ], [ -72.844414856660251, -11.373348979271952 ], [ -72.844438606856158, -11.363283854166468 ], [ -72.852861981795002, -11.365282603709147 ], [ -72.859167482992916, -11.3554316035856 ], [ -72.877061107583984, -11.364306978684056 ], [ -72.876180608348363, -11.355288979202953 ], [ -72.887234357279738, -11.356499355161077 ], [ -72.890366106910278, -11.343175354059269 ], [ -72.894683857274174, -11.358259855407937 ], [ -72.919886481675746, -11.343638603838428 ], [ -72.926372483103592, -11.348252979391418 ], [ -72.920924231867787, -11.35544310501524 ], [ -72.932839856873841, -11.350383979636888 ], [ -72.920794482179588, -11.333835604129774 ], [ -72.924352606687421, -11.327405229367798 ], [ -72.944736981926155, -11.33991385384121 ], [ -72.949518107974257, -11.330499854084962 ], [ -72.961674607397185, -11.334854729362235 ], [ -72.964900106854429, -11.329498478771711 ], [ -72.950927608222514, -11.324632479205491 ], [ -72.959512483414358, -11.314196479084217 ], [ -72.944425356944635, -11.309869104175789 ], [ -72.940445106856146, -11.322688728601918 ], [ -72.932461858328054, -11.307346853874151 ], [ -72.955555606705843, -11.304616353861604 ], [ -72.952824982586833, -11.293277729383647 ], [ -72.935631982030316, -11.290824853684001 ], [ -72.94518885797936, -11.275436728622083 ], [ -72.956272857406418, -11.27286810477915 ], [ -72.955879483151591, -11.263380729337143 ], [ -72.96793548333585, -11.266226979291616 ], [ -72.975483231565818, -11.22435160404325 ], [ -72.966180482443292, -11.217323728707072 ], [ -72.977061608306542, -11.212293478761012 ], [ -73.015722107789031, -11.231369151565048 ], [ -73.025550725585504, -11.264160997332112 ], [ -73.065040982755136, -11.284354978899103 ], [ -73.082137291802553, -11.273284212995975 ], [ -73.131661982914125, -11.293927478770058 ], [ -73.184967933823032, -11.285903090754971 ], [ -73.193728232571857, -11.293155479142001 ], [ -73.205995232593864, -11.290195729349364 ], [ -73.213187980640782, -11.2990823738524 ], [ -73.237131733142917, -11.299513479163693 ], [ -73.255998857661098, -11.312535228917625 ], [ -73.341704609280271, -11.310995851277482 ], [ -73.352955233297337, -11.334178353747973 ], [ -73.378660483394526, -11.350740729001416 ], [ -73.386262483226972, -11.371270228738013 ], [ -73.413910732993884, -11.387229479057169 ], [ -73.44975860817317, -11.368082979246026 ], [ -73.467868857861447, -11.34365122942063 ], [ -73.479534108012615, -11.353973103775672 ], [ -73.484561482826109, -11.350264103605468 ], [ -73.484128857660608, -11.318531229332734 ], [ -73.459194233027404, -11.300924103564455 ], [ -73.463230608006143, -11.284408978691374 ], [ -73.449811607919344, -11.23676797875919 ], [ -73.475186483069706, -11.128355853639675 ], [ -73.466780608038619, -11.11907247861194 ], [ -73.471080982601222, -11.088492603550776 ], [ -73.482603483364016, -11.065242229245428 ], [ -73.542578732822221, -11.047424478656694 ], [ -73.54099285843364, -11.022098103944302 ], [ -73.553011607799419, -11.014051604298061 ], [ -73.558779107569706, -10.974962728946764 ], [ -73.572577108047085, -10.95449997869099 ], [ -73.564258982565946, -10.934033479161712 ], [ -73.560898358172665, -10.859255978780368 ], [ -73.610396233299468, -10.846573854399821 ], [ -73.666568357743472, -10.802639603634759 ], [ -73.668029482674456, -10.791113228592565 ], [ -73.731742482729373, -10.753818479139454 ], [ -73.742116107672189, -10.734008229296307 ], [ -73.781986358083941, -10.750624979359259 ], [ -73.778368107602034, -10.774528604111765 ], [ -73.786939483070626, -10.794138728719304 ], [ -73.814216857821691, -10.799896478939331 ], [ -73.822157732992935, -10.836072103944389 ], [ -73.816012357883949, -10.857368228960524 ], [ -73.82077435805013, -10.879013728900418 ], [ -73.813004982693769, -10.88924110429349 ], [ -73.826748608361527, -10.911353604185422 ], [ -73.823660233033308, -10.921578603569628 ], [ -73.855748108388468, -10.956965604079301 ], [ -73.862201733323275, -10.97877497938174 ], [ -73.865646983021804, -11.098680478920926 ], [ -73.852695507191868, -11.164261616380429 ], [ -73.863060233343049, -11.169124354105634 ], [ -73.89061398324867, -11.169652979201601 ], [ -73.916487232999373, -11.143101978773245 ], [ -73.954551482864588, -11.150398853923946 ], [ -73.975926732932351, -11.125498479071496 ], [ -73.983717733386641, -11.09244122897951 ], [ -73.978837983186338, -11.069038478942616 ], [ -74.007201857679547, -10.991308479102997 ], [ -74.061358357702034, -10.995744978647792 ], [ -74.102906234035459, -10.98640447868371 ], [ -74.137384484006702, -10.98869397904383 ], [ -74.15565273378661, -10.998760979235783 ], [ -74.190869983662765, -10.985997103783291 ], [ -74.202767358726589, -11.02101347928857 ], [ -74.256435983733638, -11.018222729195543 ], [ -74.281506859254137, -11.033125979380372 ], [ -74.316450234091008, -11.036712979320498 ], [ -74.34163423443232, -11.054772854383657 ], [ -74.373167609397626, -11.056619854122914 ], [ -74.450309734106895, -11.001866978578164 ], [ -74.496471609177377, -11.000238729034095 ], [ -74.508383734022061, -10.950299729249082 ], [ -74.562363483987554, -10.913682478663418 ], [ -74.569960233577888, -10.915207853859329 ], [ -74.56923223418022, -10.904035853971436 ], [ -74.547996109232997, -10.890996604309805 ], [ -74.506712484293701, -10.89951522914447 ], [ -74.487083108798402, -10.889033478712008 ], [ -74.484542109430777, -10.855873229266081 ], [ -74.4919282342006, -10.844609978767437 ], [ -74.482675608792249, -10.83539122902198 ], [ -74.467302484422078, -10.836658854022858 ], [ -74.431056358863827, -10.812957228693108 ], [ -74.386764858711217, -10.813115853813542 ], [ -74.37439648441017, -10.788568354046276 ], [ -74.385212609074586, -10.764484979098484 ], [ -74.383899858791438, -10.747480479140734 ], [ -74.359716233717165, -10.759411978979585 ], [ -74.350299108816785, -10.754733854084066 ], [ -74.337021483954288, -10.733857478639663 ], [ -74.316442858750918, -10.725930604114069 ], [ -74.317161983638584, -10.715499604223282 ], [ -74.287573984351866, -10.684307478807057 ], [ -74.286881108876059, -10.670412104235197 ], [ -74.258920484093039, -10.680431979052571 ], [ -74.252809358764864, -10.659479978718025 ], [ -74.22757810894251, -10.651839853926049 ], [ -74.229664983951807, -10.634598353830938 ], [ -74.203680608573166, -10.630143854355367 ], [ -74.192755109260872, -10.639176103594252 ], [ -74.159855734254677, -10.640591354107642 ], [ -74.156720983586467, -10.650095479422816 ], [ -74.140454109369614, -10.65676585356124 ], [ -74.136223859443533, -10.671690978855565 ], [ -74.130981483708467, -10.654742478782339 ], [ -74.139401859408224, -10.625197478780592 ], [ -74.134104483834847, -10.59910797895003 ], [ -74.182350108770493, -10.503330727830757 ], [ -74.178719358611488, -10.488645352800745 ], [ -74.225772484312643, -10.443874478024668 ], [ -74.239290733580447, -10.441185728138805 ], [ -74.252883608591617, -10.41713672797755 ], [ -74.244240984333942, -10.410445977899542 ], [ -74.242004608725665, -10.38316510298705 ], [ -74.262742359072547, -10.363661102877529 ], [ -74.236914108699125, -10.321605728321686 ], [ -74.252194984211087, -10.305131102618247 ], [ -74.234370859227738, -10.295435353358812 ], [ -74.227157734341915, -10.277329727984522 ], [ -74.22639510924688, -10.230497602582261 ], [ -74.235170609236206, -10.218259853009783 ], [ -74.230606734213382, -10.186316603028786 ], [ -74.245427484190998, -10.176653227564373 ], [ -74.302873233912578, -10.164837727678957 ], [ -74.315018983739094, -10.113156227577804 ], [ -74.331274109212757, -10.108545728102797 ], [ -74.355229483653716, -10.118777352792563 ], [ -74.366966734427194, -10.112896478189896 ], [ -74.389898984350623, -10.051349478195789 ], [ -74.404321858966568, -10.05060147787583 ], [ -74.418828108830098, -10.02574997757938 ], [ -74.41239848410271, -10.008240227704277 ], [ -74.424587234113517, -9.985330977942226 ], [ -74.411194234326388, -9.957568853319856 ], [ -74.416646483948057, -9.930824227955725 ], [ -74.410988858848725, -9.914670227648855 ], [ -74.433101608752224, -9.87605860272231 ], [ -74.45330085944704, -9.863636227729671 ], [ -74.447240233749767, -9.777149852883383 ], [ -74.455361359139374, -9.745982477709106 ], [ -74.474089609447901, -9.730123978438826 ], [ -74.490140358590622, -9.685195727700602 ], [ -74.494636484086413, -9.656154977570111 ], [ -74.489467484037107, -9.651963977655384 ], [ -74.497290734180012, -9.637597977964276 ], [ -74.490725858611427, -9.618784478221073 ], [ -74.493829358737855, -9.592224853294283 ], [ -74.53165385923819, -9.592102853064148 ], [ -74.574849984239336, -9.572717603034903 ], [ -74.574447233652847, -9.545777977671491 ], [ -74.593494359277202, -9.507361851867927 ], [ -74.583177734265007, -9.498438977276919 ], [ -74.581092484330668, -9.476601726588342 ], [ -74.662603484063482, -9.454945727063603 ], [ -74.709420108750976, -9.422210352425793 ], [ -74.684743859341609, -9.408870602396348 ], [ -74.672751359387689, -9.388882976568084 ], [ -74.657833983551484, -9.382013352234367 ], [ -74.654317484164551, -9.368774227348695 ], [ -74.627373983622419, -9.364775477306409 ], [ -74.625374609050937, -9.350208852356616 ], [ -74.587150233996056, -9.296607476853524 ], [ -74.589904234193, -9.267171727393247 ], [ -74.624466858558662, -9.215562477026651 ], [ -74.639564483713912, -9.159681601624584 ], [ -74.636538733575662, -9.125511227361187 ], [ -74.671864983981777, -9.110542476853766 ], [ -74.678093734338347, -9.094039101623196 ], [ -74.658399733560827, -9.071403726900428 ], [ -74.651366108858781, -9.04876835217766 ], [ -74.669163984430327, -9.020256727166156 ], [ -74.661709609211073, -9.003829601854591 ], [ -74.647874983843394, -8.995767602392903 ], [ -74.652740234274347, -8.979581977426278 ], [ -74.644310734053079, -8.918783226864377 ], [ -74.624214983634545, -8.888726601651285 ], [ -74.618308608755228, -8.832027352180489 ], [ -74.588089859159652, -8.812646477352985 ], [ -74.572874608976008, -8.792645851824545 ], [ -74.532178046179865, -8.776133164114185 ], [ -74.526597859003971, -8.754995602165252 ], [ -74.536122609370864, -8.629864976787189 ], [ -74.547134609074931, -8.584567226995887 ], [ -74.582982484254217, -8.551086727170684 ], [ -74.630328859089559, -8.550410351556422 ], [ -74.797526858677543, -8.631711727414256 ], [ -74.847370733572461, -8.661765351589679 ], [ -74.840776109329965, -8.679068976851738 ], [ -74.847978483719999, -8.691979601877051 ], [ -74.852198734084254, -8.763094352422399 ], [ -74.939901609271828, -8.857216976881944 ], [ -74.974167917815123, -8.871054506160476 ], [ -75.005002137338749, -8.869730511653756 ], [ -75.022323606948873, -8.858519274344985 ], [ -75.064714677740142, -8.882277260187379 ], [ -75.072939265634545, -8.87312019224305 ], [ -75.120831376966407, -8.879830259758648 ] ] ] } }
]
}
